,Actual pupil,Predicted pupil,residue
0,,3.3061232986099465,
1,,3.2898334542489187,
2,3.3368106,3.273356630607339,0.06345396939266124
3,3.3231223,3.2567107595674494,0.06641154043255071
4,3.3054852,3.2399164215481013,0.06556877845189879
5,3.2878134,3.222993395327795,0.06482000467220494
6,3.2743695,3.2059584942863744,0.0684110057136258
7,3.2641602,3.1888249682715273,0.07533523172847278
8,3.204205,3.1716003969629196,0.03260460303708035
9,3.10751,3.154288106895462,-0.046778106895462024
10,2.9867816,3.1368877444463226,-0.15010614444632253
11,2.874056,3.119393396714789,-0.24533739671478916
12,2.77337,3.1017937744352464,-0.3284237744352465
13,2.688155,3.0840736736818855,-0.3959186736818854
14,2.6268682,3.0662186696256133,-0.4393504696256132
15,2.6146755,3.0482175552144315,-0.43354205521443134
16,2.6037247,3.030061614249919,-0.42633691424991893
17,2.593809,3.0117463235460673,-0.4179373235460675
18,2.5847113,2.9932764963802616,-0.4085651963802617
19,2.576214,2.9746686579300308,-0.398454657930031
20,2.5680969,2.9559498970722884,-0.3878529970722884
21,2.56015,2.9371583992854857,-0.3770083992854856
22,2.5521538,2.9183439991122206,-0.3661901991122205
23,2.5438905,2.8995651751469804,-0.3556746751469806
24,2.535143,2.8808848413801273,-0.3457418413801272
25,2.525694,2.862365606026496,-0.33667160602649604
26,2.5153263,2.844067613201986,-0.3287413132019861
27,2.5038233,2.8260489153910795,-0.3222256153910794
28,2.4909675,2.8083661478472393,-0.31739864784723926
29,2.4765425,2.791075197131249,-0.314532697131249
30,2.4603305,2.774228640522931,-0.3138981405229311
31,2.442115,2.7578699591708746,-0.3157549591708748
32,2.4216785,2.7420311220109035,-0.3203526220109034
33,2.3988047,2.7267384951860114,-0.3279337951860115
34,2.3732753,2.712017321176969,-0.33874202117696894
35,2.344875,2.6978900308101084,-0.3530150308101083
36,2.3133852,2.684374315167815,-0.3709891151678151
37,2.2794473,2.6714816280727773,-0.39203432807277716
38,2.28828,2.6592154301553896,-0.37093543015538977
39,2.2850745,2.647572084068688,-0.36249758406868793
40,2.2919965,2.6514470523567564,-0.35945055235675616
41,2.2792773,2.6491274801430915,-0.36985018014309157
42,2.275602,2.646186627886869,-0.37058462788686874
43,2.2667716,2.643295187680559,-0.3765235876805586
44,2.2638385,2.6453441299740548,-0.3815056299740549
45,2.2569373,2.645483519744675,-0.38854621974467474
46,2.2579782,2.6393759061734765,-0.38139770617347635
47,2.2615912,2.636119685916559,-0.3745284859165592
48,2.2674375,2.637277744839624,-0.36984024483962363
49,2.2716446,2.637138056754315,-0.36549345675431466
50,2.2704773,2.6341158804371685,-0.36363858043716846
51,2.2689939,2.631401335930936,-0.36240743593093594
52,2.275358,2.630154207053437,-0.35479620705343695
53,2.2639062,2.629495906302946,-0.36558970630294585
54,2.2510364,2.628625314270244,-0.3775889142702442
55,2.2332447,2.628495563980488,-0.3952508639804879
56,2.220508,2.6287756420813446,-0.4082676420813445
57,2.2055576,2.6298311530730136,-0.4242735530730135
58,2.1950803,2.6315495273904435,-0.4364692273904436
59,2.186735,2.6349423872927304,-0.44820738729273035
60,2.1864612,2.6395976897961075,-0.45313648979610743
61,2.1911075,2.6447434232028955,-0.45363592320289525
62,2.1877735,2.652334895514482,-0.46456139551448183
63,2.1856744,2.659373208820862,-0.473698808820862
64,2.2011054,2.666330110009221,-0.4652247100092213
65,2.198749,2.672946113451108,-0.47419711345110827
66,2.2265112,2.6793552690731324,-0.45284406907313235
67,2.237453,2.6857559787106915,-0.4483029787106916
68,2.2505863,2.692635418058433,-0.4420491180584327
69,2.2618484,2.7007059534403792,-0.43885755344037936
70,2.2547672,2.710124979393769,-0.4553577793937693
71,2.2481427,2.7188018411043093,-0.4706591411043095
72,2.2367554,2.7267634162489154,-0.49000801624891555
73,2.2308927,2.7335331499797064,-0.5026404499797064
74,2.2276819,2.7400537825777587,-0.5123718825777588
75,2.2227032,2.746483214568418,-0.5237800145684179
76,2.234751,2.752456843011494,-0.5177058430114938
77,2.2375247,2.7581928749726785,-0.5206681749726787
78,2.2425199,2.7638985827337854,-0.5213786827337854
79,2.2443237,2.771092445591949,-0.5267687455919492
80,2.2484546,2.778872542341241,-0.530417942341241
81,2.2414322,2.787400525584859,-0.5459683255848589
82,2.232797,2.7984035406306695,-0.5656065406306694
83,2.2256458,2.8088351012066353,-0.5831893012066351
84,2.212736,2.8202414894527617,-0.6075054894527616
85,2.2138388,2.833096254924718,-0.6192574549247181
86,2.2145474,2.8440422886671173,-0.6294948886671174
87,2.2166977,2.8534617184461086,-0.6367640184461085
88,2.2324207,2.8609918444152775,-0.6285711444152775
89,2.2331793,2.8680637296731066,-0.6348844296731064
90,2.24869,2.8741560421902625,-0.6254660421902627
91,2.2584293,2.878280410476373,-0.6198511104763731
92,2.2827334,2.8807715906698617,-0.5980381906698615
93,2.2991498,2.8826800023746264,-0.5835302023746265
94,2.313059,2.884053269701202,-0.570994269701202
95,2.3134646,2.884299167171069,-0.5708345671710688
96,2.3090951,2.884366991910738,-0.575271891910738
97,2.2999322,2.8857098365052676,-0.5857776365052674
98,2.2996695,2.8880188948290897,-0.5883493948290899
99,2.2973468,2.89184214530072,-0.5944953453007198
100,2.2929633,2.895620835199802,-0.602657535199802
101,2.2993164,2.8980078356023706,-0.5986914356023707
102,2.2982156,2.8994719024393136,-0.6012563024393138
103,2.305105,2.9001157526927037,-0.5950107526927035
104,2.3030188,2.9016529841993517,-0.5986341841993519
105,2.320307,2.9037391678376316,-0.5834321678376315
106,2.3213065,2.904881513490137,-0.5835750134901372
107,2.3274722,2.9042027766767586,-0.5767305766767588
108,2.3384192,2.903207199057506,-0.564787999057506
109,2.3362591,2.9037889449545395,-0.5675298449545396
110,2.3480976,2.9047464662494433,-0.5566488662494433
111,2.3423603,2.9053359664329497,-0.5629756664329495
112,2.3440726,2.905692339734389,-0.5616197397343887
113,2.3392727,2.903552373795735,-0.5642796737957352
114,2.3386624,2.9009811233329255,-0.5623187233329254
115,2.3499298,2.8979786878819866,-0.5480488878819867
116,2.3509424,2.896745436145275,-0.545803036145275
117,2.3357632,2.89307654913425,-0.5573133491342497
118,2.3362296,2.8887482581759456,-0.5525186581759458
119,2.3356934,2.8826953221832863,-0.5470019221832865
120,2.33473,2.873816342317252,-0.539086342317252
121,2.3334253,2.8645519938143567,-0.5311266938143566
122,2.3378918,2.855297974837017,-0.5174061748370171
123,2.3392193,2.84615317012895,-0.5069338701289503
124,2.3392868,2.837569785082119,-0.4982829850821191
125,2.3363647,2.8294652879383797,-0.49310058793837985
126,2.3415222,2.8214408759291936,-0.47991867592919357
127,2.3387015,2.8136229985936607,-0.47492149859366073
128,2.3355768,2.8062228398323716,-0.4706460398323715
129,2.3369718,2.7989333593399737,-0.4619615593399735
130,2.3497272,2.791537142572825,-0.44180994257282524
131,2.3489075,2.784020243246531,-0.4351127432465307
132,2.3530405,2.7764074563196552,-0.42336695631965515
133,2.3525205,2.768687718320899,-0.4161672183208993
134,2.3544834,2.76101055592804,-0.4065271559280399
135,2.3459625,2.753383142123193,-0.40742064212319296
136,2.3514328,2.7455909112201153,-0.39415811122011535
137,2.359,2.7377235401538123,-0.37872354015381227
138,2.3619473,2.7299228976268286,-0.3679755976268284
139,2.3648355,2.722766782291828,-0.3579312822918279
140,2.3715515,2.715702548836609,-0.3441510488366091
141,2.3729455,2.7089108500083587,-0.3359653500083586
142,2.3794708,2.703734668816107,-0.3242638688161068
143,2.3904788,2.6996773179902247,-0.3091985179902248
144,2.397703,2.69299621024122,-0.29529321024122
145,2.3966424,2.6809752866806353,-0.28433288668063517
146,2.394565,2.669010694126041,-0.27444569412604114
147,2.3918457,2.6572309797243827,-0.26538527972438253
148,2.371472,2.64564543331084,-0.2741734333108403
149,2.356865,2.63730777091786,-0.2804427709178601
150,2.324295,2.629898415736154,-0.30560341573615357
151,2.2963061,2.620267322554071,-0.32396122255407134
152,2.2741733,2.610528383473777,-0.33635508347377696
153,2.2584436,2.600677096879017,-0.34223349687901683
154,2.248218,2.5908328076021485,-0.34261480760214846
155,2.2510638,2.580904083075966,-0.32984028307596613
156,2.255817,2.5708056772466543,-0.31498867724665436
157,2.2566288,2.5604573171836114,-0.30382851718361126
158,2.2638016,2.550381561605019,-0.2865799616050193
159,2.2685525,2.5408408135401466,-0.2722883135401464
160,2.2855237,2.5318453063895188,-0.2463216063895186
161,2.289869,2.52314812460669,-0.23327912460668987
162,2.291857,2.5154674826122987,-0.22361048261229888
163,2.297784,2.5088710863797155,-0.2110870863797154
164,2.3106308,2.5032742120315676,-0.19264341203156743
165,2.3180945,2.4984734478431707,-0.18037894784317077
166,2.332091,2.494155246127799,-0.16206424612779902
167,2.3455462,2.4898545206058693,-0.1443083206058695
168,2.3624191,2.485878531479959,-0.1234594314799593
169,2.3772016,2.4819007008134575,-0.10469910081345768
170,2.389583,2.477273860871334,-0.08769086087133404
171,2.400189,2.4718304062937246,-0.07164140629372451
172,2.3935776,2.4666324746500856,-0.07305487465008564
173,2.3955786,2.46202057607428,-0.06644197607428026
174,2.3976412,2.458318279084691,-0.06067707908469133
175,2.400968,2.4564659225363235,-0.05549792253632324
176,2.4052022,2.456107146056774,-0.05090494605677387
177,2.4099865,2.455977980847272,-0.045991480847272115
178,2.4149642,2.457289500578693,-0.04232530057869299
179,2.4197783,2.4598003516196005,-0.040022051619600596
180,2.424072,2.4599442100090485,-0.03587221000904872
181,2.427488,2.4572123880743937,-0.029724388074393815
182,2.4296694,2.4514926310516545,-0.021823231051654624
183,2.4220724,2.4458110836364373,-0.023738683636437496
184,2.4086728,2.4427234891264917,-0.03405068912649156
185,2.4195917,2.439032287517708,-0.019440587517708163
186,2.4215152,2.4326377374264783,-0.011122537426478285
187,2.4133072,2.427808290886041,-0.014501090886041013
188,2.3943253,2.422852242160213,-0.028526942160212787
189,2.3801434,2.418485422420668,-0.03834202242066809
190,2.3682315,2.4150600723364395,-0.04682857233643967
191,2.363229,2.4112360819136716,-0.048007081913671534
192,2.3634708,2.4074809357102795,-0.04401013571027956
193,2.3605182,2.4039490830223342,-0.04343088302233422
194,2.362431,2.4006321140453224,-0.03820111404532245
195,2.36574,2.3972289113376357,-0.03148891133763554
196,2.3752844,2.394031289175964,-0.01874688917596412
197,2.367413,2.393046860701229,-0.025633860701228972
198,2.3666763,2.395079002626507,-0.028402702626507015
199,2.3651898,2.3954323037699385,-0.030242503769938534
200,2.358321,2.3945199467432734,-0.036198946743273286
201,2.3579419,2.39406046458034,-0.03611856458033991
202,2.3612607,2.3932607800676697,-0.032000080067669856
203,2.3650165,2.3937976776181435,-0.028781177618143694
204,2.3798523,2.395156298048852,-0.015303998048851852
205,2.3930173,2.3963587823115504,-0.0033414823115505143
206,2.4277027,2.3980767931238325,0.02962590687616773
207,2.4465866,2.4001901204310236,0.04639647956897619
208,2.4786038,2.4025425797141713,0.07606122028582885
209,2.5005112,2.4066212974411187,0.0938899025588813
210,2.514692,2.411686914002036,0.10300508599796432
211,2.5256183,2.4183410276183954,0.10727727238160467
212,2.5327246,2.4246357047203557,0.10808889527964416
213,2.5383203,2.430742108422108,0.10757819157789195
214,2.5402887,2.4371220303551087,0.1031666696448914
215,2.5318363,2.443372870847917,0.08846342915208316
216,2.5301328,2.4494957467186644,0.08063705328133564
217,2.5198941,2.4555511825694962,0.06434291743050391
218,2.5181699,2.4610546385570116,0.05711526144298862
219,2.5207922,2.4660552503970394,0.05473694960296038
220,2.5239542,2.471199092030972,0.052755107969027826
221,2.5357547,2.47631412070873,0.05944057929127
222,2.5586777,2.481389385447628,0.07728831455237195
223,2.573034,2.486387060569622,0.08664693943037793
224,2.5859396,2.492249232539627,0.09369036746037329
225,2.6061685,2.4975145840424924,0.10865391595750751
226,2.627133,2.501152993974445,0.12598000602555537
227,2.6404712,2.5046577520380846,0.1358134479619153
228,2.6485355,2.5097276599450424,0.1388078400549575
229,2.6488626,2.516033109077876,0.13282949092212437
230,2.6374087,2.5205197669652035,0.11688893303479642
231,2.6279492,2.5241561426148342,0.10379305738516598
232,2.609277,2.527347792763522,0.0819292072364779
233,2.5937152,2.53021821943634,0.06349698056366027
234,2.5751462,2.5329134061582095,0.04223279384179035
235,2.559408,2.53574355679823,0.02366444320177008
236,2.549895,2.538387243800187,0.011507756199812924
237,2.5331814,2.541249220730066,-0.008067820730065733
238,2.5250723,2.5436728858388853,-0.01860058583888513
239,2.5287051,2.5459558832589653,-0.017250783258965452
240,2.5270352,2.5480553281881893,-0.021020128188189435
241,2.5172513,2.5499892223810003,-0.032737922381000484
242,2.5140674,2.551882576520331,-0.03781517652033095
243,2.5035846,2.553872763007484,-0.050288163007484066
244,2.4946933,2.5562635343468236,-0.06157023434682385
245,2.4811053,2.55876694585285,-0.07766164585285029
246,2.4721963,2.5608817203869356,-0.08868542038693583
247,2.4522243,2.5633697026802933,-0.11114540268029316
248,2.4413888,2.5673373512826103,-0.1259485512826104
249,2.4341671,2.572330617199613,-0.1381635171996134
250,2.428205,2.5751490928688923,-0.1469440928688921
251,2.4233816,2.5766161838669834,-0.15323458386698352
252,2.419577,2.5780822765603495,-0.15850527656034963
253,2.4166698,2.5811397240297267,-0.1644699240297265
254,2.4145408,2.584310961169872,-0.16977016116987187
255,2.4130683,2.5859142980076575,-0.17284599800765754
256,2.4121325,2.5875100281774412,-0.17537752817744146
257,2.4116127,2.5889230695185255,-0.1773103695185254
258,2.4113886,2.590338918354196,-0.17895031835419584
259,2.4162765,2.5916417464045574,-0.17536524640455742
260,2.4285169,2.593030825654208,-0.16451392565420786
261,2.4479282,2.594344159721869,-0.14641595972186883
262,2.4546869,2.5977201860506387,-0.1430332860506387
263,2.4557724,2.6010083713267136,-0.14523597132671373
264,2.4526074,2.601722730547233,-0.1491153305472328
265,2.4304373,2.600546480297061,-0.1701091802970609
266,2.4268048,2.599314018726637,-0.1725092187266366
267,2.4251382,2.5983502869179755,-0.1732120869179754
268,2.432541,2.5992583891492544,-0.16671738914925438
269,2.4394336,2.600028964025918,-0.16059536402591812
270,2.4430957,2.5996892042660416,-0.15659350426604135
271,2.444634,2.599511642176565,-0.15487764217656474
272,2.4475918,2.6046342720904962,-0.15704247209049615
273,2.4516833,2.6108508927446548,-0.15916759274465475
274,2.456622,2.6125551246599676,-0.15593312465996778
275,2.4621212,2.614186197219566,-0.15206499721956623
276,2.467895,2.6159111565973636,-0.14801615659736367
277,2.4736567,2.617724694446539,-0.14406799444653906
278,2.47912,2.619587256816052,-0.1404672568160521
279,2.4839988,2.6216902577148034,-0.13769145771480318
280,2.488006,2.6235376974334446,-0.13553169743344462
281,2.4908562,2.6251967992899505,-0.13434059928995046
282,2.4922621,2.626878384780234,-0.1346162847802339
283,2.5037766,2.6285533529003446,-0.12477675290034451
284,2.516922,2.630373323188131,-0.11345132318813089
285,2.5114682,2.6320847508763285,-0.12061655087632861
286,2.4989276,2.633896414612637,-0.1349688146126371
287,2.4763806,2.635729644558003,-0.1593490445580028
288,2.442432,2.6375748739026834,-0.19514287390268326
289,2.4347425,2.639347899439802,-0.20460539943980205
290,2.4329834,2.64116954542761,-0.20818614542760994
291,2.4371808,2.642894317634415,-0.2057135176344147
292,2.4353518,2.6473111426608207,-0.21195934266082084
293,2.4268177,2.6517454512757923,-0.22492775127579234
294,2.4207382,2.65362710749492,-0.23288890749491964
295,2.4255295,2.6553136396474617,-0.22978413964746158
296,2.416614,2.6568479171638724,-0.24023391716387232
297,2.4104657,2.6582618613818636,-0.24779616138186356
298,2.4075153,2.6605672846249524,-0.2530519846249524
299,2.4067264,2.662215698208848,-0.2554892982088477
300,2.4100788,2.662419287738505,-0.2523404877385049
301,2.4156528,2.662426254706765,-0.24677345470676482
302,2.422943,2.662164445083376,-0.23922144508337606
303,2.4302564,2.663184750203542,-0.23292835020354197
304,2.4309344,2.6658837221971776,-0.23494932219717768
305,2.452216,2.666733918030057,-0.21451791803005715
306,2.449161,2.66536235851868,-0.21620135851867994
307,2.450882,2.6640748196209656,-0.2131928196209656
308,2.451742,2.6630342129819864,-0.21129221298198653
309,2.4507565,2.6626569004932104,-0.21190040049321057
310,2.4477856,2.6626069901322196,-0.21482139013221957
311,2.4425213,2.6626648850988945,-0.22014358509889442
312,2.4345114,2.6631868005272663,-0.22867540052726643
313,2.4297345,2.66413739400153,-0.23440289400152992
314,2.4301682,2.665566050086932,-0.23539785008693226
315,2.428883,2.667410857804519,-0.2385278578045189
316,2.4367185,2.669769554994172,-0.233051054994172
317,2.4443796,2.6723380412151316,-0.22795844121513165
318,2.456265,2.6752307469278698,-0.21896574692786963
319,2.467841,2.678343367776048,-0.21050236777604825
320,2.4685688,2.681548367849884,-0.21297956784988425
321,2.470487,2.6876132650641464,-0.21712626506414656
322,2.4743392,2.694580948825414,-0.2202417488254138
323,2.4796908,2.6994337292973607,-0.2197429292973605
324,2.4861085,2.7039756287949515,-0.21786712879495163
325,2.4931588,2.7091247362603377,-0.2159659362603379
326,2.5004077,2.714208854475012,-0.21380115447501202
327,2.507422,2.7186862484999117,-0.21126424849991166
328,2.5137675,2.723277587800149,-0.2095100878001488
329,2.5190108,2.7279603148209306,-0.20894951482093038
330,2.5227182,2.7328252257314536,-0.21010702573145368
331,2.524456,2.7377055987537853,-0.21324959875378546
332,2.5367029,2.7428269063541166,-0.20612400635411676
333,2.542984,2.747879762387809,-0.20489576238780893
334,2.546098,2.7530918236419764,-0.20699382364197616
335,2.5361557,2.7579743109448724,-0.22181861094487232
336,2.5240695,2.7627738570888773,-0.23870435708887738
337,2.5022354,2.767437145127101,-0.26520174512710115
338,2.4860415,2.7719734378566074,-0.28593193785660764
339,2.47869,2.7764856670393403,-0.29779566703934046
340,2.4749908,2.7808396554474397,-0.30584885544743967
341,2.4711075,2.785092738243682,-0.31398523824368185
342,2.4552023,2.789118006820523,-0.3339157068205232
343,2.448408,2.7931103790061527,-0.3447023790061525
344,2.4412591,2.796778257618776,-0.35551915761877595
345,2.4377027,2.800246275392718,-0.362543575392718
346,2.4357169,2.8036043258288186,-0.3678874258288185
347,2.4316177,2.806569184404701,-0.37495148440470105
348,2.4356906,2.80922837562212,-0.3735377756221201
349,2.444616,2.811780841461062,-0.367164841461062
350,2.459635,2.813964231500307,-0.3543292315003068
351,2.470884,2.815859874596549,-0.3449758745965492
352,2.4821684,2.8173032758140826,-0.33513487581408263
353,2.490634,2.8184884203170646,-0.3278544203170646
354,2.4937131,2.81931316163728,-0.3256000616372803
355,2.4959667,2.8198698087521423,-0.32390310875214245
356,2.4975524,2.8200728690169528,-0.32252046901695275
357,2.4986277,2.8199607570772405,-0.32133305707724036
358,2.4993503,2.819714271295572,-0.3203639712955719
359,2.4998777,2.819219224952733,-0.31934152495273294
360,2.5003679,2.818513751303082,-0.3181458513030817
361,2.5009778,2.8176315172286532,-0.31665371722865343
362,2.5018654,2.8166876226462145,-0.31482222264621473
363,2.5031884,2.815830287312265,-0.31264188731226517
364,2.505104,2.814508649578218,-0.30940464957821767
365,2.5099378,2.8127779297362965,-0.3028401297362966
366,2.5155988,2.8106640655802684,-0.2950652655802686
367,2.5102398,2.8082233178835647,-0.2979835178835648
368,2.4952927,2.8085046748887597,-0.31321197488875985
369,2.4852774,2.8093150204365367,-0.3240376204365365
370,2.4683826,2.8048762696359373,-0.3364936696359373
371,2.450033,2.7956841002815827,-0.34565110028158275
372,2.4411817,2.786182459566283,-0.34500075956628296
373,2.4355807,2.7766951004050395,-0.3411144004050395
374,2.423948,2.766944679293652,-0.34299667929365185
375,2.4221606,2.75673707568493,-0.3345764756849299
376,2.428215,2.7462232241893707,-0.3180082241893709
377,2.430203,2.735511088821258,-0.30530808882125804
378,2.4429016,2.7248038778730734,-0.28190227787307354
379,2.4464667,2.71407278482795,-0.2676060848279498
380,2.4567447,2.703548399361265,-0.24680369936126523
381,2.4661222,2.693060190760965,-0.22693799076096477
382,2.4671881,2.683059486985314,-0.21587138698531394
383,2.4716241,2.673118354781131,-0.2014942547811307
384,2.4725745,2.6633793447928165,-0.19080484479281656
385,2.4789505,2.6546030912930587,-0.17565259129305888
386,2.4767206,2.647739842622263,-0.17101924262226298
387,2.4765592,2.6436971411733423,-0.16713794117334224
388,2.4715564,2.642453617415502,-0.17089721741550212
389,2.4600787,2.643316241421348,-0.18323754142134785
390,2.4445539,2.643729617209156,-0.19917571720915594
391,2.4250739,2.642088650034311,-0.21701475003431092
392,2.409776,2.639486683041734,-0.22971068304173414
393,2.3975394,2.637681664551921,-0.24014226455192134
394,2.3836224,2.6355866211467855,-0.2519642211467854
395,2.3837879,2.6327651933844027,-0.24897729338440255
396,2.3683286,2.6300815355574803,-0.26175293555748036
397,2.362356,2.627585026418727,-0.2652290264187269
398,2.372454,2.6252046389009953,-0.2527506389009955
399,2.366539,2.622985326230124,-0.2564463262301242
400,2.3675003,2.620927626987731,-0.25342732698773096
401,2.37478,2.6191597180133783,-0.24437971801337843
402,2.3805346,2.617634903517777,-0.237100303517777
403,2.3840594,2.6165811573374946,-0.2325217573374947
404,2.3821487,2.6154765940985847,-0.23332789409858457
405,2.3892627,2.614520676544032,-0.2252579765440319
406,2.386686,2.614949222441771,-0.22826322244177089
407,2.392673,2.615117028356217,-0.22244402835621724
408,2.3993225,2.6136111432245386,-0.21428864322453878
409,2.3961728,2.61224234284815,-0.21606954284815005
410,2.3858402,2.6108423713691726,-0.22500217136917255
411,2.374757,2.60944504180738,-0.23468804180738
412,2.3784692,2.6079216034493333,-0.22945240344933326
413,2.3740954,2.6076857449667115,-0.2335903449667116
414,2.3693826,2.607806981075516,-0.23842438107551622
415,2.3687897,2.607521998819222,-0.23873229881922198
416,2.3716702,2.607375429709999,-0.23570522970999885
417,2.371919,2.6082057391980804,-0.2362867391980803
418,2.3778894,2.608984340723935,-0.23109494072393488
419,2.3848016,2.610298211587752,-0.22549661158775214
420,2.3885977,2.611220218995703,-0.22262251899570273
421,2.3942196,2.6131481760984134,-0.21892857609841343
422,2.395242,2.615908706408341,-0.22066670640834074
423,2.4040234,2.617522420849533,-0.21349902084953332
424,2.3940942,2.618800044079612,-0.22470584407961214
425,2.3834064,2.6197797799473364,-0.2363733799473362
426,2.3752997,2.620598335304517,-0.245298635304517
427,2.3719113,2.6211068717324806,-0.24919557173248075
428,2.3660007,2.621075349904268,-0.2550746499042682
429,2.3659167,2.620754930623523,-0.25483823062352284
430,2.357484,2.6202256854000376,-0.26274168540003773
431,2.3415277,2.619339646747799,-0.2778119467477991
432,2.3272889,2.6182561588243725,-0.29096725882437235
433,2.3170674,2.617096439692251,-0.30002903969225114
434,2.3098333,2.615697708510883,-0.3058644085108826
435,2.3045564,2.614072585858918,-0.30951618585891794
436,2.3002064,2.612160048756781,-0.3119536487567811
437,2.2957532,2.6102343659699643,-0.3144811659699642
438,2.2901669,2.607984023051594,-0.31781712305159404
439,2.282417,2.6053392205230317,-0.32292222052303154
440,2.2714736,2.602315854774099,-0.3308422547740988
441,2.2563066,2.5991498576524488,-0.34284325765244894
442,2.2358854,2.595731310858275,-0.359845910858275
443,2.2317636,2.5920008975048487,-0.3602372975048489
444,2.2520654,2.5888757795213873,-0.33681037952138704
445,2.2579901,2.585604423597085,-0.32761432359708476
446,2.2519336,2.5814092618583695,-0.3294756618583694
447,2.2406094,2.5772507510532447,-0.3366413510532449
448,2.2316709,2.5731739355605487,-0.3415030355605486
449,2.2108493,2.5693111612639226,-0.35846186126392254
450,2.1970062,2.5669170050832935,-0.3699108050832933
451,2.1778378,2.5644942386367955,-0.38665643863679566
452,2.1699808,2.561063443073454,-0.391082643073454
453,2.1523938,2.557835415233692,-0.40544161523369215
454,2.1362708,2.5557279607096524,-0.4194571607096522
455,2.1304812,2.5538941950834313,-0.4234129950834311
456,2.1304572,2.551713092842967,-0.42125589284296705
457,2.133472,2.550135669754355,-0.4166636697543553
458,2.1271908,2.549122305145366,-0.4219315051453658
459,2.1299264,2.54865214183092,-0.41872574183092004
460,2.1291275,2.5488299269251495,-0.4197024269251495
461,2.1330655,2.549825550938331,-0.41676005093833135
462,2.1317008,2.5515751462137377,-0.41987434621373776
463,2.1309967,2.5538486397074522,-0.4228519397074524
464,2.1316986,2.556720034331352,-0.42502143433135187
465,2.1273913,2.5603986932694798,-0.43300739326947957
466,2.1388333,2.5647666385737145,-0.4259333385737145
467,2.1437323,2.569533664402469,-0.42580136440246896
468,2.152008,2.5747835807174355,-0.4227755807174356
469,2.1686347,2.5805179086366663,-0.41188320863666616
470,2.174895,2.5866642267996713,-0.41176922679967154
471,2.1781018,2.5933218363731494,-0.4152200363731495
472,2.1829758,2.6002866146280166,-0.41731081462801667
473,2.1993027,2.607406300792636,-0.40810360079263575
474,2.2121527,2.615425043122719,-0.403272343122719
475,2.2213352,2.623797875243724,-0.4024626752437239
476,2.238934,2.63237485212786,-0.39344085212785984
477,2.2549613,2.6412043344101273,-0.3862430344101271
478,2.273396,2.65020754264177,-0.3768115426417702
479,2.2932575,2.659522469312767,-0.36626496931276664
480,2.31085,2.6691155910613227,-0.35826559106132283
481,2.3374689,2.6792170559982997,-0.34174815599829955
482,2.3634894,2.689372927581525,-0.32588352758152483
483,2.3866217,2.6991418800450604,-0.3125201800450603
484,2.43327,2.708774957163003,-0.2755049571630033
485,2.4462466,2.718350888763959,-0.2721042887639591
486,2.4712198,2.7279055213264494,-0.2566857213264493
487,2.488897,2.7369645414264476,-0.2480675414264475
488,2.503939,2.7454229219460564,-0.2414839219460565
489,2.519833,2.753693138682711,-0.2338601386827106
490,2.5293863,2.7617739039237645,-0.23238760392376445
491,2.5334888,2.7772173372152973,-0.24372853721529708
492,2.5350919,2.793036142921678,-0.25794424292167806
493,2.550304,2.8028773139999066,-0.25257331399990646
494,2.567799,2.812167178055307,-0.24436817805530708
495,2.5917926,2.82130533034106,-0.22951273034106023
496,2.6014447,2.8304342789004506,-0.22898957890045057
497,2.623716,2.839714513537122,-0.21599851353712207
498,2.6400244,2.848823438727301,-0.20879903872730088
499,2.6625159,2.857872407919175,-0.19535650791917503
500,2.6836221,2.867665617522497,-0.1840435175224968
501,2.700518,2.8773862631544196,-0.1768682631544194
502,2.718567,2.886700788028423,-0.1681337880284226
503,2.7287533,2.8955558213930894,-0.16680252139308926
504,2.7397494,2.9044669383017316,-0.16471753830173164
505,2.7527673,2.913212597252602,-0.16044529725260226
506,2.7339368,2.9217760514493802,-0.1878392514493803
507,2.7108939,2.9298985515807257,-0.2190046515807258
508,2.6906226,2.93757351364638,-0.2469509136463799
509,2.6729224,2.9486594535390616,-0.2757370535390615
510,2.6628058,2.9598059357119832,-0.29700013571198314
511,2.6622653,2.9652169752007214,-0.3029516752007213
512,2.6560397,2.9673750993784513,-0.31133539937845134
513,2.659036,2.9691991267285367,-0.31016312672853674
514,2.6579251,2.970961524392246,-0.3130364243922461
515,2.6648614,2.975917355828168,-0.31105595582816825
516,2.6707382,2.980619194384755,-0.3098809943847547
517,2.6746266,2.9830890582281384,-0.30846245822813856
518,2.6758697,2.9849987513453637,-0.30912905134536395
519,2.672389,2.986643785813841,-0.31425478581384114
520,2.6668677,2.9880043446753324,-0.3211366446753323
521,2.65982,2.9890085041654717,-0.32918850416547185
522,2.651755,2.991781253591777,-0.34002625359177685
523,2.643181,2.9938098656084007,-0.3506288656084009
524,2.6346073,2.9942794520104483,-0.35967215201044844
525,2.626543,2.9950413713884756,-0.36849837138847574
526,2.6194975,2.995370720895812,-0.37587322089581177
527,2.6139798,2.9957002198297635,-0.38172041982976346
528,2.6104996,2.9957717387048977,-0.38527213870489785
529,2.6121318,2.9952434754424737,-0.38311167544247393
530,2.6158786,2.994403447153573,-0.37852484715357315
531,2.617583,2.9934197677123757,-0.3758367677123755
532,2.6083734,2.992461358196596,-0.3840879581965959
533,2.603993,2.9921035277356056,-0.3881105277356056
534,2.5985293,2.991790060383843,-0.39326076038384317
535,2.594465,2.9911256327539446,-0.3966606327539446
536,2.587883,2.990224260930473,-0.40234126093047307
537,2.5844913,2.9891134335942198,-0.40462213359421995
538,2.5765643,2.9883692597552294,-0.41180495975522957
539,2.568064,2.9873532187795755,-0.41928921877957537
540,2.5602558,2.9863096232196096,-0.4260538232196094
541,2.546767,2.989987594611169,-0.4432205946111689
542,2.536839,2.9940786911633954,-0.45723969116339536
543,2.5313644,2.99397411363421,-0.46260971363421
544,2.5257874,2.9935897819772133,-0.46780238197721324
545,2.5254996,2.993115623990502,-0.46761602399050206
546,2.52348,2.992532437956692,-0.4690524379566918
547,2.522524,2.9920866101874557,-0.4695626101874555
548,2.524158,2.991742409460087,-0.46758440946008717
549,2.5222485,2.9917483428994807,-0.46949984289948077
550,2.5233045,2.991576570005078,-0.468272070005078
551,2.5112653,2.9909073783715057,-0.47964207837150585
552,2.5090866,2.9902832804771466,-0.4811966804771468
553,2.508412,2.9897472902262163,-0.48133529022621646
554,2.5112,2.989022620834627,-0.477822620834627
555,2.5045798,2.9887802675129147,-0.48420046751291457
556,2.50257,2.9883460641445754,-0.4857760641445754
557,2.4954486,2.9879281800160857,-0.4924795800160857
558,2.4807608,2.989301733810797,-0.5085409338107967
559,2.4796774,2.9898913507817904,-0.5102139507817904
560,2.4693375,2.9875413479671735,-0.5182038479671736
561,2.4658127,2.98497194897548,-0.5191592489754799
562,2.455402,2.9825297033901137,-0.5271277033901138
563,2.4522803,2.9802570675515554,-0.5279767675515554
564,2.4558423,2.9781161305264354,-0.5222738305264354
565,2.4612088,2.9759112905715517,-0.5147024905715516
566,2.4657538,2.9739490153820576,-0.5081952153820577
567,2.4739292,2.972032081475108,-0.49810288147510784
568,2.4799402,2.9702450972030046,-0.4903048972030044
569,2.5118146,2.9685278013504983,-0.4567132013504982
570,2.5187945,2.9668632642621446,-0.4480687642621448
571,2.5246484,2.9652374218613766,-0.44058902186137683
572,2.531711,2.9637073208420173,-0.4319963208420172
573,2.5322092,2.962286859045547,-0.43007765904554685
574,2.5320566,2.96350202695797,-0.43144542695796995
575,2.5272326,2.9678446704854426,-0.4406120704854426
576,2.5251138,2.97078429319472,-0.44567049319471996
577,2.524303,2.9717830550450084,-0.4474800550450082
578,2.518692,2.9728303920323493,-0.4541383920323492
579,2.516933,2.9739756315534365,-0.4570426315534366
580,2.514996,2.9751320906938803,-0.4601360906938803
581,2.5165622,2.9765915299811105,-0.46002932998111046
582,2.510545,2.9779261284282184,-0.46738112842821833
583,2.5025134,2.979364059794362,-0.4768506597943616
584,2.4975924,2.9809457700014583,-0.4833533700014585
585,2.4789047,2.982513184022628,-0.503608484022628
586,2.4621289,2.984246351098172,-0.5221174510981719
587,2.45721,2.986204465756764,-0.5289944657567642
588,2.4488797,2.988287137320476,-0.539407437320476
589,2.4533615,2.990410045060491,-0.5370485450604909
590,2.4505289,2.9925929814362537,-0.5420640814362536
591,2.451925,2.994942662672101,-0.543017662672101
592,2.4571545,2.997351244999276,-0.540196744999276
593,2.4561572,2.9998131841417663,-0.5436559841417665
594,2.4547098,3.003988520466255,-0.5492787204662553
595,2.452373,3.0074830861550526,-0.5551100861550524
596,2.450507,3.008366751266681,-0.557859751266681
597,2.454811,3.0093710408016006,-0.5545600408016007
598,2.451756,3.0104781704036707,-0.5587221704036707
599,2.4496853,3.01162012882115,-0.5619348288211499
600,2.4544415,3.012844037492242,-0.5584025374922419
601,2.457564,3.013979353880415,-0.5564153538804151
602,2.4550946,3.015226179454006,-0.5601315794540063
603,2.4562747,3.0165684293550203,-0.5602937293550205
604,2.4649386,3.0178128981525845,-0.5528742981525845
605,2.4753995,3.019033950980985,-0.543634450980985
606,2.4749472,3.0202909413085886,-0.5453437413085886
607,2.4765646,3.0217615781140212,-0.5451969781140211
608,2.472265,3.023239103531859,-0.5509741035318587
609,2.4735053,3.0246264764715933,-0.5511211764715935
610,2.472871,3.0270332702593903,-0.5541622702593902
611,2.4681625,3.0326547935293133,-0.5644922935293133
612,2.469563,3.0377070252260427,-0.5681440252260428
613,2.4683728,3.040059145734355,-0.5716863457343551
614,2.4651523,3.042130876475101,-0.576978576475101
615,2.454895,3.0439198051898098,-0.5890248051898097
616,2.4488559,3.0455370394057777,-0.5966811394057778
617,2.4536798,3.047265948336555,-0.5935861483365548
618,2.4327142,3.0491376570920217,-0.6164234570920217
619,2.3939264,3.0506591573804447,-0.6567327573804449
620,2.392407,3.0520005456012087,-0.6595935456012088
621,2.3915074,3.053239021105523,-0.6617316211055231
622,2.392609,3.0545257235175236,-0.6619167235175234
623,2.3948526,3.0557918075132253,-0.6609392075132252
624,2.3980281,3.0568437093928464,-0.6588156093928466
625,2.4019241,3.058632596211035,-0.656708496211035
626,2.4063299,3.0602021094977157,-0.6538722094977159
627,2.4110343,3.0609258559835526,-0.6498915559835527
628,2.4158268,3.061497481883472,-0.6456706818834719
629,2.420496,3.0618601290828273,-0.6413641290828274
630,2.4248314,3.0625763916535567,-0.6377449916535567
631,2.428622,3.0631723029846594,-0.6345503029846595
632,2.4316568,3.063115778336547,-0.6314589783365472
633,2.4337249,3.0629124255632085,-0.6291875255632084
634,2.432179,3.0623703706735887,-0.6301913706735887
635,2.4372668,3.061776490890895,-0.6245096908908949
636,2.4533823,3.0611001349366815,-0.6077178349366816
637,2.4677777,3.0603158712753955,-0.5925381712753954
638,2.4730377,3.0593300072941223,-0.5862923072941224
639,2.4753113,3.058105041904559,-0.5827937419045588
640,2.4739184,3.0568453673459457,-0.5829269673459456
641,2.4713287,3.055385782462037,-0.5840570824620372
642,2.4683685,3.0538169923104688,-0.5854484923104688
643,2.4667587,3.051970236275241,-0.5852115362752408
644,2.4550998,3.0498471172529538,-0.5947473172529536
645,2.4405692,3.0476020418272656,-0.6070328418272655
646,2.4272919,3.0452955340550067,-0.6180036340550066
647,2.4110107,3.04295027858243,-0.63193957858243
648,2.4101028,3.040353406853099,-0.6302506068530986
649,2.4051023,3.03741556073036,-0.6323132607303603
650,2.4120657,3.0342972860189543,-0.6222315860189545
651,2.413473,3.0312507748544415,-0.6177777748544413
652,2.4219022,3.0290948543544096,-0.6071926543544097
653,2.4290195,3.0266624889407105,-0.5976429889407107
654,2.435743,3.0233163107493892,-0.5875733107493892
655,2.4472873,3.0199604596506266,-0.5726731596506265
656,2.4394455,3.016669199268435,-0.5772236992684348
657,2.4429507,3.013348309082664,-0.5703976090826641
658,2.4409888,3.01018518582498,-0.5691963858249802
659,2.4352353,3.007421636343723,-0.572186336343723
660,2.4279861,3.0046859063285334,-0.5766998063285333
661,2.4066968,3.001666945607149,-0.594970145607149
662,2.3858151,2.998638852337126,-0.612823752337126
663,2.3788211,2.995648205057605,-0.6168271050576051
664,2.368272,2.99260011877753,-0.6243281187775298
665,2.3669455,2.9894379745901807,-0.6224924745901808
666,2.380127,2.9862027458661893,-0.6060757458661894
667,2.3877475,2.9829383003987573,-0.5951908003987572
668,2.3954947,2.979597042637505,-0.5841023426375052
669,2.4222882,2.976138349208274,-0.5538501492082739
670,2.4235055,2.9726476994775637,-0.5491421994775636
671,2.4267163,2.9694015070646977,-0.5426852070646979
672,2.4212897,2.9662927464074236,-0.5450030464074236
673,2.4032452,2.96297093659937,-0.5597257365993697
674,2.3888376,2.959306965114257,-0.5704693651142572
675,2.373048,2.9554531419233427,-0.5824051419233429
676,2.35414,2.9515612896203307,-0.5974212896203306
677,2.3377957,2.947608568037515,-0.609812868037515
678,2.315019,2.943472394461059,-0.6284533944610589
679,2.2942374,2.9390388603076403,-0.6448014603076402
680,2.284982,2.934433611894291,-0.6494516118942912
681,2.2730343,2.9295874940661637,-0.6565531940661637
682,2.271711,2.924535976144607,-0.6528249761446072
683,2.2700992,2.9192545551338513,-0.6491553551338511
684,2.2800097,2.913653689081214,-0.633643989081214
685,2.278375,2.9078323913445097,-0.6294573913445096
686,2.280655,2.901862468041976,-0.6212074680419759
687,2.269588,2.8958030216652237,-0.6262150216652236
688,2.2519956,2.8895523016954607,-0.6375567016954609
689,2.2184753,2.883064658599247,-0.6645893585992471
690,2.1922204,2.8764999990291993,-0.6842795990291992
691,2.195889,2.870000756465848,-0.6741117564658476
692,2.1838672,2.8636290315186943,-0.6797618315186944
693,2.1860232,2.8570958044982433,-0.6710726044982431
694,2.1839905,2.850431386835322,-0.6664408868353218
695,2.1978323,2.8437961225942217,-0.6459638225942217
696,2.2111523,2.837345503248477,-0.6261932032484769
697,2.2289166,2.8315749240952437,-0.6026583240952439
698,2.2586746,2.826320746878439,-0.5676461468784391
699,2.2729046,2.821051514433447,-0.5481469144334472
700,2.2929318,2.8158320975653526,-0.5229002975653527
701,2.2921176,2.8117594376378885,-0.5196418376378884
702,2.2920892,2.8078622054246107,-0.5157730054246108
703,2.2932718,2.8028275809347827,-0.5095557809347828
704,2.2810647,2.7977915343578847,-0.5167268343578848
705,2.2780707,2.792799986435802,-0.5147292864358022
706,2.2711542,2.7878804933437373,-0.5167262933437375
707,2.2844675,2.7833288490236767,-0.49886134902367685
708,2.2930353,2.7790764074212237,-0.48604110742122364
709,2.3076673,2.77468574861686,-0.46701844861686004
710,2.3144062,2.770211014178735,-0.45580481417873475
711,2.3263843,2.7658647211544474,-0.4394804211544474
712,2.3431745,2.7615187432383177,-0.41834424323831776
713,2.359302,2.7577834607311447,-0.39848146073114465
714,2.3768246,2.754639326669375,-0.3778147266693752
715,2.3867035,2.7499733174349994,-0.36326981743499953
716,2.3934696,2.7444200325978834,-0.3509504325978834
717,2.3831863,2.7388704394493266,-0.3556841394493264
718,2.3738797,2.7334294391076597,-0.35954973910765986
719,2.3671744,2.728079578786273,-0.3609051787862727
720,2.3696573,2.7228363747693254,-0.3531790747693253
721,2.3743405,2.7177074663594256,-0.34336696635942543
722,2.3863504,2.712707234614595,-0.32635683461459486
723,2.415015,2.707986636038557,-0.292971636038557
724,2.4268832,2.703887100852622,-0.2770039008526224
725,2.4404776,2.699993913933023,-0.2595163139330232
726,2.456496,2.6965752359914954,-0.2400792359914954
727,2.4588199,2.6936061349348535,-0.2347862349348535
728,2.4670758,2.691183422315203,-0.22410762231520298
729,2.4736469,2.6892292196030785,-0.2155823196030786
730,2.4803739,2.6878978147390504,-0.2075239147390504
731,2.4834378,2.6875497926163616,-0.2041119926163617
732,2.492872,2.6878630221634974,-0.19499102216349717
733,2.490884,2.688944102699771,-0.19806010269977126
734,2.4738934,2.6905341178866937,-0.2166407178866936
735,2.4478226,2.692763398029112,-0.24494079802911228
736,2.4286215,2.696046375448904,-0.2674248754489037
737,2.4028516,2.700245437286588,-0.2973938372865881
738,2.3838675,2.7054346833797114,-0.32156718337971135
739,2.3753598,2.7113278241440053,-0.3359680241440053
740,2.3627832,2.7176121057176617,-0.3548289057176617
741,2.3644714,2.7245353264902,-0.36006392649020036
742,2.3550873,2.732132745140285,-0.37704544514028493
743,2.3499963,2.7413777152553207,-0.3913814152553208
744,2.3406568,2.7514177029680607,-0.41076090296806056
745,2.3297489,2.7616372487190843,-0.43188834871908455
746,2.3181064,2.7722998569886017,-0.4541934569886017
747,2.3211725,2.783215453933132,-0.4620429539331323
748,2.3112717,2.7942278367371665,-0.48295613673716664
749,2.303713,2.805271468967,-0.5015584689670001
750,2.306463,2.816288892571117,-0.5098258925711172
751,2.308874,2.827316892518606,-0.518442892518606
752,2.3115408,2.838259329700571,-0.5267185297005712
753,2.3251681,2.849458210434812,-0.5242901104348121
754,2.3348715,2.8608561256799625,-0.5259846256799623
755,2.3517532,2.8718467335132303,-0.5200935335132302
756,2.3681467,2.882508064024263,-0.5143613640242628
757,2.3794773,2.892886836644208,-0.513409536644208
758,2.398626,2.9031252902382807,-0.5044992902382806
759,2.4020364,2.91313010869553,-0.5110937086955301
760,2.4094315,2.922348744052555,-0.5129172440525549
761,2.4313595,2.930897450766726,-0.4995379507667259
762,2.4396417,2.9396511065659965,-0.5000094065659964
763,2.4481015,2.9497905559985846,-0.5016890559985847
764,2.451149,2.9603920170575795,-0.5092430170575795
765,2.4601996,2.970228372696893,-0.5100287726968928
766,2.4712787,2.9799198133202873,-0.5086411133202873
767,2.4757352,2.989079350299305,-0.513344150299305
768,2.4901047,2.9973541388572222,-0.5072494388572224
769,2.5039303,3.0061203812073103,-0.5021900812073103
770,2.521515,3.0152828093944963,-0.4937678093944964
771,2.5366461,3.0235662736781888,-0.48692017367818874
772,2.5549579,3.0316637131439435,-0.47670581314394367
773,2.571153,3.0396115293803954,-0.46845852938039556
774,2.5858166,3.046533660220031,-0.460717060220031
775,2.6011548,3.052634144383399,-0.45147934438339865
776,2.6087832,3.057904488239908,-0.4491212882399078
777,2.6242633,3.0696389077220436,-0.44537560772204365
778,2.591552,3.082346693804846,-0.49079469380484575
779,2.5592713,3.0878809507720075,-0.5286096507720077
780,2.5315433,3.0920738829079712,-0.5605305829079712
781,2.5080695,3.0952831693673613,-0.5872136693673613
782,2.4885526,3.0973875662626775,-0.6088349662626777
783,2.4726944,3.09859992173825,-0.6259055217382499
784,2.4601972,3.100609362686953,-0.6404121626869528
785,2.4507632,3.100696303807891,-0.649933103807891
786,2.444095,3.096591582910443,-0.6524965829104432
787,2.439894,3.0904935271636855,-0.6505995271636857
788,2.4378629,3.0836359204813917,-0.6457730204813918
789,2.444627,3.0758805354808816,-0.6312535354808815
790,2.46035,3.067250719671094,-0.6069007196710938
791,2.4835227,3.0579378113995674,-0.5744151113995675
792,2.5031323,3.04814551475252,-0.5450132147525202
793,2.5138626,3.037914028589683,-0.5240514285896829
794,2.5024316,3.027238404005517,-0.5248068040055172
795,2.482472,3.016291912106609,-0.5338199121066092
796,2.4493496,3.005176319561985,-0.5558267195619848
797,2.4267697,2.9934287878752004,-0.5666590878752005
798,2.4010684,2.980250162436289,-0.5791817624362889
799,2.3858707,2.9649238553624775,-0.5790531553624776
800,2.3660486,2.948436773872215,-0.5823881738722148
801,2.3430057,2.9332728631173826,-0.5902671631173826
802,2.3219833,2.920202063818029,-0.598218763818029
803,2.3033829,2.906699740805994,-0.6033168408059941
804,2.2921689,2.8937877641181333,-0.6016188641181333
805,2.27714,2.881560351956828,-0.6044203519568279
806,2.2795148,2.869952062528442,-0.5904372625284422
807,2.2783542,2.859831309322219,-0.5814771093222193
808,2.258085,2.8551092117418646,-0.5970242117418647
809,2.2486224,2.850185094025933,-0.6015626940259331
810,2.2432327,2.8442697538533204,-0.6010370538533203
811,2.242315,2.8381290367977843,-0.5958140367977842
812,2.2239575,2.8307272870057405,-0.6067697870057405
813,2.2415729,2.8211178187054093,-0.5795449187054094
814,2.2502856,2.813320144900257,-0.563034544900257
815,2.2635663,2.807321844885556,-0.5437555448855562
816,2.2768695,2.800944432741917,-0.5240749327419167
817,2.2807803,2.7952313617720748,-0.5144510617720748
818,2.284813,2.788931227982361,-0.5041182279823606
819,2.2849286,2.7818647128687006,-0.49693611286870043
820,2.271625,2.774771900067545,-0.503146900067545
821,2.2533133,2.766845661006147,-0.5135323610061473
822,2.2451663,2.7591083483581436,-0.5139420483581434
823,2.2347827,2.7545269513586095,-0.5197442513586097
824,2.2393527,2.750719502752051,-0.5113668027520508
825,2.2566354,2.74407281181716,-0.4874374118171598
826,2.2664075,2.7362241309418986,-0.4698166309418985
827,2.2906864,2.7287218141417195,-0.43803541414171976
828,2.3097305,2.7215229222275448,-0.41179242222754464
829,2.3199856,2.712561300451369,-0.39257570045136925
830,2.326597,2.7022039765550017,-0.37560697655500164
831,2.3230069,2.692014770295263,-0.36900787029526283
832,2.3361423,2.682076090406735,-0.3459337904067348
833,2.3353055,2.672658959336392,-0.3373534593363918
834,2.335786,2.6634419220163967,-0.3276559220163966
835,2.346272,2.6541984290742096,-0.30792642907420964
836,2.354406,2.645331717191527,-0.29092571719152716
837,2.364939,2.636903043278885,-0.271964043278885
838,2.3770251,2.6286993751247514,-0.2516742751247514
839,2.3877835,2.629309679111091,-0.2415261791110912
840,2.3925552,2.6312994248965045,-0.2387442248965046
841,2.406213,2.6287175326475474,-0.22250453264754722
842,2.3962665,2.6258997817733096,-0.22963328177330977
843,2.3834817,2.6231695266687063,-0.23968782666870636
844,2.3648736,2.6195332559401097,-0.25465965594010953
845,2.3447473,2.615817283529734,-0.2710699835297343
846,2.3382046,2.612247729049222,-0.2740431290492218
847,2.3365195,2.61057765744853,-0.2740581574485299
848,2.3391058,2.611279764688866,-0.2721739646888661
849,2.3286688,2.613841257030213,-0.285172457030213
850,2.3341327,2.615698878104425,-0.28156617810442475
851,2.3258624,2.6159151691521223,-0.2900527691521222
852,2.3114166,2.6114597833752975,-0.3000431833752977
853,2.3185337,2.6066116751901403,-0.2880779751901401
854,2.2962384,2.6032236466356897,-0.3069852466356897
855,2.2904162,2.600761776193762,-0.3103455761937619
856,2.298926,2.600362846645493,-0.3014368466454931
857,2.280729,2.6018156221231172,-0.3210866221231172
858,2.2664948,2.603904824717256,-0.337410024717256
859,2.2476056,2.6065399120911277,-0.3589343120911277
860,2.2352917,2.6089464657693857,-0.37365476576938583
861,2.2197418,2.6102585118020087,-0.39051671180200875
862,2.2183979,2.6113099377239624,-0.39291203772396255
863,2.231879,2.6115386166976675,-0.37965961669766735
864,2.2424436,2.611374209492613,-0.368930609492613
865,2.2584064,2.6103355809976545,-0.35192918099765436
866,2.2673242,2.6094311838647153,-0.3421069838647153
867,2.2672403,2.60850208876062,-0.34126178876061974
868,2.2851562,2.6081034326235604,-0.3229472326235605
869,2.2723203,2.608271343226878,-0.33595104322687774
870,2.2722898,2.612932365775481,-0.340642565775481
871,2.2737427,2.6205886771266975,-0.3468459771266974
872,2.2656512,2.6288022490692033,-0.36315104906920315
873,2.2540305,2.6382199808853004,-0.3841894808853006
874,2.271625,2.646412228050278,-0.3747872280502782
875,2.2756534,2.652142179620489,-0.3764887796204892
876,2.2737067,2.656707079911145,-0.3830003799111452
877,2.2728717,2.6619299399395357,-0.3890582399395357
878,2.2833545,2.6675649150630005,-0.38421041506300035
879,2.285795,2.673143745297155,-0.38734874529715535
880,2.3098767,2.679382015516644,-0.3695053155166441
881,2.3259866,2.687767145950244,-0.3617805459502441
882,2.3648584,2.695817151485805,-0.330958751485805
883,2.3874087,2.7024373115233473,-0.3150286115233474
884,2.4039917,2.7104073316317208,-0.3064156316317206
885,2.4086456,2.7222844786695144,-0.31363887866951456
886,2.4014184,2.737471526197508,-0.33605312619750816
887,2.3909607,2.7529636693416704,-0.3620029693416704
888,2.3676105,2.767849323169957,-0.40023882316995696
889,2.3462644,2.7800751161310684,-0.4338107161310685
890,2.329726,2.791788821990957,-0.46206282199095705
891,2.313432,2.802935089673053,-0.489503089673053
892,2.2971005,2.8143466062429665,-0.5172461062429665
893,2.28747,2.826142413395243,-0.538672413395243
894,2.2825131,2.8386935224850434,-0.5561804224850433
895,2.2705579,2.8520960870525465,-0.5815381870525465
896,2.2798831,2.8662045607169517,-0.5863214607169516
897,2.2703912,2.880953282076101,-0.6105620820761009
898,2.2639847,2.8941462910373823,-0.6301615910373823
899,2.2520108,2.907274127707273,-0.655263327707273
900,2.2479475,2.919953547772824,-0.672006047772824
901,2.248899,2.931335730124505,-0.6824367301245049
902,2.2511768,2.9410314129661943,-0.6898546129661942
903,2.2546494,2.949092574356801,-0.6944431743568011
904,2.259185,2.955875598854258,-0.696690598854258
905,2.2646527,2.9593690118101024,-0.6947163118101023
906,2.2709215,2.9613520275183065,-0.6904305275183065
907,2.277859,2.9631895242017943,-0.6853305242017944
908,2.285334,2.965188470107264,-0.679854470107264
909,2.2932158,2.9659689830430107,-0.6727531830430107
910,2.301373,2.966434062991506,-0.6650610629915059
911,2.3096733,2.9661370790912573,-0.6564637790912573
912,2.3179858,2.9652184925978773,-0.6472326925978771
913,2.3261793,2.964190095940868,-0.6380107959408678
914,2.334123,2.964009333998832,-0.6298863339988321
915,2.3416839,2.963939528812034,-0.622255628812034
916,2.3487318,2.9639310410647814,-0.6151992410647815
917,2.3551347,2.9653740533830737,-0.6102393533830739
918,2.3187845,2.9671398253418593,-0.6483553253418592
919,2.3356977,2.969204589679492,-0.633506889679492
920,2.339336,2.971607516329276,-0.632271516329276
921,2.3616617,2.9740703210553665,-0.6124086210553665
922,2.3817782,2.977321348487626,-0.5955431484876264
923,2.4036744,2.9817958461261784,-0.5781214461261786
924,2.4058566,2.9880971192562398,-0.5822405192562399
925,2.4056587,2.99450079534416,-0.5888420953441598
926,2.4052045,2.999615871573461,-0.5944113715734609
927,2.4043941,3.0043421784847495,-0.5999480784847493
928,2.4031281,3.008073364121719,-0.604945264121719
929,2.4013066,3.0100335655646653,-0.6087269655646654
930,2.3988297,3.0105611149975013,-0.6117314149975015
931,2.395598,3.010305618039112,-0.614707618039112
932,2.3915114,3.009289030465053,-0.6177776304650529
933,2.3864703,3.0074280063541345,-0.6209577063541345
934,2.3803751,3.005843961447809,-0.6254688614478088
935,2.373126,3.004448835318827,-0.6313228353188269
936,2.3601696,3.0031420776982793,-0.6429724776982795
937,2.3784692,3.001708208829447,-0.6232390088294468
938,2.3956277,2.999575613743948,-0.6039479137439483
939,2.39654,2.997934611725561,-0.6013946117255613
940,2.402517,2.995110462288914,-0.5925934622889142
941,2.419365,2.989230041595423,-0.5698650415954232
942,2.4172091,2.9827424702453698,-0.5655333702453698
943,2.4188855,2.977417220219155,-0.5585317202191549
944,2.408215,2.974000518900854,-0.5657855189008538
945,2.396408,2.969261346939026,-0.5728533469390258
946,2.3700888,2.963903177889197,-0.5938143778891969
947,2.3458862,2.958343088683521,-0.6124568886835213
948,2.3278155,2.951625583786061,-0.6238100837860614
949,2.31655,2.9437137600847247,-0.6271637600847249
950,2.307942,2.935611152787525,-0.6276691527875249
951,2.3078754,2.928103403941566,-0.6202280039415662
952,2.3062723,2.920489242568279,-0.6142169425682793
953,2.3127072,2.9132322413308307,-0.6005250413308305
954,2.3064969,2.9075116686369684,-0.6010147686369685
955,2.3022842,2.9021317926103984,-0.5998475926103986
956,2.290535,2.8963996795852305,-0.6058646795852303
957,2.2832587,2.890885492479111,-0.607626792479111
958,2.2685144,2.8855390635670193,-0.6170246635670193
959,2.2652118,2.880577693060402,-0.6153658930604022
960,2.2535574,2.875841976164515,-0.6222845761645148
961,2.2480633,2.8707623144925365,-0.6226990144925364
962,2.2508655,2.865544546888215,-0.6146790468882148
963,2.2350824,2.8595071300484056,-0.6244247300484056
964,2.2338955,2.8535760245091875,-0.6196805245091874
965,2.2304187,2.8514729082015307,-0.6210542082015307
966,2.2371814,2.8495153346582884,-0.6123339346582886
967,2.2509503,2.845160643801506,-0.5942103438015058
968,2.2605853,2.8410279830409193,-0.5804426830409195
969,2.2771966,2.836756758638727,-0.5595601586387269
970,2.2773068,2.8332837749487205,-0.5559769749487207
971,2.271358,2.829542561932524,-0.5581845619325239
972,2.264729,2.826775074439524,-0.5620460744395239
973,2.2598407,2.824748454475814,-0.5649077544758141
974,2.2567804,2.8249509336829157,-0.5681705336829159
975,2.2626932,2.8264437449226745,-0.5637505449226743
976,2.2560208,2.826403018304701,-0.5703822183047009
977,2.2572567,2.825248216568655,-0.5679915165686551
978,2.2592816,2.8231643408520526,-0.5638827408520526
979,2.2559237,2.8211750908502027,-0.5652513908502028
980,2.25452,2.818596874004824,-0.5640768740048241
981,2.2488468,2.816647539118538,-0.567800739118538
982,2.24332,2.814935114247022,-0.5716151142470216
983,2.2397144,2.813122489097933,-0.5734080890979332
984,2.2300153,2.811107274165902,-0.581091974165902
985,2.2192318,2.8086047907379745,-0.5893729907379743
986,2.2089887,2.8056216124453814,-0.5966329124453815
987,2.201246,2.802816885675038,-0.6015708856750384
988,2.2034345,2.800187122384253,-0.596752622384253
989,2.2056003,2.7976830055522477,-0.5920827055522477
990,2.2173724,2.7955446902740855,-0.5781722902740856
991,2.2223141,2.7942713933066985,-0.5719572933066983
992,2.2387717,2.7924827753081454,-0.5537110753081453
993,2.2605548,2.7901148035912873,-0.5295600035912873
994,2.266546,2.786811630815421,-0.520265630815421
995,2.2678502,2.7823017318903744,-0.5144515318903746
996,2.270796,2.7779200165994498,-0.50712401659945
997,2.2752652,2.773997307936056,-0.4987321079360556
998,2.2811387,2.7729306427850964,-0.4917919427850963
999,2.2882984,2.7721294783197634,-0.48383107831976346
1000,2.2966256,2.770686600023028,-0.4740610000230281
1001,2.306002,2.769220897042294,-0.46321889704229413
1002,2.3163073,2.7681399862741625,-0.4518326862741624
1003,2.3274255,2.767742232228575,-0.44031673222857526
1004,2.3392367,2.7669503290156,-0.4277136290156003
1005,2.3516214,2.767712274164774,-0.41609087416477397
1006,2.364463,2.7712901102078553,-0.4068271102078551
1007,2.3776422,2.7749752275810966,-0.3973330275810967
1008,2.3910387,2.7785448792300698,-0.3875061792300696
1009,2.407333,2.781995957993825,-0.374662957993825
1010,2.3966436,2.787443613316894,-0.39080001331689385
1011,2.394097,2.7928077258754933,-0.3987107258754934
1012,2.3919566,2.7986005877773272,-0.40664398777732735
1013,2.390187,2.8055614125864667,-0.4153744125864667
1014,2.388753,2.8125249277699167,-0.4237719277699168
1015,2.3876193,2.819514489150679,-0.43189518915067904
1016,2.3867507,2.8263359389054528,-0.43958523890545287
1017,2.3861117,2.8331749018830865,-0.4470632018830867
1018,2.3856678,2.839948807768004,-0.4542810077680044
1019,2.385383,2.8464677484749323,-0.4610847484749323
1020,2.3852222,2.8531295286084415,-0.46790732860844164
1021,2.3851504,2.8592527664224177,-0.47410236642241754
1022,2.3868914,2.8654921630634624,-0.47860076306346233
1023,2.3999524,2.8713700451959303,-0.4714176451959302
1024,2.400964,2.876818045244604,-0.47585404524460406
1025,2.400539,2.8818894735351344,-0.48135047353513416
1026,2.3936527,2.886538632501686,-0.4928859325016859
1027,2.3841922,2.8909940887342125,-0.5068018887342123
1028,2.3757846,2.8953785100620864,-0.5195939100620866
1029,2.3489532,2.899922520981541,-0.5509693209815412
1030,2.3003561,2.9044811885914767,-0.6041250885914766
1031,2.2863355,2.9089149795662164,-0.6225794795662165
1032,2.2891018,2.913213193942017,-0.6241113939420169
1033,2.288875,2.9173200127529784,-0.6284450127529784
1034,2.300863,2.921534655391933,-0.6206716553919329
1035,2.3208084,2.925026953012653,-0.6042185530126529
1036,2.3312204,2.9268634220944003,-0.5956430220944005
1037,2.3418808,2.927689297756678,-0.5858084977566778
1038,2.3538241,2.9308695870555352,-0.577045487055535
1039,2.3664496,2.9334323298112954,-0.5669827298112953
1040,2.3600802,2.933924565702486,-0.5738443657024859
1041,2.3606086,2.9343813556473766,-0.5737727556473766
1042,2.3785298,2.93511388851737,-0.5565840885173703
1043,2.3911111,2.936374427700345,-0.5452633277003454
1044,2.3995364,2.938172288975351,-0.5386358889753509
1045,2.4047456,2.94370298911751,-0.5389573891175101
1046,2.4076786,2.951095766218015,-0.5434171662180147
1047,2.4092762,2.9582860617202353,-0.5490098617202355
1048,2.410478,2.966881922371197,-0.5564039223711972
1049,2.4122248,2.97553326054508,-0.56330846054508
1050,2.4154563,2.98343453706111,-0.5679782370611104
1051,2.4211128,2.990687305889627,-0.5695745058896269
1052,2.4301345,2.9945467403546737,-0.5644122403546739
1053,2.4434614,2.9975570361065182,-0.5540956361065184
1054,2.4726532,3.0024761382037,-0.5298229382037003
1055,2.493201,3.008567969630699,-0.5153669696306991
1056,2.5214865,3.0142006119412184,-0.4927141119412184
1057,2.545505,3.018669325044728,-0.47316432504472816
1058,2.562439,3.0226149230786556,-0.46017592307865574
1059,2.5835843,3.024947798004036,-0.44136349800403574
1060,2.6070666,3.025850764723076,-0.4187841647230761
1061,2.6182654,3.026156172932077,-0.4078907729320771
1062,2.6235058,3.0252400267659154,-0.4017342267659152
1063,2.6112943,3.0235220968765804,-0.4122277968765804
1064,2.5876966,3.0216476641869443,-0.4339510641869442
1065,2.5722656,3.019317392235741,-0.44705179223574065
1066,2.5578067,3.0163052813062396,-0.45849858130623966
1067,2.556088,3.0127238191928436,-0.4566358191928437
1068,2.5500793,3.0088304199113987,-0.4587511199113985
1069,2.548403,3.004625212242144,-0.4562222122421442
1070,2.5303586,3.0000138129087137,-0.4696552129087137
1071,2.5108752,2.99511747383672,-0.48424227383672
1072,2.490122,2.9900960781613333,-0.4999740781613333
1073,2.4730313,2.9848117318313983,-0.5117804318313981
1074,2.4716928,2.979236391536927,-0.5075435915369271
1075,2.4775805,2.9734267606872047,-0.4958462606872045
1076,2.489635,2.9672314464029492,-0.4775964464029494
1077,2.5082169,2.9603970253217793,-0.4521801253217794
1078,2.5341678,2.953849076379626,-0.41968127637962604
1079,2.5615726,2.9470779608976443,-0.3855053608976444
1080,2.591627,2.9399111519584946,-0.3482841519584947
1081,2.614988,2.9325068121320257,-0.3175188121320258
1082,2.6368701,2.9250395187432066,-0.2881694187432067
1083,2.6333554,2.91865842116129,-0.2853030211612899
1084,2.6117172,2.910605301705176,-0.29888810170517566
1085,2.581665,2.9001850898813895,-0.31852008988138936
1086,2.5550504,2.889977185213832,-0.334926785213832
1087,2.5350583,2.8795982729944014,-0.3445399729944012
1088,2.5240314,2.871948019577513,-0.34791661957751296
1089,2.5196164,2.8645456461794705,-0.3449292461794706
1090,2.523952,2.855076215511363,-0.33112421551136295
1091,2.5232174,2.847246240652515,-0.3240288406525149
1092,2.5098255,2.8398288325717673,-0.3300033325717675
1093,2.5002017,2.8342724476561822,-0.3340707476561824
1094,2.4803107,2.8294445803072836,-0.34913388030728365
1095,2.4474814,2.8238176224543015,-0.37633622245430143
1096,2.4243982,2.81731456313287,-0.39291636313287004
1097,2.4006653,2.813107532869315,-0.4124422328693149
1098,2.3947275,2.8086261953194174,-0.41389869531941725
1099,2.4014947,2.8047953071708474,-0.40330060717084715
1100,2.4201367,2.8001940651691437,-0.3800573651691437
1101,2.440759,2.7948465805064173,-0.3540875805064174
1102,2.4679031,2.7890627308396767,-0.3211596308396767
1103,2.502472,2.783150302966671,-0.28067830296667085
1104,2.5331552,2.7770940831487665,-0.24393888314876655
1105,2.5633664,2.7706574637589645,-0.20729106375896444
1106,2.5931919,2.7632385582810883,-0.17004665828108845
1107,2.5971668,2.755615511706193,-0.158448711706193
1108,2.599264,2.747551622625392,-0.1482876226253924
1109,2.5949304,2.740179037981915,-0.1452486379819149
1110,2.5909436,2.7333664615654603,-0.14242286156546013
1111,2.5899615,2.730498857360247,-0.1405373573602473
1112,2.5962918,2.729011930372689,-0.13272013037268904
1113,2.6084497,2.7277012726787304,-0.11925157267873043
1114,2.616054,2.725554779714652,-0.10950077971465211
1115,2.614065,2.723504891433567,-0.10943989143356703
1116,2.6077008,2.72299746760896,-0.11529666760895996
1117,2.5824704,2.7219785253509183,-0.13950812535091828
1118,2.5534265,2.7206819037856413,-0.1672554037856413
1119,2.5358899,2.720119998563793,-0.18423009856379302
1120,2.5248218,2.720013059790837,-0.19519125979083718
1121,2.506243,2.7199551977115872,-0.21371219771158723
1122,2.4942997,2.7223469325330796,-0.22804723253307957
1123,2.4857461,2.7251764689975215,-0.23943036899752146
1124,2.478531,2.7263300242130915,-0.24779902421309163
1125,2.46955,2.7268545851002974,-0.2573045851002975
1126,2.456058,2.7265517403057893,-0.2704937403057892
1127,2.4510825,2.725402194566599,-0.2743196945665991
1128,2.4432025,2.7228170771228344,-0.27961457712283444
1129,2.4473224,2.7188834936630455,-0.2715610936630455
1130,2.4502683,2.7138519694461176,-0.2635836694461178
1131,2.4547348,2.707290213196926,-0.25255541319692565
1132,2.461333,2.700124994250709,-0.23879199425070885
1133,2.4659445,2.6944280374335734,-0.2284835374335734
1134,2.4647958,2.6877938408055133,-0.22299804080551322
1135,2.4743435,2.6818732974452213,-0.2075297974452215
1136,2.4818149,2.676750040551759,-0.1949351405517592
1137,2.4834812,2.670638353255171,-0.18715715325517124
1138,2.482569,2.6625812204272514,-0.18001222042725162
1139,2.4827173,2.65241003533579,-0.16969273533579
1140,2.4813974,2.6416587342733715,-0.16026133427337141
1141,2.4845288,2.631227984381721,-0.14669918438172092
1142,2.4859335,2.623218198865528,-0.1372846988655283
1143,2.492508,2.6172216995047672,-0.1247136995047673
1144,2.5039172,2.6119506720216283,-0.10803347202162827
1145,2.5108316,2.6052591542206227,-0.09442755422062277
1146,2.5202146,2.597930211871252,-0.07771561187125187
1147,2.524255,2.5911084073870088,-0.06685340738700862
1148,2.5069253,2.586667618013564,-0.07974231801356435
1149,2.481213,2.584732999430308,-0.10351999943030821
1150,2.4573429,2.5803143390689414,-0.12297143906894137
1151,2.440373,2.577522540065881,-0.13714954006588087
1152,2.4229236,2.576188359001362,-0.15326475900136227
1153,2.406807,2.5750907369792113,-0.16828373697921117
1154,2.4065464,2.5739663087475964,-0.1674199087475965
1155,2.4156222,2.5733081313028507,-0.1576859313028507
1156,2.4164135,2.5729271376656855,-0.1565136376656855
1157,2.4081388,2.5728024747837352,-0.16466367478373511
1158,2.392017,2.573276751198937,-0.1812597511989371
1159,2.3625805,2.5738377590838293,-0.2112572590838293
1160,2.3286493,2.5745749244779006,-0.24592562447790067
1161,2.3045676,2.5748960786297097,-0.27032847862970977
1162,2.2825644,2.574982857437065,-0.29241845743706474
1163,2.2528458,2.5754924204039393,-0.32264662040393954
1164,2.241042,2.5765386425382673,-0.33549664253826705
1165,2.2320676,2.5779930833627893,-0.34592548336278917
1166,2.224567,2.5798755664307715,-0.3553085664307716
1167,2.231589,2.5821293238568104,-0.35054032385681033
1168,2.242788,2.5849315419092203,-0.34214354190922025
1169,2.2473843,2.5879897248088293,-0.3406054248088295
1170,2.2518234,2.590943879826347,-0.33912047982634697
1171,2.265892,2.5923083133845477,-0.3264163133845477
1172,2.2699792,2.592350557953834,-0.3223713579538341
1173,2.2782538,2.5920710334346855,-0.3138172334346856
1174,2.2714953,2.5923278859580163,-0.3208325859580161
1175,2.2474387,2.5928961057025686,-0.34545740570256855
1176,2.2477036,2.5957387605728965,-0.34803516057289663
1177,2.2433798,2.5998809075549683,-0.3565011075549682
1178,2.2557657,2.6047209837935843,-0.3489552837935843
1179,2.2641644,2.6091439557317626,-0.34497955573176275
1180,2.2721493,2.613305758562904,-0.3411564585629039
1181,2.2625253,2.6165612597554126,-0.3540359597554126
1182,2.2615573,2.618625973967641,-0.35706867396764075
1183,2.2462964,2.6209254438522946,-0.3746290438522948
1184,2.2349167,2.6247341281584737,-0.38981742815847387
1185,2.2377799,2.6296690270017304,-0.3918891270017304
1186,2.2321155,2.6368911094916565,-0.4047756094916566
1187,2.247952,2.648515902034503,-0.40056390203450265
1188,2.2371097,2.6602784453140154,-0.4231687453140154
1189,2.2466202,2.6720033897744253,-0.42538318977442513
1190,2.2592053,2.6822616510978623,-0.4230563510978622
1191,2.2661035,2.6953788294310046,-0.42927532943100477
1192,2.2862418,2.7061501249214777,-0.41990832492147767
1193,2.2923343,2.7166415130458472,-0.4243072130458474
1194,2.3105316,2.7275671134455948,-0.41703551344559475
1195,2.321991,2.7390883181486645,-0.41709731814866435
1196,2.3435156,2.7523589165259823,-0.4088433165259824
1197,2.3618884,2.7654789730494787,-0.40359057304947843
1198,2.38443,2.777292871643755,-0.392862871643755
1199,2.3888462,2.788622057421158,-0.39977585742115807
1200,2.3842185,2.799721867909666,-0.415503367909666
1201,2.3765237,2.8130422924084457,-0.4365185924084458
1202,2.3725193,2.8245385150998628,-0.45201921509986276
1203,2.372092,2.8318888391934887,-0.4597968391934888
1204,2.3782382,2.839378341722135,-0.4611401417221348
1205,2.3840604,2.8467947550726866,-0.46273435507268657
1206,2.388431,2.8584594683516364,-0.47002846835163625
1207,2.4003143,2.8717038335846943,-0.4713895335846945
1208,2.4176517,2.8805304730756824,-0.4628787730756825
1209,2.42333,2.8891055078579746,-0.4657755078579746
1210,2.4288657,2.8973073109969705,-0.4684416109969707
1211,2.4138064,2.9052813827143344,-0.49147498271433454
1212,2.3913705,2.912903810277118,-0.521533310277118
1213,2.3689325,2.920136469263702,-0.5512039692637019
1214,2.3496106,2.926947290316388,-0.5773366903163879
1215,2.3441303,2.9334344743950553,-0.5893041743950556
1216,2.3386548,2.9397136831764756,-0.6010588831764756
1217,2.3430579,2.94579211185764,-0.6027342118576402
1218,2.3445075,2.9514817629174877,-0.6069742629174875
1219,2.346805,2.9562192138846575,-0.6094142138846577
1220,2.3590906,2.9591542693021107,-0.6000636693021106
1221,2.4267404,2.9601878949140166,-0.5334474949140167
1222,2.4458325,2.9606170917600747,-0.5147845917600748
1223,2.4646683,2.9618313665736262,-0.4971630665736262
1224,2.4844654,2.9638342068294596,-0.4793688068294597
1225,2.4915192,2.9655673216640293,-0.4740481216640293
1226,2.4911394,2.9687762601591134,-0.47763686015911366
1227,2.490515,2.9720254343034496,-0.48151043430344975
1228,2.489701,2.9759618947201534,-0.4862608947201532
1229,2.488752,2.978811158133947,-0.4900591581339473
1230,2.487723,2.9813040760294642,-0.4935810760294643
1231,2.486669,2.986026646937669,-0.49935764693766904
1232,2.4856446,2.9915290624493824,-0.5058844624493823
1233,2.484705,2.9960082086895627,-0.5113032086895628
1234,2.4839046,2.9993351206081305,-0.5154305206081307
1235,2.4832985,3.0027539008243136,-0.5194554008243135
1236,2.4829416,3.0073015292287555,-0.5243599292287553
1237,2.488266,3.0115613199645694,-0.5232953199645696
1238,2.4665973,3.016260707473269,-0.5496634074732687
1239,2.44607,3.021886430508184,-0.5758164305081839
1240,2.454398,3.0300215905975025,-0.5756235905975027
1241,2.445743,3.035238973939286,-0.5894959739392864
1242,2.4488513,3.0401131963626096,-0.5912618963626097
1243,2.4510553,3.0492764294046606,-0.5982211294046604
1244,2.4608328,3.0561185529421557,-0.5952857529421558
1245,2.4736035,3.062230828451271,-0.5886273284512713
1246,2.4875433,3.0686531591711503,-0.5811098591711503
1247,2.4969287,3.073972035793958,-0.5770433357939582
1248,2.5089276,3.0779081431387376,-0.5689805431387378
1249,2.539336,3.079453371308465,-0.5401173713084648
1250,2.5578396,3.0786808581024268,-0.5208412581024269
1251,2.5454047,3.07605570554647,-0.5306510055464697
1252,2.5323148,3.0714639630280667,-0.5391491630280667
1253,2.5093548,3.0656621574515626,-0.5563073574515625
1254,2.490301,3.0577340748370267,-0.5674330748370267
1255,2.4600797,3.048714905479745,-0.5886352054797448
1256,2.439741,3.0399872220941324,-0.6002462220941323
1257,2.4269562,3.030441986898209,-0.6034857868982093
1258,2.4146924,3.0231286851095285,-0.6084362851095286
1259,2.3955994,3.016257509749445,-0.6206581097494448
1260,2.3666556,3.007199408553427,-0.640543808553427
1261,2.3401685,2.998356935686218,-0.6581884356862182
1262,2.3220673,2.9891251922581348,-0.6670578922581347
1263,2.3105893,2.978445201629296,-0.667855901629296
1264,2.3133523,2.9668486065861677,-0.6534963065861676
1265,2.3170483,2.954703478685804,-0.637655178685804
1266,2.3203824,2.942213811196044,-0.6218314111960437
1267,2.3047092,2.929017782781981,-0.624308582781981
1268,2.293758,2.9150921545025605,-0.6213341545025606
1269,2.2884326,2.900580436531686,-0.6121478365316859
1270,2.2834408,2.885869127902134,-0.6024283279021336
1271,2.2728348,2.870558861454632,-0.597724061454632
1272,2.2689633,2.8557124769992828,-0.586749176999283
1273,2.2671857,2.841818719946585,-0.5746330199465848
1274,2.2649503,2.826625963810478,-0.5616756638104778
1275,2.261164,2.8105874156984916,-0.5494234156984916
1276,2.2711651,2.7948271899914086,-0.5236620899914084
1277,2.2679858,2.7816237390046443,-0.5136379390046444
1278,2.2700162,2.7673229329290003,-0.4973067329290002
1279,2.2884433,2.7512644745771424,-0.46282117457714245
1280,2.2883322,2.7345879862299665,-0.4462557862299663
1281,2.299118,2.719969740599552,-0.4208517405995522
1282,2.307192,2.707020221518407,-0.399828221518407
1283,2.3027072,2.693627197405207,-0.3909199974052071
1284,2.2988129,2.679693449925899,-0.3808805499258989
1285,2.291155,2.665715168003,-0.3745601680030002
1286,2.2880282,2.6529361922385277,-0.3649079922385279
1287,2.2817557,2.6418346166247497,-0.36007891662474956
1288,2.2790506,2.631846145806841,-0.352795545806841
1289,2.2641644,2.621370240570561,-0.35720584057056115
1290,2.2516544,2.6108868907960896,-0.35923249079608954
1291,2.230653,2.6001766995947593,-0.36952369959475906
1292,2.1863654,2.5893192980139794,-0.4029538980139793
1293,2.1700757,2.579186832551264,-0.40911113255126397
1294,2.1673617,2.569954017348371,-0.402592317348371
1295,2.140578,2.5616543045097586,-0.4210763045097585
1296,2.1404092,2.5549509461448103,-0.4145417461448102
1297,2.1228352,2.5495658611005894,-0.42673066110058944
1298,2.1030633,2.545174486946195,-0.4421111869461951
1299,2.098838,2.5416837665505527,-0.4428457665505525
1300,2.0952704,2.538866133494398,-0.44359573349439785
1301,2.0923052,2.5381379409607288,-0.44583274096072856
1302,2.0898867,2.5375297121342877,-0.4476430121342876
1303,2.0879588,2.5357423609370944,-0.44778356093709437
1304,2.0864666,2.5347728149590907,-0.4483062149590906
1305,2.0853539,2.5345477402279197,-0.44919384022791986
1306,2.0845654,2.534978089057562,-0.45041268905756215
1307,2.084045,2.535900443448484,-0.45185544344848383
1308,2.0837376,2.5365900199440197,-0.4528524199440196
1309,2.0835872,2.53620007791386,-0.4526128779138596
1310,2.0835383,2.5366638638067465,-0.4531255638067466
1311,2.135704,2.5389019076849806,-0.40319790768498054
1312,2.1513858,2.5411708421019235,-0.38978504210192355
1313,2.1548462,2.543993537236817,-0.38914733723681705
1314,2.114794,2.5464219660998895,-0.4316279660998896
1315,2.1144345,2.5486395206330084,-0.43420502063300814
1316,2.1035767,2.552830609678735,-0.44925390967873513
1317,2.1172376,2.556639672983521,-0.43940207298352085
1318,2.1223538,2.562241083175275,-0.4398872831752749
1319,2.122321,2.573146978940209,-0.4508259789402089
1320,2.1276245,2.5854904973029784,-0.4578659973029784
1321,2.1265466,2.594442709272279,-0.46789610927227887
1322,2.1435895,2.6027342488783365,-0.45914474887833645
1323,2.1536374,2.6133128199621103,-0.45967541996211025
1324,2.180032,2.6233380263620707,-0.4433060263620705
1325,2.200895,2.6341809925849344,-0.4332859925849344
1326,2.195731,2.648175689693087,-0.45244468969308693
1327,2.2054684,2.6647934266515976,-0.4593250266515976
1328,2.2235806,2.680672433429987,-0.45709183342998694
1329,2.2351434,2.692147209871738,-0.45700380987173794
1330,2.2408164,2.7018217331443184,-0.46100533314431846
1331,2.2454987,2.710936233856504,-0.465437533856504
1332,2.2611847,2.7205911441828325,-0.4594064441828327
1333,2.2730222,2.7292595300844984,-0.4562373300844982
1334,2.2836914,2.7380381241875886,-0.4543467241875887
1335,2.297978,2.7467234706388184,-0.4487454706388183
1336,2.313032,2.7539905568245024,-0.44095855682450225
1337,2.315712,2.759957178070494,-0.4442451780704939
1338,2.319032,2.763790460982067,-0.44475846098206695
1339,2.3360868,2.768824907605898,-0.43273810760589804
1340,2.3403702,2.7738905836730448,-0.4335203836730446
1341,2.3426971,2.779579447029333,-0.43688234702933304
1342,2.3546546,2.7893112722671765,-0.4346566722671765
1343,2.3640866,2.7967617824112323,-0.4326751824112325
1344,2.3733814,2.8042558994559807,-0.4308744994559808
1345,2.3877323,2.811771290705732,-0.42403899070573203
1346,2.3980496,2.818882225121728,-0.42083262512172803
1347,2.4119034,2.8259870553645587,-0.4140836553645588
1348,2.416868,2.8328389095842983,-0.4159709095842983
1349,2.4310663,2.8390015130935082,-0.40793521309350833
1350,2.4450967,2.8444779256710873,-0.39938122567108714
1351,2.4562411,2.8498508728355727,-0.3936097728355725
1352,2.472073,2.854952009695342,-0.38287900969534183
1353,2.4669995,2.859636049744398,-0.392636549744398
1354,2.4485016,2.86413679087216,-0.41563519087215983
1355,2.4134085,2.8684560226312072,-0.4550475226312072
1356,2.3692398,2.8723767474640143,-0.5031369474640144
1357,2.3373086,2.875773683779538,-0.538465083779538
1358,2.313541,2.8794292945284936,-0.5658882945284938
1359,2.3031628,2.8825527772800252,-0.5793899772800253
1360,2.2984226,2.8851594929201267,-0.5867368929201269
1361,2.30724,2.8884117597288403,-0.5811717597288402
1362,2.3141415,2.893046720507567,-0.5789052205075671
1363,2.3263822,2.896499219620466,-0.5701170196204663
1364,2.3393445,2.8971228931464337,-0.5577783931464335
1365,2.3581042,2.8974440195839852,-0.5393398195839851
1366,2.3768964,2.8975091814301037,-0.5206127814301036
1367,2.4000232,2.8995913283454215,-0.4995681283454214
1368,2.4128473,2.9015264619887136,-0.4886791619887134
1369,2.4246738,2.901479083138451,-0.47680528313845105
1370,2.4380875,2.9012041366322077,-0.4631166366322077
1371,2.4391239,2.9006881379678027,-0.4615642379678029
1372,2.4467251,2.899834935321213,-0.4531098353212131
1373,2.4583206,2.8984560645228514,-0.44013546452285146
1374,2.4785364,2.8965798454840344,-0.4180434454840345
1375,2.4945602,2.893824971094565,-0.39926477109456515
1376,2.4834378,2.889721267892297,-0.4062834678922971
1377,2.4825091,2.8837037623851756,-0.4011946623851754
1378,2.4801059,2.8742119269481443,-0.39410602694814445
1379,2.480837,2.863751229383577,-0.382914229383577
1380,2.4828317,2.8535789113135834,-0.37074721131358324
1381,2.4920065,2.846296243754323,-0.3542897437543231
1382,2.494739,2.844232609640499,-0.3494936096404988
1383,2.4927487,2.848511372097411,-0.35576267209741097
1384,2.4857776,2.854351767447136,-0.3685741674471359
1385,2.4666302,2.8568954008106857,-0.3902652008106857
1386,2.4516416,2.857419156507093,-0.40577755650709335
1387,2.4336765,2.8554481698864693,-0.4217716698864695
1388,2.419765,2.8505863154398403,-0.43082131543984037
1389,2.4148242,2.8456307966839827,-0.4308065966839827
1390,2.41145,2.841306701347359,-0.4298567013473593
1391,2.4065824,2.8359700308598064,-0.42938763085980636
1392,2.3993802,2.830140981443152,-0.4307607814431522
1393,2.3893192,2.824551116327318,-0.43523191632731795
1394,2.3723614,2.8189429201427103,-0.44658152014271035
1395,2.3690326,2.8137939063850768,-0.4447613063850766
1396,2.358854,2.809135125550515,-0.4502811255505148
1397,2.358515,2.804395191024477,-0.44588019102447696
1398,2.3594055,2.7983569231673466,-0.4389514231673468
1399,2.362055,2.7903225712884945,-0.4282675712884947
1400,2.3564594,2.7821536697002376,-0.4256942697002377
1401,2.3548105,2.7750358569340796,-0.4202253569340795
1402,2.3445446,2.768760605803643,-0.42421600580364327
1403,2.3393903,2.7631191235653016,-0.42372882356530184
1404,2.3331354,2.756411596016113,-0.42327619601611266
1405,2.325517,2.751373814907825,-0.4258568149078248
1406,2.3200738,2.7470678088887595,-0.4269940088887596
1407,2.3215747,2.7430409232954713,-0.4214662232954711
1408,2.3175561,2.7392544628569375,-0.4216983628569375
1409,2.316608,2.735013631643844,-0.4184056316438438
1410,2.3217163,2.730337518145552,-0.40862121814555197
1411,2.321215,2.726520711581915,-0.405305711581915
1412,2.322041,2.724239925285265,-0.40219892528526513
1413,2.3156717,2.721984217277906,-0.4063125172779056
1414,2.3142483,2.719346953161948,-0.4050986531619478
1415,2.3010297,2.716431566463977,-0.41540186646397714
1416,2.288256,2.713601431988318,-0.4253454319883181
1417,2.288267,2.7113010675292113,-0.42303406752921147
1418,2.2637875,2.709941705830845,-0.4461542058308452
1419,2.2641819,2.709511435773995,-0.44532953577399503
1420,2.2553732,2.710226346381734,-0.4548531463817338
1421,2.2649066,2.712517580090218,-0.44761098009021794
1422,2.2765558,2.7159752938423916,-0.43941949384239143
1423,2.2894015,2.7205802090974283,-0.4311787090974284
1424,2.296246,2.7252091705984136,-0.4289631705984136
1425,2.2956958,2.728287764825749,-0.432591964825749
1426,2.3066776,2.73153400035364,-0.42485640035364014
1427,2.3089404,2.7355897101733504,-0.4266493101733504
1428,2.3176248,2.7403195492399415,-0.42269474923994155
1429,2.3070025,2.745616344087749,-0.43861384408774917
1430,2.3162503,2.7529126442863148,-0.4366623442863147
1431,2.3123355,2.7593196556148114,-0.4469841556148113
1432,2.3102658,2.7635396585951053,-0.4532738585951055
1433,2.312718,2.7682530889533727,-0.4555350889533729
1434,2.3109295,2.773591550030601,-0.46266205003060135
1435,2.3165326,2.779643072250025,-0.4631104722500252
1436,2.3158798,2.785601964760631,-0.46972216476063133
1437,2.327869,2.7920857833428174,-0.46421678334281724
1438,2.3189545,2.7993429863531856,-0.48038848635318576
1439,2.323713,2.806574181299578,-0.4828611812995778
1440,2.334151,2.8140983017266974,-0.47994730172669753
1441,2.347277,2.8222574614921423,-0.47498046149214224
1442,2.359531,2.830483823905172,-0.4709528239051721
1443,2.3883078,2.8394277732706783,-0.4511199732706781
1444,2.3982522,2.8502595085921323,-0.45200730859213234
1445,2.4117343,2.8607114439818635,-0.4489771439818635
1446,2.4085388,2.875292767054812,-0.466753967054812
1447,2.3984964,2.8896260545223176,-0.4911296545223176
1448,2.3758447,2.9010088506189518,-0.5251641506189517
1449,2.3635483,2.91283768389302,-0.54928938389302
1450,2.3621128,2.924396912643129,-0.562284112643129
1451,2.3641086,2.935696463700181,-0.5715878637001812
1452,2.3789694,2.946420805119985,-0.5674514051199853
1453,2.4040058,2.9573835965554522,-0.553377796555452
1454,2.4286957,2.967559742682912,-0.5388640426829121
1455,2.4670835,2.9763813969807744,-0.5092978969807742
1456,2.4966736,2.9847883536802278,-0.48811475368022794
1457,2.5283737,2.9929333396292335,-0.4645596396292335
1458,2.5589795,2.999698199038506,-0.44071869903850613
1459,2.5756552,3.0071004582956067,-0.43144525829560676
1460,2.5983179,3.0156465208908645,-0.4173286208908644
1461,2.6130905,3.0243443942091126,-0.4112538942091124
1462,2.6251624,3.0370642704610096,-0.4119018704610098
1463,2.646417,3.05026615947027,-0.40384915947027
1464,2.658079,3.060360447337498,-0.40228144733749804
1465,2.6693857,3.0720339286554355,-0.4026482286554356
1466,2.6748035,3.08363326206218,-0.4088297620621799
1467,2.680978,3.0949768421317674,-0.4139988421317673
1468,2.680288,3.10615395180312,-0.4258659518031198
1469,2.680203,3.116046065073818,-0.4358430650738181
1470,2.6841474,3.1254927165863435,-0.44134531658634346
1471,2.6839032,3.1360150815785746,-0.4521118815785745
1472,2.7044666,3.1464827150165937,-0.44201611501659377
1473,2.7026532,3.1574697249923376,-0.4548165249923377
1474,2.7119293,3.17137855655155,-0.45944925655155
1475,2.7141788,3.188813414156594,-0.474634614156594
1476,2.7243195,3.2056661612135464,-0.4813466612135464
1477,2.7356622,3.2209939320420338,-0.4853317320420336
1478,2.7543259,3.234445448367711,-0.480119548367711
1479,2.7710855,3.242811776603642,-0.4717262766036421
1480,2.781954,3.2485200317373373,-0.46656603173733746
1481,2.7766736,3.253703800593522,-0.47703020059352186
1482,2.7869437,3.258148699603646,-0.4712049996036458
1483,2.794304,3.2613008853652987,-0.4669968853652988
1484,2.7981458,3.263710667583463,-0.46556486758346294
1485,2.8105915,3.268335526080389,-0.4577440260803889
1486,2.8046405,3.274045962941899,-0.4694054629418991
1487,2.7806637,3.278362370332554,-0.4976986703325541
1488,2.7756772,3.282877782649613,-0.5072005826496131
1489,2.783662,3.2868849208375965,-0.5032229208375965
1490,2.7780194,3.289417179507606,-0.5113977795076061
1491,2.7839224,3.2908701292985345,-0.5069477292985347
1492,2.779614,3.2914805097028026,-0.5118665097028026
1493,2.7859561,3.2912744377241903,-0.5053183377241903
1494,2.7998745,3.2900761786730204,-0.49020167867302034
1495,2.8085687,3.288213671656474,-0.4796449716564739
1496,2.8117697,3.2854982894709717,-0.4737285894709715
1497,2.809483,3.28329588027103,-0.47381288027102997
1498,2.840077,3.2814046258786003,-0.4413276258786003
1499,2.844889,3.277582153353676,-0.4326931533536764
1500,2.853082,3.2725477112812387,-0.41946571128123855
1501,2.858709,3.266472977427382,-0.4077639774273818
1502,2.8644888,3.2608201389212237,-0.3963313389212235
1503,2.8609424,3.254146723304081,-0.39320432330408117
1504,2.8568332,3.244827858203886,-0.387994658203886
1505,2.8432803,3.23437450011245,-0.39109420011245
1506,2.8335462,3.2235841080867487,-0.3900379080867489
1507,2.8301795,3.2121873830146175,-0.38200788301461763
1508,2.8264804,3.200819180931588,-0.3743387809315881
1509,2.8125415,3.189505416072246,-0.376963916072246
1510,2.806706,3.1776989171612615,-0.37099291716126137
1511,2.7768838,3.1656583643965175,-0.3887745643965177
1512,2.754024,3.1536347821020945,-0.39961078210209466
1513,2.727548,3.141559312022618,-0.41401131202261787
1514,2.692955,3.1291820627999796,-0.4362270627999796
1515,2.6563046,3.1166834079925874,-0.46037880799258746
1516,2.6207669,3.1063025370544155,-0.4855356370544155
1517,2.589033,3.09626637451868,-0.5072333745186799
1518,2.5450397,3.0823493329299367,-0.5373096329299369
1519,2.5221024,3.065383288818276,-0.5432808888182761
1520,2.5032055,3.048674160681433,-0.5454686606814332
1521,2.468558,3.0334417497039805,-0.5648837497039807
1522,2.4491534,3.0187098663316285,-0.5695564663316284
1523,2.4291034,3.002953575340476,-0.5738501753404761
1524,2.4140277,2.9873088148516436,-0.5732811148516435
1525,2.4074783,2.9724879741613797,-0.5650096741613795
1526,2.402794,2.9580041975135893,-0.5552101975135892
1527,2.3923416,2.9435504481715675,-0.5512088481715676
1528,2.3857663,2.929400646479824,-0.5436343464798243
1529,2.3716977,2.915436508712428,-0.543738808712428
1530,2.353096,2.9022316432888386,-0.5491356432888388
1531,2.3338013,2.8893059267789876,-0.5555046267789874
1532,2.3214624,2.8764728930151757,-0.5550104930151756
1533,2.3094242,2.864136928288157,-0.5547127282881568
1534,2.3022177,2.852354951567787,-0.5501372515677869
1535,2.3005512,2.8415982573922283,-0.5410470573922281
1536,2.2835758,2.8318358345768786,-0.5482600345768787
1537,2.277042,2.823215916034362,-0.5461739160343622
1538,2.2642605,2.8155082151298516,-0.5512477151298518
1539,2.2588031,2.808035707511466,-0.549232607511466
1540,2.2442791,2.80079812965523,-0.55651902965523
1541,2.2323444,2.7940169059296496,-0.5616725059296495
1542,2.2253287,2.7876188282642844,-0.5622901282642845
1543,2.230229,2.781573397660643,-0.5513443976606429
1544,2.2349179,2.7764419861939613,-0.5415240861939612
1545,2.239988,2.772193897524113,-0.5322058975241131
1546,2.2565134,2.7683087818860717,-0.5117953818860719
1547,2.2526495,2.764925832490666,-0.5122763324906661
1548,2.2560272,2.7628102203493765,-0.5067830203493764
1549,2.2583008,2.761361242474481,-0.5030604424744807
1550,2.2867966,2.7599475737528096,-0.47315097375280946
1551,2.301821,2.7591381692964205,-0.45731716929642063
1552,2.3060324,2.7587215432115415,-0.45268914321154163
1553,2.3321812,2.7590782759966546,-0.4268970759966546
1554,2.3447404,2.759836600262472,-0.41509620026247207
1555,2.3525593,2.7605586193507454,-0.4079993193507456
1556,2.358394,2.7617717196487566,-0.40337771964875646
1557,2.3626077,2.763429992635367,-0.4008222926353673
1558,2.365564,2.768620383160535,-0.40305638316053516
1559,2.3676262,2.779416484489214,-0.41179028448921384
1560,2.3691576,2.790579309793656,-0.42142170979365634
1561,2.3705213,2.795281135666039,-0.4247598356660389
1562,2.3720808,2.8001022962824678,-0.4280214962824678
1563,2.3906848,2.8066991126908722,-0.4160143126908724
1564,2.3812256,2.8147578422779653,-0.4335322422779653
1565,2.3880463,2.8230655430129312,-0.43501924301293116
1566,2.4005377,2.8307851685852086,-0.43024746858520846
1567,2.398785,2.838722844925888,-0.43993784492588794
1568,2.4107382,2.846120728853259,-0.4353825288532591
1569,2.408468,2.8535459931165366,-0.4450779931165365
1570,2.399849,2.8603231879398083,-0.4604741879398082
1571,2.391605,2.8645050602057887,-0.47290006020578845
1572,2.3893225,2.8676873725610497,-0.47836487256104965
1573,2.382297,2.8705459578982695,-0.4882489578982696
1574,2.3865345,2.873305902700701,-0.4867714027007013
1575,2.3762958,2.875447312452013,-0.49915151245201317
1576,2.3820593,2.8777549579855517,-0.4956956579855518
1577,2.3774512,2.880084923004631,-0.5026337230046312
1578,2.3701172,2.881983312563193,-0.5118661125631929
1579,2.3662937,2.883549738201278,-0.5172560382012779
1580,2.3676279,2.8851604989534994,-0.5175325989534993
1581,2.367232,2.886660839064951,-0.5194288390649509
1582,2.375473,2.8906028877609242,-0.5151298877609243
1583,2.3788245,2.8962287351522313,-0.5174042351522314
1584,2.3936648,2.897677823983439,-0.5040130239834393
1585,2.3989627,2.898426920817215,-0.4994642208172153
1586,2.3958108,2.898930243926168,-0.5031194439261681
1587,2.391569,2.8991292315976467,-0.5075602315976466
1588,2.3900104,2.8992738133756566,-0.5092634133756566
1589,2.3852518,2.899885950270752,-0.5146341502707523
1590,2.3829303,2.900551770122523,-0.5176214701225232
1591,2.3869455,2.90042098179438,-0.5134754817943801
1592,2.3950381,2.9001082710492554,-0.5050701710492556
1593,2.3975232,2.900065677142126,-0.5025424771421259
1594,2.398916,2.899827330544622,-0.5009113305446222
1595,2.398646,2.898806817072006,-0.5001608170720062
1596,2.3888934,2.8976992562003328,-0.5088058562003326
1597,2.3811102,2.896664825508099,-0.5155546255080989
1598,2.373983,2.895615211136169,-0.5216322111361689
1599,2.3675194,2.8941779269839882,-0.5266585269839883
1600,2.3617284,2.89241722471707,-0.5306888247170698
1601,2.3566177,2.8906570947681276,-0.5340393947681275
1602,2.3536057,2.8889043516843573,-0.5352986516843572
1603,2.353797,2.887285661744103,-0.5334886617441028
1604,2.3541882,2.885668740465912,-0.5314805404659122
1605,2.3547466,2.8839673070176057,-0.5292207070176058
1606,2.3554385,2.8824003466563046,-0.5269618466563046
1607,2.3562307,2.8809848900824684,-0.5247541900824686
1608,2.3570895,2.87967858704279,-0.5225890870427903
1609,2.3579817,2.8784394362424317,-0.5204577362424319
1610,2.358874,2.877198682562684,-0.5183246825626839
1611,2.3597329,2.875978578214459,-0.5162456782144589
1612,2.3605251,2.8746071936321966,-0.5140820936321968
1613,2.361217,2.8733659249497294,-0.5121489249497295
1614,2.3617754,2.872527560602211,-0.5107521606022112
1615,2.3621666,2.8717419797762163,-0.5095753797762161
1616,2.3623579,2.871169989635378,-0.508812089635378
1617,2.3633575,2.870943726162268,-0.5075862261622679
1618,2.3865237,2.8711330600375717,-0.4846093600375716
1619,2.3988397,2.871690589599892,-0.4728508895998922
1620,2.4155219,2.8725322421593864,-0.4570103421593865
1621,2.4270978,2.8737591626257704,-0.4466613626257705
1622,2.4464786,2.8753610946497736,-0.4288824946497738
1623,2.4529266,2.8775389335537427,-0.4246123335537426
1624,2.454119,2.8799728244051344,-0.4258538244051344
1625,2.4505954,2.882786786083049,-0.4321913860830491
1626,2.452143,2.886030257788841,-0.43388725778884085
1627,2.451233,2.8896070324150362,-0.43837403241503603
1628,2.450495,2.8935712954968116,-0.4430762954968115
1629,2.4484732,2.8979522209570887,-0.4494790209570887
1630,2.454495,2.902587676291963,-0.4480926762919628
1631,2.4611533,2.9074148035185368,-0.4462615035185369
1632,2.4745593,2.9124055386334877,-0.4378462386334876
1633,2.5025296,2.917726356936552,-0.415196756936552
1634,2.5089993,2.9233131747769923,-0.4143138747769921
1635,2.5171869,2.9289425016523443,-0.41175560165234426
1636,2.5271966,2.9346670212096373,-0.4074704212096374
1637,2.5293033,2.940526361878382,-0.4112230618783821
1638,2.5224228,2.946774725525904,-0.4243519255259036
1639,2.5169415,2.9530224940598697,-0.43608099405986955
1640,2.5260684,2.959318215435093,-0.4332498154350928
1641,2.5193002,2.9657324262744478,-0.4464322262744478
1642,2.513613,2.972302040086124,-0.4586890400861243
1643,2.5132675,2.9793625469152527,-0.4660950469152527
1644,2.5095356,2.987249400770228,-0.47771380077022796
1645,2.5146015,2.9949961346404677,-0.4803946346404677
1646,2.5171902,3.0021539395901615,-0.4849637395901616
1647,2.518122,3.0086471143358056,-0.4905251143358056
1648,2.5115771,3.014314324610731,-0.5027372246107311
1649,2.5124686,3.0195342770893636,-0.5070656770893636
1650,2.5118268,3.024533708454079,-0.5127069084540787
1651,2.50714,3.029619564728742,-0.5224795647287417
1652,2.4982104,3.0347421476201903,-0.5365317476201903
1653,2.4829113,3.039882536614944,-0.556971236614944
1654,2.4692132,3.0447648373115634,-0.5755516373115634
1655,2.4833646,3.049483878762428,-0.5661192787624283
1656,2.4573212,3.053989965094705,-0.5966687650947051
1657,2.4346356,3.060052104350659,-0.625416504350659
1658,2.4137814,3.066400585300722,-0.6526191853007219
1659,2.4052975,3.070758491864024,-0.6654609918640237
1660,2.3973324,3.0744965099387556,-0.6771641099387558
1661,2.400795,3.0780319924096426,-0.6772369924096426
1662,2.3998773,3.081238084460096,-0.6813607844600962
1663,2.4065921,3.0842638737533883,-0.6776717737533882
1664,2.408457,3.087680675865245,-0.679223675865245
1665,2.407511,3.09160714196638,-0.6840961419663802
1666,2.4081836,3.0960844581355094,-0.6879008581355093
1667,2.4095142,3.1005756897524135,-0.6910614897524137
1668,2.413097,3.104911368830197,-0.691814368830197
1669,2.4121966,3.1086443620407636,-0.6964477620407634
1670,2.4297168,3.111867681285598,-0.6821508812855979
1671,2.4508862,3.114612007128445,-0.6637258071284453
1672,2.4801764,3.117160010190126,-0.6369836101901258
1673,2.495161,3.1193482321092745,-0.6241872321092745
1674,2.5049713,3.121080933863989,-0.6161096338639891
1675,2.5120738,3.1230577732617055,-0.6109839732617055
1676,2.5170245,3.125374282998986,-0.6083497829989857
1677,2.5203786,3.130678188409724,-0.610299588409724
1678,2.5226917,3.1362841006888487,-0.6135924006888485
1679,2.5245192,3.139381808207493,-0.6148626082074933
1680,2.526417,3.142549828342561,-0.6161328283425611
1681,2.5289404,3.145661002343444,-0.616720602343444
1682,2.532645,3.1491654888625433,-0.6165204888625433
1683,2.5380862,3.1528566480366322,-0.6147704480366323
1684,2.5458198,3.156401726818211,-0.6105819268182113
1685,2.5559022,3.1599645942505656,-0.6040623942505658
1686,2.559094,3.1635190604115078,-0.6044250604115078
1687,2.5893075,3.1671377890500714,-0.5778302890500715
1688,2.6360059,3.1711806917677814,-0.5351747917677816
1689,2.6553247,3.1752675852648853,-0.5199428852648853
1690,2.6616788,3.179259049229274,-0.5175802492292743
1691,2.6644647,3.1832819692510297,-0.5188172692510298
1692,2.6737735,3.1871268169815754,-0.5133533169815756
1693,2.6896155,3.1909027696561494,-0.5012872696561494
1694,2.6981409,3.1945256485020974,-0.4963847485020976
1695,2.704954,3.198473884998995,-0.493519884998995
1696,2.6972973,3.2026951487708435,-0.5053978487708437
1697,2.695925,3.206915737145435,-0.510990737145435
1698,2.688748,3.2109816275360683,-0.5222336275360684
1699,2.6810205,3.2148897592819257,-0.5338692592819259
1700,2.6834042,3.2184351652390877,-0.5350309652390877
1701,2.689195,3.2213325743888275,-0.5321375743888277
1702,2.6883557,3.223849183810311,-0.5354934838103111
1703,2.7010858,3.2261226031277723,-0.5250368031277723
1704,2.7092438,3.2278537984633613,-0.5186099984633614
1705,2.7167184,3.2291932788118363,-0.5124748788118363
1706,2.7207184,3.2304103508414026,-0.5096919508414026
1707,2.7290585,3.2333751643149333,-0.5043166643149335
1708,2.7374115,3.2360019194192624,-0.4985904194192625
1709,2.7396634,3.236613259896539,-0.49694985989653917
1710,2.7404697,3.2370347195931233,-0.4965650195931235
1711,2.7403967,3.23704366855881,-0.4966469685588102
1712,2.7531018,3.2365457302479816,-0.4834439302479816
1713,2.7623367,3.235629278614245,-0.4732925786142448
1714,2.7708042,3.2361181546402147,-0.4653139546402145
1715,2.7453625,3.236353149568975,-0.49099064956897465
1716,2.741625,3.2343930915738244,-0.4927680915738244
1717,2.749321,3.2315200750669435,-0.4821990750669434
1718,2.7557428,3.228423574824057,-0.4726807748240569
1719,2.7622473,3.2251789250619063,-0.46293162506190644
1720,2.7727966,3.2241606122243347,-0.45136401222433475
1721,2.7771878,3.223063782067732,-0.44587598206773205
1722,2.7718909,3.2200106565376996,-0.44811975653769975
1723,2.7623541,3.216773220992809,-0.4544191209928088
1724,2.7486463,3.213691556776324,-0.46504525677632413
1725,2.7437701,3.210329713277766,-0.46655961327776607
1726,2.7396252,3.2068717419577597,-0.46724654195775983
1727,2.7366214,3.203515528394719,-0.4668941283947188
1728,2.7209036,3.2002816325735965,-0.47937803257359635
1729,2.711717,3.197161779676202,-0.48544477967620203
1730,2.7092776,3.193725355505755,-0.48444775550575514
1731,2.6966336,3.1909635479915366,-0.4943299479915364
1732,2.6810956,3.1879554804516577,-0.5068598804516578
1733,2.6667926,3.1853628272666272,-0.5185702272666273
1734,2.6487079,3.1829794565438947,-0.5342715565438949
1735,2.6393902,3.1805223201567427,-0.541132120156743
1736,2.6360943,3.1773690492034072,-0.5412747492034073
1737,2.6360855,3.174276349550956,-0.538190849550956
1738,2.6337705,3.1717075413989804,-0.5379370413989806
1739,2.6342425,3.1690895802891514,-0.5348470802891514
1740,2.6282413,3.1664565960036133,-0.5382152960036133
1741,2.61198,3.163886596510057,-0.5519065965100571
1742,2.5972998,3.161500899386223,-0.564201099386223
1743,2.5921855,3.1593041127687074,-0.5671186127687076
1744,2.591513,3.1573264440888007,-0.5658134440888007
1745,2.5903912,3.155508091261742,-0.5651168912617419
1746,2.5889027,3.1535203160199567,-0.564617616019957
1747,2.5871296,3.151161046027286,-0.5640314460272862
1748,2.5851543,3.1484571939066335,-0.5633028939066334
1749,2.5830588,3.146242821302778,-0.5631840213027783
1750,2.5809257,3.145307041663897,-0.5643813416638972
1751,2.5788372,3.1446978171243165,-0.5658606171243163
1752,2.5768754,3.145522811567649,-0.5686474115676488
1753,2.575123,3.1459976603149595,-0.5708746603149595
1754,2.573662,3.1467462645415774,-0.5730842645415772
1755,2.5725746,3.1481973667109306,-0.5756227667109308
1756,2.571943,3.1499712656898904,-0.5780282656898903
1757,2.5824683,3.1518741893617985,-0.5694058893617986
1758,2.6001358,3.1536514001249927,-0.5535156001249928
1759,2.6236126,3.1569046833539436,-0.5332920833539436
1760,2.6359296,3.160527742558584,-0.5245981425585842
1761,2.645738,3.1638999086278785,-0.5181619086278784
1762,2.6573193,3.1681145660921652,-0.5107952660921651
1763,2.660965,3.1730069700274868,-0.5120419700274867
1764,2.6647503,3.1781205184997874,-0.5133702184997873
1765,2.6681519,3.182789000662757,-0.5146371006627573
1766,2.6749432,3.1869019933002325,-0.5119587933002325
1767,2.6812503,3.191098824888054,-0.5098485248880542
1768,2.6888318,3.1953696776751888,-0.5065378776751888
1769,2.7031174,3.2011392164634542,-0.4980218164634542
1770,2.7103512,3.2086278664538668,-0.4982766664538669
1771,2.7225528,3.2147532615560794,-0.49220046155607955
1772,2.7276611,3.220760723322975,-0.49309962332297497
1773,2.7171216,3.2272341626901175,-0.5101125626901175
1774,2.6953485,3.233379126148661,-0.5380306261486609
1775,2.6758618,3.2390200850924478,-0.5631582850924479
1776,2.6564887,3.243174945548403,-0.5866862455484028
1777,2.6441116,3.247090643551058,-0.6029790435510578
1778,2.6365988,3.251067183677622,-0.6144683836776221
1779,2.6303647,3.256923800929932,-0.6265591009299323
1780,2.6297379,3.2644897385338263,-0.6347518385338264
1781,2.6279852,3.271631387163345,-0.6436461871633452
1782,2.6292431,3.2779155335911803,-0.6486724335911802
1783,2.6300867,3.282936847474335,-0.6528501474743349
1784,2.6337574,3.2864517101015593,-0.6526943101015594
1785,2.6357236,3.2887047357055543,-0.6529811357055544
1786,2.6424549,3.2905269269623356,-0.6480720269623355
1787,2.647085,3.2913351729028264,-0.6442501729028263
1788,2.6534534,3.2907843985846394,-0.6373309985846394
1789,2.6347058,3.2899449165072165,-0.6552391165072167
1790,2.6407526,3.288890422173498,-0.6481378221734979
1791,2.6446872,3.287173423238176,-0.6424862232381763
1792,2.6364017,3.2851490270724057,-0.6487473270724058
1793,2.6348288,3.2829268791250543,-0.6480980791250541
1794,2.6472702,3.280215843771758,-0.632945643771758
1795,2.636224,3.2771139374459226,-0.6408899374459227
1796,2.6185925,3.2742676919228257,-0.6556751919228256
1797,2.596235,3.2709042296929702,-0.6746692296929702
1798,2.5605338,3.2669960753461598,-0.7064622753461598
1799,2.5334244,3.2629390523571,-0.7295146523570999
1800,2.513733,3.259489579205085,-0.7457565792050849
1801,2.5074005,3.2566208286870912,-0.7492203286870911
1802,2.4902442,3.2530363930014636,-0.7627921930014638
1803,2.4850867,3.2485597281121406,-0.7634730281121405
1804,2.4824765,3.2443318026983223,-0.7618553026983221
1805,2.4751053,3.239890424530581,-0.7647851245305808
1806,2.471708,3.2334055054413846,-0.7616975054413846
1807,2.4668078,3.2252822440815025,-0.7584744440815023
1808,2.449779,3.2165882934104446,-0.7668092934104447
1809,2.4393451,3.207438145680438,-0.768093045680438
1810,2.4246259,3.1983518409377814,-0.7737259409377812
1811,2.4060178,3.188504851248347,-0.782487051248347
1812,2.387909,3.177922469546546,-0.7900134695465457
1813,2.3734317,3.1664285122503264,-0.7929968122503266
1814,2.3562481,3.153856313245873,-0.7976082132458728
1815,2.3503451,3.140029738796189,-0.7896846387961887
1816,2.3337936,3.1248513742067887,-0.7910577742067888
1817,2.3165958,3.1084740334109737,-0.7918782334109737
1818,2.2928653,3.0914093339641138,-0.7985440339641139
1819,2.2687585,3.073940396570469,-0.8051818965704687
1820,2.254255,3.0550382831144067,-0.8007832831144066
1821,2.242168,3.034391402424876,-0.792223402424876
1822,2.2383707,3.0133100529780212,-0.7749393529780213
1823,2.2283206,2.991697995964233,-0.7633773959642332
1824,2.2213397,2.9695196926976006,-0.7481799926976005
1825,2.2293265,2.947368836262064,-0.718042336262064
1826,2.2225015,2.9246418011371773,-0.7021403011371774
1827,2.2176208,2.901205319337507,-0.683584519337507
1828,2.217757,2.8769562506530226,-0.6591992506530224
1829,2.2174878,2.852504037459361,-0.6350162374593613
1830,2.206239,2.828188164712528,-0.6219491647125279
1831,2.2019327,2.8036845974998803,-0.6017518974998803
1832,2.196214,2.7783540520718173,-0.5821400520718174
1833,2.189209,2.753431033535741,-0.5642220335357409
1834,2.1868885,2.72993006773766,-0.5430415677376601
1835,2.1809094,2.7055771483570132,-0.5246677483570132
1836,2.1800842,2.680925799728774,-0.5008415997287741
1837,2.182613,2.6570210860514374,-0.47440808605143747
1838,2.1804407,2.633122422913411,-0.452681722913411
1839,2.174772,2.6095361189294533,-0.4347641189294533
1840,2.1639905,2.586204808589577,-0.42221430858957687
1841,2.1516821,2.5630375892847974,-0.4113554892847975
1842,2.1419427,2.5397613692043723,-0.39781866920437237
1843,2.1260703,2.5167290014239048,-0.3906587014239049
1844,2.1073227,2.4946202971762848,-0.38729759717628465
1845,2.0874176,2.4730744832244653,-0.3856568832244651
1846,2.0691714,2.4522149901277746,-0.38304359012777445
1847,2.0570385,2.4324184742525183,-0.37537997425251834
1848,2.0485785,2.4136633997795838,-0.3650848997795837
1849,2.040281,2.3960129029887556,-0.3557319029887558
1850,2.0407474,2.3793310038495625,-0.33858360384956265
1851,2.0377426,2.363849960875531,-0.3261073608755307
1852,2.0401394,2.349710859401264,-0.30957145940126374
1853,2.0411954,2.336909092216525,-0.2957136922165251
1854,2.0420108,2.325699545913797,-0.2836887459137971
1855,2.0420184,2.3155032442763903,-0.2734848442763904
1856,2.0418897,2.306656286479452,-0.26476658647945195
1857,2.0400271,2.2992680683762456,-0.25924096837624555
1858,2.0394309,2.293027710204381,-0.25359681020438085
1859,2.0480423,2.288437153821839,-0.24039485382183878
1860,2.0529044,2.2851244760857083,-0.23222007608570827
1861,2.0482624,2.2830142972146654,-0.23475189721466538
1862,2.0486286,2.2823241560409198,-0.23369555604091996
1863,2.0442462,2.2842482741314583,-0.24000207413145835
1864,2.054148,2.287951697292794,-0.2338036972927937
1865,2.058802,2.2917520048012747,-0.2329500048012747
1866,2.074318,2.2963744399114896,-0.2220564399114897
1867,2.074488,2.30188150758054,-0.22739350758054
1868,2.0850873,2.3082391884375117,-0.22315188843751166
1869,2.0826993,2.31561026582286,-0.2329109658228603
1870,2.0902863,2.324255950390731,-0.23396965039073114
1871,2.098576,2.3339541266991555,-0.23537812669915548
1872,2.1002634,2.344159413772086,-0.24389601377208603
1873,2.1073194,2.355188686132126,-0.24786928613212567
1874,2.1114566,2.3674801293827863,-0.2560235293827864
1875,2.1201053,2.380439427494078,-0.2603341274940778
1876,2.1342926,2.3937323273280606,-0.2594397273280604
1877,2.1579678,2.408546315079823,-0.25057851507982276
1878,2.1858008,2.424828983452068,-0.239028183452068
1879,2.2144198,2.440371911687767,-0.22595211168776697
1880,2.2402704,2.456123461160598,-0.215853061160598
1881,2.260364,2.4731440993869187,-0.21278009938691866
1882,2.283142,2.489779493148817,-0.20663749314881708
1883,2.2978473,2.5061972946201667,-0.2083499946201668
1884,2.3101108,2.5236945445300774,-0.21358374453007745
1885,2.3243244,2.5418228300694055,-0.2174984300694054
1886,2.3432834,2.560685691690824,-0.21740229169082426
1887,2.344186,2.579087087299392,-0.23490108729939196
1888,2.356466,2.597877803654408,-0.24141180365440773
1889,2.3687656,2.616694465556302,-0.24792886555630167
1890,2.37385,2.6347857673010044,-0.26093576730100443
1891,2.3798358,2.653037602807716,-0.2732018028077161
1892,2.3778262,2.671715407018811,-0.29388920701881105
1893,2.3811908,2.6898381575092194,-0.30864735750921923
1894,2.386275,2.7080431994622067,-0.3217681994622068
1895,2.39191,2.726326740897642,-0.33441674089764195
1896,2.4035993,2.7435275473803165,-0.33992824738031624
1897,2.4328003,2.759388519067617,-0.32658821906761704
1898,2.4367065,2.7752788182740846,-0.3385723182740845
1899,2.449961,2.7905729793117455,-0.34061197931174547
1900,2.4578815,2.805507573791124,-0.34762607379112387
1901,2.4548123,2.820696323546915,-0.36588402354691496
1902,2.4532788,2.8335787601460365,-0.3802999601460364
1903,2.4498062,2.8461496984538073,-0.39634349845380745
1904,2.4494858,2.857825575043109,-0.40833977504310903
1905,2.4365246,2.8696771392624147,-0.4331525392624149
1906,2.4396482,2.8804458941984494,-0.4407976941984493
1907,2.4497757,2.8899266292896937,-0.4401509292896937
1908,2.4593189,2.9019028603537302,-0.44258396035373027
1909,2.4654422,2.913680301022989,-0.448238101022989
1910,2.4918454,2.9238925402471954,-0.4320471402471955
1911,2.5057428,2.934589951785257,-0.428847151785257
1912,2.515965,2.943968701710272,-0.428003701710272
1913,2.5252805,2.9528049122029922,-0.4275244122029922
1914,2.531709,2.9634315564211637,-0.43172255642116353
1915,2.526485,2.9755810681756243,-0.4490960681756242
1916,2.5267127,2.98419296527965,-0.45748026527965013
1917,2.5369306,2.991003127941254,-0.4540725279412543
1918,2.5343432,2.997342684930135,-0.4629994849301351
1919,2.5270114,3.0031878426252456,-0.4761764426252455
1920,2.5262167,3.008868739495618,-0.4826520394956182
1921,2.52462,3.0144139819137403,-0.48979398191374024
1922,2.5308979,3.0195562121682697,-0.48865831216826994
1923,2.5396914,3.0287252256248527,-0.48903382562485254
1924,2.5483975,3.038231296664815,-0.48983379666481497
1925,2.56193,3.0451088496733307,-0.4831788496733309
1926,2.5812192,3.0523499518091133,-0.47113075180911324
1927,2.6000278,3.0590014034909974,-0.4589736034909975
1928,2.6006076,3.065924568418412,-0.4653169684184122
1929,2.586077,3.0728773558696547,-0.48680035586965476
1930,2.5687726,3.0792237331227885,-0.5104511331227886
1931,2.548706,3.0851273359094544,-0.5364213359094543
1932,2.535213,3.09040924026801,-0.55519624026801
1933,2.5371912,3.096042542649239,-0.558851342649239
1934,2.5292478,3.1013187324936324,-0.5720709324936326
1935,2.5291302,3.1066297670447196,-0.5774995670447196
1936,2.5284107,3.111172607131064,-0.5827619071310641
1937,2.5305972,3.1156204240883705,-0.5850232240883706
1938,2.5227475,3.122310048237535,-0.5995625482375351
1939,2.5260434,3.127035531349956,-0.600992131349956
1940,2.525917,3.128119695677513,-0.6022026956775126
1941,2.5257514,3.1287897603331385,-0.6030383603331386
1942,2.5287933,3.1291716187783285,-0.6003783187783287
1943,2.527081,3.130958521653324,-0.6038775216533239
1944,2.5180087,3.1336714250307676,-0.6156627250307674
1945,2.5225198,3.1345521047773475,-0.6120323047773475
1946,2.5197525,3.1344023186366163,-0.6146498186366163
1947,2.5246255,3.1332898201747508,-0.6086643201747508
1948,2.516206,3.1331767911568087,-0.6169707911568088
1949,2.5146942,3.1316786464637385,-0.6169844464637384
1950,2.507685,3.127043757495819,-0.619358757495819
1951,2.5085657,3.1224389084287334,-0.6138732084287333
1952,2.5056305,3.117079944328308,-0.6114494443283078
1953,2.498216,3.1107680243014735,-0.6125520243014733
1954,2.5063312,3.1037785900958736,-0.5974473900958737
1955,2.5091422,3.0965781636229766,-0.5874359636229767
1956,2.5143085,3.0896266928129563,-0.5753181928129565
1957,2.5214038,3.0824271618910846,-0.5610233618910847
1958,2.5203214,3.0761953664778963,-0.5558739664778964
1959,2.516702,3.070189349922423,-0.5534873499224231
1960,2.515527,3.063140989101358,-0.5476139891013578
1961,2.4972742,3.0553311786907926,-0.5580569786907925
1962,2.482071,3.046936796632565,-0.564865796632565
1963,2.4663556,3.0385243871275818,-0.5721687871275818
1964,2.4437015,3.030132880492916,-0.586431380492916
1965,2.4167361,3.0219850581053116,-0.6052489581053115
1966,2.4193692,3.0143152636650714,-0.5949460636650712
1967,2.4201105,3.0068010858244385,-0.5866905858244387
1968,2.4151514,2.999801242196634,-0.584649842196634
1969,2.443876,2.9931665208404805,-0.5492905208404806
1970,2.4605734,2.9867998298891765,-0.5262264298891766
1971,2.4809396,2.9809213880161023,-0.49998178801610216
1972,2.498411,2.9755894376501253,-0.47717843765012535
1973,2.5034955,2.970616217887885,-0.4671207178878851
1974,2.5040555,2.9660420689631275,-0.4619865689631273
1975,2.4850748,2.9622372457727133,-0.4771624457727133
1976,2.4623108,2.9589354048462484,-0.4966246048462484
1977,2.438689,2.9558788514008536,-0.5171898514008535
1978,2.410904,2.9531227276098653,-0.5422187276098653
1979,2.4031503,2.9505925480041006,-0.5474422480041006
1980,2.3871112,2.948084380548464,-0.5609731805484639
1981,2.3689694,2.9459859197516987,-0.5770165197516985
1982,2.3687558,2.9442082733105206,-0.5754524733105204
1983,2.3753445,2.942731362986806,-0.567386862986806
1984,2.38214,2.941543952003141,-0.5594039520031409
1985,2.3924115,2.9407867048822314,-0.5483752048822312
1986,2.3880627,2.940018806929057,-0.5519561069290573
1987,2.3853137,2.93891834374329,-0.5536046437432898
1988,2.374502,2.9378286178577477,-0.5633266178577476
1989,2.375275,2.93824370211021,-0.5629687021102101
1990,2.378015,2.9390366059003514,-0.5610216059003514
1991,2.3822033,2.9394856768981588,-0.5572823768981587
1992,2.3876884,2.9401460315653534,-0.5524576315653533
1993,2.3943193,2.9409685270213037,-0.5466492270213039
1994,2.4019444,2.941929198043962,-0.539984798043962
1995,2.4104133,2.9431430517284345,-0.5327297517284344
1996,2.4195747,2.943558265951046,-0.5239835659510459
1997,2.4292772,2.9436868621387497,-0.5144096621387497
1998,2.4393702,2.9443592996091796,-0.5049890996091797
1999,2.4497023,2.946769253531424,-0.4970669535314238
2000,2.4601226,2.948033752634946,-0.487911152634946
2001,2.47048,2.948417416229209,-0.47793741622920916
2002,2.4806235,2.9493310270266626,-0.4687075270266625
2003,2.4904015,2.9507108744143555,-0.4603093744143556
2004,2.4996636,2.952428341838889,-0.45276474183888915
2005,2.5082583,2.9555771710979406,-0.44731887109794055
2006,2.5160346,2.9591848830978917,-0.44315028309789195
2007,2.5228417,2.9621071304462414,-0.43926543044624156
2008,2.5285282,2.9648869856522966,-0.4363587856522968
2009,2.5329432,2.9673625887877852,-0.4344193887877852
2010,2.5359354,2.9705362806417086,-0.43460088064170854
2011,2.537354,2.973902537569213,-0.43654853756921286
2012,2.5544803,2.9766344147898156,-0.4221541147898158
2013,2.5732083,2.9794664783601696,-0.40625817836016953
2014,2.5824313,2.9823546834858545,-0.39992338348585443
2015,2.5840378,2.986829562089866,-0.402791762089866
2016,2.5997052,2.996967353460753,-0.397262153460753
2017,2.6051877,3.006554859523521,-0.4013671595235211
2018,2.6111047,3.010300608065937,-0.3991959080659373
2019,2.618089,3.0126943691511734,-0.3946053691511735
2020,2.6112247,3.0145493634503113,-0.40332466345031115
2021,2.589069,3.015894682031167,-0.4268256820311671
2022,2.561968,3.017094164386825,-0.4551261643868254
2023,2.5405676,3.01625398085604,-0.47568638085603965
2024,2.5162332,3.015480085984094,-0.49924688598409395
2025,2.5087955,3.014145402937183,-0.5053499029371826
2026,2.5300195,3.012401363795832,-0.4823818637958319
2027,2.5330582,3.0107790259344793,-0.4777208259344792
2028,2.5397534,3.0072896716537554,-0.46753627165375544
2029,2.554259,3.00316682331881,-0.44890782331880974
2030,2.5587986,3.0000264936733174,-0.4412278936733176
2031,2.5629687,2.9989260491334946,-0.4359573491334947
2032,2.5662766,2.996592124018804,-0.4303155240188037
2033,2.560694,2.993516573500441,-0.4328225735004412
2034,2.5416272,2.989067324031559,-0.44744012403155864
2035,2.5232587,2.984086488697007,-0.4608277886970069
2036,2.5024707,2.9784914159206797,-0.47602071592067974
2037,2.4848328,2.972270702914072,-0.48743790291407185
2038,2.4738147,2.965493954179243,-0.49167925417924296
2039,2.476556,2.958136833568963,-0.48158083356896286
2040,2.4511197,2.949522921623741,-0.49840322162374084
2041,2.4591403,2.9400218261347586,-0.48088152613475854
2042,2.4611566,2.9297022435686584,-0.4685456435686586
2043,2.4606738,2.9187512574834553,-0.4580774574834554
2044,2.4650443,2.908742194915924,-0.4436978949159238
2045,2.5072162,2.8988639637049802,-0.39164776370498044
2046,2.523602,2.888446515219758,-0.36484451521975814
2047,2.5454025,2.8778260275464995,-0.33242352754649973
2048,2.5550656,2.868436850221535,-0.3133712502215351
2049,2.5678916,2.8592546016130216,-0.29136300161302175
2050,2.5801,2.8503168276567385,-0.2702168276567387
2051,2.5907884,2.842803334338594,-0.252014934338594
2052,2.600045,2.835991996619487,-0.2359469966194867
2053,2.6079564,2.8291001376119977,-0.2211437376119978
2054,2.6146102,2.8214804378736185,-0.20687023787361847
2055,2.6200938,2.8126491340948867,-0.1925553340948869
2056,2.6244943,2.803832866098258,-0.17933856609825805
2057,2.6278992,2.795926006491788,-0.16802680649178825
2058,2.6303957,2.788938916450413,-0.15854321645041303
2059,2.6320713,2.7824995775039594,-0.1504282775039596
2060,2.633013,2.7761513648074128,-0.1431383648074127
2061,2.6337535,2.7704727235756965,-0.13671922357569644
2062,2.6485074,2.766709555325053,-0.11820215532505296
2063,2.6527328,2.7637058349205095,-0.11097303492050958
2064,2.6644876,2.760848276807154,-0.09636067680715366
2065,2.6755786,2.7586046067789587,-0.08302600677895855
2066,2.6851337,2.757159273646712,-0.07202557364671192
2067,2.6926978,2.7566358541473344,-0.06393805414733444
2068,2.7039893,2.759765072915218,-0.05577577291521818
2069,2.7110553,2.76302805066013,-0.051972750660130185
2070,2.7290192,2.76305672645893,-0.03403752645892988
2071,2.7423346,2.762791108900162,-0.020456508900162262
2072,2.7428012,2.7620482407410303,-0.01924704074103012
2073,2.7310464,2.76088302089481,-0.029836620894810206
2074,2.704349,2.759751977397847,-0.05540297739784705
2075,2.6689694,2.7587632997347793,-0.08979389973477936
2076,2.6389215,2.7579221450644424,-0.11900064506444252
2077,2.6061609,2.7581316546927255,-0.15197075469272558
2078,2.5816934,2.757499028372526,-0.175805628372526
2079,2.5561087,2.7558482168693086,-0.1997395168693088
2080,2.5304642,2.7542535461686724,-0.2237893461686724
2081,2.5002835,2.7551738840995235,-0.25489038409952336
2082,2.4794323,2.7586692811110805,-0.2792369811110804
2083,2.4559882,2.761187706921459,-0.30519950692145903
2084,2.435669,2.763268260795751,-0.32759926079575097
2085,2.4208744,2.7653207663095274,-0.3444463663095272
2086,2.411182,2.768067164687346,-0.35688516468734566
2087,2.390978,2.77080467011562,-0.3798266701156199
2088,2.3772027,2.773679294316197,-0.3964765943161974
2089,2.3741052,2.776788023036354,-0.40268282303635416
2090,2.368707,2.7805827308625295,-0.4118757308625294
2091,2.3709085,2.784734503069915,-0.4138260030699148
2092,2.367934,2.7902181197174003,-0.4222841197174003
2093,2.3737848,2.7963505912584887,-0.4225657912584886
2094,2.3756955,2.801181258051975,-0.4254857580519751
2095,2.3792615,2.8042230116546714,-0.4249615116546712
2096,2.3781073,2.806618771356597,-0.4285114713565972
2097,2.3742545,2.8094874405865977,-0.43523294058659756
2098,2.375292,2.81251173281292,-0.4372197328129199
2099,2.3738077,2.816881236419788,-0.4430735364197882
2100,2.3722665,2.826793359399958,-0.4545268593999583
2101,2.3606415,2.8376544113694426,-0.4770129113694428
2102,2.3551877,2.846604189604069,-0.4914164896040689
2103,2.3597903,2.855277524323502,-0.49548722432350223
2104,2.3682544,2.8641166728910505,-0.49586227289105045
2105,2.3738022,2.8726268895157254,-0.49882468951572534
2106,2.3871548,2.880965545985021,-0.49381074598502117
2107,2.4044113,2.8868804964481556,-0.48246919644815556
2108,2.4138434,2.8918262642705113,-0.47798286427051107
2109,2.427937,2.8966085935786334,-0.4686715935786334
2110,2.4461377,2.9057993084216647,-0.4596616084216647
2111,2.453014,2.9131179777229446,-0.46010397772294453
2112,2.4639282,2.9141423098449657,-0.4502141098449659
2113,2.4796774,2.915257878318174,-0.43558047831817426
2114,2.4927182,2.9169044620553137,-0.4241862620553136
2115,2.5021503,2.920147599951772,-0.41799729995177204
2116,2.5167508,2.9236700261773563,-0.4069192261773562
2117,2.5312457,2.9265312033373405,-0.3952855033373406
2118,2.547031,2.9288873962956794,-0.38185639629567936
2119,2.5639648,2.9306516084049585,-0.3666868084049586
2120,2.5798733,2.9320878482448123,-0.35221454824481224
2121,2.599509,2.9336142194953263,-0.33410521949532646
2122,2.6040857,2.9351269557895647,-0.33104125578956456
2123,2.6039386,2.936398922995897,-0.3324603229958969
2124,2.6047854,2.937981470011449,-0.33319607001144913
2125,2.5887146,2.9393489882767216,-0.3506343882767218
2126,2.5839877,2.94053887627719,-0.3565511762771898
2127,2.5737305,2.9423937992488405,-0.36866329924884056
2128,2.5781064,2.944288799832434,-0.36618239983243406
2129,2.578052,2.946455623623484,-0.3684036236234838
2130,2.5829773,2.948739681305988,-0.3657623813059878
2131,2.5852237,2.954337218850652,-0.36911351885065224
2132,2.5994895,2.9643687911263914,-0.3648792911263916
2133,2.598283,2.973786319381087,-0.37550331938108705
2134,2.595787,2.980262831956913,-0.3844758319569128
2135,2.5886798,2.98653723059174,-0.39785743059174017
2136,2.586355,2.9923377705444345,-0.4059827705444343
2137,2.5888007,2.9977730250587236,-0.4089723250587234
2138,2.582405,3.002815524510015,-0.4204105245100149
2139,2.5803986,3.0076853681528863,-0.42728676815288624
2140,2.5795276,3.0125050744914343,-0.4329774744914343
2141,2.579033,3.017382994533103,-0.4383499945331031
2142,2.5809064,3.0217062140016404,-0.4407998140016405
2143,2.5792727,3.025082991136736,-0.44581029113673587
2144,2.5808651,3.0279661628055923,-0.44710106280559225
2145,2.5687625,3.030444123585025,-0.46168162358502496
2146,2.5678787,3.0326632958230793,-0.4647845958230792
2147,2.5616934,3.034513843969215,-0.4728204439692152
2148,2.5588748,3.035986073399949,-0.4771112733999492
2149,2.5558908,3.0368583613021527,-0.4809675613021529
2150,2.5637677,3.036662436773745,-0.47289473677374483
2151,2.570914,3.0374133183898198,-0.4664993183898196
2152,2.5725305,3.039257836528945,-0.4667273365289448
2153,2.5742023,3.0396244325000312,-0.46542213250003117
2154,2.5910068,3.0389782237391785,-0.4479714237391783
2155,2.5863788,3.0378517095610875,-0.45147290956108765
2156,2.5768063,3.0368300257978147,-0.4600237257978148
2157,2.5602014,3.0356102254188926,-0.4754088254188926
2158,2.5486581,3.0342217871650163,-0.4855636871650164
2159,2.5462582,3.032318748295283,-0.4860605482952831
2160,2.5452564,3.031498973915087,-0.48624257391508685
2161,2.5390363,3.031357513187567,-0.49232121318756716
2162,2.5378952,3.0305010910900556,-0.4926058910900557
2163,2.5368674,3.028802763373588,-0.4919353633735879
2164,2.5430408,3.0264327054842957,-0.48339190548429567
2165,2.5493884,3.0235118921057453,-0.4741234921057451
2166,2.5625305,3.0202736328122755,-0.45774313281227563
2167,2.5682995,3.0166538727759677,-0.44835437277596757
2168,2.5791385,3.0124169902460296,-0.4332784902460296
2169,2.596054,3.0078535219020552,-0.41179952190205515
2170,2.597181,3.003138632180387,-0.40595763218038705
2171,2.5914938,2.9984453440121173,-0.4069515440121174
2172,2.5715768,2.993628959142574,-0.4220521591425741
2173,2.5434134,2.988435082688969,-0.445021682688969
2174,2.5095804,2.9829212298966383,-0.4733408298966384
2175,2.472048,2.977199828775491,-0.505151828775491
2176,2.4282107,2.9712508420922346,-0.5430401420922344
2177,2.366151,2.9649811856953767,-0.5988301856953768
2178,2.3448672,2.9585818873911247,-0.6137146873911248
2179,2.3178504,2.9521760594797017,-0.6343256594797015
2180,2.3009784,2.9458637997616206,-0.6448853997616206
2181,2.2935987,2.93960299518222,-0.64600429518222
2182,2.2874832,2.9335412480460423,-0.6460580480460423
2183,2.2790592,2.92739588360688,-0.64833668360688
2184,2.2710724,2.9214101919639823,-0.6503377919639823
2185,2.2603803,2.9154757314413953,-0.6550954314413953
2186,2.254389,2.9099220544181192,-0.655533054418119
2187,2.2422125,2.9037223465232316,-0.6615098465232316
2188,2.240459,2.89714293943443,-0.6566839394344299
2189,2.2331805,2.8927000914966934,-0.6595195914966934
2190,2.2373428,2.8880004661939704,-0.6506576661939705
2191,2.2464383,2.8835262317143577,-0.6370879317143578
2192,2.258157,2.8798333860426917,-0.6216763860426915
2193,2.294123,2.8759718973491735,-0.5818488973491736
2194,2.3635755,2.87236823743832,-0.5087927374383199
2195,2.3759787,2.868929630653634,-0.4929509306536337
2196,2.387427,2.865961398631237,-0.4785343986312367
2197,2.395438,2.8628979595484405,-0.46745995954844055
2198,2.3886523,2.8587989416911053,-0.4701466416911053
2199,2.392938,2.8550967319416913,-0.4621587319416913
2200,2.3839273,2.85170543635553,-0.46777813635553
2201,2.376896,2.8493686827436244,-0.47247268274362453
2202,2.3706715,2.8475220635314926,-0.4768505635314928
2203,2.3652375,2.845703641383899,-0.4804661413838991
2204,2.3605764,2.8439701257059915,-0.4833937257059917
2205,2.356671,2.8431584774158822,-0.4864874774158823
2206,2.3535047,2.8436039454146314,-0.49009924541463157
2207,2.3510594,2.8445794519444645,-0.49352005194446447
2208,2.3493187,2.845786991327555,-0.4964682913275551
2209,2.348265,2.847345364753798,-0.499080364753798
2210,2.3547852,2.848919245482453,-0.4941340454824532
2211,2.371098,2.850381946203861,-0.47928394620386117
2212,2.3850763,2.852099795232093,-0.46702349523209286
2213,2.3882587,2.8562953008973833,-0.4680366008973831
2214,2.4013126,2.8620295853450335,-0.4607169853450337
2215,2.4078336,2.866580361385892,-0.45874676138589177
2216,2.4166336,2.8707066485778716,-0.4540730485778717
2217,2.4233463,2.874846312331883,-0.45150001233188286
2218,2.4331958,2.8783935739114406,-0.44519777391144055
2219,2.435743,2.8812607400279058,-0.4455177400279058
2220,2.4378247,2.8835020688398023,-0.44567736883980213
2221,2.44315,2.884307512358175,-0.441157512358175
2222,2.4555914,2.884811406919493,-0.4292200069194929
2223,2.4558682,2.8853867053476603,-0.42951850534766045
2224,2.457564,2.885865449994597,-0.42830144999459696
2225,2.4542096,2.8890660808082997,-0.43485648080829975
2226,2.4469583,2.89287515914088,-0.4459168591408802
2227,2.4367218,2.8956205655510066,-0.4588987655510066
2228,2.4344537,2.898749247780826,-0.46429554778082593
2229,2.4328418,2.902183908200942,-0.46934210820094213
2230,2.4242291,2.905431874389183,-0.48120277438918313
2231,2.403267,2.906518136439223,-0.5032511364392231
2232,2.4058576,2.908022740415374,-0.5021651404153737
2233,2.4029248,2.909439448715105,-0.5065146487151049
2234,2.400079,2.9103782729370726,-0.5102992729370728
2235,2.4068942,2.911233420402114,-0.5043392204021142
2236,2.4129117,2.9121416954542876,-0.4992299954542876
2237,2.4261365,2.9129816878322834,-0.48684518783228325
2238,2.456253,2.9130532740295814,-0.45680027402958157
2239,2.465624,2.912639306447896,-0.4470153064478959
2240,2.472266,2.9120896112258636,-0.4398236112258638
2241,2.4798236,2.912199671969613,-0.43237607196961303
2242,2.4847782,2.914712426486727,-0.42993422648672697
2243,2.4935946,2.917431613901149,-0.4238370139011489
2244,2.502992,2.9195117696263067,-0.41651976962630677
2245,2.5043585,2.9222861343711646,-0.41792763437116465
2246,2.5028327,2.9246664438964167,-0.4218337438964168
2247,2.4934082,2.926412612413247,-0.4330044124132466
2248,2.463258,2.9267947036795325,-0.46353670367953237
2249,2.4635925,2.9271588908062824,-0.4635663908062826
2250,2.4646595,2.928188588094733,-0.46352908809473314
2251,2.4640949,2.9295440857222403,-0.46544918572224026
2252,2.4725986,2.9308468701747272,-0.45824827017472725
2253,2.4768622,2.9321206253596817,-0.45525842535968186
2254,2.4866333,2.9334839739962795,-0.44685067399627965
2255,2.4971182,2.934767683642743,-0.43764948364274314
2256,2.5121753,2.935587359612231,-0.42341205961223105
2257,2.5225873,2.936497715012591,-0.41391041501259096
2258,2.5260043,2.9373916300460596,-0.41138733004605976
2259,2.5415213,2.9382515085030945,-0.3967302085030946
2260,2.549165,2.9389721855826743,-0.38980718558267435
2261,2.544353,2.93952599341405,-0.39517299341404977
2262,2.5406024,2.9404042188593738,-0.3998018188593737
2263,2.5351813,2.940546608867257,-0.40536530886725686
2264,2.5284708,2.9393912863679197,-0.41092048636791967
2265,2.5171344,2.939077807446207,-0.42194340744620673
2266,2.5123715,2.9389640009632823,-0.4265925009632823
2267,2.5065558,2.9385571732391615,-0.43200137323916143
2268,2.5044162,2.938881283405014,-0.4344650834050139
2269,2.5062845,2.9395860330447543,-0.4333015330447543
2270,2.5115356,2.940694513373637,-0.4291589133736369
2271,2.5218942,2.9422078644264635,-0.42031366442646334
2272,2.520825,2.9435291168454842,-0.42270411684548437
2273,2.5250223,2.9449878333076627,-0.41996553330766284
2274,2.5237896,2.9463388430034656,-0.4225492430034654
2275,2.5256119,2.9470971649081346,-0.42148526490813465
2276,2.5268521,2.947593311054908,-0.4207412110549078
2277,2.5835516,2.9480615595385,-0.3645099595385002
2278,2.6071866,2.9487259161496566,-0.3415393161496567
2279,2.6048758,2.949352785314897,-0.344476985314897
2280,2.6091897,2.9500011382855895,-0.3408114382855896
2281,2.6123428,2.953192850461556,-0.3408500504615559
2282,2.6126437,2.9554847840265905,-0.3428410840265905
2283,2.6109455,2.9546187432167876,-0.3436732432167875
2284,2.6002765,2.953363697860503,-0.353087197860503
2285,2.5842395,2.9518966711010557,-0.3676571711010559
2286,2.5576346,2.9507296837453096,-0.39309508374530955
2287,2.56296,2.949501719787992,-0.3865417197879921
2288,2.5679126,2.9479631092758116,-0.3800505092758115
2289,2.5777893,2.946244809500357,-0.368455509500357
2290,2.5854862,2.9443818039446925,-0.35889560394469244
2291,2.5892334,2.9430996741923487,-0.35386627419234884
2292,2.5938056,2.9413036068574514,-0.34749800685745136
2293,2.5964878,2.9382547582792085,-0.34176695827920867
2294,2.603119,2.9346515178087067,-0.33153251780870674
2295,2.6107678,2.9318532485664854,-0.32108544856648535
2296,2.6400006,2.9295187209726103,-0.2895181209726103
2297,2.657678,2.9271696379152474,-0.2694916379152472
2298,2.673476,2.92770709601392,-0.25423109601392024
2299,2.677316,2.930414001594279,-0.253098001594279
2300,2.6875305,2.931263180786356,-0.24373268078635624
2301,2.6853812,2.9305235554616327,-0.24514235546163254
2302,2.6833212,2.9304020381805045,-0.24708083818050453
2303,2.6784832,2.9300196227348856,-0.2515364227348855
2304,2.682494,2.929766862015672,-0.2472728620156719
2305,2.6790543,2.929071264997975,-0.2500169649979749
2306,2.6897779,2.9280885060828257,-0.2383106060828255
2307,2.6991599,2.927364105173365,-0.22820420517336482
2308,2.7109058,2.9269098245539213,-0.21600402455392143
2309,2.721149,2.9267114528510945,-0.20556245285109442
2310,2.7413275,2.9269298321882977,-0.18560233218829758
2311,2.7582016,2.9275164608125563,-0.1693148608125563
2312,2.775564,2.9285949922828536,-0.15303099228285344
2313,2.787371,2.9299216647330795,-0.14255066473307965
2314,2.7923627,2.9314879336432185,-0.1391252336432185
2315,2.7966669,2.933370821235506,-0.1367039212355059
2316,2.8046222,2.935397570439357,-0.13077537043935727
2317,2.808802,2.9382086668594414,-0.12940666685944135
2318,2.8048968,2.9416505369706982,-0.13675373697069837
2319,2.8006973,2.94538833027125,-0.14469103027124985
2320,2.7938635,2.949662657312253,-0.15579915731225302
2321,2.7869241,2.9540463316419205,-0.16712223164192075
2322,2.785275,2.958362787248125,-0.17308778724812512
2323,2.769455,2.9626575422946413,-0.1932025422946415
2324,2.7583106,2.966932228158988,-0.20862162815898788
2325,2.7460272,2.970196527702691,-0.22416932770269105
2326,2.737114,2.9723655726254963,-0.23525157262549623
2327,2.733404,2.9749452972779316,-0.2415412972779314
2328,2.7304013,2.9795821728381715,-0.24918087283817147
2329,2.7299576,2.985046944230387,-0.25508934423038676
2330,2.751878,2.989643756898969,-0.23776575689896884
2331,2.7507892,2.994107879882885,-0.24331867988288503
2332,2.754267,2.998603840750412,-0.24433684075041207
2333,2.7539651,3.0031900238154865,-0.24922492381548667
2334,2.7535346,3.0076339387144135,-0.2540993387144135
2335,2.7535946,3.012110103447141,-0.2585155034471409
2336,2.7533994,3.01649969293073,-0.26310029293073
2337,2.746569,3.0210836406051156,-0.27451464060511555
2338,2.7457013,3.025358810320345,-0.2796575103203449
2339,2.7486005,3.0291112104806412,-0.28051071048064147
2340,2.7498932,3.032745795165897,-0.2828525951658971
2341,2.7489789,3.0362637771241774,-0.2872848771241774
2342,2.750279,3.0397803955850287,-0.28950139558502874
2343,2.7518451,3.043393459291981,-0.29154835929198075
2344,2.7531521,3.0467975964486884,-0.29364549644868854
2345,2.7575781,3.050126470916264,-0.29254837091626396
2346,2.7709002,3.053428442668222,-0.2825282426682221
2347,2.803229,3.0566869658907376,-0.25345796589073766
2348,2.8177567,3.0595981864302195,-0.24184148643021963
2349,2.837919,3.062280537441163,-0.22436153744116316
2350,2.841669,3.0659173196508323,-0.22424831965083225
2351,2.8397875,3.0711781559200197,-0.23139065592001984
2352,2.8363886,3.0759154041104875,-0.23952680411048766
2353,2.8315637,3.0792018598331916,-0.24763815983319182
2354,2.825404,3.0821824916549296,-0.25677849165492983
2355,2.8180006,3.0842729037091776,-0.26627230370917765
2356,2.809445,3.0857560552290626,-0.2763110552290624
2357,2.799828,3.086658714807079,-0.286830714807079
2358,2.7892416,3.087040272865907,-0.2977986728659072
2359,2.7777765,3.0871089116421775,-0.3093324116421776
2360,2.765524,3.0870155502518997,-0.32149155025189957
2361,2.7525754,3.0868642259732937,-0.3342888259732937
2362,2.7390218,3.0867050698239007,-0.3476832698239005
2363,2.7249548,3.086559858273647,-0.3616050582736472
2364,2.711125,3.0864664407926417,-0.37534144079264165
2365,2.6876602,3.086578750258276,-0.3989185502582764
2366,2.6787066,3.086793862002124,-0.4080872620021241
2367,2.6732657,3.0873186693154526,-0.41405296931545266
2368,2.7066128,3.087710762046588,-0.3810979620465882
2369,2.7223108,3.0879426158794026,-0.36563181587940274
2370,2.7322583,3.0879224567335406,-0.3556641567335408
2371,2.742073,3.087748006426116,-0.34567500642611604
2372,2.7514474,3.0876788062731855,-0.3362314062731855
2373,2.75958,3.087634895448197,-0.32805489544819677
2374,2.7583334,3.087702817407572,-0.32936941740757186
2375,2.7578964,3.088052648253154,-0.33015624825315415
2376,2.7570138,3.088518057825101,-0.3315042578251006
2377,2.7555678,3.089124524591562,-0.33355672459156205
2378,2.7534409,3.0918482987229567,-0.33840739872295655
2379,2.7505157,3.0950795548881413,-0.34456385488814156
2380,2.7466745,3.0968755920802167,-0.35020109208021655
2381,2.7418,3.0985381981730726,-0.3567381981730726
2382,2.7357745,3.1002350134331444,-0.36446051343314423
2383,2.7284808,3.102060297372967,-0.37357949737296714
2384,2.7198007,3.1036415640997665,-0.3838408640997666
2385,2.7096176,3.1049082912954047,-0.3952906912954046
2386,2.6978133,3.1062396095290827,-0.40842630952908276
2387,2.6835513,3.1077558467759525,-0.42420454677595254
2388,2.683792,3.111430324834968,-0.4276383248349682
2389,2.6701932,3.1147945967414103,-0.4446013967414104
2390,2.6526468,3.115730711847047,-0.46308391184704734
2391,2.6390512,3.116800184632565,-0.4777489846325649
2392,2.6205564,3.1178454946136394,-0.49728909461363946
2393,2.608515,3.1186850116134055,-0.5101700116134054
2394,2.5982754,3.1192645516768462,-0.5209891516768463
2395,2.5903964,3.1195068568418463,-0.5291104568418463
2396,2.5716782,3.1196403132382553,-0.5479621132382553
2397,2.5543551,3.1195608239068817,-0.5652057239068817
2398,2.5496728,3.1196046940331885,-0.5699318940331883
2399,2.5407596,3.1194526078455476,-0.5786930078455477
2400,2.525806,3.1189160222165406,-0.5931100222165404
2401,2.5075443,3.118030346132027,-0.610486046132027
2402,2.500365,3.1167634563289184,-0.6163984563289184
2403,2.5044239,3.115127843348706,-0.6107039433487063
2404,2.503492,3.1131114191722182,-0.6096194191722182
2405,2.4955237,3.1107699846969767,-0.6152462846969766
2406,2.5025067,3.1081627672198606,-0.6056560672198605
2407,2.5042496,3.105347877737362,-0.6010982777373619
2408,2.5132709,3.1023091348986083,-0.5890382348986081
2409,2.5193372,3.0990688149646517,-0.5797316149646519
2410,2.5163934,3.096195261134149,-0.5798018611341487
2411,2.5221524,3.0944289910845515,-0.5722765910845515
2412,2.5251334,3.0935302130031737,-0.5683968130031736
2413,2.5357318,3.092767317207781,-0.557035517207781
2414,2.532255,3.0916679512363694,-0.5594129512363692
2415,2.5376163,3.0900864381270186,-0.5524701381270187
2416,2.5385907,3.088028414612551,-0.5494377146125511
2417,2.536354,3.085257997267969,-0.5489039972679688
2418,2.5365295,3.082206066847033,-0.5456765668470331
2419,2.540816,3.079231297402069,-0.5384152974020688
2420,2.5452402,3.0761160585841356,-0.5308758585841358
2421,2.5507758,3.073070289782378,-0.5222944897823782
2422,2.5643191,3.070012919722377,-0.505693819722377
2423,2.568527,3.0666255087446985,-0.4980985087446985
2424,2.5720448,3.0632462825193354,-0.4912014825193354
2425,2.5749347,3.0597504655630514,-0.4848157655630514
2426,2.5772583,3.0563388055030276,-0.4790805055030276
2427,2.5790772,3.052924755528892,-0.4738475555288919
2428,2.5804534,3.0496898151524383,-0.4692364151524382
2429,2.581448,3.0465305615447575,-0.4650825615447576
2430,2.5821233,3.043306014336839,-0.461182714336839
2431,2.5825405,3.0401254493837406,-0.4575849493837407
2432,2.5827618,3.036913557479089,-0.45415175747908876
2433,2.5828485,3.0336669539856183,-0.4508184539856184
2434,2.584513,3.0303192114324897,-0.4458062114324899
2435,2.6140628,3.0268576875519835,-0.41279488755198335
2436,2.6383896,3.0234156527982265,-0.38502605279822655
2437,2.65876,3.0212464941369737,-0.36248649413697365
2438,2.7038715,3.0184732896338957,-0.31460178963389573
2439,2.7164001,3.0136792829169488,-0.29727918291694877
2440,2.7175653,3.0084549310431594,-0.29088963104315946
2441,2.7142377,3.0030681165748216,-0.28883041657482167
2442,2.7003424,2.9985936273829,-0.2982512273829001
2443,2.6856647,2.9938792960630507,-0.3082145960630509
2444,2.6712723,2.988536132515754,-0.31726383251575374
2445,2.662022,2.9830593184246683,-0.3210373184246684
2446,2.6651862,2.9775834987478564,-0.3123972987478565
2447,2.682482,2.9721835075152807,-0.2897015075152809
2448,2.6938565,2.966992362756839,-0.2731358627568392
2449,2.7157233,2.9618953746380527,-0.24617207463805268
2450,2.730884,2.9567482060650843,-0.22586420606508417
2451,2.7520795,2.951544566515854,-0.19946506651585416
2452,2.7684796,2.946440863441849,-0.17796126344184904
2453,2.790826,2.9411559277426367,-0.15032992774263665
2454,2.8104565,2.9378978797062847,-0.12744137970628477
2455,2.8283637,2.934269511175393,-0.105905811175393
2456,2.837118,2.92816581590424,-0.09104781590424027
2457,2.856247,2.9219065702982183,-0.06565957029821812
2458,2.8671908,2.9200582001005357,-0.05286740010053581
2459,2.8573456,2.920434869044915,-0.06308926904491496
2460,2.822804,2.916184768258817,-0.0933807682588168
2461,2.7812207,2.909278291444352,-0.1280575914443518
2462,2.7394214,2.903991537374321,-0.16457013737432113
2463,2.7049243,2.9000058092211667,-0.19508150922116663
2464,2.6756756,2.8973712958499207,-0.22169569584992077
2465,2.641813,2.8958043193084833,-0.2539913193084833
2466,2.5984552,2.894489651856292,-0.29603445185629207
2467,2.551347,2.8937040127486156,-0.34235701274861574
2468,2.516243,2.8933054267688942,-0.37706242676889445
2469,2.4919074,2.89400652174929,-0.40209912174928997
2470,2.4797757,2.895513690530347,-0.4157379905303471
2471,2.4794834,2.8959224318739607,-0.4164390318739608
2472,2.4844394,2.8961449397925914,-0.4117055397925915
2473,2.5059085,2.8965961314070183,-0.39068763140701845
2474,2.528088,2.8967931665067903,-0.3687051665067904
2475,2.5659375,2.8960202540938984,-0.3300827540938984
2476,2.5992062,2.895145812800577,-0.2959396128005771
2477,2.6145685,2.894057360363851,-0.279488860363851
2478,2.6181629,2.8931682828593384,-0.2750053828593382
2479,2.604782,2.8918330818674436,-0.28705108186744344
2480,2.582391,2.888841928182457,-0.306450928182457
2481,2.558524,2.885244795663547,-0.3267207956635474
2482,2.5369022,2.8816966822299945,-0.3447944822299944
2483,2.506521,2.878228687139007,-0.3717076871390068
2484,2.495211,2.8746460739944277,-0.3794350739944279
2485,2.4767325,2.869909711011199,-0.3931772110111993
2486,2.463442,2.8636688875642906,-0.4002268875642905
2487,2.4625647,2.8583138990577823,-0.39574919905778216
2488,2.4658573,2.8567363775420214,-0.3908790775420212
2489,2.4690073,2.8558555817847195,-0.38684828178471964
2490,2.4771512,2.8532917846656063,-0.37614058466560607
2491,2.4862137,2.8498682034042573,-0.3636545034042573
2492,2.4999204,2.846062313572745,-0.3461419135727448
2493,2.5138397,2.8451568516548003,-0.33131715165480013
2494,2.5344281,2.8476694796681934,-0.31324137966819343
2495,2.5581272,2.848775488545195,-0.29064828854519487
2496,2.577883,2.8486652679493685,-0.27078226794936855
2497,2.612743,2.848511707055369,-0.23576870705536912
2498,2.638502,2.8479955295535833,-0.20949352955358336
2499,2.6718173,2.8464951902840654,-0.17467789028406555
2500,2.7039447,2.8437429737002056,-0.13979827370020548
2501,2.7313778,2.8401095819342075,-0.1087317819342073
2502,2.754315,2.835144507600298,-0.08082950760029783
2503,2.7612598,2.8290197792468392,-0.0677599792468393
2504,2.7446713,2.822254593883557,-0.07758329388355723
2505,2.7058737,2.8198444365026214,-0.11397073650262124
2506,2.667754,2.819475971462961,-0.15172197146296096
2507,2.6429324,2.8174818521981924,-0.1745494521981925
2508,2.6231143,2.8175635057420467,-0.1944492057420466
2509,2.6115396,2.8183852844691977,-0.2068456844691977
2510,2.609533,2.8187516534535697,-0.20921865345356983
2511,2.6079526,2.8189118801037303,-0.21095928010373033
2512,2.6038907,2.8206493573148848,-0.21675865731488475
2513,2.6063788,2.82393125861773,-0.21755245861772998
2514,2.599194,2.826867076989327,-0.22767307698932715
2515,2.5840878,2.8284295628713245,-0.2443417628713247
2516,2.5765915,2.828535648828762,-0.2519441488287617
2517,2.5596128,2.827372878530723,-0.2677600785307228
2518,2.5499835,2.8272511575546555,-0.2772676575546553
2519,2.5402548,2.828228118186804,-0.28797331818680405
2520,2.5408401,2.8286744840770295,-0.28783438407702944
2521,2.5395432,2.8300640493545655,-0.2905208493545657
2522,2.547324,2.8337719743785987,-0.2864479743785986
2523,2.5556586,2.834146210944795,-0.2784876109447949
2524,2.5701807,2.830278860440939,-0.2600981604409389
2525,2.5830176,2.826103357551715,-0.24308575755171535
2526,2.590113,2.820397584662761,-0.23028458466276103
2527,2.5845816,2.8125937141430915,-0.22801211414309153
2528,2.569616,2.8039624859767276,-0.2343464859767277
2529,2.556146,2.7954917516407924,-0.23934575164079241
2530,2.5382931,2.7878330366853854,-0.2495399366853852
2531,2.5280597,2.7817472652315223,-0.25368756523152225
2532,2.528013,2.7780080439335637,-0.24999504393356364
2533,2.5177472,2.776788099240812,-0.25904089924081175
2534,2.5141907,2.7750613025538966,-0.2608706025538967
2535,2.5086823,2.7725019332703607,-0.26381963327036084
2536,2.5045886,2.768920561199873,-0.2643319611998729
2537,2.5037875,2.7649939786816873,-0.2612064786816872
2538,2.5013843,2.761103866974219,-0.25971956697421916
2539,2.495211,2.7574704918741153,-0.26225949187411546
2540,2.4881122,2.755068794811473,-0.26695659481147294
2541,2.4783478,2.7549648373429005,-0.27661703734290066
2542,2.4538095,2.756214015472928,-0.302404515472928
2543,2.4289114,2.7598088459813233,-0.3308974459813232
2544,2.425028,2.7642074657592204,-0.3391794657592202
2545,2.4061062,2.767476252794756,-0.3613700527947561
2546,2.416907,2.76989039134694,-0.3529833913469398
2547,2.4239469,2.7712308233537963,-0.34728392335379654
2548,2.4322956,2.7722103124394932,-0.33991471243949345
2549,2.4282498,2.772857079576226,-0.34460727957622606
2550,2.4365976,2.7712172490917113,-0.3346196490917115
2551,2.4240308,2.7684225044745303,-0.34439170447453016
2552,2.4054468,2.764778934729299,-0.35933213472929904
2553,2.3928158,2.7604875995852005,-0.36767179958520035
2554,2.3842545,2.758133192212071,-0.37387869221207115
2555,2.3702023,2.7584785779003083,-0.3882762779003084
2556,2.372563,2.7585400526118833,-0.3859770526118833
2557,2.358709,2.7593906975669444,-0.4006816975669443
2558,2.349362,2.7606994091470107,-0.41133740914701056
2559,2.3424497,2.7625589262421086,-0.42010922624210867
2560,2.3409915,2.7636092135139187,-0.42261771351391886
2561,2.346647,2.7642017353988075,-0.4175547353988076
2562,2.3537183,2.766413264307723,-0.4126949643077227
2563,2.3631985,2.7679410895607153,-0.40474258956071507
2564,2.3691123,2.769925587672364,-0.400813287672364
2565,2.381412,2.771204696394984,-0.3897926963949838
2566,2.394226,2.7721312228678157,-0.37790522286781547
2567,2.407438,2.773490038597543,-0.3660520385975432
2568,2.4219687,2.776394878829168,-0.35442617882916805
2569,2.4400024,2.7813095721677876,-0.3413071721677876
2570,2.4323266,2.786370449029957,-0.3540438490299569
2571,2.4160097,2.7914138092433163,-0.37540410924331624
2572,2.4032657,2.795936741789858,-0.39267104178985823
2573,2.3935523,2.800122852629682,-0.4065705526296819
2574,2.3863282,2.8044490550393877,-0.4181208550393878
2575,2.3810515,2.8075364893492023,-0.4264849893492024
2576,2.3771806,2.8092626858044896,-0.4320820858044896
2577,2.3741734,2.812164708158451,-0.437991308158451
2578,2.3714886,2.816110597704006,-0.4446219977040058
2579,2.3685844,2.8213602026241937,-0.4527758026241937
2580,2.3649192,2.8282600520997883,-0.46334085209978815
2581,2.359951,2.8347132435419513,-0.4747622435419512
2582,2.3531382,2.84038653009373,-0.4872483300937298
2583,2.3439393,2.846139981604289,-0.5022006816042888
2584,2.3471777,2.8533377538071956,-0.5061600538071955
2585,2.354538,2.8601312502528224,-0.5055932502528226
2586,2.3707635,2.8656270995530604,-0.4948635995530606
2587,2.3841803,2.8721084245813002,-0.4879281245813001
2588,2.3992221,2.87926031428481,-0.4800382142848103
2589,2.4057791,2.8858271642412796,-0.48004806424127944
2590,2.4129431,2.891285923594272,-0.47834282359427194
2591,2.4150336,2.895900776147052,-0.480867176147052
2592,2.417873,2.9001548639976087,-0.48228186399760853
2593,2.417586,2.9038830448664767,-0.48629704486647674
2594,2.418917,2.908208766021014,-0.4892917660210139
2595,2.415607,2.9117066673542227,-0.4960996673542226
2596,2.4097638,2.9124976332229324,-0.5027338332229325
2597,2.3986108,2.9153527167084206,-0.5167419167084204
2598,2.3922086,2.9215540628996477,-0.5293454628996477
2599,2.388162,2.927137780820743,-0.5389757808207429
2600,2.3908713,2.9311934422756636,-0.5403221422756634
2601,2.386964,2.9334329916268547,-0.5464689916268548
2602,2.404722,2.936640026753662,-0.5319180267536621
2603,2.4053137,2.940732812199783,-0.5354191121997829
2604,2.426225,2.948599477135903,-0.5223744771359029
2605,2.4371164,2.9591845078404737,-0.5220681078404739
2606,2.4578836,2.969192919605593,-0.5113093196055929
2607,2.4709918,2.9787562839196053,-0.5077644839196052
2608,2.470216,2.987773856930834,-0.5175578569308339
2609,2.4850214,2.996305707095167,-0.5112843070951669
2610,2.4900393,3.0037754080151386,-0.5137361080151388
2611,2.5035193,3.0103399515637763,-0.5068206515637765
2612,2.5005014,3.014868394391111,-0.5143669943911111
2613,2.5100415,3.016029314222845,-0.5059878142228453
2614,2.5269623,3.0197420482014223,-0.49277974820142223
2615,2.5325482,3.0247379855984073,-0.4921897855984074
2616,2.5338886,3.028562795155576,-0.494674195155576
2617,2.5308392,3.0321680919396385,-0.5013288919396386
2618,2.5301666,3.0358534089584306,-0.5056868089584308
2619,2.5349011,3.039725057460135,-0.5048239574601352
2620,2.5341797,3.042508826818985,-0.5083291268189849
2621,2.5389197,3.0433838306220373,-0.5044641306220372
2622,2.5480685,3.0435399537511123,-0.49547145375111246
2623,2.5567093,3.0441427459340216,-0.4874334459340215
2624,2.566355,3.04654191254258,-0.48018691254257995
2625,2.5804791,3.049193928876875,-0.468714828876875
2626,2.5797632,3.0518629282407375,-0.47209972824073754
2627,2.587749,3.0541069380176253,-0.46635793801762526
2628,2.5865262,3.055852493219935,-0.4693262932199347
2629,2.5803897,3.0569471992874555,-0.4765574992874555
2630,2.566547,3.057792967357404,-0.4912459673574041
2631,2.560948,3.057802644901672,-0.4968546449016724
2632,2.5628476,3.0567928624934413,-0.4939452624934413
2633,2.56284,3.0565214133164145,-0.49368141331641446
2634,2.5649927,3.056422130703378,-0.49142943070337797
2635,2.5650232,3.0558051570662386,-0.4907819570662384
2636,2.5663257,3.0544290191458745,-0.48810331914587435
2637,2.5539224,3.0526548894314294,-0.49873248943142956
2638,2.5354342,3.0510137921302594,-0.5155795921302593
2639,2.5214267,3.0487767948025812,-0.5273500948025811
2640,2.5088742,3.045819453175928,-0.536945253175928
2641,2.508268,3.0421179877642865,-0.5338499877642864
2642,2.5010486,3.0377545863904993,-0.5367059863904995
2643,2.5056021,3.032425271077579,-0.526823171077579
2644,2.5075727,3.0265003239689148,-0.5189276239689149
2645,2.4938376,3.0225963098089617,-0.5287587098089617
2646,2.4825244,3.0216981590492353,-0.5391737590492354
2647,2.4665244,3.0191679984887374,-0.5526435984887375
2648,2.446287,3.0134315699317185,-0.5671445699317186
2649,2.4198968,3.007494826152922,-0.5875980261529219
2650,2.4023602,3.00034959087007,-0.5979893908700702
2651,2.366684,2.9909758740614127,-0.624291874061413
2652,2.3672144,2.980417971518817,-0.6132035715188171
2653,2.3729029,2.96889125171652,-0.5959883517165196
2654,2.3770902,2.95628803099234,-0.57919783099234
2655,2.380026,2.9439895827029043,-0.5639635827029044
2656,2.3819609,2.9329227647165492,-0.5509618647165491
2657,2.3831446,2.920596172186025,-0.5374515721860251
2658,2.3838272,2.9076947367488857,-0.5238675367488859
2659,2.3842592,2.895236320714844,-0.5109771207148444
2660,2.3846903,2.8825677666593665,-0.4978774666593666
2661,2.3853707,2.868735653048388,-0.48336495304838767
2662,2.3865507,2.8527082432011626,-0.46615754320116265
2663,2.3884802,2.8342719609978886,-0.44579176099788853
2664,2.3914094,2.8168244944035563,-0.4254150944035562
2665,2.3955884,2.801951493927187,-0.40636309392718717
2666,2.401267,2.7888041016410265,-0.3875371016410267
2667,2.428166,2.776053382068025,-0.34788738206802483
2668,2.4416363,2.762973732131485,-0.321337432131485
2669,2.4373114,2.7498188826774173,-0.31250748267741724
2670,2.4165606,2.735814365970642,-0.31925376597064226
2671,2.383386,2.7210944971521718,-0.337708497152172
2672,2.3546927,2.7067792172750376,-0.35208651727503737
2673,2.3344357,2.696987784052344,-0.3625520840523442
2674,2.29999,2.68872338063535,-0.3887333806353497
2675,2.2824728,2.680345626973455,-0.39787282697345505
2676,2.278414,2.6746587222166727,-0.3962447222166725
2677,2.2658484,2.671647404683654,-0.40579900468365393
2678,2.2230954,2.669570283353054,-0.4464748833530541
2679,2.2278595,2.6682127368119106,-0.4403532368119105
2680,2.2122693,2.6670504627061087,-0.4547811627061087
2681,2.1949954,2.6665953927910335,-0.4715999927910337
2682,2.1973343,2.6656272808608814,-0.46829298086088134
2683,2.2018445,2.6653006381868605,-0.4634561381868605
2684,2.2001321,2.666181918830463,-0.46604981883046337
2685,2.1980875,2.6671755668169763,-0.4690880668169761
2686,2.2067838,2.6677493231524765,-0.4609655231524763
2687,2.2118344,2.6713449012049524,-0.4595105012049525
2688,2.22875,2.67659417625684,-0.44784417625684014
2689,2.237999,2.6802801409446304,-0.44228114094463056
2690,2.26172,2.68381505483373,-0.4220950548337301
2691,2.267734,2.685923145453785,-0.41818914545378494
2692,2.2747574,2.686903054619595,-0.4121456546195952
2693,2.2783551,2.6878480105616482,-0.40949291056164805
2694,2.2886624,2.689463142107967,-0.4008007421079669
2695,2.2882397,2.6915756583730523,-0.40333595837305225
2696,2.2981873,2.69461587372704,-0.3964285737270399
2697,2.3232694,2.6990139652591463,-0.37574456525914623
2698,2.336647,2.7039206087800456,-0.36727360878004545
2699,2.345473,2.7099701151301288,-0.3644971151301286
2700,2.354987,2.716504133848468,-0.36151713384846795
2701,2.3560236,2.7228967461122466,-0.36687314611224675
2702,2.3643277,2.7298157383272708,-0.3654880383272707
2703,2.3665195,2.737900956491237,-0.3713814564912372
2704,2.3762991,2.7475027020167406,-0.3712036020167404
2705,2.3897552,2.757898041837541,-0.36814284183754076
2706,2.4031818,2.7682110964176356,-0.3650292964176356
2707,2.431341,2.7844727668733817,-0.35313176687338155
2708,2.455125,2.8022044934647528,-0.347079493464753
2709,2.4703717,2.816234260482909,-0.3458625604829093
2710,2.497358,2.8310664737673177,-0.3337084737673175
2711,2.516315,2.8482760969048027,-0.3319610969048026
2712,2.5340097,2.866722537621574,-0.3327128376215742
2713,2.5457513,2.8855110678870677,-0.33975976788706763
2714,2.554743,2.904238557056454,-0.34949555705645396
2715,2.566051,2.922109288634079,-0.3560582886340793
2716,2.5765576,2.937304526769456,-0.3607469267694561
2717,2.5860312,2.9515094659498184,-0.3654782659498186
2718,2.5926623,2.9675097877371144,-0.3748474877371142
2719,2.594502,2.9818277523500276,-0.38732575235002775
2720,2.5920737,2.9955204501859587,-0.4034467501859589
2721,2.5639203,3.0081811636543914,-0.44426086365439144
2722,2.5347486,3.019198531618281,-0.48444993161828087
2723,2.498689,3.028074319254581,-0.529385319254581
2724,2.4692187,3.0354091024402905,-0.5661904024402906
2725,2.4515195,3.0433539198538613,-0.5918344198538614
2726,2.4381006,3.049633202033312,-0.6115326020333121
2727,2.4296222,3.056513524856388,-0.6268913248563881
2728,2.4332721,3.0643631856903477,-0.6310910856903478
2729,2.4338183,3.0704024744677763,-0.6365841744677763
2730,2.4290695,3.075180342653227,-0.6461108426532269
2731,2.423937,3.078443633107046,-0.6545066331070459
2732,2.429198,3.0806290618804084,-0.6514310618804084
2733,2.433039,3.082402027608027,-0.6493630276080271
2734,2.4435425,3.0836370146952206,-0.6400945146952206
2735,2.453429,3.082147455323478,-0.6287184553234781
2736,2.4648383,3.0780613179259926,-0.6132230179259928
2737,2.4720395,3.0721547463411953,-0.6001152463411952
2738,2.4815228,3.0648868547884303,-0.5833640547884302
2739,2.481466,3.0567564477084734,-0.5752904477084733
2740,2.4817636,3.0484059387078264,-0.5666423387078265
2741,2.483721,3.0399494225619597,-0.5562284225619596
2742,2.4905407,3.0321928828361386,-0.5416521828361387
2743,2.5039117,3.0245922854364196,-0.5206805854364194
2744,2.5037112,3.014033791284045,-0.5103225912840448
2745,2.5032382,3.003644230520324,-0.500406030520324
2746,2.5002398,2.9949081056067017,-0.4946683056067016
2747,2.5003989,2.985413722845814,-0.4850148228458142
2748,2.5057437,2.9755511319934893,-0.4698074319934893
2749,2.5199192,2.9685244954564465,-0.44860529545644656
2750,2.522681,2.963438030515855,-0.44075703051585524
2751,2.530885,2.9572512317009196,-0.4263662317009196
2752,2.5347955,2.9517960144636404,-0.4170005144636404
2753,2.5333133,2.9466393724675517,-0.4133260724675516
2754,2.5296237,2.940279729014348,-0.4106560290143477
2755,2.5214746,2.933096876863349,-0.41162227686334907
2756,2.5101535,2.928476321388563,-0.41832282138856325
2757,2.4981625,2.926199044341689,-0.42803654434168914
2758,2.4840906,2.921552214767564,-0.43746161476756384
2759,2.4672492,2.9152435303981417,-0.44799433039814174
2760,2.4600546,2.906253262082975,-0.446198662082975
2761,2.4469821,2.8947703415687354,-0.4477882415687353
2762,2.4404907,2.882105940892968,-0.44161524089296833
2763,2.4286892,2.8696714541786887,-0.44098225417868875
2764,2.424603,2.8573258914884114,-0.4327228914884116
2765,2.4164047,2.8461686523490175,-0.4297639523490173
2766,2.4098532,2.835815543597993,-0.4259623435979929
2767,2.4054751,2.825404942739828,-0.4199298427398279
2768,2.4030576,2.815448407450005,-0.4123908074500049
2769,2.3938425,2.806096370463974,-0.412253870463974
2770,2.4060407,2.7973630358686097,-0.39132233586860954
2771,2.4049923,2.7889667488866747,-0.38397444888667476
2772,2.3998435,2.7811848638965055,-0.38134136389650575
2773,2.3903928,2.7739858597469236,-0.3835930597469237
2774,2.3864484,2.7671821682829227,-0.3807337682829228
2775,2.3890936,2.761090790098033,-0.3719971900980332
2776,2.3698196,2.755575492344135,-0.3857558923441351
2777,2.3809543,2.7504422527694468,-0.3694879527694468
2778,2.3773892,2.745847142441893,-0.3684579424418928
2779,2.388454,2.7415858019816888,-0.3531318019816889
2780,2.3826108,2.7379011530994495,-0.35529035309944934
2781,2.3755286,2.7348927553112024,-0.35936415531120236
2782,2.382346,2.7322302950049426,-0.34988429500494256
2783,2.39586,2.7299415595421057,-0.33408155954210583
2784,2.4010522,2.7280987718786807,-0.3270465718786806
2785,2.3771133,2.7265306344579554,-0.3494173344579554
2786,2.397862,2.7252898083950683,-0.32742780839506835
2787,2.385606,2.7247618314947335,-0.3391558314947334
2788,2.368309,2.7246100722848405,-0.35630107228484054
2789,2.3757803,2.7245214137068947,-0.34874111370689453
2790,2.3803036,2.7246822790174563,-0.34437867901745634
2791,2.3832223,2.724360843292414,-0.3411385432924141
2792,2.3841748,2.72412889427156,-0.33995409427156
2793,2.3852277,2.724555947622859,-0.33932824762285874
2794,2.385039,2.725226945637503,-0.3401879456375032
2795,2.3891253,2.726392854788998,-0.33726755478899806
2796,2.3828354,2.7276769968206187,-0.3448415968206189
2797,2.3819907,2.729306379976653,-0.34731567997665325
2798,2.3705707,2.731292356988429,-0.36072165698842884
2799,2.3973105,2.733141378899229,-0.335830878899229
2800,2.401318,2.735341072964833,-0.334023072964833
2801,2.413365,2.736820442627033,-0.32345544262703285
2802,2.424105,2.7380499965397656,-0.3139449965397656
2803,2.4390466,2.7388048421154227,-0.29975824211542257
2804,2.4572864,2.740809207540031,-0.2835228075400309
2805,2.4757123,2.743835568377626,-0.268123268377626
2806,2.471742,2.74629008597245,-0.2745480859724503
2807,2.4650006,2.7481388041094297,-0.28313820410942947
2808,2.4841309,2.7494140220589474,-0.26528312205894755
2809,2.49138,2.7506031761507224,-0.25922317615072243
2810,2.4852643,2.7517179140322274,-0.26645361403222756
2811,2.4757876,2.7524767545885553,-0.2766891545885555
2812,2.463962,2.7529199546024126,-0.2889579546024126
2813,2.454397,2.753163826293853,-0.298766826293853
2814,2.4463696,2.753351352218146,-0.30698175221814594
2815,2.437427,2.7534888697686255,-0.3160618697686255
2816,2.4371676,2.753397660265903,-0.31623006026590295
2817,2.4398346,2.7531406028563468,-0.3133060028563466
2818,2.4410412,2.752877235387134,-0.3118360353871341
2819,2.450481,2.75263712090678,-0.30215612090678023
2820,2.4571304,2.7522927878837287,-0.2951623878837286
2821,2.4569478,2.751943304062915,-0.2949955040629151
2822,2.4576159,2.7515333975557477,-0.2939174975557477
2823,2.4587207,2.751116111473654,-0.2923954114736538
2824,2.4601717,2.750667842537743,-0.29049614253774303
2825,2.461879,2.750288468977932,-0.28840946897793174
2826,2.463752,2.749824467091223,-0.2860724670912229
2827,2.4657001,2.7491094916433987,-0.28340939164339884
2828,2.4676332,2.748258079133839,-0.28062487913383904
2829,2.469461,2.747410146185842,-0.2779491461858421
2830,2.471093,2.746841725808271,-0.2757487258082709
2831,2.4724386,2.7463418643770305,-0.2739032643770307
2832,2.473408,2.745822870066914,-0.272414870066914
2833,2.4739103,2.745448227730658,-0.271537927730658
2834,2.4771183,2.7452545317434547,-0.2681362317434548
2835,2.4770322,2.7452017225806657,-0.26816952258066573
2836,2.4795947,2.7450143040134485,-0.26541960401344866
2837,2.4885135,2.7445541097568915,-0.2560406097568917
2838,2.490292,2.744289546070796,-0.2539975460707957
2839,2.4869745,2.7445461822962165,-0.2575716822962164
2840,2.4764175,2.745544238633793,-0.2691267386337928
2841,2.473078,2.746888236264678,-0.2738102362646777
2842,2.4607205,2.748149873373654,-0.28742937337365415
2843,2.4488971,2.749655118577692,-0.3007580185776919
2844,2.4366825,2.751484453637617,-0.314801953637617
2845,2.4469867,2.753636303550884,-0.3066496035508841
2846,2.4449844,2.7560008250449517,-0.31101642504495164
2847,2.4440753,2.758173615267344,-0.3140983152673438
2848,2.4408438,2.7605254008390188,-0.31968160083901864
2849,2.4430041,2.763323694613,-0.3203195946130002
2850,2.4411838,2.767098502537721,-0.3259147025377209
2851,2.4405386,2.771516542869255,-0.33097794286925497
2852,2.4381223,2.7758562958760664,-0.33773399587606656
2853,2.4412677,2.7802893841354575,-0.3390216841354574
2854,2.4478214,2.7848306720131344,-0.33700927201313435
2855,2.451113,2.7906772004879152,-0.33956420048791536
2856,2.4616547,2.796518591109271,-0.3348638911092712
2857,2.4769711,2.8014726892053523,-0.3245015892053522
2858,2.4896512,2.8064096094524182,-0.3167584094524183
2859,2.5013297,2.8111903986887428,-0.3098606986887429
2860,2.5084436,2.8158092465207627,-0.3073656465207626
2861,2.514765,2.823858848262481,-0.309093848262481
2862,2.5230877,2.832187352793187,-0.30909965279318685
2863,2.5224338,2.8363610169502445,-0.3139272169502445
2864,2.5219095,2.8393661117619535,-0.3174566117619535
2865,2.5210114,2.842359035377391,-0.32134763537739097
2866,2.5177982,2.84509482597653,-0.32729662597652975
2867,2.5214484,2.847761904308689,-0.3263135043086889
2868,2.5217285,2.8507772810461964,-0.3290487810461964
2869,2.5258539,2.854259802258488,-0.328405902258488
2870,2.52993,2.8580700953504508,-0.32814009535045097
2871,2.5385382,2.862013645164972,-0.32347544516497173
2872,2.5429928,2.8661478131082228,-0.3231550131082228
2873,2.5537283,2.870393230990914,-0.316664930990914
2874,2.5716465,2.8765329293688326,-0.3048864293688327
2875,2.5720203,2.8877510597659266,-0.31573075976592646
2876,2.575301,2.8984736780790836,-0.32317267807908356
2877,2.5738394,2.9050822507484075,-0.3312428507484073
2878,2.5583768,2.911776137456443,-0.3533993374564428
2879,2.5534832,2.918654375898509,-0.3651711758985088
2880,2.5434515,2.9256575421015723,-0.38220604210157205
2881,2.5398755,2.932385431787405,-0.392509931787405
2882,2.529179,2.938886736416236,-0.40970773641623603
2883,2.5319629,2.945020325919358,-0.41305742591935823
2884,2.5234082,2.951000693378461,-0.42759249337846095
2885,2.5236363,2.9567173817782613,-0.4330810817782611
2886,2.5241406,2.962327839692437,-0.4381872396924371
2887,2.5249512,2.967361592950511,-0.442410392950511
2888,2.5260987,2.971578335925818,-0.44547963592581796
2889,2.5276132,2.9752284702136507,-0.4476152702136509
2890,2.5295253,2.9780012822374498,-0.4484759822374498
2891,2.5318651,2.9799076089201524,-0.4480425089201523
2892,2.534663,2.9812054827776193,-0.4465424827776192
2893,2.5379496,2.9820620268075784,-0.44411242680757823
2894,2.5417554,2.982494764997958,-0.44073936499795785
2895,2.5461125,2.9824261169783313,-0.43631361697833126
2896,2.551047,2.9818105893091342,-0.43076358930913417
2897,2.556591,2.9807856004844133,-0.42419460048441326
2898,2.5627754,2.9790808391376453,-0.4163054391376453
2899,2.5762088,2.976786231283457,-0.40057743128345713
2900,2.574864,2.973955400685563,-0.39909140068556326
2901,2.5375202,2.9706693692331108,-0.43314916923311086
2902,2.5275989,2.966990059435098,-0.4393911594350981
2903,2.5167584,2.9627728413855112,-0.44601444138551116
2904,2.497514,2.9582775373620507,-0.4607635373620509
2905,2.494595,2.9532761644258345,-0.4586811644258346
2906,2.4824448,2.947645900652945,-0.46520110065294507
2907,2.4656742,2.941637853988137,-0.4759636539881371
2908,2.4536438,2.935303360341227,-0.4816595603412268
2909,2.437912,2.9287831454005495,-0.49087114540054966
2910,2.4156995,2.92210055174621,-0.5064010517462099
2911,2.389777,2.9153725967342448,-0.5255955967342447
2912,2.3694522,2.9084589545681494,-0.5390067545681494
2913,2.3518274,2.9013776209278244,-0.5495502209278245
2914,2.331181,2.8940141446890086,-0.5628331446890087
2915,2.3338864,2.8865389210476593,-0.5526525210476594
2916,2.3262928,2.8790558938870343,-0.5527630938870343
2917,2.3249097,2.8712435814648387,-0.5463338814648386
2918,2.3175342,2.8631972125221035,-0.5456630125221036
2919,2.3217273,2.8551278340368476,-0.5334005340368475
2920,2.3260248,2.84706970650948,-0.5210449065094802
2921,2.3252194,2.8389996085581153,-0.5137802085581153
2922,2.318854,2.831146565366287,-0.5122925653662871
2923,2.3093808,2.823632272363044,-0.514251472363044
2924,2.298161,2.8167420798209464,-0.5185810798209465
2925,2.296644,2.810317696550332,-0.5136736965503319
2926,2.2833426,2.80415392960255,-0.5208113296025498
2927,2.2742734,2.7985519852680207,-0.524278585268021
2928,2.2647913,2.7934790938005016,-0.5286877938005015
2929,2.2581308,2.78840139930666,-0.5302705993066601
2930,2.2485416,2.782242375519444,-0.5337007755194443
2931,2.247806,2.775180324064853,-0.5273743240648527
2932,2.263139,2.76764693773687,-0.5045079377368702
2933,2.2511542,2.759455713997338,-0.5083015139973379
2934,2.248667,2.7508820986284572,-0.502215098628457
2935,2.237151,2.7425458332197694,-0.5053948332197695
2936,2.2337658,2.7350524208304585,-0.5012866208304585
2937,2.224158,2.72699867961461,-0.5028406796146099
2938,2.232024,2.7176305523186124,-0.4856065523186124
2939,2.2372372,2.709386835379397,-0.472149635379397
2940,2.2448337,2.702207244906073,-0.45737354490607274
2941,2.2582233,2.695920917967869,-0.4376976179678689
2942,2.271976,2.6905063274415033,-0.4185303274415033
2943,2.275856,2.68670249407888,-0.41084649407887985
2944,2.282158,2.6848551497312183,-0.4026971497312184
2945,2.2841165,2.6851441661831776,-0.40102766618317753
2946,2.2829785,2.686821215177336,-0.40384271517733605
2947,2.287481,2.689348303242533,-0.40186730324253306
2948,2.2844946,2.6926655807578843,-0.4081709807578844
2949,2.2770822,2.6962306230750004,-0.4191484230750002
2950,2.2877972,2.699642771093511,-0.41184557109351116
2951,2.2829874,2.7031898449767144,-0.42020244497671433
2952,2.284634,2.7066867197204716,-0.42205271972047154
2953,2.301907,2.710003198783731,-0.40809619878373127
2954,2.309035,2.7183733033386024,-0.4093383033386022
2955,2.325483,2.729446840224781,-0.40396384022478093
2956,2.327081,2.737178152936166,-0.4100971529361659
2957,2.3358777,2.7437467017658106,-0.4078690017658104
2958,2.3370328,2.75351979510859,-0.4164869951085901
2959,2.3303082,2.762045791953181,-0.43173759195318073
2960,2.3444607,2.7654622828882505,-0.4210015828882505
2961,2.3459952,2.769333606623171,-0.4233384066231709
2962,2.3513107,2.7735719696770316,-0.4222612696770316
2963,2.3584802,2.7783863056038074,-0.4199061056038076
2964,2.3588617,2.783316627846782,-0.42445492784678196
2965,2.3594708,2.7881969822419426,-0.4287261822419426
2966,2.3481958,2.793619958594407,-0.445424158594407
2967,2.3707798,2.7991336459338525,-0.4283538459338523
2968,2.3608813,2.8037771451931124,-0.4428958451931124
2969,2.357594,2.809729213791725,-0.45213521379172494
2970,2.363085,2.8150726816958787,-0.4519876816958788
2971,2.3684552,2.8186818646784664,-0.4502266646784663
2972,2.3711777,2.822197807107083,-0.45102010710708296
2973,2.3771832,2.829015628087292,-0.45183242808729185
2974,2.3717248,2.8372433110417297,-0.4655185110417297
2975,2.373956,2.8441281096892204,-0.4701721096892202
2976,2.3645825,2.850070657285834,-0.48548815728583383
2977,2.365157,2.854153169063746,-0.4889961690637459
2978,2.3734534,2.8568914649010124,-0.4834380649010126
2979,2.373653,2.8602789583212664,-0.4866259583212664
2980,2.3851657,2.86580265381618,-0.4806369538161799
2981,2.383946,2.8711015180269355,-0.4871555180269356
2982,2.3817608,2.8757222590589064,-0.49396145905890654
2983,2.3793564,2.87921719419688,-0.49986079419688023
2984,2.3740277,2.883325908958,-0.509298208958
2985,2.3711722,2.8887360475988704,-0.5175638475988702
2986,2.3564563,2.89590108302206,-0.5394447830220601
2987,2.348381,2.9015740726543497,-0.5531930726543499
2988,2.332648,2.906059836583651,-0.5734118365836514
2989,2.3261273,2.910536371239607,-0.5844090712396071
2990,2.3132794,2.915224210794921,-0.601944810794921
2991,2.3085895,2.92029603614741,-0.6117065361474099
2992,2.3162787,2.925066834038946,-0.6087881340389463
2993,2.3209882,2.9297750939823586,-0.6087868939823586
2994,2.3149173,2.9344188902404302,-0.6195015902404304
2995,2.3153229,2.9383964157745077,-0.6230735157745078
2996,2.3098416,2.9421246713494864,-0.6322830713494865
2997,2.3038495,2.9456294299146317,-0.6417799299146316
2998,2.2931507,2.9487258434054704,-0.6555751434054704
2999,2.2990537,2.9517536644283764,-0.6526999644283764
3000,2.2883987,2.955608516894394,-0.6672098168943941
3001,2.3028543,2.9594275368050713,-0.6565732368050714
3002,2.3064685,2.9636781796458083,-0.6572096796458085
3003,2.3099835,2.9682863169804334,-0.6583028169804335
3004,2.3208957,2.9725832997120496,-0.6516875997120497
3005,2.3322864,2.9778448320757214,-0.6455584320757213
3006,2.3300617,2.983302198739755,-0.6532404987397551
3007,2.3420117,2.9879772129770363,-0.6459655129770363
3008,2.3498743,2.9914901155794915,-0.6416158155794913
3009,2.362637,2.9935745418498607,-0.6309375418498608
3010,2.3726285,2.9956900308743992,-0.6230615308743994
3011,2.3714871,2.9967118144183527,-0.6252247144183527
3012,2.3846774,2.997141936912887,-0.6124645369128867
3013,2.3851666,2.9964041980619673,-0.6112375980619675
3014,2.3919406,2.9955590237447858,-0.6036184237447859
3015,2.396516,2.9961240632951456,-0.5996080632951455
3016,2.3991873,2.9975971285909924,-0.5984098285909925
3017,2.3951678,2.9988371454275073,-0.6036693454275075
3018,2.3963864,2.9992871319933894,-0.6029007319933894
3019,2.3973792,2.999094678368489,-0.6017154783684888
3020,2.3998523,2.998654273221606,-0.5988019732216059
3021,2.401619,2.998008120518586,-0.5963891205185856
3022,2.4060178,2.996578508207297,-0.5905607082072972
3023,2.4178946,2.995523440958104,-0.5776288409581043
3024,2.4184353,2.997503573911031,-0.5790682739110311
3025,2.4184904,2.9998829754805048,-0.5813925754805047
3026,2.4189525,3.00084689708331,-0.5818943970833099
3027,2.4197354,3.001600568918402,-0.581865168918402
3028,2.420834,3.0026845743945207,-0.5818505743945206
3029,2.4222438,3.002868929708755,-0.5806251297087552
3030,2.42396,3.0024265740327785,-0.5784665740327783
3031,2.4259777,3.001537603739751,-0.5755599037397512
3032,2.428292,3.0003820935325196,-0.5720900935325197
3033,2.4308984,2.9991748881679783,-0.5682764881679785
3034,2.4337928,2.997493965665684,-0.5637011656656838
3035,2.4369688,2.9954601382913832,-0.5584913382913834
3036,2.4404228,2.993871844873468,-0.5534490448734681
3037,2.4441495,2.9923378456235206,-0.5481883456235206
3038,2.4481444,2.9908068506922327,-0.5426624506922328
3039,2.4524026,2.9893321098854173,-0.5369295098854172
3040,2.4569194,2.9877699129471074,-0.5308505129471075
3041,2.4616902,2.986292953340005,-0.5246027533400048
3042,2.4667099,2.9844001987727977,-0.5176902987727976
3043,2.471974,2.9821134829305125,-0.5101394829305126
3044,2.4851031,2.9799530405681933,-0.4948499405681934
3045,2.4951184,2.978031696297994,-0.48291329629799407
3046,2.4832687,2.976401070931771,-0.4931323709317712
3047,2.4691272,2.974995567398596,-0.505868367398596
3048,2.4458923,2.9729394029887684,-0.5270471029887682
3049,2.4333496,2.9703286697683446,-0.5369790697683445
3050,2.4289584,2.967351688590539,-0.5383932885905391
3051,2.4232657,2.964151729217607,-0.540886029217607
3052,2.4182456,2.9617066619308865,-0.5434610619308864
3053,2.4213595,2.9595972350117457,-0.5382377350117458
3054,2.4242172,2.9574449726092986,-0.5332277726092984
3055,2.4152539,2.955450290980288,-0.540196390980288
3056,2.421182,2.954373924455287,-0.533191924455287
3057,2.416711,2.9549785776817776,-0.5382675776817778
3058,2.41819,2.9568318524219532,-0.5386418524219532
3059,2.4262369,2.95896018918825,-0.5327232891882501
3060,2.4334042,2.962867402773766,-0.529463202773766
3061,2.4478977,2.966787330210908,-0.5188896302109081
3062,2.4590988,2.970437465111718,-0.511338665111718
3063,2.4706028,2.9728370382082905,-0.5022342382082905
3064,2.4761493,2.973991929655628,-0.497842629655628
3065,2.4846115,2.9761928744641155,-0.4915813744641153
3066,2.491225,2.978033621750055,-0.4868086217500549
3067,2.4840076,2.9803538662486035,-0.49634626624860356
3068,2.4745603,2.9823954519832045,-0.5078351519832047
3069,2.465853,2.9844666158264257,-0.5186136158264256
3070,2.4535534,2.9866621562512097,-0.5331087562512096
3071,2.4316134,2.9889982471163195,-0.5573848471163196
3072,2.4233441,2.992118121696819,-0.5687740216968189
3073,2.4131982,2.9958058835824715,-0.5826076835824714
3074,2.4045727,2.999693399053425,-0.595120699053425
3075,2.3968103,3.003383539485109,-0.6065732394851091
3076,2.3937976,3.0067653039035775,-0.6129677039035775
3077,2.3945138,3.0106654472878938,-0.6161516472878938
3078,2.3957236,3.0161746318148634,-0.6204510318148633
3079,2.391474,3.0199919568588256,-0.6285179568588255
3080,2.384298,3.023824166823426,-0.6395261668234262
3081,2.3786252,3.026082757957898,-0.6474575579578978
3082,2.369775,3.029544197309728,-0.6597691973097279
3083,2.3620725,3.0336998549976335,-0.6716273549976335
3084,2.3556912,3.0367712273771654,-0.6810800273771656
3085,2.3507297,3.0393053010614075,-0.6885756010614075
3086,2.352734,3.0412667652314265,-0.6885327652314266
3087,2.3512738,3.042240845961295,-0.6909670459612949
3088,2.3591635,3.041775191407408,-0.6826116914074079
3089,2.3568573,3.0403010480263526,-0.6834437480263524
3090,2.3671832,3.0383871926472104,-0.6712039926472104
3091,2.3684998,3.036349320988939,-0.667849520988939
3092,2.363073,3.034188262024905,-0.6711152620249052
3093,2.3802762,3.0361373851395808,-0.6558611851395808
3094,2.380091,3.04044096828318,-0.6603499682831799
3095,2.3861694,3.0418739582481122,-0.6557045582481122
3096,2.4010205,3.0433571912162356,-0.6423366912162356
3097,2.4173656,3.0468393492304005,-0.6294737492304003
3098,2.419123,3.050013840689459,-0.6308908406894589
3099,2.4206264,3.052567478799783,-0.631941078799783
3100,2.4218957,3.051769929843211,-0.6298742298432112
3101,2.4229505,3.05144902389046,-0.6284985238904603
3102,2.423811,3.0518884933392485,-0.6280774933392483
3103,2.4244967,3.052254848519646,-0.627758148519646
3104,2.4250274,3.0527299929201424,-0.6277025929201425
3105,2.4254231,3.0540723059546697,-0.6286492059546696
3106,2.4257035,3.053633102292023,-0.6279296022920229
3107,2.4258888,3.0508106970202076,-0.6249218970202075
3108,2.4259982,3.0483702950894194,-0.6223720950894194
3109,2.4260519,3.0462525049100173,-0.6202006049100173
3110,2.4260695,3.0449861642496416,-0.6189166642496415
3111,2.4342062,3.0443184876052674,-0.6101122876052671
3112,2.4353855,3.0440975465310305,-0.6087120465310303
3113,2.4406085,3.0471802865437536,-0.6065717865437534
3114,2.4470608,3.0518438289352323,-0.6047830289352323
3115,2.4638748,3.0549511175602,-0.5910763175602001
3116,2.4689136,3.057837677583822,-0.588924077583822
3117,2.4848218,3.061700947650868,-0.5768791476508679
3118,2.490958,3.069953188916191,-0.5789951889161911
3119,2.4938061,3.0786547899705385,-0.5848486899705385
3120,2.4808438,3.0847926804091905,-0.6039488804091904
3121,2.467696,3.090717666678147,-0.623021666678147
3122,2.4542902,3.0961263358737723,-0.6418361358737723
3123,2.440044,3.1009562036946847,-0.6609122036946848
3124,2.423463,3.105395977503726,-0.6819329775037262
3125,2.4160101,3.110602363370442,-0.694592263370442
3126,2.4168222,3.115595622047764,-0.6987734220477639
3127,2.416907,3.1201319451996006,-0.7032249451996004
3128,2.4205496,3.1243492209861286,-0.7037996209861284
3129,2.431622,3.1281336559535244,-0.6965116559535245
3130,2.4416537,3.131719884773871,-0.6900661847738712
3131,2.4495609,3.1351218492403077,-0.6855609492403079
3132,2.4604611,3.1381206286511096,-0.6776595286511098
3133,2.4828677,3.1415054871910413,-0.6586377871910414
3134,2.496231,3.1435864259177757,-0.6473554259177758
3135,2.5146003,3.1438231859526713,-0.6292228859526712
3136,2.5156107,3.143677721258139,-0.628067021258139
3137,2.516939,3.143067712303885,-0.6261287123038852
3138,2.5193815,3.1419246212862193,-0.6225431212862191
3139,2.5231266,3.140271953431866,-0.6171453534318663
3140,2.528363,3.1381306864990277,-0.6097676864990276
3141,2.5352786,3.13582473038435,-0.60054613038435
3142,2.5440624,3.1323580685789176,-0.5882956685789176
3143,2.5549026,3.127584373305414,-0.5726817733054137
3144,2.5679903,3.1224028552777545,-0.5544125552777546
3145,2.5835192,3.1170385818623685,-0.5335193818623685
3146,2.6016629,3.1124768236946134,-0.5108139236946134
3147,2.6215668,3.1112402211742434,-0.4896734211742433
3148,2.6131766,3.1103665977585773,-0.4971899977585772
3149,2.6159863,3.1071329669968932,-0.49114666699689336
3150,2.6117435,3.103079374300711,-0.4913358743007108
3151,2.5940454,3.0973704202361514,-0.5033250202361512
3152,2.564634,3.0912197723605925,-0.5265857723605927
3153,2.5222528,3.0849901874670382,-0.5627373874670383
3154,2.481016,3.0783533211368828,-0.5973373211368829
3155,2.4495785,3.074198020068203,-0.6246195200682032
3156,2.4192734,3.0719601416306856,-0.6526867416306859
3157,2.3996255,3.0690823905758964,-0.6694568905758964
3158,2.388479,3.0656849452191226,-0.6772059452191228
3159,2.3812616,3.06236612584109,-0.6811045258410897
3160,2.3722098,3.0593058994550333,-0.6870960994550335
3161,2.365317,3.0548573379226385,-0.6895403379226384
3162,2.3585858,3.0487055998380526,-0.6901197998380524
3163,2.3432486,3.0422488888266157,-0.6990002888266158
3164,2.3493009,3.035201847595793,-0.6859009475957931
3165,2.344029,3.02800415083574,-0.6839751508357401
3166,2.32078,3.02051617677797,-0.6997361767779697
3167,2.3137753,3.012802762501934,-0.6990274625019337
3168,2.3061163,3.004741549446431,-0.6986252494464313
3169,2.2965121,2.997620572799029,-0.7011084727990289
3170,2.3166516,2.9889365808373913,-0.6722849808373912
3171,2.326717,2.977162424689687,-0.6504454246896869
3172,2.3555844,2.965174539445096,-0.6095901394450958
3173,2.3715286,2.9531283556665167,-0.5815997556665167
3174,2.4114838,2.940896756800424,-0.529412956800424
3175,2.4364722,2.9286367418909114,-0.4921645418909115
3176,2.455647,2.9175882425936734,-0.46194124259367353
3177,2.4763925,2.907439071725636,-0.431046571725636
3178,2.5085742,2.8975369604062964,-0.3889627604062964
3179,2.5180054,2.8880282540892703,-0.3700228540892705
3180,2.534134,2.8789302300809467,-0.34479623008094684
3181,2.5443377,2.8700988951150066,-0.3257611951150068
3182,2.5635974,2.8619298271710605,-0.29833242717106057
3183,2.5744019,2.854451549739254,-0.2800496497392544
3184,2.5907376,2.847433938886977,-0.25669633888697696
3185,2.610291,2.8407584170234785,-0.2304674170234784
3186,2.6290228,2.834639220891059,-0.20561642089105892
3187,2.6417346,2.834943686905411,-0.19320908690541128
3188,2.6499505,2.836470890114397,-0.18652039011439703
3189,2.6551945,2.8332817662627594,-0.1780872662627595
3190,2.6589909,2.8305182390032453,-0.17152733900324524
3191,2.6628628,2.8282767224594187,-0.16541392245941866
3192,2.6683347,2.8266766978280695,-0.15834199782806957
3193,2.6769302,2.8260145437749946,-0.14908434377499447
3194,2.6901736,2.826168019499048,-0.1359944194990481
3195,2.7095888,2.8264556736939452,-0.1168668736939451
3196,2.7272274,2.827405882201044,-0.10017848220104408
3197,2.736096,2.8291180861602068,-0.09302208616020691
3198,2.7411664,2.8314275813118464,-0.09026118131184635
3199,2.748583,2.8343784162814507,-0.08579541628145071
3200,2.752483,2.837920157493366,-0.08543715749336611
3201,2.7522333,2.841880085963062,-0.0896467859630623
3202,2.7507193,2.846362657417387,-0.09564335741738672
3203,2.7414682,2.8512224529965913,-0.10975425299659136
3204,2.734412,2.856235858481246,-0.1218238584812461
3205,2.737102,2.8615990365300656,-0.1244970365300655
3206,2.7379367,2.867402486432725,-0.12946578643272488
3207,2.7392871,2.873485064579443,-0.13419796457944333
3208,2.7524054,2.884585460153644,-0.13218006015364425
3209,2.7515247,2.8963294728579076,-0.1448047728579076
3210,2.7466419,2.9038364888130164,-0.15719458881301618
3211,2.7386081,2.911204078188724,-0.17259597818872408
3212,2.722627,2.9185053487143495,-0.1958783487143494
3213,2.7158105,2.9258306464713333,-0.21002014647133338
3214,2.7029397,2.932759378208286,-0.22981967820828597
3215,2.6968167,2.9391841388669495,-0.24236743886694967
3216,2.6905856,2.9452599317138217,-0.2546743317138218
3217,2.6842673,2.950814369857194,-0.2665470698571939
3218,2.6788013,2.956449319047145,-0.27764801904714487
3219,2.6741028,2.9617263870232344,-0.28762358702323443
3220,2.668977,2.9663045779643307,-0.29732757796433074
3221,2.6614826,2.9704220498060216,-0.30893944980602184
3222,2.6544821,2.9743126772078003,-0.3198305772078003
3223,2.6493585,2.9780173947546773,-0.32865889475467736
3224,2.6460757,2.9810901430771386,-0.3350144430771387
3225,2.6408505,2.9832995520199543,-0.34244905201995435
3226,2.6387308,2.9847743615658002,-0.3460435615658004
3227,2.636153,2.9856358725866783,-0.3494828725866781
3228,2.6298752,2.9860857656784554,-0.35621056567845555
3229,2.6359384,2.9862408468373003,-0.35030244683730016
3230,2.6350021,2.988291785453653,-0.35328968545365314
3231,2.638808,2.989104282249646,-0.35029628224964604
3232,2.6428418,2.9864723869368905,-0.34363058693689075
3233,2.6435513,2.984048969258921,-0.3404976692589212
3234,2.6386447,2.9816312074429967,-0.34298650744299675
3235,2.6211689,2.978895258800294,-0.35772635880029435
3236,2.5986493,2.975704113887592,-0.3770548138875922
3237,2.5760128,2.9757233401466627,-0.39971054014666274
3238,2.5511072,2.975564741790977,-0.42445754179097683
3239,2.5285046,2.972600710628186,-0.44409611062818577
3240,2.5021656,2.969266194043606,-0.4671005940436057
3241,2.4823117,2.9660530268195378,-0.48374132681953785
3242,2.4667315,2.962937219979908,-0.49620571997990837
3243,2.4623828,2.9603031803510924,-0.49792038035109254
3244,2.4576733,2.9576504694130885,-0.49997716941308834
3245,2.460339,2.954169216227003,-0.49383021622700296
3246,2.4640896,2.950298698399496,-0.4862090983994962
3247,2.464436,2.946019823687873,-0.4815838236878731
3248,2.4639926,2.9418212173804115,-0.4778286173804114
3249,2.4604733,2.9374306365324685,-0.47695733653246863
3250,2.4434052,2.93258678089922,-0.48918158089922015
3251,2.4245932,2.927572498148432,-0.502979298148432
3252,2.4119992,2.9224520942028507,-0.5104528942028508
3253,2.3971198,2.917255639266773,-0.5201358392667728
3254,2.3848026,2.9117334501127465,-0.5269308501127465
3255,2.376598,2.9059220604398335,-0.5293240604398335
3256,2.3796082,2.9001456231412535,-0.5205374231412536
3257,2.3816113,2.8946437812819354,-0.5130324812819356
3258,2.383714,2.8881119764039775,-0.5043979764039777
3259,2.394466,2.8794564923442487,-0.48499049234424874
3260,2.4138052,2.869939473019703,-0.4561342730197029
3261,2.434132,2.860524421743481,-0.4263924217434809
3262,2.4486923,2.851571203685736,-0.4028789036857363
3263,2.464567,2.8435906355601785,-0.3790236355601784
3264,2.4831522,2.836318943091423,-0.35316674309142293
3265,2.4935565,2.82942608845494,-0.3358695884549401
3266,2.5015628,2.823338061915382,-0.32177526191538197
3267,2.5227356,2.817716592970846,-0.29498099297084623
3268,2.5386112,2.81226036159697,-0.27364916159696984
3269,2.5531387,2.80729024723791,-0.25415154723791034
3270,2.564452,2.80274618172043,-0.23829418172043004
3271,2.5788944,2.798507173290761,-0.21961277329076134
3272,2.591824,2.794538691272339,-0.2027146912723392
3273,2.6037848,2.7913936050431705,-0.18760880504317035
3274,2.610429,2.7889718138266097,-0.17854281382660986
3275,2.6172638,2.78669054337891,-0.16942674337891006
3276,2.6338751,2.785067020859399,-0.1511919208593988
3277,2.6491482,2.7844520970631206,-0.13530389706312063
3278,2.6633453,2.785663111993253,-0.12231781199325287
3279,2.6746085,2.7883710000078183,-0.11376250000781818
3280,2.6864254,2.7918901780084564,-0.10546477800845633
3281,2.6943817,2.7969390087571075,-0.10255730875710745
3282,2.6949463,2.8029994041981627,-0.10805310419816294
3283,2.6922934,2.808449554473673,-0.11615615447367311
3284,2.689404,2.8140272150630965,-0.12462321506309637
3285,2.687475,2.819596491533346,-0.13212149153334574
3286,2.6925724,2.824800507138096,-0.13222810713809618
3287,2.6888614,2.8292372946669975,-0.1403758946669975
3288,2.6906116,2.8339075669713374,-0.1432959669713374
3289,2.6834848,2.8380553778631468,-0.15457057786314676
3290,2.6803546,2.8415210732066702,-0.16116647320667044
3291,2.6376877,2.8448052149180976,-0.2071175149180977
3292,2.6337934,2.8483278278266124,-0.21453442782661236
3293,2.6314642,2.851325266052688,-0.21986106605268807
3294,2.634055,2.853806116341841,-0.21975111634184108
3295,2.6347525,2.8556337354472063,-0.2208812354472065
3296,2.634274,2.8572480059954883,-0.22297400599548833
3297,2.6424158,2.8586658317140703,-0.2162500317140701
3298,2.6457303,2.8605608365904356,-0.21483053659043572
3299,2.6432343,2.86270473041257,-0.21947043041256986
3300,2.6559567,2.8642855575840955,-0.20832885758409558
3301,2.6642947,2.865705729805026,-0.2014110298050258
3302,2.6735098,2.8669824746624273,-0.19347267466242712
3303,2.6729748,2.8687076679760444,-0.1957328679760444
3304,2.6790903,2.8708388736891486,-0.19174857368914866
3305,2.6783447,2.8733293019793176,-0.19498460197931777
3306,2.6708286,2.8753964306655546,-0.2045678306655545
3307,2.673924,2.8766198077731535,-0.20269580777315355
3308,2.6733224,2.8780610986569295,-0.2047386986569295
3309,2.6842575,2.8797793408392316,-0.1955218408392314
3310,2.6904514,2.8818929111885576,-0.19144151118855746
3311,2.6958096,2.8845308718959934,-0.18872127189599341
3312,2.69966,2.8876491672701112,-0.18798916727011106
3313,2.708349,2.8915265332476787,-0.1831775332476786
3314,2.7132556,2.896136340191398,-0.18288074019139788
3315,2.7246518,2.9010507222550674,-0.17639892225506726
3316,2.7209146,2.9065389328529605,-0.18562433285296054
3317,2.7221985,2.912522513340983,-0.19032401334098292
3318,2.7211316,2.9190837468826576,-0.1979521468826575
3319,2.7175937,2.9256893785936744,-0.20809567859367428
3320,2.704677,2.932542778526429,-0.22786577852642864
3321,2.6973355,2.9402558232160616,-0.24292032321606172
3322,2.67745,2.9484310093456734,-0.2709810093456735
3323,2.6649725,2.9567862029318897,-0.29181370293188946
3324,2.6578794,2.964994326196175,-0.30711492619617475
3325,2.6464179,2.9732605374619814,-0.3268426374619815
3326,2.6441028,2.9827754299062144,-0.33867262990621416
3327,2.6334174,2.9917530360630704,-0.3583356360630705
3328,2.6320114,2.9984021046224125,-0.3663907046224124
3329,2.6251025,3.004850297318381,-0.3797477973183807
3330,2.6191542,3.0111044851602022,-0.39195028516020214
3331,2.617308,3.0174293165641792,-0.40012131656417926
3332,2.6137748,3.023622673327886,-0.4098478733278861
3333,2.6089196,3.029994820312996,-0.42107522031299593
3334,2.6025908,3.036872417792564,-0.4342816177925637
3335,2.5961528,3.043301402763007,-0.44714860276300694
3336,2.589517,3.049494921954258,-0.45997792195425813
3337,2.5830488,3.055351011694487,-0.4723022116944873
3338,2.5771122,3.0610341243278687,-0.4839219243278685
3339,2.572072,3.0663983115363806,-0.49432631153638074
3340,2.5682933,3.071388819013018,-0.503095519013018
3341,2.5661407,3.0792726080647386,-0.5131319080647385
3342,2.5765262,3.0870571766229955,-0.5105309766229955
3343,2.5705752,3.0911837828814512,-0.5206085828814513
3344,2.5724673,3.094306314418184,-0.5218390144181839
3345,2.5744357,3.0968984504950745,-0.5224627504950745
3346,2.5694776,3.0995700904917918,-0.5300924904917919
3347,2.561906,3.101793499699173,-0.5398874996991729
3348,2.5486548,3.1039014198575057,-0.5552466198575057
3349,2.5365067,3.105551445810576,-0.5690447458105763
3350,2.5253503,3.1068534374408032,-0.5815031374408033
3351,2.5226266,3.107785930031671,-0.5851593300316709
3352,2.5164053,3.1084975852466297,-0.5920922852466295
3353,2.5047019,3.108692658656316,-0.603990758656316
3354,2.5040948,3.1084155784757157,-0.6043207784757159
3355,2.490907,3.1078598727780737,-0.6169528727780738
3356,2.501114,3.1071043575959956,-0.6059903575959957
3357,2.5193667,3.105833944643267,-0.5864672446432668
3358,2.5204663,3.105523021099289,-0.585056721099289
3359,2.5277011,3.107209785974711,-0.5795086859747114
3360,2.5334604,3.1070538665336307,-0.5735934665336306
3361,2.5375943,3.1045250482595317,-0.5669307482595318
3362,2.5282648,3.101729668421171,-0.573464868421171
3363,2.512862,3.0991945527375466,-0.5863325527375465
3364,2.4929843,3.096689551974813,-0.6037052519748132
3365,2.4791281,3.09393824897581,-0.6148101489758098
3366,2.4673703,3.0917562803526772,-0.6243859803526774
3367,2.4537048,3.0894284572966413,-0.6357236572966412
3368,2.4401987,3.0872808916486716,-0.6470821916486718
3369,2.440191,3.0857454506251063,-0.6455544506251063
3370,2.4376864,3.082437308140435,-0.644750908140435
3371,2.4363077,3.0768379836546464,-0.6405302836546465
3372,2.4457736,3.0713460404796233,-0.6255724404796235
3373,2.4510257,3.066217147373682,-0.6151914473736819
3374,2.4607162,3.061460325212516,-0.6007441252125161
3375,2.4705899,3.0570554565344104,-0.5864655565344106
3376,2.4837604,3.0531434331430294,-0.5693830331430294
3377,2.5019717,3.0497407993191996,-0.5477690993191997
3378,2.5194757,3.0469090565666472,-0.5274333565666471
3379,2.5340335,3.045085696645619,-0.5110521966456187
3380,2.5488522,3.0440666264988447,-0.49521442649884495
3381,2.5601087,3.043245806974207,-0.4831371069742074
3382,2.5760825,3.0428457447885986,-0.46676324478859854
3383,2.59095,3.0427627475798387,-0.4518127475798388
3384,2.6017041,3.0433092738321488,-0.4416051738321487
3385,2.6001728,3.0442786692714123,-0.44410586927141216
3386,2.6031756,3.0456106010129482,-0.4424350010129481
3387,2.5993369,3.0471492678895626,-0.4478123678895627
3388,2.5862927,3.0489218305413974,-0.4626291305413974
3389,2.5748575,3.051577261878784,-0.4767197618787842
3390,2.5701947,3.0545167308635444,-0.4843220308635443
3391,2.562803,3.057449660696017,-0.4946466606960169
3392,2.5593512,3.0605491949069625,-0.5011979949069625
3393,2.5632706,3.0633200505866243,-0.5000494505866242
3394,2.5712357,3.066127285190344,-0.49489158519034415
3395,2.5746655,3.0685388934930944,-0.49387339349309434
3396,2.591264,3.0706512273718585,-0.4793872273718587
3397,2.6063297,3.0742696348984606,-0.46793993489846075
3398,2.624418,3.0781353179833193,-0.4537173179833194
3399,2.6399493,3.0806454503477116,-0.4406961503477116
3400,2.629948,3.0827051887274313,-0.4527571887274311
3401,2.617806,3.084390930965822,-0.4665849309658223
3402,2.6074488,3.085580466913559,-0.47813166691355935
3403,2.5987406,3.0863928901544893,-0.4876522901544891
3404,2.5915444,3.0870433129577375,-0.4954989129577374
3405,2.585724,3.0872244852104047,-0.5015004852104048
3406,2.5811434,3.0869883526046284,-0.5058449526046283
3407,2.5776658,3.0863898782752295,-0.5087240782752294
3408,2.5751548,3.0866825683588797,-0.5115277683588797
3409,2.5734744,3.0867285700931015,-0.5132541700931017
3410,2.5724878,3.0856570587979855,-0.5131692587979853
3411,2.5720592,3.0841561080372437,-0.5120969080372437
3412,2.575071,3.082320585506417,-0.507249585506417
3413,2.5650952,3.0803761541268146,-0.5152809541268146
3414,2.558511,3.078172254498861,-0.5196612544988608
3415,2.5593698,3.0756200441656696,-0.5162502441656698
3416,2.5817654,3.0750554969970945,-0.49329009699709436
3417,2.597154,3.0738398819501667,-0.4766858819501665
3418,2.6227155,3.0697371120389287,-0.44702161203892876
3419,2.5871594,3.0656243180054807,-0.47846491800548074
3420,2.5871332,3.06140932968697,-0.4742761296869702
3421,2.5758471,3.0571968445851025,-0.4813497445851027
3422,2.5592685,3.053023078699557,-0.4937545786995572
3423,2.521298,3.04883247379422,-0.52753447379422
3424,2.510351,3.044390767601312,-0.5340397676013122
3425,2.5005777,3.0395191703727504,-0.5389414703727504
3426,2.4784906,3.0346166750713683,-0.5561260750713681
3427,2.4582236,3.0297865752198962,-0.5715629752198961
3428,2.434338,3.0249341139866845,-0.5905961139866847
3429,2.401451,3.020191860580691,-0.618740860580691
3430,2.378055,3.0156285539524474,-0.6375735539524476
3431,2.345837,3.0130684162106216,-0.6672314162106217
3432,2.3342907,3.012686795926178,-0.6783960959261779
3433,2.327082,3.0090762570353635,-0.6819942570353636
3434,2.318064,3.001714696793214,-0.6836506967932139
3435,2.302634,2.994629002497149,-0.6919950024971491
3436,2.2995486,2.9879694161361883,-0.6884208161361882
3437,2.3006036,2.9812711227230055,-0.6806675227230055
3438,2.2884076,2.9747275906377135,-0.6863199906377133
3439,2.3006167,2.968284122428528,-0.667667422428528
3440,2.2883933,2.962057630740693,-0.6736643307406931
3441,2.2984335,2.955852831791305,-0.6574193317913051
3442,2.3006897,2.949991296346816,-0.6493015963468158
3443,2.3158112,2.944117443925217,-0.6283062439252167
3444,2.32918,2.9383547802869208,-0.6091747802869207
3445,2.3241065,2.9350082138755056,-0.6109017138755055
3446,2.3167255,2.9316711535058317,-0.6149456535058317
3447,2.312706,2.9266851921912984,-0.6139791921912985
3448,2.3148901,2.921796953680407,-0.6069068536804072
3449,2.3147168,2.9185316409853748,-0.603814840985375
3450,2.3083212,2.9164418598907376,-0.6081206598907376
3451,2.302692,2.913977321295258,-0.611285321295258
3452,2.3036816,2.9119208227697664,-0.6082392227697664
3453,2.3058963,2.910454135383481,-0.6045578353834808
3454,2.2977817,2.912707518842868,-0.6149258188428681
3455,2.2969568,2.9166483686663014,-0.6196915686663016
3456,2.2915149,2.9191835924199117,-0.6276686924199115
3457,2.2909076,2.9229801946675966,-0.6320725946675965
3458,2.2954984,2.9274401655513906,-0.6319417655513906
3459,2.2793622,2.9335426344686706,-0.6541804344686706
3460,2.2880347,2.940032817528189,-0.6519981175281893
3461,2.2897449,2.944665704569376,-0.6549208045693757
3462,2.287336,2.9488427626405835,-0.6615067626405837
3463,2.306937,2.9526206018167076,-0.6456836018167076
3464,2.315832,2.9558598724417746,-0.6400278724417747
3465,2.3254492,2.9584618657256305,-0.6330126657256305
3466,2.3280509,2.9606109573738837,-0.6325600573738837
3467,2.3236325,2.961867721657429,-0.6382352216574292
3468,2.3249109,2.9623205164693203,-0.6374096164693204
3469,2.3444562,2.9626539073760534,-0.6181977073760532
3470,2.3392181,2.9651017944446307,-0.6258836944446307
3471,2.3451648,2.966344621077514,-0.6211798210775141
3472,2.3452518,2.9653593045125186,-0.6201075045125184
3473,2.345848,2.964381760979194,-0.6185337609791937
3474,2.338879,2.9633865558982864,-0.6245075558982864
3475,2.3167322,2.962255324694543,-0.645523124694543
3476,2.3078732,2.96119107964801,-0.6533178796480099
3477,2.3053916,2.9598754153462274,-0.6544838153462273
3478,2.3006308,2.9596895677217514,-0.6590587677217514
3479,2.3148117,2.9582147526048606,-0.6434030526048606
3480,2.319505,2.9558981194851475,-0.6363931194851475
3481,2.3300388,2.9534657065279486,-0.6234269065279485
3482,2.3628116,2.9528689159016785,-0.5900573159016784
3483,2.3711472,2.953144078895431,-0.5819968788954313
3484,2.3857007,2.951628875719195,-0.5659281757191947
3485,2.396831,2.9498329127787777,-0.5530019127787775
3486,2.4065106,2.9477420759785544,-0.5412314759785546
3487,2.4159503,2.946995691465797,-0.5310453914657969
3488,2.4295566,2.9469013166425837,-0.5173447166425835
3489,2.436434,2.944850286893652,-0.5084162868936519
3490,2.4424884,2.942074477542007,-0.49958607754200735
3491,2.4499652,2.939295914451488,-0.489330714451488
3492,2.4749048,2.936511241838894,-0.4616064418388941
3493,2.4917874,2.9339628091671472,-0.44217540916714704
3494,2.5010943,2.9318273770607592,-0.43073307706075914
3495,2.506,2.930027033102203,-0.42402703310220335
3496,2.5111902,2.928368245992357,-0.41717804599235686
3497,2.5201,2.926679156741128,-0.4065791567411283
3498,2.5316565,2.925240142514323,-0.3935836425143231
3499,2.542452,2.924198387768428,-0.3817463877684282
3500,2.5419781,2.9231299569351687,-0.3811518569351686
3501,2.540449,2.9220445572572706,-0.38159555725727046
3502,2.53988,2.9218751428264866,-0.3819951428264865
3503,2.5314853,2.921227894487794,-0.38974259448779414
3504,2.5222201,2.9197208657089595,-0.3975007657089593
3505,2.5150528,2.918398587280751,-0.4033457872807511
3506,2.507503,2.917011152548723,-0.4095081525487232
3507,2.5048447,2.9158542989932243,-0.4110095989932243
3508,2.5041003,2.914798459076267,-0.41069815907626683
3509,2.5142398,2.913700264966878,-0.39946046496687826
3510,2.509043,2.9126265563340414,-0.4035835563340413
3511,2.5040467,2.9115900059123945,-0.4075433059123945
3512,2.4997067,2.9107493752682774,-0.4110426752682774
3513,2.4959786,2.9101077393784656,-0.4141291393784656
3514,2.4928179,2.9099548737427305,-0.4171369737427306
3515,2.4901805,2.9115029671435035,-0.4213224671435034
3516,2.488022,2.9125979653561473,-0.4245759653561474
3517,2.4862978,2.9128769795456226,-0.42657917954562263
3518,2.484964,2.913135631374836,-0.4281716313748358
3519,2.4839756,2.9132783176968453,-0.42930271769684536
3520,2.4832885,2.9135385842214148,-0.43025008422141475
3521,2.482859,2.9138816021353358,-0.43102260213533583
3522,2.482642,2.9141643053611377,-0.4315223053611379
3523,2.4842117,2.914293630420477,-0.43008193042047704
3524,2.4829144,2.9143007081719516,-0.4313863081719518
3525,2.4753168,2.914242604267532,-0.4389258042675319
3526,2.4719565,2.9138963710297876,-0.4419398710297875
3527,2.46544,2.9133886672155356,-0.4479486672155355
3528,2.4596982,2.9128457815764626,-0.4531475815764625
3529,2.445379,2.913054221678928,-0.46767522167892794
3530,2.4413877,2.9131351827422747,-0.47174748274227474
3531,2.4391239,2.9124602608167622,-0.47333636081676245
3532,2.4324777,2.911756866755246,-0.4792791667552456
3533,2.432276,2.912416191036712,-0.48014019103671224
3534,2.4275131,2.9134791375029425,-0.4859660375029424
3535,2.4263513,2.9132508893869486,-0.4868995893869488
3536,2.4201868,2.9124901895744255,-0.4923033895744253
3537,2.4106052,2.91168300221859,-0.5010778022185902
3538,2.404869,2.9110277276630074,-0.5061587276630073
3539,2.3961651,2.9105320866822075,-0.5143669866822074
3540,2.3876889,2.9108747874419114,-0.5231858874419113
3541,2.3731003,2.912196057650155,-0.5390957576501552
3542,2.3669543,2.912625905081459,-0.5456716050814587
3543,2.3653882,2.9120562648909702,-0.5466680648909703
3544,2.375231,2.9117161954911883,-0.5364851954911884
3545,2.3826392,2.9115460683515293,-0.5289068683515294
3546,2.3945858,2.911520646276992,-0.5169348462769916
3547,2.4088428,2.9115384137213964,-0.5026956137213965
3548,2.4158642,2.911601590436577,-0.49573739043657694
3549,2.4210565,2.9118336409880836,-0.49077714098808345
3550,2.4312167,2.9119444467146423,-0.48072774671464247
3551,2.4458652,2.9127203537846,-0.46685515378459996
3552,2.4498367,2.915114782916524,-0.46527808291652395
3553,2.455488,2.91777202273599,-0.4622840227359899
3554,2.434809,2.918722795856894,-0.483913795856894
3555,2.4318182,2.9198493705275137,-0.48803117052751377
3556,2.4324613,2.921083837676026,-0.48862253767602626
3557,2.4472516,2.922241456140422,-0.474989856140422
3558,2.4475064,2.923825763614062,-0.47631936361406213
3559,2.4698617,2.9252709850769887,-0.45540928507698863
3560,2.5090015,2.9264713625145355,-0.41746986251453544
3561,2.5159748,2.9275750557081386,-0.41160025570813863
3562,2.529466,2.9287093036876293,-0.39924330368762906
3563,2.5429676,2.929745930867791,-0.386778330867791
3564,2.5578678,2.930823719485867,-0.37295591948586715
3565,2.5766666,2.9318269115712763,-0.3551603115712765
3566,2.5964038,2.9326643333384843,-0.33626053333848427
3567,2.6081479,2.9335012933609645,-0.32535339336096447
3568,2.607988,2.9346838216245614,-0.32669582162456123
3569,2.607663,2.9356356907283816,-0.32797269072838153
3570,2.6072032,2.9362011679724263,-0.3289979679724264
3571,2.60664,2.9366646201964066,-0.33002462019640655
3572,2.606005,2.9370335735546766,-0.3310285735546765
3573,2.605328,2.937392251746516,-0.332064251746516
3574,2.604641,2.9375607863940845,-0.3329197863940845
3575,2.6039746,2.9376933318188043,-0.3337187318188044
3576,2.60336,2.9377417141241176,-0.33438171412411766
3577,2.602828,2.937589532398054,-0.33476153239805395
3578,2.6024096,2.937492577747555,-0.3350829777475548
3579,2.6021361,2.937223358560514,-0.335087258560514
3580,2.6060576,2.936854285163642,-0.3307966851636417
3581,2.6111505,2.9364481883349765,-0.3252976883349765
3582,2.6011517,2.936097846411196,-0.334946146411196
3583,2.598598,2.9357379662545284,-0.33713996625452847
3584,2.5896628,2.935388638493076,-0.3457258384930757
3585,2.5788913,2.9350605638278036,-0.35616926382780356
3586,2.563991,2.934878076889431,-0.370887076889431
3587,2.5449872,2.9346288072859883,-0.3896416072859883
3588,2.5610428,2.9363578927950464,-0.3753150927950464
3589,2.561095,2.9381908970989756,-0.37709589709897573
3590,2.5566788,2.9379992282426928,-0.38132042824269297
3591,2.5559049,2.9378121822004317,-0.3819072822004319
3592,2.551334,2.938505518493823,-0.3871715184938229
3593,2.5466712,2.9387108662438917,-0.39203966624389164
3594,2.538851,2.9378380221924334,-0.3989870221924332
3595,2.5304248,2.9375328355030836,-0.4071080355030836
3596,2.514679,2.937259552164181,-0.422580552164181
3597,2.5105383,2.9368042123524845,-0.42626591235248457
3598,2.4818115,2.9362259760184046,-0.45441447601840457
3599,2.4682584,2.9374301199540414,-0.4691717199540415
3600,2.4569058,2.939515614704364,-0.48260981470436404
3601,2.4506443,2.939876368960823,-0.48923206896082316
3602,2.437088,2.9390005360443308,-0.5019125360443306
3603,2.4247491,2.9380690023775777,-0.5133199023775776
3604,2.426674,2.9370354801101364,-0.5103614801101362
3605,2.393158,2.9360185791299576,-0.5428605791299574
3606,2.3779972,2.9349736928677257,-0.5569764928677259
3607,2.3741107,2.9338612660481687,-0.5597505660481685
3608,2.3711133,2.9328158161919378,-0.5617025161919376
3609,2.368852,2.931729483751143,-0.562877483751143
3610,2.363823,2.930651374346211,-0.566828374346211
3611,2.3635113,2.9295723248174497,-0.5660610248174498
3612,2.357981,2.9284690819419366,-0.5704880819419365
3613,2.3674731,2.9273072460734326,-0.5598341460734324
3614,2.3703766,2.926163272627881,-0.5557866726278808
3615,2.383194,2.9251996804163682,-0.5420056804163682
3616,2.3911078,2.9242682682929524,-0.5331604682929525
3617,2.389036,2.9230807634895304,-0.5340447634895304
3618,2.3955731,2.9217504851794573,-0.5261773851794573
3619,2.3990827,2.9215087047908783,-0.5224260047908782
3620,2.4145825,2.9210789104290624,-0.5064964104290626
3621,2.4359097,2.918963102243744,-0.48305340224374405
3622,2.4537299,2.9168122540220005,-0.4630823540220006
3623,2.468655,2.914598767221045,-0.4459437672210451
3624,2.4803445,2.912413934718627,-0.4320694347186267
3625,2.496897,2.9105854476081534,-0.41368844760815326
3626,2.5358233,2.9089380616840415,-0.37311476168404134
3627,2.5761883,2.9071674364363767,-0.33097913643637655
3628,2.5927594,2.906077556379914,-0.3133181563799141
3629,2.5927975,2.908820160900756,-0.3160226609007557
3630,2.5861108,2.912129073975723,-0.3260182739757229
3631,2.5823898,2.9124158788460046,-0.33002607884600454
3632,2.569239,2.9125604724332157,-0.34332147243321565
3633,2.552464,2.913011116134296,-0.3605471161342959
3634,2.5312238,2.9135813914583366,-0.3823575914583368
3635,2.5171597,2.914300698729917,-0.3971409987299168
3636,2.5006006,2.915286427200375,-0.4146858272003753
3637,2.4909778,2.9163709601164705,-0.42539316011647044
3638,2.486398,2.917194152582846,-0.4307961525828463
3639,2.4809048,2.9182451940505643,-0.43734039405056446
3640,2.4807293,2.919528886291401,-0.4387995862914007
3641,2.4811542,2.9210275247509765,-0.4398733247509763
3642,2.484183,2.922704512395185,-0.4385215123951851
3643,2.4915836,2.9247181387110803,-0.43313453871108054
3644,2.4961112,2.927215585949258,-0.4311043859492578
3645,2.5009396,2.930003038276793,-0.42906343827679283
3646,2.5062594,2.932984463993454,-0.42672506399345433
3647,2.5013177,2.9359336178814606,-0.4346159178814606
3648,2.500156,2.938925904623023,-0.4387699046230229
3649,2.4934442,2.942177096930285,-0.4487328969302853
3650,2.5151498,2.945623403469848,-0.430473603469848
3651,2.509661,2.949186594342776,-0.43952559434277605
3652,2.5083716,2.952906803162791,-0.44453520316279116
3653,2.4914212,2.956810052882502,-0.46538885288250187
3654,2.4878714,2.960864336603977,-0.4729929366039771
3655,2.4817886,2.965169885109773,-0.4833812851097732
3656,2.457404,2.9698507840614683,-0.5124467840614684
3657,2.4507926,2.9743666919824325,-0.5235740919824323
3658,2.44487,2.9786220114284463,-0.5337520114284464
3659,2.440943,2.9831931238038107,-0.5422501238038109
3660,2.447572,2.9878934492739595,-0.5403214492739594
3661,2.4445157,2.9925881621312125,-0.5480724621312123
3662,2.4450107,2.9976770854078887,-0.5526663854078886
3663,2.4418042,3.0026297777838984,-0.5608255777838984
3664,2.4481854,3.007136473041024,-0.5589510730410243
3665,2.4484274,3.011525367401356,-0.5630979674013559
3666,2.4450314,3.015925666414833,-0.5708942664148329
3667,2.4363163,3.0203020825945277,-0.5839857825945276
3668,2.4292603,3.024781015937214,-0.595520715937214
3669,2.4221094,3.0293867636393434,-0.6072773636393434
3670,2.4179,3.0334312520583144,-0.6155312520583145
3671,2.4131436,3.0372480241478916,-0.6241044241478915
3672,2.4093518,3.040740249877898,-0.6313884498778979
3673,2.41453,3.0462865722826367,-0.6317565722826366
3674,2.4193408,3.0515629583608894,-0.6322221583608894
3675,2.4275415,3.0543368130324953,-0.6267953130324955
3676,2.4255698,3.057122825458183,-0.6315530254581829
3677,2.425607,3.0596759504910374,-0.6340689504910375
3678,2.4258237,3.062109969226654,-0.636286269226654
3679,2.4179285,3.0643225105958978,-0.6463940105958978
3680,2.4174118,3.0665011063604126,-0.6490893063604126
3681,2.4126337,3.0685454653266944,-0.6559117653266942
3682,2.4126325,3.0704780076468907,-0.6578455076468908
3683,2.4175928,3.075376850951831,-0.6577840509518311
3684,2.4297986,3.0797325220460072,-0.6499339220460074
3685,2.4034827,3.0806320699131904,-0.6771493699131903
3686,2.4116974,3.0810558515338826,-0.6693584515338826
3687,2.4131448,3.080998432787281,-0.6678536327872808
3688,2.4166892,3.080582361495217,-0.663893161495217
3689,2.4202707,3.0797144110869747,-0.6594437110869746
3690,2.417086,3.078372331148965,-0.6612863311489652
3691,2.4096887,3.0765170802279087,-0.6668283802279089
3692,2.4082162,3.0743178671640887,-0.6661016671640887
3693,2.4003165,3.071652350067342,-0.6713358500673419
3694,2.3882718,3.0693574556980843,-0.6810856556980842
3695,2.3783069,3.0668191787396726,-0.6885122787396725
3696,2.3551471,3.0629271568206917,-0.7077800568206918
3697,2.3398755,3.058625296613458,-0.7187497966134577
3698,2.3375287,3.0540460461006935,-0.7165173461006935
3699,2.335653,3.0490625680724506,-0.7134095680724504
3700,2.328075,3.043861194735883,-0.715786194735883
3701,2.3551407,3.038423006060722,-0.6832823060607218
3702,2.341254,3.0325427725650065,-0.6912887725650063
3703,2.3314526,3.0263729573970486,-0.6949203573970486
3704,2.3195157,3.0196087082008027,-0.7000930082008026
3705,2.3149807,3.0124855347294703,-0.6975048347294703
3706,2.315931,3.004816466557833,-0.6888854665578332
3707,2.3048728,2.9965510485445574,-0.6916782485445574
3708,2.2977786,2.9883098646895694,-0.6905312646895694
3709,2.3192575,2.9801133725907234,-0.6608558725907234
3710,2.316502,2.9722080407718083,-0.6557060407718085
3711,2.3110297,2.9641670869982346,-0.6531373869982344
3712,2.2946994,2.956113116083411,-0.6614137160834113
3713,2.2838843,2.9483009194326253,-0.6644166194326253
3714,2.268982,2.939996522273937,-0.671014522273937
3715,2.2484784,2.9313259034210035,-0.6828475034210033
3716,2.2270877,2.9235784190411453,-0.6964907190411456
3717,2.2086804,2.9170740066458074,-0.7083936066458074
3718,2.2035816,2.910937642348564,-0.7073560423485636
3719,2.2010357,2.9050377640084184,-0.7040020640084186
3720,2.1813571,2.8997089196607058,-0.7183518196607057
3721,2.1858957,2.8951948271266112,-0.7092991271266111
3722,2.1948254,2.89105045644819,-0.6962250564481898
3723,2.2058911,2.8869580787393634,-0.6810669787393633
3724,2.225891,2.883167861116074,-0.657276861116074
3725,2.239649,2.8796762958755386,-0.6400272958755386
3726,2.235597,2.875537774233422,-0.639940774233422
3727,2.2394867,2.873922117856886,-0.6344354178568858
3728,2.2422168,2.8711248765639503,-0.6289080765639503
3729,2.248366,2.8683454380916724,-0.6199794380916726
3730,2.2577918,2.8655989084605054,-0.6078071084605052
3731,2.264593,2.8629317755718287,-0.5983387755718286
3732,2.2668228,2.8608084455609917,-0.5939856455609918
3733,2.2796848,2.8594987467340083,-0.5798139467340082
3734,2.281384,2.85777624124878,-0.5763922412487799
3735,2.2908413,2.8557559802030212,-0.5649146802030214
3736,2.2937253,2.854043334940272,-0.5603180349402717
3737,2.296207,2.850750448468317,-0.5545434484683169
3738,2.2997763,2.845681616853181,-0.5459053168531809
3739,2.2624087,2.8411171775844313,-0.5787084775844313
3740,2.2810931,2.8371825392884444,-0.5560894392884443
3741,2.288971,2.834206701137226,-0.545235701137226
3742,2.3096836,2.8323464016099207,-0.5226628016099206
3743,2.3189785,2.831041090433976,-0.5120625904339757
3744,2.3352606,2.830156377234248,-0.49489577723424816
3745,2.3509543,2.8301627906780737,-0.4792084906780736
3746,2.3627331,2.832235921071373,-0.469502821071373
3747,2.3742566,2.8352689873870083,-0.46101238738700845
3748,2.3815668,2.8379660160820626,-0.4563992160820627
3749,2.3846567,2.840655695936549,-0.45599899593654936
3750,2.3846643,2.843296305402332,-0.45863200540233207
3751,2.3843045,2.845887061598879,-0.46158256159887934
3752,2.3865705,2.84975219907209,-0.46318169907209006
3753,2.3856342,2.853649642978886,-0.46801544297888586
3754,2.394914,2.8572413001194734,-0.4623273001194734
3755,2.4078228,2.8613661342438137,-0.45354333424381377
3756,2.4262881,2.8646615122548877,-0.4383734122548879
3757,2.4387763,2.867702402461866,-0.42892610246186624
3758,2.4532382,2.8704061177279487,-0.4171679177279488
3759,2.4714398,2.8744061662507967,-0.4029663662507965
3760,2.4801831,2.877998708943846,-0.39781560894384604
3761,2.4856372,2.8799025315640625,-0.3942653315640623
3762,2.4918866,2.881010703414951,-0.3891241034149511
3763,2.49184,2.8816615535393044,-0.3898215535393046
3764,2.4888883,2.8822758732341205,-0.3933875732341203
3765,2.4793472,2.8828877399728015,-0.4035405399728016
3766,2.4706976,2.8833866744801147,-0.4126890744801148
3767,2.46057,2.8857071885292562,-0.4251371885292561
3768,2.459039,2.8884543520318235,-0.42941535203182335
3769,2.4602084,2.8894131948053774,-0.42920479480537743
3770,2.466034,2.8902206378842044,-0.4241866378842043
3771,2.4688296,2.890899374310129,-0.4220697743101294
3772,2.481491,2.891789181949324,-0.4102981819493241
3773,2.4955575,2.8926737661860473,-0.39711626618604745
3774,2.5074408,2.8932469724933343,-0.3858061724933344
3775,2.5178528,2.8937911530619553,-0.37593835306195533
3776,2.5294821,2.8953707921191136,-0.36588869211911357
3777,2.538027,2.8966617718837258,-0.3586347718837257
3778,2.5430527,2.8963559938331005,-0.35330329383310044
3779,2.5462549,2.8959822379929907,-0.3497273379929906
3780,2.5450375,2.8956798099559187,-0.35064230995591883
3781,2.5429611,2.8953135860511248,-0.3523524860511249
3782,2.5446167,2.8950684352189513,-0.3504517352189511
3783,2.53982,2.8949659673542145,-0.35514596735421433
3784,2.5440707,2.8949506959739097,-0.35087999597390995
3785,2.5470898,2.8950910776247634,-0.3480012776247632
3786,2.553107,2.895647147219028,-0.34254014721902815
3787,2.5574756,2.8963573622373975,-0.3388817622373974
3788,2.566839,2.8970123030561004,-0.3301733030561005
3789,2.5708148,2.897862856527051,-0.32704805652705105
3790,2.5729709,2.89900553468723,-0.3260346346872298
3791,2.5651255,2.900387724512038,-0.335262224512038
3792,2.5634422,2.9024409816693537,-0.3389987816693538
3793,2.5597777,2.9051100620096144,-0.34533236200961426
3794,2.55446,2.9085580577434,-0.35409805774339986
3795,2.5478165,2.9121662242862847,-0.36434972428628454
3796,2.5401757,2.9152942205684336,-0.37511852056843376
3797,2.5318651,2.9179026803692727,-0.3860375803692726
3798,2.5232131,2.9198679537717056,-0.3966548537717056
3799,2.5145473,2.9219341982743785,-0.4073868982743787
3800,2.506196,2.92559972597751,-0.4194037259775101
3801,2.4984868,2.928592642013422,-0.4301058420134223
3802,2.4917479,2.929371911409513,-0.4376240114095129
3803,2.4863067,2.929969885076998,-0.4436631850769981
3804,2.482492,2.9304844140408672,-0.4479924140408671
3805,2.4806314,2.9309079027723124,-0.45027650277231235
3806,2.4836295,2.9313517861797793,-0.44772228617977916
3807,2.4854596,2.9318118003372815,-0.4463522003372815
3808,2.4800503,2.933724754188361,-0.45367445418836105
3809,2.4751194,2.9360790144399322,-0.46095961443993216
3810,2.4627893,2.9374744424572494,-0.4746851424572496
3811,2.4439359,2.938954959649313,-0.49501905964931314
3812,2.4391458,2.940601525309012,-0.501455725309012
3813,2.4299884,2.9440451648082337,-0.5140567648082337
3814,2.4291437,2.947411169349054,-0.5182674693490541
3815,2.419718,2.948855646798624,-0.529137646798624
3816,2.4028876,2.9503738724914417,-0.5474862724914416
3817,2.4025912,2.9518271419343125,-0.5492359419343127
3818,2.4033127,2.953242164082029,-0.5499294640820294
3819,2.4059198,2.9556833434851555,-0.5497635434851555
3820,2.417282,2.957924290277979,-0.540642290277979
3821,2.41888,2.9589545889012636,-0.5400745889012635
3822,2.4184036,2.959930885935131,-0.541527285935131
3823,2.4193976,2.960697492469831,-0.5412998924698309
3824,2.4137912,2.961424532261867,-0.5476333322618672
3825,2.412481,2.9620900419840814,-0.5496090419840813
3826,2.4045627,2.96309244304105,-0.5585297430410501
3827,2.4051502,2.9639767484098285,-0.5588265484098285
3828,2.4039426,2.9643695445594034,-0.5604269445594032
3829,2.373692,2.964534215595588,-0.5908422155955879
3830,2.3628192,2.965244690448665,-0.602425490448665
3831,2.3510568,2.9677717030374455,-0.6167149030374457
3832,2.3463614,2.969604904775985,-0.623243504775985
3833,2.3403757,2.9700285633275008,-0.6296528633275007
3834,2.345991,2.96998705987552,-0.6239960598755196
3835,2.357474,2.969503595098904,-0.6120295950989041
3836,2.3474362,2.970328947666821,-0.6228927476668207
3837,2.353082,2.97107719771254,-0.6179951977125397
3838,2.358913,2.9706996166794157,-0.6117866166794159
3839,2.3571155,2.9703918427427545,-0.6132763427427546
3840,2.3482099,2.9701082594696078,-0.6218983594696077
3841,2.3537967,2.9696986334403115,-0.6159019334403113
3842,2.3607733,2.9687969414192885,-0.6080236414192886
3843,2.3601391,2.9677385593589305,-0.6075994593589304
3844,2.3724887,2.966592405874136,-0.5941037058741361
3845,2.3831928,2.9652184334596785,-0.5820256334596787
3846,2.389523,2.9636302631286684,-0.5741072631286683
3847,2.3914697,2.9618569503509455,-0.5703872503509455
3848,2.3963559,2.9601459752021535,-0.5637900752021534
3849,2.3957736,2.9585441519985993,-0.5627705519985993
3850,2.403403,2.957115621070764,-0.5537126210707641
3851,2.4068134,2.9559447240943726,-0.5491313240943727
3852,2.4216864,2.955025924536508,-0.5333395245365078
3853,2.4349246,2.954305350773162,-0.5193807507731618
3854,2.4432156,2.9537629216030936,-0.5105473216030938
3855,2.4504187,2.9534722165869205,-0.5030535165869203
3856,2.453173,2.954312390193634,-0.5011393901936341
3857,2.461645,2.956826738240819,-0.49518173824081924
3858,2.46452,2.9586780807224966,-0.4941580807224968
3859,2.4606116,2.9592621385051006,-0.49865053850510055
3860,2.4685779,2.9600516949583207,-0.49147379495832055
3861,2.467634,2.9610530538381594,-0.49341905383815954
3862,2.4618204,2.962267663715638,-0.5004472637156381
3863,2.4595282,2.9634707768400492,-0.5039425768400494
3864,2.4606235,2.964711063126736,-0.5040875631267361
3865,2.4675043,2.966056088589513,-0.4985517885895132
3866,2.4692514,2.967334903164934,-0.498083503164934
3867,2.470156,2.969561123385527,-0.499405123385527
3868,2.4668078,2.971969603380058,-0.5051618033800578
3869,2.4593723,2.97339607500683,-0.5140237750068297
3870,2.456773,2.9748643455356447,-0.5180913455356446
3871,2.4672415,2.976403183399628,-0.5091616833996278
3872,2.4675195,2.977922476048918,-0.5104029760489182
3873,2.4690497,2.98011903738458,-0.5110693373845803
3874,2.4692776,2.982294779900804,-0.5130171799008041
3875,2.4741123,2.9846310314255344,-0.5105187314255346
3876,2.4720633,2.9869297412754463,-0.5148664412754465
3877,2.4622486,2.989294746484199,-0.5270461464841989
3878,2.4589713,2.991562607149612,-0.532591307149612
3879,2.4424756,2.993764557410052,-0.5512889574100521
3880,2.4242237,2.995922244936972,-0.5716985449369716
3881,2.4157932,2.9979063303811375,-0.5821131303811375
3882,2.4064755,3.000795180892429,-0.5943196808924291
3883,2.3963068,3.0036748208056596,-0.6073680208056595
3884,2.3896701,3.005536258738696,-0.615866158738696
3885,2.388794,3.0074474724028724,-0.6186534724028725
3886,2.396989,3.009459339658604,-0.612470339658604
3887,2.4129465,3.0115452874552338,-0.5985987874552339
3888,2.4201627,3.0137483145023487,-0.5935856145023486
3889,2.428518,3.0158040483103967,-0.5872860483103968
3890,2.4379992,3.021791428791851,-0.5837922287918507
3891,2.4517124,3.0273606981399284,-0.5756482981399285
3892,2.4610498,3.0286335020569277,-0.5675837020569277
3893,2.46458,3.0300272093511755,-0.5654472093511753
3894,2.4704568,3.0315080765609235,-0.5610512765609235
3895,2.4731827,3.0331024240989413,-0.5599197240989411
3896,2.4790018,3.034549930295354,-0.555548130295354
3897,2.4859607,3.036041719796545,-0.5500810197965449
3898,2.4869483,3.037503251048143,-0.5505549510481429
3899,2.4921727,3.0415316508330257,-0.5493589508330259
3900,2.4980958,3.0460568641649344,-0.5479610641649342
3901,2.5029845,3.048253825137201,-0.5452693251372009
3902,2.5069618,3.0493024538465963,-0.5423406538465962
3903,2.510151,3.0503337748277892,-0.5401827748277892
3904,2.5126748,3.051557209609094,-0.5388824096090938
3905,2.5146568,3.052754478660367,-0.5380976786603671
3906,2.5162199,3.0536261305493353,-0.5374062305493355
3907,2.5174873,3.0546953214565193,-0.5372080214565194
3908,2.518582,3.0558209493183517,-0.5372389493183518
3909,2.5196273,3.0569123814443255,-0.5372850814443257
3910,2.5207465,3.0600535851001816,-0.5393070851001815
3911,2.522062,3.0634122781814344,-0.5413502781814343
3912,2.5236979,3.064889616451621,-0.5411917164516207
3913,2.5257766,3.0662103367522753,-0.5404337367522754
3914,2.5284216,3.067421908701364,-0.5390003087013637
3915,2.5317557,3.0687743004775974,-0.5370186004775972
3916,2.5359042,3.069796618850617,-0.5338924188506171
3917,2.5409868,3.0706682103796448,-0.5296814103796446
3918,2.547128,3.0713033135390866,-0.5241753135390868
3919,2.5583844,3.072125675462039,-0.513741275462039
3920,2.5583103,3.0731745633654866,-0.5148642633654865
3921,2.5575888,3.0746844917397116,-0.5170956917397116
3922,2.5628781,3.0757643223206794,-0.5128862223206796
3923,2.5717087,3.075731094165888,-0.5040223941658883
3924,2.5784116,3.0753068436190167,-0.4968952436190168
3925,2.5873501,3.0751611614473293,-0.4878110614473292
3926,2.5848813,3.0741128450456063,-0.4892315450456062
3927,2.5760574,3.072023107878039,-0.4959657078780393
3928,2.554256,3.069743687254972,-0.5154876872549718
3929,2.5343912,3.0672425077680923,-0.5328513077680923
3930,2.5193067,3.064467793299678,-0.545161093299678
3931,2.5059836,3.0614780183049484,-0.5554944183049484
3932,2.5040753,3.0584735494107766,-0.5543982494107769
3933,2.5044208,3.055275770273929,-0.5508549702739289
3934,2.5124567,3.051689394586914,-0.5392326945869139
3935,2.5123284,3.0485591154512743,-0.5362307154512744
3936,2.5104158,3.0452329405698997,-0.5348171405698996
3937,2.5065217,3.0424111878446567,-0.5358894878446567
3938,2.5010095,3.039871597681109,-0.5388620976811089
3939,2.494242,3.0370472410709874,-0.5428052410709876
3940,2.486582,3.0342824428410484,-0.5477004428410486
3941,2.4783928,3.031749671168152,-0.5533568711681522
3942,2.4700372,3.0288319827133803,-0.5587947827133801
3943,2.461878,3.0256977459098207,-0.5638197459098206
3944,2.4542782,3.0223080685158905,-0.5680298685158904
3945,2.4476008,3.01876165126269,-0.57116085126269
3946,2.442209,3.0151193487289722,-0.5729103487289722
3947,2.4384642,3.011472740465687,-0.573008540465687
3948,2.4367325,3.007894724505518,-0.5711622245055179
3949,2.4331806,3.004106921952142,-0.5709263219521419
3950,2.4308255,3.0002486368987236,-0.5694231368987235
3951,2.433185,2.996359898476185,-0.5631748984761851
3952,2.438928,2.994563349160105,-0.5556353491601049
3953,2.4346948,2.993212929162207,-0.558518129162207
3954,2.4250352,2.9900699340077583,-0.5650347340077584
3955,2.416882,2.9867368210596417,-0.5698548210596415
3956,2.4101095,2.983440241114804,-0.5733307411148041
3957,2.404592,2.9802960408259063,-0.5757040408259062
3958,2.4002037,2.977219327998023,-0.5770156279980228
3959,2.3968184,2.9741076020713475,-0.5772892020713476
3960,2.394311,2.9710744675235876,-0.5767634675235875
3961,2.3925552,2.9682721854828156,-0.5757169854828157
3962,2.3914251,2.9661306316489515,-0.5747055316489513
3963,2.3907952,2.963503873239272,-0.5727086732392719
3964,2.39054,2.959928374122752,-0.5693883741227519
3965,2.4063666,2.956074552038048,-0.5497079520380477
3966,2.4175153,2.9519145576103263,-0.5343992576103265
3967,2.4344199,2.9481122131888546,-0.5136923131888547
3968,2.4506238,2.944918747349751,-0.4942949473497511
3969,2.4719892,2.941979102511865,-0.46998990251186523
3970,2.4905603,2.9396793538761616,-0.4491190538761618
3971,2.4964654,2.9379688200399836,-0.44150342003998366
3972,2.5034235,2.9370197572284105,-0.43359625722841066
3973,2.517938,2.936291806140788,-0.4183538061407881
3974,2.5547924,2.935623299761452,-0.380830899761452
3975,2.5747385,2.9350234243560345,-0.36028492435603443
3976,2.5917044,2.934781934533346,-0.3430775345333461
3977,2.605928,2.9353539383581566,-0.3294259383581566
3978,2.617648,2.9364928361042715,-0.3188448361042715
3979,2.6271029,2.937847073472562,-0.3107441734725618
3980,2.6345313,2.9398402561151347,-0.30530895611513476
3981,2.6401718,2.9428576288867596,-0.30268582888675954
3982,2.6442623,2.946490154773647,-0.3022278547736472
3983,2.6470423,2.9502112350721506,-0.3031689350721507
3984,2.6487494,2.9542272213442677,-0.30547782134426793
3985,2.6496227,2.9583639832730424,-0.3087412832730423
3986,2.6497786,2.964286241222928,-0.31450764122292796
3987,2.6394446,2.9716023313800255,-0.33215773138002547
3988,2.636043,2.9777942937398874,-0.34175129373988744
3989,2.6392212,2.9837275873427647,-0.3445063873427645
3990,2.6498108,2.9896040131676274,-0.33979321316762734
3991,2.658151,2.9954867453811813,-0.33733574538118116
3992,2.6750467,3.0014315286417936,-0.3263848286417934
3993,2.6943982,3.0069609727999986,-0.31256277279999845
3994,2.7152371,3.012185171609449,-0.296948071609449
3995,2.7304153,3.0175923763976837,-0.28717707639768353
3996,2.7511609,3.0231337317440516,-0.27197283174405174
3997,2.7666333,3.028713559074669,-0.2620802590746689
3998,2.7807631,3.0346108012029998,-0.2538477012029996
3999,2.7804554,3.040323611121229,-0.25986821112122893
4000,2.7815769,3.0460898045568188,-0.26451290455681864
4001,2.7836928,3.0517287621812312,-0.2680359621812314
4002,2.7870505,3.0572535267331817,-0.27020302673318186
4003,2.791897,3.0625893118665184,-0.2706923118665183
4004,2.79848,3.0677506048686864,-0.26927060486868637
4005,2.8070464,3.0727401501322555,-0.2656937501322556
4006,2.8178437,3.077487122548461,-0.25964342254846073
4007,2.831119,3.0847375569677555,-0.25361855696775537
4008,2.84712,3.0922383916429337,-0.2451183916429338
4009,2.8660934,3.0969163798629036,-0.23082297986290357
4010,2.8911576,3.101206805957476,-0.21004920595747612
4011,2.8578153,3.1052505974192584,-0.2474352974192584
4012,2.8608682,3.1093980063063533,-0.24852980630635324
4013,2.865363,3.1131918265692455,-0.24782882656924565
4014,2.867883,3.1163628974574786,-0.24847989745747867
4015,2.8695416,3.1193948713631054,-0.24985327136310564
4016,2.877499,3.1221390328213463,-0.2446400328213465
4017,2.8819602,3.1247016571646626,-0.24274145716466267
4018,2.8988473,3.1270112954647384,-0.22816399546473853
4019,2.9095306,3.1291393397194454,-0.21960873971944528
4020,2.9262946,3.1311608878456654,-0.20486628784566552
4021,2.9418597,3.1330897545723264,-0.19123005457232622
4022,2.9542172,3.1349177507242625,-0.1807005507242625
4023,2.9682999,3.1363133050206757,-0.16801340502067585
4024,2.962399,3.137402148624437,-0.175003148624437
4025,2.9393039,3.1383346904532754,-0.19903079045327532
4026,2.9404645,3.1392313324653793,-0.1987668324653793
4027,2.9195263,3.1401699846127458,-0.22064368461274597
4028,2.8848267,3.140980634725199,-0.2561539347251989
4029,2.8359714,3.1415608814328277,-0.3055894814328277
4030,2.7841458,3.141935531370988,-0.3577897313709877
4031,2.7396197,3.141970626141878,-0.40235092614187806
4032,2.7043097,3.141882998275801,-0.43757329827580094
4033,2.6770184,3.141513778020634,-0.4644953780206338
4034,2.6594086,3.140901613852339,-0.4814930138523392
4035,2.6538556,3.1400770258984334,-0.4862214258984334
4036,2.6498544,3.1389836582997046,-0.48912925829970444
4037,2.6372125,3.137628418832674,-0.5004159188326742
4038,2.627279,3.13582697508652,-0.50854797508652
4039,2.6109118,3.1335463411608573,-0.5226345411608575
4040,2.5931308,3.131115372047062,-0.537984572047062
4041,2.5791757,3.1283974352210056,-0.5492217352210056
4042,2.5661948,3.124903531992272,-0.5587087319922723
4043,2.5592248,3.1204142064602607,-0.5611894064602607
4044,2.5551147,3.1147727052489644,-0.5596580052489646
4045,2.5569577,3.108332574718907,-0.5513748747189071
4046,2.5525568,3.1012150669215552,-0.5486582669215552
4047,2.5507846,3.0935857714204498,-0.5428011714204497
4048,2.552767,3.085394997834382,-0.5326279978343824
4049,2.555675,3.076236652257759,-0.5205616522577592
4050,2.5589545,3.0658198727897905,-0.5068653727897905
4051,2.5620563,3.0541677759059143,-0.4921114759059142
4052,2.5700238,3.041578541763603,-0.47155474176360324
4053,2.566695,3.028570880521193,-0.4618758805211929
4054,2.5603507,3.0166170799992056,-0.4562663799992057
4055,2.5549982,3.0059745466816894,-0.4509763466816894
4056,2.5479465,2.9981815019468394,-0.4502350019468393
4057,2.5488162,2.991246441541572,-0.44243024154157196
4058,2.5301373,2.9827896378723717,-0.4526523378723719
4059,2.5311344,2.9742089481643936,-0.4430745481643936
4060,2.531857,2.9662289665501156,-0.43437196655011556
4061,2.5196652,2.9577506759583083,-0.4380854759583084
4062,2.5077374,2.947768545854601,-0.4400311458546011
4063,2.4931934,2.9363526430347653,-0.4431592430347653
4064,2.4900262,2.9253692058157394,-0.4353430058157395
4065,2.484787,2.9153877411304427,-0.4306007411304429
4066,2.4748294,2.9085762772053987,-0.43374687720539873
4067,2.460458,2.901980218053166,-0.44152221805316616
4068,2.4546704,2.8952395100534454,-0.44056911005344546
4069,2.4441943,2.888293037928446,-0.44409873792844623
4070,2.4509442,2.8810767380511986,-0.43013253805119867
4071,2.4441354,2.874524803535635,-0.43038940353563504
4072,2.4407284,2.869190378503883,-0.42846197850388323
4073,2.4327404,2.8649530642087955,-0.43221266420879534
4074,2.4276013,2.8606526833117356,-0.43305138331173554
4075,2.4464874,2.8559730095301252,-0.40948560953012514
4076,2.4068909,2.85039094177266,-0.4435000417726598
4077,2.4318542,2.8445664904393353,-0.4127122904393352
4078,2.4340875,2.840765722325136,-0.40667822232513595
4079,2.4335535,2.8381374904553223,-0.40458399045532234
4080,2.4327033,2.834927329728882,-0.40222402972888194
4081,2.4315393,2.8322154341235026,-0.4006761341235028
4082,2.4300647,2.8298709952178185,-0.3998062952178185
4083,2.4282825,2.8277765894487135,-0.39949408944871356
4084,2.4261959,2.8245630218096203,-0.3983671218096201
4085,2.4238071,2.822354473707857,-0.3985473737078573
4086,2.42112,2.8198001275258116,-0.3986801275258114
4087,2.4181368,2.816353994984751,-0.39821719498475083
4088,2.4148607,2.8138065627431335,-0.39894586274313326
4089,2.411295,2.8119604823826783,-0.4006654823826783
4090,2.4081979,2.810691531207467,-0.4024936312074674
4091,2.4122696,2.8103204674151727,-0.3980508674151726
4092,2.4228232,2.8106829991211204,-0.38785979912112056
4093,2.4336188,2.8120712611778407,-0.3784524611778406
4094,2.4194195,2.8145988300931704,-0.3951793300931703
4095,2.4080167,2.818733986943615,-0.4107172869436151
4096,2.391074,2.8234524006382413,-0.4323784006382412
4097,2.3767734,2.828148698405586,-0.4513752984055861
4098,2.3432138,2.8328150870330235,-0.4896012870330235
4099,2.3274667,2.8369192006102733,-0.5094525006102733
4100,2.3193555,2.84096457434089,-0.5216090743408901
4101,2.325459,2.8452202116632717,-0.5197612116632717
4102,2.3204923,2.8501792701749475,-0.5296869701749474
4103,2.344768,2.856864463073798,-0.5120964630737976
4104,2.3542764,2.863218913050707,-0.508942513050707
4105,2.3687015,2.869486840917672,-0.5007853409176724
4106,2.3899057,2.875251812986273,-0.48534611298627306
4107,2.411741,2.8837239244519304,-0.47198292445193024
4108,2.4284625,2.8949702357776697,-0.46650773577766946
4109,2.432299,2.9027530390951184,-0.4704540390951184
4110,2.4521039,2.910517342542781,-0.4584134425427808
4111,2.4779663,2.917397759263177,-0.43943145926317717
4112,2.49698,2.9249519512382935,-0.42797195123829335
4113,2.5196347,2.934288226807004,-0.41465352680700374
4114,2.5476532,2.9437117046286034,-0.39605850462860337
4115,2.5786176,2.953294981288379,-0.37467738128837924
4116,2.5960727,2.960066234656683,-0.3639935346566827
4117,2.6189685,2.967544763639975,-0.3485762636399752
4118,2.6313226,2.975296249574197,-0.3439736495741972
4119,2.654858,2.9789571353166733,-0.32409913531667334
4120,2.6710281,2.9823494765774816,-0.3113213765774816
4121,2.6800983,2.985896391327316,-0.30579809132731617
4122,2.690046,2.9899218097656113,-0.2998758097656111
4123,2.6934662,2.9942841236806435,-0.3008179236806434
4124,2.6898727,2.9997884310432603,-0.3099157310432603
4125,2.6927457,3.005333765917399,-0.31258806591739896
4126,2.6952612,3.01162225165987,-0.31636105165986983
4127,2.7004688,3.0177210757587245,-0.3172522757587246
4128,2.7086804,3.0232946587341325,-0.3146142587341325
4129,2.713888,3.0285402649202617,-0.3146522649202619
4130,2.7311041,3.033543534412548,-0.30243943441254784
4131,2.747684,3.0408361823277636,-0.29315218232776363
4132,2.7626135,3.0497157052133548,-0.2871022052133547
4133,2.7839367,3.0572148692254357,-0.2732781692254358
4134,2.7983322,3.0639763056337688,-0.26564410563376883
4135,2.813421,3.069682942395258,-0.2562619423952581
4136,2.8226907,3.0747652541235326,-0.25207455412353275
4137,2.8281097,3.0791268215655965,-0.2510171215655963
4138,2.8332531,3.082353116853182,-0.24910001685318228
4139,2.8315854,3.084058069340506,-0.25247266934050616
4140,2.8189511,3.084700003663851,-0.2657489036638512
4141,2.7962842,3.0852267604163055,-0.2889425604163054
4142,2.7622147,3.0861733978088517,-0.3239586978088518
4143,2.7318192,3.0875199167560106,-0.35570071675601067
4144,2.7050564,3.0890969554339147,-0.3840405554339146
4145,2.6918924,3.0900085474608447,-0.3981161474608448
4146,2.6859305,3.0923578804452303,-0.4064273804452303
4147,2.6898663,3.0961999979503467,-0.4063336979503469
4148,2.693379,3.0992925244926934,-0.40591352449269325
4149,2.6975589,3.1018299311191124,-0.4042710311191122
4150,2.707066,3.1039516084765393,-0.3968856084765391
4151,2.7133594,3.1065767359142247,-0.3932173359142248
4152,2.7297626,3.1089980395632164,-0.3792354395632165
4153,2.7372708,3.1124533114340376,-0.37518251143403747
4154,2.7562244,3.116058509343411,-0.3598341093434114
4155,2.7764752,3.1188284783225257,-0.3423532783225256
4156,2.7992947,3.1210373187424523,-0.32174261874245236
4157,2.8176324,3.122832021932388,-0.30519962193238825
4158,2.8361588,3.123864422516451,-0.2877056225164507
4159,2.8494525,3.1228406196585667,-0.2733881196585668
4160,2.8623264,3.119943136280729,-0.2576167362807289
4161,2.8615634,3.116461389045993,-0.2548979890459928
4162,2.8625662,3.1122352793534924,-0.24966907935349258
4163,2.8634,3.1097127699448914,-0.24631276994489149
4164,2.8578491,3.106053564648815,-0.24820446464881485
4165,2.8434339,3.1014846842062807,-0.2580507842062807
4166,2.8263104,3.0956528078852035,-0.26934240788520336
4167,2.8064892,3.090887685254952,-0.2843984852549517
4168,2.7941034,3.08595181902959,-0.29184841902959
4169,2.7764032,3.079277592697649,-0.30287439269764915
4170,2.7581427,3.0727684602335072,-0.3146257602335072
4171,2.7473004,3.066372833056099,-0.3190724330560992
4172,2.7383258,3.059244832501309,-0.3209190325013087
4173,2.7373788,3.0520620799061624,-0.3146832799061623
4174,2.7287445,3.044508576661538,-0.31576407666153816
4175,2.722279,3.036777254978284,-0.3144982549782842
4176,2.719454,3.028454269334699,-0.30900026933469915
4177,2.7219565,3.021265175042718,-0.2993086750427181
4178,2.7285373,3.0152661661651297,-0.2867288661651295
4179,2.7333047,3.008002066507445,-0.27469736650744503
4180,2.7413678,3.000008074998035,-0.2586402749980352
4181,2.7534518,2.991741865142079,-0.23829006514207896
4182,2.7662473,2.9833953723325894,-0.2171480723325896
4183,2.7812665,2.9750039033236604,-0.1937374033236603
4184,2.80228,2.9680537992625178,-0.16577379926251767
4185,2.8108335,2.9606870818402347,-0.14985358184023445
4186,2.8195179,2.9512333382667237,-0.1317154382667236
4187,2.8157425,2.9402227038973248,-0.12448020389732495
4188,2.7909436,2.9305620108595387,-0.13961841085953886
4189,2.7811542,2.9223312454145733,-0.14117704541457332
4190,2.7604392,2.913169406015235,-0.15273020601523513
4191,2.7394397,2.902699727616381,-0.16326002761638092
4192,2.7139142,2.8925484448391146,-0.1786342448391145
4193,2.687524,2.8838822004782223,-0.1963582004782225
4194,2.6620483,2.8751182978608925,-0.21306999786089253
4195,2.6413465,2.8666267950128743,-0.22528029501287428
4196,2.6191657,2.8583940737993117,-0.23922837379931172
4197,2.5974765,2.8503478334510812,-0.25287133345108126
4198,2.5904639,2.842596198791291,-0.25213229879129084
4199,2.577688,2.834735284564139,-0.25704728456413894
4200,2.555736,2.8264990450423784,-0.27076304504237836
4201,2.5517108,2.8185344621629063,-0.2668236621629063
4202,2.5419803,2.8109259441874785,-0.26894564418747846
4203,2.5441601,2.8049641420348546,-0.2608040420348545
4204,2.5425556,2.7998361379613415,-0.2572805379613414
4205,2.5487332,2.794217862885579,-0.24548466288557913
4206,2.54479,2.7899844139423084,-0.24519441394230856
4207,2.5401764,2.7874141015121867,-0.2472377015121867
4208,2.5334744,2.7849377456924937,-0.25146334569249396
4209,2.5257046,2.781029893005376,-0.255325293005376
4210,2.5305862,2.777367465013462,-0.24678126501346176
4211,2.5220654,2.773969500937604,-0.2519041009376042
4212,2.54147,2.77095812563952,-0.22948812563952004
4213,2.535324,2.7685805902740066,-0.23325659027400647
4214,2.528559,2.766373438757721,-0.23781443875772101
4215,2.5245655,2.7645072923814653,-0.2399417923814653
4216,2.5321927,2.763938555515028,-0.23174585551502824
4217,2.5125492,2.763344537741941,-0.2507953377419412
4218,2.5169775,2.763161783396618,-0.24618428339661813
4219,2.5210342,2.7637715706481942,-0.24273737064819434
4220,2.526488,2.76476629324111,-0.23827829324110983
4221,2.521783,2.765908587228045,-0.24412558722804478
4222,2.5214474,2.767502526362329,-0.24605512636232918
4223,2.5195673,2.7697736187972852,-0.2502063187972854
4224,2.5286212,2.774950867043555,-0.2463296670435553
4225,2.5386298,2.7812360021269873,-0.24260620212698747
4226,2.5376217,2.785413146787391,-0.24779144678739096
4227,2.5432184,2.788595161578906,-0.24537676157890598
4228,2.5434287,2.7922459269010127,-0.2488172269010125
4229,2.5364587,2.795982249381731,-0.25952354938173094
4230,2.5217319,2.799562376547462,-0.2778304765474622
4231,2.5010617,2.8028954572309512,-0.30183375723095107
4232,2.4770432,2.8066891776175025,-0.3296459776175027
4233,2.458591,2.8127425778293613,-0.35415157782936113
4234,2.4542477,2.820572917723228,-0.3663252177232281
4235,2.443584,2.8298746332315408,-0.3862906332315408
4236,2.4330804,2.8376041706614137,-0.40452377066141354
4237,2.4400656,2.845028245255098,-0.40496264525509806
4238,2.4092975,2.8522837988092293,-0.44298629880922924
4239,2.3982425,2.859843785055474,-0.46160128505547426
4240,2.390588,2.866575537587539,-0.47598753758753887
4241,2.3894947,2.873266235819485,-0.48377153581948473
4242,2.3908277,2.8783121412014903,-0.48748444120149026
4243,2.4029453,2.8844615803158957,-0.4815162803158959
4244,2.4164484,2.8897161788700783,-0.4732677788700781
4245,2.4279764,2.8993518039223685,-0.47137540392236854
4246,2.4426062,2.9098921396679325,-0.4672859396679323
4247,2.455962,2.916822832419669,-0.460860832419669
4248,2.4675784,2.921512812722308,-0.45393441272230817
4249,2.5220807,2.9251717358239353,-0.40309103582393524
4250,2.5367084,2.930475616148262,-0.39376721614826193
4251,2.5467987,2.9357906068755963,-0.38899190687559626
4252,2.5582385,2.9413291469486946,-0.38309064694869477
4253,2.5633893,2.9465311550351894,-0.3831418550351895
4254,2.5762393,2.9518856375540854,-0.3756463375540853
4255,2.5929413,2.9559647084040366,-0.36302340840403646
4256,2.594225,2.9599336064050195,-0.3657086064050197
4257,2.5942204,2.964189193980713,-0.3699687939807128
4258,2.594206,2.968493133202238,-0.3742871332022384
4259,2.594178,2.9744019534719497,-0.3802239534719498
4260,2.5941312,2.9813733234205846,-0.3872421234205845
4261,2.5940614,2.9895708282286826,-0.3955094282286824
4262,2.5939639,2.997216201113882,-0.403252301113882
4263,2.5938344,3.004308531962331,-0.41047413196233107
4264,2.5936685,3.010782234630613,-0.41711373463061285
4265,2.593461,3.0189203922239027,-0.4254593922239027
4266,2.5932083,3.0304460464287866,-0.43723774642878643
4267,2.5929053,3.0415315521401762,-0.44862625214017626
4268,2.5925474,3.0494359741423356,-0.45688857414233564
4269,2.5921302,3.0559868584167837,-0.4638566584167836
4270,2.5916493,3.061429945426668,-0.4697806454266682
4271,2.5908563,3.0660579812063635,-0.4752016812063635
4272,2.5923822,3.0704374308749385,-0.4780552308749386
4273,2.584816,3.074347963536046,-0.489531963536046
4274,2.5870209,3.0770183906061686,-0.4899974906061684
4275,2.5863953,3.078760607785806,-0.4923653077858061
4276,2.586635,3.080270369038157,-0.4936353690381572
4277,2.590986,3.0814195298071168,-0.49043352980711674
4278,2.5823932,3.0822234938215223,-0.49983029382152244
4279,2.5702918,3.0826712201010285,-0.5123794201010283
4280,2.549311,3.0826119922342876,-0.5333009922342877
4281,2.5247028,3.082205954618357,-0.5575031546183569
4282,2.503783,3.0814398536038072,-0.5776568536038074
4283,2.4802606,3.0803465123269937,-0.6000859123269939
4284,2.4688394,3.0791659226622152,-0.6103265226622154
4285,2.4525669,3.0778167548064377,-0.6252498548064378
4286,2.443186,3.0761481059891627,-0.6329621059891628
4287,2.4273987,3.0745885891481377,-0.6471898891481378
4288,2.4140723,3.072437478344793,-0.658365178344793
4289,2.4055197,3.068736220109569,-0.663216520109569
4290,2.395982,3.064155292581681,-0.668173292581681
4291,2.3947623,3.059385626205582,-0.6646233262055818
4292,2.394502,3.0546103139873133,-0.6601083139873132
4293,2.408955,3.0497709925002305,-0.6408159925002304
4294,2.4233572,3.04489278529361,-0.6215355852936102
4295,2.4617047,3.041417652042504,-0.5797129520425042
4296,2.4469626,3.038616097554629,-0.591653497554629
4297,2.4467185,3.0346016022468922,-0.5878831022468924
4298,2.4493213,3.030381209938202,-0.5810599099382023
4299,2.4587207,3.025928118639023,-0.5672074186390228
4300,2.466339,3.021166669107213,-0.5548276691072132
4301,2.4867008,3.0161038242836185,-0.5294030242836185
4302,2.495274,3.011198092444305,-0.5159240924443047
4303,2.4995334,3.0066035135595666,-0.5070701135595668
4304,2.5057657,3.0024976389685554,-0.4967319389685554
4305,2.4682944,2.9983343398721365,-0.5300399398721365
4306,2.4672382,2.9940520584428154,-0.5268138584428153
4307,2.472931,2.990055987789062,-0.517124987789062
4308,2.476546,2.9870007575880115,-0.5104547575880116
4309,2.4865253,2.9847942418798223,-0.4982689418798225
4310,2.5004208,2.9830746003825093,-0.48265380038250916
4311,2.5125046,2.9817112312094363,-0.46920663120943606
4312,2.5229373,2.981605195572403,-0.45866789557240306
4313,2.5351682,2.9814292566224125,-0.44626105662241233
4314,2.5654972,2.9820109322799,-0.4165137322799004
4315,2.5812683,2.983659469794349,-0.40239116979434897
4316,2.5735266,2.9849672813353134,-0.4114406813353133
4317,2.5680313,2.9868299039313144,-0.4187986039313145
4318,2.56935,2.9897381584145655,-0.42038815841456545
4319,2.5841358,2.99172518977539,-0.40758938977538994
4320,2.587701,2.99318862449641,-0.40548762449641007
4321,2.6034763,2.993886354989591,-0.3904100549895908
4322,2.6109455,2.9956987347774167,-0.3847532347774165
4323,2.6271656,2.998865726546456,-0.3717001265464557
4324,2.6315625,3.001116717075182,-0.3695542170751822
4325,2.6518817,3.003015526636331,-0.35113382663633086
4326,2.6540577,3.004604671243268,-0.35054697124326806
4327,2.6679263,3.0057114827845846,-0.3377851827845846
4328,2.6763422,3.0063607642349797,-0.33001856423497955
4329,2.6818545,3.00696340511931,-0.3251089051193099
4330,2.6851501,3.0075069879680547,-0.32235688796805473
4331,2.686917,3.0081898373559546,-0.32127283735595435
4332,2.6878424,3.0088004919751956,-0.32095809197519554
4333,2.6886137,3.009405151250625,-0.32079145125062514
4334,2.6899183,3.0098447578612784,-0.3199264578612784
4335,2.6924438,3.0102879851554545,-0.31784418515545454
4336,2.6968777,3.0106757900138823,-0.31379809001388237
4337,2.703907,3.011186319876999,-0.30727931987699897
4338,2.71659,3.011739741591803,-0.29514974159180296
4339,2.730409,3.012295072576446,-0.28188607257644627
4340,2.736665,3.012831252999021,-0.2761662529990212
4341,2.7381516,3.013323897677132,-0.2751722976771318
4342,2.7416034,3.0137991251953498,-0.27219572519534996
4343,2.7570627,3.01404396131711,-0.25698126131710985
4344,2.7710092,3.014160445180086,-0.24315124518008613
4345,2.7844827,3.0170712155937514,-0.2325885155937515
4346,2.797638,3.0205611746273116,-0.22292317462731148
4347,2.8078744,3.0217690830335258,-0.21389468303352555
4348,2.820778,3.022756478906052,-0.20197847890605214
4349,2.8338406,3.0256293430247005,-0.19178874302470073
4350,2.8402731,3.0282845352333467,-0.18801143523334662
4351,2.842999,3.0289281080561477,-0.18592910805614782
4352,2.8487637,3.0294342196103137,-0.18067051961031355
4353,2.846294,3.029741853375785,-0.18344785337578529
4354,2.849058,3.0299643463257935,-0.1809063463257936
4355,2.8478458,3.0299486105969753,-0.1821028105969753
4356,2.849896,3.0298296387481414,-0.17993363874814117
4357,2.8557193,3.0296307352151133,-0.1739114352151132
4358,2.8574328,3.029433591753409,-0.17200079175340877
4359,2.8618054,3.0294349974210117,-0.16762959742101158
4360,2.8646448,3.030352392136824,-0.16570759213682384
4361,2.872829,3.0306247471318923,-0.15779574713189248
4362,2.887193,3.029549412326973,-0.14235641232697294
4363,2.8933322,3.028596438069967,-0.13526423806996668
4364,2.8983243,3.027328637195803,-0.12900433719580295
4365,2.8982947,3.025517543093946,-0.12722284309394594
4366,2.9015667,3.0234066630139225,-0.12183996301392241
4367,2.9060462,3.0210193330069033,-0.11497313300690326
4368,2.905852,3.0182810557704594,-0.11242905577045947
4369,2.9060004,3.0153559672486345,-0.1093555672486346
4370,2.908067,3.0122010660370417,-0.10413406603704178
4371,2.906105,3.009559700531457,-0.103454700531457
4372,2.9066904,3.0079121665070674,-0.10122176650706738
4373,2.907327,3.006665385319312,-0.09933838531931194
4374,2.9136646,3.0058041814160483,-0.09213958141604817
4375,2.9195132,3.005283878725583,-0.08577067872558297
4376,2.9267077,3.005098155411982,-0.07839045541198209
4377,2.9235272,3.005332972288568,-0.08180577228856789
4378,2.919268,3.0060074905851772,-0.08673949058517705
4379,2.9121518,3.0083476889003293,-0.09619588890032915
4380,2.9012396,3.0119061018645827,-0.11066650186458293
4381,2.8942533,3.014479184225549,-0.12022588422554925
4382,2.8811352,3.015786904102556,-0.13465170410255567
4383,2.8691046,3.018640879698289,-0.14953627969828887
4384,2.8561673,3.0215886893527064,-0.16542138935270634
4385,2.8473248,3.023281064506966,-0.1759562645069659
4386,2.840198,3.0248869376394603,-0.18468893763946026
4387,2.8470142,3.026599286657099,-0.17958508665709916
4388,2.852417,3.031070573800568,-0.17865357380056812
4389,2.8615658,3.0374980554051394,-0.17593225540513924
4390,2.8748736,3.0420229327975976,-0.1671493327975977
4391,2.8798306,3.046396831871737,-0.16656623187173691
4392,2.8907373,3.050785189081783,-0.1600478890817829
4393,2.8897552,3.055332732309449,-0.16557753230944883
4394,2.8918698,3.0600867719844644,-0.1682169719844646
4395,2.8922763,3.0651332749601536,-0.17285697496015384
4396,2.893607,3.070660124858404,-0.17705312485840397
4397,2.9008212,3.0762237833371975,-0.17540258333719727
4398,2.9051688,3.0816447851297073,-0.17647598512970708
4399,2.9120276,3.0870506323529807,-0.17502303235298067
4400,2.8844135,3.093507990630348,-0.20909449063034824
4401,2.8958545,3.098984748258027,-0.20313024825802684
4402,2.9025586,3.102398018730143,-0.19983941873014333
4403,2.913222,3.105815598766843,-0.1925935987668428
4404,2.914978,3.109083396790779,-0.19410539679077887
4405,2.9101355,3.112279443628655,-0.20214394362865518
4406,2.9230978,3.1154562271262347,-0.19235842712623485
4407,2.9113638,3.118623017197654,-0.20725921719765372
4408,2.9040265,3.121843131647231,-0.21781663164723097
4409,2.8978674,3.1250867445264663,-0.2272193445264663
4410,2.8881433,3.128382032046115,-0.240238732046115
4411,2.8757498,3.1321534532460324,-0.25640365324603254
4412,2.8659134,3.135522904564397,-0.2696095045643969
4413,2.8671112,3.1384078547889747,-0.2712966547889746
4414,2.8621728,3.14074199232139,-0.27856919232139
4415,2.866998,3.1411219683749927,-0.27412396837499253
4416,2.866758,3.140229706598422,-0.27347170659842224
4417,2.8791406,3.138818686227617,-0.2596780862276171
4418,2.8759058,3.1370670389815047,-0.2611612389815048
4419,2.8823798,3.1344850106073903,-0.25210521060739044
4420,2.8878415,3.1324550399079043,-0.24461353990790435
4421,2.9004593,3.1298933600184133,-0.22943406001841327
4422,2.9097714,3.126855744402025,-0.21708434440202495
4423,2.9176636,3.1235012078649835,-0.2058376078649835
4424,2.928265,3.12013251730771,-0.1918675173077098
4425,2.9346848,3.1183813735027544,-0.18369657350275448
4426,2.931196,3.115628409500448,-0.18443240950044792
4427,2.9243207,3.110606027356809,-0.18628532735680903
4428,2.9178967,3.1053223956095506,-0.18742569560955058
4429,2.9151623,3.0997959665540247,-0.1846336665540247
4430,2.9063785,3.094191027554744,-0.18781252755474398
4431,2.8963916,3.0882563240776233,-0.19186472407762345
4432,2.8788059,3.081883325024003,-0.20307742502400306
4433,2.8576953,3.0759079091248704,-0.2182126091248704
4434,2.8417728,3.0701989328379633,-0.2284261328379631
4435,2.8312988,3.0641549766789513,-0.23285617667895142
4436,2.8249185,3.058553681533118,-0.2336351815331179
4437,2.8237674,3.0531763066296342,-0.2294089066296343
4438,2.8173862,3.0478224216106384,-0.23043622161063837
4439,2.810075,3.0423457673296714,-0.23227076732967156
4440,2.7965329,3.0373638052801453,-0.2408309052801454
4441,2.7754025,3.032533477496963,-0.25713097749696256
4442,2.7541482,3.0262757364992865,-0.27212753649928656
4443,2.7365863,3.0182343407307926,-0.28164804073079264
4444,2.7249005,3.0100429312329036,-0.2851424312329036
4445,2.7119958,3.001804996671242,-0.28980919667124194
4446,2.705232,2.9942976529510767,-0.28906565295107667
4447,2.7069736,2.9866359688664548,-0.2796623688664548
4448,2.689876,2.9784038667865,-0.2885278667865001
4449,2.6799884,2.9701097420071734,-0.2901213420071733
4450,2.67019,2.961903666797471,-0.2917136667974711
4451,2.6589694,2.9534890995824963,-0.29451969958249613
4452,2.6518826,2.945574618914483,-0.29369201891448293
4453,2.6407208,2.938742948275907,-0.2980221482759071
4454,2.6402576,2.931841844985866,-0.2915842449858661
4455,2.6365924,2.925065158555762,-0.2884727585557618
4456,2.6305912,2.9182037422521097,-0.28761254225210964
4457,2.6260986,2.911489069580914,-0.28539046958091374
4458,2.6264682,2.9050370432759753,-0.2785688432759752
4459,2.6254556,2.8989862461766056,-0.2735306461766056
4460,2.6273944,2.8943418955388305,-0.26694749553883046
4461,2.6249042,2.8912133483313123,-0.26630914833131225
4462,2.618697,2.8884704642835457,-0.26977346428354565
4463,2.6226306,2.8857786986773952,-0.2631480986773953
4464,2.6199744,2.8834298848262065,-0.26345548482620673
4465,2.6425464,2.8813684380360725,-0.23882203803607238
4466,2.6457858,2.879691710184935,-0.233905910184935
4467,2.6476865,2.8786713562084922,-0.2309848562084924
4468,2.6397684,2.878732029832048,-0.23896362983204789
4469,2.6417966,2.8796238164644494,-0.23782721646444926
4470,2.6346555,2.8820213648886526,-0.24736586488865253
4471,2.620213,2.886039021980353,-0.26582602198035277
4472,2.6051526,2.8902555662276903,-0.2851029662276905
4473,2.5850055,2.8946658620325203,-0.30966036203252045
4474,2.571397,2.8995369131280455,-0.32813991312804536
4475,2.5553186,2.905596989841206,-0.35027838984120585
4476,2.5421262,2.9124920358806534,-0.37036583588065364
4477,2.5292358,2.919354127060202,-0.3901183270602022
4478,2.5150354,2.925896042484979,-0.410860642484979
4479,2.5081275,2.9320731688338864,-0.4239456688338863
4480,2.5039105,2.9380952496396504,-0.4341847496396505
4481,2.5002353,2.9433928242020633,-0.44315752420206334
4482,2.4959018,2.9475793491798914,-0.45167754917989145
4483,2.493055,2.9519859322553534,-0.4589309322553534
4484,2.490679,2.9581712052514275,-0.46749220525142743
4485,2.4876633,2.9641356067870035,-0.4764723067870036
4486,2.4860404,2.9683486167659447,-0.48230821676594493
4487,2.486484,2.9715891424365144,-0.4851051424365145
4488,2.480579,2.974543387124709,-0.4939643871247088
4489,2.4727402,2.9772512503317308,-0.5045110503317307
4490,2.4687686,2.9794337274480456,-0.5106651274480454
4491,2.464639,2.9820053489503953,-0.5173663489503952
4492,2.4652646,2.9848700369149856,-0.5196054369149858
4493,2.4618628,2.9866651771180557,-0.5248023771180557
4494,2.4554913,2.988812263366657,-0.5333209633666574
4495,2.4499087,2.9912284053793403,-0.5413197053793404
4496,2.4479413,2.993536001812076,-0.5455947018120759
4497,2.4347076,2.9957152811894905,-0.5610076811894906
4498,2.424483,2.997483717967828,-0.5730007179678283
4499,2.4401233,2.9998137691734303,-0.5596904691734301
4500,2.453417,3.002643135629406,-0.5492261356294059
4501,2.4691586,3.0075245724542676,-0.5383659724542675
4502,2.4722693,3.013607389299654,-0.5413380892996544
4503,2.4921057,3.0170677038592517,-0.5249620038592515
4504,2.4954224,3.0212624013346834,-0.5258400013346836
4505,2.4998028,3.027874031600725,-0.528071231600725
4506,2.501698,3.0345099390691574,-0.5328119390691572
4507,2.5070865,3.040195808219604,-0.5331093082196037
4508,2.510245,3.046067357985219,-0.5358223579852193
4509,2.5195312,3.052578208179989,-0.533047008179989
4510,2.524779,3.059020822252749,-0.5342418222527487
4511,2.5367966,3.064945284079827,-0.5281486840798268
4512,2.5510724,3.07031693622217,-0.5192445362221703
4513,2.5620434,3.0754916769960357,-0.5134482769960358
4514,2.5872455,3.079947963899424,-0.4927024638994242
4515,2.5952246,3.083982251398613,-0.48875765139861294
4516,2.6003842,3.0877505917327306,-0.48736639173273044
4517,2.613327,3.091162548988775,-0.4778355489887751
4518,2.6271863,3.0942267817996734,-0.4670404817996734
4519,2.627909,3.0970084271444374,-0.46909942714443753
4520,2.6357193,3.0991878851855876,-0.46346858518558776
4521,2.653982,3.1012535733004327,-0.44727157330043266
4522,2.6662326,3.1032902756612546,-0.43705767566125475
4523,2.67322,3.1054177095554634,-0.4321977095554632
4524,2.6871762,3.107681679821911,-0.420505479821911
4525,2.7033463,3.1101665652435515,-0.4068202652435513
4526,2.7120285,3.1129068023994377,-0.40087830239943756
4527,2.7287576,3.1157309809766085,-0.3869733809766087
4528,2.747394,3.118732808678482,-0.3713388086784821
4529,2.752776,3.1222766637687545,-0.36950066376875457
4530,2.756667,3.1261624034524456,-0.36949540345244536
4531,2.7542517,3.13005016483289,-0.3757984648328896
4532,2.7560828,3.1339139827417632,-0.3778311827417631
4533,2.7567334,3.1378583095155674,-0.38112490951556754
4534,2.7617962,3.1419998880820956,-0.3802036880820956
4535,2.7530844,3.146133694989618,-0.39304929498961805
4536,2.7441428,3.1500631319786567,-0.4059203319786566
4537,2.73715,3.1538576382962065,-0.4167076382962063
4538,2.7379422,3.157617579523435,-0.41967537952343514
4539,2.7321973,3.1614155386836646,-0.4292182386836645
4540,2.7328143,3.1654347994408236,-0.4326204994408238
4541,2.7397351,3.1693941329797863,-0.42965903297978647
4542,2.7467325,3.173384204657455,-0.42665170465745517
4543,2.7440097,3.1773297235561846,-0.4333200235561847
4544,2.7434616,3.1813669439625643,-0.4379053439625644
4545,2.7467487,3.1854989757813343,-0.4387502757813344
4546,2.749468,3.1897870847510434,-0.44031908475104364
4547,2.752071,3.194121794756886,-0.44205079475688613
4548,2.750838,3.1985190778105537,-0.4476810778105538
4549,2.7542474,3.2031239281115074,-0.44887652811150724
4550,2.7605667,3.2077654841216976,-0.44719878412169756
4551,2.731999,3.2124677318256394,-0.4804687318256393
4552,2.6885898,3.2172717186454536,-0.5286819186454537
4553,2.6979108,3.22354897525607,-0.5256381752560704
4554,2.692568,3.2290380680326716,-0.5364700680326715
4555,2.7172427,3.232498627945009,-0.5152559279450091
4556,2.7235467,3.236041360271251,-0.5124946602712512
4557,2.730509,3.239523727987975,-0.5090147279879749
4558,2.7395642,3.2430856781960147,-0.5035214781960149
4559,2.7032177,3.247635256990518,-0.5444175569905179
4560,2.699356,3.252296326556683,-0.552940326556683
4561,2.6861343,3.2562254706045217,-0.5700911706045217
4562,2.6674283,3.259976691112847,-0.5925483911128469
4563,2.639351,3.263589792877434,-0.624238792877434
4564,2.6385074,3.2676320978508335,-0.6291246978508336
4565,2.625169,3.2713382318955073,-0.6461692318955072
4566,2.6276855,3.2744431429490364,-0.6467576429490363
4567,2.631435,3.277475592910064,-0.6460405929100639
4568,2.6294599,3.2803639779767964,-0.6509040779767963
4569,2.6261716,3.283852079663236,-0.6576804796632358
4570,2.6342676,3.2881778444190224,-0.6539102444190226
4571,2.6431003,3.290895500068185,-0.647795200068185
4572,2.640261,3.2921188366343124,-0.6518578366343122
4573,2.6584995,3.2929584071483755,-0.6344589071483755
4574,2.6730783,3.2934205965555767,-0.6203422965555769
4575,2.6955469,3.2934991945959555,-0.5979522945959554
4576,2.7128308,3.293260870523278,-0.5804300705232781
4577,2.721865,3.292517061676871,-0.5706520616768707
4578,2.7371063,3.291162975555866,-0.5540566755558656
4579,2.760219,3.289794635611503,-0.5295756356115029
4580,2.7755573,3.2878849521291373,-0.5123276521291373
4581,2.785628,3.2848076504102774,-0.49917965041027745
4582,2.800098,3.2811785457946288,-0.48108054579462856
4583,2.8051813,3.276903164524337,-0.47172186452433706
4584,2.8144662,3.271929396875123,-0.45746319687512305
4585,2.8216455,3.2698150186140755,-0.4481695186140757
4586,2.8245718,3.2671442768639607,-0.4425724768639605
4587,2.8185544,3.260781599606972,-0.44222719960697177
4588,2.8178961,3.2539911454993025,-0.43609504549930245
4589,2.8166547,3.2468048610146374,-0.43015016101463743
4590,2.8266928,3.2392823966162543,-0.4125895966162543
4591,2.8282373,3.231727522035717,-0.40349022203571705
4592,2.834139,3.2239675022125667,-0.3898285022125667
4593,2.8421924,3.2159441579072765,-0.37375175790727644
4594,2.8487659,3.2079738858149347,-0.3592079858149346
4595,2.8539581,3.2000991550649642,-0.3461410550649644
4596,2.8519766,3.1923994165540313,-0.3404228165540313
4597,2.8519385,3.184851181644238,-0.3329126816442378
4598,2.841374,3.177556065547688,-0.33618206554768815
4599,2.8210428,3.170652010838941,-0.34960921083894103
4600,2.800947,3.1641398378104766,-0.36319283781047673
4601,2.7791812,3.1582009348516706,-0.3790197348516706
4602,2.7659214,3.1527633293487294,-0.3868419293487295
4603,2.753941,3.147756894843828,-0.39381589484382795
4604,2.7406845,3.1433308546279144,-0.4026463546279144
4605,2.7265694,3.1394774594287203,-0.41290805942872044
4606,2.7244794,3.1363403110579022,-0.41186091105790235
4607,2.7227077,3.1337021407565717,-0.41099444075657177
4608,2.7195823,3.131442746681737,-0.41186044668173727
4609,2.7150152,3.1298578443006755,-0.41484264430067563
4610,2.7089176,3.128908942770044,-0.4199913427700439
4611,2.701202,3.1285817520717156,-0.42737975207171575
4612,2.6917794,3.128582901354624,-0.43680350135462387
4613,2.6805623,3.1288620341096944,-0.44829973410969437
4614,2.6674619,3.12942731928949,-0.46196541928949
4615,2.6523905,3.130201053146829,-0.4778105531468291
4616,2.6352594,3.1314058508144242,-0.49614645081442443
4617,2.615981,3.1327675015905423,-0.5167865015905422
4618,2.5944664,3.134300196456889,-0.5398337964568891
4619,2.5836966,3.136326513839851,-0.5526299138398509
4620,2.598003,3.1412514566584155,-0.5432484566584157
4621,2.6186502,3.1474709273286186,-0.5288207273286187
4622,2.627241,3.1531680436184764,-0.5259270436184762
4623,2.6198578,3.1561464560159918,-0.5362886560159916
4624,2.629861,3.159112384698336,-0.5292513846983362
4625,2.6353607,3.162004826353821,-0.5266441263538209
4626,2.6496997,3.16514066336181,-0.5154409633618098
4627,2.6614096,3.170611432088534,-0.5092018320885341
4628,2.6681201,3.1773575093854447,-0.5092374093854448
4629,2.636964,3.1831754200268643,-0.5462114200268644
4630,2.6514707,3.18956092049791,-0.5380902204979101
4631,2.6700592,3.1974832162451112,-0.5274240162451114
4632,2.6849518,3.2059120808920523,-0.5209602808920524
4633,2.7095096,3.2131474278679915,-0.5036378278679914
4634,2.7156644,3.219644859045866,-0.5039804590458661
4635,2.7203555,3.225651908396588,-0.5052964083965881
4636,2.7244394,3.231337323736851,-0.5068979237368509
4637,2.7267303,3.236622819950638,-0.5098925199506383
4638,2.7284305,3.2412918613934956,-0.5128613613934956
4639,2.7283008,3.2452346069615428,-0.5169338069615428
4640,2.7307303,3.248440821684998,-0.517710521684998
4641,2.7381952,3.2517250504957924,-0.5135298504957926
4642,2.7447772,3.2542333157208025,-0.5094561157208024
4643,2.7496045,3.2555626753661997,-0.5059581753661999
4644,2.7511292,3.2608968337771973,-0.5097676337771975
4645,2.7414203,3.267226296261098,-0.5258059962610977
4646,2.719914,3.2703642702640496,-0.5504502702640495
4647,2.6988122,3.272124253950367,-0.5733120539503673
4648,2.6859076,3.2717898175918982,-0.5858822175918981
4649,2.6767764,3.270201851179958,-0.5934254511799582
4650,2.6772473,3.2676180674071564,-0.5903707674071565
4651,2.6850574,3.2638388617517005,-0.5787814617517006
4652,2.6970096,3.2626760869467644,-0.5656664869467645
4653,2.6925464,3.2598278468192325,-0.5672814468192326
4654,2.686906,3.25133640760849,-0.5644304076084898
4655,2.67596,3.2420731457949263,-0.5661131457949264
4656,2.6660113,3.233163362933813,-0.5671520629338129
4657,2.6582522,3.223216803061683,-0.5649646030616826
4658,2.6544898,3.211704396044719,-0.557214596044719
4659,2.6620853,3.1997875990712714,-0.5377022990712712
4660,2.6683261,3.188591307948591,-0.520265207948591
4661,2.6829681,3.179312469473962,-0.49634436947396177
4662,2.6968143,3.168319491753366,-0.4715051917533657
4663,2.7111588,3.153928938041391,-0.44277013804139065
4664,2.721648,3.13922834072663,-0.4175803407266301
4665,2.7251205,3.1243095935702647,-0.39918909357026466
4666,2.7338388,3.1099613150423813,-0.37612251504238126
4667,2.732677,3.0961712045050582,-0.3634942045050584
4668,2.7432632,3.0825308067621098,-0.3392676067621099
4669,2.751369,3.0689546982318165,-0.3175856982318166
4670,2.7605362,3.055493567303337,-0.29495736730333677
4671,2.7578583,3.0422627203596986,-0.2844044203596985
4672,2.7468407,3.0289868829556923,-0.2821461829556924
4673,2.7359369,3.0161240214603846,-0.2801871214603846
4674,2.7253103,3.004008947063695,-0.27869864706369496
4675,2.7151248,2.992449894276615,-0.2773250942766152
4676,2.7055435,2.9809216244658368,-0.27537812446583665
4677,2.6967309,2.9691693500922245,-0.27243845009222456
4678,2.6888497,2.9570798245649352,-0.2682301245649352
4679,2.6820638,2.945105434530188,-0.26304163453018825
4680,2.676537,2.9338250697335617,-0.25728806973356155
4681,2.6724327,2.9229827490384874,-0.25055004903848754
4682,2.6699147,2.9126292013844344,-0.2427145013844343
4683,2.6714764,2.902818136598128,-0.23134173659812785
4684,2.6836352,2.8929750699181365,-0.20933986991813658
4685,2.693828,2.8832377029259297,-0.18940970292592985
4686,2.7070465,2.8744203029130655,-0.16737380291306536
4687,2.703478,2.865957223665567,-0.16247922366556677
4688,2.6974423,2.8576814729970916,-0.16023917299709156
4689,2.6795425,2.849696811271787,-0.1701543112717867
4690,2.6630795,2.8422815159980224,-0.17920201599802255
4691,2.6543002,2.836770824609996,-0.18247062460999564
4692,2.6600735,2.8317113787393464,-0.17163787873934622
4693,2.6726782,2.826786844993344,-0.15410864499334398
4694,2.6841278,2.825809388085953,-0.141681588085953
4695,2.7079282,2.826044374637974,-0.11811617463797397
4696,2.730943,2.8244372053537634,-0.09349420535376352
4697,2.751139,2.8241427939453434,-0.07300379394534362
4698,2.7489297,2.823757313593159,-0.07482761359315893
4699,2.7294235,2.8235196001965686,-0.09409610019656878
4700,2.7024808,2.8233457623560083,-0.1208649623560083
4701,2.676141,2.8243163965749574,-0.14817539657495749
4702,2.6523416,2.8262928651871237,-0.17395126518712356
4703,2.6463907,2.8283220766816437,-0.18193137668164372
4704,2.6416147,2.8311501928779834,-0.18953549287798355
4705,2.6530936,2.8360325559191097,-0.1829389559191097
4706,2.6592941,2.844169719783126,-0.18487561978312606
4707,2.6730728,2.851992699760376,-0.17891989976037603
4708,2.6846302,2.859156606707779,-0.1745264067077792
4709,2.6966052,2.865971646625237,-0.16936644662523692
4710,2.7111752,2.871692108954317,-0.16051690895431703
4711,2.7222257,2.875978846286847,-0.1537531462868471
4712,2.7291129,2.8784758479578954,-0.1493629479578953
4713,2.7402246,2.8796517188069273,-0.13942711880692737
4714,2.7359073,2.880048518328207,-0.14414121832820692
4715,2.724773,2.882099752352766,-0.15732675235276616
4716,2.7042356,2.885666907353155,-0.18143130735315482
4717,2.6979294,2.887734536101491,-0.18980513610149075
4718,2.6919806,2.8892277981523944,-0.19724719815239444
4719,2.6949246,2.8900813896064776,-0.19515678960647787
4720,2.7014554,2.890216517293028,-0.18876111729302814
4721,2.7154965,2.8896985372878223,-0.17420203728782235
4722,2.73469,2.8886495302724,-0.15395953027239972
4723,2.7527487,2.8874703988561783,-0.13472169885617813
4724,2.7740903,2.88580214780752,-0.11171184780751986
4725,2.7926123,2.8833224975631104,-0.09071019756311038
4726,2.813335,2.880320858178632,-0.06698585817863201
4727,2.8302808,2.8819439350393594,-0.051663135039359265
4728,2.8493881,2.8862610198343073,-0.03687291983430718
4729,2.8683484,2.8890438668638603,-0.020695466863860368
4730,2.8843493,2.891446048081687,-0.007096748081687032
4731,2.9057138,2.892816071733481,0.012897728266518804
4732,2.9229388,2.894114282191271,0.028824517808728967
4733,2.9308014,2.89588709174178,0.03491430825821995
4734,2.931441,2.8993230712455853,0.03211792875441466
4735,2.917172,2.9035900596119864,0.013581940388013525
4736,2.8941934,2.907446119981952,-0.013252719981952321
4737,2.8700387,2.913277488569367,-0.04323878856936725
4738,2.8509555,2.919365670241825,-0.06841017024182516
4739,2.8253086,2.9241564228618446,-0.09884782286184457
4740,2.8054733,2.9300441768898087,-0.12457087688980861
4741,2.7880216,2.9356026918213027,-0.14758109182130275
4742,2.7739727,2.9413292279619525,-0.16735652796195266
4743,2.7560828,2.9477677879084556,-0.19168498790845545
4744,2.7420795,2.9528558064371038,-0.21077630643710377
4745,2.7319858,2.957148057081349,-0.22516225708134918
4746,2.726981,2.9606519636382687,-0.23367096363826878
4747,2.7264655,2.9632441532247653,-0.2367786532247651
4748,2.7343915,2.963722380891475,-0.2293308808914749
4749,2.741405,2.96194086460622,-0.22053586460622032
4750,2.7387738,2.959092089378481,-0.22031828937848097
4751,2.7227771,2.955081983560839,-0.23230488356083878
4752,2.702663,2.9499350789492813,-0.2472720789492815
4753,2.6832123,2.9432073446819795,-0.2599950446819794
4754,2.6706684,2.9345398872422197,-0.26387148724221987
4755,2.6622455,2.9247064959991986,-0.2624609959991986
4756,2.6701202,2.9146192709499954,-0.24449907094999546
4757,2.6833377,2.90509113586232,-0.2217534358623201
4758,2.702942,2.895746200177142,-0.19280420017714173
4759,2.7159784,2.886428565019273,-0.17045016501927313
4760,2.729878,2.876599887877553,-0.14672188787755314
4761,2.7256045,2.8644503780345305,-0.1388458780345303
4762,2.725006,2.8508970769195305,-0.1258910769195305
4763,2.7202039,2.841538544995729,-0.12133464499572888
4764,2.7167194,2.834832063614213,-0.11811266361421291
4765,2.7076666,2.8270987342005838,-0.11943213420058374
4766,2.6945593,2.8204563069018933,-0.12589700690189343
4767,2.6767719,2.8168578708006944,-0.14008597080069451
4768,2.6632276,2.8149215680503055,-0.15169396805030555
4769,2.6435285,2.812595180888215,-0.16906668088821508
4770,2.6298752,2.8114149492064726,-0.18153974920647276
4771,2.61553,2.812157102604628,-0.1966271026046278
4772,2.601781,2.8154989368627286,-0.21371793686272866
4773,2.5885224,2.818998560626268,-0.2304761606262682
4774,2.5756488,2.821577907835133,-0.24592910783513267
4775,2.563055,2.822639720482758,-0.25958472048275816
4776,2.5506356,2.8220272054407283,-0.27139160544072816
4777,2.5382848,2.8202618522868628,-0.28197705228686276
4778,2.5258975,2.8194228462623325,-0.2935253462623324
4779,2.513368,2.8240331707346296,-0.31066517073462974
4780,2.5005908,2.831447318067016,-0.3308565180670162
4781,2.4874609,2.8372724412438832,-0.34981154124388336
4782,2.4738724,2.8415687125968216,-0.3676963125968218
4783,2.45972,2.8424226197226377,-0.38270261972263775
4784,2.4454455,2.8417374092787413,-0.39629190927874136
4785,2.4306378,2.841107941807838,-0.41047014180783803
4786,2.4198685,2.840602994572775,-0.4207344945727747
4787,2.405582,2.8404131902951333,-0.4348311902951334
4788,2.397826,2.841114479887825,-0.4432884798878254
4789,2.3735843,2.840682776410265,-0.46709847641026503
4790,2.3648355,2.838418540842579,-0.4735830408425792
4791,2.3704474,2.8365148946216308,-0.46606749462163055
4792,2.3796582,2.8351809132169827,-0.45552271321698257
4793,2.3848941,2.834604868827585,-0.4497107688275852
4794,2.4015918,2.834928825105018,-0.43333702510501837
4795,2.4130085,2.835699218603395,-0.4226907186033948
4796,2.4120114,2.836568077338005,-0.4245566773380052
4797,2.4122522,2.8380271118561495,-0.42577491185614935
4798,2.4096396,2.8397250147836264,-0.43008541478362616
4799,2.4031122,2.8418506812721245,-0.43873848127212467
4800,2.4004178,2.8443238937534328,-0.4439060937534327
4801,2.4007077,2.8474793001926146,-0.44677160019261475
4802,2.3951352,2.8530000792117365,-0.4578648792117366
4803,2.3813574,2.860100438021937,-0.47874303802193685
4804,2.384627,2.8674544534809003,-0.4828274534809003
4805,2.3969324,2.875806344700649,-0.47887394470064937
4806,2.4132984,2.884805060762805,-0.4715066607628051
4807,2.4395382,2.8950607152042385,-0.4555225152042386
4808,2.4601605,2.904329844656137,-0.444169344656137
4809,2.485683,2.913625163915172,-0.4279421639151719
4810,2.5419018,2.9213328099366853,-0.3794310099366851
4811,2.570599,2.928386627553513,-0.3577876275535128
4812,2.614685,2.9397494670373026,-0.3250644670373024
4813,2.6369083,2.952284190710738,-0.315375890710738
4814,2.6621487,2.962630625578256,-0.30048192557825626
4815,2.6846902,2.972941878144731,-0.2882516781447313
4816,2.698725,2.983261476671294,-0.2845364766712941
4817,2.7056286,2.9934064172539334,-0.2877778172539336
4818,2.7153494,2.9997621299516624,-0.28441272995166234
4819,2.71738,3.003595760972554,-0.2862157609725542
4820,2.722168,3.010837193314139,-0.288669193314139
4821,2.7178323,3.021097282133547,-0.3032649821335469
4822,2.7183423,3.031563499132243,-0.31322119913224267
4823,2.7095413,3.0431885686379605,-0.33364726863796035
4824,2.7031097,3.0567525848731547,-0.35364288487315454
4825,2.7010095,3.0710709313587152,-0.37006143135871516
4826,2.696081,3.0845293701527283,-0.3884483701527284
4827,2.7005124,3.0979880239109465,-0.3974756239109465
4828,2.709404,3.1120825978096027,-0.4026785978096026
4829,2.7206442,3.1266622752182567,-0.4060180752182565
4830,2.7347848,3.1409906783384187,-0.4062058783384188
4831,2.7584915,3.1550042116687296,-0.3965127116687297
4832,2.777902,3.169308827507387,-0.391406827507387
4833,2.8043125,3.183638907511232,-0.37932640751123214
4834,2.8339658,3.1961861147422614,-0.36222031474226135
4835,2.837446,3.2081830966593716,-0.3707370966593717
4836,2.7996488,3.2195526254404174,-0.4199038254404175
4837,2.8466437,3.229713227695072,-0.38306952769507197
4838,2.8553357,3.237383272030285,-0.38204757203028494
4839,2.875812,3.244080673537454,-0.3682686735374543
4840,2.885764,3.250743904902278,-0.36497990490227794
4841,2.8762512,3.2561153017460893,-0.3798641017460893
4842,2.8760135,3.2603806442124537,-0.38436714421245366
4843,2.875291,3.2651711999063404,-0.3898801999063406
4844,2.8760223,3.2702534352875148,-0.39423113528751497
4845,2.895971,3.275743464389377,-0.3797724643893772
4846,2.911948,3.2808598892763188,-0.36891188927631857
4847,2.9272025,3.2852662720735744,-0.3580637720735744
4848,2.9397244,3.289829305188003,-0.3501049051880032
4849,2.9428928,3.2946406339739847,-0.35174783397398457
4850,2.9294248,3.299523898345284,-0.3700990983452841
4851,2.9027133,3.3039857169922566,-0.4012724169922568
4852,2.8671603,3.3077583184886765,-0.4405980184886764
4853,2.8354852,3.31108192070581,-0.47559672070581005
4854,2.798669,3.3128652137226577,-0.5141962137226579
4855,2.773249,3.3137276517486223,-0.5404786517486224
4856,2.753407,3.3136864792971408,-0.5602794792971406
4857,2.7387424,3.313228785502844,-0.5744863855028441
4858,2.729841,3.312652400711645,-0.5828114007116452
4859,2.7176602,3.3111746147114895,-0.5935144147114895
4860,2.7153058,3.3095116345286537,-0.5942058345286538
4861,2.6943395,3.30992368446112,-0.6155841844611203
4862,2.6797733,3.308862814861373,-0.6290895148613731
4863,2.669089,3.306538522044179,-0.6374495220441792
4864,2.6615477,3.302574638415436,-0.6410269384154361
4865,2.656411,3.297085522078881,-0.6406745220788812
4866,2.65294,3.2913426654614097,-0.6384026654614097
4867,2.6503968,3.282987383253314,-0.6325905832533136
4868,2.6480424,3.271383097218364,-0.6233406972183642
4869,2.6451387,3.260035547241308,-0.6148968472413081
4870,2.640947,3.250029783151648,-0.6090827831516479
4871,2.6347291,3.2399765985319835,-0.6052474985319836
4872,2.6257463,3.2299502942136233,-0.6042039942136235
4873,2.61326,3.218642852676739,-0.6053828526767391
4874,2.6163113,3.206600017516373,-0.5902887175163731
4875,2.6332355,3.1953180561584444,-0.5620825561584444
4876,2.6476026,3.1851664832585516,-0.5375638832585516
4877,2.6493967,3.1764119521319247,-0.5270152521319247
4878,2.6507916,3.168201679558991,-0.5174100795589913
4879,2.6482577,3.1601862692791247,-0.5119285692791249
4880,2.6377106,3.153092641056503,-0.5153820410565029
4881,2.6269934,3.14684464839414,-0.51985124839414
4882,2.620515,3.140894493171128,-0.5203794931711276
4883,2.6116726,3.136084561976745,-0.5244119619767451
4884,2.6038067,3.1320767966446885,-0.5282700966446887
4885,2.5966763,3.128085059863555,-0.5314087598635551
4886,2.5715573,3.124456371145513,-0.5528990711455131
4887,2.547991,3.121165837482162,-0.5731748374821617
4888,2.5287802,3.118043780250274,-0.5892635802502739
4889,2.5120654,3.114904638720262,-0.6028392387202621
4890,2.5018997,3.1111056387634766,-0.6092059387634765
4891,2.5013635,3.1069413847608676,-0.6055778847608675
4892,2.499224,3.1024917668557355,-0.6032677668557356
4893,2.5012043,3.0984265193028637,-0.5972222193028638
4894,2.505759,3.0955855917435606,-0.5898265917435608
4895,2.5092816,3.094572137657016,-0.5852905376570159
4896,2.5092175,3.0923991272960096,-0.5831816272960095
4897,2.5169482,3.0892584378845456,-0.5723102378845457
4898,2.526547,3.084696493374841,-0.5581494933748412
4899,2.553274,3.0806820692832897,-0.5274080692832896
4900,2.5683713,3.0764267106339025,-0.5080554106339026
4901,2.5813828,3.0717655472569514,-0.4903827472569513
4902,2.580997,3.0670145981736554,-0.4860175981736554
4903,2.5738657,3.0636523817919454,-0.4897866817919456
4904,2.5558178,3.060581828068854,-0.5047640280688541
4905,2.5409787,3.0578362260981287,-0.5168575260981285
4906,2.5347595,3.0543078433848994,-0.5195483433848995
4907,2.5319355,3.0529713778903025,-0.5210358778903026
4908,2.5379322,3.0507060727754327,-0.5127738727754325
4909,2.550112,3.04789682054993,-0.49778482054993
4910,2.5708966,3.0442579906222527,-0.47336139062225246
4911,2.5888126,3.0405096686310165,-0.45169706863101666
4912,2.6109335,3.0359764242450873,-0.4250429242450875
4913,2.6244724,3.0322396867027788,-0.4077672867027786
4914,2.6307776,3.0294591765765344,-0.39868157657653436
4915,2.6209052,3.027374533029983,-0.40646933302998267
4916,2.5968726,3.026137311530058,-0.42926471153005785
4917,2.578537,3.0282630454728006,-0.4497260454728007
4918,2.5549152,3.0302580672217516,-0.4753428672217517
4919,2.5416968,3.028582643661398,-0.4868858436613981
4920,2.529867,3.026208327827362,-0.4963413278273623
4921,2.5223193,3.023525247168316,-0.5012059471683159
4922,2.517915,3.0231304258643394,-0.5052154258643395
4923,2.5164075,3.0233081884617765,-0.5069006884617764
4924,2.5219421,3.0246917399145556,-0.5027496399145557
4925,2.527492,3.027273120151451,-0.49978112015145104
4926,2.520631,3.030920780743087,-0.5102897807430873
4927,2.5114734,3.0333259551292677,-0.5218525551292679
4928,2.4955554,3.031844410423062,-0.536289010423062
4929,2.4772534,3.029206480788436,-0.5519530807884361
4930,2.4612536,3.0267938286742875,-0.5655402286742874
4931,2.4516733,3.026459110251831,-0.5747858102518308
4932,2.4765277,3.026904012418389,-0.5503763124183889
4933,2.4797723,3.0271051320744244,-0.5473328320744244
4934,2.486786,3.0268645832799788,-0.5400785832799788
4935,2.5034854,3.0257480812059705,-0.5222626812059703
4936,2.5259879,3.023178274120372,-0.4971903741203718
4937,2.5470068,3.01884041201499,-0.47183361201498997
4938,2.562753,3.0137951372631564,-0.45104213726315656
4939,2.5838864,3.0096861437747533,-0.4257997437747534
4940,2.5937827,3.0067245797827846,-0.4129418797827844
4941,2.5972486,3.0044626805139223,-0.4072140805139224
4942,2.6014612,3.0026433655102043,-0.40118216551020414
4943,2.6073031,3.0039742508505283,-0.39667115085052806
4944,2.5998175,3.0072727002732678,-0.40745520027326787
4945,2.586672,3.008702066075589,-0.4220300660755889
4946,2.5786536,3.0101023559535283,-0.4314487559535283
4947,2.5647266,3.01154472038983,-0.4468181203898296
4948,2.555881,3.0142326678590847,-0.4583516678590849
4949,2.5521796,3.0175573185565203,-0.4653777185565202
4950,2.549699,3.0207209962728263,-0.47102199627282637
4951,2.5565915,3.023691393896343,-0.4670998938963429
4952,2.5655441,3.026359643033345,-0.46081554303334515
4953,2.5792706,3.028239823566885,-0.44896922356688496
4954,2.596769,3.029427267281134,-0.4326582672811341
4955,2.6185532,3.030970239779841,-0.4124170397798408
4956,2.6399972,3.03541392937312,-0.3954167293731201
4957,2.6603253,3.0416192120658256,-0.38129391206582586
4958,2.674204,3.0475497482967167,-0.37334574829671663
4959,2.6699414,3.0517622887996865,-0.38182088879968656
4960,2.6504037,3.0530619627779103,-0.4026582627779103
4961,2.6223624,3.051855082698176,-0.429492682698176
4962,2.5900803,3.049133593900675,-0.4590532939006753
4963,2.5646014,3.0467249578956994,-0.4821235578956995
4964,2.5415998,3.04437118467648,-0.5027713846764796
4965,2.5246701,3.0420203393984306,-0.5173502393984308
4966,2.5048447,3.0395020427343074,-0.5346573427343073
4967,2.4891934,3.0366443583882154,-0.5474509583882154
4968,2.4825897,3.0339458287779597,-0.5513561287779596
4969,2.4781308,3.029174275726974,-0.5510434757269738
4970,2.4744034,3.0205932075859683,-0.5461898075859684
4971,2.4820447,3.012214669073886,-0.5301699690738859
4972,2.4825656,3.005496521188887,-0.5229309211888871
4973,2.4844186,2.999915966056066,-0.5154973660560658
4974,2.4920611,2.9921764986441226,-0.5001153986441227
4975,2.488254,2.9833476182805265,-0.49509361828052656
4976,2.4854639,2.973924691755841,-0.4884607917558408
4977,2.4810507,2.964016966820516,-0.48296626682051613
4978,2.46818,2.9531011845413992,-0.48492118454139943
4979,2.465212,2.9413723676176944,-0.4761603676176942
4980,2.4603305,2.9294785258842295,-0.46914802588422955
4981,2.4628527,2.917894234401086,-0.4550415344010861
4982,2.4628606,2.9047238252159486,-0.4418632252159487
4983,2.4628925,2.88967319248805,-0.42678069248804995
4984,2.462965,2.874643273337302,-0.4116782733373019
4985,2.4630952,2.859633903839682,-0.3965387038396817
4986,2.4632993,2.847099011198972,-0.38379971119897194
4987,2.4635944,2.8365429961089927,-0.3729485961089929
4988,2.4639976,2.826748373173707,-0.36275077317370696
4989,2.464525,2.8161912841487804,-0.3516662841487803
4990,2.4651935,2.8070855511702093,-0.3418920511702095
4991,2.46602,2.7995013204625008,-0.3334813204625009
4992,2.4670217,2.7921102336212718,-0.32508853362127166
4993,2.4682145,2.7866748751716415,-0.3184603751716413
4994,2.4696157,2.7834520730739793,-0.3138363730739795
4995,2.4871042,2.7788744626389303,-0.29177026263893024
4996,2.4959042,2.7745818701070983,-0.2786776701070983
4997,2.4945505,2.7688702671826317,-0.27431976718263185
4998,2.4908817,2.7624378176208655,-0.2715561176208654
4999,2.4755206,2.7555049523458,-0.2799843523458003
5000,2.4338274,2.7481328962617044,-0.31430549626170423
5001,2.3960857,2.741785900698,-0.3457002006979999
5002,2.3671722,2.7367318992136127,-0.36955969921361254
5003,2.3436604,2.7325283897578396,-0.38886798975783954
5004,2.325274,2.7294167327233416,-0.4041427327233418
5005,2.3117354,2.7288363406355156,-0.4171009406355157
5006,2.3027678,2.72793784367944,-0.4251700436794401
5007,2.2980936,2.7273732585999815,-0.4292796585999814
5008,2.2924728,2.726088929670997,-0.43361612967099683
5009,2.307712,2.7245221651412517,-0.4168101651412517
5010,2.318584,2.7264242043576554,-0.40784020435765544
5011,2.3164465,2.7284093802169758,-0.4119628802169757
5012,2.3411777,2.73049085538455,-0.38931315538455014
5013,2.3537238,2.7324461371739877,-0.3787223371739876
5014,2.391764,2.73415230250268,-0.3423883025026804
5015,2.418176,2.7357488824499216,-0.31757288244992177
5016,2.4435751,2.74040103083491,-0.29682593083491016
5017,2.4682148,2.7451562950425714,-0.27694149504257126
5018,2.4846942,2.74806632551919,-0.2633721255191901
5019,2.498291,2.7521668531421617,-0.25387585314216166
5020,2.5078375,2.757528061573457,-0.24969056157345726
5021,2.516872,2.7632895578890246,-0.24641755788902442
5022,2.5195749,2.7694920348325938,-0.24991713483259392
5023,2.5252588,2.776255482536014,-0.25099668253601415
5024,2.5273273,2.7832313643683957,-0.25590406436839563
5025,2.5307999,2.7901796307010103,-0.2593797307010104
5026,2.5341535,2.7983551405389,-0.26420164053890005
5027,2.536401,2.807885161425574,-0.27148416142557386
5028,2.537615,2.816145909943147,-0.278530909943147
5029,2.5422156,2.824757394015831,-0.282541794015831
5030,2.5541327,2.8336391309514557,-0.2795064309514559
5031,2.56107,2.8422678088647104,-0.28119780886471046
5032,2.5659006,2.852099552498232,-0.286198952498232
5033,2.568185,2.861670063420009,-0.2934850634200088
5034,2.573677,2.8709005386555564,-0.2972235386555564
5035,2.5722253,2.8826957449985087,-0.31047044499850873
5036,2.5774677,2.895771907873093,-0.3183042078730929
5037,2.5806363,2.909136329248147,-0.32850002924814703
5038,2.5843844,2.921023562469461,-0.33663916246946135
5039,2.5861795,2.9329536261912343,-0.34677412619123427
5040,2.5901554,2.94485215508561,-0.35469675508561016
5041,2.588343,2.954559914075254,-0.3662169140752538
5042,2.587579,2.962380542568938,-0.37480154256893794
5043,2.5854874,2.969601128619055,-0.384113728619055
5044,2.5815494,2.9761653763250955,-0.3946159763250954
5045,2.57889,2.981884335687466,-0.4029943356874659
5046,2.577325,2.9873686246091165,-0.41004362460911636
5047,2.5848792,2.992431318332025,-0.407552118332025
5048,2.5835223,2.9969427222980047,-0.4134204222980049
5049,2.582077,3.001086360353399,-0.4190093603533991
5050,2.5810895,3.004654802079957,-0.423565302079957
5051,2.5797565,3.0074495015421827,-0.4276930015421829
5052,2.5680912,3.0095530246692266,-0.44146182466922657
5053,2.5561337,3.0115540735543234,-0.4554203735543232
5054,2.5495715,3.0154974340938243,-0.46592593409382443
5055,2.5388815,3.018928154753153,-0.4800466547531528
5056,2.5337274,3.019622273468027,-0.48589487346802684
5057,2.5305035,3.019617459407235,-0.4891139594072351
5058,2.521481,3.018779014630533,-0.497298014630533
5059,2.5203955,3.0169174272598553,-0.49652192725985556
5060,2.515334,3.0139007211829356,-0.49856672118293544
5061,2.501346,3.0102508708006304,-0.5089048708006305
5062,2.4888394,3.006574367056512,-0.5177349670565121
5063,2.4913232,3.0034385713967193,-0.5121153713967193
5064,2.484352,2.999299570418429,-0.5149475704184292
5065,2.4901798,2.9950140025411343,-0.5048342025411343
5066,2.486327,2.9903792765471127,-0.5040522765471125
5067,2.4895456,2.985497606097935,-0.495952006097935
5068,2.4815707,2.980937498100364,-0.4993667981003642
5069,2.4579587,2.976043541998029,-0.5180848419980291
5070,2.4462726,2.9708114053830195,-0.5245388053830196
5071,2.4331424,2.9649954786794734,-0.5318530786794735
5072,2.4292471,2.959513437586414,-0.5302663375864141
5073,2.4186063,2.953597518095608,-0.534991218095608
5074,2.415521,2.947503041476033,-0.531982041476033
5075,2.403509,2.9414284760250813,-0.5379194760250812
5076,2.391449,2.9351163694062428,-0.5436673694062426
5077,2.3804538,2.9286694755913816,-0.5482156755913814
5078,2.3784506,2.921978712876041,-0.5435281128760412
5079,2.3692017,2.91532845582512,-0.5461267558251199
5080,2.3685772,2.9086695464971206,-0.5400923464971208
5081,2.3456476,2.9017648596264407,-0.5561172596264408
5082,2.3225741,2.89439915784227,-0.5718250578422697
5083,2.3135333,2.8867289478602594,-0.5731956478602593
5084,2.3100543,2.8788641577484704,-0.5688098577484704
5085,2.2944849,2.8707263879570912,-0.5762414879570912
5086,2.2813797,2.862036762929504,-0.5806570629295038
5087,2.2641842,2.853609595479213,-0.5894253954792132
5088,2.2437527,2.8454051153014874,-0.6016524153014875
5089,2.2450092,2.837270542120699,-0.592261342120699
5090,2.236702,2.829322079121595,-0.5926200791215948
5091,2.209988,2.8212519276570136,-0.6112639276570135
5092,2.2028568,2.8122209343599356,-0.6093641343599354
5093,2.166818,2.8028641801542906,-0.6360461801542905
5094,2.169173,2.792478267015376,-0.6233052670153763
5095,2.1591895,2.7808132769023786,-0.6216237769023785
5096,2.1508527,2.7694519910527164,-0.6185992910527163
5097,2.1304462,2.7600520769848838,-0.6296058769848836
5098,2.125375,2.751784417990771,-0.6264094179907711
5099,2.1200016,2.743428125517503,-0.6234265255175027
5100,2.1375449,2.736286046770545,-0.598741146770545
5101,2.1269433,2.7298732617312615,-0.6029299617312613
5102,2.12449,2.7238805878324754,-0.5993905878324752
5103,2.1400092,2.7184727451533788,-0.5784635451533786
5104,2.1406894,2.714188373961832,-0.5734989739618324
5105,2.1546826,2.7109140461723666,-0.5562314461723665
5106,2.1446042,2.708072003522943,-0.563467803522943
5107,2.1261096,2.705955976818904,-0.5798463768189039
5108,2.1246686,2.7048589325808186,-0.5801903325808184
5109,2.118649,2.704529842155493,-0.5858808421554929
5110,2.10552,2.7052377079888403,-0.5997177079888405
5111,2.1016726,2.7070440457641003,-0.6053714457641002
5112,2.0915897,2.7132271926689477,-0.6216374926689476
5113,2.094089,2.721563761622103,-0.627474761622103
5114,2.1084735,2.7294266197896304,-0.6209531197896303
5115,2.0899615,2.7376842500742358,-0.647722750074236
5116,2.093266,2.7455782852051196,-0.6523122852051197
5117,2.086198,2.7527753655374396,-0.6665773655374396
5118,2.0788422,2.759178788496001,-0.6803365884960009
5119,2.0846515,2.765556814447429,-0.6809053144474291
5120,2.082888,2.773904959620208,-0.691016959620208
5121,2.1025565,2.782305006024658,-0.6797485060246582
5122,2.10478,2.7908021677854817,-0.6860221677854819
5123,2.1202304,2.7989197642454413,-0.6786893642454412
5124,2.1197205,2.8069421252790603,-0.6872216252790602
5125,2.15088,2.8140150958580694,-0.6631350958580695
5126,2.165933,2.8222875226501714,-0.6563545226501715
5127,2.1650271,2.8294382077836087,-0.6644111077836086
5128,2.168165,2.8326379315978256,-0.6644729315978255
5129,2.1877103,2.8357833074491086,-0.6480730074491086
5130,2.177113,2.839632325009451,-0.662519325009451
5131,2.188287,2.843905214803158,-0.655618214803158
5132,2.2093256,2.8486997071557663,-0.6393741071557661
5133,2.2301004,2.854323355717547,-0.6242229557175469
5134,2.2401156,2.8609564953083257,-0.6208408953083255
5135,2.2662125,2.868127346924248,-0.6019148469242479
5136,2.2936282,2.8752052239255037,-0.5815770239255036
5137,2.3088565,2.8826299128843575,-0.5737734128843575
5138,2.3200815,2.890986682418326,-0.570905182418326
5139,2.3546557,2.899991615222164,-0.545335915222164
5140,2.3505871,2.9085487774063186,-0.5579616774063187
5141,2.358237,2.9168128342052544,-0.5585758342052545
5142,2.360248,2.925987309539364,-0.5657393095393641
5143,2.3737652,2.935657326227036,-0.5618921262270362
5144,2.396868,2.9471148594193046,-0.5502468594193046
5145,2.3889418,2.9599867991662543,-0.5710449991662543
5146,2.3763232,2.9716646370371103,-0.5953414370371104
5147,2.3778653,2.983364194400322,-0.6054988944003221
5148,2.3803482,2.9943269851239274,-0.6139787851239276
5149,2.3835812,3.004134868877546,-0.6205536688775459
5150,2.387372,3.013172013347484,-0.6258000133474839
5151,2.39153,3.0205597008389873,-0.6290297008389873
5152,2.3958633,3.026631244189145,-0.6307679441891452
5153,2.4001808,3.0320850424997356,-0.6319042424997359
5154,2.404291,3.0369972419920193,-0.6327062419920191
5155,2.4080021,3.0401874115603267,-0.6321853115603266
5156,2.4111233,3.0416986986927954,-0.6305753986927956
5157,2.4134626,3.0427866482381094,-0.6293240482381095
5158,2.414829,3.0431368233147107,-0.6283078233147106
5159,2.4173398,3.0430248400799553,-0.6256850400799552
5160,2.4251187,3.042256888145953,-0.6171381881459528
5161,2.4308078,3.040743428481424,-0.6099356284814239
5162,2.4359796,3.038338889825867,-0.6023592898258672
5163,2.4184124,3.0357340638418555,-0.6173216638418557
5164,2.430798,3.032824624504889,-0.6020266245048891
5165,2.439088,3.0295460570578268,-0.5904580570578268
5166,2.4412744,3.0267376939915454,-0.5854632939915452
5167,2.4584274,3.0237062614880466,-0.5652788614880464
5168,2.4515522,3.020452502164387,-0.568900302164387
5169,2.4454694,3.016919711967466,-0.5714503119674661
5170,2.463779,3.013278598709746,-0.5494995987097457
5171,2.471536,3.0094665357646053,-0.5379305357646054
5172,2.4751685,3.00540539823843,-0.5302368982384298
5173,2.4740262,3.001326681163831,-0.5273004811638309
5174,2.4799283,2.9972240282071527,-0.5172957282071526
5175,2.4832819,2.993152679690316,-0.5098707796903157
5176,2.4808676,2.9895985722361282,-0.5087309722361284
5177,2.491225,2.9862866237348977,-0.4950616237348977
5178,2.497576,2.9831415810736486,-0.48556558107364856
5179,2.5028305,2.9800580530518284,-0.4772275530518284
5180,2.50531,2.977216225876916,-0.471906225876916
5181,2.5454483,2.9745394085075656,-0.4290911085075657
5182,2.5480664,2.972063931347246,-0.4239975313472457
5183,2.5342004,2.9698363741190272,-0.4356359741190272
5184,2.5265787,2.967912041474043,-0.441333341474043
5185,2.5196872,2.9661464762171765,-0.4464592762171766
5186,2.5238516,2.964586876915991,-0.4407352769159911
5187,2.5197144,2.9632971305325526,-0.4435827305325528
5188,2.5181656,2.9629048243108005,-0.4447392243108004
5189,2.5182376,2.9625553897565613,-0.44431778975656133
5190,2.5306637,2.9615752022564346,-0.4309115022564347
5191,2.5267758,2.9607716008916496,-0.4339958008916498
5192,2.503321,2.960230684861556,-0.4569096848615559
5193,2.4335468,2.9601640726751097,-0.5266172726751099
5194,2.412131,2.9603338842329023,-0.5482028842329023
5195,2.3955655,2.9610110935704768,-0.5654455935704767
5196,2.3924701,2.9621436013048634,-0.5696735013048633
5197,2.3943558,2.963656392201213,-0.5693005922012131
5198,2.407934,2.9653133023157556,-0.5573793023157556
5199,2.424857,2.967040252920998,-0.542183252920998
5200,2.4489245,2.96902600824092,-0.5201015082409199
5201,2.4670987,2.971177129411078,-0.5040784294110776
5202,2.4952524,2.9733848233169615,-0.4781324233169615
5203,2.5130932,2.9755956024935424,-0.46250240249354224
5204,2.542523,2.9778659901674582,-0.43534299016745814
5205,2.550246,2.9801879050892004,-0.4299419050892004
5206,2.5515845,2.9821539700017494,-0.4305694700017493
5207,2.5617871,2.984084022841238,-0.4222969228412379
5208,2.5650504,2.9862043948415087,-0.4211539948415086
5209,2.5727322,2.988835708746111,-0.41610350874611113
5210,2.5800226,2.991671181839191,-0.41164858183919106
5211,2.5858023,2.9941874390760534,-0.40838513907605334
5212,2.5870068,2.996646890971726,-0.4096400909717257
5213,2.593156,2.9985036043286017,-0.40534760432860173
5214,2.6048944,2.9995902093985785,-0.3946958093985784
5215,2.6061728,3.000403264013456,-0.39423046401345596
5216,2.6132562,3.0005018218476405,-0.38724562184764055
5217,2.6211963,3.0008131917009573,-0.37961689170095747
5218,2.6379755,3.0074799921038924,-0.36950449210389236
5219,2.63185,3.016298884559201,-0.3844488845592009
5220,2.6403852,3.021615489500999,-0.38123028950099913
5221,2.629645,3.0262864996695495,-0.39664149966954954
5222,2.6379929,3.0310961850707905,-0.3931032850707905
5223,2.6209073,3.0342958544745455,-0.4133885544745457
5224,2.6181445,3.035606493786254,-0.41746199378625404
5225,2.6193204,3.037885641043642,-0.418565241043642
5226,2.6070383,3.040316404757377,-0.43327810475737705
5227,2.5840814,3.041900920957011,-0.45781952095701106
5228,2.5732455,3.0437740437962915,-0.4705285437962914
5229,2.5575562,3.045614849373453,-0.4880586493734529
5230,2.553699,3.0467380001973234,-0.4930390001973235
5231,2.552995,3.047261212115823,-0.4942662121158228
5232,2.5623267,3.0471820416095334,-0.4848553416095336
5233,2.568392,3.0469681994383118,-0.478576199438312
5234,2.5838144,3.0464365555806245,-0.4626221555806245
5235,2.608067,3.0476664036783307,-0.4395994036783306
5236,2.6146512,3.048473202838149,-0.433822002838149
5237,2.6219265,3.045423985683726,-0.42349748568372636
5238,2.6202939,3.0415947892577644,-0.4213008892577643
5239,2.6199167,3.0372316581118843,-0.41731495811188424
5240,2.6196887,3.0326956701280086,-0.41300697012800835
5241,2.6189249,3.0268425104843293,-0.4079176104843292
5242,2.6187232,3.0195156523682214,-0.4007924523682216
5243,2.6130981,3.0122498296700813,-0.39915172967008106
5244,2.6103265,3.006894332693911,-0.3965678326939108
5245,2.609472,3.0009038112266495,-0.3914318112266497
5246,2.6077402,2.991626665628511,-0.38388646562851125
5247,2.6041074,2.981828646232738,-0.37772124623273795
5248,2.6033847,2.971826193015418,-0.36844149301541806
5249,2.6020834,2.9620575562843587,-0.3599741562843586
5250,2.6034317,2.953049891546628,-0.3496181915466283
5251,2.606514,2.9438591944505297,-0.33734519445052946
5252,2.6121716,2.9339237483726905,-0.3217521483726906
5253,2.6197574,2.924234640278193,-0.3044772402781928
5254,2.6267154,2.9151027284218918,-0.28838732842189163
5255,2.6269782,2.9072847346573694,-0.28030653465736943
5256,2.6372015,2.8994913835022404,-0.26228988350224025
5257,2.6414893,2.8919591718629993,-0.2504698718629994
5258,2.6540616,2.8848140898051553,-0.2307524898051554
5259,2.6651306,2.8785345646747613,-0.21340396467476141
5260,2.6764395,2.8723786772963718,-0.1959391772963719
5261,2.6852984,2.865990265117629,-0.18069186511762902
5262,2.691742,2.860243269771198,-0.16850126977119784
5263,2.7007163,2.8558461273832907,-0.15512982738329084
5264,2.7011414,2.8531389983913322,-0.1519975983913322
5265,2.6902401,2.851298949442467,-0.16105884944246718
5266,2.65545,2.8501363804432684,-0.19468638044326836
5267,2.6044421,2.849337476143321,-0.24489537614332102
5268,2.553421,2.849092759467296,-0.29567175946729574
5269,2.5115826,2.849238984029055,-0.33765638402905473
5270,2.478968,2.8493953533524956,-0.37042735335249555
5271,2.4576242,2.8491420235164364,-0.39151782351643627
5272,2.4458563,2.848846642963317,-0.4029903429633168
5273,2.44047,2.8484157269001322,-0.4079457269001323
5274,2.4401114,2.848426802899649,-0.40831540289964874
5275,2.4386423,2.8484016728365793,-0.40975937283657915
5276,2.4414432,2.848370104598874,-0.40692690459887393
5277,2.4494193,2.848144782611912,-0.398725482611912
5278,2.4596393,2.8478731529761077,-0.3882338529761076
5279,2.4685538,2.847490914861125,-0.37893711486112513
5280,2.485721,2.8472942042933407,-0.36157320429334083
5281,2.5093002,2.847758568529918,-0.33845836852991784
5282,2.5289056,2.8480238246840375,-0.3191182246840376
5283,2.536897,2.8477464608808116,-0.31084946088081145
5284,2.5547879,2.8467186298640663,-0.2919307298640663
5285,2.5762024,2.8436185379648764,-0.2674161379648763
5286,2.5894895,2.8405168475696785,-0.2510273475696785
5287,2.6017325,2.8384966882526257,-0.2367641882526259
5288,2.6099765,2.8349853162266103,-0.22500881622661018
5289,2.6229138,2.830594968516772,-0.2076811685167721
5290,2.639073,2.8258224905881955,-0.18674949058819568
5291,2.6474762,2.821771569117679,-0.17429536911767896
5292,2.6535416,2.817455357405364,-0.16391375740536374
5293,2.6640854,2.8145809885721027,-0.15049558857210288
5294,2.66768,2.8126727637499176,-0.14499276374991776
5295,2.6699567,2.813305400465597,-0.14334870046559667
5296,2.6729953,2.817281052230868,-0.14428575223086781
5297,2.6750064,2.821151484326509,-0.14614508432650908
5298,2.6754673,2.824083553267482,-0.14861625326748173
5299,2.6710815,2.8268383843276133,-0.15575688432761314
5300,2.6636233,2.8297456700275228,-0.16612237002752295
5301,2.6474326,2.8323928481767444,-0.18496024817674428
5302,2.6419873,2.8348708777038847,-0.19288357770388487
5303,2.6212769,2.838934505330168,-0.2176576053301682
5304,2.5964062,2.842642163427928,-0.24623596342792808
5305,2.5628903,2.8449703531809174,-0.28208005318091756
5306,2.5299802,2.8471527211311414,-0.3171725211311416
5307,2.4933286,2.849624959959742,-0.35629635995974196
5308,2.4600503,2.85298484841171,-0.39293454841171016
5309,2.4320111,2.8570041275433544,-0.42499302754335444
5310,2.409498,2.86205942058628,-0.4525614205862798
5311,2.389243,2.867421743506789,-0.4781787435067888
5312,2.3775787,2.872469750646415,-0.49489105064641503
5313,2.3677063,2.8774089531682012,-0.5097026531682012
5314,2.3576748,2.8820728802370033,-0.5243980802370034
5315,2.3600528,2.886647107155082,-0.526594307155082
5316,2.3492749,2.8898773939054783,-0.5406024939054781
5317,2.3415473,2.8915377622634537,-0.5499904622634535
5318,2.3431134,2.892606766481708,-0.5494933664817081
5319,2.333749,2.8933693456382468,-0.5596203456382467
5320,2.3262951,2.894788279860357,-0.568493179860357
5321,2.3226056,2.900192932802501,-0.577587332802501
5322,2.3134265,2.904476279976357,-0.5910497799763572
5323,2.3124936,2.904361261145158,-0.5918676611451583
5324,2.3135202,2.903567729013173,-0.590047529013173
5325,2.3152966,2.9012245986187666,-0.5859279986187667
5326,2.3205457,2.897667254579734,-0.5771215545797341
5327,2.3286579,2.8977016424869646,-0.5690437424869645
5328,2.3430862,2.900088539124554,-0.557002339124554
5329,2.3541074,2.9012711082391816,-0.5471637082391814
5330,2.376249,2.9044149657963434,-0.5281659657963433
5331,2.3946173,2.9084613437471143,-0.5138440437471141
5332,2.4151142,2.9118373911122784,-0.49672319111227825
5333,2.4269562,2.916381288821962,-0.489425088821962
5334,2.4462945,2.9244153468876233,-0.47812084688762324
5335,2.4562442,2.9329552976972195,-0.47671109769721953
5336,2.4668667,2.940905394117066,-0.4740386941170658
5337,2.4794247,2.948048391975207,-0.4686236919752069
5338,2.4895031,2.956030947888285,-0.46652784788828505
5339,2.511552,2.966433621710556,-0.4548816217105558
5340,2.5289721,2.976339295212904,-0.44736719521290436
5341,2.5436618,2.9864080921182454,-0.44274629211824523
5342,2.5504086,2.995620321784838,-0.44521172178483814
5343,2.5548303,3.0046223165214867,-0.4497920165214868
5344,2.5384533,3.0131467659036444,-0.47469346590364436
5345,2.5399213,3.021862688933227,-0.4819413889332269
5346,2.532934,3.0309608769308,-0.49802687693079983
5347,2.51349,3.0396799472796507,-0.5261899472796507
5348,2.51046,3.047920007792981,-0.5374600077929808
5349,2.5077624,3.055873111954808,-0.5481107119548083
5350,2.5154474,3.0632046621795976,-0.5477572621795979
5351,2.5146506,3.0700949228363212,-0.5554443228363213
5352,2.5280359,3.0765429468890946,-0.5485070468890947
5353,2.545904,3.0828661444553274,-0.5369621444553272
5354,2.5601523,3.09005248041076,-0.5299001804107601
5355,2.5762274,3.096188506429294,-0.5199611064292942
5356,2.5863419,3.101273730947572,-0.5149318309475723
5357,2.6022742,3.108079497388769,-0.5058052973887688
5358,2.6154025,3.112469359065014,-0.497066859065014
5359,2.6154711,3.115466232080004,-0.499995132080004
5360,2.6159925,3.118170111790142,-0.5021776117901422
5361,2.6171238,3.1201421692004825,-0.5030183692004826
5362,2.6190886,3.121208964461639,-0.5021203644616392
5363,2.6221104,3.121617189672675,-0.49950678967267503
5364,2.6264122,3.1210902991847482,-0.49467809918474837
5365,2.6322176,3.118603581455079,-0.48638598145507883
5366,2.6397505,3.113812364180226,-0.47406186418022633
5367,2.6492336,3.109841538584723,-0.4606079385847228
5368,2.6608906,3.106422181958854,-0.4455315819588539
5369,2.6749446,3.103282537546116,-0.42833793754611627
5370,2.6916199,3.1027662632691646,-0.41114636326916454
5371,2.711139,3.1037868936608946,-0.39264789366089436
5372,2.7441254,3.10373199503619,-0.35960659503618997
5373,2.760206,3.1033805979707805,-0.3431745979707803
5374,2.751552,3.103092940326274,-0.3515409403262737
5375,2.7603912,3.1032971797114675,-0.3429059797114675
5376,2.7529166,3.103363521472517,-0.3504469214725172
5377,2.7380545,3.1038198933485344,-0.3657653933485343
5378,2.7143033,3.105297732314013,-0.3909944323140131
5379,2.6359918,3.1057772809868065,-0.4697854809868063
5380,2.6226218,3.105523016199581,-0.48290121619958093
5381,2.604102,3.1045714713074224,-0.5004694713074223
5382,2.6017087,3.1025201513349323,-0.5008114513349322
5383,2.5972257,3.0988893247193356,-0.5016636247193356
5384,2.6010273,3.0944904094275323,-0.49346310942753213
5385,2.6040606,3.091270338158754,-0.4872097381587541
5386,2.5978045,3.0880547521846533,-0.49025025218465323
5387,2.6001663,3.084696316872727,-0.4845300168727267
5388,2.6074185,3.0822276586136397,-0.4748091586136396
5389,2.6027973,3.079589967363526,-0.4767926673635259
5390,2.6027722,3.076658666043201,-0.47388646604320117
5391,2.6015058,3.072997756341326,-0.471491956341326
5392,2.6033728,3.068188821223552,-0.46481602122355214
5393,2.6045575,3.0628511868347505,-0.4582936868347507
5394,2.5995877,3.0573385383264173,-0.4577508383264175
5395,2.6005282,3.05048240391541,-0.4499542039154103
5396,2.5971494,3.042420758693478,-0.445271358693478
5397,2.5901065,3.0344098517218843,-0.4443033517218842
5398,2.5731409,3.0260004283622357,-0.45285952836223586
5399,2.5583584,3.0183879347919125,-0.46002953479191255
5400,2.5376456,3.011328265199092,-0.47368266519909197
5401,2.5113873,3.0043470262280194,-0.4929597262280194
5402,2.4927695,2.998609999242004,-0.5058404992420038
5403,2.4667804,2.99246496280337,-0.5256845628033697
5404,2.4377856,2.984914819104941,-0.5471292191049408
5405,2.4070053,2.9779848259867885,-0.5709795259867887
5406,2.385145,2.971563614382515,-0.5864186143825147
5407,2.3715308,2.9650617416802443,-0.5935309416802443
5408,2.358563,2.9587509507593035,-0.6001879507593033
5409,2.346174,2.953197172338069,-0.607023172338069
5410,2.3326166,2.9490929641716974,-0.6164763641716973
5411,2.3188934,2.944714020849853,-0.6258206208498529
5412,2.315492,2.941306069274588,-0.6258140692745879
5413,2.3058417,2.9384019290006265,-0.6325602290006263
5414,2.317421,2.934997346963776,-0.6175763469637761
5415,2.3331516,2.931528876650761,-0.5983772766507611
5416,2.343083,2.9284471918337855,-0.5853641918337855
5417,2.3593314,2.925287309123691,-0.5659559091236912
5418,2.3653848,2.922292760752145,-0.5569079607521448
5419,2.3679984,2.919246021828234,-0.5512476218282343
5420,2.3628528,2.916315204914149,-0.553462404914149
5421,2.3618686,2.91392822550262,-0.5520596255026198
5422,2.3542666,2.911874230506498,-0.5576076305064981
5423,2.3445566,2.9099525272758213,-0.5653959272758211
5424,2.3607004,2.908509400620287,-0.5478090006202874
5425,2.3782153,2.9076543183489822,-0.5294390183489823
5426,2.3756318,2.908589881428933,-0.5329580814289332
5427,2.3769886,2.910027515701728,-0.5330389157017281
5428,2.3823073,2.9107780106443575,-0.5284707106443576
5429,2.3900697,2.911055093862395,-0.5209853938623947
5430,2.3997004,2.9108097220106113,-0.5111093220106113
5431,2.4106252,2.9108134052113637,-0.5001882052113635
5432,2.4222686,2.9109112246950426,-0.4886426246950424
5433,2.4340558,2.9110215383818905,-0.4769657383818906
5434,2.4454117,2.912561486103033,-0.4671497861030329
5435,2.4557614,2.913382372569351,-0.45762097256935075
5436,2.4645298,2.91420571653641,-0.4496759165364099
5437,2.4711423,2.9149670490664823,-0.4438247490664824
5438,2.4750233,2.915623491791945,-0.4406001917919449
5439,2.4702802,2.916207952804394,-0.4459277528043941
5440,2.4503086,2.916269983087291,-0.46596138308729085
5441,2.4507065,2.9165145197574365,-0.4658080197574366
5442,2.4489627,2.9165894515501907,-0.4676267515501906
5443,2.4525223,2.916485653184737,-0.46396335318473714
5444,2.4486694,2.916611293785814,-0.46794189378581397
5445,2.457912,2.9168967456054125,-0.4589847456054126
5446,2.4660165,2.9171780237324856,-0.45116152373248575
5447,2.468725,2.9180433327476623,-0.4493183327476622
5448,2.4644406,2.9205140516417374,-0.4560734516417373
5449,2.4589474,2.923828382223288,-0.464880982223288
5450,2.4509778,2.9269750589858985,-0.4759972589858985
5451,2.4357846,2.9298329140860195,-0.4940483140860197
5452,2.4258792,2.931231740458388,-0.5053525404583881
5453,2.4167035,2.9311122152659,-0.5144087152658998
5454,2.4098642,2.9318926078643335,-0.5220284078643336
5455,2.3900943,2.931394966383869,-0.5413006663838691
5456,2.373606,2.929660158907611,-0.5560541589076107
5457,2.3494394,2.9284010198346238,-0.5789616198346237
5458,2.3308923,2.927134700729503,-0.5962424007295031
5459,2.3488758,2.925895170120462,-0.5770193701204618
5460,2.338039,2.92582772716048,-0.5877887271604796
5461,2.330803,2.9262819107501996,-0.5954789107501997
5462,2.3343976,2.925237321273335,-0.5908397212733352
5463,2.32827,2.9222109005617325,-0.5939409005617327
5464,2.3393466,2.919263716832192,-0.5799171168321924
5465,2.3374786,2.91642716667653,-0.5789485666765302
5466,2.3460584,2.9144498816654036,-0.5683914816654037
5467,2.3403986,2.912579400600645,-0.5721808006006452
5468,2.3426743,2.9106515038041882,-0.5679772038041881
5469,2.3470154,2.9078583806759095,-0.5608429806759094
5470,2.3386874,2.9047857552838585,-0.5660983552838585
5471,2.3369946,2.9045343617157795,-0.5675397617157794
5472,2.3217075,2.9016082658599083,-0.5799007658599082
5473,2.318052,2.8937523716979654,-0.5757003716979656
5474,2.3198733,2.8855198514050526,-0.5656465514050528
5475,2.327335,2.876480562931587,-0.5491455629315869
5476,2.323326,2.8684390109614655,-0.5451130109614657
5477,2.3337533,2.8608548207314795,-0.5271015207314793
5478,2.329105,2.8526718016021277,-0.5235668016021275
5479,2.3245587,2.8451587860365533,-0.5206000860365534
5480,2.3125675,2.838274678567,-0.525707178567
5481,2.3026516,2.832231997851514,-0.5295803978515141
5482,2.2809122,2.8264325457030335,-0.5455203457030335
5483,2.2565494,2.8210063420485723,-0.5644569420485723
5484,2.2011173,2.816536959148301,-0.615419659148301
5485,2.1782086,2.8124579448069302,-0.6342493448069302
5486,2.1685824,2.809178929307594,-0.6405965293075941
5487,2.162844,2.8065877023311727,-0.6437437023311725
5488,2.170542,2.8040040184696484,-0.6334620184696482
5489,2.1740887,2.8030327172039224,-0.6289440172039225
5490,2.1845767,2.802226355801395,-0.6176496558013951
5491,2.1971304,2.800266827504957,-0.6031364275049573
5492,2.2069855,2.7986078443047258,-0.5916223443047257
5493,2.2243326,2.7971244105271995,-0.5727918105271996
5494,2.2380655,2.796209783449222,-0.5581442834492223
5495,2.2605526,2.7969360019106255,-0.5363834019106255
5496,2.2822037,2.797864690256392,-0.515660990256392
5497,2.3051236,2.8043275995623462,-0.4992039995623463
5498,2.3303866,2.811195189431525,-0.4808085894315246
5499,2.3518622,2.8148865232661886,-0.4630243232661888
5500,2.3760202,2.8181059474959373,-0.4420857474959372
5501,2.3830795,2.819886802120446,-0.43680730212044594
5502,2.3949432,2.8204515830126256,-0.4255083830126254
5503,2.402601,2.820184051212827,-0.4175830512128269
5504,2.4162958,2.820088830116773,-0.4037930301167729
5505,2.4353333,2.820416042301058,-0.3850827423010581
5506,2.447428,2.821182901720453,-0.3737549017204529
5507,2.4600253,2.8215031363667964,-0.36147783636679653
5508,2.4775043,2.8213820825273013,-0.34387778252730117
5509,2.5022485,2.820684182671036,-0.31843568267103617
5510,2.520012,2.8198640322141473,-0.29985203221414736
5511,2.5405982,2.8192779069428533,-0.2786797069428535
5512,2.546789,2.818863375867228,-0.27207437586722794
5513,2.5637643,2.8183133073264495,-0.2545490073264496
5514,2.584343,2.8176888263289896,-0.2333458263289896
5515,2.604224,2.8171528114295317,-0.2129288114295318
5516,2.6193564,2.8168436956362766,-0.19748729563627654
5517,2.6322086,2.8173165868597874,-0.18510798685978758
5518,2.6364136,2.8177458515307134,-0.18133225153071342
5519,2.631012,2.8196891204725145,-0.1886771204725144
5520,2.6266174,2.825272976014207,-0.19865557601420658
5521,2.6129086,2.8293349648887918,-0.21642636488879186
5522,2.6055255,2.8318998927362027,-0.22637439273620252
5523,2.600053,2.8341435260377,-0.2340905260377002
5524,2.595496,2.8363426397228335,-0.2408466397228337
5525,2.5959473,2.8377944283513954,-0.2418471283513952
5526,2.5847561,2.8396742447990437,-0.25491814479904384
5527,2.5844367,2.8412159429066177,-0.2567792429066178
5528,2.5831473,2.842566879318367,-0.25941957931836734
5529,2.5840192,2.844153651013814,-0.2601344510138137
5530,2.582002,2.845827343493586,-0.2638253434935858
5531,2.5868008,2.8473658987416055,-0.2605650987416057
5532,2.5991495,2.848081508817479,-0.24893200881747912
5533,2.6027875,2.8477567869629987,-0.2449692869629989
5534,2.6086285,2.846945151226258,-0.238316651226258
5535,2.6117413,2.846774533074194,-0.23503323307419421
5536,2.6019275,2.8471824674563684,-0.24525496745636843
5537,2.5931287,2.8462209254320414,-0.2530922254320416
5538,2.5751102,2.844464013780686,-0.2693538137806857
5539,2.5615354,2.8436762706597305,-0.2821408706597306
5540,2.5521894,2.842864433813994,-0.29067503381399407
5541,2.5425174,2.8414631702998094,-0.2989457702998095
5542,2.5420969,2.84036168656463,-0.29826478656462996
5543,2.54187,2.8392998684417705,-0.29742986844177066
5544,2.5404346,2.83794518601539,-0.29751058601538993
5545,2.5358288,2.8359970083007378,-0.30016820830073776
5546,2.5313754,2.835762018632494,-0.30438661863249417
5547,2.53221,2.8372591838944947,-0.30504918389449465
5548,2.5353024,2.8382957751823064,-0.3029933751823064
5549,2.5429208,2.839235643842141,-0.2963148438421408
5550,2.5444705,2.840609416128968,-0.2961389161289678
5551,2.5524182,2.842094408653964,-0.28967620865396393
5552,2.5545154,2.844560410607976,-0.29004501060797594
5553,2.550743,2.847322764180244,-0.2965797641802439
5554,2.5534918,2.8506259917482866,-0.29713419174828637
5555,2.5526187,2.8540969177942617,-0.30147821779426165
5556,2.550925,2.8581253619169926,-0.30720036191699274
5557,2.5411355,2.8622857470367156,-0.32115024703671535
5558,2.5318637,2.8664633011392615,-0.33459960113926135
5559,2.52748,2.8710470577346867,-0.34356705773468654
5560,2.5299466,2.875690032075522,-0.3457434320755217
5561,2.5272925,2.880612202307864,-0.3533197023078638
5562,2.5416303,2.8859283230537534,-0.34429802305375334
5563,2.551943,2.8909204046539494,-0.3389774046539493
5564,2.5580173,2.89530589727426,-0.33728859727425986
5565,2.5702875,2.9015606199149135,-0.3312731199149135
5566,2.5828836,2.9085558646896303,-0.3256722646896302
5567,2.5915604,2.914530398768869,-0.322969998768869
5568,2.6025403,2.920216392323742,-0.31767609232374205
5569,2.606355,2.925474595907224,-0.3191195959072237
5570,2.6115253,2.9302958695447576,-0.3187705695447578
5571,2.616927,2.9344227802910248,-0.31749578029102477
5572,2.6247394,2.9378207582840163,-0.3130813582840162
5573,2.6314404,2.9406926608173025,-0.3092522608173027
5574,2.6364114,2.9439277012590774,-0.30751630125907736
5575,2.6463132,2.9470495659073865,-0.3007363659073867
5576,2.665209,2.94966523353546,-0.2844562335354599
5577,2.679184,2.952022873090279,-0.2728388730902793
5578,2.6878543,2.9531945412431395,-0.2653402412431394
5579,2.6911206,2.9541869997531496,-0.2630663997531495
5580,2.687694,2.9560596581173892,-0.2683656581173892
5581,2.6767578,2.9573066685306317,-0.2805488685306319
5582,2.659824,2.957862987530519,-0.29803898753051916
5583,2.645705,2.956510131942137,-0.310805131942137
5584,2.6341116,2.955923973176269,-0.321812373176269
5585,2.6293204,2.9576926037121885,-0.32837220371218834
5586,2.617132,2.9601184537884233,-0.3429864537884235
5587,2.6119037,2.9622011159314687,-0.3502974159314687
5588,2.6120377,2.9632464180331772,-0.3512087180331771
5589,2.6048138,2.964204732231022,-0.35939093223102203
5590,2.6045706,2.9650662120217173,-0.3604956120217171
5591,2.613959,2.9656945430978277,-0.35173554309782773
5592,2.605921,2.9661682822481894,-0.36024728224818947
5593,2.6128976,2.966595617155649,-0.35369801715564897
5594,2.621774,2.9671282373063477,-0.34535423730634784
5595,2.620504,2.967918593375416,-0.347414593375416
5596,2.6205003,2.96872314911936,-0.3482228491193604
5597,2.620498,2.9700274168566065,-0.34952941685660655
5598,2.6204963,2.970827879378691,-0.35033157937869097
5599,2.6204953,2.9699752791671967,-0.34947997916719675
5600,2.620495,2.9686801980361035,-0.3481851980361035
5601,2.6204948,2.967251682875897,-0.3467568828758969
5602,2.6204948,2.9657360716887498,-0.34524127168874985
5603,2.6204946,2.9643930823425113,-0.3438984823425115
5604,2.6204944,2.960557464270194,-0.34006306427019384
5605,2.6204934,2.9537927152341945,-0.33329931523419454
5606,2.6204915,2.9471071109900113,-0.32661561099001135
5607,2.6204891,2.9408753418784324,-0.32038624187843245
5608,2.6204853,2.935002149239594,-0.314516849239594
5609,2.630297,2.9294134648259327,-0.29911646482593257
5610,2.650494,2.9243161782878477,-0.2738221782878476
5611,2.6603534,2.919344431530813,-0.25899103153081304
5612,2.6805725,2.9144636781948465,-0.23389117819484673
5613,2.6900885,2.909740405107168,-0.21965190510716814
5614,2.7011697,2.905220079218322,-0.20405037921832214
5615,2.7120426,2.9009272023704984,-0.1888846023704982
5616,2.7234225,2.8964126837305813,-0.1729901837305814
5617,2.7305286,2.8942609935786696,-0.16373239357866964
5618,2.737028,2.895188030611025,-0.1581600306110249
5619,2.7437549,2.895567335461105,-0.151812435461105
5620,2.7488437,2.894367163880373,-0.14552346388037307
5621,2.7612293,2.8927429493704104,-0.13151364937041032
5622,2.7613046,2.8908313984682907,-0.12952679846829085
5623,2.7617972,2.8883691311115176,-0.12657193111151743
5624,2.7608478,2.885796718798346,-0.12494891879834613
5625,2.7516239,2.8842221196788147,-0.1325982196788149
5626,2.739683,2.882793455279377,-0.14311045527937694
5627,2.7367728,2.880412356032468,-0.14363955603246836
5628,2.7335095,2.8777837839989084,-0.14427428399890863
5629,2.72092,2.8754741300403603,-0.15455413004036034
5630,2.719586,2.873310860729969,-0.15372486072996905
5631,2.7164536,2.8711170187796853,-0.15466341877968537
5632,2.7073593,2.8704025739930086,-0.16304327399300877
5633,2.6991305,2.8690274991349223,-0.1698969991349224
5634,2.686069,2.8660697700347355,-0.1800007700347357
5635,2.6886585,2.862911861854299,-0.17425336185429918
5636,2.6883752,2.859974862222514,-0.17159966222251422
5637,2.6864154,2.8575424686034165,-0.17112706860341653
5638,2.6916504,2.8556610901364485,-0.16401069013644864
5639,2.689233,2.8544764696227425,-0.16524346962274228
5640,2.6819272,2.8536268278179713,-0.1716996278179712
5641,2.6700222,2.853242441356261,-0.18322024135626114
5642,2.6621137,2.8526500523058225,-0.19053635230582255
5643,2.6693497,2.8509711143804037,-0.18162141438040358
5644,2.6714957,2.8482327654546697,-0.17673706545466983
5645,2.6755753,2.8447666101378033,-0.16919131013780309
5646,2.6824253,2.8409222838710333,-0.1584969838710335
5647,2.69418,2.8368617192330863,-0.14268171923308648
5648,2.7083097,2.832572718196694,-0.12426301819669394
5649,2.720326,2.828315418117559,-0.10798941811755913
5650,2.737019,2.8245543131760575,-0.08753531317605745
5651,2.7491248,2.8206825382424046,-0.07155773824240441
5652,2.7659106,2.8175378276414986,-0.05162722764149841
5653,2.7810552,2.8166445387925583,-0.03558933879255832
5654,2.7796264,2.8160516113288474,-0.03642521132884724
5655,2.7790794,2.814115835550579,-0.035036435550579004
5656,2.7786388,2.8126076275552614,-0.03396882755526143
5657,2.7782924,2.8116221801555947,-0.03332978015559451
5658,2.7780292,2.8149673599082625,-0.036938159908262325
5659,2.777838,2.8200206965893586,-0.04218269658935858
5660,2.7777069,2.8222513341714324,-0.04454443417143228
5661,2.7776246,2.8239179232323224,-0.04629332323232216
5662,2.77758,2.8258433841767547,-0.0482633841767548
5663,2.7775614,2.828425286580024,-0.05086388658002372
5664,2.779045,2.8314849451833246,-0.05243994518332462
5665,2.775163,2.8340304944076373,-0.05886749440763728
5666,2.7819443,2.8368005617496457,-0.05485626174964553
5667,2.7817688,2.8406736574711084,-0.05890485747110841
5668,2.7770855,2.8449544492361953,-0.06786894923619524
5669,2.7662778,2.8480021961169966,-0.08172439611699645
5670,2.7580087,2.850784046063892,-0.09277534606389182
5671,2.7706964,2.853850840080051,-0.08315444008005102
5672,2.781264,2.8569178656236005,-0.07565386562360032
5673,2.784342,2.859768164573567,-0.07542616457356699
5674,2.8000195,2.8627495309134274,-0.06273003091342755
5675,2.8037763,2.8663337097383397,-0.06255740973833968
5676,2.8032901,2.8704726959531595,-0.06718259595315956
5677,2.8091528,2.877832260138626,-0.0686794601386258
5678,2.808754,2.8861173355755745,-0.07736333557557451
5679,2.8120673,2.8924708329202606,-0.08040353292026081
5680,2.8206592,2.8985126334564035,-0.07785343345640339
5681,2.8246384,2.904412758101229,-0.07977435810122913
5682,2.824766,2.9105168391373653,-0.08575083913736536
5683,2.822584,2.916272797614943,-0.0936887976149432
5684,2.8287976,2.9216497454911776,-0.09285214549117748
5685,2.8284695,2.926784769629169,-0.0983152696291687
5686,2.827252,2.9319616826328496,-0.10470968263284952
5687,2.7986941,2.9378327878060997,-0.13913868780609961
5688,2.7932956,2.942697074887444,-0.14940147488744415
5689,2.786729,2.945970705653391,-0.15924170565339102
5690,2.7914386,2.9492311989838433,-0.15779259898384312
5691,2.7853131,2.9523911927948316,-0.16707809279483143
5692,2.776898,2.9557292173764256,-0.1788312173764255
5693,2.7664664,2.9611978514426167,-0.1947314514426166
5694,2.7652576,2.966673894992787,-0.20141629499278713
5695,2.770352,2.970225239376251,-0.199873239376251
5696,2.7697372,2.973593651375552,-0.20385645137555208
5697,2.7732654,2.976905480517318,-0.20364008051731775
5698,2.7696457,2.980220963224104,-0.21057526322410425
5699,2.7980106,2.983405257663926,-0.18539465766392604
5700,2.804645,2.986709296062168,-0.18206429606216812
5701,2.8120542,2.9901780959544437,-0.17812389595444378
5702,2.8074527,2.994270638899731,-0.1868179388997313
5703,2.8120258,2.9983333053021033,-0.1863075053021035
5704,2.8179212,3.0020621498358357,-0.18414094983583595
5705,2.8212903,3.00590319141521,-0.1846128914152101
5706,2.8115442,3.0098194017528415,-0.1982752017528413
5707,2.8099234,3.0138679004392444,-0.20394450043924417
5708,2.818623,3.017657598113152,-0.19903459811315205
5709,2.8167813,3.0213381515963724,-0.20455685159637227
5710,2.8158286,3.0260994749807675,-0.21027087498076735
5711,2.8175724,3.029993457985794,-0.21242105798579392
5712,2.8213217,3.0325799216432854,-0.21125822164328545
5713,2.8210766,3.034677246483887,-0.21360064648388688
5714,2.8420956,3.0361047941715693,-0.19400919417156937
5715,2.8431363,3.0370546535272505,-0.19391835352725062
5716,2.8546185,3.037876657095091,-0.18325815709509108
5717,2.8513412,3.0386615948290148,-0.18732039482901497
5718,2.8594372,3.039512117247526,-0.18007491724752622
5719,2.8671854,3.0398603117105556,-0.1726749117105557
5720,2.867786,3.039445351228528,-0.17165935122852805
5721,2.8702557,3.0387893559541754,-0.16853365595417547
5722,2.8749356,3.0380829932885494,-0.16314739328854921
5723,2.8812726,3.037662869978729,-0.15639026997872918
5724,2.8938,3.036752796300743,-0.14295279630074287
5725,2.9012637,3.03558729355677,-0.13432359355677015
5726,2.9067645,3.0349177867778043,-0.12815328677780435
5727,2.8981857,3.033438818182512,-0.13525311818251184
5728,2.9044244,3.0315009768565218,-0.12707657685652185
5729,2.9080353,3.0291655256685646,-0.12113022566856468
5730,2.9047012,3.0261647925065778,-0.1214635925065779
5731,2.8976114,3.0226159304120244,-0.1250045304120242
5732,2.8871655,3.0189441263011414,-0.13177862630114134
5733,2.9011142,3.014490638631645,-0.11337643863164493
5734,2.8948398,3.0094940027435184,-0.11465420274351823
5735,2.9007754,3.0037407119684785,-0.10296531196847836
5736,2.901427,2.998223226668075,-0.09679622666807486
5737,2.8955133,2.9929065996935034,-0.09739329969350319
5738,2.8968778,2.9873160202355233,-0.09043822023552339
5739,2.8962,2.9816967843298445,-0.08549678432984464
5740,2.889413,2.9759743772104246,-0.08656137721042478
5741,2.87242,2.9702454507723037,-0.09782545077230376
5742,2.826477,2.964528957582456,-0.13805195758245592
5743,2.7871344,2.9590229954701286,-0.1718885954701288
5744,2.7592773,2.9532903777842554,-0.19401307778425547
5745,2.7407858,2.947930549095775,-0.20714474909577518
5746,2.7217395,2.9426974010986413,-0.22095790109864133
5747,2.7114062,2.9378546170479516,-0.2264484170479517
5748,2.7006989,2.9335045221702827,-0.23280562217028278
5749,2.6974835,2.9297702286312965,-0.2322867286312964
5750,2.6981528,2.92648124618322,-0.22832844618322
5751,2.6792264,2.923911602313261,-0.24468520231326085
5752,2.6758924,2.922074385591262,-0.24618198559126192
5753,2.66219,2.921196367555249,-0.2590063675552492
5754,2.652201,2.9215455466355706,-0.26934454663557084
5755,2.6315787,2.9219972052398564,-0.29041850523985646
5756,2.6130512,2.9228613723787245,-0.3098101723787243
5757,2.5883157,2.9238466800519896,-0.33553098005198967
5758,2.574489,2.9260820650592008,-0.35159306505920096
5759,2.569204,2.928481114651289,-0.359277114651289
5760,2.5625153,2.9300197919962727,-0.3675044919962729
5761,2.5391705,2.93181300620851,-0.39264250620851016
5762,2.5268075,2.9337103298173814,-0.4069028298173816
5763,2.5175204,2.9357728289244864,-0.41825242892448644
5764,2.4862475,2.938929393705436,-0.452681893705436
5765,2.4821625,2.9437763867581603,-0.4616138867581605
5766,2.486822,2.9483176974986613,-0.46149569749866126
5767,2.4997067,2.9523910199937005,-0.4526843199937005
5768,2.5133145,2.9573903749705104,-0.4440758749705105
5769,2.541262,2.961959904643621,-0.420697904643621
5770,2.5754275,2.9669975752631936,-0.39157007526319365
5771,2.5993369,2.9730529565794126,-0.37371605657941265
5772,2.6165466,2.9783773188358733,-0.36183071883587337
5773,2.6432571,2.983815458845014,-0.34055835884501384
5774,2.6661563,2.988533226161061,-0.32237692616106095
5775,2.6812744,2.9932253634567036,-0.3119509634567037
5776,2.7116818,2.9977209170732206,-0.2860391170732206
5777,2.7368557,3.002558183705612,-0.2657024837056121
5778,2.7556903,3.0088197441048123,-0.2531294441048124
5779,2.7759616,3.0158751767140486,-0.23991357671404856
5780,2.7854733,3.021796149498288,-0.23632284949828808
5781,2.8163278,3.0267792626078496,-0.21045146260784975
5782,2.8232346,3.0303638677254696,-0.20712926772546947
5783,2.833254,3.035274694366558,-0.20202069436655767
5784,2.8404715,3.0410924277033127,-0.20062092770331263
5785,2.8479102,3.0464531131662773,-0.19854291316627748
5786,2.848696,3.0519120968637776,-0.20321609686377773
5787,2.8525097,3.057524106102597,-0.2050144061025967
5788,2.8515592,3.0653850958559468,-0.2138258958559467
5789,2.8578808,3.0759704803349672,-0.218089680334967
5790,2.858066,3.0849929424881446,-0.2269269424881446
5791,2.8635275,3.0921176276656794,-0.22859012766567943
5792,2.8663068,3.0982990041496468,-0.23199220414964694
5793,2.8675897,3.1036497849669034,-0.23606008496690345
5794,2.8666632,3.107726769908059,-0.241063569908059
5795,2.853522,3.109922882065208,-0.25640088206520817
5796,2.836561,3.1106659424721603,-0.2741049424721602
5797,2.8114111,3.110477728186307,-0.29906662818630725
5798,2.7826538,3.109286504230614,-0.3266327042306143
5799,2.7494202,3.1066830777057004,-0.35726287770570053
5800,2.7370486,3.1028035341049467,-0.36575493410494664
5801,2.7207391,3.098360811162891,-0.3776217111628912
5802,2.7103653,3.0932001725458744,-0.38283487254587456
5803,2.7180524,3.0872529126442276,-0.3692005126442277
5804,2.7037518,3.0820288005402943,-0.37827700054029423
5805,2.6870248,3.075664120356562,-0.3886393203565617
5806,2.6694565,3.068902318219619,-0.3994458182196192
5807,2.6494882,3.0618359702091054,-0.4123477702091054
5808,2.6248126,3.054106974804217,-0.42929437480421706
5809,2.5953577,3.0452091360562403,-0.44985143605624023
5810,2.565628,3.0352596417902147,-0.4696316417902149
5811,2.5430417,3.0251865952129338,-0.4821448952129339
5812,2.531603,3.014583198703444,-0.4829801987034439
5813,2.5095618,3.003122499888797,-0.4935606998887967
5814,2.4979117,2.991009302251194,-0.4930976022511939
5815,2.4855173,2.9785425919433752,-0.4930252919433751
5816,2.4771914,2.9660709391330036,-0.4888795391330034
5817,2.4688241,2.9538971155343714,-0.48507301553437143
5818,2.4648993,2.9417184739730997,-0.4768191739730998
5819,2.466581,2.9286890951804514,-0.46210809518045126
5820,2.484873,2.9158681029418076,-0.43099510294180776
5821,2.4836438,2.903259696665131,-0.4196158966651313
5822,2.4703064,2.8899828441733457,-0.4196764441733456
5823,2.4634955,2.8793608724690185,-0.41586537246901845
5824,2.4592526,2.869364899802895,-0.41011229980289476
5825,2.4612079,2.8588137406896403,-0.39760584068964056
5826,2.462385,2.847655025277827,-0.38527002527782717
5827,2.4695795,2.8372992107806336,-0.3677197107806336
5828,2.4713352,2.828201797006654,-0.356866597006654
5829,2.4766104,2.8193638313254086,-0.34275343132540836
5830,2.4849002,2.8110342330164904,-0.3261340330164906
5831,2.4979095,2.803119019774502,-0.30520951977450217
5832,2.504861,2.7952456851846916,-0.2903846851846916
5833,2.5241666,2.787668197600098,-0.26350159760009806
5834,2.532922,2.781487854053923,-0.24856585405392284
5835,2.5380728,2.7777329312238557,-0.23966013122385554
5836,2.5393567,2.7735172659666714,-0.23416056596667145
5837,2.53503,2.7696492074267267,-0.23461920742672682
5838,2.53542,2.765217601980126,-0.22979760198012622
5839,2.522534,2.762932417007208,-0.2403984170072082
5840,2.5084665,2.7601765349315075,-0.25171003493150756
5841,2.4912643,2.758007192888608,-0.26674289288860775
5842,2.4848294,2.7553621183524366,-0.2705327183524364
5843,2.4690006,2.7527957149962115,-0.28379511499621124
5844,2.4559903,2.7506001631586914,-0.29460986315869153
5845,2.4506137,2.7483119874564483,-0.29769828745644844
5846,2.448579,2.746239613223818,-0.297660613223818
5847,2.4440656,2.7446041007416726,-0.30053850074167254
5848,2.4451828,2.74400955710726,-0.29882675710726003
5849,2.4504635,2.7440548270427185,-0.2935913270427184
5850,2.4572177,2.7445601332973184,-0.28734243329731823
5851,2.464458,2.7454179432223373,-0.2809599432223373
5852,2.466994,2.7468650678360147,-0.27987106783601456
5853,2.4731162,2.749585931031093,-0.2764697310310926
5854,2.481829,2.752618716291498,-0.2707897162914983
5855,2.482182,2.7553328268895805,-0.2731508268895806
5856,2.4844034,2.758103016682517,-0.27369961668251674
5857,2.4845548,2.7609508448879665,-0.2763960448879663
5858,2.4812567,2.764021887244216,-0.28276518724421607
5859,2.477564,2.767196111416477,-0.28963211141647704
5860,2.476762,2.770458397424109,-0.2936963974241089
5861,2.490921,2.7742699173302126,-0.2833489173302124
5862,2.501138,2.7786798880698003,-0.2775418880698002
5863,2.5172565,2.7861194907485727,-0.2688629907485729
5864,2.5325885,2.7940964233913506,-0.2615079233913504
5865,2.5585272,2.8014558444403783,-0.24292864444037843
5866,2.5863953,2.8078808335297816,-0.22148553352978162
5867,2.6136997,2.814449126165,-0.2007494261649998
5868,2.6461139,2.821352017068574,-0.17523811706857417
5869,2.6733356,2.8295347161319913,-0.1561991161319911
5870,2.6978726,2.836740828752492,-0.1388682287524916
5871,2.7267926,2.843816463293466,-0.11702386329346615
5872,2.7422223,2.850344290700191,-0.1081219907001909
5873,2.7581155,2.8566792602393365,-0.09856376023933633
5874,2.7735476,2.863345823767995,-0.08979822376799484
5875,2.7830722,2.8704070322166766,-0.0873348322166767
5876,2.795517,2.8777223231556075,-0.08220532315560769
5877,2.8055093,2.8846462497514183,-0.07913694975141805
5878,2.816404,2.8915489502144314,-0.07514495021443146
5879,2.8291385,2.898760517111027,-0.06962201711102711
5880,2.8395832,2.906609842961831,-0.06702664296183114
5881,2.854925,2.913889376144485,-0.05896437614448491
5882,2.8672082,2.920513586668887,-0.05330538666888707
5883,2.8699963,2.9268461319046333,-0.05684983190463333
5884,2.8710346,2.934258687703003,-0.06322408770300258
5885,2.8761055,2.940339999583861,-0.06423449958386085
5886,2.8844361,2.9452236909119596,-0.06078759091195973
5887,2.8952882,2.9497705576991713,-0.05448235769917131
5888,2.9079237,2.9538077152617244,-0.045884015261724365
5889,2.921605,2.957476491632793,-0.03587149163279291
5890,2.935594,2.960641875872497,-0.025047875872497016
5891,2.9491532,2.962742637821556,-0.013589437821555972
5892,2.9615438,2.9635062864921538,-0.0019624864921539142
5893,2.9720287,2.9643488926729096,0.007679807327090504
5894,2.979872,2.9652106188745346,0.014661381125465223
5895,2.984331,2.965388534451415,0.01894246554858503
5896,2.9890976,2.9652412339284973,0.023856366071502766
5897,3.0006595,2.964892708365838,0.035766791634161965
5898,3.015845,2.9642894893110787,0.05155551068892139
5899,3.0263193,2.9628700665457246,0.06344923345427533
5900,3.0434494,2.9610219147277292,0.08242748527227084
5901,3.051178,2.959470783374676,0.09170721662532433
5902,3.058985,2.9586088863145923,0.10037611368540755
5903,3.063991,2.9580987585748235,0.10589224142517661
5904,3.0645828,2.9574553138809363,0.10712748611906386
5905,3.0570996,2.9569436574684245,0.10015594253157545
5906,3.0507169,2.956975725761459,0.093741174238541
5907,3.0435562,2.959184452441107,0.08437174755889298
5908,3.0323398,2.9619515314313927,0.07038826856860725
5909,3.0182974,2.964145088861802,0.05415231113819763
5910,2.9999979,2.965283144659569,0.03471475534043078
5911,2.9791467,2.964795330157576,0.0143513698424238
5912,2.9619184,2.964616774674952,-0.002698374674952042
5913,2.9462345,2.9646749233141376,-0.018440423314137533
5914,2.9337845,2.965343371997618,-0.03155887199761809
5915,2.926941,2.9662241258867375,-0.03928312588673766
5916,2.9237149,2.9671021484877684,-0.04338724848776865
5917,2.9268918,2.9680713070872424,-0.041179507087242495
5918,2.9318335,2.970102841146714,-0.038269341146713654
5919,2.9399707,2.9723379135950854,-0.03236721359508543
5920,2.9491153,2.974899694609526,-0.025784394609526196
5921,2.958327,2.9785188943569594,-0.020191894356959228
5922,2.9677615,2.982335033700912,-0.014573533700911856
5923,2.9757745,2.986125198275937,-0.010350698275936931
5924,2.9835904,2.9900856768390995,-0.00649527683909934
5925,2.987807,2.993933996243152,-0.00612699624315205
5926,2.9942703,2.9982082619328403,-0.003937961932840128
5927,3.00343,3.0025173187553142,0.0009126812446855759
5928,3.0142398,3.0070323483780204,0.007207451621979555
5929,3.0265002,3.011934532194314,0.014565667805686022
5930,3.038026,3.0170106039564573,0.021015396043542633
5931,3.0521634,3.0223887341839735,0.029774665816026502
5932,3.0626733,3.027776282836141,0.03489701716385918
5933,3.0645773,3.0334043921557696,0.031172907844230213
5934,3.067387,3.0397678172705174,0.027619182729482716
5935,3.0680258,3.046371117613925,0.02165468238607504
5936,3.0646527,3.052924472553382,0.011728227446617723
5937,3.0631268,3.059560498002696,0.003566301997304233
5938,3.059953,3.0664054269980867,-0.006452426998086569
5939,3.0575244,3.073597121759587,-0.016072721759587072
5940,3.0528195,3.0810901131518076,-0.028270613151807567
5941,3.0514123,3.088438187803676,-0.037025887803676216
5942,3.0496204,3.0957532851092515,-0.04613288510925173
5943,3.0456653,3.1029382315298673,-0.05727293152986723
5944,3.0439038,3.110001416302524,-0.0660976163025242
5945,3.043359,3.1165958618374314,-0.07323686183743128
5946,3.046549,3.1225624987528153,-0.07601349875281516
5947,3.0468597,3.128127257456891,-0.08126755745689085
5948,3.0531955,3.133206013561827,-0.08001051356182698
5949,3.0663311,3.137698010946732,-0.07136691094673164
5950,3.0770612,3.1417478771141996,-0.0646866771141994
5951,3.0897229,3.145428256292864,-0.055705356292864217
5952,3.0989826,3.14862017013406,-0.049637570134060116
5953,3.089446,3.151465699501813,-0.06201969950181274
5954,3.050185,3.153958088878526,-0.10377308887852621
5955,3.010709,3.155866623131134,-0.145157623131134
5956,2.971681,3.157197681775832,-0.18551668177583203
5957,2.9337628,3.158035317355784,-0.22427251735578402
5958,2.8976164,3.158575353474916,-0.26095895347491593
5959,2.8639045,3.1588917320277083,-0.2949872320277085
5960,2.8332884,3.158131048982271,-0.32484264898227133
5961,2.8064308,3.156300206399024,-0.3498694063990242
5962,2.7839935,3.153912871532865,-0.36991937153286525
5963,2.7666392,3.1511986865984336,-0.3845594865984334
5964,2.7550294,3.14799193835042,-0.3929625383504196
5965,2.7498267,3.144234424155557,-0.394407724155557
5966,2.7509677,3.1399776302673588,-0.38900993026735886
5967,2.7526767,3.1353896077291328,-0.3827129077291329
5968,2.7606146,3.130384874641058,-0.36977027464105827
5969,2.7681994,3.1251382197457294,-0.3569388197457295
5970,2.771566,3.1193016185993363,-0.3477356185993363
5971,2.7700982,3.1127077629936895,-0.3426095629936894
5972,2.7662556,3.105465263900895,-0.339209663900895
5973,2.7602336,3.0975484327050298,-0.33731483270502993
5974,2.7522287,3.0888967163139185,-0.3366680163139186
5975,2.7424366,3.079196459777418,-0.33675985977741796
5976,2.7310536,3.0684493654617846,-0.3373957654617845
5977,2.7182755,3.0572243679165854,-0.3389488679165855
5978,2.7042928,3.045657293625876,-0.34136449362587573
5979,2.6893122,3.032691213798492,-0.3433790137984922
5980,2.673525,3.018295949359038,-0.34477094935903807
5981,2.657127,3.0041843927625074,-0.34705739276250736
5982,2.6403139,2.9900533461444043,-0.3497394461444041
5983,2.623282,2.9753978219345516,-0.3521158219345515
5984,2.6062276,2.9608465002064808,-0.3546189002064808
5985,2.5893462,2.9469547230122695,-0.3576085230122694
5986,2.5728343,2.933406382200506,-0.3605720822005063
5987,2.5580432,2.920202107703069,-0.3621589077030687
5988,2.5668628,2.9080162859681664,-0.3411534859681664
5989,2.5543475,2.8963474586511175,-0.34199995865111754
5990,2.539249,2.8848190371163986,-0.3455700371163988
5991,2.5192587,2.873481296116477,-0.3542225961164771
5992,2.5081449,2.8615916936882697,-0.3534467936882697
5993,2.4984806,2.849625813800011,-0.35114521380001085
5994,2.4845166,2.8383136823049933,-0.3537970823049932
5995,2.481393,2.827907120756258,-0.34651412075625787
5996,2.4696667,2.8179970313993326,-0.34833033139933267
5997,2.4647522,2.8089290636582156,-0.34417686365821565
5998,2.4718802,2.8013092872125824,-0.32942908721258224
5999,2.4816852,2.79437119128247,-0.31268599128247
6000,2.472279,2.7878598652861553,-0.31558086528615537
6001,2.460726,2.782268024423221,-0.3215420244232208
6002,2.4474182,2.777313502032092,-0.32989530203209183
6003,2.4368176,2.7726767358122903,-0.33585913581229043
6004,2.4253845,2.7691006713281725,-0.34371617132817267
6005,2.4126794,2.7658996325320846,-0.35322023253208457
6006,2.3965106,2.7630684026002603,-0.3665578026002603
6007,2.3824344,2.7610013582230963,-0.37856695822309616
6008,2.3635025,2.7590804151607613,-0.39557791516076124
6009,2.3463483,2.757223650586907,-0.4108753505869074
6010,2.3219113,2.7551459340950686,-0.43323463409506857
6011,2.3072445,2.753495816723553,-0.4462513167235529
6012,2.3234427,2.752851324831238,-0.4294086248312379
6013,2.3094003,2.7526701154311723,-0.4432698154311723
6014,2.3093402,2.752744588141624,-0.4434043881416243
6015,2.2993991,2.7530714593071166,-0.4536723593071166
6016,2.3011136,2.7536319038821873,-0.4525183038821874
6017,2.281954,2.7541749503997788,-0.47222095039977896
6018,2.2697232,2.756096409679888,-0.48637320967988806
6019,2.2522812,2.7591601730219497,-0.5068789730219496
6020,2.2459695,2.7621834433737016,-0.5162139433737014
6021,2.249371,2.765183699999654,-0.5158126999996542
6022,2.2513897,2.768157210136339,-0.5167675101363391
6023,2.25605,2.7710365763779117,-0.5149865763779116
6024,2.2653592,2.7741718344715833,-0.5088126344715835
6025,2.28736,2.778671498390487,-0.49131149839048716
6026,2.3039975,2.783672893227096,-0.47967539322709607
6027,2.3218973,2.7902340863193253,-0.4683367863193255
6028,2.3284543,2.796679362144888,-0.4682250621448878
6029,2.3499997,2.8039073822740685,-0.4539076822740684
6030,2.3847885,2.810444418185896,-0.4256559181858961
6031,2.412662,2.8167923042871075,-0.4041303042871074
6032,2.4459424,2.822838232133207,-0.376895832133207
6033,2.471188,2.8298986469574343,-0.35871064695743415
6034,2.4990811,2.837963767167722,-0.33888266716772186
6035,2.5137448,2.8461888174048857,-0.3324440174048857
6036,2.5383465,2.8542929151940695,-0.31594641519406963
6037,2.549773,2.8624839265166453,-0.3127109265166452
6038,2.5715191,2.8710338920259644,-0.2995147920259642
6039,2.5865924,2.8798546647974077,-0.2932622647974079
6040,2.5911899,2.888408403354733,-0.297218503354733
6041,2.607967,2.896349874144554,-0.288382874144554
6042,2.6152616,2.909383850254701,-0.29412225025470073
6043,2.6363482,2.9210340949132036,-0.2846858949132036
6044,2.6593628,2.9263446746909834,-0.26698187469098356
6045,2.6654859,2.932917075960275,-0.267431175960275
6046,2.6861606,2.939304205564854,-0.25314360556485394
6047,2.7039075,2.9445015753453725,-0.24059407534537236
6048,2.7149463,2.949073288405823,-0.23412698840582324
6049,2.7262866,2.9526120248119505,-0.22632542481195062
6050,2.738605,2.955260019757454,-0.21665501975745372
6051,2.7565951,2.9570562506999654,-0.20046115069996517
6052,2.7696292,2.9575653946901173,-0.18793619469011746
6053,2.7672708,2.957215206151072,-0.189944406151072
6054,2.7765198,2.956435382910307,-0.17991558291030696
6055,2.775589,2.955344458711869,-0.17975545871186904
6056,2.787821,2.9535878525304065,-0.16576685253040635
6057,2.7915485,2.9507290019535684,-0.15918050195356814
6058,2.7844272,2.9472649705079537,-0.16283777050795356
6059,2.7763028,2.943368556186566,-0.16706575618656627
6060,2.777106,2.939484574426959,-0.16237857442695924
6061,2.7742398,2.9356428963327774,-0.16140309633277727
6062,2.780062,2.9311324594388086,-0.1510704594388086
6063,2.7800674,2.926379510904211,-0.1463121109042107
6064,2.7754996,2.9214185238622035,-0.14591892386220362
6065,2.7740903,2.9159992457455686,-0.14190894574556845
6066,2.7703836,2.9100845672604843,-0.1397009672604841
6067,2.770982,2.9042683207109556,-0.13328632071095559
6068,2.770414,2.898180772346885,-0.12776677234688494
6069,2.7647977,2.8920722244500707,-0.12727452445007081
6070,2.7564425,2.8859523644670952,-0.12950986446709534
6071,2.7396557,2.879352975095982,-0.13969727509598195
6072,2.728388,2.8801572584796262,-0.1517692584796264
6073,2.7092001,2.8837318314262324,-0.17453173142623246
6074,2.7016819,2.8825296183938773,-0.18084771839387725
6075,2.6928394,2.8838949727202414,-0.19105557272024143
6076,2.6973202,2.886305306091343,-0.188985106091343
6077,2.6979272,2.8873020699745093,-0.18937486997450925
6078,2.7048993,2.888128670583919,-0.18322937058391897
6079,2.6934674,2.887972255272975,-0.19450485527297534
6080,2.6908352,2.8873942089384714,-0.19655900893847145
6081,2.692022,2.8875036215811587,-0.19548162158115856
6082,2.6910706,2.8879374603855927,-0.19686686038559253
6083,2.686592,2.888242148009314,-0.20165014800931402
6084,2.6830618,2.8886099729524473,-0.20554817295244732
6085,2.6785626,2.889132449693339,-0.21056984969333925
6086,2.6849463,2.891105001159326,-0.206158701159326
6087,2.6848667,2.893287292932756,-0.20842059293275605
6088,2.6839218,2.894266508003184,-0.21034470800318417
6089,2.6813867,2.8953303481934767,-0.21394364819347667
6090,2.6875317,2.8968928509229874,-0.20936115092298735
6091,2.6973813,2.8999043495018753,-0.20252304950187527
6092,2.7076972,2.9043568281705494,-0.19665962817054927
6093,2.7214606,2.908596008122276,-0.18713540812227603
6094,2.7313733,2.9127285174250632,-0.18135521742506322
6095,2.7367923,2.916978869691033,-0.18018656969103297
6096,2.7323968,2.921104659825349,-0.1887078598253491
6097,2.73629,2.9251872325075277,-0.18889723250752777
6098,2.7388523,2.9294464053639415,-0.1905941053639415
6099,2.741527,2.93389760429924,-0.1923706042992399
6100,2.7631357,2.938851623137788,-0.17571592313778828
6101,2.784877,2.9437593288393806,-0.1588823288393808
6102,2.7906854,2.9482295867477064,-0.15754418674770632
6103,2.790493,2.9525959626656473,-0.16210296266564717
6104,2.790182,2.956876821272039,-0.16669482127203894
6105,2.7897758,2.9614195260930014,-0.17164372609300127
6106,2.7892976,2.965787331097597,-0.17648973109759725
6107,2.7887702,2.9695097573624314,-0.1807395573624313
6108,2.7882168,2.9729810217539594,-0.18476422175395957
6109,2.7876606,2.9764823522430692,-0.18882175224306907
6110,2.7871244,2.979585220814257,-0.19246082081425664
6111,2.7866318,2.9821273799214616,-0.19549557992146172
6112,2.7862053,2.9845216968354955,-0.1983163968354953
6113,2.7858684,2.9866898425691453,-0.20082144256914525
6114,2.7856443,2.9884438452044226,-0.20279954520442267
6115,2.7866278,2.9898646159207116,-0.2032368159207114
6116,2.7908359,2.990438684003887,-0.1996027840038872
6117,2.791239,2.9902973491590705,-0.1990583491590705
6118,2.7948303,2.989559897633672,-0.19472959763367204
6119,2.7783127,2.9877108300160886,-0.20939813001608876
6120,2.7563684,2.986376742197677,-0.23000834219767707
6121,2.7423193,2.983382225192272,-0.24106292519227202
6122,2.724836,2.9793483951824458,-0.25451239518244595
6123,2.729356,2.9765211357734658,-0.24716513577346566
6124,2.688833,2.973559838884089,-0.28472683888408934
6125,2.6349902,2.969174610317004,-0.33418441031700397
6126,2.6112049,2.963996761654723,-0.352791861654723
6127,2.6024857,2.957889324400697,-0.3554036244006973
6128,2.5970023,2.9510072784204144,-0.35400497842041423
6129,2.5797665,2.9432694416888827,-0.36350294168888286
6130,2.5991974,2.934776475152673,-0.33557907515267305
6131,2.5966403,2.9252697919678408,-0.32862949196784097
6132,2.5800748,2.914604376583163,-0.3345295765831633
6133,2.5564525,2.9032352943412043,-0.3467827943412045
6134,2.5558877,2.891483748576654,-0.33559604857665404
6135,2.554661,2.8797949053890077,-0.3251339053890079
6136,2.5528855,2.867887936442611,-0.31500243644261117
6137,2.5506752,2.854378908224384,-0.30370370822438364
6138,2.5481431,2.8396657566460037,-0.29152265664600385
6139,2.545403,2.8245799507715423,-0.2791769507715425
6140,2.5425682,2.8093607879620635,-0.2667925879620636
6141,2.5397522,2.7948341514843142,-0.2550819514843141
6142,2.5370688,2.7813116432962643,-0.24424284329626422
6143,2.534631,2.767962610765045,-0.23333161076504494
6144,2.532552,2.7547613891657585,-0.2222093891657586
6145,2.530946,2.7426864134902726,-0.2117404134902725
6146,2.5299275,2.732218254624221,-0.20229075462422097
6147,2.530065,2.723568107416598,-0.19350310741659804
6148,2.547263,2.717605760873868,-0.17034276087386813
6149,2.5401514,2.7122654856575057,-0.17211408565750563
6150,2.5416837,2.7065661286542686,-0.1648824286542685
6151,2.5269644,2.700386599146169,-0.17342219914616885
6152,2.5028653,2.694198649191414,-0.1913333491914142
6153,2.4897625,2.688564432624054,-0.198801932624054
6154,2.4787564,2.683604794671163,-0.204848394671163
6155,2.4635205,2.679757882144803,-0.21623738214480293
6156,2.4556863,2.6763398813002124,-0.2206535813002124
6157,2.4545245,2.67326919656898,-0.21874469656897988
6158,2.443208,2.6716642133664914,-0.22845621336649158
6159,2.427525,2.6717037517336495,-0.24417875173364934
6160,2.412058,2.672791186414936,-0.26073318641493604
6161,2.3995633,2.6745337696300475,-0.27497046963004745
6162,2.39613,2.676290719256608,-0.280160719256608
6163,2.3972516,2.6785540417431197,-0.2813024417431196
6164,2.3989093,2.681164755241902,-0.28225545524190165
6165,2.4047296,2.6857868134294347,-0.2810572134294347
6166,2.4129596,2.6921079205886516,-0.27914832058865136
6167,2.4233017,2.6992817413829133,-0.2759800413829132
6168,2.4317245,2.706238574764441,-0.2745140747644408
6169,2.4373004,2.713394989323916,-0.2760945893239164
6170,2.4252179,2.7215272415640976,-0.29630934156409783
6171,2.4344232,2.729381290284924,-0.29495809028492426
6172,2.4491315,2.736606307451335,-0.28747480745133513
6173,2.4637222,2.745056042744749,-0.28133384274474915
6174,2.4849243,2.7536582210277127,-0.2687339210277129
6175,2.5072043,2.7623914732435564,-0.2551871732435562
6176,2.5600498,2.7725932431196902,-0.21254344311969042
6177,2.5821576,2.7824934002843413,-0.2003358002843414
6178,2.6062305,2.792729310018482,-0.1864988100184819
6179,2.623862,2.8024802022051585,-0.17861820220515856
6180,2.6445224,2.8129261960498884,-0.1684037960498883
6181,2.675742,2.8236260668023827,-0.14788406680238264
6182,2.7063794,2.834204710195497,-0.12782531019549692
6183,2.7224774,2.845080345295779,-0.12260294529577909
6184,2.7447336,2.8560517423141465,-0.1113181423141465
6185,2.764378,2.868361402728863,-0.10398340272886308
6186,2.7786462,2.882848122493914,-0.10420192249391436
6187,2.796232,2.8980025399926226,-0.10177053999262275
6188,2.8102832,2.913206939453949,-0.10292373945394884
6189,2.82318,2.9283420693142226,-0.10516206931422278
6190,2.8326929,2.943358266127093,-0.1106653661270931
6191,2.8390055,2.9577216542379428,-0.1187161542379429
6192,2.844849,2.9704880713773716,-0.12563907137737163
6193,2.850205,2.982101597044969,-0.13189659704496925
6194,2.855054,2.99443776669274,-0.13938376669274
6195,2.8593771,3.0065564772338353,-0.14717937723383523
6196,2.8631554,3.0177850707529026,-0.15462967075290246
6197,2.86637,3.0283160396774313,-0.16194603967743149
6198,2.8690016,3.038394369643526,-0.169392769643526
6199,2.8710315,3.047944297236187,-0.17691279723618702
6200,2.8724406,3.057337372841462,-0.1848967728414621
6201,2.87321,3.0662549344316554,-0.1930449344316556
6202,2.8674557,3.0748611382306126,-0.20740543823061275
6203,2.8720593,3.083379178158932,-0.21131987815893183
6204,2.8799002,3.0912108462085564,-0.21131064620855655
6205,2.8964016,3.09878695818472,-0.20238535818472014
6206,2.9177704,3.1056557377613774,-0.18788533776137717
6207,2.9311295,3.1117793077420943,-0.18064980774209438
6208,2.9521616,3.1173642059271502,-0.16520260592715008
6209,2.9636676,3.1224608946083166,-0.1587932946083166
6210,2.9795249,3.127159500665513,-0.14763460066551293
6211,2.9870071,3.1312137807393854,-0.14420668073938536
6212,2.9969962,3.13424765096354,-0.1372514509635403
6213,2.9901505,3.1369345073365373,-0.1467840073365374
6214,2.9851816,3.139167395014727,-0.15398579501472698
6215,2.9794137,3.1408638520195553,-0.16145015201955548
6216,2.9723413,3.142148816284565,-0.16980751628456492
6217,2.9648166,3.1428240592178676,-0.17800745921786776
6218,2.9601703,3.143087939333161,-0.18291763933316085
6219,2.9710705,3.1443784668753807,-0.17330796687538053
6220,2.9867914,3.1452354519553367,-0.15844405195533673
6221,3.005734,3.1450770681934874,-0.13934306819348752
6222,3.0210211,3.1447698465272333,-0.12374874652723333
6223,3.0318692,3.1443342764779203,-0.11246507647792026
6224,3.0464532,3.1440465681944803,-0.09759336819448006
6225,3.0637872,3.14392911707748,-0.08014191707747997
6226,3.0824454,3.1440789388447796,-0.06163353884477951
6227,3.0877643,3.1445152981904663,-0.05675099819046636
6228,3.0917249,3.1451707251451424,-0.0534458251451424
6229,3.0901926,3.1459156838119413,-0.055723083811941354
6230,3.075567,3.1467180063279203,-0.07115100632792037
6231,3.0674634,3.1476668240507415,-0.08020342405074166
6232,3.0643713,3.148726376938281,-0.08435507693828104
6233,3.063822,3.1497309306287287,-0.08590893062872862
6234,3.05331,3.1508969675663607,-0.09758696756636054
6235,3.0413501,3.153531613388619,-0.11218151338861926
6236,3.0349743,3.158089161175042,-0.12311486117504211
6237,3.023941,3.161723339741343,-0.13778233974134269
6238,3.01651,3.165764881704718,-0.14925488170471812
6239,3.0099957,3.170598818645251,-0.160603118645251
6240,3.004923,3.1746477589151842,-0.16972475891518446
6241,2.9953003,3.1778867801005393,-0.18258648010053946
6242,2.9946277,3.1814398503334247,-0.18681215033342458
6243,2.9857135,3.185484043741942,-0.1997705437419417
6244,2.9798496,3.1899021567614043,-0.21005255676140422
6245,2.9770267,3.194492356991287,-0.21746565699128695
6246,2.9745407,3.199146764331894,-0.22460606433189412
6247,2.9880872,3.204019901048212,-0.21593270104821238
6248,3.0013635,3.209124089343578,-0.20776058934357788
6249,2.9918225,3.2142560073578132,-0.2224335073578132
6250,2.996181,3.2190769822927034,-0.22289598229270347
6251,2.9970746,3.2238617229801543,-0.22678712298015435
6252,3.0020413,3.2279687773746373,-0.22592747737463714
6253,2.9971967,3.2304104593311176,-0.23321375933111765
6254,2.9933712,3.2315181387116736,-0.2381469387116737
6255,2.9961689,3.235504298243632,-0.23933539824363237
6256,2.996352,3.24111141873172,-0.24475941873172014
6257,3.0028217,3.2476148042568864,-0.24479310425688627
6258,3.017819,3.254576526828514,-0.23675752682851403
6259,3.0352402,3.2601587198386155,-0.22491851983861544
6260,3.055311,3.2666497052921804,-0.21133870529218024
6261,3.0719845,3.2723006311403844,-0.20031613114038427
6262,3.0909894,3.277026100097977,-0.18603670009797657
6263,3.1168997,3.2808390183786096,-0.16393931837860976
6264,3.1298404,3.284091642110044,-0.15425124211004393
6265,3.1330893,3.288081898493428,-0.15499259849342817
6266,3.1409366,3.291679120551921,-0.15074252055192128
6267,3.1390173,3.294983463844187,-0.15596616384418693
6268,3.1322272,3.2983140045237365,-0.16608680452373648
6269,3.1116278,3.3023425270463815,-0.1907147270463816
6270,3.1004126,3.3063128779069615,-0.20590027790696164
6271,3.0855234,3.3108880496290936,-0.22536464962909353
6272,3.0670798,3.3161002318152835,-0.24902043181528333
6273,3.05742,3.3205019038623504,-0.2630819038623504
6274,3.0467389,3.325176617716317,-0.2784377177163173
6275,3.0313187,3.3300979816372114,-0.29877928163721146
6276,3.0122855,3.335757441513632,-0.323471941513632
6277,2.9929156,3.3415615551526034,-0.34864595515260355
6278,2.9634671,3.346886299631904,-0.3834191996319043
6279,2.9318652,3.3520473532183095,-0.42018215321830965
6280,2.9065704,3.356492182290839,-0.449921782290839
6281,2.885401,3.360302253733465,-0.4749012537334649
6282,2.8635232,3.363176985617308,-0.499653785617308
6283,2.8556387,3.364398957247187,-0.5087602572471868
6284,2.844443,3.364721295375284,-0.520278295375284
6285,2.8410318,3.364173948883564,-0.5231421488835637
6286,2.8325217,3.3633246756069615,-0.5308029756069614
6287,2.834123,3.3620886275639075,-0.5279656275639075
6288,2.8361511,3.3603098363929824,-0.5241587363929825
6289,2.838621,3.3581937422715935,-0.5195727422715937
6290,2.8449795,3.3552798917950764,-0.5103003917950764
6291,2.855083,3.351816181546141,-0.4967331815461411
6292,2.8614883,3.348643262351243,-0.487154962351243
6293,2.8690426,3.3449090651026006,-0.47586646510260033
6294,2.8765585,3.3406905552002875,-0.46413205520028766
6295,2.8844397,3.336497196910513,-0.45205749691051267
6296,2.888384,3.3321461846850093,-0.4437621846850095
6297,2.8888583,3.328453469499078,-0.43959516949907806
6298,2.8905694,3.325265214220797,-0.43469581422079706
6299,2.8863995,3.3219013607319763,-0.4355018607319763
6300,2.8763058,3.3188371486329276,-0.44253134863292765
6301,2.8713803,3.3166242475532615,-0.44524394755326124
6302,2.8663242,3.3145324681030437,-0.4482082681030435
6303,2.8676355,3.311987396608425,-0.444351896608425
6304,2.8691711,3.3096790788791437,-0.4405079788791437
6305,2.8711383,3.30755660641914,-0.43641830641914003
6306,2.8614163,3.3060667096168777,-0.4446504096168775
6307,2.8544257,3.3050250141322666,-0.4505993141322664
6308,2.8485434,3.3034592838394623,-0.45491588383946224
6309,2.8455243,3.3019177639988415,-0.4563934639988414
6310,2.8384879,3.3005144357879868,-0.4620265357879867
6311,2.8421402,3.299326173611646,-0.45718597361164637
6312,2.837808,3.29810001616512,-0.4602920161651203
6313,2.836939,3.296578066738714,-0.4596390667387138
6314,2.8375757,3.2947484680924664,-0.45717276809246643
6315,2.8326929,3.292563559187582,-0.45987065918758185
6316,2.832392,3.2902970056287746,-0.45790500562877456
6317,2.8261218,3.287954793573919,-0.46183299357391894
6318,2.8257108,3.2883752100970716,-0.4626644100970716
6319,2.827616,3.2898509563714313,-0.4622349563714314
6320,2.8228781,3.290281977807086,-0.46740387780708614
6321,2.8198917,3.2903542478803516,-0.4704625478803517
6322,2.8206851,3.290540868410682,-0.4698557684106821
6323,2.8187637,3.2900053078598157,-0.47124160785981584
6324,2.8176847,3.2896925570642566,-0.4720078570642565
6325,2.8152661,3.2897758873237994,-0.47450978732379934
6326,2.8164139,3.290271537863552,-0.47385763786355195
6327,2.81125,3.2912389863913267,-0.4799889863913269
6328,2.812694,3.2925013909209095,-0.4798073909209095
6329,2.8038242,3.2940760424992828,-0.49025184249928255
6330,2.8078396,3.2956620969171655,-0.4878224969171656
6331,2.8020651,3.2977728567189155,-0.4957077567189154
6332,2.7940152,3.299855569262867,-0.505840369262867
6333,2.7747464,3.3039277842141384,-0.5291813842141382
6334,2.7279325,3.30783157713621,-0.57989907713621
6335,2.6796591,3.309607226362744,-0.629948126362744
6336,2.6657627,3.311579726162792,-0.645817026162792
6337,2.659306,3.3137631281271407,-0.6544571281271407
6338,2.6947174,3.315840152887641,-0.6211227528876408
6339,2.6974216,3.3181083101582765,-0.6206867101582763
6340,2.7101123,3.3205117766310277,-0.6103994766310277
6341,2.7193997,3.3232250640084473,-0.6038253640084474
6342,2.7278671,3.326233370036825,-0.5983662700368249
6343,2.7307782,3.329182213972673,-0.5984040139726732
6344,2.735332,3.3322252825048055,-0.5968932825048054
6345,2.7530212,3.335246422464524,-0.5822252224645239
6346,2.7649481,3.338529327991155,-0.5735812279911552
6347,2.7808216,3.341780798021072,-0.560959198021072
6348,2.7882864,3.34486779225189,-0.5565813922518901
6349,2.7981327,3.347729774673218,-0.5495970746732182
6350,2.7975678,3.350539990096457,-0.5529721900964573
6351,2.7837586,3.35357949654491,-0.5698208965449099
6352,2.7736492,3.35867285547699,-0.5850236554769901
6353,2.7652137,3.363985144723478,-0.5987714447234782
6354,2.758301,3.3677685971275184,-0.6094675971275185
6355,2.7527614,3.3715546844977977,-0.6187932844977979
6356,2.748444,3.37565910222932,-0.6272151022293198
6357,2.7451992,3.3805931850115085,-0.6353939850115085
6358,2.742876,3.3857899992030642,-0.6429139992030644
6359,2.7413244,3.3903782896833152,-0.6490538896833153
6360,2.7403944,3.394640211861745,-0.6542458118617449
6361,2.739935,3.40026263781794,-0.6603276378179399
6362,2.7405725,3.405503268041967,-0.6649307680419669
6363,2.7057865,3.4097829898995875,-0.7039964898995876
6364,2.6811664,3.4120719416053773,-0.7309055416053774
6365,2.682446,3.4144775547107478,-0.7320315547107477
6366,2.6796079,3.4176547293773933,-0.7380468293773932
6367,2.6773038,3.4210876073583463,-0.7437838073583465
6368,2.669804,3.4240849709011396,-0.7542809709011395
6369,2.6572702,3.4268387101562614,-0.7695685101562613
6370,2.6496441,3.428842003922651,-0.7791979039226509
6371,2.6363568,3.432407986862487,-0.7960511868624867
6372,2.6266577,3.435718547355214,-0.8090608473552141
6373,2.6254654,3.4369892334730476,-0.8115238334730477
6374,2.618624,3.4384377715991645,-0.8198137715991645
6375,2.617412,3.439032453796986,-0.821620453796986
6376,2.6160343,3.4374098058717286,-0.8213755058717287
6377,2.6155887,3.43465123372713,-0.8190625337271302
6378,2.6129096,3.431444648097296,-0.8185350480972962
6379,2.6228778,3.4284075513191197,-0.8055297513191197
6380,2.626759,3.4250709302643387,-0.7983119302643389
6381,2.6225064,3.421880968985388,-0.7993745689853884
6382,2.6322665,3.4186323779345815,-0.7863658779345815
6383,2.639679,3.4155673164097076,-0.7758883164097075
6384,2.637848,3.4121011266116574,-0.7742531266116575
6385,2.6474075,3.4077184257871567,-0.7603109257871568
6386,2.6473248,3.403235353632292,-0.7559105536322921
6387,2.6511142,3.3984516786896863,-0.7473374786896865
6388,2.6412604,3.394153228714835,-0.7528928287148346
6389,2.6388474,3.3898304379352897,-0.7509830379352898
6390,2.6361356,3.3842882093270545,-0.7481526093270547
6391,2.6263165,3.37834454867392,-0.7520280486739197
6392,2.6312222,3.372623857974296,-0.7414016579742961
6393,2.6309924,3.3665376326534244,-0.7355452326534246
6394,2.6332843,3.3592969180092656,-0.7260126180092654
6395,2.6295722,3.3516503298027915,-0.7220781298027914
6396,2.639642,3.343586145625174,-0.703944145625174
6397,2.6530087,3.335377096290373,-0.6823683962903728
6398,2.6668854,3.3271449250463516,-0.6602595250463517
6399,2.680615,3.3186870625622267,-0.6380720625622267
6400,2.6882892,3.3100508797545363,-0.6217616797545364
6401,2.6949496,3.3013211968139586,-0.6063715968139585
6402,2.6978824,3.2927003671750343,-0.5948179671750342
6403,2.699755,3.2840706382555007,-0.5843156382555006
6404,2.70161,3.2754926956166974,-0.5738826956166974
6405,2.6969464,3.2673014565490974,-0.5703550565490976
6406,2.6905453,3.2593991408900287,-0.5688538408900286
6407,2.6830564,3.2516928733622326,-0.5686364733622327
6408,2.6776798,3.24409790550055,-0.5664181055005502
6409,2.6713812,3.236443554434614,-0.5650623544346143
6410,2.6723883,3.2289412990216113,-0.5565529990216111
6411,2.6721387,3.221534728277782,-0.5493960282777821
6412,2.6871774,3.214318257952415,-0.527140857952415
6413,2.6919665,3.2072858154090067,-0.5153193154090068
6414,2.6897485,3.200408500817979,-0.5106600008179791
6415,2.6961496,3.193999876609914,-0.49785027660991377
6416,2.6983578,3.187836341692345,-0.48947854169234484
6417,2.695755,3.1818525355321303,-0.4860975355321302
6418,2.6878052,3.176149395291255,-0.48834419529125483
6419,2.6846554,3.1706408744509793,-0.4859854744509793
6420,2.672178,3.1652063444261973,-0.49302834442619714
6421,2.663088,3.1602176453771436,-0.49712964537714344
6422,2.6601443,3.157962802501114,-0.49781850250111415
6423,2.6639862,3.1561826801556188,-0.4921964801556187
6424,2.6707177,3.1526745373603005,-0.4819568373603005
6425,2.6744776,3.14941811101309,-0.4749405110130902
6426,2.6747189,3.14638083449204,-0.4716619344920403
6427,2.6751091,3.144309338887542,-0.46920023888754203
6428,2.6756196,3.1424935081534797,-0.4668739081534796
6429,2.6762218,3.1404006024538136,-0.4641788024538136
6430,2.676887,3.1387770496632506,-0.46189004966325076
6431,2.677587,3.13950823757111,-0.46192123757111014
6432,2.6782928,3.1398854036853017,-0.46159260368530175
6433,2.6789758,3.1380980915740233,-0.4591222915740234
6434,2.6796079,3.1366701211420303,-0.4570622211420301
6435,2.6801598,3.1356320372147013,-0.4554722372147011
6436,2.6806037,3.134952178690381,-0.4543484786903811
6437,2.6809106,3.1357819798514543,-0.45487137985145454
6438,2.681052,3.1400208881375997,-0.4589688881375995
6439,2.6871884,3.1442372613665697,-0.4570488613665695
6440,2.7004046,3.146986038079515,-0.446581438079515
6441,2.7129102,3.1498182753992654,-0.43690807539926535
6442,2.7306192,3.1529474502777046,-0.4223282502777046
6443,2.7357788,3.1564535268550267,-0.4206747268550268
6444,2.6868167,3.159323199615887,-0.472506499615887
6445,2.683523,3.161171161516872,-0.4776481615168717
6446,2.6707458,3.1647612619308507,-0.49401546193085055
6447,2.6529193,3.1693860465630657,-0.5164667465630655
6448,2.633511,3.171282458353214,-0.5377714583532143
6449,2.6179721,3.1723210641887474,-0.5543489641887476
6450,2.599447,3.1740296196655415,-0.5745826196655415
6451,2.5856802,3.1755000135479663,-0.5898198135479662
6452,2.5708652,3.176998646920717,-0.6061334469207171
6453,2.5664084,3.1804522313454284,-0.6140438313454286
6454,2.5562503,3.1823456146983773,-0.6260953146983774
6455,2.557179,3.1836413130507055,-0.6264623130507054
6456,2.560644,3.1838500433513266,-0.6232060433513267
6457,2.5650165,3.1852122316322435,-0.6201957316322435
6458,2.5645282,3.1855639630533954,-0.6210357630533956
6459,2.5683734,3.1833288893942195,-0.6149554893942195
6460,2.5701578,3.181422777569472,-0.6112649775694718
6461,2.5633175,3.1801517152816685,-0.6168342152816684
6462,2.5657032,3.1790849136623165,-0.6133817136623163
6463,2.5577686,3.177382811092639,-0.6196142110926388
6464,2.5541928,3.1757405928974167,-0.6215477928974167
6465,2.5465753,3.1757189934494314,-0.6291436934494312
6466,2.5430179,3.174132126438814,-0.6311142264388137
6467,2.5485437,3.1682836226308253,-0.6197399226308251
6468,2.5507038,3.1626016398041443,-0.6118978398041444
6469,2.5615704,3.15703298427219,-0.5954625842721901
6470,2.582199,3.15189433203553,-0.56969533203553
6471,2.6026328,3.1469714293332283,-0.5443386293332284
6472,2.6167614,3.142733953201894,-0.525972553201894
6473,2.6406174,3.138959974961296,-0.49834257496129597
6474,2.6630194,3.1349864824163567,-0.47196708241635665
6475,2.6864352,3.1309797786846603,-0.44454457868466024
6476,2.7091794,3.126896978806588,-0.4177175788065881
6477,2.7239685,3.123132599721553,-0.3991640997215531
6478,2.7223804,3.1194314632164075,-0.3970510632164075
6479,2.7326236,3.1158098919796613,-0.38318629197966114
6480,2.7293537,3.112107424439069,-0.3827537244390693
6481,2.7213974,3.1083741572717325,-0.38697675727173264
6482,2.719382,3.1046243589371825,-0.3852423589371825
6483,2.7145352,3.1008582821535056,-0.38632308215350575
6484,2.7009037,3.0967665873701433,-0.3958628873701433
6485,2.7112775,3.092424604353814,-0.38114710435381394
6486,2.7198215,3.0878434531287797,-0.3680219531287796
6487,2.736641,3.084161942205272,-0.34752094220527185
6488,2.7383716,3.0800338866299315,-0.3416622866299317
6489,2.7349994,3.07433822574331,-0.33933882574330987
6490,2.7277646,3.0690590941476614,-0.34129449414766144
6491,2.7127826,3.0636966862529342,-0.3509140862529341
6492,2.699777,3.0587307695657073,-0.35895376956570724
6493,2.6852036,3.0533716449822164,-0.36816804498221645
6494,2.6809955,3.0473525403284216,-0.36635704032842176
6495,2.6744254,3.0409406532569694,-0.3665152532569693
6496,2.6764615,3.0343142216475134,-0.3578527216475136
6497,2.674844,3.0276565173195533,-0.3528125173195531
6498,2.6886935,3.020915145933224,-0.33222164593322434
6499,2.6952307,3.0141016517342383,-0.3188709517342381
6500,2.701842,3.007147827531176,-0.30530582753117574
6501,2.7143838,3.000185276088295,-0.2858014760882952
6502,2.7236187,2.993272731043458,-0.2696540310434581
6503,2.730364,2.986348362049781,-0.25598436204978103
6504,2.7258801,2.979403187992112,-0.2535230879921122
6505,2.7192807,2.9724965276797173,-0.2532158276797172
6506,2.712313,2.965619468305057,-0.2533064683050572
6507,2.714336,2.9589283316139188,-0.2445923316139189
6508,2.7020721,2.952520016057364,-0.25044791605736405
6509,2.6992404,2.9495256665390532,-0.25028526653905336
6510,2.7071333,2.947838576199178,-0.24070527619917792
6511,2.7068331,2.9445577595604844,-0.2377246595604845
6512,2.7058003,2.941804205613892,-0.23600390561389206
6513,2.7040727,2.939482360793055,-0.2354096607930547
6514,2.7015927,2.9427186126593545,-0.24112591265935457
6515,2.6983023,2.947568217096138,-0.249265917096138
6516,2.6941435,2.94882851673092,-0.25468501673092003
6517,2.689059,2.9519566276884865,-0.2628976276884867
6518,2.6829903,2.9555351587631096,-0.2725448587631094
6519,2.675877,2.9593219806187485,-0.2834449806187487
6520,2.667663,2.963017646127778,-0.29535464612777806
6521,2.6582952,2.9669263732513484,-0.3086311732513485
6522,2.6477122,2.971394863936161,-0.32368266393616096
6523,2.6358566,2.976239838858209,-0.3403832388582093
6524,2.6226702,2.9817993558124742,-0.3591291558124743
6525,2.6233978,2.988621865399829,-0.3652240653998291
6526,2.6255329,2.997492357840209,-0.3719594578402088
6527,2.6200168,3.005229905475643,-0.3852131054756427
6528,2.6165423,3.0111894435082527,-0.3946471435082528
6529,2.617168,3.0175267878622622,-0.4003587878622623
6530,2.6150067,3.0227800448825293,-0.40777334488252936
6531,2.6249847,3.0265819233634326,-0.4015972233634324
6532,2.6323123,3.0296993439876383,-0.39738704398763813
6533,2.6338315,3.0335346498859828,-0.3997031498859829
6534,2.631145,3.037929867236583,-0.406784867236583
6535,2.6266348,3.0421675689924323,-0.4155327689924322
6536,2.6021652,3.045809361465929,-0.443644161465929
6537,2.5833783,3.0496146840075764,-0.4662363840075763
6538,2.574416,3.0534003479362317,-0.4789843479362319
6539,2.5699387,3.057914888818472,-0.48797618881847216
6540,2.5661533,3.061068442604836,-0.49491514260483616
6541,2.5698776,3.0632070849456396,-0.4933294849456398
6542,2.5799353,3.0657109679960843,-0.4857756679960845
6543,2.5920062,3.06856094069141,-0.4765547406914097
6544,2.607752,3.0713329313340703,-0.4635809313340702
6545,2.6246173,3.0746363320734362,-0.4500190320734361
6546,2.6426435,3.078215970296673,-0.4355724702966728
6547,2.656637,3.081924698920325,-0.42528769892032514
6548,2.672565,3.0925360950705767,-0.4199710950705766
6549,2.6833212,3.104722551787074,-0.42140135178707405
6550,2.7035663,3.111734615030469,-0.40816831503046913
6551,2.7260807,3.1172770905088445,-0.3911963905088447
6552,2.7493832,3.123094907887042,-0.373711707887042
6553,2.7703006,3.131137469829977,-0.36083686982997687
6554,2.7931736,3.138652371042243,-0.34547877104224334
6555,2.7973814,3.1435416460262076,-0.34616024602620765
6556,2.7881417,3.147471887287841,-0.3593301872878407
6557,2.7814822,3.15054732687864,-0.36906512687864
6558,2.7768846,3.153737269551316,-0.37685266955131613
6559,2.7738287,3.155995426862544,-0.3821667268625437
6560,2.7717955,3.1575706132590877,-0.38577511325908764
6561,2.7702658,3.1588504531718016,-0.3885846531718018
6562,2.7687201,3.1597953068502127,-0.3910752068502128
6563,2.766639,3.1613138660003024,-0.3946748660003023
6564,2.7635036,3.163299058488875,-0.399795458488875
6565,2.758794,3.1652361223182637,-0.4064421223182637
6566,2.7519913,3.1658693630722663,-0.4138780630722665
6567,2.7425761,3.165893892294598,-0.42331779229459787
6568,2.730029,3.16469156695007,-0.4346625669500699
6569,2.714848,3.1616012578186488,-0.44675325781864883
6570,2.7201755,3.1583035647410402,-0.4381280647410404
6571,2.7300153,3.1553621377643144,-0.4253468377643146
6572,2.7146487,3.1500453128827886,-0.4353966128827884
6573,2.702627,3.1414439779638768,-0.43881697796387664
6574,2.6694205,3.1325928761619144,-0.4631723761619142
6575,2.6553671,3.1232602300136962,-0.46789313001369637
6576,2.6391928,3.1131655088586987,-0.4739727088586987
6577,2.6258981,3.101898762973419,-0.4760006629734188
6578,2.6133838,3.089336337670228,-0.47595253767022827
6579,2.599773,3.076281560895125,-0.47650856089512494
6580,2.5832748,3.062766318498746,-0.47949151849874605
6581,2.5663517,3.0488244667803257,-0.4824727667803259
6582,2.5633523,3.0344759807044466,-0.47112368070444655
6583,2.5270429,3.019764115626076,-0.49272121562607607
6584,2.5103858,3.0050170914752696,-0.49463129147526974
6585,2.492836,2.9916029682942984,-0.49876696829429834
6586,2.472594,2.9826559415308114,-0.5100619415308114
6587,2.4379895,2.9743381779885705,-0.5363486779885704
6588,2.4306052,2.961971413656959,-0.531366213656959
6589,2.4330804,2.949590000576143,-0.5165096005761427
6590,2.432735,2.9368894261265424,-0.5041544261265423
6591,2.440626,2.9245483221888775,-0.48392232218887754
6592,2.4405637,2.9151322856782405,-0.4745685856782407
6593,2.4498324,2.905483966165189,-0.455651566165189
6594,2.4603,2.894424176685268,-0.4341241766852679
6595,2.4607174,2.8831229487343637,-0.42240554873436365
6596,2.459211,2.8718558769607037,-0.41264487696070384
6597,2.4665484,2.8604947408419124,-0.39394634084191216
6598,2.4600415,2.8495042687276015,-0.38946276872760155
6599,2.4591937,2.8387712754138783,-0.37957757541387815
6600,2.4613254,2.828215012290185,-0.3668896122901848
6601,2.4613025,2.8185135871837925,-0.3572110871837926
6602,2.4696753,2.808669499788764,-0.3389941997887638
6603,2.477575,2.799325538453634,-0.3217505384536343
6604,2.4805973,2.789959451498559,-0.30936215149855917
6605,2.4780939,2.780671872555949,-0.302577972555949
6606,2.4761276,2.7717498758631756,-0.2956222758631757
6607,2.4615314,2.763220787344184,-0.30168938734418393
6608,2.4502552,2.755251966355236,-0.3049967663552362
6609,2.4386368,2.7475867943284062,-0.3089499943284064
6610,2.4296494,2.739918342147756,-0.310268942147756
6611,2.4062488,2.73260309507473,-0.3263542950747298
6612,2.3964932,2.725766693905512,-0.32927349390551175
6613,2.3958828,2.7205797944978642,-0.3246969944978644
6614,2.3968136,2.7153109703991176,-0.3184973703991174
6615,2.4015481,2.7094058885044596,-0.3078577885044598
6616,2.4095318,2.704118156197057,-0.294586356197057
6617,2.4171677,2.6996944407863017,-0.2825267407863019
6618,2.4228702,2.6964436567653656,-0.2735734567653654
6619,2.4279022,2.6938805124505625,-0.26597831245056236
6620,2.433695,2.691774807407269,-0.258079807407269
6621,2.4374814,2.689938137776272,-0.2524567377762721
6622,2.4508176,2.688513592861759,-0.23769599286175902
6623,2.4646454,2.687518013641077,-0.2228726136410768
6624,2.4773724,2.6869008644303776,-0.20952846443037743
6625,2.487769,2.6864222442920336,-0.19865324429203346
6626,2.5050397,2.688613623507804,-0.183573923507804
6627,2.5246234,2.6918167333756178,-0.16719333337561793
6628,2.5364368,2.6941118519815355,-0.1576750519815353
6629,2.5538385,2.69734057614569,-0.14350207614569
6630,2.567227,2.7008766123139756,-0.13364961231397565
6631,2.582597,2.7045710182860336,-0.12197401828603383
6632,2.597156,2.708451481990677,-0.11129548199067685
6633,2.6142337,2.712794998940912,-0.0985612989409117
6634,2.6341858,2.717580176927595,-0.0833943769275951
6635,2.6510315,2.7231770134207105,-0.0721455134207103
6636,2.6712515,2.7297634128541963,-0.058511912854196435
6637,2.6900342,2.736755144495242,-0.04672094449524211
6638,2.7136002,2.7448099928518044,-0.031209792851804252
6639,2.7251303,2.753454128458288,-0.02832382845828807
6640,2.733237,2.7620672424599126,-0.028830242459912725
6641,2.74194,2.7705569509121304,-0.028616950912130346
6642,2.748521,2.7802282489835237,-0.031707248983523506
6643,2.7467825,2.789892131526273,-0.043109631526272896
6644,2.7498856,2.797955559465515,-0.0480699594655154
6645,2.7569296,2.805322169047487,-0.04839256904748712
6646,2.7486484,2.8128949791110203,-0.06424657911102027
6647,2.7473276,2.8213924064287306,-0.07406480642873037
6648,2.7637994,2.8321234461343168,-0.06832404613431686
6649,2.7711148,2.8438859822776568,-0.07277118227765689
6650,2.7898166,2.8546866477837245,-0.06487004778372452
6651,2.80456,2.8648321567621298,-0.060272156762129825
6652,2.828172,2.874215697488039,-0.04604369748803894
6653,2.8384671,2.885727384766315,-0.04726028476631505
6654,2.8480148,2.8967001550580487,-0.04868535505804861
6655,2.8633783,2.9063402903868876,-0.04296199038688764
6656,2.8793564,2.9156051120658995,-0.036248712065899635
6657,2.8908124,2.9245214174742515,-0.03370901747425137
6658,2.896007,2.9332349035297107,-0.037227903529710726
6659,2.8965726,2.941668245447001,-0.045095645447001065
6660,2.9075034,2.9500715128675763,-0.042568112867576335
6661,2.9085858,2.9580830556870117,-0.04949725568701169
6662,2.9143612,2.966087738151184,-0.051726538151184
6663,2.9162543,2.9748230050780884,-0.058568705078088534
6664,2.9114566,2.9837894071015105,-0.07233280710151035
6665,2.918687,2.991670167837666,-0.07298316783766623
6666,2.906372,2.999163240808804,-0.09279124080880363
6667,2.896069,3.006594250999279,-0.11052525099927912
6668,2.8708966,3.01407819651258,-0.14318159651258
6669,2.8518808,3.0212431350894358,-0.16936233508943577
6670,2.833833,3.0280467171161276,-0.19421371711612778
6671,2.8231452,3.035203803252498,-0.21205860325249803
6672,2.8003726,3.041999637290948,-0.24162703729094792
6673,2.7927334,3.048738177434938,-0.2560047774349381
6674,2.7802722,3.0553739797499118,-0.27510177974991157
6675,2.7783322,3.0616584369868187,-0.2833262369868188
6676,2.7726626,3.067749292728007,-0.2950866927280069
6677,2.7638593,3.0736845322263853,-0.30982523222638525
6678,2.7547238,3.0794729198671043,-0.3247491198671044
6679,2.7480054,3.0849890092522414,-0.3369836092522416
6680,2.757275,3.0902059811220313,-0.33293098112203134
6681,2.7590811,3.09497463965911,-0.33589353965910984
6682,2.7680206,3.0993696440584237,-0.3313490440584239
6683,2.7793405,3.1026900491748415,-0.3233495491748415
6684,2.7910984,3.1052988273612856,-0.3142004273612855
6685,2.795541,3.108017635117454,-0.31247663511745394
6686,2.80833,3.1096512521271125,-0.30132125212711225
6687,2.8150668,3.109818091194504,-0.2947512911945043
6688,2.8227484,3.1096899491323073,-0.2869415491323073
6689,2.8225186,3.1093555755453854,-0.28683697554538545
6690,2.814669,3.1086261347880413,-0.2939571347880414
6691,2.8124301,3.1077974247300295,-0.2953673247300297
6692,2.8138351,3.1071179711786816,-0.2932828711786817
6693,2.808439,3.106952243668425,-0.29851324366842524
6694,2.8210526,3.106986364249358,-0.285933764249358
6695,2.8220096,3.1069172950862134,-0.2849076950862135
6696,2.812197,3.1070526369677003,-0.29485563696770045
6697,2.8074188,3.1073863835868774,-0.29996758358687714
6698,2.7998483,3.109541506312344,-0.3096932063123443
6699,2.7932827,3.11219622371002,-0.31891352371002
6700,2.781139,3.113791075639957,-0.3326520756399569
6701,2.7681644,3.1155180967013267,-0.3473536967013269
6702,2.750131,3.1174951312303327,-0.3673641312303326
6703,2.7246683,3.1201903759520984,-0.39552207595209854
6704,2.6986868,3.1226868740456224,-0.42400007404562245
6705,2.6751676,3.1245997960471295,-0.4494321960471295
6706,2.6604679,3.126758051668307,-0.4662901516683071
6707,2.6426218,3.129018674993178,-0.48639687499317796
6708,2.6387677,3.1316008788450924,-0.4928331788450926
6709,2.6352255,3.1341878694631164,-0.49896236946311623
6710,2.6319754,3.1384776632328593,-0.5065022632328593
6711,2.6317172,3.1432208784519813,-0.5115036784519811
6712,2.626222,3.14653166564183,-0.5203096656418302
6713,2.6185434,3.150093775924562,-0.5315503759245619
6714,2.6187057,3.1534590965472544,-0.5347533965472544
6715,2.6250327,3.156438576724179,-0.5314058767241789
6716,2.6313226,3.159250484818081,-0.5279278848180811
6717,2.635084,3.1618562256637177,-0.5267722256637177
6718,2.6451,3.1645535599841406,-0.5194535599841408
6719,2.6550412,3.167649112058353,-0.5126079120583533
6720,2.6550097,3.1707685071153167,-0.5157588071153167
6721,2.671997,3.173981582009786,-0.5019845820097859
6722,2.6893268,3.177498631691216,-0.48817183169121625
6723,2.699268,3.181098371387921,-0.48183037138792084
6724,2.6984904,3.1860587638364217,-0.4875683638364219
6725,2.6994123,3.1916223071633256,-0.4922100071633255
6726,2.7011094,3.1967581737358435,-0.4956487737358435
6727,2.703714,3.2020737716633025,-0.49835977166330236
6728,2.707358,3.2087370403551123,-0.5013790403551122
6729,2.7121735,3.2163017912007636,-0.5041282912007636
6730,2.7182932,3.22328550023447,-0.5049923002344698
6731,2.7258492,3.231131314707474,-0.505282114707474
6732,2.7349734,3.2395519279612257,-0.5045785279612258
6733,2.7457988,3.2473026041773116,-0.5015038041773114
6734,2.7584567,3.255508126587942,-0.4970514265879422
6735,2.773695,3.2641318711594085,-0.4904368711594085
6736,2.7919803,3.27249716202113,-0.48051686202112975
6737,2.7944837,3.2808329347099976,-0.4863492347099978
6738,2.808937,3.28953148012115,-0.48059448012115036
6739,2.8194144,3.298584474479021,-0.47917007447902105
6740,2.8206668,3.3072416446746224,-0.4865748446746223
6741,2.8341904,3.3155110629406774,-0.4813206629406772
6742,2.846367,3.325189935049802,-0.4788229350498021
6743,2.8582437,3.334834951832223,-0.47659125183222306
6744,2.8730304,3.343313713867495,-0.4702833138674949
6745,2.8963177,3.3512359815325654,-0.4549182815325654
6746,2.9119296,3.358619957142575,-0.4466903571425749
6747,2.924966,3.3654754978227763,-0.4405094978227764
6748,2.9304593,3.3720707496718996,-0.4416114496718997
6749,2.9356778,3.378672027416718,-0.442994227416718
6750,2.937331,3.384753512449869,-0.4474225124498692
6751,2.9376504,3.3902332359845273,-0.4525828359845274
6752,2.9385715,3.395446832117936,-0.45687533211793596
6753,2.9388974,3.4001677289362044,-0.46127032893620434
6754,2.9282086,3.404964842283734,-0.4767562422837339
6755,2.930736,3.4095626358921964,-0.47882663589219643
6756,2.9258182,3.413685515191662,-0.4878673151916617
6757,2.9259512,3.4174597759170986,-0.4915085759170985
6758,2.9328558,3.4208101989075717,-0.48795439890757164
6759,2.935027,3.423974931293054,-0.48894793129305425
6760,2.9009824,3.426649461870376,-0.5256670618703758
6761,2.8898022,3.428724540482826,-0.5389223404828258
6762,2.910347,3.4305173739944914,-0.5201703739944916
6763,2.9108865,3.431902135240928,-0.5210156352409276
6764,2.9177682,3.4329057458581302,-0.5151375458581304
6765,2.9136517,3.4333917497177335,-0.5197400497177336
6766,2.9158978,3.4332269591812072,-0.517329159181207
6767,2.923827,3.432571397638849,-0.508744397638849
6768,2.9318402,3.4313414058471645,-0.4995012058471646
6769,2.9328265,3.4298447454690777,-0.4970182454690777
6770,2.952933,3.4280109312978553,-0.47507793129785547
6771,2.960787,3.4249774220665126,-0.46419042206651273
6772,2.9665952,3.4205727262922316,-0.45397752629223165
6773,2.974725,3.41602639245762,-0.44130139245762035
6774,2.9820044,3.413545259219282,-0.431540859219282
6775,2.9844296,3.4120838710513715,-0.42765427105137155
6776,2.9895935,3.408890858743822,-0.419297358743822
6777,2.9865112,3.4056562668315613,-0.4191450668315615
6778,2.980568,3.4023579413337774,-0.42178994133377756
6779,2.9702966,3.3993221010870944,-0.42902550108709425
6780,2.957815,3.3964728189506324,-0.4386578189506323
6781,2.9474564,3.3933970011469174,-0.44594060114691736
6782,2.9442334,3.3904041648792633,-0.44617076487926344
6783,2.9442813,3.387590988906498,-0.4433096889064978
6784,2.945039,3.3847390633584253,-0.4397000633584254
6785,2.9510531,3.3817747011035935,-0.43072160110359325
6786,2.9503665,3.378724157903311,-0.42835765790331104
6787,2.9449773,3.3757628873928955,-0.4307855873928954
6788,2.9369671,3.372949048237145,-0.4359819482371452
6789,2.9315326,3.3705925142556654,-0.43905991425566526
6790,2.9280195,3.36863339236948,-0.44061389236948
6791,2.9257731,3.366661649073288,-0.44088854907328834
6792,2.924139,3.365042225869168,-0.4409032258691683
6793,2.9224625,3.3637698201886903,-0.44130732018869034
6794,2.920089,3.3625625064937226,-0.44247350649372263
6795,2.9163642,3.361944893756591,-0.44558069375659093
6796,2.9106333,3.360877526551427,-0.4502442265514266
6797,2.9022417,3.359164141595716,-0.45692244159571604
6798,2.8905349,3.3575911342331706,-0.46705623423317055
6799,2.8608525,3.3563531646531923,-0.4955006646531923
6800,2.8862903,3.3554595319570364,-0.4691692319570362
6801,2.9183743,3.35474775923214,-0.43637345923214
6802,2.9174716,3.354362221235027,-0.436890621235027
6803,2.9177322,3.354280916008075,-0.43654871600807477
6804,2.935658,3.354733198950954,-0.4190751989509538
6805,2.9452503,3.3557741419808362,-0.41052384198083613
6806,2.9551697,3.3572184923662407,-0.4020487923662408
6807,2.95973,3.3591138761636317,-0.3993838761636317
6808,2.9545681,3.3613462919562713,-0.4067781919562714
6809,2.9548068,3.3638732796460586,-0.4090664796460586
6810,2.9560428,3.366546852173904,-0.41050405217390384
6811,2.9616132,3.3694311111897415,-0.40781791118974153
6812,2.96955,3.372574021037617,-0.40302402103761725
6813,2.9737277,3.375911803609875,-0.402184103609875
6814,2.9768994,3.3811259390848276,-0.4042265390848274
6815,2.977223,3.3872986016372066,-0.4100756016372067
6816,2.9776547,3.3923130848316485,-0.4146583848316485
6817,2.9794354,3.397427106330417,-0.41799170633041705
6818,2.977731,3.4027138502287366,-0.4249828502287367
6819,2.977052,3.408392828222735,-0.4313408282227349
6820,2.9770093,3.414121542751705,-0.4371122427517049
6821,2.9623337,3.4196361678023774,-0.4573024678023776
6822,2.9530203,3.4251186342707327,-0.4720983342707328
6823,2.9463654,3.4305927809197594,-0.4842273809197595
6824,2.9376352,3.4362509145356195,-0.4986157145356196
6825,2.9395163,3.441844832247625,-0.502328532247625
6826,2.930553,3.4471637062779097,-0.5166107062779095
6827,2.9245617,3.4523636830890547,-0.5278019830890548
6828,2.9220746,3.457335807486113,-0.5352612074861129
6829,2.9130914,3.462119741838034,-0.5490283418380342
6830,2.9141803,3.466735527389109,-0.5525552273891092
6831,2.920892,3.4711875276093167,-0.5502955276093169
6832,2.9321148,3.4755592015104724,-0.5434444015104725
6833,2.9425724,3.479783142480149,-0.5372107424801489
6834,2.9490323,3.483828709487069,-0.5347964094870692
6835,2.960857,3.487712332198975,-0.5268553321989753
6836,2.9650345,3.4923524679831033,-0.5273179679831035
6837,2.9736981,3.495743708233123,-0.5220456082331228
6838,2.9847794,3.4972522128123287,-0.5124728128123288
6839,2.9820263,3.498914971273134,-0.5168886712731342
6840,2.982716,3.5005095518469376,-0.5177935518469376
6841,2.9787097,3.5021548141078687,-0.5234451141078686
6842,2.968472,3.503780626244481,-0.5353086262444808
6843,2.964617,3.5054097453902293,-0.5407927453902293
6844,2.9621582,3.508059690647544,-0.5459014906475437
6845,2.9644535,3.510644274862418,-0.546190774862418
6846,2.9721515,3.512218921578133,-0.5400674215781334
6847,2.9830759,3.5138560781523505,-0.5307801781523507
6848,2.9960883,3.5154810128605134,-0.5193927128605136
6849,3.0125961,3.5169299371008123,-0.5043338371008121
6850,3.0271466,3.5191884629178185,-0.4920418629178185
6851,3.0412204,3.5229987672402987,-0.4817783672402989
6852,3.0486777,3.526096693987336,-0.4774189939873361
6853,3.0555344,3.5279219687034864,-0.4723875687034864
6854,3.065723,3.529641475961293,-0.46391847596129265
6855,3.0684955,3.531000866207971,-0.4625053662079708
6856,3.075615,3.532002271360123,-0.45638727136012314
6857,3.083107,3.532652854004288,-0.4495458540042878
6858,3.0825534,3.532839366159944,-0.4502859661599441
6859,3.091386,3.5326797569717012,-0.44129375697170126
6860,3.0948367,3.5323339966952094,-0.4374972966952093
6861,3.1003146,3.531736265466021,-0.43142166546602123
6862,3.1075363,3.5308169383611614,-0.42328063836116137
6863,3.115436,3.5297353786773957,-0.41429937867739586
6864,3.1294904,3.529007884099126,-0.399517484099126
6865,3.1396005,3.5276890017273423,-0.38808850172734255
6866,3.1517444,3.525359562518584,-0.37361516251858395
6867,3.1653366,3.523192653690896,-0.3578560536908961
6868,3.175268,3.521135543310784,-0.34586754331078406
6869,3.1749103,3.5194128267094063,-0.3445025267094062
6870,3.1868808,3.518370037610789,-0.3314892376107892
6871,3.189258,3.517542325689506,-0.32828432568950605
6872,3.1938324,3.516579641492376,-0.322747241492376
6873,3.1877322,3.5159198450811955,-0.32818764508119536
6874,3.1817288,3.515714586903446,-0.3339857869034457
6875,3.1621704,3.5158791600871933,-0.3537087600871933
6876,3.1417868,3.5164339811768786,-0.37464718117687834
6877,3.127605,3.517322678543322,-0.38971767854332207
6878,3.1073303,3.5185547719435792,-0.41122447194357914
6879,3.0965347,3.5203135720547682,-0.4237788720547684
6880,3.074597,3.5224511319785305,-0.44785413197853075
6881,3.0620978,3.525883576575334,-0.46378577657533393
6882,3.0546854,3.529787724216721,-0.47510232421672116
6883,3.0496564,3.5325559507768065,-0.4828995507768066
6884,3.041445,3.5352020382937526,-0.4937570382937526
6885,3.0342288,3.538173702637086,-0.5039449026370857
6886,3.0245132,3.5414738307756632,-0.5169606307756633
6887,3.0299237,3.544949682963077,-0.5150259829630772
6888,3.0288348,3.5502210713064817,-0.5213862713064819
6889,3.0370953,3.5560480725547143,-0.5189527725547145
6890,3.0337481,3.560868719061915,-0.5271206190619151
6891,3.0339825,3.5659079025801357,-0.5319254025801357
6892,3.0382233,3.5709628234112274,-0.5327395234112275
6893,3.0452728,3.5760947181642324,-0.5308219181642326
6894,3.0404706,3.5820124260554005,-0.5415418260554006
6895,3.0328565,3.58839571765251,-0.5555392176525102
6896,3.0313458,3.5943719880569214,-0.5630261880569214
6897,3.0289557,3.599927135548846,-0.570971435548846
6898,3.048197,3.604873127359062,-0.5566761273590619
6899,3.0517251,3.609011440606048,-0.5572863406060478
6900,3.050341,3.6124731378213326,-0.5621321378213326
6901,3.0487497,3.6154276978904822,-0.5666779978904821
6902,3.0487552,3.6181294663597394,-0.5693742663597394
6903,3.0613458,3.620671740401124,-0.5593259404011244
6904,3.0625436,3.6229098079267716,-0.5603662079267715
6905,3.0679889,3.625226436803472,-0.5572375368034721
6906,3.0611942,3.6291406888062197,-0.5679464888062196
6907,3.058027,3.6328953545604246,-0.5748683545604245
6908,3.0469906,3.636205646735049,-0.589215046735049
6909,3.0493262,3.638847836749231,-0.5895216367492311
6910,3.0444272,3.6411904300412656,-0.5967632300412657
6911,3.0277286,3.6433427898675967,-0.6156141898675966
6912,3.015478,3.6454947071561503,-0.6300167071561504
6913,2.992207,3.6476524673946575,-0.6554454673946575
6914,2.9733636,3.650073359931997,-0.6767097599319971
6915,2.95635,3.6538498123601104,-0.6974998123601104
6916,2.9464035,3.656803512954923,-0.7104000129549228
6917,2.9323285,3.659523288665741,-0.727194788665741
6918,2.918419,3.6638398889819985,-0.7454208889819984
6919,2.900102,3.667358496426201,-0.7672564964262012
6920,2.891354,3.6715158483547827,-0.7801618483547825
6921,2.8823428,3.6765344835562956,-0.7941916835562957
6922,2.875376,3.6804853039731347,-0.8051093039731345
6923,2.8658862,3.68440616120147,-0.8185199612014702
6924,2.864624,3.687561546433737,-0.822937546433737
6925,2.8670044,3.6897641508407872,-0.8227597508407873
6926,2.8723505,3.6912696970931527,-0.8189191970931526
6927,2.883681,3.69123368997858,-0.8075526899785799
6928,2.898128,3.689563046492208,-0.7914350464922082
6929,2.9083807,3.6876909390684656,-0.7793102390684656
6930,2.9152462,3.6858697862862893,-0.7706235862862894
6931,2.9420254,3.684065006654164,-0.7420396066541639
6932,2.9564111,3.6822074965502427,-0.7257963965502428
6933,2.9735837,3.6797233795013797,-0.7061396795013799
6934,2.9963489,3.676612983320067,-0.680264083320067
6935,3.0180652,3.673466695087145,-0.655401495087145
6936,3.067979,3.6702996817178506,-0.6023206817178508
6937,3.090489,3.667009190599966,-0.5765201905999664
6938,3.0949652,3.663421296013202,-0.5684560960132021
6939,3.0976737,3.65953901062423,-0.56186531062423
6940,3.1049793,3.655527490318132,-0.550548190318132
6941,3.105203,3.6514373156144293,-0.5462343156144294
6942,3.1113117,3.6472225421616127,-0.5359108421616128
6943,3.1253204,3.6432862770722516,-0.5179658770722515
6944,3.125497,3.639404801363084,-0.513907801363084
6945,3.1134174,3.6352694463772073,-0.5218520463772074
6946,3.1080725,3.631044654430275,-0.522972154430275
6947,3.0947669,3.6268400960183187,-0.5320731960183185
6948,3.0848935,3.622599795213925,-0.5377062952139249
6949,3.0860498,3.6175969023730246,-0.5315471023730245
6950,3.1030328,3.6115053732834257,-0.5084725732834259
6951,3.1046448,3.605235950110707,-0.500591150110707
6952,3.1007526,3.5995392653488087,-0.4987866653488089
6953,3.0896335,3.5932921079160587,-0.5036586079160585
6954,3.087591,3.585687486686425,-0.4980964866864248
6955,3.0790122,3.578024803449826,-0.4990126034498257
6956,3.0711462,3.5703361203201918,-0.49918992032019194
6957,3.0671353,3.5624133947782908,-0.4952780947782909
6958,3.0330288,3.5542460384250294,-0.5212172384250295
6959,3.0199268,3.5457781080756794,-0.5258513080756795
6960,3.0218036,3.5370815361113097,-0.5152779361113096
6961,3.0074375,3.5281880658356255,-0.5207505658356255
6962,2.999869,3.5190399013884246,-0.5191709013884247
6963,2.9900959,3.5097262546415706,-0.5196303546415706
6964,2.9878888,3.500313947516081,-0.512425147516081
6965,2.9761853,3.4909505750570977,-0.5147652750570977
6966,2.9745471,3.4815978813654547,-0.5070507813654546
6967,2.975829,3.4720800627107424,-0.4962510627107424
6968,2.9686115,3.4624995568076153,-0.49388805680761516
6969,2.9515653,3.4529437128386533,-0.5013784128386534
6970,2.9423883,3.4455124323631625,-0.5031241323631623
6971,2.926942,3.4375139424397965,-0.5105719424397965
6972,2.9173694,3.426697891298695,-0.5093284912986951
6973,2.9196875,3.415786683646595,-0.4960991836465949
6974,2.912687,3.4050229882162983,-0.4923359882162983
6975,2.9103992,3.394584344288155,-0.48418514428815485
6976,2.9004385,3.3843473956650336,-0.4839088956650337
6977,2.8910522,3.374154601580699,-0.48310240158069906
6978,2.8831613,3.364146531671686,-0.4809852316716863
6979,2.8665564,3.3542035723907415,-0.4876471723907416
6980,2.8435962,3.3442737019577016,-0.5006775019577017
6981,2.8520977,3.3345465377423262,-0.4824488377423264
6982,2.8440628,3.325070360539359,-0.4810075605393589
6983,2.8452814,3.3157670944513047,-0.4704856944513045
6984,2.8395374,3.3065730286919246,-0.4670356286919244
6985,2.8284793,3.297744391841381,-0.46926509184138077
6986,2.8255475,3.289229762568507,-0.4636822625685073
6987,2.8142722,3.2808980596464075,-0.46662585964640746
6988,2.808305,3.272722964746009,-0.4644179647460094
6989,2.7984912,3.2647438917595575,-0.4662526917595575
6990,2.7879093,3.2571472182493153,-0.4692379182493154
6991,2.7848663,3.2499434692078704,-0.46507716920787034
6992,2.7759683,3.2429001965155932,-0.4669318965155931
6993,2.7653635,3.2359380457344287,-0.4705745457344288
6994,2.756885,3.2291925357288465,-0.47230753572884643
6995,2.7525647,3.2224244856107433,-0.46985978561074315
6996,2.7481625,3.2157992918559186,-0.4676367918559188
6997,2.7507608,3.209334539481631,-0.45857373948163094
6998,2.7537875,3.2031157780460555,-0.44932827804605546
6999,2.7620065,3.1968405606559944,-0.4348340606559944
7000,2.7692554,3.1906268575073407,-0.4213714575073406
7001,2.77525,3.184512829834732,-0.4092628298347316
7002,2.7805264,3.1781604148896987,-0.39763401488969885
7003,2.7967432,3.171803559987669,-0.37506035998766896
7004,2.8021033,3.165432976319702,-0.3633296763197018
7005,2.8110101,3.160276508506663,-0.34926640850666324
7006,2.814379,3.1559417347184016,-0.3415627347184014
7007,2.8090537,3.1504998607298416,-0.34144616072984135
7008,2.7993164,3.14530918192126,-0.34599278192126004
7009,2.789856,3.1398802001329766,-0.35002420013297675
7010,2.7708337,3.13360007078003,-0.36276637078002993
7011,2.7598593,3.1270467295680344,-0.3671874295680344
7012,2.7507749,3.119875066352398,-0.36910016635239806
7013,2.7382443,3.1121079714689674,-0.3738636714689676
7014,2.7145975,3.103810888235449,-0.38921338823544893
7015,2.7002063,3.095566325771453,-0.3953600257714531
7016,2.6854138,3.0903050435143036,-0.4048912435143035
7017,2.6659274,3.0860418132971787,-0.4201144132971786
7018,2.6554914,3.0797857984919914,-0.4242943984919916
7019,2.6492615,3.072881353924175,-0.4236198539241749
7020,2.6358817,3.066747747760501,-0.43086604776050086
7021,2.6250076,3.0621166186610886,-0.43710901866108864
7022,2.6210425,3.0572828511441896,-0.43624035114418946
7023,2.6148245,3.050312641119684,-0.4354881411196838
7024,2.610622,3.0424393609977693,-0.43181736099776913
7025,2.606842,3.033945657305537,-0.4271036573055369
7026,2.5998492,3.025254906817089,-0.4254057068170889
7027,2.5873773,3.0160305161991867,-0.4286532161991867
7028,2.5749228,3.0064346728938576,-0.4315118728938576
7029,2.5667408,2.9966370261655433,-0.42989622616554346
7030,2.5568335,2.987115683224937,-0.4302821832249366
7031,2.5424488,2.9775823866282436,-0.43513358662824375
7032,2.538924,2.967696469054059,-0.42877246905405864
7033,2.529057,2.957096846064066,-0.428039846064066
7034,2.5188098,2.946255826468823,-0.4274460264688229
7035,2.510702,2.9356064199633933,-0.4249044199633931
7036,2.5005658,2.9248497887896177,-0.4242839887896177
7037,2.4919086,2.9136753290883006,-0.4217667290883007
7038,2.4876196,2.902294248231676,-0.4146746482316761
7039,2.4818082,2.8908426310658633,-0.4090344310658631
7040,2.461235,2.879296191727423,-0.41806119172742306
7041,2.4639652,2.8675675375250047,-0.40360233752500463
7042,2.452557,2.8557873252453807,-0.4032303252453806
7043,2.4482312,2.8443623171091446,-0.3961311171091446
7044,2.432362,2.8335540374795762,-0.4011920374795763
7045,2.4137247,2.8234910380302205,-0.40976633803022056
7046,2.3998108,2.815112971955511,-0.4153021719555108
7047,2.3841465,2.8091426917058606,-0.42499619170586067
7048,2.3646045,2.802003655298335,-0.4373991552983352
7049,2.3155386,2.7934762858363165,-0.47793768583631646
7050,2.3119931,2.785488745779172,-0.47349564577917214
7051,2.3432193,2.7782099901083948,-0.43499069010839486
7052,2.3031638,2.7714048288973046,-0.46824102889730446
7053,2.2944248,2.765027314908971,-0.470602514908971
7054,2.2816043,2.760767913829234,-0.4791636138292339
7055,2.2681797,2.7573205446373112,-0.4891408446373111
7056,2.2455695,2.753511852795568,-0.5079423527955678
7057,2.2436316,2.7505023070387487,-0.5068707070387486
7058,2.2443707,2.7482825523066134,-0.5039118523066133
7059,2.2369635,2.7468928063552096,-0.5099293063552097
7060,2.23315,2.746440482832271,-0.5132904828322706
7061,2.2406845,2.7474448008243564,-0.5067603008243564
7062,2.248984,2.7493456450771063,-0.5003616450771062
7063,2.2549646,2.7516606245444355,-0.4966960245444354
7064,2.2649167,2.7548546305239467,-0.48993793052394663
7065,2.2777112,2.759690638860006,-0.48197943886000605
7066,2.297421,2.7662309287440765,-0.46880992874407657
7067,2.3100193,2.772584955662815,-0.4625656556628148
7068,2.320985,2.7781822500008415,-0.45719725000084166
7069,2.3314078,2.7839456157506395,-0.45253781575063945
7070,2.3395178,2.789847501307963,-0.45032970130796324
7071,2.3568234,2.796229850831748,-0.4394064508317479
7072,2.3737445,2.8030940777880007,-0.42934957778800076
7073,2.393413,2.8123388543905774,-0.4189258543905776
7074,2.4070227,2.821936589910317,-0.41491388991031686
7075,2.4269235,2.829673701306673,-0.40275020130667283
7076,2.4368951,2.837532283532776,-0.4006371835327758
7077,2.4792686,2.845168687786198,-0.36590008778619776
7078,2.5158374,2.8526632494100204,-0.33682584941002025
7079,2.5480876,2.8600103576683296,-0.31192275766832944
7080,2.5761595,2.8670679963590078,-0.2909084963590076
7081,2.6001964,2.873881161482388,-0.27368476148238763
7082,2.620339,2.880315025439326,-0.2599760254393262
7083,2.63673,2.8860747367249235,-0.24934473672492352
7084,2.649511,2.896030468471405,-0.24651946847140493
7085,2.6588237,2.9060874971606494,-0.24726379716064928
7086,2.6648104,2.9124993896507436,-0.2476889896507437
7087,2.6676123,2.919176064779279,-0.251563764779279
7088,2.6793964,2.9254808562417858,-0.24608445624178588
7089,2.6989276,2.93168307820389,-0.23275547820388987
7090,2.7174149,2.939428867767317,-0.22201396776731697
7091,2.7362278,2.9477474152591547,-0.21151961525915475
7092,2.7468948,2.9551686644249493,-0.2082738644249491
7093,2.7446573,2.96229854847617,-0.21764124847616984
7094,2.748762,2.969421699774157,-0.22065969977415678
7095,2.7319238,2.9759349110395266,-0.24401111103952644
7096,2.715816,2.981852536244202,-0.2660365362442021
7097,2.7031708,2.989048807403709,-0.28587800740370906
7098,2.6961038,2.9971725673209626,-0.30106876732096266
7099,2.6929038,3.002140443190102,-0.30923664319010236
7100,2.6909485,3.0061606439415316,-0.3152121439415314
7101,2.6876276,3.0103475259753356,-0.3227199259753357
7102,2.6899545,3.014210610779651,-0.32425611077965133
7103,2.6947556,3.016832241682603,-0.3220766416826031
7104,2.701173,3.0184030464725136,-0.31723004647251374
7105,2.7084851,3.019047136210057,-0.3105620362100572
7106,2.7123494,3.0190912504657987,-0.3067418504657988
7107,2.7231753,3.018023863410451,-0.2948485634104512
7108,2.7353904,3.0156344127841517,-0.2802440127841517
7109,2.7485552,3.0125380884302038,-0.26398288843020357
7110,2.7622304,3.009044517834756,-0.24681411783475582
7111,2.7759762,3.004803159114566,-0.22882695911456574
7112,2.7893531,2.9997483734868933,-0.21039527348689324
7113,2.8019214,2.994048129221885,-0.19212672922188512
7114,2.8132417,2.9880690369568623,-0.17482733695686248
7115,2.8228745,2.982006397544066,-0.15913189754406565
7116,2.83038,2.9755518133496257,-0.1451718133496258
7117,2.8353186,2.968616824697537,-0.13329822469753694
7118,2.836357,2.9614160918833807,-0.1250590918833807
7119,2.8448062,2.9540841232008717,-0.10927792320087182
7120,2.855059,2.946715876305293,-0.09165687630529318
7121,2.8670328,2.939221067580811,-0.07218826758081098
7122,2.8772006,2.9313909608946918,-0.05419036089469165
7123,2.8940353,2.923268787026096,-0.02923348702609596
7124,2.8944995,2.915016938763155,-0.020517438763155038
7125,2.887909,2.9067273283527935,-0.0188183283527934
7126,2.877026,2.8985967155276797,-0.021570715527679862
7127,2.859447,2.8904484864897824,-0.031001486489782515
7128,2.8444116,2.8822006822866966,-0.03778908228669664
7129,2.828996,2.8741063989948215,-0.04511039899482139
7130,2.8164487,2.8660769404812307,-0.04962824048123071
7131,2.8062198,2.8592311204091976,-0.05301132040919754
7132,2.799858,2.8525610948013966,-0.05270309480139668
7133,2.8000379,2.8453898207594577,-0.04535192075945771
7134,2.8008575,2.838325330144632,-0.03746783014463162
7135,2.7999432,2.8314376696058527,-0.03149446960585278
7136,2.7964554,2.824959162405436,-0.02850376240543584
7137,2.7902548,2.818589657417804,-0.02833485741780395
7138,2.7825665,2.8121041524790154,-0.029537652479015186
7139,2.7692065,2.805636070174371,-0.03642957017437087
7140,2.7615695,2.8010210294339783,-0.03945152943397856
7141,2.756668,2.7983418789411596,-0.0416738789411597
7142,2.7535138,2.794178352459963,-0.040664552459963144
7143,2.7484915,2.789075902949645,-0.040584402949644716
7144,2.7426333,2.7838167659499673,-0.041183465949967246
7145,2.736169,2.778543128837038,-0.04237412883703806
7146,2.7272873,2.77316144192854,-0.04587414192854
7147,2.7204645,2.7674483744948994,-0.0469838744948996
7148,2.7220623,2.761139756035205,-0.03907745603520496
7149,2.727018,2.754357628863201,-0.027339628863200627
7150,2.7379324,2.7471547099803897,-0.009222309980389642
7151,2.7546017,2.7399619570122353,0.014639742987764492
7152,2.7721875,2.732773774093651,0.03941372590634895
7153,2.7955432,2.7254606547928657,0.0700825452071343
7154,2.821615,2.718185229118617,0.10342977088138294
7155,2.8451025,2.710968971175853,0.13413352882414697
7156,2.8655548,2.7040197283363696,0.16153507166363035
7157,2.8839612,2.697732078532418,0.18622912146758175
7158,2.891918,2.69142116967529,0.2004968303247101
7159,2.8932118,2.6848147715303425,0.20839702846965746
7160,2.8925397,2.6786632196607156,0.2138764803392843
7161,2.8911972,2.673133148493815,0.21806405150618513
7162,2.8890162,2.6683060839878596,0.2207101160121403
7163,2.8858287,2.6638979923227737,0.2219307076772261
7164,2.8814669,2.6613333356447333,0.22013356435526665
7165,2.8757632,2.661251871857504,0.21451132814249618
7166,2.8685496,2.661195518474557,0.20735408152544332
7167,2.859658,2.661871361220591,0.19778663877940916
7168,2.8489206,2.66316761069404,0.18575298930596018
7169,2.8361697,2.665744054673238,0.17042564532676208
7170,2.8202217,2.669524533541332,0.15069716645866782
7171,2.8180203,2.6741634801707654,0.1438568198292347
7172,2.8221698,2.679887969702324,0.14228183029767605
7173,2.8165,2.6874122601553267,0.12908773984467325
7174,2.8185284,2.6956985530951547,0.12282984690484522
7175,2.8224466,2.707311943471418,0.11513465652858201
7176,2.823724,2.720351656441486,0.10337234355851388
7177,2.8269217,2.7306997741676784,0.09622192583232181
7178,2.8356137,2.7398970707392265,0.09571662926077362
7179,2.840427,2.749462919320919,0.09096408067908124
7180,2.83746,2.759670579734466,0.07778942026553404
7181,2.8303375,2.7728086900104274,0.05752880998957277
7182,2.8159528,2.786725891970906,0.029226908029093668
7183,2.8016772,2.7980626666994026,0.0036145333005972446
7184,2.7866733,2.808569936484456,-0.021896636484456167
7185,2.768242,2.8193104652906893,-0.051068465290689424
7186,2.7583869,2.8302274919623973,-0.07184059196239723
7187,2.758461,2.841116180096107,-0.08265518009610684
7188,2.7612958,2.856464130646943,-0.09516833064694286
7189,2.7705219,2.8719475608256384,-0.10142566082563853
7190,2.7876608,2.883412323735712,-0.09575152373571205
7191,2.8046405,2.894831540406475,-0.09019104040647496
7192,2.8246045,2.90600738713449,-0.08140288713449007
7193,2.8480105,2.9204862404688567,-0.07247574046885674
7194,2.8770053,2.934704912061926,-0.057699612061925976
7195,2.8980975,2.944923354714872,-0.046825854714871884
7196,2.9221725,2.9546236533476646,-0.032451153347664796
7197,2.9446628,2.963780822560036,-0.019118022560035808
7198,2.963173,2.972153073282913,-0.008980073282913281
7199,2.9783673,2.9805840479697627,-0.002216747969762789
7200,2.9896939,2.9894358226189093,0.0002580773810905157
7201,2.998946,2.996209660087204,0.002736339912796204
7202,3.0065198,3.001554246973841,0.004965553026158975
7203,3.012329,3.0045094090997426,0.00781959090025719
7204,3.0213983,3.005964434158901,0.01543386584109907
7205,3.0317862,3.0064619307496963,0.025324269250303733
7206,3.04891,3.0060926085135966,0.04281739148640318
7207,3.0622342,3.004766631488001,0.057467568511998746
7208,3.0742111,3.002807261787568,0.07140383821243201
7209,3.0805829,3.001349356331065,0.07923354366893509
7210,3.0865161,2.9982901151352457,0.08822598486475419
7211,3.0773087,2.994294909098663,0.08301379090133709
7212,3.065555,2.990887829711928,0.0746671702880719
7213,3.0495496,2.9878957799965082,0.061653820003491955
7214,3.043652,2.9852403742707456,0.05841162572925418
7215,3.0376663,2.9808251294057273,0.05684117059427285
7216,3.038319,2.9798075382660696,0.0585114617339304
7217,3.0306735,2.980636944588088,0.05003655541191199
7218,3.0195563,2.9760760152407837,0.04348028475921639
7219,3.006109,2.97076355048439,0.03534544951561003
7220,2.9958344,2.9648140305195785,0.03102036948042164
7221,2.9869397,2.9587964406002456,0.028143259399754594
7222,2.9866452,2.9528101759196006,0.03383502408039929
7223,2.9850519,2.9452499050451113,0.0398019949548889
7224,2.985213,2.9350910894605207,0.05012191053947923
7225,2.990109,2.9244301641477275,0.06567883585227241
7226,2.9968305,2.9136189525748373,0.0832115474251629
7227,3.0034442,2.9028456950566213,0.10059850494337885
7228,3.0066745,2.8921347730757834,0.11453972692421655
7229,3.0092545,2.8813791989133706,0.12787530108662937
7230,3.0066605,2.8705133444063855,0.13614715559361468
7231,2.999915,2.859968916682106,0.13994608331789404
7232,2.994558,2.8509632146709025,0.14359478532909753
7233,2.9816895,2.8432358154423656,0.1384536845576343
7234,2.9626431,2.835475110810652,0.12716798918934824
7235,2.9417017,2.828519763880711,0.11318193611928873
7236,2.9170673,2.8221171435973025,0.09495015640269733
7237,2.8951428,2.8159651165933783,0.07917768340662157
7238,2.875666,2.8109820838546784,0.06468391614532143
7239,2.8598645,2.807089210437808,0.05277528956219202
7240,2.837315,2.8042610762991167,0.033053923700883114
7241,2.8281186,2.801600142299927,0.026518457700072773
7242,2.8203332,2.799005152664687,0.021328047335313016
7243,2.811153,2.7963907325242605,0.014762267475739499
7244,2.8081567,2.793763395636653,0.01439330436334707
7245,2.812586,2.7914967122281387,0.021089287771861365
7246,2.814841,2.7894688272906505,0.02537217270934944
7247,2.8246667,2.7888365774306307,0.03583012256936913
7248,2.8366895,2.7912735371759783,0.045415962824021605
7249,2.8549542,2.7938329344156205,0.06112126558437936
7250,2.87169,2.795181164246563,0.07650883575343714
7251,2.8950086,2.796847129918105,0.09816147008189535
7252,2.9156647,2.7990247743039056,0.1166399256960946
7253,2.9419382,2.80234132140774,0.1395968785922599
7254,2.9692667,2.8056614281043033,0.16360527189569662
7255,2.9897015,2.808201732873682,0.18149976712631766
7256,3.0051172,2.8111835299884187,0.19393367001158124
7257,3.0162768,2.8151847622995314,0.20109203770046857
7258,3.0046556,2.819862307440731,0.1847932925592688
7259,2.9951344,2.8248086918750244,0.1703257081249756
7260,2.9887333,2.830100962499147,0.15863233750085293
7261,2.9847367,2.8356581207496734,0.14907857925032664
7262,2.9824297,2.8446657475031567,0.13776395249684326
7263,2.981097,2.8551808561862106,0.12591614381378946
7264,2.9800234,2.8673263149200134,0.11269708507998644
7265,2.9784937,2.8794595704633448,0.09903412953665525
7266,2.9757926,2.8905150870417233,0.08527751295827679
7267,2.971205,2.9020569603519712,0.06914803964802863
7268,2.9640152,2.913941532794336,0.05007366720566386
7269,2.9535031,2.9259202446342543,0.027582855365745562
7270,2.9445288,2.9397923715145455,0.004736428485454525
7271,2.9684436,2.9546797612112448,0.013763838788755312
7272,2.9851794,2.9683283879421722,0.016851012057827575
7273,3.0080655,2.981048499855139,0.02701700014486086
7274,3.0291421,2.992369025546129,0.036773074453871235
7275,3.0455616,3.0040178572212173,0.04154374277878281
7276,3.0610852,3.014367620055921,0.0467175799440791
7277,3.065968,3.0226011146487832,0.04336688535121658
7278,3.0746253,3.028081560444317,0.04654373955568314
7279,3.080998,3.0313320289495245,0.049665971050475655
7280,3.0823703,3.03458812268536,0.04778217731464007
7281,3.0898263,3.0364032590398753,0.053423040960124624
7282,3.075796,3.0358783554657798,0.0399176445342202
7283,3.0645,3.0351788929508174,0.029321107049182338
7284,3.0568662,3.0358448918687966,0.021021308131203398
7285,3.0488575,3.0363482374395088,0.01250926256049123
7286,3.0443976,3.035369749670148,0.009027850329851983
7287,3.038753,3.0351262236264556,0.0036267763735442493
7288,3.039118,3.035122450921217,0.003995549078783078
7289,3.0405622,3.0356220939518987,0.004940106048101356
7290,3.0454876,3.0366636158301383,0.008823984169861632
7291,3.050452,3.037671573099914,0.01278042690008574
7292,3.0516608,3.039140284309428,0.012520515690571887
7293,3.049152,3.0408821945699946,0.008269805430005217
7294,3.048025,3.042688533454969,0.005336466545030838
7295,3.0489523,3.0466684041271637,0.0022838958728361725
7296,3.0530722,3.0534089836021887,-0.000336783602188806
7297,3.051929,3.058619493684395,-0.006690493684395005
7298,3.0435443,3.062548346926794,-0.019004046926793805
7299,3.0378888,3.0662135641788226,-0.02832476417882246
7300,3.0329306,3.0702514233631,-0.037320823363100164
7301,3.046791,3.0740534030666695,-0.027262403066669716
7302,3.0361786,3.0781771221145204,-0.04199852211452049
7303,3.0268326,3.08212006777276,-0.055287467772759946
7304,3.0231836,3.0852832856609775,-0.06209968566097768
7305,3.0192838,3.087678023742981,-0.06839422374298065
7306,3.0144196,3.090712465668429,-0.07629286566842897
7307,2.997788,3.0940166125760813,-0.0962286125760814
7308,2.9766283,3.097580257030606,-0.12095195703060613
7309,2.9611483,3.099282668308935,-0.13813436830893489
7310,2.9500859,3.09972544509822,-0.14963954509821997
7311,2.942179,3.0984017258635124,-0.1562227258635125
7312,2.936166,3.0951168537060876,-0.15895085370608752
7313,2.9307847,3.090628461705168,-0.15984376170516823
7314,2.924774,3.085770232012277,-0.16099623201227686
7315,2.916871,3.0806555516812337,-0.16378455168123374
7316,2.9058146,3.075285800652563,-0.16947120065256316
7317,2.8903425,3.069812595995593,-0.17947009599559305
7318,2.8691933,3.0639899042203607,-0.1947966042203606
7319,2.8411038,3.0580212827615156,-0.21691748276151568
7320,2.8202024,3.05171762613219,-0.23151522613219022
7321,2.8145022,3.0455036664237554,-0.2310014664237552
7322,2.8010504,3.0389267955821473,-0.23787639558214746
7323,2.7987726,3.0315363429758646,-0.23276374297586466
7324,2.781554,3.023973946265549,-0.24241994626554897
7325,2.768,3.0167928367596977,-0.24879283675969788
7326,2.7614048,3.009492517308547,-0.24808771730854673
7327,2.7540097,3.0022869591883548,-0.24827725918835464
7328,2.744328,2.994719541185237,-0.2503915411852371
7329,2.729685,2.986774862954457,-0.2570898629544569
7330,2.7125766,2.978246843603321,-0.26567024360332114
7331,2.6953409,2.968931330752594,-0.27359043075259404
7332,2.6731699,2.959386994950266,-0.28621709495026604
7333,2.6550238,2.94940167401188,-0.2943778740118801
7334,2.6397922,2.9387647089216324,-0.2989725089216324
7335,2.6171908,2.927824921063871,-0.3106341210638712
7336,2.5985446,2.9176667378861048,-0.3191221378861049
7337,2.588829,2.908140004317059,-0.31931100431705906
7338,2.570792,2.8982415515462385,-0.32744955154623856
7339,2.5607278,2.8889330130913278,-0.3282052130913278
7340,2.5520434,2.880122600147867,-0.32807920014786696
7341,2.539311,2.8712899494668727,-0.33197894946687256
7342,2.5198941,2.8623296936223745,-0.3424355936223744
7343,2.5143988,2.8535124432423697,-0.3391136432423698
7344,2.4635565,2.844767391236377,-0.38121089123637697
7345,2.4556928,2.836534285199822,-0.38084148519982186
7346,2.4457474,2.8300268142009566,-0.38427941420095646
7347,2.4242172,2.825773959034677,-0.4015567590346767
7348,2.4130313,2.820703077670536,-0.4076717776705361
7349,2.4152179,2.81595894890711,-0.40074104890710993
7350,2.3983035,2.811415676283078,-0.4131121762830783
7351,2.3707995,2.807797006886917,-0.4369975068869172
7352,2.3537369,2.803506833649904,-0.4497699336499039
7353,2.3350132,2.7986929524965496,-0.46367975249654947
7354,2.323216,2.7934864519381852,-0.4702704519381853
7355,2.32181,2.7886955426683575,-0.46688554266835736
7356,2.323035,2.784433805435306,-0.461398805435306
7357,2.3254428,2.7802204109371895,-0.4547776109371897
7358,2.3227954,2.777444555060586,-0.454649155060586
7359,2.3253446,2.7743177263001333,-0.4489731263001331
7360,2.3243268,2.771306327588418,-0.4469795275884181
7361,2.3212903,2.768302419130101,-0.4470121191301013
7362,2.3247616,2.7675028898487506,-0.4427412898487506
7363,2.310451,2.768124023164635,-0.4576730231646349
7364,2.3080084,2.768307661937824,-0.46029926193782433
7365,2.3025818,2.7677724688752603,-0.4651906688752603
7366,2.297033,2.767779070569855,-0.47074607056985496
7367,2.2948477,2.7690022643312484,-0.47415456433124836
7368,2.2930396,2.770981003194013,-0.4779414031940128
7369,2.2929165,2.772349378753206,-0.47943287875320584
7370,2.2926505,2.774033622303396,-0.48138312230339597
7371,2.2827911,2.776450201449762,-0.493659101449762
7372,2.2902722,2.778885467773758,-0.4886132677737578
7373,2.2733002,2.780964036098242,-0.5076638360982422
7374,2.2771192,2.7823337137825597,-0.5052145137825597
7375,2.2871268,2.783434769551381,-0.49630796955138123
7376,2.3009381,2.7845066845948496,-0.4835685845948494
7377,2.290584,2.7858254146463475,-0.4952414146463475
7378,2.2960587,2.7874749198139033,-0.49141621981390315
7379,2.3123386,2.7892850713207,-0.4769464713207001
7380,2.327895,2.791326242076772,-0.46343124207677233
7381,2.3486316,2.7935967594127162,-0.4449651594127162
7382,2.3731647,2.796067086139002,-0.4229023861390022
7383,2.3985825,2.7985622670119676,-0.3999797670119678
7384,2.43465,2.800970153879411,-0.36632015387941097
7385,2.4598181,2.804396287008666,-0.3445781870086657
7386,2.4965515,2.807700722934546,-0.3111492229345463
7387,2.5202005,2.810779525949583,-0.29057902594958307
7388,2.5341394,2.8143848050466262,-0.2802454050466263
7389,2.551834,2.819462424676322,-0.26762842467632186
7390,2.5625958,2.824589195124181,-0.26199339512418085
7391,2.5715833,2.829065094411839,-0.25748179441183927
7392,2.5674756,2.8331521478189567,-0.2656765478189569
7393,2.5533545,2.8375621804113282,-0.28420768041132805
7394,2.557772,2.8419940125696805,-0.2842220125696806
7395,2.5433578,2.8461703380568224,-0.3028125380568225
7396,2.5357068,2.850072026275215,-0.314365226275215
7397,2.5229,2.8535859431363964,-0.33068594313639643
7398,2.5239017,2.85691712370279,-0.3330154237027898
7399,2.5193808,2.8596623046770993,-0.3402815046770993
7400,2.523588,2.861879451075192,-0.33829145107519176
7401,2.5210855,2.863601774281631,-0.342516274281631
7402,2.534486,2.8654098488366984,-0.33092384883669856
7403,2.5424097,2.867483540842291,-0.3250738408422911
7404,2.5612772,2.8693779825453256,-0.30810078254532547
7405,2.5791223,2.870205291012827,-0.2910829910128272
7406,2.594465,2.8702947279241253,-0.2758297279241253
7407,2.6097543,2.869820353282627,-0.2600660532826269
7408,2.6269891,2.8691070856251675,-0.24211798562516762
7409,2.6403165,2.8678690516204446,-0.22755255162044463
7410,2.6454175,2.86589719251141,-0.22047969251140964
7411,2.65546,2.8632251147880208,-0.20776511478802062
7412,2.660127,2.859902323963314,-0.19977532396331377
7413,2.650201,2.8558588039342574,-0.20565780393425737
7414,2.6459274,2.8509134823333855,-0.20498608233338533
7415,2.627983,2.845301598817002,-0.21731859881700188
7416,2.6116846,2.839452472105148,-0.22776787210514815
7417,2.601521,2.833198018011389,-0.23167701801138918
7418,2.5839746,2.8270692858318824,-0.24309468583188254
7419,2.566961,2.8211374401881315,-0.25417644018813146
7420,2.5517328,2.8154916806888957,-0.26375888068889575
7421,2.535505,2.8098508727769214,-0.27434587277692124
7422,2.5255988,2.8043733237090036,-0.2787745237090036
7423,2.5158374,2.7998845927139007,-0.28404719271390055
7424,2.5054767,2.7953376599020014,-0.28986095990200145
7425,2.4862149,2.79092660335611,-0.3047117033561104
7426,2.476724,2.786687880379944,-0.30996388037994427
7427,2.4539282,2.7836593857947984,-0.32973118579479843
7428,2.4385867,2.78105498084226,-0.3424682808422599
7429,2.4249136,2.7781291169498883,-0.3532155169498883
7430,2.4110587,2.7751344335104458,-0.36407573351044586
7431,2.4038937,2.7719925426064704,-0.36809884260647063
7432,2.4002728,2.7693251498439575,-0.3690523498439573
7433,2.4118183,2.7664446948271757,-0.3546263948271755
7434,2.4007971,2.7623042991264146,-0.3615071991264145
7435,2.3925421,2.7565226426228233,-0.3639805426228233
7436,2.3907068,2.7509488953068946,-0.36024209530689477
7437,2.3995624,2.7456583104758887,-0.3460959104758885
7438,2.4090817,2.740753280312389,-0.33167158031238886
7439,2.4110272,2.73612972674729,-0.32510252674729
7440,2.4220603,2.7317706341395698,-0.3097103341395697
7441,2.4221442,2.7278906271325827,-0.3057464271325827
7442,2.4281354,2.7244430585873722,-0.2963076585873723
7443,2.4347262,2.721451940391235,-0.2867257403912351
7444,2.447718,2.7188629394603265,-0.2711449394603265
7445,2.4582083,2.7167435919649625,-0.2585352919649626
7446,2.469067,2.715249071661523,-0.24618207166152306
7447,2.480495,2.717488673050412,-0.2369936730504123
7448,2.4799957,2.7216940430516936,-0.2416983430516937
7449,2.487367,2.7246757733507856,-0.2373087733507857
7450,2.5071924,2.7282141405653446,-0.22102174056534452
7451,2.5272534,2.7323551978811786,-0.20510179788117844
7452,2.5480084,2.7370584915438045,-0.18905009154380448
7453,2.5678482,2.7426855089293305,-0.1748373089293307
7454,2.5892596,2.749486763614541,-0.16022716361454092
7455,2.6161554,2.75697607131814,-0.14082067131814036
7456,2.6500995,2.7647757517628264,-0.11467625176282636
7457,2.6730652,2.7730757349092516,-0.10001053490925171
7458,2.6920002,2.7812268373224307,-0.08922663732243086
7459,2.7102945,2.7898445338861295,-0.07955003388612969
7460,2.7284372,2.798764800198224,-0.07032760019822382
7461,2.7344577,2.80753879649344,-0.07308109649344008
7462,2.7382333,2.816035635759388,-0.077802335759388
7463,2.7406528,2.8246914115481303,-0.08403861154813042
7464,2.7422214,2.8330630059102826,-0.09084160591028256
7465,2.7500153,2.841278907750413,-0.0912636077504132
7466,2.7493613,2.8497076196071545,-0.10034631960715457
7467,2.7447727,2.858120775497757,-0.11334807549775716
7468,2.7506146,2.867313515642971,-0.11669891564297119
7469,2.7519553,2.876448556093762,-0.12449325609376194
7470,2.7488446,2.885465454936054,-0.13662085493605414
7471,2.7539496,2.895067756968629,-0.14111815696862928
7472,2.7535446,2.905109553360676,-0.15156495336067577
7473,2.7527306,2.9161096259098054,-0.16337902590980535
7474,2.7514284,2.927603500860626,-0.17617510086062582
7475,2.7495592,2.9390961873058976,-0.1895369873058974
7476,2.7470438,2.950806623716917,-0.20376282371691667
7477,2.7438035,2.962671793769891,-0.21886829376989114
7478,2.7397594,2.9740365634184864,-0.23427716341848637
7479,2.7348325,2.9850723378708373,-0.25023983787083726
7480,2.7289436,2.995916042756746,-0.2669724427567459
7481,2.7220142,3.006578824790941,-0.28456462479094125
7482,2.713965,3.0169936011379574,-0.3030286011379575
7483,2.7047172,3.027160293005121,-0.32244309300512075
7484,2.694192,3.0367595567177115,-0.34256755671771133
7485,2.6823103,3.04587360313173,-0.36356330313173
7486,2.675452,3.054906787013816,-0.37945478701381585
7487,2.6742444,3.0638030431391408,-0.3895586431391407
7488,2.6752896,3.0725283429836736,-0.39723874298367345
7489,2.6774967,3.0807829241310363,-0.40328622413103643
7490,2.6794727,3.0885260089269275,-0.4090533089269277
7491,2.6864789,3.0961667469667207,-0.40968784696672067
7492,2.6922498,3.1034817537339463,-0.4112319537339464
7493,2.6956003,3.1106094779684064,-0.4150091779684062
7494,2.7026923,3.1174346794791568,-0.41474237947915693
7495,2.7027588,3.1240937245572957,-0.42133492455729593
7496,2.710033,3.1304012262391394,-0.4203682262391393
7497,2.714748,3.13638769635351,-0.42163969635350984
7498,2.7245505,3.1417939813549935,-0.4172434813549937
7499,2.73074,3.1466510162509076,-0.41591101625090765
