,Actual pupil,Predicted pupil,residue
0,,4.351400088299035,
1,,4.341563090097591,
2,4.384793,4.331493336732691,0.053299663267309505
3,4.3984714,4.321220286215638,0.07725111378436189
4,4.4148474,4.310775993081548,0.10407140691845207
5,4.4275556,4.300193843215703,0.12736175678429706
6,4.4462028,4.289507736857461,0.15669506314253923
7,4.449101,4.278751933900506,0.17034906609949374
8,4.4521365,4.267960472145204,0.1841760278547957
9,4.454127,4.257166503494126,0.19696049650587355
10,4.4307566,4.246401771685688,0.18435482831431127
11,4.3714285,4.235696037276366,0.13573246272363448
12,4.3171725,4.22507656424261,0.09209593575739028
13,4.2574573,4.214567558045701,0.04288974195429862
14,4.201133,4.204189414959029,-0.003056414959029752
15,4.143183,4.193958359635284,-0.05077535963528401
16,4.084066,4.183886660023365,-0.0998206600233651
17,4.02427,4.173982805409916,-0.1497128054099166
18,3.9699783,4.164251652186623,-0.1942733521866229
19,3.919584,4.154694831028325,-0.23511083102832542
20,3.8757248,4.1453112498110345,-0.2695864498110345
21,3.8433347,4.136097494396417,-0.2927627943964164
22,3.825932,4.127048152462923,-0.30111615246292267
23,3.8181164,4.118156018455425,-0.3000396184554246
24,3.8219159,4.109412188136412,-0.28749628813641204
25,3.835834,4.100806218809403,-0.2649722188094028
26,3.856759,4.09232644797495,-0.23556744797495055
27,3.860674,4.08396033870728,-0.22328633870728032
28,3.8670886,4.075694800107933,-0.20860620010793296
29,3.8776104,4.06751655979964,-0.18990615979963987
30,3.891879,4.059412522319717,-0.1675335223197174
31,3.9095352,4.051369755308887,-0.14183455530888667
32,3.9302182,4.043375210423368,-0.11315701042336768
33,3.9535682,4.035415770250838,-0.08184757025083789
34,3.9792254,4.027478737330834,-0.048253337330834256
35,4.0068293,4.019552420800251,-0.012723120800250953
36,4.0360208,4.011626565678306,0.02439423432169452
37,4.0664387,4.0036926342485515,0.06274606575144848
38,4.0977244,3.9957440507502637,0.10198034924973598
39,4.129248,3.987776715626416,0.14147128437358347
40,4.151679,3.984187730355321,0.16749126964467864
41,4.1687512,3.9835861456736597,0.18516505432634034
42,4.17482,3.9815092410095123,0.1933107589904881
43,4.1646314,3.9793914459511264,0.18523995404887383
44,4.1410327,3.977584918696368,0.16344778130363213
45,4.113401,3.9762810677609006,0.13711993223909902
46,4.0853095,3.9746049300517585,0.11070456994824163
47,4.067787,3.9735910502497673,0.09419594975023271
48,4.0619726,3.973125767176854,0.08884683282314576
49,4.0629053,3.97250612680436,0.09039917319563973
50,4.0685043,3.970208923158451,0.09829537684154888
51,4.074464,3.965963220294118,0.1085007797058819
52,4.08102,3.961026305568445,0.1199936944315545
53,4.088715,3.956169956563357,0.13254504343664264
54,4.0885625,3.9514407540693384,0.13712174593066173
55,4.085899,3.9468516807143046,0.1390473192856958
56,4.0814495,3.9424687466062407,0.13898075339375904
57,4.0752954,3.938317416258928,0.13697798374107206
58,4.0675173,3.934558117995401,0.13295918200459855
59,4.058197,3.93119419162684,0.12700280837316003
60,4.047414,3.928095319345287,0.11931868065471285
61,4.03525,3.9252239009167216,0.11002609908327798
62,4.0217867,3.922473894619361,0.09931280538063891
63,4.0071034,3.9198159061999736,0.08728749380002654
64,3.9912825,3.9171749415891184,0.07410755841088168
65,3.9744039,3.914491540021631,0.05991235997836908
66,3.9565103,3.911822831765469,0.04468746823453129
67,3.9361966,3.9092604385828817,0.02693616141711841
68,3.9152997,3.9068661206327047,0.008433579367295163
69,3.889486,3.9046377341712986,-0.015151734171298337
70,3.862902,3.902560763857509,-0.039658763857508994
71,3.8312716,3.900736353259182,-0.06946475325918211
72,3.7895617,3.8991758148326667,-0.10961411483266659
73,3.7460873,3.8976111971965244,-0.15152389719652426
74,3.7042203,3.89612091696593,-0.1919006169659303
75,3.6600482,3.894557131402619,-0.23450893140261897
76,3.6275885,3.892842622711563,-0.26525412271156323
77,3.5957913,3.8910445281614097,-0.29525322816140953
78,3.5723627,3.8894697028981753,-0.3171070028981755
79,3.556609,3.8890435329340773,-0.33243453293407743
80,3.539286,3.888733843996844,-0.34944784399684403
81,3.5207074,3.888290283136555,-0.36758288313655507
82,3.498244,3.888005744143698,-0.3897617441436978
83,3.4731107,3.8881179702302666,-0.41500727023026673
84,3.4544601,3.8884454444970213,-0.4339853444970214
85,3.4383829,3.8888293382116736,-0.4504464382116735
86,3.4317768,3.8894839319528414,-0.4577071319528412
87,3.430676,3.890507194377548,-0.45983119437754816
88,3.4316254,3.8924588472085073,-0.46083344720850716
89,3.4438803,3.894765855853362,-0.450885555853362
90,3.456932,3.8970112288702587,-0.44007922887025863
91,3.461332,3.8994022076428623,-0.4380702076428622
92,3.463816,3.9020761954853835,-0.43826019548538353
93,3.4625485,3.9047801149738226,-0.4422316149738226
94,3.4595892,3.9074667482728236,-0.44787754827282367
95,3.4608188,3.9101961288700626,-0.44937732887006243
96,3.4661908,3.91303535633952,-0.4468445563395198
97,3.4823718,3.9161174894903064,-0.43374568949030623
98,3.4833102,3.9196200208589547,-0.43630982085895464
99,3.5113428,3.9234256240983005,-0.41208282409830055
100,3.5504074,3.92735441944067,-0.3769470194406699
101,3.5912814,3.9314476741322877,-0.3401662741322875
102,3.6341488,3.9357245076860963,-0.3015757076860961
103,3.6773746,3.9401739461300593,-0.2627993461300595
104,3.7140796,3.944721408333188,-0.23064180833318826
105,3.7524283,3.9500477315549225,-0.19761943155492245
106,3.78177,3.9563653201948745,-0.17459532019487467
107,3.8097894,3.962256911766367,-0.15246751176636675
108,3.8293762,3.9677466584424548,-0.13837045844245477
109,3.843764,3.9730497226543355,-0.12928572265433536
110,3.8556845,3.97814371761255,-0.12245921761254985
111,3.8646207,3.983083182357105,-0.11846248235710499
112,3.8749619,3.9878688470051933,-0.1129069470051931
113,3.880212,3.9924665506898918,-0.11225455068989154
114,3.8863428,3.9963989964367186,-0.1100561964367186
115,3.8934598,3.9992858757720686,-0.1058260757720686
116,3.899643,4.0012631254601105,-0.10162012546011034
117,3.9064658,4.002892822426983,-0.09642702242698276
118,3.9118478,4.00437161953177,-0.09252381953176991
119,3.9326367,4.00571261252578,-0.07307591252578005
120,3.9376538,4.00670940900991,-0.06905560900991015
121,3.9425147,4.007413384601479,-0.0648986846014794
122,3.9371665,4.007840001558349,-0.07067350155834884
123,3.9230587,4.007866488626281,-0.0848077886262808
124,3.904116,4.007486983964444,-0.10337098396444411
125,3.886648,4.00699405134278,-0.12034605134278031
126,3.8765182,4.006550283569387,-0.13003208356938734
127,3.8754044,4.008404093986467,-0.13299969398646727
128,3.86854,4.012195190167637,-0.1436551901676375
129,3.8647754,4.01592929036214,-0.15115389036214033
130,3.8526273,4.019876768583324,-0.16724946858332412
131,3.828732,4.02397474132887,-0.1952427413288702
132,3.792413,4.028298977950351,-0.2358859779503515
133,3.75155,4.03288651416908,-0.28133651416908023
134,3.7197003,4.03796701444078,-0.31826671444078025
135,3.7040634,4.0425981947629195,-0.3385347947629196
136,3.695124,4.045380005603265,-0.3502560056032653
137,3.699899,4.046122411186011,-0.3462234111860112
138,3.7133734,4.046127068032402,-0.33275366803240214
139,3.7313821,4.0466174842686256,-0.31523538426862574
140,3.7518191,4.047045987405162,-0.2952268874051618
141,3.7719562,4.047484264829028,-0.2755280648290279
142,3.7943518,4.047913258248736,-0.25356145824873577
143,3.812936,4.047860291756165,-0.23492429175616492
144,3.8248074,4.047048237422638,-0.22224083742263812
145,3.8339856,4.045735364980544,-0.211749764980544
146,3.8360193,4.0441534490775,-0.20813414907750039
147,3.8388913,4.0425432427861745,-0.2036519427861747
148,3.8407266,4.0409822416985826,-0.20025564169858256
149,3.8428845,4.039860627912071,-0.19697612791207098
150,3.8415668,4.03892362417829,-0.19735682417829015
151,3.835144,4.038476241581442,-0.20333224158144203
152,3.811433,4.038140776368661,-0.22670777636866113
153,3.81302,4.037534268399638,-0.22451426839963773
154,3.7841208,4.036453400297261,-0.2523326002972608
155,3.7702005,4.035098776421226,-0.26489827642122554
156,3.7620108,4.0336203746328465,-0.2716095746328464
157,3.7585144,4.0334737859736185,-0.27495938597361835
158,3.759889,4.0340406808768146,-0.27415168087681474
159,3.7621384,4.034416977225343,-0.27227857722534266
160,3.7668827,4.03493458205072,-0.2680518820507203
161,3.790985,4.035353207331156,-0.24436820733115638
162,3.8063037,4.035675977382118,-0.22937227738211785
163,3.8119571,4.035966801304028,-0.22400970130402786
164,3.8210177,4.036411411210863,-0.21539371121086281
165,3.8289893,4.036729647758079,-0.20774034775807948
166,3.8360171,4.036490785557488,-0.20047368555748823
167,3.847908,4.035439846710299,-0.18753184671029954
168,3.8639362,4.0337868743770375,-0.1698506743770376
169,3.8845487,4.032035512237526,-0.1474868122375259
170,3.9075885,4.030191838600305,-0.12260333860030492
171,3.9290576,4.028277937579715,-0.09922033757971516
172,3.9507992,4.0263379857821695,-0.07553878578216944
173,3.9723456,4.02435997043252,-0.05201437043251955
174,3.991174,4.022596941969164,-0.031422941969164064
175,4.00782,4.020918282211323,-0.013098282211323031
176,4.024511,4.019191433773784,0.00531956622621621
177,4.03908,4.0177263316605485,0.021353668339451737
178,4.0514917,4.016781830464864,0.03470986953513577
179,4.061321,4.015735783282189,0.04558521671781168
180,4.068357,4.014885331070638,0.053471668929361726
181,4.074474,4.014750634660318,0.05972336533968203
182,4.0795603,4.0144810181381025,0.06507928186189726
183,4.0834603,4.0140033614195945,0.06945693858040514
184,4.0865073,4.013420035263181,0.07308726473681926
185,4.0903134,4.012636408379537,0.07767699162046338
186,4.091679,4.011586735867263,0.08009226413273662
187,4.0943146,4.01009262568991,0.08422197431008982
188,4.0963235,4.008107502787619,0.08821599721238016
189,4.0994196,4.006271999476009,0.09314760052399063
190,4.104772,4.004677096265352,0.10009490373464747
191,4.10987,4.003600625102777,0.10626937489722277
192,4.116382,4.002276575365883,0.11410542463411666
193,4.1198316,3.99979678431695,0.12003481568305041
194,4.119857,3.9964826983851243,0.12337430161487539
195,4.1167,3.99230924429509,0.12439075570490976
196,4.106735,3.9878333156778787,0.11890168432212089
197,4.0934997,3.983323888229661,0.11017581177033886
198,4.089166,3.978847182097307,0.1103188179026926
199,4.0771995,3.9747324687968533,0.1024670312031466
200,4.0584545,3.971847522402355,0.0866069775976448
201,4.0343575,3.9693988028482368,0.06495869715176283
202,4.0063367,3.966408755330518,0.03992794466948224
203,3.975818,3.9635317157206367,0.01228628427936318
204,3.9442294,3.960834193399214,-0.016604793399213946
205,3.9129968,3.958241426289282,-0.04524462628928205
206,3.883549,3.9557271542908268,-0.07217815429082686
207,3.8573112,3.953376217040484,-0.09606501704048398
208,3.8357122,3.9511586921538258,-0.11544649215382563
209,3.8201778,3.94922133784157,-0.12904353784156974
210,3.8121357,3.947568911227902,-0.1354332112279022
211,3.8196716,3.946082988053213,-0.12641138805321317
212,3.82547,3.9447356715659105,-0.11926567156591039
213,3.8251877,3.9435283927174223,-0.11834069271742242
214,3.8172183,3.942779761342237,-0.1255614613422371
215,3.8026156,3.9424760829203542,-0.13986048292035402
216,3.7801895,3.9424085270432627,-0.16221902704326263
217,3.7459586,3.942412751308435,-0.19645415130843524
218,3.7162704,3.9424588547609516,-0.22618845476095162
219,3.6946695,3.9427167744402993,-0.2480472744402995
220,3.6700222,3.9431373635697313,-0.2731151635697313
221,3.6464908,3.943689854164413,-0.29719905416441295
222,3.622684,3.9443330973269544,-0.32164909732695435
223,3.605011,3.945017712209534,-0.3400067122095338
224,3.585932,3.945696366373445,-0.35976436637344467
225,3.571264,3.9463770896281454,-0.37511308962814516
226,3.555205,3.947119953880704,-0.3919149538807041
227,3.5513,3.948007807353787,-0.3967078073537871
228,3.5469513,3.949206411422974,-0.4022551114229742
229,3.5462265,3.9514882747908455,-0.4052617747908456
230,3.5508325,3.9547453214465955,-0.4039128214465957
231,3.5553415,3.9581920286773067,-0.40285052867730675
232,3.564937,3.961874155786921,-0.396937155786921
233,3.5765152,3.965667261914296,-0.3891520619142961
234,3.587872,3.9690752418673263,-0.38120324186732635
235,3.6083004,3.97196579591951,-0.36366539591950975
236,3.6302567,3.9745811352977416,-0.3443244352977417
237,3.6582248,3.9768714946209154,-0.3186466946209152
238,3.6839676,3.9788920722123122,-0.2949244722123123
239,3.7113461,3.9811648752493825,-0.26981877524938236
240,3.739635,3.9832871253699045,-0.24365212536990466
241,3.7719574,3.985368224066248,-0.21341082406624823
242,3.7997708,3.987658650685917,-0.18788785068591674
243,3.824754,3.9901719151688217,-0.16541791516882176
244,3.846503,3.992693984743215,-0.14619098474321524
245,3.8570502,3.9951304579256846,-0.13808025792568435
246,3.8678067,3.9975690303027047,-0.12976233030270468
247,3.8707614,4.000021146142408,-0.12925974614240765
248,3.8823688,4.002430718226512,-0.12006191822651235
249,3.8924582,4.00469527592084,-0.11223707592083976
250,3.89225,4.006861255139986,-0.11461125513998605
251,3.8901138,4.009009771263023,-0.11889597126302309
252,3.8894827,4.011228606273031,-0.12174590627303106
253,3.8852081,4.013534518749905,-0.12832641874990536
254,3.879521,4.016008750787902,-0.13648775078790232
255,3.8626535,4.0186055317337885,-0.15595203173378858
256,3.8442438,4.020832227936332,-0.17658842793633234
257,3.8193305,4.022333766734762,-0.20300326673476166
258,3.79781,4.0236545449404595,-0.22584454494045936
259,3.7879932,4.02513849722517,-0.23714529722516975
260,3.7882276,4.026737948974041,-0.23851034897404144
261,3.794824,4.028412462085241,-0.23358846208524042
262,3.8087583,4.030196365917717,-0.22143806591771664
263,3.8289783,4.032045579310068,-0.2030672793100674
264,3.852018,4.03392062862388,-0.18190262862388007
265,3.876758,4.035790627987929,-0.1590326279879286
266,3.8998392,4.037851956052403,-0.13801275605240315
267,3.9177716,4.039970890510887,-0.12219929051088663
268,3.9327414,4.041922142933885,-0.10918074293388491
269,3.9438107,4.043852356505314,-0.1000416565053146
270,3.953478,4.045725635940183,-0.09224763594018315
271,3.959162,4.047460212655641,-0.08829821265564064
272,3.9623501,4.049042933634187,-0.08669283363418678
273,3.9639914,4.050475964003883,-0.0864845640038836
274,3.9682095,4.051806216590627,-0.08359671659062728
275,3.9713767,4.053172871977141,-0.08179617197714117
276,3.9752884,4.054520423478328,-0.07923202347832792
277,3.9823227,4.055767500536468,-0.07344480053646762
278,3.9931324,4.056970594474555,-0.06383819447455474
279,4.004752,4.0580064236408635,-0.053254423640863635
280,4.0188937,4.058828119863782,-0.039934419863782544
281,4.030741,4.05954405641327,-0.02880305641327041
282,4.0555224,4.060072078616229,-0.004549678616228903
283,4.0698023,4.060303063549723,0.00949923645027706
284,4.0841904,4.06013036699586,0.02406003300413939
285,4.0931234,4.059606617882384,0.03351678211761566
286,4.0985413,4.059217444911158,0.03932385508884195
287,4.1002655,4.0598580279775875,0.04040747202241235
288,4.097446,4.061010071991146,0.03643592800885376
289,4.0936685,4.062021400606934,0.03164709939306576
290,4.09192,4.063261172012398,0.02865882798760211
291,4.0905924,4.06454274654345,0.026049653456550637
292,4.0900617,4.065861093404014,0.02420060659598544
293,4.0865283,4.0673490589641,0.019179241035899963
294,4.073932,4.06887433544429,0.005057664555709884
295,4.054685,4.070302371094554,-0.015617371094553967
296,4.0354614,4.0709513790621665,-0.035489979062166555
297,4.016412,4.07028900751436,-0.053877007514359754
298,3.9948413,4.069013681010325,-0.07417238101032453
299,3.9776306,4.067835846071526,-0.09020524607152636
300,3.953902,4.066766637427231,-0.11286463742723152
301,3.920869,4.065748682097225,-0.1448796820972249
302,3.8922849,4.064737999045345,-0.17245309904534523
303,3.863375,4.063753691760513,-0.20037869176051304
304,3.8463385,4.062794923714001,-0.21645642371400076
305,3.836744,4.06186495896467,-0.22512095896467033
306,3.8333478,4.060906093393456,-0.2275582933934559
307,3.8394263,4.060026257720784,-0.220599957720784
308,3.8454154,4.059509492892045,-0.21409409289204495
309,3.851303,4.059261276244021,-0.20795827624402063
310,3.8547952,4.059261535180155,-0.20446633518015478
311,3.858102,4.059447489633345,-0.20134548963334487
312,3.8610742,4.059586080308298,-0.19851188030829814
313,3.866345,4.05960042660017,-0.19325542660017003
314,3.8778186,4.059424244959084,-0.18160564495908416
315,3.8858578,4.0590279240422,-0.17317012404219945
316,3.8917193,4.058392241286684,-0.1666729412866843
317,3.8968256,4.057510554309964,-0.16068495430996377
318,3.9011981,4.056394209012486,-0.15519610901248582
319,3.9024777,4.055057857484309,-0.1525801574843091
320,3.9002566,4.053668294180665,-0.1534116941806647
321,3.8971612,4.051982450341511,-0.15482125034151117
322,3.8920267,4.0498019557609615,-0.1577752557609613
323,3.890443,4.047334310116933,-0.15689131011693336
324,3.8883252,4.04446815227708,-0.15614295227707986
325,3.888649,4.041267433738634,-0.15261843373863382
326,3.8902926,4.038013846168438,-0.14772124616843785
327,3.8897247,4.034436635375232,-0.14471193537523197
328,3.8895853,4.030471554512811,-0.14088625451281134
329,3.8878653,4.026088974389171,-0.13822367438917071
330,3.8894336,4.021970542194512,-0.13253694219451218
331,3.8937519,4.019606425093567,-0.1258545250935672
332,3.8923972,4.018029996139767,-0.1256327961397674
333,3.888554,4.015930453336046,-0.12737645333604597
334,3.8781826,4.013544117799748,-0.13536151779974803
335,3.8520584,4.011339756061528,-0.15928135606152738
336,3.8154275,4.0095610188249395,-0.19413351882493934
337,3.767359,4.007596269752567,-0.24023726975256743
338,3.7164066,4.005528046991083,-0.289121446991083
339,3.67018,4.003141939890453,-0.33296193989045264
340,3.629645,3.999749009763728,-0.37010400976372804
341,3.5960486,3.99474893552043,-0.39870033552042994
342,3.5612106,3.98886186992203,-0.42765126992203006
343,3.5261066,3.9830376482064005,-0.4569310482064006
344,3.49566,3.9777118734488317,-0.4820518734488317
345,3.4655533,3.9726551242428525,-0.5071018242428527
346,3.4328668,3.9678242017958922,-0.534957401795892
347,3.3969204,3.9637116749397516,-0.5667912749397517
348,3.356029,3.9601944088357497,-0.6041654088357498
349,3.31764,3.9568172916546893,-0.6391772916546894
350,3.286182,3.953430992220657,-0.667248992220657
351,3.2623966,3.9499089639880256,-0.6875123639880254
352,3.2438626,3.9464814960141297,-0.7026188960141297
353,3.235722,3.9434070917392963,-0.7076850917392963
354,3.2353647,3.940498889004639,-0.7051341890046392
355,3.2402725,3.937807336072531,-0.6975348360725309
356,3.2471912,3.9353138043680915,-0.6881226043680915
357,3.249744,3.933011468364605,-0.6832674683646047
358,3.237587,3.9308827710118206,-0.6932957710118206
359,3.2229788,3.929037893632303,-0.706059093632303
360,3.213634,3.9274790793709395,-0.7138450793709397
361,3.2119107,3.9260802001842876,-0.7141695001842878
362,3.2132034,3.924898786476555,-0.7116953864765554
363,3.225671,3.9239833535689828,-0.6983123535689826
364,3.241464,3.9239228055526985,-0.6824588055526983
365,3.2547379,3.924743250896383,-0.6700053508963832
366,3.2518582,3.9255508779676997,-0.6736926779676997
367,3.2523541,3.9264154676993246,-0.6740613676993248
368,3.2252154,3.927496934878267,-0.7022815348782667
369,3.2235477,3.9289784484860895,-0.7054307484860893
370,3.206314,3.9303677417725034,-0.7240537417725035
371,3.187282,3.9315900990569905,-0.7443080990569904
372,3.1645236,3.932913335064234,-0.7683897350642339
373,3.134928,3.934300639474942,-0.7993726394749419
374,3.109058,3.9368520689302717,-0.8277940689302716
375,3.0812879,3.939411390626523,-0.8581234906265229
376,3.0546744,3.9411526886771013,-0.8864782886771012
377,3.0389545,3.942912393630733,-0.9039578936307331
378,3.0240207,3.9447046896445532,-0.9206839896445533
379,3.0066516,3.9474208541693403,-0.9407692541693402
380,3.0078223,3.950941061740154,-0.9431187617401542
381,3.0116425,3.954257378470003,-0.9426148784700032
382,3.0175443,3.9575606328564095,-0.9400163328564095
383,3.0225546,3.9609834423377572,-0.9384288423377574
384,3.0226295,3.964972225415759,-0.942342725415759
385,3.0249827,3.9701705581834377,-0.9451878581834379
386,3.0296507,3.976132329826083,-0.9464816298260832
387,3.0365932,3.982300308218238,-0.945707108218238
388,3.04577,3.9888952701896927,-0.9431252701896926
389,3.0571406,3.9957738213978975,-0.9386332213978976
390,3.0706642,4.002810218359289,-0.9321460183592891
391,3.086301,4.00988745582165,-0.9235864558216496
392,3.1040103,4.016633116708935,-0.9126228167089345
393,3.1237514,4.02322381571005,-0.8994724157100502
394,3.145485,4.029586646827424,-0.8841016468274239
395,3.1691692,4.035848984035958,-0.8666797840359584
396,3.1947646,4.040726114953329,-0.8459615149533288
397,3.2284033,4.042860392052879,-0.8144570920528791
398,3.267601,4.043353378182529,-0.7757523781825286
399,3.3080118,4.044185339204732,-0.7361735392047324
400,3.3440607,4.045020678301179,-0.7009599783011788
401,3.3724976,4.045615265582217,-0.6731176655822173
402,3.400709,4.046057870872722,-0.6453488708727217
403,3.4291055,4.046616985847223,-0.6175114858472228
404,3.4512591,4.047357825402354,-0.5960987254023542
405,3.4785626,4.047948771182079,-0.5693861711820789
406,3.4941068,4.048457416025275,-0.5543506160252747
407,3.5167956,4.048990625066814,-0.5321950250668142
408,3.5429752,4.0494141907693,-0.5064389907693005
409,3.5643017,4.0495123201706695,-0.4852106201706694
410,3.5778253,4.049168255564021,-0.47134295556402117
411,3.5903015,4.048632153020964,-0.45833065302096454
412,3.603277,4.047959060670978,-0.44468206067097826
413,3.6064148,4.047162714715945,-0.4407479147159452
414,3.6123593,4.046262259360236,-0.43390295936023593
415,3.6200757,4.045325941112245,-0.42525024111224496
416,3.6293771,4.044345469719139,-0.41496836971913886
417,3.6355133,4.0432920743027845,-0.40777877430278453
418,3.6412528,4.042155403967457,-0.4009026039674568
419,3.6429248,4.041271639671778,-0.398346839671778
420,3.641184,4.040454886481235,-0.39927088648123465
421,3.6366162,4.040239824777053,-0.4036236247770524
422,3.6296408,4.04088592578178,-0.41124512578178063
423,3.6215036,4.0415412640530874,-0.4200376640530874
424,3.614212,4.041949580337153,-0.42773758033715303
425,3.6062024,4.042233910473948,-0.4360315104739483
426,3.5993826,4.04244258104735,-0.4430599810473499
427,3.5922427,4.042535035344599,-0.45029233534459934
428,3.5872562,4.042474548337744,-0.45521834833774344
429,3.5847516,4.0423474559912345,-0.4575958559912343
430,3.581045,4.04216735428544,-0.46112235428544013
431,3.5795865,4.041957187514822,-0.46237068751482235
432,3.5686264,4.041786035551164,-0.473159635551164
433,3.5515976,4.041465139869784,-0.4898675398697838
434,3.5394015,4.040699190256661,-0.5012976902566613
435,3.531479,4.039582465825755,-0.508103465825755
436,3.5261307,4.038454986479769,-0.5123242864797688
437,3.50823,4.037696358475758,-0.5294663584757577
438,3.5296848,4.037266455164217,-0.5075816551642172
439,3.537443,4.036824322947277,-0.499381322947277
440,3.5482113,4.036355583834195,-0.4881442838341945
441,3.5646405,4.035822876371934,-0.47118237637193383
442,3.5786755,4.0352649357938954,-0.4565894357938953
443,3.593459,4.034575485012785,-0.44111648501278466
444,3.6043506,4.033743687157911,-0.42939308715791125
445,3.6096017,4.032923154469696,-0.42332145446969616
446,3.6155515,4.032294075025575,-0.4167425750255753
447,3.6167767,4.03193499157664,-0.4151582915766401
448,3.6240659,4.03143589798994,-0.4073699979899401
449,3.6308331,4.030721729598089,-0.39988862959808946
450,3.6394598,4.029871392887717,-0.390411592887717
451,3.644334,4.0288911187221,-0.3845571187221002
452,3.6519034,4.0277767980411125,-0.3758733980411124
453,3.6581573,4.026576203642204,-0.36841890364220387
454,3.6643033,4.0253298235587645,-0.36102652355876463
455,3.6685452,4.024083607023749,-0.3555384070237486
456,3.673729,4.022818420285111,-0.3490894202851109
457,3.671852,4.021538216798802,-0.34968621679880174
458,3.6606412,4.020259847612584,-0.3596186476125838
459,3.6650314,4.0189967677988845,-0.3539653677988843
460,3.6717572,4.017727384607362,-0.34597018460736173
461,3.6754727,4.016470001502575,-0.3409973015025751
462,3.6802564,4.015170010984897,-0.3349136109848967
463,3.6842444,4.013795335734029,-0.32955093573402916
464,3.6877866,4.012390852200018,-0.3246042522000181
465,3.6918368,4.010951221473769,-0.3191144214737687
466,3.691475,4.009462490439927,-0.3179874904399269
467,3.6937375,4.007926964600526,-0.3141894646005259
468,3.6917093,4.006347620576315,-0.3146383205763148
469,3.6918979,4.00485563288156,-0.3129577328815598
470,3.692407,4.003456613718934,-0.311049613718934
471,3.6948645,4.001880003114647,-0.3070155031146471
472,3.6976962,4.000187963438335,-0.3024917634383346
473,3.6956973,3.9985331237819666,-0.3028358237819666
474,3.6861615,3.9969856127890857,-0.31082411278908584
475,3.6690903,3.9955922923557092,-0.3265019923557091
476,3.6492505,3.9944799746364876,-0.3452294746364877
477,3.630263,3.993639158895812,-0.3633761588958122
478,3.610914,3.993031363413986,-0.3821173634139856
479,3.591835,3.992710500052616,-0.40087550005261585
480,3.5751126,3.992745491077578,-0.41763289107757773
481,3.562864,3.9933263481464394,-0.4304623481464396
482,3.5529315,3.9943149704950516,-0.44138347049505144
483,3.5437512,3.995518319538263,-0.4517671195382631
484,3.5326102,3.9970641769176334,-0.46445397691763324
485,3.5151105,3.99894277252103,-0.4838322725210298
486,3.5044217,4.001130060785126,-0.49670836078512615
487,3.496836,4.0034665994453125,-0.5066305994453124
488,3.492777,4.005814364901484,-0.5130373649014843
489,3.4911609,4.008106320312922,-0.5169454203129216
490,3.4958453,4.010340051672014,-0.5144947516720135
491,3.5025265,4.012443661576883,-0.5099171615768832
492,3.5140991,4.014405645620066,-0.5003065456200657
493,3.5271344,4.016232127645562,-0.48909772764556214
494,3.5363028,4.01791532091793,-0.48161252091792983
495,3.5408947,4.0195342532119325,-0.4786395532119325
496,3.5471356,4.02104588468001,-0.4739102846800103
497,3.5515213,4.022130119819582,-0.47060881981958147
498,3.5514123,4.0228622955294595,-0.47144999552945954
499,3.5476086,4.023418757037977,-0.4758101570379769
500,3.541239,4.023816872104597,-0.4825778721045966
501,3.5337448,4.024086157289053,-0.49034135728905337
502,3.527298,4.024246694171743,-0.4969486941717429
503,3.5193744,4.024381464602912,-0.5050070646029119
504,3.5086179,4.024522912693595,-0.5159050126935947
505,3.4921658,4.024703566069681,-0.5325377660696806
506,3.475466,4.025084912061548,-0.5496189120615478
507,3.4601343,4.025621983441589,-0.5654876834415887
508,3.4369082,4.026197732366318,-0.5892895323663176
509,3.4167829,4.026864773951338,-0.6100818739513385
510,3.3963733,4.027976347645082,-0.6316030476450822
511,3.3837802,4.029180484591439,-0.6454002845914393
512,3.3709946,4.0301576195576185,-0.6591630195576186
513,3.3583996,4.030981867792526,-0.6725822677925266
514,3.3531766,4.031641709926505,-0.6784651099265049
515,3.3436878,4.032111792833883,-0.6884239928338833
516,3.335008,4.032304726983199,-0.6972967269831987
517,3.328851,4.032144371391673,-0.7032933713916729
518,3.3221784,4.0316482520701316,-0.7094698520701317
519,3.3198373,4.030970360741193,-0.7111330607411932
520,3.3196628,4.0301171666366935,-0.7104543666366934
521,3.315506,4.02908086333713,-0.7135748633371302
522,3.3184445,4.027704528975326,-0.7092600289753257
523,3.320198,4.025943976713181,-0.7057459767131813
524,3.3258188,4.0236488314363825,-0.6978300314363826
525,3.3318045,4.020886317019941,-0.6890818170199409
526,3.3645706,4.018027045128368,-0.6534564451283678
527,3.3771265,4.015070905499258,-0.6379444054992582
528,3.3859918,4.011917892087153,-0.6259260920871528
529,3.3920178,4.008625298781558,-0.616607498781558
530,3.394808,4.005265611550472,-0.6104576115504723
531,3.3955905,4.001826475288502,-0.6062359752885023
532,3.38905,3.9982947005607037,-0.6092447005607036
533,3.3796997,3.994770152660113,-0.6150704526601127
534,3.3629858,3.9910798448870484,-0.6280940448870482
535,3.350332,3.9872215000475126,-0.6368895000475128
536,3.3488104,3.9832530154098555,-0.6344426154098555
537,3.347073,3.979144798615378,-0.6320717986153781
538,3.35695,3.9748885228152715,-0.6179385228152716
539,3.3713162,3.970551506560138,-0.5992353065601383
540,3.3923361,3.9662651873640415,-0.5739290873640415
541,3.409219,3.962096000690771,-0.5528770006907706
542,3.4295917,3.958040151344248,-0.5284484513442478
543,3.4409811,3.954233518009638,-0.5132524180096381
544,3.4570312,3.950703873781208,-0.49367267378120827
545,3.4713058,3.9473303135017703,-0.4760245135017702
546,3.4871597,3.944217669155296,-0.4570579691552963
547,3.5024807,3.9413473466765074,-0.43886664667650743
548,3.5142267,3.938610938743748,-0.42438423874374775
549,3.5221426,3.9360494392437273,-0.4139068392437273
550,3.529432,3.9336638976785157,-0.40423189767851575
551,3.5382266,3.9315239096482175,-0.3932973096482173
552,3.5496423,3.9296021626157063,-0.37995986261570636
553,3.5651147,3.927879227811299,-0.362764527811299
554,3.587532,3.9263561786554453,-0.33882417865544534
555,3.5858395,3.9250281606821296,-0.3391886606821295
556,3.586296,3.9239604531771954,-0.3376644531771955
557,3.5954645,3.923357901726636,-0.32789340172663595
558,3.6020377,3.922956282864147,-0.320918582864147
559,3.608273,3.922518182836315,-0.3142451828363151
560,3.6155167,3.9222035841984644,-0.30668688419846424
561,3.6219656,3.9219914367153814,-0.30002583671538163
562,3.6227722,3.9218568695682112,-0.2990846695682112
563,3.6167505,3.9217775117085956,-0.30502701170859536
564,3.6062415,3.922858554093279,-0.3166170540932791
565,3.5909522,3.9263727066106435,-0.3354205066106437
566,3.579132,3.9302019910374772,-0.35106999103747727
567,3.565543,3.932760870719395,-0.36721787071939493
568,3.5523617,3.9347239814843578,-0.3823622814843577
569,3.5422091,3.93628728841293,-0.3940781884129301
570,3.5301437,3.937709857905663,-0.40756615790566286
571,3.5211694,3.939381550848298,-0.4182121508482983
572,3.5171247,3.9411596005145397,-0.4240349005145396
573,3.5163455,3.943143723610538,-0.4267982236105383
574,3.5189328,3.945341064592537,-0.4264082645925371
575,3.5220435,3.9474630102031902,-0.42541951020319013
576,3.521831,3.9496948081990078,-0.4278638081990076
577,3.5246701,3.9519459388088776,-0.42727583880887776
578,3.5286179,3.953876794353958,-0.4252588943539579
579,3.534036,3.955650728667179,-0.421614728667179
580,3.540463,3.9573625048711722,-0.41689950487117233
581,3.5512695,3.959514251471017,-0.4082447514710168
582,3.5535529,3.961864299173003,-0.40831139917300296
583,3.5465066,3.96412356674666,-0.41761696674666027
584,3.5363095,3.9669403507543617,-0.43063085075436147
585,3.522121,3.9702586642027393,-0.4481376642027395
586,3.512277,3.9739293073039,-0.46165230730390006
587,3.5036676,3.9778753349804394,-0.47420773498043944
588,3.495503,3.9816962105820486,-0.4861932105820488
589,3.449743,3.9854852465151884,-0.5357422465151886
590,3.2413242,3.989157932109149,-0.7478337321091488
591,3.4401584,3.992769845796917,-0.5526114457969169
592,3.4627478,3.996034437720248,-0.5332866377202481
593,3.4710672,3.998599571636341,-0.5275323716363411
594,3.4808176,3.9999643931620303,-0.5191467931620304
595,3.4876666,4.00057957092043,-0.5129129709204303
596,3.4848874,4.001825618049711,-0.5169382180497113
597,3.4716907,4.003591831983866,-0.531901131983866
598,3.4551806,4.005445739082025,-0.550265139082025
599,3.4375958,4.0072538892798395,-0.5696580892798395
600,3.4249585,4.009086729420502,-0.5841282294205019
601,3.4166858,4.011016411682859,-0.5943306116828588
602,3.411171,4.01335870160711,-0.6021877016071104
603,3.4052603,4.016082010975072,-0.6108217109750722
604,3.4070685,4.018821414489959,-0.6117529144899589
605,3.4071405,4.0215006122911445,-0.6143601122911444
606,3.411717,4.024032078462206,-0.6123150784622058
607,3.4133487,4.026469172239636,-0.6131204722396366
608,3.4134216,4.0288976287808795,-0.6154760287808796
609,3.4141083,4.031735765504029,-0.6176274655040292
610,3.414105,4.034924131226244,-0.6208191312262441
611,3.4194467,4.03805496424998,-0.6186082642499802
612,3.4318967,4.0411648528278965,-0.6092681528278967
613,3.4485126,4.044252076947055,-0.5957394769470552
614,3.4676917,4.047334396993168,-0.5796426969931683
615,3.492145,4.0504456231594155,-0.5583006231594156
616,3.5207455,4.053669196071649,-0.532923696071649
617,3.5491965,4.056942431488038,-0.5077459314880377
618,3.573628,4.060302343655268,-0.48667434365526807
619,3.597604,4.063983695007122,-0.4663796950071224
620,3.6177597,4.067554100967129,-0.4497944009671291
621,3.6338294,4.071070510711313,-0.4372411107113128
622,3.6498477,4.074661130906469,-0.4248134309064686
623,3.6619568,4.07822073793271,-0.41626393793270955
624,3.6713235,4.081807731309761,-0.4104842313097605
625,3.6737094,4.085502028859752,-0.411792628859752
626,3.679888,4.089329640982487,-0.4094416409824868
627,3.680203,4.093424271982139,-0.41322127198213865
628,3.6839185,4.098549530701644,-0.41463103070164387
629,3.6868777,4.102609664959743,-0.4157319649597433
630,3.6857715,4.106341212615969,-0.42056971261596887
631,3.6831632,4.109109369357958,-0.4259461693579576
632,3.676311,4.111465241338832,-0.4351542413388323
633,3.6689148,4.113549200601178,-0.4446344006011782
634,3.6586795,4.115455860365466,-0.456776360365466
635,3.648563,4.117154909456076,-0.4685919094560762
636,3.6344266,4.118712953229122,-0.48428635322912195
637,3.6234784,4.120147556190753,-0.496669156190753
638,3.6144278,4.121369495175961,-0.5069416951759611
639,3.6038556,4.122327043483015,-0.5184714434830147
640,3.5907004,4.123037470509412,-0.5323370705094121
641,3.5735495,4.123478189993777,-0.5499286899937768
642,3.552487,4.1235724351838545,-0.5710854351838544
643,3.524522,4.1232987958073775,-0.5987767958073773
644,3.5051553,4.122689345127372,-0.6175340451273721
645,3.4922452,4.121836729650796,-0.6295915296507957
646,3.481188,4.1207323559687445,-0.6395443559687446
647,3.476643,4.119359658359132,-0.6427166583591317
648,3.4740655,4.1177081117272465,-0.6436426117272465
649,3.4685266,4.1157868425247806,-0.6472602425247804
650,3.462034,4.113909934410459,-0.6518759344104588
651,3.45076,4.112036403816412,-0.6612764038164123
652,3.4347076,4.109826014936776,-0.6751184149367764
653,3.415207,4.107406200132491,-0.692199200132491
654,3.3991055,4.10479480074757,-0.7056893007475695
655,3.3839896,4.101989625853411,-0.7180000258534114
656,3.376817,4.098962746302849,-0.7221457463028491
657,3.3749063,4.095732148896372,-0.7208258488963715
658,3.374575,4.092323661915444,-0.7177486619154436
659,3.374866,4.088786500295369,-0.7139205002953695
660,3.3788953,4.085143344090001,-0.7062480440900014
661,3.3805466,4.081369783777521,-0.7008231837775205
662,3.3795679,4.077483216420219,-0.6979153164202185
663,3.3750522,4.073482111334012,-0.6984299113340118
664,3.3653586,4.069439365579683,-0.704080765579683
665,3.3540006,4.0655970593792565,-0.7115964593792565
666,3.344755,4.0619405591182005,-0.7171855591182004
667,3.3425097,4.058495311130489,-0.7159856111304892
668,3.355158,4.0551659408509195,-0.7000079408509197
669,3.364466,4.0517804483275155,-0.6873144483275153
670,3.3785846,4.048333199848977,-0.6697485998489769
671,3.3897717,4.044882071972644,-0.6551103719726443
672,3.3997257,4.041520310744476,-0.6417946107444759
673,3.4051404,4.038123543996927,-0.6329831439969271
674,3.4063983,4.034714156191834,-0.6283158561918336
675,3.4019797,4.031420255845205,-0.6294405558452052
676,3.3929257,4.028259074438773,-0.6353333744387726
677,3.3778393,4.025351063744805,-0.6475117637448045
678,3.3586361,4.0226563509548505,-0.6640202509548505
679,3.3317053,4.020150813221634,-0.6884455132216343
680,3.2896054,4.017927067621729,-0.7283216676217288
681,3.2563062,4.016575095165736,-0.7602688951657361
682,3.2249582,4.01580574025558,-0.7908475402555797
683,3.1975577,4.014925787665058,-0.8173680876650584
684,3.1763446,4.014112644282605,-0.8377680442826048
685,3.1610565,4.013343834709422,-0.8522873347094224
686,3.146929,4.012907969568804,-0.865978969568804
687,3.1417563,4.012380274336769,-0.8706239743367687
688,3.1445825,4.011563656689325,-0.8669811566893251
689,3.1533017,4.010730311535705,-0.8574286115357053
690,3.1664548,4.009847789711453,-0.8433929897114534
691,3.1924472,4.008936450498536,-0.8164892504985355
692,3.2183566,4.0080462705344795,-0.7896896705344796
693,3.2513025,4.007211589933925,-0.7559090899339247
694,3.283165,4.006546683306908,-0.7233816833069082
695,3.300986,4.0060029667501285,-0.7050169667501285
696,3.3144238,4.005289479629624,-0.6908656796296242
697,3.319858,4.004431397535712,-0.6845733975357122
698,3.322038,4.003452373377155,-0.6814143733771552
699,3.3223681,4.00248650810847,-0.6801184081084704
700,3.3247387,4.001602183441244,-0.6768634834412435
701,3.3266733,4.000518434479874,-0.6738451344798739
702,3.328731,3.999113977821565,-0.6703829778215651
703,3.3299026,3.9973776359913793,-0.6674750359913793
704,3.3303998,3.9954461222299207,-0.6650463222299208
705,3.335483,3.9934843863220406,-0.6580013863220406
706,3.341,3.991789496353568,-0.6507894963535676
707,3.350688,3.9927488418947026,-0.6420608418947027
708,3.344175,3.995569825026255,-0.6513948250262551
709,3.337315,3.9976515147328047,-0.6603365147328049
710,3.3311658,3.999788707367045,-0.6686229073670451
711,3.3257046,4.001791835603964,-0.6760872356039638
712,3.3209083,4.003496095112546,-0.6825877951125454
713,3.3167536,4.005290912129692,-0.688537312129692
714,3.3132174,4.007191243275283,-0.6939738432752831
715,3.310277,4.00868380682602,-0.6984068068260196
716,3.307909,4.009873192172303,-0.7019641921723028
717,3.3060904,4.010523003880749,-0.7044326038807491
718,3.3047981,4.009766000614919,-0.7049679006149185
719,3.3040094,4.007302490388573,-0.7032930903885726
720,3.303984,4.004097229389465,-0.7001132293894656
721,3.323106,4.000779775421788,-0.6776737754217876
722,3.3539255,3.997328174741235,-0.6434026747412349
723,3.3676834,3.9938301839818755,-0.6261467839818753
724,3.3785672,3.990461602379153,-0.611894402379153
725,3.374491,3.9868345101465454,-0.6123435101465455
726,3.3528748,3.9829425549242696,-0.6300677549242697
727,3.326197,3.97932485221938,-0.65312785221938
728,3.303032,3.9758507600427224,-0.6728187600427225
729,3.2879105,3.9724614185837357,-0.6845509185837355
730,3.2790692,3.96905741439441,-0.6899882143944103
731,3.2736566,3.965613025221239,-0.6919564252212393
732,3.2742429,3.9620198841406076,-0.6877769841406076
733,3.2718527,3.9581989343231223,-0.6863462343231221
734,3.2648218,3.954306407071367,-0.6894846070713672
735,3.257092,3.95061201716399,-0.6935200171639897
736,3.2480927,3.947162825384815,-0.6990701253848153
737,3.237261,3.9441837898347054,-0.7069227898347052
738,3.2213364,3.9418846453448406,-0.7205482453448404
739,3.200653,3.939687303288724,-0.7390343032887241
740,3.1828678,3.9373937612504797,-0.7545259612504798
741,3.162637,3.9349940595824737,-0.7723570595824736
742,3.1446686,3.9325821318054994,-0.7879135318054993
743,3.137193,3.9302002496582427,-0.7930072496582428
744,3.1318326,3.9277408199539896,-0.7959082199539895
745,3.1262012,3.925235237359752,-0.799034037359752
746,3.119995,3.9226507455895705,-0.8026557455895706
747,3.11431,3.9202160208025894,-0.8059060208025892
748,3.108537,3.917889483461478,-0.809352483461478
749,3.1012921,3.9153607445856613,-0.8140686445856611
750,3.0897489,3.912788570338513,-0.8230396703385128
751,3.0763593,3.91023826483677,-0.8338789648367699
752,3.0607998,3.908253448096437,-0.8474536480964372
753,3.0395203,3.9068280702223035,-0.8673077702223035
754,3.0179574,3.9052505984430326,-0.8872931984430328
755,2.9950867,3.9032926871002696,-0.9082059871002697
756,2.9707043,3.900745214058189,-0.9300409140581891
757,2.9502444,3.8975635090260443,-0.9473191090260444
758,2.9310706,3.8938499457925975,-0.9627793457925975
759,2.9057279,3.889604944057919,-0.9838770440579188
760,2.884663,3.884906359045118,-1.0002433590451179
761,2.8670523,3.879833328800736,-1.012781028800736
762,2.8506916,3.874633142768024,-1.0239415427680236
763,2.8350394,3.869656158619522,-1.034616758619522
764,2.821567,3.8644227225428067,-1.0428557225428068
765,2.809589,3.8586980698875513,-1.0491090698875514
766,2.795859,3.8528801336918894,-1.0570211336918893
767,2.7945938,3.847257936138053,-1.0526641361380529
768,2.8010886,3.8420156887109465,-1.0409270887109465
769,2.816404,3.8368242136779154,-1.0204202136779155
770,2.8314557,3.832185117214396,-1.0007294172143961
771,2.8559308,3.8278044953965216,-0.9718736953965217
772,2.844975,3.822945591477693,-0.977970591477693
773,2.8464224,3.817716522355519,-0.9712941223555194
774,2.8390982,3.812532912981753,-0.9734347129817529
775,2.8327353,3.807466991165606,-0.9747316911656059
776,2.8314557,3.802538912328482,-0.971083212328482
777,2.8333664,3.7978343305746507,-0.9644679305746506
778,2.8335223,3.7933429064742175,-0.9598206064742176
779,2.8414743,3.7889638328649307,-0.9474895328649309
780,2.8532999,3.784253771618384,-0.9309538716183838
781,2.869158,3.7788168075565824,-0.9096588075565823
782,2.88923,3.7730837391787824,-0.8838537391787824
783,2.9055874,3.7669169802692446,-0.8613295802692447
784,2.920578,3.760282365054632,-0.8397043650546321
785,2.9238522,3.7532199601015614,-0.8293677601015617
786,2.9190292,3.745903189230274,-0.8268739892302737
787,2.9099197,3.738534770585969,-0.8286150705859687
788,2.894734,3.7311675520483742,-0.8364335520483741
789,2.8791144,3.7236215823820937,-0.8445071823820935
790,2.8649838,3.715833002543913,-0.8508492025439129
791,2.8500617,3.707835421023386,-0.8577737210233862
792,2.8363702,3.699535073119783,-0.863164873119783
793,2.8573422,3.6913639741799247,-0.8340217741799245
794,2.8123899,3.6833624156057745,-0.8709725156057746
795,2.7974255,3.6756582634244084,-0.8782327634244083
796,2.7795148,3.670914695788471,-0.8913998957884712
797,2.7606845,3.6679348202849082,-0.9072503202849083
798,2.7406256,3.6639050837674656,-0.9232794837674656
799,2.720654,3.6598933151460042,-0.9392393151460041
800,2.700252,3.6559351309845938,-0.9556831309845939
801,2.678251,3.652080956375817,-0.973829956375817
802,2.6612506,3.648350708374838,-0.9871001083748383
803,2.6448941,3.6438803902362684,-0.9989862902362683
804,2.6578794,3.6376190469302943,-0.9797396469302941
805,2.6380484,3.630414733303897,-0.992366333303897
806,2.620138,3.6236246302471073,-1.0034866302471075
807,2.602113,3.617810835579126,-1.0156978355791257
808,2.5852802,3.6125179723723218,-1.0272377723723216
809,2.573836,3.6075305251183254,-1.0336945251183254
810,2.56496,3.606199612529146,-1.0412396125291457
811,2.5604281,3.6067754930337195,-1.0463473930337193
812,2.557675,3.6058202997660884,-1.0481452997660883
813,2.555058,3.6049977677953238,-1.049939767795324
814,2.5513241,3.6043588273044143,-1.0530347273044143
815,2.5450222,3.603958839275948,-1.0589366392759478
816,2.5389056,3.603919881812563,-1.0650142818125627
817,2.5295703,3.6042699497497366,-1.0746996497497365
818,2.5139737,3.6053295691075897,-1.0913558691075895
819,2.501041,3.6071576144135546,-1.1061166144135548
820,2.4861133,3.6093738721245248,-1.1232605721245248
821,2.4757254,3.6121387906425517,-1.1364133906425518
822,2.4655707,3.615063633635046,-1.1494929336350461
823,2.4610803,3.6181406408396324,-1.1570603408396325
824,2.45327,3.621493853211189,-1.168223853211189
825,2.4437256,3.6251411606500397,-1.1814155606500396
826,2.4336853,3.6291910637871063,-1.1955057637871063
827,2.4251654,3.6337729892433797,-1.2086075892433796
828,2.4186237,3.6397089669768263,-1.2210852669768264
829,2.4162881,3.6469408974853237,-1.2306527974853236
830,2.4137213,3.654481909584533,-1.240760609584533
831,2.4102075,3.6617760752178508,-1.251568575217851
832,2.4052527,3.6688778715438515,-1.2636251715438513
833,2.3983078,3.6771565838273084,-1.2788487838273084
834,2.389871,3.685185849349393,-1.2953148493493933
835,2.382843,3.6927494070170934,-1.3099064070170936
836,2.3790677,3.6998396030128844,-1.3207719030128846
837,2.3812833,3.706753728567333,-1.3254704285673329
838,2.3894217,3.713754978003629,-1.3243332780036288
839,2.4067633,3.720767097171006,-1.3140037971710057
840,2.4339938,3.7274812348446775,-1.2934874348446774
841,2.4670138,3.733972362115788,-1.266958562115788
842,2.5015051,3.741012098043256,-1.239506998043256
843,2.5371094,3.7506081462535046,-1.2134987462535047
844,2.5684204,3.760225087887497,-1.191804687887497
845,2.6008148,3.7680295438767635,-1.1672147438767633
846,2.652164,3.7755975962295656,-1.1234335962295656
847,2.671646,3.7831111159335675,-1.1114651159335676
848,2.6993408,3.7904702855442,-1.0911294855442
849,2.7232153,3.7976215066504864,-1.0744062066504863
850,2.7519553,3.8048201449778687,-1.0528648449778686
851,2.7801373,3.812102363641359,-1.0319650636413593
852,2.808038,3.819018584275284,-1.0109805842752841
853,2.8311832,3.8259190829212586,-0.9947358829212587
854,2.844017,3.832805238726228,-0.9887882387262281
855,2.8514557,3.839492793900612,-0.988037093900612
856,2.8548388,3.846537221027479,-0.9916984210274791
857,2.8585455,3.85362780906303,-0.9950823090630299
858,2.863425,3.8601179700048993,-0.9966929700048994
859,2.8761804,3.866100727000782,-0.9899203270007821
860,2.8923035,3.8716086192778922,-0.9793051192778921
861,2.9068146,3.8767579719885337,-0.9699433719885335
862,2.9132266,3.8814624616257136,-0.9682358616257134
863,2.9079196,3.885496365394344,-0.9775767653943439
864,2.906625,3.888870832045286,-0.9822458320452858
865,2.9012756,3.891947612115935,-0.9906720121159349
866,2.8952255,3.8949390697028443,-0.9997135697028443
867,2.894067,3.897829175373931,-1.003762175373931
868,2.8982794,3.9006650423905023,-1.0023856423905024
869,2.898758,3.9032672971141595,-1.0045092971141596
870,2.9027164,3.9059012260075434,-1.0031848260075433
871,2.90231,3.908681408589588,-1.006371408589588
872,2.8984354,3.9114002420373777,-1.0129648420373778
873,2.8920364,3.914390997569347,-1.0223545975693473
874,2.8837793,3.917619704096054,-1.033840404096054
875,2.8754764,3.920681758049538,-1.0452053580495377
876,2.8720822,3.92363157555607,-1.0515493755560699
877,2.8739276,3.9264239741352887,-1.0524963741352886
878,2.8812659,3.929137046703789,-1.0478711467037893
879,2.8896725,3.9317825958650308,-1.0421100958650307
880,2.8981748,3.934250847473733,-1.036076047473733
881,2.9146347,3.936475081471559,-1.0218403814715589
882,2.9348102,3.9384738893690696,-1.0036636893690698
883,2.946178,3.9402269808649044,-0.9940489808649042
884,2.9595456,3.9408366035496023,-0.9812910035496021
885,2.9724133,3.9387735185481434,-0.9663602185481435
886,2.9840305,3.934756435534535,-0.950725935534535
887,2.9928806,3.9305258683762077,-0.9376452683762078
888,2.998436,3.9264195325344557,-0.9279835325344559
889,3.0024304,3.9224352708724926,-0.9200048708724924
890,3.0106342,3.918575590500808,-0.9079413905008078
891,3.0090637,3.9148181873075845,-0.9057544873075845
892,3.0121493,3.9111350283562385,-0.8989857283562386
893,3.0129285,3.9075212088813602,-0.8945927088813601
894,3.0295432,3.904000374655029,-0.8744571746550291
895,3.0373263,3.900615446892737,-0.8632891468927371
896,3.0417273,3.897393874178224,-0.8556665741782243
897,3.0443127,3.894384411814694,-0.8500717118146941
898,3.0411432,3.891687521464748,-0.8505443214647479
899,3.029044,3.8892928648021488,-0.8602488648021489
900,3.0111105,3.8872077852756433,-0.8760972852756432
901,2.9845526,3.8857829555326036,-0.9012303555326033
902,2.9644437,3.8847624761254824,-0.9203187761254825
903,2.9472287,3.884001259934958,-0.9367725599349579
904,2.9317136,3.8836883359326837,-0.9519747359326836
905,2.9192276,3.883692985104558,-0.9644653851045577
906,2.9075427,3.8841069076219976,-0.9765642076219976
907,2.895026,3.8850201615481574,-0.9899941615481573
908,2.8795722,3.886915698848048,-1.0073434988480479
909,2.8662415,3.889475174673975,-1.0232336746739747
910,2.8534873,3.8920035834367717,-1.0385162834367718
911,2.8399374,3.8948598744361584,-1.0549224744361583
912,2.8292346,3.8980836727982133,-1.0688490727982134
913,2.8196552,3.901690593512344,-1.082035393512344
914,2.8125262,3.905511808100984,-1.0929856081009839
915,2.8035367,3.909408187154624,-1.1058714871546238
916,2.8008914,3.913365033941433,-1.1124736339414332
917,2.8015409,3.917252949543699,-1.1157120495436992
918,2.807021,3.921005687882621,-1.113984687882621
919,2.808211,3.924570380079694,-1.116359380079694
920,2.8111377,3.927991617545728,-1.1168539175457277
921,2.8116825,3.9316268572085873,-1.1199443572085874
922,2.8068445,3.9352601340422675,-1.1284156340422675
923,2.803201,3.938667646015323,-1.135466646015323
924,2.8024228,3.942077643711444,-1.139654843711444
925,2.8050144,3.945577430763836,-1.1405630307638357
926,2.81427,3.9492482774466997,-1.1349782774466997
927,2.8252335,3.953081180210409,-1.127847680210409
928,2.832732,3.957337544542071,-1.1246055445420708
929,2.8298132,3.961971462864434,-1.1321582628644342
930,2.8211734,3.966810360629702,-1.1456369606297017
931,2.810341,3.9718278151997444,-1.1614868151997442
932,2.8034635,3.97723145918939,-1.17376795918939
933,2.7990417,3.9824740587043976,-1.1834323587043976
934,2.7988281,3.9871007928317863,-1.1882726928317862
935,2.8045654,3.991350182909428,-1.1867847829094278
936,2.8074145,3.9953482839508476,-1.1879337839508475
937,2.8142056,3.9992640352856785,-1.1850584352856783
938,2.825336,4.003128119915603,-1.177792119915603
939,2.8348956,4.006978492442011,-1.172082892442011
940,2.8521652,4.010886429201138,-1.158721229201138
941,2.8687885,4.014588551448666,-1.1458000514486661
942,2.8854086,4.018180544955761,-1.1327719449557607
943,2.9066348,4.021792172267267,-1.1151573722672667
944,2.9338913,4.025414180571521,-1.091522880571521
945,2.9507675,4.029028468331669,-1.0782609683316688
946,2.9625385,4.032725166016362,-1.0701866660163617
947,2.9679706,4.036537816669544,-1.0685672166695435
948,2.974219,4.0404339140224526,-1.0662149140224524
949,2.9757156,4.04426625675658,-1.06855065675658
950,2.9778574,4.047824379478827,-1.0699669794788274
951,2.971052,4.051070397115811,-1.0800183971158108
952,2.9722803,4.054087699947257,-1.0818073999472566
953,2.9824002,4.057186764999091,-1.0747865649990915
954,2.9955869,4.060132102851487,-1.0645452028514866
955,3.0125504,4.062691993310949,-1.0501415933109493
956,3.0289295,4.065038777312276,-1.0361092773122764
957,3.0441284,4.067098915908994,-1.0229705159089937
958,3.0488782,4.068829461225086,-1.0199512612250858
959,3.05879,4.07019103681682,-1.01140103681682
960,3.0624335,4.07127451825765,-1.00884101825765
961,3.0603452,4.072129379413032,-1.011784179413032
962,3.056706,4.072717150546542,-1.0160111505465421
963,3.0548673,4.073064234368133,-1.0181969343681332
964,3.0456707,4.073184560689908,-1.0275138606899081
965,3.0295727,4.072985229820397,-1.0434125298203965
966,3.012982,4.072458214442111,-1.0594762144421113
967,2.9966114,4.071606535219465,-1.0749951352194653
968,2.9814944,4.070419702211161,-1.0889253022111607
969,2.9675937,4.06883581448907,-1.1012421144890698
970,2.9517505,4.066884588749569,-1.1151340887495689
971,2.942519,4.0647391369777015,-1.1222201369777016
972,2.9280689,4.062494302862062,-1.1344254028620617
973,2.9093137,4.060261384840139,-1.1509476848401392
974,2.8926413,4.0580867457260315,-1.1654454457260313
975,2.8732135,4.055863744046829,-1.1826502440468292
976,2.856999,4.053523093788946,-1.1965240937889456
977,2.845676,4.0511546444014,-1.2054786444014
978,2.838223,4.048706468158938,-1.2104834681589383
979,2.8335605,4.0461420370731105,-1.2125815370731106
980,2.8290188,4.04350005141518,-1.2144812514151804
981,2.8236237,4.040958118082196,-1.2173344180821961
982,2.825349,4.038837703481217,-1.2134887034812172
983,2.822369,4.036703218786762,-1.214334218786762
984,2.8288498,4.0343935814698195,-1.2055437814698196
985,2.8371484,4.032236110719461,-1.1950877107194615
986,2.844259,4.030277204918295,-1.1860182049182946
987,2.855156,4.028379361195792,-1.1732233611957916
988,2.864527,4.0269516249741635,-1.1624246249741637
989,2.8791919,4.026127231897745,-1.1469353318977453
990,2.8972418,4.025283452272397,-1.128041652272397
991,2.9168832,4.024446397643526,-1.1075631976435263
992,2.9408002,4.023758739967716,-1.0829585399677164
993,2.968193,4.023224992088116,-1.0550319920881157
994,2.996739,4.022834937569188,-1.0260959375691883
995,3.0267682,4.022593918133039,-0.9958257181330388
996,3.0569894,4.022738714990837,-0.9657493149908367
997,3.0880356,4.023037810404802,-0.9350022104048024
998,3.1195035,4.023192151210504,-0.9036886512105045
999,3.1523776,4.023469135275983,-0.8710915352759829
1000,3.1829965,4.023868243048168,-0.8408717430481678
1001,3.2072928,4.024320284089136,-0.8170274840891358
1002,3.2340045,4.024855963106443,-0.7908514631064429
1003,3.26211,4.025463016826201,-0.7633530168262013
1004,3.295729,4.025894057866909,-0.7301650578669086
1005,3.32465,4.026115198931849,-0.7014651989318486
1006,3.3500445,4.026374320361782,-0.676329820361782
1007,3.3725529,4.026756385954651,-0.654203485954651
1008,3.3928125,4.027248973809641,-0.6344364738096413
1009,3.4114628,4.028073472338162,-0.6166106723381626
1010,3.4291427,4.029260114103222,-0.600117414103222
1011,3.4464908,4.030542969463931,-0.5840521694639311
1012,3.464146,4.0319642298308365,-0.5678182298308365
1013,3.4827466,4.0334115517626135,-0.5506649517626134
1014,3.5029316,4.034871216713126,-0.5319396167131263
1015,3.5253406,4.036419152246381,-0.5110785522463814
1016,3.5496562,4.038062401912231,-0.48840620191223083
1017,3.5715964,4.039793096909942,-0.46819669690994203
1018,3.5925968,4.041625270832703,-0.4490284708327028
1019,3.612684,4.043786265847762,-0.43110226584776257
1020,3.6301825,4.046174750071246,-0.41599225007124563
1021,3.6497061,4.0485636578728394,-0.3988575578728395
1022,3.6664734,4.051036455661255,-0.38456305566125515
1023,3.6812646,4.0535181531122815,-0.3722535531122815
1024,3.6959152,4.056134825785149,-0.3602196257851489
1025,3.7068973,4.05889832178541,-0.35200102178540993
1026,3.7166061,4.061638842357684,-0.34503274235768444
1027,3.7235684,4.064366293216824,-0.34079789321682386
1028,3.728689,4.066961891784445,-0.3382728917844444
1029,3.7333035,4.069489949275061,-0.33618644927506125
1030,3.7369754,4.071930396470789,-0.33495499647078875
1031,3.7419531,4.07418333426191,-0.33223023426191034
1032,3.74668,4.076275495725522,-0.3295954957255218
1033,3.7511783,4.07837510993249,-0.32719680993249023
1034,3.7582965,4.080360119956035,-0.32206361995603494
1035,3.762302,4.08202665596268,-0.3197246559626796
1036,3.774123,4.083423946146928,-0.3093009461469278
1037,3.779469,4.084646128083037,-0.30517712808303665
1038,3.7854593,4.085729532669113,-0.3002702326691131
1039,3.7897677,4.086621109994293,-0.29685340999429277
1040,3.7957187,4.08731482302836,-0.29159612302836013
1041,3.8028543,4.087865913391815,-0.28501161339181547
1042,3.8085938,4.088271602962102,-0.2796778029621021
1043,3.8142962,4.088548348452583,-0.27425214845258283
1044,3.8201654,4.088687488608209,-0.26852208860820914
1045,3.8271234,4.088701301357226,-0.2615779013572257
1046,3.83358,4.0886453073657725,-0.2550653073657725
1047,3.8410242,4.0886012932346,-0.24757709323459975
1048,3.846441,4.088594773288954,-0.24215377328895427
1049,3.8517532,4.088584327201222,-0.23683112720122157
1050,3.8547275,4.088573533713484,-0.23384603371348422
1051,3.8581216,4.088608109360627,-0.23048650936062698
1052,3.861848,4.088706804352083,-0.22685880435208272
1053,3.8658633,4.08887573767642,-0.2230124376764202
1054,3.8703625,4.089121092010281,-0.21875859201028058
1055,3.8695111,4.089414045307083,-0.2199029453070831
1056,3.868139,4.089786726991286,-0.22164772699128577
1057,3.8646579,4.090332076886037,-0.22567417688603708
1058,3.8581238,4.091049808398207,-0.23292600839820699
1059,3.8446698,4.091975731690857,-0.2473059316908568
1060,3.8262591,4.0931028084901175,-0.2668437084901174
1061,3.80245,4.094377949990104,-0.2919279499901042
1062,3.782461,4.095864222303388,-0.3134032223033878
1063,3.7659976,4.097508362938781,-0.3315107629387808
1064,3.756448,4.099379716500112,-0.3429317165001118
1065,3.75314,4.1015576741364095,-0.34841767413640934
1066,3.7566016,4.1040654429497545,-0.3474638429497543
1067,3.7631552,4.106942246049042,-0.34378704604904176
1068,3.7742877,4.1101523120611025,-0.33586461206110263
1069,3.7941983,4.113612568682445,-0.3194142686824448
1070,3.8106647,4.117288738511629,-0.3066240385116292
1071,3.827665,4.121135259348092,-0.293470259348092
1072,3.845361,4.125120567176776,-0.27975956717677564
1073,3.863933,4.129141319182641,-0.2652083191826411
1074,3.8812747,4.133105449371124,-0.2518307493711238
1075,3.8982599,4.1365763470700365,-0.23831644707003674
1076,3.9138904,4.139540147061638,-0.22564974706163765
1077,3.9299643,4.142230914328092,-0.21226661432809202
1078,3.9461026,4.144612902398771,-0.1985103023987711
1079,3.9617996,4.146656575391451,-0.18485697539145107
1080,3.9780786,4.148408886397686,-0.17033028639768588
1081,3.992691,4.150008399540238,-0.1573173995402377
1082,4.0078845,4.151721295372992,-0.14383679537299177
1083,4.021989,4.15352494453697,-0.13153594453697082
1084,4.033749,4.155349988140356,-0.12160098814035614
1085,4.042814,4.157239063331613,-0.11442506333161351
1086,4.053141,4.159156844102294,-0.10601584410229403
1087,4.0617294,4.161127053657783,-0.09939765365778275
1088,4.072376,4.1632012705349535,-0.09082527053495326
1089,4.0821314,4.165694769658389,-0.08356336965838906
1090,4.090027,4.168563170351961,-0.0785361703519607
1091,4.0980325,4.1715894732475824,-0.07355697324758204
1092,4.1056213,4.17456757406848,-0.06894627406847942
1093,4.11357,4.1773413224597205,-0.06377132245972028
1094,4.120648,4.180227498551667,-0.05957949855166689
1095,4.126432,4.1831050778150205,-0.05667307781502018
1096,4.130138,4.185859082343727,-0.055721082343727524
1097,4.133025,4.188705175949747,-0.055680175949746946
1098,4.138129,4.191520052380147,-0.05339105238014685
1099,4.1415415,4.1941376446507945,-0.05259614465079476
1100,4.1450477,4.196388160779816,-0.0513404607798158
1101,4.1485486,4.1982886291111114,-0.04974002911111164
1102,4.152043,4.199950799921532,-0.047907799921532046
1103,4.157769,4.201435443635263,-0.04366644363526273
1104,4.1640124,4.20299596690687,-0.03898356690686988
1105,4.1718054,4.204691374917741,-0.03288597491774059
1106,4.179207,4.2065225331786085,-0.027315533178608575
1107,4.1862564,4.2082733682393885,-0.022016968239388035
1108,4.1917615,4.20974164697644,-0.01798014697643957
1109,4.1991568,4.210869838305644,-0.011713038305644297
1110,4.2030478,4.211877118288134,-0.008829318288134047
1111,4.2016068,4.212741718773429,-0.011134918773428204
1112,4.2015786,4.213500328204372,-0.01192172820437154
1113,4.2005963,4.214129656763558,-0.013533356763558047
1114,4.200286,4.214521105602094,-0.014235105602093512
1115,4.200175,4.214645012884573,-0.014470012884573613
1116,4.204061,4.214595835910811,-0.010534835910810614
1117,4.1939044,4.21451011253249,-0.02060571253248966
1118,4.1964307,4.214436385387788,-0.018005685387788795
1119,4.1980906,4.2144047302949845,-0.016314130294984963
1120,4.20127,4.214440637288311,-0.013170637288310694
1121,4.2039685,4.21450493835423,-0.01053643835422946
1122,4.20451,4.214623702024594,-0.010113702024593607
1123,4.2036753,4.214757003455975,-0.011081703455975145
1124,4.202713,4.2148037079119955,-0.012090707911995402
1125,4.1986914,4.214616667573507,-0.015925267573506652
1126,4.1946445,4.214216926099539,-0.01957242609953891
1127,4.189525,4.213722730469189,-0.02419773046918916
1128,4.186687,4.21320514233912,-0.02651814233912031
1129,4.185028,4.212702001551354,-0.02767400155135391
1130,4.184812,4.212223876705333,-0.02741187670533307
1131,4.186604,4.211708065531003,-0.02510406553100264
1132,4.1893735,4.211133836364979,-0.021760336364978983
1133,4.1938376,4.210473592975958,-0.016635992975957414
1134,4.201439,4.209618835332503,-0.008179835332502883
1135,4.204033,4.20859405057179,-0.004561050571790126
1136,4.206945,4.207578463174006,-0.0006334631740054775
1137,4.2088876,4.206752815578132,0.0021347844218677636
1138,4.212049,4.206269536707129,0.0057794632928711565
1139,4.2140884,4.206048165190389,0.008040234809610247
1140,4.2162104,4.206383396269873,0.009827003730126904
1141,4.218628,4.207047675536973,0.011580324463026592
1142,4.223188,4.207517213805448,0.0156707861945522
1143,4.2297006,4.207684697946423,0.022015902053577285
1144,4.2379947,4.207525678533819,0.030469021466180912
1145,4.2470603,4.207184145754173,0.039876154245827244
1146,4.256875,4.206784182876311,0.05009081712368868
1147,4.265929,4.206362678876117,0.05956632112388327
1148,4.275434,4.206235827449069,0.06919817255093097
1149,4.275231,4.206329011106433,0.06890198889356647
1150,4.2736382,4.206678649434016,0.06695955056598368
1151,4.2710433,4.2071856756393124,0.0638576243606872
1152,4.2674956,4.20751049839312,0.05998510160688042
1153,4.263044,4.2077447398473655,0.05529926015263431
1154,4.2577367,4.208036113286385,0.0497005867136151
1155,4.2516236,4.208284123000515,0.043339476999485704
1156,4.244754,4.20834254133374,0.03641145866626072
1157,4.2371764,4.20825457158187,0.02892182841813007
1158,4.2289395,4.208097010905234,0.020842489094766492
1159,4.2200933,4.207849516043116,0.01224378395688408
1160,4.210686,4.207503039801201,0.00318296019879849
1161,4.200768,4.207044246153294,-0.0062762461532939184
1162,4.1929803,4.2064816009562165,-0.013501300956216156
1163,4.1907163,4.205808072245716,-0.015091772245716228
1164,4.1825204,4.204986757415666,-0.022466357415666494
1165,4.171308,4.204007256075031,-0.032699256075031435
1166,4.1500177,4.202889898799595,-0.05287219879959437
1167,4.1251984,4.201710433682163,-0.07651203368216297
1168,4.098905,4.200432742405633,-0.10152774240563289
1169,4.0743933,4.198972527222613,-0.12457922722261294
1170,4.0550714,4.197272901242762,-0.14220150124276199
1171,4.040696,4.1952688580173065,-0.1545728580173069
1172,4.0310855,4.193134918768932,-0.16204941876893209
1173,4.023261,4.191193838173162,-0.1679328381731624
1174,4.0183487,4.189152612628854,-0.17080391262885453
1175,4.0157723,4.187009344448345,-0.1712370444483451
1176,4.014352,4.184870139779652,-0.17051813977965224
1177,4.011395,4.182505423018567,-0.1711104230185665
1178,4.0031543,4.179852690845337,-0.17669839084533656
1179,3.983916,4.1770005792785865,-0.1930845792785867
1180,3.9491403,4.174171013203208,-0.2250307132032079
1181,3.9072833,4.1713985143839265,-0.2641152143839265
1182,3.8734448,4.16876009544168,-0.29531529544168
1183,3.8425653,4.16601472368134,-0.32344942368134033
1184,3.820646,4.163104508859293,-0.3424585088592931
1185,3.800707,4.16001384442031,-0.3593068444203098
1186,3.7837055,4.1567471643140195,-0.3730416643140195
1187,3.771298,4.153201832267108,-0.381903832267108
1188,3.7669919,4.149294246555975,-0.38230234655597517
1189,3.7670047,4.145063034527746,-0.3780583345277462
1190,3.7711945,4.1407597598310835,-0.36956525983108346
1191,3.7787387,4.136299223606576,-0.3575605236065762
1192,3.7909229,4.131508170441002,-0.34058527044100195
1193,3.8082678,4.126524529922852,-0.31825672992285226
1194,3.8169644,4.121334817200137,-0.30437041720013713
1195,3.8316922,4.116124816759869,-0.28443261675986875
1196,3.8479047,4.110947140176738,-0.26304244017673817
1197,3.8616366,4.105675352081697,-0.24403875208169667
1198,3.8732562,4.100348145241554,-0.22709194524155407
1199,3.8855252,4.094900479398948,-0.20937527939894807
1200,3.8968735,4.089399702375346,-0.1925262023753458
1201,3.9107785,4.083898835005278,-0.17312033500527768
1202,3.932649,4.078445520828975,-0.14579652082897487
1203,3.9569867,4.072880011488384,-0.11589331148838422
1204,3.981611,4.067145313233989,-0.08553431323398897
1205,4.006823,4.061387615652125,-0.05456461565212489
1206,4.032464,4.055547238913888,-0.023083238913887527
1207,4.0632434,4.049609980996521,0.013633419003479474
1208,4.080294,4.043719662396926,0.03657433760307427
1209,4.0961447,4.0377749167937464,0.05836978320625352
1210,4.1092124,4.032111313438702,0.07710108656129755
1211,4.11925,4.026458460398005,0.09279153960199515
1212,4.1255984,4.020516408016729,0.10508199198327173
1213,4.1311154,4.0144299774592165,0.11668542254078318
1214,4.132397,4.008224181061805,0.1241728189381952
1215,4.129777,4.001953576649015,0.12782342335098473
1216,4.1228213,3.995808781802377,0.12701251819762316
1217,4.112209,3.990261665083779,0.121947334916221
1218,4.102768,3.9849924909346592,0.11777550906534096
1219,4.0949426,3.9797628174112187,0.1151797825887817
1220,4.089727,3.974520392560411,0.11520660743958899
1221,4.092526,3.9692970940469685,0.12322890595303182
1222,4.098296,3.9641186847029735,0.13417731529702692
1223,4.108022,3.95905261516887,0.1489693848311302
1224,4.120017,3.9540920822156,0.1659249177844
1225,4.1346164,3.9492915515510205,0.18532484844897912
1226,4.1427817,3.944647189735936,0.19813451026406348
1227,4.139049,3.94008013335757,0.19896886664243008
1228,4.131752,3.9355937534528156,0.19615824654718406
1229,4.121454,3.931199611838155,0.1902543881618448
1230,4.1087275,3.927493614395457,0.1812338856045428
1231,4.094137,3.9240680244968154,0.17006897550318456
1232,4.0782485,3.920421588371926,0.15782691162807394
1233,4.061629,3.9166803538252677,0.14494864617473224
1234,4.0448437,3.912779008946506,0.13206469105349417
1235,4.0284605,3.9090711707903263,0.11938932920967416
1236,4.0130444,3.9056745480062105,0.10736985199378957
1237,3.999163,3.902623212248401,0.096539787751599
1238,3.9873817,3.9005617664210663,0.08681993357893347
1239,3.9782674,3.8991818846718713,0.07908551532812869
1240,3.9723868,3.8980021170371106,0.07438468296288958
1241,3.9888487,3.8969131349806183,0.09193556501938183
1242,4.107364,3.895826600455825,0.2115373995441745
1243,4.107376,3.8950719330429813,0.2123040669570191
1244,4.0963845,3.8945684109775254,0.20181608902247472
1245,4.0792108,3.8943091383765727,0.18490166162342758
1246,4.0611157,3.8939249931972526,0.1671907068027476
1247,4.0437264,3.893650632520899,0.1500757674791009
1248,4.0369263,3.893753323892681,0.14317297610731927
1249,4.0351844,3.894234837689571,0.14094956231042932
1250,4.0368357,3.895326981942344,0.14150871805765597
1251,4.0408697,3.8974444724354727,0.14342522756452736
1252,4.0416574,3.899943494968254,0.1417139050317462
1253,4.0424643,3.902454231531837,0.14001006846816288
1254,4.0444803,3.9054119751434193,0.13906832485658072
1255,4.0455856,3.9089952739480847,0.13659032605191523
1256,4.048402,3.913122809924952,0.1352791900750483
1257,4.0512576,3.9175162855241625,0.13374131447583704
1258,4.0569587,3.9220545261138318,0.13490417388616827
1259,4.0626855,3.92668043943403,0.13600506056596995
1260,4.0712075,3.931611051607044,0.1395964483929557
1261,4.0799203,3.9367718912065577,0.1431484087934427
1262,4.0856485,3.9421201859847015,0.1435283140152981
1263,4.0929117,3.9478145694591062,0.1450971305408939
1264,4.098587,3.9537570673278752,0.14482993267212496
1265,4.103141,3.9599817829156883,0.14315921708431167
1266,4.1040606,3.9665033077047633,0.13755729229523705
1267,4.103536,3.9732631061130097,0.13027289388699037
1268,4.1032333,3.980317377906321,0.12291592209367952
1269,4.106891,3.9877525475701607,0.11913845242983934
1270,4.1101413,3.9958438246853984,0.11429747531460199
1271,4.103059,4.004291120015746,0.09876787998425396
1272,4.1026196,4.012707577392058,0.08991202260794129
1273,4.1009946,4.021254048876709,0.07974055112329115
1274,4.09495,4.029590778281863,0.06535922171813713
1275,4.0874963,4.037681044676241,0.04981525532375919
1276,4.078542,4.045960120521094,0.03258187947890523
1277,4.070316,4.054353304170646,0.015962695829354168
1278,4.061736,4.062800726410644,-0.0010647264106440346
1279,4.0545697,4.071205161878965,-0.016635461878965252
1280,4.052268,4.079706455981025,-0.027438455981025456
1281,4.0520825,4.088224943627891,-0.036142443627890763
1282,4.0599737,4.0965820522200795,-0.036608352220079965
1283,4.068207,4.1048272196147355,-0.03662021961473538
1284,4.078402,4.113011226381552,-0.03460922638155228
1285,4.0868793,4.121741363495723,-0.03486206349572374
1286,4.0940924,4.1302950208829765,-0.03620262088297643
1287,4.0971417,4.1383306377575515,-0.041188937757551614
1288,4.09843,4.146124838555402,-0.047694838555402796
1289,4.0999885,4.153697868251202,-0.05370936825120154
1290,4.102445,4.160919454819345,-0.058474454819344324
1291,4.1067514,4.167760422350146,-0.06100902235014605
1292,4.114301,4.174306475094061,-0.0600054750940604
1293,4.11968,4.180638222012201,-0.06095822201220091
1294,4.125778,4.186736256509103,-0.06095825650910225
1295,4.12967,4.192610843486931,-0.06294084348693119
1296,4.133132,4.198282473581188,-0.06515047358118853
1297,4.1357083,4.203728945971775,-0.06802064597177448
1298,4.1372824,4.209049008518903,-0.07176660851890304
1299,4.137496,4.21432775237569,-0.07683175237569007
1300,4.1431885,4.2195161557812515,-0.07632765578125156
1301,4.14706,4.224648183858508,-0.07758818385850841
1302,4.1544104,4.229729095111708,-0.07531869511170797
1303,4.1606174,4.234674215412529,-0.07405681541252918
1304,4.163676,4.239515391602089,-0.07583939160208963
1305,4.1474032,4.244175648774271,-0.09677244877427071
1306,4.1473193,4.248679265234673,-0.10135996523467306
1307,4.1404614,4.253057070308514,-0.11259567030851336
1308,4.1281424,4.257275332575044,-0.1291329325750441
1309,4.1121826,4.261266012980684,-0.1490834129806844
1310,4.0920715,4.264508754335529,-0.17243725433552903
1311,4.0745306,4.266920990931085,-0.19239039093108445
1312,4.062317,4.269100043974602,-0.20678304397460145
1313,4.048462,4.271030866357523,-0.22256886635752338
1314,4.0356607,4.272714084973306,-0.23705338497330608
1315,4.0241785,4.274141338916675,-0.2499628389166757
1316,4.0107217,4.275307377990424,-0.2645856779904232
1317,3.9965134,4.276194067881266,-0.2796806678812662
1318,3.9825647,4.276811018508988,-0.2942463185089874
1319,3.97126,4.277001268932353,-0.3057412689323531
1320,3.9649386,4.2764648973030255,-0.3115262973030255
1321,3.9665353,4.275445784558905,-0.30891048455890546
1322,3.9730442,4.274243763415141,-0.3011995634151412
1323,3.9856555,4.272877713090655,-0.2872222130906552
1324,3.999782,4.271353943640342,-0.2715719436403421
1325,4.0167227,4.26967008129433,-0.25294738129433014
1326,4.0324926,4.2678341935129085,-0.23534159351290818
1327,4.0475507,4.265824259719707,-0.21827355971970697
1328,4.0608053,4.263643721575843,-0.20283842157584253
1329,4.0703583,4.261333391716997,-0.19097509171699745
1330,4.0744596,4.258904713733442,-0.1844451137334424
1331,4.0751867,4.256282865508979,-0.1810961655089791
1332,4.0759864,4.253466505289109,-0.17748010528910907
1333,4.0756497,4.250515568046457,-0.17486586804645743
1334,4.0766788,4.247456860270575,-0.17077806027057552
1335,4.07936,4.244284312606272,-0.1649243126062716
1336,4.082986,4.240982579460819,-0.1579965794608187
1337,4.090199,4.237538965052765,-0.14733996505276448
1338,4.100333,4.233987986534355,-0.1336549865343546
1339,4.1150794,4.230337189990872,-0.11525778999087244
1340,4.1312103,4.226589684640186,-0.0953793846401858
1341,4.1425934,4.22274937238339,-0.08015597238339023
1342,4.1548266,4.218838049301863,-0.06401144930186309
1343,4.164204,4.215044823244419,-0.0508408232444193
1344,4.171145,4.211226121152448,-0.040081121152447885
1345,4.1722116,4.207228596218601,-0.03501699621860155
1346,4.17555,4.203134961145848,-0.02758496114584741
1347,4.174178,4.198982803550814,-0.024804803550813936
1348,4.1778793,4.1947746221268405,-0.01689532212684064
1349,4.1799655,4.190474719602324,-0.010509219602324649
1350,4.1847906,4.186300249122341,-0.0015096491223403063
1351,4.187732,4.1820839210469645,0.005648078953035096
1352,4.194181,4.177646185469756,0.01653481453024419
1353,4.1990485,4.173254318258403,0.0257941817415972
1354,4.204677,4.168956888258806,0.035720111741194494
1355,4.210935,4.164771352413348,0.04616364758665181
1356,4.218871,4.160733294990584,0.05813770500941562
1357,4.228074,4.156824562261382,0.07124943773861858
1358,4.234329,4.153046886361622,0.08128211363837767
1359,4.2430267,4.149416543381324,0.09361015661867533
1360,4.244838,4.145901747119201,0.0989362528807991
1361,4.2426825,4.1424637543199125,0.10021874568008737
1362,4.2340155,4.139034008463654,0.09498149153634561
1363,4.2096567,4.135652652705345,0.07400404729465482
1364,4.1734796,4.132420126435215,0.04105947356478534
1365,4.134731,4.129341900846324,0.005389099153676469
1366,4.1026435,4.12646231810364,-0.023818818103640282
1367,4.084042,4.123767026614269,-0.0397250266142688
1368,4.076342,4.121807534305407,-0.04546553430540623
1369,4.0728726,4.120339644512673,-0.04746704451267281
1370,4.0757065,4.118820322138822,-0.04311382213882187
1371,4.081019,4.117602582412976,-0.03658358241297588
1372,4.094645,4.116686974977447,-0.022041974977446976
1373,4.1147733,4.115993992373321,-0.0012206923733204533
1374,4.135465,4.115570133966815,0.019894866033184577
1375,4.1522727,4.115421145217988,0.03685155478201185
1376,4.173513,4.115561620784551,0.05795137921544846
1377,4.191497,4.115937837829795,0.07555916217020542
1378,4.2024484,4.116305159191367,0.08614324080863245
1379,4.2119894,4.1166733565299,0.09531604347009992
1380,4.210021,4.117301522829297,0.09271947717070361
1381,4.1975217,4.118253996345966,0.07926770365403435
1382,4.1808276,4.119465153506701,0.06136244649329914
1383,4.163604,4.1208824838673275,0.04272151613267283
1384,4.1478586,4.122492466536232,0.025366133463768037
1385,4.1382957,4.124349398645603,0.01394630135439634
1386,4.131498,4.12662473609653,0.004873263903469649
1387,4.130349,4.1292336374902545,0.0011153625097453101
1388,4.1318994,4.132542863365102,-0.000643463365102015
1389,4.1308126,4.136438049347605,-0.00562544934760556
1390,4.130977,4.140397888538811,-0.009420888538810956
1391,4.1312833,4.144661320354762,-0.013378020354762654
1392,4.13294,4.149214212627622,-0.016274212627622298
1393,4.134759,4.153909833813305,-0.01915083381330529
1394,4.137023,4.158753395997344,-0.021730395997344054
1395,4.140527,4.163807139298859,-0.023280139298859304
1396,4.146119,4.168797397038893,-0.022678397038893294
1397,4.1554055,4.173375258329508,-0.017969758329508423
1398,4.1647315,4.1776877111355954,-0.012956211135595197
1399,4.1721854,4.181984958703218,-0.009799558703218025
1400,4.17157,4.186273678066567,-0.01470367806656725
1401,4.164216,4.190594813267138,-0.026378813267138312
1402,4.15389,4.1949453424054335,-0.04105534240543385
1403,4.138781,4.19933202079112,-0.06055102079112018
1404,4.124624,4.203745811646019,-0.0791218116460195
1405,4.109592,4.208195024931621,-0.09860302493162099
1406,4.1014047,4.2127145154601,-0.11130981546009977
1407,4.0963364,4.217264546246449,-0.12092814624644888
1408,4.09705,4.221768074075564,-0.12471807407556401
1409,4.102005,4.226184616314665,-0.1241796163146649
1410,4.1100397,4.230516367753105,-0.12047666775310528
1411,4.1180825,4.234701849883517,-0.11661934988351685
1412,4.125812,4.238702981445963,-0.11289098144596288
1413,4.135203,4.242589905335237,-0.10738690533523698
1414,4.1452627,4.2463916931218595,-0.10112899312185952
1415,4.1573663,4.250053400462058,-0.09268710046205797
1416,4.1696877,4.25359528388594,-0.08390758388594044
1417,4.1804667,4.257061715963767,-0.0765950159637665
1418,4.1903467,4.260428578592635,-0.07008187859263515
1419,4.198931,4.263709178118931,-0.06477817811893072
1420,4.206291,4.2669430214116,-0.060652021411599755
1421,4.213731,4.270085425637664,-0.056354425637663574
1422,4.220277,4.273081222724547,-0.052804222724546435
1423,4.223687,4.275925063405459,-0.05223806340545867
1424,4.227628,4.278555510835604,-0.05092751083560376
1425,4.2259316,4.280738539918389,-0.054806939918388586
1426,4.227259,4.282286267991926,-0.05502726799192548
1427,4.2297974,4.283379242611492,-0.053581842611492014
1428,4.231965,4.284220470750606,-0.052255470750606214
1429,4.2321777,4.2848536626294855,-0.05267596262948526
1430,4.235222,4.285304832747676,-0.05008283274767589
1431,4.238584,4.2855464292229595,-0.04696242922295912
1432,4.2423882,4.285534358900744,-0.04314615890074425
1433,4.245307,4.285333755040729,-0.04002675504072872
1434,4.253904,4.2849493475495795,-0.031045347549579105
1435,4.2478952,4.284278989903594,-0.03638378990359392
1436,4.2420382,4.283276290676316,-0.04123809067631612
1437,4.236959,4.282008304504643,-0.045049304504643395
1438,4.2335334,4.280503780631516,-0.046970380631516484
1439,4.2297645,4.278788414329298,-0.049023914329297646
1440,4.2266564,4.276857248063463,-0.05020084806346237
1441,4.2194366,4.274669590991972,-0.05523299099197221
1442,4.2096415,4.272194197682721,-0.06255269768272065
1443,4.200248,4.269489563795031,-0.06924156379503099
1444,4.193934,4.266592932631369,-0.07265893263136913
1445,4.194529,4.263487167325728,-0.06895816732572779
1446,4.1917825,4.260139944981196,-0.06835744498119567
1447,4.1917214,4.256578042714091,-0.06485664271409153
1448,4.1946726,4.252841577273349,-0.058168977273349576
1449,4.1958685,4.248962078441267,-0.05309357844126783
1450,4.1989737,4.244928704004133,-0.045955004004133215
1451,4.202809,4.24076279305344,-0.03795379305343971
1452,4.1972938,4.236461373573789,-0.039167573573789305
1453,4.1923447,4.232006275857092,-0.0396615758570924
1454,4.188987,4.227419802404297,-0.03843280240429703
1455,4.1880713,4.22271700937038,-0.03464570937038047
1456,4.186089,4.217932981529041,-0.03184398152904144
1457,4.1830773,4.213086993655633,-0.030009693655633107
1458,4.1790733,4.208184921691553,-0.02911162169155279
1459,4.1741147,4.203360581009884,-0.029245881009884123
1460,4.1682386,4.198574709379359,-0.030336109379359044
1461,4.161482,4.193859238123389,-0.032377238123388885
1462,4.153883,4.189280637661154,-0.03539763766115378
1463,4.1454782,4.184710919187709,-0.03923271918770865
1464,4.1363053,4.180123321245075,-0.043818021245074945
1465,4.1264014,4.175533586977299,-0.0491321869772996
1466,4.1158047,4.17094149829464,-0.055136798294640244
1467,4.1044526,4.166337756874657,-0.061885156874656566
1468,4.1080728,4.161638927089141,-0.05356612708914099
1469,4.1008277,4.1568533900411735,-0.056025690041173526
1470,4.0779343,4.152072715119187,-0.0741384151191875
1471,4.0355706,4.147305814428807,-0.11173521442880752
1472,3.9763336,4.1430845628092055,-0.16675096280920565
1473,3.9136527,4.139708531572284,-0.2260558315722836
1474,3.8527832,4.136439674397919,-0.28365647439791886
1475,3.8026822,4.132978486032751,-0.3302962860327514
1476,3.7618878,4.129543791369663,-0.3676559913696633
1477,3.734895,4.126140474698295,-0.3912454746982954
1478,3.7115567,4.122722375744847,-0.4111656757448472
1479,3.6878302,4.11932429142284,-0.43149409142284023
1480,3.673887,4.115983744679147,-0.4420967446791466
1481,3.6658456,4.1126986827073,-0.4468530827073005
1482,3.6590936,4.109444876749062,-0.45035127674906184
1483,3.6558194,4.106021053140024,-0.45020165314002414
1484,3.6521084,4.102284543632546,-0.4501761436325462
1485,3.6489499,4.098217435109015,-0.44926753510901474
1486,3.6483676,4.093965452054419,-0.4455978520544188
1487,3.645451,4.089616173781196,-0.444165173781196
1488,3.643814,4.08526121017311,-0.44144721017311017
1489,3.6444485,4.080981293503936,-0.43653279350393603
1490,3.6379144,4.076835789779308,-0.4389213897793076
1491,3.6331418,4.072806641640096,-0.43966484164009545
1492,3.6294577,4.069747999895777,-0.44029029989577717
1493,3.6221597,4.067585854948942,-0.445426154948942
1494,3.6183057,4.065339210712856,-0.4470335107128558
1495,3.613024,4.063117385027494,-0.45009338502749463
1496,3.6130545,4.060968869555847,-0.44791436955584674
1497,3.611607,4.05882672690275,-0.44721972690275047
1498,3.6133957,4.056690732105794,-0.44329503210579446
1499,3.6139874,4.054673337318261,-0.44068593731826056
1500,3.616309,4.0527545073319535,-0.4364455073319533
1501,3.6142426,4.050840353096801,-0.4365977530968008
1502,3.6197956,4.0488218537728144,-0.42902625377281467
1503,3.6254294,4.046672772947675,-0.421243372947675
1504,3.6345227,4.044505947883839,-0.4099832478838388
1505,3.640675,4.042320720958381,-0.40164572095838125
1506,3.6409183,4.040098784813739,-0.3991804848137388
1507,3.6363385,4.037817266091675,-0.40147876609167543
1508,3.6319504,4.035559820733456,-0.4036094207334564
1509,3.6309521,4.033399004779433,-0.402446904779433
1510,3.6316288,4.031332368386102,-0.3997035683861019
1511,3.6337106,4.02926322097276,-0.3955526209727602
1512,3.6380386,4.027132471204087,-0.38909387120408745
1513,3.6455014,4.024957532866868,-0.3794561328668675
1514,3.653789,4.0228271520846794,-0.36903815208467927
1515,3.661886,4.020727865793035,-0.35884186579303545
1516,3.6731207,4.018546750057029,-0.34542605005702853
1517,3.6769345,4.016263596232514,-0.33932909623251417
1518,3.6795666,4.013720411728302,-0.3341538117283025
1519,3.68396,4.011025073503106,-0.327065073503106
1520,3.6920078,4.008424466890773,-0.3164166668907731
1521,3.7017941,4.005975747483937,-0.3041816474839374
1522,3.7105865,4.003830760211339,-0.2932442602113392
1523,3.7234497,4.001861854892351,-0.2784121548923504
1524,3.7379673,3.9999850777559716,-0.26201777775597135
1525,3.7607934,3.998216363371252,-0.23742296337125213
1526,3.7864118,3.9965037511249104,-0.2100919511249102
1527,3.8150024,3.994861318304544,-0.1798589183045438
1528,3.8455212,3.99329574831044,-0.14777454831044023
1529,3.8895166,3.9917874419984165,-0.10227084199841663
1530,3.911159,3.9903300279328,-0.07917102793279973
1531,3.92967,3.989116472712538,-0.05944647271253789
1532,3.9452984,3.988011735595189,-0.04271333559518897
1533,3.9577026,3.986883324495795,-0.029180724495794674
1534,3.967612,3.985945851080514,-0.01833385108051422
1535,3.9685829,3.985253969171114,-0.016671069171114272
1536,3.9638777,3.9847868119251,-0.020909111925100365
1537,3.9598796,3.9845552584702526,-0.02467565847025277
1538,3.956538,3.9844845951034524,-0.02794659510345232
1539,3.9538016,3.9844839332855573,-0.030682333285557473
1540,3.9516196,3.9845932466013405,-0.03297364660134061
1541,3.949941,3.9847782492142607,-0.03483724921426079
1542,3.948715,3.9850224301198462,-0.03630743011984627
1543,3.9478903,3.985324292367613,-0.03743399236761302
1544,3.9474163,3.9856651803007925,-0.03824888030079254
1545,3.947246,3.986268655364552,-0.03902265536455207
1546,3.942047,3.986874538949748,-0.044827538949748114
1547,3.9426477,3.987382617759745,-0.0447349177597447
1548,3.93681,3.988020828591661,-0.05121082859166126
1549,3.927354,3.9887746634505086,-0.06142066345050878
1550,3.9151852,3.9895500288832753,-0.07436482888327545
1551,3.9008603,3.9903711891674494,-0.0895108891674492
1552,3.8868484,3.9911815648264475,-0.10433316482644761
1553,3.8742566,3.991827522849406,-0.11757092284940596
1554,3.8676693,3.9925701927648976,-0.12490089276489735
1555,3.8653412,3.9935384790502435,-0.12819727905024347
1556,3.8661664,3.9942318948263438,-0.12806549482634377
1557,3.869871,3.9948659058179947,-0.12499490581799488
1558,3.871836,3.9958013562229033,-0.12396535622290328
1559,3.8741357,3.99660523168676,-0.12246953168676011
1560,3.8769848,3.9972473223109737,-0.1202625223109739
1561,3.8796375,3.9978001642966468,-0.1181626642966469
1562,3.8796475,3.998337334197511,-0.11868983419751089
1563,3.8767383,3.998754263895937,-0.12201596389593705
1564,3.8709967,3.9988935163048276,-0.12789681630482752
1565,3.8605063,3.9987590614433666,-0.13825276144336662
1566,3.8482895,3.9983861078136202,-0.15009660781362033
1567,3.838284,4.000377532596886,-0.1620935325968862
1568,3.8274188,4.0029804211948,-0.17556162119480012
1569,3.8202221,4.00364530894513,-0.18342320894512953
1570,3.8093436,4.003944016783208,-0.19460041678320827
1571,3.7967343,4.003926367590697,-0.20719206759069753
1572,3.7824478,4.003635095374603,-0.22118729537460347
1573,3.7656665,4.0030083648471395,-0.23734186484713948
1574,3.7508633,4.001978879635062,-0.25111557963506215
1575,3.7339303,4.000409865952681,-0.2664795659526815
1576,3.7148306,3.9981742638524356,-0.2833436638524356
1577,3.69435,3.9954815651734203,-0.3011315651734203
1578,3.6749594,3.992518448481573,-0.3175590484815727
1579,3.6607132,3.9892282426006984,-0.3285150426006984
1580,3.6473835,3.9855305435144035,-0.3381470435144034
1581,3.6321661,3.9814610700958504,-0.3492949700958503
1582,3.6383328,3.9771880742567394,-0.3388552742567392
1583,3.6488376,3.972890067230632,-0.3240524672306324
1584,3.6568582,3.9686228438686535,-0.31176464386865366
1585,3.6603916,3.964314590326353,-0.30392299032635295
1586,3.6552026,3.9599526443596513,-0.30475004435965136
1587,3.6417224,3.9556310147265665,-0.3139086147265666
1588,3.621944,3.9513232692745937,-0.3293792692745936
1589,3.5993335,3.9470109658622032,-0.34767746586220305
1590,3.574101,3.9427701715110506,-0.3686691715110504
1591,3.5519464,3.9386180522222105,-0.38667165222221067
1592,3.5347345,3.9346346811504334,-0.39990018115043346
1593,3.5247967,3.93083958678631,-0.40604288678630995
1594,3.5178485,3.9272035627191157,-0.4093550627191158
1595,3.5187552,3.923736478532495,-0.40498127853249466
1596,3.5424838,3.920428963051304,-0.377945163051304
1597,3.5553982,3.9173887486682983,-0.3619905486682984
1598,3.5594733,3.914598317207935,-0.35512501720793477
1599,3.5647485,3.9119928155750614,-0.3472443155750615
1600,3.5643878,3.909577058423359,-0.3451892584233591
1601,3.5558429,3.907465798393878,-0.35162289839387784
1602,3.5335574,3.9057854639003167,-0.3722280639003168
1603,3.5156326,3.9042648298474223,-0.3886322298474223
1604,3.5006921,3.9028287585915713,-0.4021366585915711
1605,3.477842,3.9015654378749245,-0.4237234378749246
1606,3.4442258,3.9005155244052774,-0.4562897244052775
1607,3.3940713,3.8996091485373436,-0.5055378485373438
1608,3.3447278,3.8987888679086864,-0.5540610679086866
1609,3.2947192,3.897989133606526,-0.6032699336065264
1610,3.2443085,3.897435605128624,-0.653127105128624
1611,3.2004166,3.8970222024935754,-0.6966056024935754
1612,3.1578119,3.8971160729977257,-0.7393041729977257
1613,3.1203952,3.897586852213126,-0.7771916522131259
1614,3.0858057,3.8981082622827103,-0.8123025622827105
1615,3.0597317,3.8989516276369196,-0.8392199276369197
1616,3.0409524,3.9000209237620407,-0.8590685237620406
1617,3.0289447,3.901430061116205,-0.8724853611162051
1618,3.0254343,3.903161174071366,-0.877726874071366
1619,3.0251563,3.904992552936347,-0.879836252936347
1620,3.0329645,3.9072047974432924,-0.8742402974432926
1621,3.041615,3.909686499579658,-0.8680714995796577
1622,3.0610313,3.911993541305476,-0.850962241305476
1623,3.076475,3.914408994394387,-0.8379339943943873
1624,3.089139,3.916803795570462,-0.8276647955704624
1625,3.0995777,3.919239295708955,-0.8196615957089546
1626,3.1082451,3.921856253760707,-0.8136111537607071
1627,3.1155958,3.9246060393210556,-0.8090102393210556
1628,3.1220837,3.927449896540215,-0.805366196540215
1629,3.128163,3.9303106706728683,-0.8021476706728685
1630,3.1342883,3.9331763892115914,-0.7988880892115913
1631,3.1409132,3.9360989837751807,-0.7951857837751808
1632,3.1484923,3.9390759980342867,-0.7905836980342866
1633,3.1574793,3.9421317078896765,-0.7846524078896766
1634,3.1683292,3.946113964480566,-0.777784764480566
1635,3.1814952,3.9500107649501217,-0.7685155649501216
1636,3.1974323,3.9530375094631673,-0.7556052094631673
1637,3.217195,3.9554604106134486,-0.7382654106134487
1638,3.2493744,3.9578592883812016,-0.7084848883812014
1639,3.2841763,3.9602956241560037,-0.6761193241560037
1640,3.319603,3.963206221732842,-0.643603221732842
1641,3.3537521,3.9658895407452897,-0.6121374407452898
1642,3.3850055,3.9680215589957855,-0.5830160589957853
1643,3.4046478,3.9700444245878916,-0.5653966245878919
1644,3.4219797,3.971968410982158,-0.549988710982158
1645,3.4346466,3.974246504016402,-0.5395999040164017
1646,3.4466455,3.9763788373983697,-0.5297333373983699
1647,3.457246,3.9779742779585994,-0.5207282779585993
1648,3.4685092,3.9795687604849483,-0.5110595604849482
1649,3.4790769,3.9810537397146795,-0.5019768397146795
1650,3.4874387,3.98226447450098,-0.4948257745009803
1651,3.4953287,3.9831717453786877,-0.4878430453786877
1652,3.500229,3.983711732202979,-0.4834827322029791
1653,3.5063705,3.984036290758261,-0.4776657907582611
1654,3.5051074,3.9842495884089963,-0.47914218840899636
1655,3.4893842,3.984290253517672,-0.4949060535176719
1656,3.4869123,3.984143790541926,-0.49723149054192595
1657,3.4908655,3.9835278699065615,-0.49266236990656154
1658,3.4961755,3.982356216300511,-0.48618071630051096
1659,3.5056055,3.9811399697732335,-0.4755344697732333
1660,3.512099,3.9798964002797605,-0.46779740027976047
1661,3.521407,3.9786736736007633,-0.45726667360076334
1662,3.5209668,3.977490847627412,-0.4565240476274117
1663,3.5227618,3.976644712569074,-0.45388291256907376
1664,3.5232446,3.9765091653270526,-0.4532645653270526
1665,3.5222256,3.9773769932975256,-0.4551513932975255
1666,3.5200818,3.9794539300682428,-0.45937213006824296
1667,3.5148828,3.9823978113124547,-0.46751501131245465
1668,3.5062234,3.985004131168793,-0.47878073116879305
1669,3.499916,3.9873429079133658,-0.48742690791336596
1670,3.5029187,3.988945693553513,-0.4860269935535131
1671,3.498085,3.9895240992398526,-0.4914390992398525
1672,3.5011346,3.9890498926288913,-0.48791529262889144
1673,3.4993799,3.9877051301628432,-0.4883252301628431
1674,3.490785,3.9856253851577823,-0.4948403851577825
1675,3.4688525,3.9830058878000245,-0.5141533878000244
1676,3.439501,3.980077359071,-0.5405763590710002
1677,3.4032376,3.976993413542437,-0.5737558135424368
1678,3.3695896,3.9738706075222696,-0.6042810075222698
1679,3.3197742,3.9709096530362733,-0.6511354530362734
1680,3.3081174,3.9683650664589543,-0.6602476664589543
1681,3.2941034,3.966033790975082,-0.6719303909750818
1682,3.2760391,3.9637000092061556,-0.6876609092061554
1683,3.2575934,3.961469634385438,-0.7038762343854379
1684,3.2354388,3.9590326833009537,-0.7235938833009539
1685,3.222858,3.9565746579468213,-0.7337166579468213
1686,3.2062857,3.95475909415117,-0.7484733941511701
1687,3.195415,3.953175609377287,-0.7577606093772871
1688,3.185342,3.9520077603487955,-0.7666657603487956
1689,3.1728842,3.9507445715921685,-0.7778603715921686
1690,3.1563632,3.949335770871824,-0.7929725708718243
1691,3.1374032,3.947986985428077,-0.8105837854280771
1692,3.1195798,3.9466777415683882,-0.8270979415683883
1693,3.1076868,3.9454387680608964,-0.8377519680608962
1694,3.0936618,3.9441884528371487,-0.8505266528371487
1695,3.0845044,3.942862845916988,-0.8583584459169877
1696,3.0768466,3.9415310036688096,-0.8646844036688095
1697,3.0740912,3.940176811440741,-0.8660856114407411
1698,3.0676847,3.9389277591189162,-0.8712430591189162
1699,3.0602734,3.9376466614917014,-0.8773732614917016
1700,3.0559506,3.9362170734111235,-0.8802664734111234
1701,3.050256,3.9346551658405,-0.8843991658404997
1702,3.044099,3.933103703724554,-0.8890047037245541
1703,3.0413327,3.9317230963515972,-0.8903903963515973
1704,3.0405447,3.9304147303106753,-0.8898700303106755
1705,3.0515158,3.928963214660908,-0.8774474146609084
1706,3.0563812,3.9273735641275196,-0.8709923641275195
1707,3.0591888,3.925604627730705,-0.8664158277307052
1708,3.063543,3.9240602318724718,-0.8605172318724716
1709,3.066706,3.9223214286763697,-0.8556154286763697
1710,3.07107,3.919806028473782,-0.8487360284737817
1711,3.0755954,3.9169874669245575,-0.8413920669245574
1712,3.0945086,3.91400194628342,-0.8194933462834197
1713,3.1087613,3.9109200622049674,-0.8021587622049675
1714,3.1177127,3.9079805853583807,-0.7902678853583809
1715,3.1264224,3.905108106672221,-0.778685706672221
1716,3.1303864,3.901778416246519,-0.7713920162465193
1717,3.1285782,3.8981089535711133,-0.7695307535711131
1718,3.1264932,3.8944721687891906,-0.7679789687891905
1719,3.1102982,3.8908452731162884,-0.7805470731162885
1720,3.0910568,3.8872279932694815,-0.7961711932694815
1721,3.072998,3.8836619564763324,-0.8106639564763323
1722,3.0584042,3.880138413854992,-0.8217342138549921
1723,3.0472925,3.876682582799569,-0.8293900827995686
1724,3.0374768,3.873241875343959,-0.8357650753439589
1725,3.0278451,3.870102344651497,-0.8422572446514969
1726,3.019527,3.8671405021171323,-0.8476135021171323
1727,3.0117755,3.8641211830296833,-0.8523456830296832
1728,3.0004785,3.861339584055017,-0.860861084055017
1729,2.9910877,3.8587891841185322,-0.8677014841185322
1730,2.9890192,3.856561991636854,-0.8675427916368541
1731,2.9727771,3.8546221612794156,-0.8818450612794155
1732,2.95647,3.852313393197995,-0.8958433931979952
1733,2.9377277,3.849808763559338,-0.9120810635593379
1734,2.9175045,3.847596101737295,-0.9300916017372947
1735,2.8976886,3.8455784021101334,-0.9478898021101334
1736,2.8798676,3.8438250609335034,-0.9639574609335035
1737,2.864273,3.842357478890714,-0.9780844788907141
1738,2.8511548,3.8412116569072055,-0.9900568569072052
1739,2.8392541,3.8403740675115148,-1.001119967511515
1740,2.82878,3.839867321858196,-1.011087321858196
1741,2.822283,3.839757639073123,-1.0174746390731229
1742,2.8198864,3.840035664788122,-1.020149264788122
1743,2.8277423,3.841423798469057,-1.0136814984690568
1744,2.8461795,3.843188888143734,-0.9970093881437343
1745,2.871218,3.8446683229095946,-0.9734503229095948
1746,2.9022663,3.8458042995314674,-0.9435379995314674
1747,2.9409692,3.8470596166106494,-0.9060904166106494
1748,2.9864023,3.848376916682374,-0.8619746166823741
1749,3.03273,3.8496832248942296,-0.8169532248942297
1750,3.083519,3.8514408202423303,-0.7679218202423304
1751,3.1309237,3.8539715690088636,-0.7230478690088638
1752,3.1790226,3.856244666152938,-0.6772220661529378
1753,3.222412,3.8582660790768224,-0.6358540790768226
1754,3.263928,3.8600934460186647,-0.5961654460186647
1755,3.2998645,3.8620205973671116,-0.5621560973671116
1756,3.3274014,3.865119738839604,-0.5377183388396043
1757,3.3508716,3.8693325353333923,-0.5184609353333922
1758,3.368648,3.873483444587591,-0.5048354445875911
1759,3.372176,3.877740191377729,-0.5055641913777289
1760,3.3771188,3.8822321107216697,-0.5051133107216699
1761,3.3915448,3.8869955816331987,-0.49545078163319856
1762,3.3774915,3.8919870844141142,-0.5144955844141141
1763,3.417862,3.897283925451958,-0.47942192545195805
1764,3.4328885,3.9027841090998727,-0.46989560909987294
1765,3.4465964,3.908445747964187,-0.4618493479641872
1766,3.461305,3.9143116324604685,-0.4530066324604687
1767,3.4773166,3.92027930691453,-0.4429627069145301
1768,3.4930844,3.926459968821042,-0.4333755688210421
1769,3.5093036,3.9325417044556925,-0.42323810445569254
1770,3.5252185,3.9383639141169122,-0.4131454141169124
1771,3.5395572,3.9441990492369254,-0.4046418492369255
1772,3.5524423,3.9499835436648185,-0.39754124366481847
1773,3.5638492,3.9557991827651158,-0.39194998276511583
1774,3.568827,3.9616404084558017,-0.3928134084558015
1775,3.5705414,3.967363689860693,-0.396822289860693
1776,3.5692096,3.9729646208455325,-0.4037550208455323
1777,3.5650024,3.9784176763059365,-0.41341527630593644
1778,3.5614297,3.9837826706959447,-0.4223529706959446
1779,3.5592215,3.989054671921294,-0.429833171921294
1780,3.5607724,3.9939264335289417,-0.4331540335289419
1781,3.5631104,3.9977564426030523,-0.4346460426030525
1782,3.5668607,4.000880328406486,-0.43401962840648656
1783,3.5737088,4.003969878434085,-0.43026107843408523
1784,3.5805893,4.006964850987801,-0.4263755509878009
1785,3.582646,4.009806788781364,-0.427160788781364
1786,3.5833337,4.0125373650351035,-0.42920366503510365
1787,3.5800815,4.015157318296261,-0.43507581829626085
1788,3.5785806,4.017669396000996,-0.43908879600099615
1789,3.577254,4.020040193739597,-0.4427861937395967
1790,3.5760868,4.022293303250373,-0.4462065032503726
1791,3.5746841,4.024374138870132,-0.44969003887013237
1792,3.5730603,4.026267458031794,-0.4532071580317938
1793,3.5730722,4.027983543182661,-0.45491134318266147
1794,3.574927,4.029462474282909,-0.4545354742829084
1795,3.5776966,4.030662135186207,-0.45296553518620675
1796,3.5819855,4.031631310861961,-0.449645810861961
1797,3.5881076,4.032118701283693,-0.44401110128369314
1798,3.5952213,4.031856766170675,-0.43663546617067484
1799,3.6064093,4.031053489894961,-0.4246441898949609
1800,3.6169379,4.029961371278778,-0.4130234712787777
1801,3.6258197,4.028635659577482,-0.40281595957748184
1802,3.633547,4.027144369790159,-0.39359736979015914
1803,3.6376572,4.025505945546778,-0.3878487455467776
1804,3.6400692,4.023682934231886,-0.3836137342318855
1805,3.6381345,4.0216643032031225,-0.38352980320312247
1806,3.6332486,4.019538973905834,-0.3862903739058341
1807,3.6248105,4.0173025060669145,-0.39249200606691437
1808,3.6182544,4.014939989135063,-0.3966855891350627
1809,3.6114414,4.012489492571325,-0.4010480925713247
1810,3.6064136,4.009945196001084,-0.4035315960010837
1811,3.5941937,4.0073759053432285,-0.4131822053432286
1812,3.5763714,4.004831322024459,-0.4284599220244587
1813,3.5486484,4.002322117037137,-0.453673717037137
1814,3.525639,3.9999010980182814,-0.47426209801828145
1815,3.4994235,3.997937229437964,-0.49851372943796424
1816,3.4812045,3.996081911257174,-0.5148774112571739
1817,3.4723346,3.9939923135717232,-0.5216577135717233
1818,3.4647238,3.991918017632388,-0.5271942176323883
1819,3.4611282,3.9899342011604344,-0.5288060011604343
1820,3.4656415,3.98802894786508,-0.5223874478650803
1821,3.477709,3.9861593589329614,-0.5084503589329614
1822,3.4932458,3.984352118860235,-0.4911063188602349
1823,3.508655,3.9826074521348644,-0.47395245213486437
1824,3.5280118,3.9808705179583868,-0.45285871795838695
1825,3.542258,3.9790991483785194,-0.4368411483785195
1826,3.5584695,3.977303589659701,-0.4188340896597009
1827,3.5780542,3.9757283398158325,-0.39767413981583255
1828,3.597568,3.974060177910447,-0.3764921779104471
1829,3.6166928,3.9721756275735483,-0.3554828275735482
1830,3.6362424,3.9703288413797444,-0.3340864413797444
1831,3.654176,3.968515974078512,-0.314339974078512
1832,3.6743426,3.9667770788470023,-0.29243447884700213
1833,3.6935992,3.9650782266970444,-0.2714790266970444
1834,3.7136252,3.963428789533333,-0.24980358953333281
1835,3.732727,3.961860896772707,-0.2291338967727068
1836,3.7522256,3.960357615103046,-0.2081320151030459
1837,3.7705677,3.95890599255432,-0.18833829255432022
1838,3.7927268,3.957515870298121,-0.16478907029812095
1839,3.81284,3.956162724611412,-0.14332272461141216
1840,3.8316486,3.954824160984179,-0.12317556098417937
1841,3.8538175,3.9534329160987998,-0.09961541609879987
1842,3.872865,3.9520731257643025,-0.07920812576430247
1843,3.8931198,3.950760921601888,-0.057641121601887946
1844,3.9095883,3.9497005908481397,-0.04011229084813994
1845,3.9259415,3.9487890792094884,-0.022847579209488433
1846,3.9381473,3.9478380593891873,-0.009690759389187509
1847,3.9490683,3.946963510566415,0.0021047894335848305
1848,3.9568503,3.9461043473582476,0.010745952641752599
1849,3.9629974,3.945319788963549,0.017677611036450713
1850,3.9681299,3.9445289801704773,0.023600919829522837
1851,3.9741635,3.9436173199529247,0.03054618004707521
1852,3.9742017,3.942608174490174,0.03159352550982586
1853,3.973986,3.941490273153484,0.032495726846515804
1854,3.9734082,3.9402312899790553,0.033176910020944916
1855,3.9694257,3.938701254647947,0.030724445352052765
1856,3.9645658,3.9369780900141,0.027587709985899878
1857,3.9580863,3.9352152032756615,0.022871096724338624
1858,3.9504983,3.9334238627140286,0.017074437285971467
1859,3.943295,3.9316582019969655,0.01163679800303452
1860,3.9059677,3.929916069429847,-0.023948369429847016
1861,3.669476,3.9280852430644355,-0.25860924306443556
1862,3.849775,3.926651605647559,-0.07687660564755872
1863,3.8621194,3.925425770909516,-0.06330637090951585
1864,3.839678,3.9239165355803847,-0.08423853558038452
1865,3.8155658,3.922368328658422,-0.10680252865842199
1866,3.790365,3.9207427236402808,-0.13037772364028077
1867,3.7690997,3.9190050702484016,-0.14990537024840167
1868,3.752304,3.917183536171851,-0.16487953617185092
1869,3.7449658,3.915371442297263,-0.17040564229726307
1870,3.747527,3.913503554309662,-0.1659765543096623
1871,3.7587564,3.9116012620156644,-0.15284486201566416
1872,3.7705176,3.909731900697771,-0.13921430069777108
1873,3.7989044,3.9078797487035217,-0.10897534870352166
1874,3.825445,3.906043637046191,-0.08059863704619064
1875,3.8259168,3.9042859677809725,-0.07836916778097258
1876,3.8219736,3.9025608366639686,-0.08058723666396839
1877,3.8059213,3.900826169594209,-0.09490486959420874
1878,3.793565,3.89916224111415,-0.10559724111414992
1879,3.7810452,3.8976655341454185,-0.11662033414541861
1880,3.769213,3.8962825191636727,-0.1270695191636726
1881,3.7546628,3.8949466036626794,-0.14028380366267923
1882,3.73229,3.893633221240511,-0.16134322124051126
1883,3.6998007,3.8922319647802976,-0.1924312647802977
1884,3.671343,3.890768922293624,-0.21942592229362434
1885,3.6445096,3.8893388107052136,-0.24482921070521346
1886,3.6188354,3.887979220859476,-0.2691438208594761
1887,3.5979733,3.8866729085241856,-0.2886996085241855
1888,3.5820181,3.885475214913447,-0.30345711491344707
1889,3.5707703,3.8844538446714685,-0.31368354467146853
1890,3.5624466,3.8832585167052915,-0.32081191670529163
1891,3.551663,3.881863006612769,-0.33020000661276905
1892,3.5568848,3.8805849752306667,-0.3237001752306665
1893,3.5652618,3.8794897654713414,-0.31422796547134135
1894,3.5794525,3.8787861379719155,-0.2993336379719156
1895,3.5900922,3.878288786201203,-0.28819658620120325
1896,3.5959811,3.877761724064867,-0.28178062406486726
1897,3.5945218,3.877385601591324,-0.2828638015913243
1898,3.590294,3.8771806690806674,-0.2868866690806673
1899,3.5807996,3.8770371459294557,-0.2962375459294555
1900,3.5703812,3.876672752638668,-0.30629155263866803
1901,3.562731,3.876707052574088,-0.313976052574088
1902,3.5580914,3.8762685185910533,-0.31817711859105335
1903,3.555795,3.8758023494616487,-0.3200073494616489
1904,3.5529556,3.8754333915074106,-0.3224777915074104
1905,3.5384662,3.875097041047197,-0.3366308410471972
1906,3.515238,3.8747224495757675,-0.3594844495757674
1907,3.4890747,3.874320508279183,-0.385245808279183
1908,3.4601648,3.8738410932705736,-0.41367629327057376
1909,3.4405496,3.873246196862587,-0.4326965968625869
1910,3.4249203,3.872514011407226,-0.4475937114072259
1911,3.4098282,3.872446980818483,-0.46261878081848273
1912,3.3993738,3.8746146197307403,-0.4752408197307405
1913,3.3922195,3.87726125399443,-0.48504175399442984
1914,3.38751,3.8785994201933276,-0.4910894201933278
1915,3.3843112,3.879879483426613,-0.49556828342661285
1916,3.385801,3.8809565319207766,-0.49515553192077677
1917,3.383825,3.881704068704385,-0.49787906870438503
1918,3.346514,3.8819576614381512,-0.5354436614381513
1919,3.374491,3.8814592243258526,-0.5069682243258526
1920,3.3648746,3.8804939269360266,-0.5156193269360267
1921,3.3554132,3.8787235945185787,-0.5233103945185786
1922,3.332029,3.8759627671965435,-0.5439337671965436
1923,3.3135986,3.873138340766349,-0.5595397407663487
1924,3.2946014,3.870391404632237,-0.5757900046322373
1925,3.2772176,3.8677192593097796,-0.5905016593097794
1926,3.257438,3.86513580298414,-0.60769780298414
1927,3.2354343,3.8625780079699217,-0.6271437079699216
1928,3.2113986,3.8600545510722273,-0.6486559510722274
1929,3.185518,3.8582257156316646,-0.6727077156316645
1930,3.1579952,3.8565309083118855,-0.6985357083118857
1931,3.1290174,3.854523477469981,-0.7255060774699809
1932,3.0987768,3.852865133787424,-0.7540883337874238
1933,3.067466,3.8514749405934006,-0.7840089405934005
1934,3.0352771,3.850442574690634,-0.8151654746906338
1935,3.0024025,3.8497451208531146,-0.8473426208531145
1936,2.9690342,3.849324935400331,-0.8802907354003313
1937,2.935365,3.84933918856787,-0.9139741885678698
1938,2.9015868,3.8494480485467597,-0.9478612485467597
1939,2.8676016,3.8494843500902336,-0.9818827500902336
1940,2.8308957,3.849719715381066,-1.0188240153810657
1941,2.7872717,3.8501077266345063,-1.0628360266345065
1942,2.7605503,3.8509571715723974,-1.0904068715723976
1943,2.7393384,3.8521893614359493,-1.1128509614359494
1944,2.7195413,3.853557251757466,-1.134015951757466
1945,2.7017365,3.8550615292498747,-1.1533250292498747
1946,2.6851392,3.8566857615358194,-1.1715465615358194
1947,2.6756527,3.858320226674932,-1.182667526674932
1948,2.665064,3.8598762748636504,-1.1948122748636503
1949,2.6450412,3.86138667600881,-1.2163454760088097
1950,2.6283057,3.8628157809516255,-1.2345100809516256
1951,2.6085935,3.8642388817491655,-1.2556453817491655
1952,2.5937555,3.865573733321026,-1.2718182333210262
1953,2.585192,3.866778001157869,-1.2815860011578688
1954,2.570234,3.8682215741102164,-1.2979875741102163
1955,2.560259,3.8695863293006734,-1.3093273293006735
1956,2.5465045,3.870571262153839,-1.324066762153839
1957,2.5417285,3.8715471117019655,-1.3298186117019655
1958,2.5418277,3.8724913287006286,-1.3306636287006288
1959,2.540607,3.8734324020082034,-1.3328254020082033
1960,2.5412457,3.87458498458731,-1.3333392845873098
1961,2.5348663,3.8758078910913047,-1.3409415910913047
1962,2.5311084,3.8766278271170735,-1.3455194271170736
1963,2.5241787,3.877363425717459,-1.3531847257174587
1964,2.51039,3.8780804526967527,-1.3676904526967526
1965,2.504728,3.8788237763278635,-1.3740957763278634
1966,2.4961112,3.8796058931340776,-1.3834946931340775
1967,2.5168338,3.8804353442765795,-1.3636015442765794
1968,2.5137002,3.881339603192821,-1.367639403192821
1969,2.5018692,3.882352555775667,-1.380483355775667
1970,2.498099,3.8834066695984117,-1.385307669598412
1971,2.4981973,3.884572751931573,-1.3863754519315727
1972,2.505914,3.8859909781560567,-1.3800769781560565
1973,2.5097907,3.8876095322658997,-1.3778188322658997
1974,2.5276914,3.889399281480861,-1.3617078814808607
1975,2.5458527,3.891238653070225,-1.3453859530702248
1976,2.565119,3.8931261807970063,-1.3280071807970062
1977,2.5849228,3.8952440133572708,-1.3103212133572706
1978,2.5958514,3.8976585135660193,-1.3018071135660194
1979,2.6012301,3.9007559108615113,-1.2995258108615113
1980,2.605144,3.9042972957093682,-1.299153295709368
1981,2.5989685,3.9078992812401463,-1.3089307812401465
1982,2.5944355,3.9117309607559094,-1.3172954607559095
1983,2.6073642,3.915734230829358,-1.3083700308293578
1984,2.6229956,3.919891856749323,-1.296896256749323
1985,2.6412387,3.92433502236495,-1.2830963223649499
1986,2.6647851,3.929341293544285,-1.2645561935442848
1987,2.6893256,3.934382637011136,-1.245057037011136
1988,2.7119184,3.939190269665282,-1.227271869665282
1989,2.7349277,3.944001083438303,-1.209073383438303
1990,2.7609906,3.9488287250523886,-1.1878381250523886
1991,2.7875333,3.9536790824921964,-1.1661457824921961
1992,2.821069,3.9586832283949573,-1.1376142283949573
1993,2.8664813,3.9624246964391787,-1.095943396439179
1994,2.906117,3.9648272802282807,-1.0587102802282806
1995,2.9340994,3.9666735860162476,-1.0325741860162476
1996,2.9640927,3.968309097843816,-1.0042163978438157
1997,2.9927564,3.969778836457951,-0.977022436457951
1998,3.0152664,3.9711794897476254,-0.9559130897476256
1999,3.041856,3.9726734271754447,-0.9308174271754446
2000,3.0632794,3.973745589599092,-0.910466189599092
2001,3.0831876,3.974291515492861,-0.8911039154928608
2002,3.1047494,3.974905397206672,-0.8701559972066719
2003,3.1268713,3.9756032862834156,-0.8487319862834157
2004,3.1571872,3.976332438550508,-0.819145238550508
2005,3.1775699,3.9790901920424444,-0.8015202920424445
2006,3.1948242,3.9847693076684365,-0.7899451076684367
2007,3.2107315,3.9905705226103088,-0.7798390226103087
2008,3.2229984,3.9957237537571215,-0.7727253537571217
2009,3.2297537,4.000773492179877,-0.7710197921798772
2010,3.2337635,4.0057256659921014,-0.7719621659921017
2011,3.231004,4.011275700332719,-0.7802717003327193
2012,3.2181897,4.017184032184306,-0.7989943321843063
2013,3.213646,4.022171985941988,-0.808525985941988
2014,3.2147348,4.027149838767314,-0.8124150387673139
2015,3.2236078,4.03210786026807,-0.8085000602680701
2016,3.236992,4.036934343479129,-0.7999423434791293
2017,3.2526584,4.041580876353235,-0.788922476353235
2018,3.266247,4.046135027288347,-0.7798880272883473
2019,3.2845182,4.0513557041414705,-0.7668375041414706
2020,3.2990415,4.05678686930518,-0.7577453693051797
2021,3.311824,4.0618394243643605,-0.7500154243643604
2022,3.3229616,4.0667070710154025,-0.7437454710154023
2023,3.3325517,4.071479196964513,-0.7389274969645134
2024,3.3406901,4.076131069947703,-0.7354409699477027
2025,3.3474739,4.0805552334680275,-0.7330813334680277
2026,3.3529994,4.084536862715535,-0.7315374627155355
2027,3.3573637,4.088184201870385,-0.7308205018703853
2028,3.3606627,4.091642855563244,-0.7309801555632438
2029,3.3629935,4.09493191370387,-0.7319384137038698
2030,3.3644526,4.0979828246772385,-0.7335302246772386
2031,3.3651366,4.100510831733191,-0.7353742317331906
2032,3.3737118,4.1023951617612795,-0.7286833617612793
2033,3.3909357,4.1038927122946705,-0.7129570122946705
2034,3.4062293,4.105198268158736,-0.6989689681587357
2035,3.4175055,4.106483952115961,-0.6889784521159612
2036,3.4339337,4.107661775417534,-0.6737280754175341
2037,3.4461267,4.108787920968825,-0.662661220968825
2038,3.4598508,4.109935594390865,-0.6500847943908648
2039,3.4750574,4.111114252707933,-0.6360568527079336
2040,3.4826214,4.112340279693055,-0.6297188796930548
2041,3.4893155,4.113575521512166,-0.6242600215121659
2042,3.4926398,4.115083248101806,-0.622443448101806
2043,3.493332,4.116729094039439,-0.6233970940394387
2044,3.500668,4.11823842742546,-0.6175704274254601
2045,3.5062985,4.119879427967555,-0.6135809279675546
2046,3.5115314,4.121580279383147,-0.6100488793831467
2047,3.5207105,4.1233377853276965,-0.6026272853276966
2048,3.5300717,4.125118302306161,-0.5950466023061609
2049,3.5375443,4.126957594462191,-0.5894132944621906
2050,3.5483398,4.128902771280394,-0.5805629712803944
2051,3.5599322,4.130684542518922,-0.5707523425189218
2052,3.5669022,4.132253269600092,-0.5653510696000921
2053,3.5656772,4.133893809691811,-0.5682166096918109
2054,3.5610461,4.135603129368686,-0.5745570293686861
2055,3.5648456,4.137275552104322,-0.5724299521043221
2056,3.570124,4.1388432649335,-0.5687192649334998
2057,3.5638928,4.140316617566713,-0.5764238175667127
2058,3.5571811,4.141845653362991,-0.5846645533629911
2059,3.5462015,4.143415150856807,-0.5972136508568071
2060,3.5265198,4.145019047564475,-0.6184992475644746
2061,3.4980206,4.146605628649382,-0.6485850286493826
2062,3.4417572,4.148088742780193,-0.7063315427801933
2063,3.3985553,4.1494694450543195,-0.7509141450543195
2064,3.3591275,4.15061506359914,-0.7914875635991403
2065,3.322826,4.15165624872018,-0.8288302487201795
2066,3.2960498,4.152872381896963,-0.8568225818969633
2067,3.2794452,4.153924908551596,-0.8744797085515956
2068,3.269711,4.154882676583801,-0.8851716765838011
2069,3.252121,4.155789844757812,-0.9036688447578118
2070,3.2249277,4.156629666533037,-0.9317019665330375
2071,3.19379,4.157317725677654,-0.963527725677654
2072,3.1680255,4.157776598364359,-0.9897510983643589
2073,3.1463873,4.158289347676723,-1.0119020476767226
2074,3.1241803,4.158777669529673,-1.0345973695296733
2075,3.1074545,4.159011652607037,-1.0515571526070375
2076,3.0988846,4.159097576496263,-1.0602129764962633
2077,3.0891092,4.1588908494879,-1.0697816494878998
2078,3.0783267,4.158696256846429,-1.0803695568464295
2079,3.0679889,4.158695896739578,-1.0907069967395784
2080,3.0621142,4.1584824415170605,-1.0963682415170606
2081,3.0525458,4.15819111156061,-1.1056453115606102
2082,3.048874,4.157823724246529,-1.108949724246529
2083,3.0388238,4.157443004279969,-1.1186192042799692
2084,3.0274353,4.156784678613209,-1.1293493786132092
2085,3.018194,4.1556975477415765,-1.1375035477415767
2086,3.008644,4.154445094026566,-1.1458010940265662
2087,2.996802,4.152961252585599,-1.1561592525855988
2088,2.9919684,4.151166118808429,-1.1591977188084286
2089,2.990228,4.148812433868351,-1.1585844338683513
2090,3.0031967,4.146036843807188,-1.142840143807188
2091,3.0012894,4.1433118917754586,-1.1420224917754584
2092,2.9970703,4.140443352245066,-1.1433730522450665
2093,3.0000076,4.137766210939348,-1.1377586109393478
2094,3.002669,4.13625518653372,-1.1335861865337202
2095,3.0081973,4.134964035459389,-1.1267667354593893
2096,3.0123792,4.133003750988175,-1.1206245509881754
2097,3.012582,4.13085805201077,-1.1182760520107697
2098,3.0095913,4.128449485833823,-1.118858185833823
2099,3.0033984,4.125798769824193,-1.1224003698241933
2100,3.0023618,4.122715880062159,-1.1203540800621585
2101,2.9987118,4.118547412647386,-1.1198356126473858
2102,2.996557,4.113555196428906,-1.1169981964289057
2103,2.9941156,4.108402896859738,-1.1142872968597382
2104,2.9937243,4.103114872842563,-1.1093905728425635
2105,2.976302,4.097697358001882,-1.1213953580018816
2106,2.946445,4.092221661398235,-1.145776661398235
2107,2.9305017,4.086795833633851,-1.156294133633851
2108,2.9188135,4.081622251363439,-1.1628087513634386
2109,2.91608,4.076549401465713,-1.160469401465713
2110,2.9210489,4.071500403773091,-1.1504515037730907
2111,2.9423175,4.066521765048475,-1.124204265048475
2112,2.9630334,4.061587497289452,-1.0985540972894516
2113,2.9810116,4.056787602747544,-1.0757760027475443
2114,2.9881375,4.052166460903499,-1.064028960903499
2115,2.9934094,4.047679841368557,-1.0542704413685566
2116,2.9845462,4.043260492605824,-1.0587142926058237
2117,2.9655576,4.038900921058987,-1.0733433210589873
2118,2.9462204,4.034637605537718,-1.0884172055377177
2119,2.9381409,4.030543494044918,-1.0924025940449176
2120,2.930554,4.026425457649312,-1.095871457649312
2121,2.927705,4.022071645045307,-1.0943666450453073
2122,2.9363174,4.017760255579674,-1.0814428555796738
2123,2.9504635,4.013529783972653,-1.063066283972653
2124,2.967297,4.00934928786906,-1.0420522878690606
2125,2.9915826,4.0052808108293245,-1.0136982108293244
2126,3.0167727,4.001333675044326,-0.9845609750443258
2127,3.041055,3.99740343284389,-0.9563484328438898
2128,3.063482,3.993505950917654,-0.9300239509176538
2129,3.082513,3.9895786919176617,-0.9070656919176616
2130,3.0926514,3.985539125696652,-0.8928877256966521
2131,3.1016629,3.981572299273929,-0.8799093992739291
2132,3.1071255,3.9776895427155483,-0.8705640427155483
2133,3.1100323,3.973901706646707,-0.8638694066467072
2134,3.1102643,3.9702354718832646,-0.8599711718832648
2135,3.1088235,3.9666825552146903,-0.8578590552146901
2136,3.1118283,3.96326921431878,-0.85144091431878
2137,3.1110675,3.9601264611192635,-0.8490589611192636
2138,3.112831,3.9576112589407826,-0.8447802589407827
2139,3.1212115,3.955455799660876,-0.8342442996608761
2140,3.1298163,3.9533511803903725,-0.8235348803903726
2141,3.1404004,3.951380923633372,-0.810980523633372
2142,3.153085,3.9495292510839386,-0.7964442510839387
2143,3.168349,3.9478547816918015,-0.7795057816918014
2144,3.185124,3.9465507734908374,-0.7614267734908373
2145,3.1967392,3.9450954404192786,-0.7483562404192785
2146,3.2120972,3.943381383471324,-0.731284183471324
2147,3.2293408,3.941949794552785,-0.7126089945527849
2148,3.2522757,3.9406568964125666,-0.6883811964125663
2149,3.2751224,3.939500242902642,-0.6643778429026419
2150,3.2976925,3.938495401624591,-0.6408029016245909
2151,3.3206012,3.9376067767697545,-0.6170055767697544
2152,3.339374,3.936729747285285,-0.5973557472852851
2153,3.3593402,3.935899404825848,-0.5765592048258479
2154,3.3764703,3.934986999339817,-0.5585166993398172
2155,3.3877347,3.9342064887901125,-0.5464717887901123
2156,3.39734,3.9337011108183453,-0.5363611108183455
2157,3.4024854,3.933459909597971,-0.530974509597971
2158,3.4030979,3.9335016205807563,-0.5304037205807561
2159,3.3973346,3.93385413123015,-0.5365195312301498
2160,3.3933291,3.934419585631254,-0.541090485631254
2161,3.3819973,3.935253677206423,-0.5532563772064227
2162,3.3673847,3.936403673794403,-0.5690189737944027
2163,3.349398,3.9377848285018926,-0.5883868285018927
2164,3.330017,3.9394318723955712,-0.6094148723955715
2165,3.316138,3.9411052154182924,-0.6249672154182924
2166,3.2999322,3.942868540532124,-0.642936340532124
2167,3.2802188,3.9446983355438454,-0.6644795355438453
2168,3.2614627,3.9465739770420476,-0.6851112770420476
2169,3.2491739,3.9485420430643026,-0.6993681430643024
2170,3.240205,3.9506386847375254,-0.7104336847375254
2171,3.2410398,3.952773057403052,-0.7117332574030524
2172,3.2426038,3.954960008393805,-0.7123562083938051
2173,3.2515094,3.9573683610149537,-0.7058589610149535
2174,3.2537177,3.959942029940238,-0.706224329940238
2175,3.259738,3.962807588973947,-0.7030695889739471
2176,3.2583115,3.965510081217152,-0.7071985812171522
2177,3.2508147,3.9675587736387015,-0.7167440736387016
2178,3.2394288,3.9690625104835093,-0.7296337104835091
2179,3.2248268,3.970313862993637,-0.7454870629936368
2180,3.207682,3.9716813323631657,-0.7639993323631655
2181,3.1886668,3.973130978179874,-0.7844641781798738
2182,3.1684546,3.975287185477426,-0.8068325854774261
2183,3.1477187,3.9779777932509575,-0.8302590932509575
2184,3.1271312,3.9802256072369238,-0.8530944072369238
2185,3.1073666,3.9824904023481307,-0.8751238023481305
2186,3.0890963,3.984975714616577,-0.8958794146165769
2187,3.0729942,3.98828479837318,-0.91529059837318
2188,3.0597332,3.99211862005458,-0.93238542005458
2189,3.0488918,3.99588514549085,-0.9469933454908501
2190,3.0370603,3.9996189465235186,-0.9625586465235187
2191,3.044173,4.00327100493456,-0.9590980049345603
2192,3.0325406,4.006762480189048,-0.9742218801890479
2193,3.042015,4.009839646425512,-0.9678246464255116
2194,3.0517032,4.012155059726802,-0.9604518597268021
2195,3.0567496,4.013930307561608,-0.9571807075616086
2196,3.0448315,4.015402445019672,-0.9705709450196718
2197,3.048899,4.016419128789101,-0.9675201287891011
2198,3.0692291,4.017245038809861,-0.9480159388098612
2199,3.0755582,4.0180040764457345,-0.9424458764457344
2200,3.0989325,4.018640194139919,-0.9197076941399187
2201,3.1264975,4.019536949375623,-0.8930394493756229
2202,3.144505,4.019810118367017,-0.8753051183670171
2203,3.1727633,4.019367704166614,-0.8466044041666136
2204,3.2036884,4.018976359678935,-0.8152879596789351
2205,3.2277582,4.0186138653767625,-0.7908556653767627
2206,3.2483096,4.018548596251186,-0.7702389962511864
2207,3.2638855,4.018331282318972,-0.7544457823189714
2208,3.2836096,4.017344991273489,-0.7337353912734885
2209,3.2990918,4.015504246111763,-0.7164124461117631
2210,3.3096378,4.013633688351237,-0.7039958883512369
2211,3.3150046,4.011847181672525,-0.6968425816725254
2212,3.3299975,4.0099878673876095,-0.6799903673876093
2213,3.3363254,4.007956939274325,-0.6716315392743248
2214,3.3341205,4.005757346298244,-0.6716368462982443
2215,3.324877,4.003533794784355,-0.6786567947843549
2216,3.315202,4.00099062670028,-0.6857886267002797
2217,3.3014233,3.997979459928723,-0.6965561599287229
2218,3.2840915,3.994752085455617,-0.7106605854556167
2219,3.263153,3.991567881012768,-0.728414881012768
2220,3.2313287,3.988509500521315,-0.757180800521315
2221,3.213756,3.9856125746817685,-0.7718565746817685
2222,3.2060428,3.982863253269969,-0.776820453269969
2223,3.2041397,3.98022802026145,-0.7760883202614504
2224,3.205232,3.9776666949890926,-0.7724346949890926
2225,3.2089026,3.9751544590758807,-0.7662518590758807
2226,3.211708,3.972680510747088,-0.7609725107470884
2227,3.2101681,3.970275817538436,-0.7601077175384359
2228,3.2021573,3.9679171473726713,-0.7657598473726712
2229,3.1921692,3.9655126754161927,-0.7733434754161927
2230,3.182835,3.963264194052885,-0.7804291940528851
2231,3.1687176,3.96119570930737,-0.7924781093073703
2232,3.1519165,3.9593286273327752,-0.8074121273327752
2233,3.1399863,3.9576656856151615,-0.8176793856151616
2234,3.1299527,3.956574868039,-0.826622168039
2235,3.125679,3.955810770970007,-0.8301317709700071
2236,3.1233945,3.9549545615891266,-0.8315600615891268
2237,3.1236496,3.954218874434661,-0.8305692744346613
2238,3.1455798,3.953593936904888,-0.8080141369048879
2239,3.1481335,3.953042341274313,-0.8049088412743131
2240,3.1541235,3.952563939207655,-0.798440439207655
2241,3.1568124,3.952208126231668,-0.7953957262316678
2242,3.1572025,3.9519902114472987,-0.7947877114472988
2243,3.1527493,3.951888285979369,-0.7991389859793689
2244,3.1430218,3.951903978426923,-0.8088821784269231
2245,3.1169467,3.9518940543518912,-0.834947354351891
2246,3.091338,3.951859016311448,-0.8605210163114481
2247,3.0686505,3.9520256382172807,-0.8833751382172808
2248,3.0441012,3.9522363454139615,-0.9081351454139615
2249,3.0376575,3.952559475567705,-0.9149019755677053
2250,3.0373306,3.956967093918393,-0.919636493918393
2251,3.0414484,3.9619003061551905,-0.9204519061551903
2252,3.0552902,3.965506741356454,-0.910216541356454
2253,3.0693653,3.967417338841006,-0.8980520388410063
2254,3.0889904,3.969398833369207,-0.8804084333692068
2255,3.1085892,3.971457773364909,-0.8628685733649091
2256,3.1294904,3.9734307482925013,-0.8439403482925014
2257,3.1516986,3.9752605514266293,-0.8235619514266292
2258,3.1775393,3.9775177672219617,-0.7999784672219619
2259,3.2050717,3.9799884655804334,-0.7749167655804334
2260,3.2270966,3.9821742362448513,-0.7550776362448515
2261,3.2569766,3.984190492282684,-0.7272138922826836
2262,3.2872632,3.9859785277573265,-0.6987153277573266
2263,3.311943,3.987539753912875,-0.6755967539128753
2264,3.3317642,3.988918167575391,-0.657153967575391
2265,3.348065,3.990114770873121,-0.642049770873121
2266,3.3577826,3.99116829368222,-0.6333856936822198
2267,3.369291,3.992110909078078,-0.6228199090780779
2268,3.3797116,3.9937930522579808,-0.6140814522579809
2269,3.389642,3.996025065697405,-0.606383065697405
2270,3.3942044,3.9976623983280044,-0.6034579983280044
2271,3.4090042,3.999006833599388,-0.5900026335993878
2272,3.4230313,4.000356025271073,-0.5773247252710734
2273,3.4434946,4.001698004648188,-0.5582034046481876
2274,3.462654,4.003029933714373,-0.540375933714373
2275,3.4814007,4.004316403522,-0.522915703522
2276,3.495199,4.005709496042774,-0.5105104960427744
2277,3.5038006,4.006241450419721,-0.5024408504197213
2278,3.5072925,4.005877489420978,-0.4985849894209782
2279,3.510425,4.005393657451347,-0.4949686574513472
2280,3.5120273,4.004945802472266,-0.49291850247226554
2281,3.5099072,4.004473898019137,-0.49456669801913744
2282,3.5088696,4.003992899999914,-0.4951232999999138
2283,3.507829,4.003495335825503,-0.49566633582550335
2284,3.5052142,4.003058916044933,-0.4978447160449324
2285,3.4996808,4.00274495307888,-0.5030641530788795
2286,3.5088904,4.003065695221631,-0.49417529522163095
2287,3.5094528,4.003465444695839,-0.4940126446958386
2288,3.50897,4.003465295851489,-0.4944952958514892
2289,3.5125754,4.003609429457544,-0.4910340294575444
2290,3.521033,4.003896987550732,-0.4828639875507319
2291,3.5318909,4.004300759687265,-0.4724098596872648
2292,3.546753,4.004809880039358,-0.45805688003935785
2293,3.5543005,4.005410093691874,-0.4511095936918741
2294,3.5656607,4.006167035764876,-0.44050633576487597
2295,3.5769665,4.0070929626035525,-0.43012646260355236
2296,3.5824466,4.0081198894161325,-0.4256732894161326
2297,3.5876486,4.009323801541557,-0.4216752015415568
2298,3.586138,4.010382634211474,-0.4242446342114743
2299,3.5779812,4.01123763078067,-0.4332564307806699
2300,3.5644443,4.012194599233999,-0.44775029923399945
2301,3.5512302,4.01320183421751,-0.46197163421750975
2302,3.5373065,4.014294915350104,-0.4769884153501036
2303,3.529079,4.015456140105251,-0.48637714010525146
2304,3.5233917,4.016689071390207,-0.49329737139020713
2305,3.5214407,4.017958554562086,-0.4965178545620863
2306,3.5173514,4.019222027464947,-0.5018706274649469
2307,3.5138638,4.021185853818201,-0.5073220538182008
2308,3.511224,4.023098368503672,-0.5118743685036722
2309,3.5126462,4.024236021104061,-0.511589821104061
2310,3.5025024,4.0253078810169765,-0.5228054810169764
2311,3.490448,4.026320705709952,-0.5358727057099517
2312,3.481115,4.027284386931232,-0.5461693869312318
2313,3.466385,4.028182539917722,-0.5617975399177224
2314,3.4392068,4.029030788401719,-0.5898239884017187
2315,3.4823303,4.029956037669185,-0.5476257376691853
2316,3.4796677,4.031072783403132,-0.5514050834031319
2317,3.4825745,4.032092535774541,-0.5495180357745406
2318,3.487417,4.0328678561183215,-0.5454508561183213
2319,3.4710476,4.033527819964117,-0.5624802199641175
2320,3.4765265,4.034097680579282,-0.557571180579282
2321,3.4956622,4.034567179994253,-0.5389049799942534
2322,3.4993918,4.034971373258906,-0.5355795732589059
2323,3.553274,4.0353316117464795,-0.48205761174647943
2324,3.5733197,4.0360178917716265,-0.46269819177162663
2325,3.5906394,4.036685243821941,-0.44604584382194057
2326,3.6073315,4.0366100399354465,-0.4292785399354466
2327,3.6094296,4.036088158113669,-0.42665855811366926
2328,3.6135178,4.035534765580837,-0.42201696558083723
2329,3.6285968,4.034921103580006,-0.4063243035800057
2330,3.6410794,4.034416317396607,-0.3933369173966068
2331,3.645897,4.03475067733156,-0.3888536773315594
2332,3.6528091,4.035173563793024,-0.38236446379302436
2333,3.6567318,4.034816566446627,-0.3780847664466265
2334,3.658991,4.034291417598701,-0.37530041759870114
2335,3.6590903,4.033665570523908,-0.37457527052390827
2336,3.6686826,4.03293306796792,-0.36425046796792016
2337,3.668104,4.032049414409983,-0.3639454144099834
2338,3.6715262,4.030995351734174,-0.35946915173417393
2339,3.672846,4.029732308223288,-0.35688630822328804
2340,3.678748,4.028270538006656,-0.349522538006656
2341,3.6817725,4.026628698278909,-0.3448561982789089
2342,3.681244,4.024955720628881,-0.34371172062888133
2343,3.6780438,4.023173241744602,-0.3451294417446018
2344,3.6715024,4.021163676241434,-0.34966127624143395
2345,3.661583,4.019064375582386,-0.357481375582386
2346,3.6564114,4.016871136817617,-0.3604597368176168
2347,3.652795,4.014550461594988,-0.36175546159498806
2348,3.6494675,4.012092059447637,-0.36262455944763694
2349,3.651073,4.009521854659264,-0.3584488546592639
2350,3.6640027,4.0068371287685824,-0.3428344287685823
2351,3.6822248,4.004288557311376,-0.3220637573113754
2352,3.6983883,4.0013136983647595,-0.3029253983647595
2353,3.7183337,3.9977084866500805,-0.2793747866500804
2354,3.7349505,3.993974116588415,-0.259023616588415
2355,3.74509,3.990117734980048,-0.24502773498004826
2356,3.7487826,3.9862520323516235,-0.23746943235162332
2357,3.748533,3.9824703173505878,-0.23393731735058765
2358,3.7484403,3.9787246089472266,-0.23028430894722662
2359,3.7498724,3.975354192799189,-0.22548179279918878
2360,3.7517993,3.972179326757235,-0.22038002675723511
2361,3.751695,3.968808420480006,-0.21711342048000626
2362,3.7492054,3.9655351087690236,-0.21632970876902347
2363,3.7466214,3.9623906527043595,-0.21576925270435954
2364,3.7479444,3.9593403469628767,-0.21139594696287656
2365,3.7455432,3.956452376400266,-0.21090917640026596
2366,3.7379837,3.953642594403846,-0.215658894403846
2367,3.7217941,3.9509614158169772,-0.22916731581697736
2368,3.6974182,3.9484643503977312,-0.25104615039773126
2369,3.6747687,3.946070488905603,-0.27130178890560286
2370,3.6624103,3.94380603130209,-0.2813957313020903
2371,3.6502533,3.941751936878732,-0.2914986368787318
2372,3.6365259,3.9399443935384695,-0.3034184935384694
2373,3.6342545,3.9382779016495904,-0.3040234016495904
2374,3.6327884,3.9370263057798627,-0.30423790577986276
2375,3.6333477,3.9358987595322277,-0.30255105953222783
2376,3.6276267,3.9347301548760845,-0.3071034548760845
2377,3.61495,3.933626585459836,-0.3186765854598361
2378,3.5942883,3.9327563852421323,-0.33846808524213223
2379,3.5735583,3.9323810145852898,-0.3588227145852896
2380,3.5539246,3.9321731434748184,-0.3782485434748182
2381,3.5379727,3.932158701695203,-0.394186001695203
2382,3.5251791,3.9324298400274422,-0.4072507400274423
2383,3.5154016,3.932882052859502,-0.41748045285950175
2384,3.50714,3.933357618871722,-0.4262176188717217
2385,3.4940915,3.933904906998528,-0.4398134069985278
2386,3.4792926,3.934533282203674,-0.45524068220367386
2387,3.4645386,3.9351433436340555,-0.47060474363405547
2388,3.4497278,3.935718859893479,-0.48599105989347935
2389,3.4352264,3.9363472659808294,-0.5011208659808295
2390,3.4223971,3.936421502636905,-0.5140244026369052
2391,3.404504,3.9358383437967843,-0.5313343437967841
2392,3.3928103,3.935288116591465,-0.542477816591465
2393,3.390102,3.9347678267774677,-0.5446658267774676
2394,3.3919208,3.9342745929556937,-0.5423537929556939
2395,3.3999689,3.9338493376707184,-0.5338804376707182
2396,3.4097748,3.9335353950311824,-0.5237605950311823
2397,3.4190085,3.933339610618667,-0.514331110618667
2398,3.4342902,3.9331993852665894,-0.49890918526658945
2399,3.441975,3.9336549636794165,-0.4916799636794167
2400,3.4434009,3.935208170132868,-0.4918072701328682
2401,3.4400384,3.9368772510845544,-0.4968388510845543
2402,3.4325879,3.938073725586422,-0.5054858255864221
2403,3.4222302,3.9392809862902607,-0.5170507862902607
2404,3.4136603,3.9405476003248436,-0.5268873003248435
2405,3.3986325,3.9418531463392066,-0.5432206463392064
2406,3.3796802,3.9432355610413037,-0.5635553610413035
2407,3.3593826,3.9446790182156586,-0.5852964182156586
2408,3.3418415,3.946894026107063,-0.605052526107063
2409,3.3302515,3.948898879948602,-0.6186473799486016
2410,3.3249958,3.9500728866145107,-0.6250770866145108
2411,3.3189065,3.9507831575538175,-0.6318766575538173
2412,3.3141055,3.9514630492940124,-0.6373575492940122
2413,3.3108554,3.9520955201074477,-0.6412401201074478
2414,3.3071637,3.952734650092512,-0.645570950092512
2415,3.304548,3.953420415110739,-0.648872415110739
2416,3.2998483,3.954161315754133,-0.6543130157541333
2417,3.3035321,3.954975246461066,-0.6514431464610659
2418,3.3090625,3.9558851187815898,-0.6468226187815898
2419,3.3160717,3.956877005652901,-0.6408053056529006
2420,3.3277218,3.9579401644176895,-0.6302183644176895
2421,3.3416812,3.959069415980092,-0.6173882159800921
2422,3.3624322,3.9603130104890263,-0.5978808104890261
2423,3.382322,3.961634630545974,-0.5793126305459744
2424,3.3980277,3.9629858944348784,-0.5649581944348783
2425,3.4141681,3.964359674149544,-0.5501915741495442
2426,3.4251697,3.965739082906641,-0.5405693829066407
2427,3.4314804,3.967106624721235,-0.5356262247212351
2428,3.4322586,3.968429610479971,-0.5361710104799711
2429,3.437656,3.969733953795141,-0.5320779537951408
2430,3.4463196,3.9710108839169815,-0.5246912839169817
2431,3.455221,3.972263677777998,-0.5170426777779982
2432,3.4604318,3.973512033031781,-0.513080233031781
2433,3.4876099,3.974745753845481,-0.4871358538454813
2434,3.490715,3.9760566967499202,-0.48534169674992045
2435,3.4936883,3.9774756820867996,-0.4837873820867995
2436,3.4934049,3.9787114026598727,-0.48530650265987285
2437,3.492644,3.9797881249331386,-0.48714412493313874
2438,3.4907935,3.980851949861192,-0.49005844986119174
2439,3.4833744,3.9818885217097444,-0.4985141217097442
2440,3.4715936,3.9828806489640374,-0.5112870489640375
2441,3.460398,3.9838397679745934,-0.5234417679745933
2442,3.4457943,3.9848018094131494,-0.5390075094131492
2443,3.4341617,3.9857385623222608,-0.5515768623222606
2444,3.429208,3.986627094904563,-0.5574190949045628
2445,3.424638,3.987458372207462,-0.5628203722074621
2446,3.414482,3.9882379359647384,-0.5737559359647384
2447,3.3949225,3.988976319702795,-0.5940538197027951
2448,3.3908887,3.989670927927057,-0.5987822279270567
2449,3.3877423,3.990284746135856,-0.602542446135856
2450,3.3861935,3.990830701946479,-0.604637201946479
2451,3.3828616,3.9913244566045396,-0.6084628566045396
2452,3.3788464,3.99176917897093,-0.6129227789709302
2453,3.3847644,3.9921795977882524,-0.6074151977882525
2454,3.366199,3.9925588261200984,-0.6263598261200984
2455,3.3455243,3.992897424213688,-0.6473731242136878
2456,3.3262296,3.993223223339979,-0.6669936233399789
2457,3.3089273,3.9935377161473933,-0.6846104161473932
2458,3.295358,3.993861682379125,-0.6985036823791253
2459,3.2823224,3.9941391823598216,-0.7118167823598216
2460,3.2632773,3.9943904439006404,-0.7311131439006404
2461,3.2382932,3.9946089382667282,-0.756315738266728
2462,3.2039173,3.9948285403660524,-0.7909112403660523
2463,3.1726587,3.995031218541279,-0.8223725185412789
2464,3.147388,3.995202844189602,-0.8478148441896023
2465,3.1242142,3.9953695972439096,-0.8711553972439097
2466,3.0949936,3.995538222216273,-0.9005446222162732
2467,3.0654733,3.995692040781436,-0.9302187407814362
2468,3.0401447,3.9958451149845153,-0.9557004149845154
2469,3.0180588,3.995991819984086,-0.9779330199840861
2470,3.0025373,3.9961335550198718,-0.9935962550198716
2471,2.9900806,3.9967055877104443,-1.006624987710444
2472,2.985928,3.9972547936669613,-1.0113267936669614
2473,2.983539,3.9974138273647513,-1.0138748273647513
2474,2.9793036,3.9974952811071,-1.0181916811071
2475,2.967841,3.9975368663889674,-1.0296958663889675
2476,2.9515936,3.9975399582166427,-1.0459463582166428
2477,2.9319327,3.9975233964974666,-1.0655906964974666
2478,2.9122891,3.997487051635785,-1.0851979516357848
2479,2.89745,3.997418725009036,-1.099968725009036
2480,2.8886337,3.9973090588869313,-1.1086753588869311
2481,2.8825803,3.997181171374227,-1.1146008713742273
2482,2.8778675,3.9970351462990523,-1.1191676462990525
2483,2.8690808,3.9968633705915653,-1.1277825705915654
2484,2.8588421,3.997073338952642,-1.1382312389526419
2485,2.8456485,3.9976657816095145,-1.1520172816095147
2486,2.8329947,3.99807219560267,-1.1650774956026702
2487,2.8250897,3.9982555495887806,-1.1731658495887807
2488,2.8154962,3.998416828513426,-1.182920628513426
2489,2.8068936,3.9985807128225694,-1.1916871128225694
2490,2.802756,3.998724422553198,-1.195968422553198
2491,2.8056903,3.998989122970919,-1.193298822970919
2492,2.8135855,3.9988112954067954,-1.1852257954067955
2493,2.8269153,3.9980825303195338,-1.1711672303195337
2494,2.8461652,3.997342356833288,-1.1511771568332878
2495,2.869208,3.9965909453449253,-1.1273829453449253
2496,2.8976572,3.995826155083262,-1.098168955083262
2497,2.9479086,3.995035509308622,-1.0471269093086222
2498,2.9865744,3.994236946435302,-1.0076625464353022
2499,3.015031,3.994102658077427,-0.979071658077427
2500,3.0384412,3.994341418654719,-0.955900218654719
2501,3.0539474,3.9942073027802776,-0.9402599027802774
2502,3.0524042,3.9939657991320052,-0.9415615991320054
2503,3.043819,3.99374951567817,-0.9499305156781701
2504,3.024668,3.9935677882419163,-0.9688997882419161
2505,3.0096228,3.993377076974025,-0.9837542769740253
2506,3.0007336,3.993182118046592,-0.9924485180465923
2507,3.0021756,3.9930151018678703,-0.9908395018678702
2508,3.0068512,3.9928649573083344,-0.9860137573083345
2509,3.0212042,3.9927421927999736,-0.9715379927999734
2510,3.0365863,3.9926190596271005,-0.9560327596271003
2511,3.047952,3.9925101016449873,-0.9445581016449873
2512,3.0461764,3.9923988123201757,-0.9462224123201759
2513,3.0314145,3.99231436904375,-0.9608998690437502
2514,3.0105045,3.9924015392538585,-0.9818970392538584
2515,2.9917014,3.9924147706162287,-1.0007133706162286
2516,2.982012,3.992172753679452,-1.0101607536794517
2517,2.979501,3.9919156307966457,-1.0124146307966457
2518,2.9878345,3.99167520761773,-1.00384070761773
2519,3.0089984,3.991458438180791,-0.9824600381807911
2520,3.026363,3.9912518984741028,-0.9648888984741029
2521,3.0442874,3.9910114691571303,-0.9467240691571304
2522,3.0570624,3.9908154920167176,-0.9337530920167176
2523,3.059531,3.990585386029676,-0.9310543860296763
2524,3.0525067,3.9903690485011807,-0.9378623485011808
2525,3.0382648,3.9901490250906693,-0.9518842250906694
2526,3.0235126,3.98990662960298,-0.9663940296029798
2527,3.0130594,3.9896702243857343,-0.9766108243857343
2528,3.0090756,3.989441170464926,-0.9803655704649259
2529,3.007153,3.989204306554759,-0.9820513065547587
2530,3.0063062,3.9889747547468817,-0.9826685547468816
2531,3.0028195,3.988737842144432,-0.9859183421444317
2532,2.996229,3.98850220000803,-0.9922732000080301
2533,2.9827359,3.9882718115850238,-1.0055359115850235
2534,2.9587305,3.9880668812800533,-1.0293363812800531
2535,2.9298084,3.988215388277699,-1.058406988277699
2536,2.904566,3.988199476175962,-1.083633476175962
2537,2.8881607,3.987408184339181,-1.0992474843391813
2538,2.8755176,3.986390881417069,-1.1108732814170694
2539,2.873001,3.985337301410733,-1.1123363014107333
2540,2.8785934,3.9843115836673713,-1.105718183667371
2541,2.886419,3.983274517763109,-1.096855517763109
2542,2.8936954,3.9822568665755846,-1.0885614665755847
2543,2.8939493,3.981249702587899,-1.087300402587899
2544,2.8834445,3.98025250179988,-1.09680800179988
2545,2.8671515,3.979630124024019,-1.112478624024019
2546,2.8433783,3.9792101791006456,-1.1358318791006456
2547,2.8168247,3.9785890934012333,-1.1617643934012332
2548,2.8000314,3.9779519133451107,-1.1779205133451107
2549,2.7849774,3.9773383989290334,-1.1923609989290336
2550,2.775458,3.9767606152509063,-1.2013026152509063
2551,2.770593,3.9762005771973525,-1.2056075771973527
2552,2.7667944,3.9756713166619493,-1.208876916661949
2553,2.7704446,3.975151693163849,-1.204707093163849
2554,2.760062,3.9746475942145856,-1.2145855942145856
2555,2.7583237,3.97418274858581,-1.21585904858581
2556,2.772194,3.973774237344577,-1.2015802373445772
2557,2.791762,3.9734665007502237,-1.1817045007502238
2558,2.7970123,3.973214438478305,-1.1762021384783048
2559,2.8070722,3.972921168988384,-1.1658489689883842
2560,2.8167703,3.9726790616739494,-1.1559087616739494
2561,2.8216312,3.9724771709222804,-1.1508459709222802
2562,2.8289926,3.972305365890235,-1.1433127658902351
2563,2.8314557,3.972125202194056,-1.140669502194056
2564,2.8378775,3.97198518475558,-1.13410768475558
2565,2.8503277,3.9718936480744533,-1.1215659480744535
2566,2.8559308,3.9719168385939976,-1.1159860385939977
2567,2.8722937,3.972012293081478,-1.099718593081478
2568,2.8887067,3.9720862524026526,-1.0833795524026524
2569,2.9151196,3.9722055461889756,-1.0570859461889754
2570,2.9434934,3.9723778251468653,-1.0288844251468654
2571,2.9629767,3.9725929448026474,-1.0096162448026473
2572,2.9741123,3.9728316442423792,-0.9987193442423794
2573,2.9839618,3.973108193665746,-0.9891463936657461
2574,2.9926224,3.9733985708881985,-0.9807761708881984
2575,2.9854922,3.97372947914592,-0.98823727914592
2576,2.978144,3.9741359588393865,-0.9959919588393866
2577,2.9825375,3.974557916744131,-0.9920204167441313
2578,2.986665,3.974972927703894,-0.988307927703894
2579,2.994072,3.9754173915870803,-0.9813453915870802
2580,3.001333,3.9758775471940666,-0.9745445471940668
2581,3.0212903,3.976341658349503,-0.955051358349503
2582,3.047166,3.976830303815924,-0.9296643038159242
2583,3.0658765,3.9773411928984554,-0.9114646928984556
2584,3.0839016,3.9778680960909605,-0.8939664960909606
2585,3.1178882,3.978498396101471,-0.8606101961014709
2586,3.1448898,3.979136029021144,-0.8342462290211441
2587,3.1651502,3.979676967168685,-0.8145267671686853
2588,3.1767795,3.9801656849152494,-0.8033861849152495
2589,3.1885464,3.9806353736076368,-0.7920889736076369
2590,3.1985211,3.9810993671093295,-0.7825782671093298
2591,3.202772,3.9815363832023083,-0.7787643832023083
2592,3.2066379,3.9824630240297854,-0.7758251240297853
2593,3.2131839,3.9834885924965504,-0.7703046924965502
2594,3.2121658,3.9839615411578797,-0.7717957411578795
2595,3.216168,3.984277480090686,-0.7681094800906858
2596,3.2173877,3.9845935921241256,-0.7672058921241254
2597,3.2207925,3.9849130416215157,-0.7641205416215158
2598,3.2270987,3.9852522578007483,-0.7581535578007483
2599,3.232508,3.985581402506528,-0.7530734025065278
2600,3.2353232,3.9858718898010315,-0.7505486898010316
2601,3.257503,3.9863102247114752,-0.7288072247114754
2602,3.2604544,3.986822673384915,-0.726368273384915
2603,3.2564685,3.9874317214066357,-0.7309632214066357
2604,3.254645,3.988033337231284,-0.7333883372312839
2605,3.2568305,3.9886836177359855,-0.7318531177359855
2606,3.2547367,3.989359880346706,-0.734623180346706
2607,3.2510855,3.9901115756694123,-0.7390260756694125
2608,3.2397091,3.991501071178136,-0.751791971178136
2609,3.2280514,3.992824474993425,-0.7647730749934252
2610,3.2108612,3.9935297012755404,-0.7826685012755403
2611,3.1951654,3.994338870430434,-0.7991734704304339
2612,3.1870282,3.9951989641533094,-0.8081707641533096
2613,3.1868122,3.99615939542,-0.80934719542
2614,3.1875937,3.9971739855421218,-0.8095802855421219
2615,3.197718,3.998262414549093,-0.8005444145490928
2616,3.2080057,3.999359992195883,-0.7913542921958827
2617,3.2225506,4.0004645617203165,-0.7779139617203166
2618,3.2383935,4.001653808991858,-0.7632603089918577
2619,3.2556818,4.002878004719661,-0.747196204719661
2620,3.275082,4.0041073904995,-0.7290253904994999
2621,3.2992206,4.005322511569791,-0.7061019115697906
2622,3.3183072,4.006571720071669,-0.688264520071669
2623,3.3344998,4.007779465994484,-0.673279665994484
2624,3.3540814,4.00895354353201,-0.6548721435320095
2625,3.3730023,4.01006686502989,-0.6370645650298896
2626,3.38945,4.0111054008111555,-0.6216554008111554
2627,3.3957748,4.012056515764042,-0.6162817157640426
2628,3.3975568,4.012918636012355,-0.615361836012355
2629,3.3786337,4.0136515057772755,-0.6350178057772755
2630,3.3370492,4.014277602507471,-0.6772284025074713
2631,3.2827182,4.014787339342138,-0.7320691393421375
2632,3.2083752,4.015203558812943,-0.8068283588129432
2633,3.136516,4.01550923636754,-0.8789932363675406
2634,3.0777469,4.0156435432422235,-0.9378966432422233
2635,3.0503616,4.0156276685618915,-0.9652660685618915
2636,3.0181885,4.015466533741848,-0.9972780337418481
2637,2.9910572,4.015176999921701,-1.024119799921701
2638,2.9723575,4.01474946363891,-1.0423919636389094
2639,2.9558368,4.015006946113796,-1.0591701461137957
2640,2.9308875,4.015366679465202,-1.0844791794652018
2641,2.9081802,4.014760442823706,-1.1065802428237057
2642,2.861932,4.013758338183601,-1.1518263381836014
2643,2.8546872,4.012670814471161,-1.1579836144711608
2644,2.8545434,4.011487689125879,-1.156944289125879
2645,2.8711624,4.010194538534571,-1.1390321385345712
2646,2.8813236,4.008809742450055,-1.1274861424500546
2647,2.9165204,4.007369915530378,-1.0908495155303783
2648,2.9434717,4.0058446297061305,-1.0623729297061306
2649,2.9758594,4.004257700246745,-1.028398300246745
2650,2.9767413,4.002672840187574,-1.0259315401875742
2651,2.9511108,4.00106868941911,-1.0499578894191104
2652,2.9398825,3.999468808732992,-1.059586308732992
2653,2.9205158,3.9978537521051463,-1.0773379521051463
2654,2.904686,3.9962435787627695,-1.0915575787627696
2655,2.8928168,3.9946495604130394,-1.1018327604130396
2656,2.8764746,3.993052523370097,-1.1165779233700972
2657,2.8653183,3.9914910591348822,-1.126172759134882
2658,2.8427875,3.989943510374185,-1.147156010374185
2659,2.8271997,3.988373397221657,-1.161173697221657
2660,2.803796,3.9868029578891946,-1.1830069578891944
2661,2.7881677,3.985323152858706,-1.197155452858706
2662,2.7837284,3.9838920063934173,-1.2001636063934171
2663,2.7731366,3.982345183474893,-1.2092085834748931
2664,2.7648227,3.9806192963705573,-1.2157965963705575
2665,2.7732913,3.978805187280633,-1.2055138872806332
2666,2.7646637,3.976074815757383,-1.2114111157573833
2667,2.7449057,3.9724154578661746,-1.2275097578661747
2668,2.7306235,3.9684918609069753,-1.2378683609069752
2669,2.7079632,3.964414899520857,-1.256451699520857
2670,2.6682675,3.9601513798575376,-1.2918838798575378
2671,2.6460986,3.9557956038797273,-1.309697003879727
2672,2.631863,3.9513662630011974,-1.3195032630011974
2673,2.6214328,3.9474141331560393,-1.3259813331560393
2674,2.6171908,3.943598065679452,-1.3264072656794519
2675,2.6132126,3.9394937799934895,-1.3262811799934893
2676,2.6126752,3.935575793725519,-1.3229005937255192
2677,2.6043048,3.9318593611777155,-1.3275545611777155
2678,2.5930285,3.928526603173589,-1.335498103173589
2679,2.5729108,3.9253006304938878,-1.352389830493888
2680,2.558331,3.9222620959280334,-1.3639310959280335
2681,2.5588381,3.9187651191587385,-1.3599270191587385
2682,2.5714407,3.9145623544389774,-1.3431216544389772
2683,2.581168,3.9107388249891217,-1.3295708249891218
2684,2.588559,3.907249490332954,-1.318690490332954
2685,2.594153,3.903848989255005,-1.309695989255005
2686,2.5984886,3.9006237526411174,-1.3021351526411173
2687,2.602105,3.8977014862287973,-1.2955964862287974
2688,2.605541,3.894911226120948,-1.289370226120948
2689,2.6093354,3.8920260057702056,-1.2826906057702057
2690,2.6140275,3.8893880041579405,-1.2753605041579403
2691,2.6201558,3.8870457748375706,-1.2668899748375706
2692,2.6282597,3.885134132740266,-1.2568744327402661
2693,2.6388779,3.8834638027703248,-1.2445859027703245
2694,2.652549,3.8820528399372147,-1.2295038399372147
2695,2.6865323,3.880864922905998,-1.194332622905998
2696,2.7337222,3.8799392879813976,-1.1462170879813978
2697,2.7761111,3.879309709149964,-1.1031986091499641
2698,2.813059,3.8790372253476524,-1.0659782253476524
2699,2.8435016,3.879072994613985,-1.0355713946139846
2700,2.8668964,3.8792731279402424,-1.0123767279402425
2701,2.878529,3.8796325447204367,-1.0011035447204368
2702,2.8499494,3.880145312085517,-1.0301959120855173
2703,2.8277228,3.8813852642970375,-1.0536624642970374
2704,2.8120923,3.882796424903079,-1.0707041249030786
2705,2.80862,3.8840088086906475,-1.0753888086906476
2706,2.811446,3.8851779356460168,-1.0737319356460167
2707,2.822041,3.8863196951253864,-1.0642786951253864
2708,2.8315768,3.887529820651702,-1.0559530206517018
2709,2.8366406,3.888277376893807,-1.0516367768938069
2710,2.8522754,3.8884942163676715,-1.0362188163676715
2711,2.8658273,3.8886800947570372,-1.0228527947570374
2712,2.8808224,3.8888244284070224,-1.0080020284070224
2713,2.8987045,3.8889018483333095,-0.9901973483333095
2714,2.9060342,3.8888804433585773,-0.9828462433585772
2715,2.933852,3.888739511261189,-0.9548875112611892
2716,2.9546695,3.8885064747523623,-0.9338369747523623
2717,2.9691837,3.888151274765126,-0.918967574765126
2718,2.976607,3.887677445968896,-0.9110704459688961
2719,2.9898694,3.887033496629412,-0.8971640966294121
2720,2.9993527,3.8862873861320866,-0.8869346861320864
2721,3.0191824,3.8854745924184044,-0.8662921924184044
2722,3.0211694,3.8845845624286306,-0.8634151624286308
2723,3.0422428,3.883642498945499,-0.8413996989454993
2724,3.054198,3.8825795273537853,-0.8283815273537853
2725,3.0585327,3.8815027407096454,-0.8229700407096452
2726,3.0759213,3.8805686365710303,-0.8046473365710303
2727,3.0869696,3.8797499773237947,-0.7927803773237945
2728,3.1295679,3.879141140267733,-0.7495732402677331
2729,3.1370904,3.8788715143572423,-0.7417811143572424
2730,3.1363034,3.8789849820749245,-0.7426815820749244
2731,3.1355765,3.8795033786593605,-0.7439268786593605
2732,3.1430151,3.8802476900088374,-0.7372325900088375
2733,3.1493726,3.881075437492268,-0.7317028374922678
2734,3.1508756,3.8820352117110555,-0.7311596117110555
2735,3.1443677,3.883101529816209,-0.7387338298162089
2736,3.1188638,3.8842826924364853,-0.7654188924364851
2737,3.082636,3.885565645207873,-0.8029296452078731
2738,3.032266,3.8870429331644525,-0.8547769331644526
2739,2.9887576,3.888711793866479,-0.899954193866479
2740,2.9448535,3.8898016251158545,-0.9449481251158547
2741,2.9123776,3.889536708365688,-0.9771591083656879
2742,2.8746448,3.8880695902520452,-1.0134247902520452
2743,2.8392355,3.8865164949253694,-1.0472809949253694
2744,2.8038135,3.8848708729458425,-1.0810573729458426
2745,2.7684064,3.883006453636601,-1.1146000536366012
2746,2.7323902,3.880974821247052,-1.1485846212470516
2747,2.679779,3.8789150821594665,-1.1991360821594665
2748,2.6512341,3.876379893989931,-1.225145793989931
2749,2.6214328,3.872984647272138,-1.2515518472721379
2750,2.5931232,3.8690593591344666,-1.2759361591344667
2751,2.5658548,3.8647723336806266,-1.2989175336806267
2752,2.5362527,3.8600971314441677,-1.3238444314441677
2753,2.5061972,3.854944786707326,-1.3487475867073262
2754,2.487949,3.8493429110635278,-1.3613939110635278
2755,2.4904492,3.8432331056888756,-1.3527839056888755
2756,2.470071,3.836590700491103,-1.3665197004911032
2757,2.4642804,3.8294251853995336,-1.3651447853995338
2758,2.46544,3.8217557006900558,-1.3563157006900557
2759,2.4748023,3.8136010546338834,-1.3387987546338835
2760,2.4840677,3.8046299681171982,-1.320562268117198
2761,2.4960294,3.7947225966884686,-1.2986931966884687
2762,2.5009668,3.784258463869026,-1.2832916638690262
2763,2.4938486,3.7735793609545136,-1.2797307609545134
2764,2.4882443,3.7628106738650615,-1.2745663738650617
2765,2.4835172,3.7520024250494464,-1.2684852250494463
2766,2.4778345,3.7428398453516927,-1.2650053453516925
2767,2.4717538,3.734504232281748,-1.2627504322817478
2768,2.4669516,3.7254915175622947,-1.2585399175622949
2769,2.4606552,3.716584600189941,-1.2559294001899408
2770,2.4513626,3.7078882727945173,-1.2565256727945173
2771,2.4463162,3.7003137930442063,-1.2539975930442062
2772,2.451305,3.69457047543295,-1.24326547543295
2773,2.437488,3.68937488550315,-1.2518868855031497
2774,2.4527185,3.6842861842446406,-1.2315676842446406
2775,2.4518826,3.679442800156652,-1.2275602001566521
2776,2.4447958,3.674910150254204,-1.2301143502542038
2777,2.4302957,3.6707337047969326,-1.2404380047969328
2778,2.4103143,3.667116145134626,-1.2568018451346261
2779,2.3912168,3.663554844935984,-1.2723380449359838
2780,2.375376,3.65992316367977,-1.28454716367977
2781,2.3599112,3.656781590532119,-1.2968703905321188
2782,2.3479483,3.654052295927911,-1.306103995927911
2783,2.3378012,3.6517258000905706,-1.3139246000905707
2784,2.33643,3.6497673287804036,-1.3133373287804035
2785,2.339835,3.6492536211781483,-1.3094186211781484
2786,2.3478763,3.6495984180133383,-1.3017221180133385
2787,2.3586862,3.6496601438435703,-1.2909739438435701
2788,2.3670502,3.6505421761871713,-1.2834919761871713
2789,2.3728366,3.6520537977765364,-1.2792171977765365
2790,2.3711078,3.6539279277394887,-1.2828201277394888
2791,2.3740714,3.65630701941846,-1.28223561941846
2792,2.3592093,3.658928159030616,-1.2997188590306163
2793,2.3448727,3.660189979804207,-1.3153172798042072
2794,2.3449512,3.6580977298145627,-1.3131465298145626
2795,2.3484027,3.654348745574971,-1.305946045574971
2796,2.3655765,3.6510709426703496,-1.2854944426703496
2797,2.3949912,3.6482534311301174,-1.2532622311301171
2798,2.4212592,3.646029599867885,-1.224770399867885
2799,2.4496286,3.6444141766477034,-1.1947855766477034
2800,2.4753375,3.643246722512673,-1.1679092225126726
2801,2.4957929,3.6425775709035113,-1.1467846709035112
2802,2.5060675,3.6424083026039824,-1.1363408026039825
2803,2.512644,3.6428444490673817,-1.1302004490673818
2804,2.5123389,3.6438580757548724,-1.1315191757548724
2805,2.5120566,3.6453421327614453,-1.133285532761445
2806,2.5135434,3.6472729757547238,-1.1337295757547237
2807,2.5190048,3.6496416685971114,-1.1306368685971115
2808,2.5315552,3.652868831650905,-1.1213136316509047
2809,2.5797534,3.656663003583443,-1.076909603583443
2810,2.615292,3.660608553150732,-1.045316553150732
2811,2.646661,3.671756296321499,-1.0250952963214992
2812,2.6744983,3.687865537371419,-1.0133672373714186
2813,2.701221,3.701616252346628,-1.0003952523466282
2814,2.7243347,3.715307435491758,-0.9909727354917579
2815,2.7317004,3.72902400688619,-0.9973236068861904
2816,2.7309668,3.7427145537339492,-1.0117477537339492
2817,2.7290127,3.7563429014876486,-1.0273302014876484
2818,2.7249768,3.7699073646702805,-1.0449305646702807
2819,2.7284045,3.7832734528867116,-1.0548689528867117
2820,2.7361102,3.796411030339862,-1.060300830339862
2821,2.739587,3.809502126117616,-1.0699151261176159
2822,2.73297,3.8224634176298014,-1.0894934176298015
2823,2.7159424,3.8352483567595024,-1.1193059567595025
2824,2.685465,3.8478912616055547,-1.1624262616055545
2825,2.6810553,3.8603318259668837,-1.1792765259668836
2826,2.659923,3.8724682579682312,-1.2125452579682312
2827,2.6501148,3.8843844801627854,-1.2342696801627855
2828,2.6424506,3.896066692963827,-1.253616092963827
2829,2.6301816,3.907456787591711,-1.277275187591711
2830,2.6321073,3.9166335847929488,-1.2845262847929488
2831,2.6471765,3.921476308847706,-1.2742998088477058
2832,2.6306686,3.923453395762516,-1.292784795762516
2833,2.6444745,3.925359792520876,-1.280885292520876
2834,2.6610217,3.927252031715061,-1.266230331715061
2835,2.6742663,3.929067580658367,-1.2548012806583668
2836,2.6818683,3.9303886849231873,-1.2485203849231872
2837,2.6874368,3.9313432118051197,-1.2439064118051197
2838,2.6833801,3.932320896042335,-1.2489407960423349
2839,2.6752439,3.933330671514159,-1.2580867715141593
2840,2.665048,3.9343700373408623,-1.2693220373408622
2841,2.6595569,3.935385503065273,-1.275828603065273
2842,2.6532822,3.9363817277979636,-1.2830995277979635
2843,2.634989,3.9373379935154524,-1.3023489935154524
2844,2.653669,3.9382299122290703,-1.2845609122290704
2845,2.6759567,3.9390282767036644,-1.2630715767036644
2846,2.7006543,3.939714564475519,-1.239060264475519
2847,2.731392,3.9406250511979004,-1.2092330511979004
2848,2.7453156,3.943695402767594,-1.1983798027675938
2849,2.7700589,3.9473170009992735,-1.1772581009992735
2850,2.7955792,3.949670099441998,-1.1540908994419978
2851,2.8105884,3.9518831062202406,-1.1412947062202408
2852,2.813202,3.9540148842827465,-1.1408128842827465
2853,2.812912,3.9559993490677057,-1.1430873490677058
2854,2.8150275,3.9577344584326535,-1.1427069584326537
2855,2.8171234,3.9593911313162256,-1.1422677313162257
2856,2.820296,3.9612948761733597,-1.1409988761733598
2857,2.8382938,3.963144364396155,-1.1248505643961546
2858,2.8578825,3.9645327958059644,-1.1066502958059643
2859,2.874875,3.9656286398943776,-1.0907536398943778
2860,2.8897212,3.9664827082045853,-1.0767615082045854
2861,2.9028711,3.967200283388083,-1.0643291833880828
2862,2.9147754,3.97011371308615,-1.0553383130861502
2863,2.9258835,3.9723452824542287,-1.0464617824542288
2864,2.9366467,3.972427648404794,-1.0357809484047942
2865,2.9475143,3.9716284975593155,-1.0241141975593155
2866,2.9589372,3.970849612921077,-1.011912412921077
2867,2.971365,3.970063469284441,-0.9986984692844412
2868,2.985248,3.9692374815824794,-0.9839894815824795
2869,3.0010371,3.969401201090583,-0.9683641010905828
2870,3.0191815,3.9685945716062454,-0.9494130716062452
2871,3.0400097,3.9657386925904166,-0.9257289925904164
2872,3.0633621,3.9615296731958307,-0.8981675731958307
2873,3.1004117,3.9574512769153807,-0.8570395769153807
2874,3.1308103,3.9536008785224865,-0.8227905785224867
2875,3.151399,3.9500098135247237,-0.7986108135247236
2876,3.1701627,3.9466799902381458,-0.7765172902381456
2877,3.1835043,3.943651363512035,-0.7601470635120351
2878,3.206786,3.9409591799529062,-0.7341731799529061
2879,3.2140088,3.9386539389760706,-0.7246451389760704
2880,3.1794543,3.9368061275063417,-0.7573518275063416
2881,3.146856,3.9358671564648624,-0.7890111564648623
2882,3.123447,3.9356147710941416,-0.8121677710941415
2883,3.1023037,3.9355815872369377,-0.8332778872369375
2884,3.0863178,3.9359708666273145,-0.8496530666273148
2885,3.0781,3.936827341706781,-0.8587273417067811
2886,3.0743997,3.937947957032112,-0.8635482570321122
2887,3.0755246,3.9393709932846535,-0.8638463932846534
2888,3.0685806,3.94124189223091,-0.8726612922309096
2889,3.060198,3.943571390334775,-0.8833733903347749
2890,3.0523593,3.94607235005672,-0.8937130500567201
2891,3.0489993,3.9486006876474153,-0.8996013876474152
2892,3.0394864,3.9514414101766104,-0.9119550101766105
2893,3.032111,3.954628618457732,-0.9225176184577322
2894,3.0273056,3.958405675445062,-0.931100075445062
2895,3.0260892,3.9626493408813626,-0.9365601408813626
2896,3.0334451,3.9669469671994726,-0.9335018671994728
2897,3.03958,3.9712335516930923,-0.9316535516930924
2898,3.0482428,3.9755777542003083,-0.9273349542003082
2899,3.0613315,3.9800905422404083,-0.9187590422404082
2900,3.075288,3.9847176349494022,-0.9094296349494022
2901,3.0898492,3.9893364497901684,-0.8994872497901683
2902,3.1089313,3.9939503699159395,-0.8850190699159395
2903,3.1279144,3.998551824517544,-0.8706374245175441
2904,3.1448288,4.003199067963264,-0.8583702679632639
2905,3.155716,4.007786067586247,-0.8520700675862471
2906,3.1653943,4.012215237026042,-0.8468209370260418
2907,3.1707501,4.01649722562743,-0.84574712562743
2908,3.1701388,4.020638311667676,-0.8504995116676755
2909,3.1741421,4.024650761190565,-0.850508661190565
2910,3.180349,4.028476061670954,-0.848127061670954
2911,3.1834695,4.032740404616339,-0.8492709046163389
2912,3.1818085,4.041012639113071,-0.8592041391130714
2913,3.1800046,4.051967957171772,-0.8719633571717722
2914,3.17693,4.061626459448206,-0.8846964594482061
2915,3.1753201,4.07018598924523,-0.8948658892452301
2916,3.1779382,4.078487328323262,-0.9005491283232621
2917,3.1838498,4.086521758998545,-0.9026719589985452
2918,3.193548,4.093428604868531,-0.8998806048685308
2919,3.2051904,4.097254749752844,-0.892064349752844
2920,3.22189,4.099074322266869,-0.8771843222668689
2921,3.2363205,4.100822372522691,-0.8645018725226907
2922,3.2450464,4.102681794795898,-0.8576353947958979
2923,3.2543738,4.104650777149994,-0.8502769771499934
2924,3.261455,4.106761822605931,-0.8453068226059304
2925,3.2679334,4.1089709259382134,-0.8410375259382135
2926,3.2743487,4.111213574773425,-0.8368648747734246
2927,3.2748828,4.1135210776845375,-0.8386382776845376
2928,3.2834506,4.115856905290104,-0.8324063052901041
2929,3.290694,4.118219312515707,-0.8275253125157076
2930,3.3004684,4.120473206961028,-0.8200048069610282
2931,3.3072903,4.122657302970592,-0.815367002970592
2932,3.301893,4.124724148343689,-0.8228311483436888
2933,3.2905939,4.126659815966239,-0.8360659159662385
2934,3.269686,4.128508596823545,-0.8588225968235452
2935,3.238229,4.130317093752433,-0.8920880937524331
2936,3.2084394,4.132139524511397,-0.9237001245113974
2937,3.1870139,4.1339622326371295,-0.9469483326371293
2938,3.1832635,4.135779351692219,-0.952515851692219
2939,3.1819959,4.137527537881017,-0.9555316378810166
2940,3.190954,4.139138636004294,-0.9481846360042936
2941,3.1999347,4.140612667600823,-0.9406779676008226
2942,3.2061932,4.141986108329029,-0.9357929083290286
2943,3.2093747,4.1433282523418145,-0.9339535523418143
2944,3.2003949,4.14470161247846,-0.9443067124784603
2945,3.1886923,4.1460499039156264,-0.9573576039156264
2946,3.1804483,4.147370891264207,-0.9669225912642068
2947,3.1720352,4.148428788269144,-0.9763935882691444
2948,3.1729465,4.1492609878724025,-0.9763144878724024
2949,3.180349,4.1501435905526,-0.9697945905525995
2950,3.1885736,4.151004346493208,-0.962430746493208
2951,3.2093875,4.1517035856663815,-0.9423160856663815
2952,3.2363336,4.152003239737228,-0.9156696397372279
2953,3.2638528,4.152137703084333,-0.8882849030843327
2954,3.2868826,4.152543338486078,-0.8656607384860777
2955,3.3064609,4.152724796628506,-0.8462638966285065
2956,3.3237174,4.152484418475275,-0.8287670184752751
2957,3.337629,4.151885997296273,-0.814256997296273
2958,3.3283026,4.15087156283387,-0.8225689628338695
2959,3.3552814,4.149431894574757,-0.7941504945747573
2960,3.3595984,4.147592954538845,-0.7879945545388449
2961,3.3624759,4.145181746170747,-0.7827058461707472
2962,3.3688748,4.142117029993312,-0.7732422299933117
2963,3.3729694,4.138380800134618,-0.7654114001346177
2964,3.3697727,4.1339252107347475,-0.7641525107347475
2965,3.3673303,4.128852986350615,-0.7615226863506148
2966,3.3538458,4.123065122458187,-0.7692193224581869
2967,3.3383572,4.116516263165801,-0.7781590631658011
2968,3.3189468,4.109396332146165,-0.7904495321461651
2969,3.2937427,4.101764168568861,-0.8080214685688611
2970,3.2570202,4.093624655666405,-0.836604455666405
2971,3.2110443,4.084991520786045,-0.8739472207860448
2972,3.164323,4.075958503376266,-0.911635503376266
2973,3.1175537,4.06652683376747,-0.9489731337674696
2974,3.0781589,4.056791899517136,-0.9786329995171359
2975,3.0466897,4.046761035276415,-1.0000713352764148
2976,3.0189536,4.036477676654103,-1.017524076654103
2977,3.0000763,4.025869254724781,-1.025792954724781
2978,2.9767096,4.0149351447702495,-1.0382255447702495
2979,2.954301,4.003980475193754,-1.049679475193754
2980,2.9274228,3.9930499048133834,-1.0656271048133834
2981,2.9026685,3.982096828943076,-1.079428328943076
2982,2.8840518,3.9711844751446725,-1.0871326751446726
2983,2.848395,3.9603689354822618,-1.1119739354822618
2984,2.8225925,3.949677952739476,-1.1270854527394762
2985,2.7873874,3.9390870984462785,-1.1516996984462784
2986,2.7535214,3.928644306249826,-1.1751229062498263
2987,2.7163064,3.918453725762349,-1.2021473257623487
2988,2.6814618,3.9088902196035513,-1.2274284196035512
2989,2.6408234,3.899924771064134,-1.259101371064134
2990,2.6032257,3.8913448308800134,-1.2881191308800135
2991,2.5726743,3.8832710543248767,-1.3105967543248767
2992,2.5482593,3.8757380394177647,-1.327478739417765
2993,2.5238647,3.868748630719907,-1.3448839307199072
2994,2.4999356,3.8622072258422158,-1.3622716258422156
2995,2.4741046,3.85619750067782,-1.38209290067782
2996,2.4464493,3.8508414474980333,-1.4043921474980334
2997,2.4169247,3.8461017612394035,-1.4291770612394035
2998,2.3956287,3.841887866054111,-1.4462591660541109
2999,2.3767788,3.838142966969232,-1.4613641669692323
3000,2.3464673,3.83487192952905,-1.4884046295290498
3001,2.332236,3.8320577732763503,-1.4998217732763504
3002,2.3188226,3.829618159519924,-1.510795559519924
3003,2.3175387,3.827558692432487,-1.510019992432487
3004,2.3260105,3.825924609060177,-1.4999141090601769
3005,2.3419342,3.824746362383538,-1.4828121623835382
3006,2.3637826,3.823923304154916,-1.4601407041549161
3007,2.383823,3.8235487083789312,-1.4397257083789312
3008,2.40608,3.8234033626192128,-1.4173233626192125
3009,2.4369998,3.8235421952707336,-1.3865423952707334
3010,2.4733167,3.824545390881622,-1.351228690881622
3011,2.4935727,3.826261613949908,-1.3326889139499078
3012,2.5076773,3.8285338150227006,-1.3208565150227005
3013,2.5177765,3.8312088882505906,-1.3134323882505905
3014,2.5224686,3.8341952353947546,-1.3117266353947548
3015,2.5301044,3.837862520788139,-1.3077581207881392
3016,2.541469,3.842068732682456,-1.3005997326824557
3017,2.5586429,3.8464226661968226,-1.2877797661968224
3018,2.564598,3.8509316312904858,-1.2863336312904856
3019,2.5696902,3.855584249547232,-1.285894049547232
3020,2.5931308,3.860767393841807,-1.2676365938418068
3021,2.621715,3.8703442002663477,-1.2486292002663477
3022,2.6512854,3.8820718117703814,-1.2307864117703815
3023,2.6789126,3.8918244426359347,-1.2129118426359349
3024,2.6996732,3.901300838892358,-1.201627638892358
3025,2.729758,3.9105652130651167,-1.1808072130651168
3026,2.7570496,3.9202408472164114,-1.1631912472164112
3027,2.7770255,3.9311949756707514,-1.1541694756707512
3028,2.8030396,3.9425216955147944,-1.1394820955147944
3029,2.8307745,3.953288372053895,-1.122513872053895
3030,2.8457294,3.963930646247435,-1.1182012462474349
3031,2.8674643,3.97427574303778,-1.1068114430377802
3032,2.9027612,3.983967386679529,-1.081206186679529
3033,2.9336243,3.9929152221628845,-1.0592909221628846
3034,2.968191,4.001234381785243,-1.0330433817852427
3035,3.0105777,4.009226356914586,-0.998648656914586
3036,3.0390222,4.016635949348698,-0.9776137493486985
3037,3.0603976,4.021827858488563,-0.961430258488563
3038,3.0757816,4.023755666868262,-0.9479740668682624
3039,3.1099832,4.023841254342003,-0.9138580543420027
3040,3.1189618,4.023807274719445,-0.904845474719445
3041,3.1380506,4.023750187656906,-0.8856995876569056
3042,3.1324747,4.023559787017494,-0.8910850870174944
3043,3.123255,4.023292698631077,-0.9000376986310772
3044,3.1306164,4.022936712246703,-0.8923203122467029
3045,3.1273303,4.022351787471142,-0.895021487471142
3046,3.11803,4.0214247568146195,-0.9033947568146194
3047,3.1333172,4.020237111825357,-0.8869199118253568
3048,3.1473117,4.019073959171021,-0.8717622591710215
3049,3.1644876,4.01752991784713,-0.8530423178471302
3050,3.1861355,4.015438064407261,-0.8293025644072616
3051,3.212387,4.013088394735286,-0.8007013947352859
3052,3.247044,4.01050993284537,-0.7634659328453699
3053,3.267746,4.007641815988344,-0.7398958159883442
3054,3.2852566,4.00450402057547,-0.7192474205754702
3055,3.299625,4.0010825005711,-0.7014575005711006
3056,3.3081381,3.9974640553849032,-0.6893259553849034
3057,3.3133838,3.993944046062936,-0.6805602460629361
3058,3.3139813,3.990011381139855,-0.6760300811398552
3059,3.3080215,3.985587651024167,-0.6775661510241666
3060,3.3059616,3.980936165075394,-0.6749745650753942
3061,3.2951236,3.9759876963750527,-0.6808640963750525
3062,3.2760544,3.970686491977101,-0.694632091977101
3063,3.2444272,3.965081521845574,-0.7206543218455739
3064,3.2011795,3.959252647215942,-0.7580731472159421
3065,3.1685367,3.953275303175429,-0.7847386031754287
3066,3.139921,3.9472405217725783,-0.8073195217725782
3067,3.110744,3.940987877683285,-0.830243877683285
3068,3.080284,3.9345586115536855,-0.8542746115536857
3069,3.0483758,3.927953792240045,-0.8795779922400451
3070,3.0189874,3.921249215417024,-0.9022618154170243
3071,2.987879,3.9145109743427704,-0.9266319743427704
3072,2.9583752,3.907753751827606,-0.9493785518276061
3073,2.9283066,3.9009951052978233,-0.9726885052978234
3074,2.9068081,3.894078676047946,-0.9872705760479459
3075,2.8872626,3.8872587795120954,-0.9999961795120953
3076,2.8747067,3.8805978445023595,-1.0058911445023595
3077,2.8675635,3.874087525955708,-1.006524025955708
3078,2.867133,3.867807434338708,-1.0006744343387082
3079,2.8699887,3.861738184084613,-0.9917494840846128
3080,2.8733554,3.8560893410575896,-0.9827339410575897
3081,2.8968832,3.8508781158453815,-0.9539949158453815
3082,2.8946729,3.8459713952503587,-0.9512984952503585
3083,2.8913193,3.841377672812784,-0.950058372812784
3084,2.8901432,3.8370485391398703,-0.9469053391398705
3085,2.8825095,3.833016042728186,-0.9505065427281862
3086,2.8679886,3.8293747478861024,-0.9613861478861025
3087,2.844004,3.8260634743344206,-0.9820594743344206
3088,2.8146787,3.823063702373036,-1.008385002373036
3089,2.7868695,3.820280718959755,-1.0334112189597553
3090,2.7656064,3.817804303442363,-1.0521979034423632
3091,2.751962,3.815547955389838,-1.0635859553898381
3092,2.745842,3.81326668037048,-1.0674246803704799
3093,2.7436688,3.8112534535446043,-1.0675846535446043
3094,2.7487202,3.8095775762566624,-1.0608573762566622
3095,2.7530355,3.808412654209513,-1.0553771542095127
3096,2.7562375,3.8076694136414244,-1.0514319136414243
3097,2.7585213,3.807229380553014,-1.048708080553014
3098,2.7600825,3.807096885555009,-1.0470143855550087
3099,2.7611172,3.8072099899371716,-1.0460927899371715
3100,2.7618203,3.8075617017651466,-1.0457414017651465
3101,2.7623878,3.808153760483691,-1.045765960483691
3102,2.763015,3.8091030734424205,-1.0460880734424203
3103,2.763898,3.8100186072443654,-1.0461206072443652
3104,2.765232,3.810732476987566,-1.045500476987566
3105,2.7672126,3.8115751470725234,-1.0443625470725233
3106,2.7700355,3.8124996393187947,-1.0424641393187946
3107,2.773896,3.8135322693233764,-1.0396362693233763
3108,2.7789898,3.814762085451724,-1.0357722854517237
3109,2.7905774,3.8161179694011427,-1.0255405694011426
3110,2.7849295,3.8176617453611055,-1.0327322453611054
3111,2.7599118,3.819284698559801,-1.059372898559801
3112,2.7276175,3.8209521692447943,-1.0933346692447943
3113,2.696204,3.8227347838603376,-1.1265307838603378
3114,2.674313,3.82463665404273,-1.15032365404273
3115,2.6585553,3.8266232351526144,-1.1680679351526142
3116,2.647438,3.828661495830267,-1.1812234958302668
3117,2.6452756,3.8307639939707814,-1.1854883939707812
3118,2.644613,3.8329577499828207,-1.1883447499828206
3119,2.6507077,3.8383048976371548,-1.1875971976371549
3120,2.655413,3.8476456964746224,-1.1922326964746226
3121,2.6577759,3.85779493923673,-1.20001903923673
3122,2.6585944,3.867279307216741,-1.2086849072167407
3123,2.6608963,3.87705927276214,-1.21616297276214
3124,2.6618915,3.8868733294314026,-1.2249818294314028
3125,2.6579285,3.8965793271647446,-1.2386508271647445
3126,2.6554108,3.9060405778067593,-1.2506297778067594
3127,2.6556385,3.9151526387661737,-1.259514138766174
3128,2.6575656,3.923957149079339,-1.266391549079339
3129,2.6637127,3.9324789535675864,-1.2687662535675863
3130,2.67001,3.940484299624365,-1.270474299624365
3131,2.6763446,3.9477230589675707,-1.2713784589675705
3132,2.6874402,3.954359158774205,-1.266918958774205
3133,2.7073114,3.9604969129678995,-1.2531855129678995
3134,2.7313144,3.9661069422279303,-1.2347925422279302
3135,2.7579443,3.9710552520846236,-1.2131109520846235
3136,2.7880445,3.975148331690551,-1.1871038316905511
3137,2.8175235,3.978278023518756,-1.1607545235187557
3138,2.8407528,3.980588815296976,-1.139836015296976
3139,2.8577805,3.9821332221703982,-1.1243527221703982
3140,2.8688092,3.983127776430372,-1.1143185764303722
3141,2.8712192,3.9838766603040154,-1.1126574603040154
3142,2.8812485,3.9845141754062072,-1.1032656754062073
3143,2.8929956,3.985215827362915,-1.092220227362915
3144,2.9107034,3.9859834522064155,-1.0752800522064154
3145,2.9319088,3.9869745834433914,-1.0550657834433914
3146,2.956072,3.9880807243508714,-1.0320087243508715
3147,2.980192,3.9889333515571663,-1.0087413515571662
3148,3.0061505,3.9896645896952063,-0.9835140896952064
3149,3.0299704,3.9904498054320245,-0.9604794054320247
3150,3.053552,3.9915543329419365,-0.9380023329419367
3151,3.0765347,3.992903981291455,-0.916369281291455
3152,3.0973315,3.9942630175671945,-0.8969315175671944
3153,3.1184137,3.995881234571813,-0.8774675345718128
3154,3.138538,3.9974204410813736,-0.8588824410813736
3155,3.1564124,3.998680766646598,-0.8422683666465982
3156,3.1710052,3.999852801635888,-0.8288476016358879
3157,3.1875088,4.000897001853094,-0.813388201853094
3158,3.2011533,4.001799729492577,-0.8006464294925766
3159,3.2145932,4.002585505080889,-0.787992305080889
3160,3.2234454,4.003263573636587,-0.7798181736365866
3161,3.2363052,4.003836920973955,-0.7675317209739547
3162,3.2415237,4.004338396224422,-0.7628146962244218
3163,3.2501504,4.004620653101794,-0.7544702531017942
3164,3.261334,4.004504827408928,-0.7431708274089277
3165,3.2725918,4.004390645050998,-0.7317988450509985
3166,3.2818973,4.004409920192115,-0.7225126201921155
3167,3.289383,4.004456700157283,-0.7150737001572827
3168,3.2993753,4.0043981491673435,-0.7050228491673436
3169,3.306112,4.004202670208138,-0.698090670208138
3170,3.3085415,4.003862901458752,-0.6953214014587519
3171,3.307663,4.0033348606429735,-0.6956718606429737
3172,3.3016467,4.002547343054032,-0.7009006430540321
3173,3.2969415,4.001561716666039,-0.7046202166660391
3174,3.291019,4.0004739395439834,-0.7094549395439835
3175,3.2901132,3.9993094067579227,-0.7091962067579227
3176,3.3641357,3.9981644086967543,-0.6340287086967544
3177,3.318623,3.997122879950065,-0.6784998799500648
3178,3.3286395,3.996086527364816,-0.6674470273648159
3179,3.3395288,3.995069954348591,-0.6555411543485907
3180,3.3480453,3.9940645663835115,-0.6460192663835116
3181,3.330466,3.99332110438139,-0.6628551043813902
3182,3.3288302,3.9928612183429655,-0.6640310183429654
3183,3.3210886,3.992434401653394,-0.671345801653394
3184,3.3088574,3.9920313963954634,-0.6831739963954635
3185,3.300354,3.991671052481252,-0.691317052481252
3186,3.3034146,3.9913498942233097,-0.6879352942233097
3187,3.3010788,3.9909975657599728,-0.6899187657599728
3188,3.292194,3.990592315910515,-0.6983983159105152
3189,3.2821143,3.9901548558948834,-0.7080405558948835
3190,3.268061,3.9896704069870332,-0.7216094069870334
3191,3.2474277,3.9890409358531285,-0.7416132358531287
3192,3.2170987,3.9882177459304415,-0.7711190459304413
3193,3.1917398,3.987283265610941,-0.7955434656109408
3194,3.1626205,3.9862797590401726,-0.8236592590401726
3195,3.1464963,3.9852418114638395,-0.8387455114638396
3196,3.1252463,3.9842011795624037,-0.8589548795624036
3197,3.107073,3.9831478010553574,-0.8760748010553572
3198,3.1123145,3.9823195262797038,-0.8700050262797037
3199,3.1273706,3.982227087076286,-0.8548564870762863
3200,3.141291,3.9826593484893977,-0.8413683484893979
3201,3.1508691,3.983175092976013,-0.8323059929760128
3202,3.1553562,3.98386226260942,-0.8285060626094198
3203,3.149545,3.9846910905848247,-0.8351460905848249
3204,3.1451263,3.9857262240307687,-0.8405999240307689
3205,3.1400049,3.986973639527933,-0.8469687395279331
3206,3.1400964,3.9886732670913316,-0.8485768670913316
3207,3.1464648,3.990696104773887,-0.8442313047738872
3208,3.1527176,3.9927532389437554,-0.8400356389437555
3209,3.1623328,3.994803617885955,-0.8324708178859548
3210,3.1693115,3.9968253149829502,-0.8275138149829502
3211,3.1649344,3.9987556472632426,-0.8338212472632427
3212,3.1418521,4.000525330411856,-0.8586732304118558
3213,3.1091855,4.002335964184908,-0.8931504641849082
3214,3.0823712,4.004158558197273,-0.9217873581972729
3215,3.0530133,4.005580590337685,-0.9525672903376847
3216,3.0281622,4.006975038299984,-0.9788128382999841
3217,3.001927,4.008047518109793,-1.006120518109793
3218,2.9741528,4.008962938270524,-1.0348101382705237
3219,2.948335,4.009821907440397,-1.061486907440397
3220,2.9157345,4.010609835587623,-1.0948753355876226
3221,2.8785956,4.011172565217973,-1.132576965217973
3222,2.8416922,4.011483326253868,-1.1697911262538678
3223,2.7988849,4.011617368055848,-1.2127324680558482
3224,2.7549624,4.01219579770004,-1.2572333977000403
3225,2.711839,4.013463889938632,-1.301624889938632
3226,2.6795514,4.014630809951541,-1.335079409951541
3227,2.651157,4.015248533379569,-1.3640915333795687
3228,2.629873,4.015716356163145,-1.3858433561631447
3229,2.6143124,4.016422980015504,-1.4021105800155036
3230,2.608501,4.016990047009026,-1.4084890470090259
3231,2.610212,4.017755757071171,-1.407543757071171
3232,2.6135364,4.01880324488284,-1.4052668448828403
3233,2.6187243,4.019876382068658,-1.4011520820686578
3234,2.6224606,4.020753072542312,-1.3982924725423116
3235,2.6245782,4.021151914368399,-1.3965737143683992
3236,2.624309,4.020951421571424,-1.3966424215714244
3237,2.619414,4.020394395857816,-1.4009803958578164
3238,2.6190643,4.019724977241525,-1.4006606772415253
3239,2.6207592,4.01896838271171,-1.3982091827117102
3240,2.6234915,4.018133707166217,-1.3946422071662168
3241,2.628624,4.017341036817981,-1.3887170368179809
3242,2.6310327,4.016530054087888,-1.3854973540878883
3243,2.6359634,4.015635877301931,-1.379672477301931
3244,2.639315,4.014730596329143,-1.3754155963291428
3245,2.6437848,4.013828288585617,-1.3700434885856168
3246,2.646056,4.012988188154919,-1.366932188154919
3247,2.649329,4.012121251872168,-1.3627922518721682
3248,2.6524048,4.011088190638961,-1.3586833906389608
3249,2.661899,4.009966815183401,-1.3480678151834011
3250,2.6778827,4.008866801905421,-1.3309841019054214
3251,2.6908023,4.00782747934209,-1.3170251793420902
3252,2.6974063,4.006785277064307,-1.3093789770643074
3253,2.6936624,4.005713734862034,-1.3120513348620344
3254,2.6836483,4.004587070459569,-1.3209387704595685
3255,2.6700974,4.00334739676914,-1.33324999676914
3256,2.6508496,4.002016030809083,-1.3511664308090827
3257,2.6362097,4.000620179574877,-1.364410479574877
3258,2.6230774,3.999005416990758,-1.3759280169907577
3259,2.6187494,3.996982856530721,-1.378233456530721
3260,2.6080475,3.9946878180368257,-1.3866403180368256
3261,2.6179483,3.9924834038311667,-1.3745351038311666
3262,2.6216986,3.9903897790942713,-1.368691179094271
3263,2.6098807,3.9884607999078106,-1.3785800999078104
3264,2.6121051,3.9867424787122494,-1.3746373787122494
3265,2.6142294,3.9852986033360134,-1.3710692033360132
3266,2.6109402,3.984641064851549,-1.373700864851549
3267,2.620769,3.9845072264391375,-1.3637382264391373
3268,2.6197717,3.9843469381000185,-1.3645752381000187
3269,2.6281826,3.984357764995967,-1.356175164995967
3270,2.6349618,3.984586774500845,-1.3496249745008448
3271,2.6399188,3.9850135522766856,-1.3450947522766858
3272,2.643207,3.9855593093115425,-1.3423523093115426
3273,2.6517792,3.986210989947168,-1.334431789947168
3274,2.65019,3.9870100827306296,-1.3368200827306298
3275,2.6467493,3.9878943881433573,-1.341145088143357
3276,2.6436768,3.9886061886534963,-1.344929388653496
3277,2.6402533,3.989071941652859,-1.348818641652859
3278,2.6368005,3.989507464441549,-1.3527069644415488
3279,2.6310184,3.9899367993833224,-1.3589183993833225
3280,2.6342838,3.99037950915652,-1.35609570915652
3281,2.6384244,3.990762073829396,-1.3523376738293962
3282,2.6315982,3.9909367635895956,-1.3593385635895956
3283,2.6400986,3.9909432970333385,-1.3508446970333385
3284,2.6410391,3.99101554376581,-1.3499764437658102
3285,2.6329553,3.991581950351486,-1.358626650351486
3286,2.6334326,3.9923596561313413,-1.3589270561313413
3287,2.6401792,3.9930353204809377,-1.3528561204809377
3288,2.6551917,3.993735209893002,-1.338543509893002
3289,2.6745703,3.9944022857511454,-1.3198319857511454
3290,2.7000492,3.995048630488151,-1.2949994304881511
3291,2.73212,3.995729398234844,-1.263609398234844
3292,2.7470615,3.9964989181046033,-1.2494374181046033
3293,2.762606,3.99726512539379,-1.2346591253937902
3294,2.764923,3.998022343170419,-1.233099343170419
3295,2.7714267,3.9989230525774797,-1.2274963525774796
3296,2.7752469,4.000060623520883,-1.2248137235208834
3297,2.78605,4.001161962429738,-1.2151119624297384
3298,2.792051,4.001919312841022,-1.2098683128410226
3299,2.8056085,4.00177051058189,-1.1961620105818902
3300,2.8225894,4.001112055395936,-1.1785226553959358
3301,2.8474643,4.000464156582598,-1.1529998565825976
3302,2.8720279,3.999831932617563,-1.1278040326175631
3303,2.899171,3.9992416303370706,-1.1000706303370706
3304,2.9258575,3.9986407938396367,-1.0727832938396364
3305,2.9546192,3.998045442920865,-1.0434262429208654
3306,2.9782562,3.997459685672129,-1.0192034856721288
3307,2.9931772,3.9968662818164375,-1.0036890818164377
3308,3.0002038,3.9983239882178863,-0.9981201882178863
3309,3.0029385,4.001212866331836,-0.9982743663318363
3310,3.0050027,4.003371247755744,-0.9983685477557445
3311,3.0116174,4.005652236878611,-0.9940348368786114
3312,3.0105603,4.008083397813983,-0.9975230978139829
3313,3.008715,4.010506132831968,-1.001791132831968
3314,3.0042725,4.012934978894916,-1.008662478894916
3315,3.0017853,4.015350674853732,-1.0135653748537319
3316,3.001793,4.017437987770146,-1.0156449877701457
3317,2.977841,4.018497564359608,-1.0406565643596077
3318,2.9636405,4.018748817825468,-1.0551083178254683
3319,2.9490018,4.018957100530801,-1.069955300530801
3320,2.9393048,4.018976684327663,-1.0796718843276634
3321,2.931486,4.01885405606164,-1.0873680560616399
3322,2.9294074,4.018759604104164,-1.0893522041041641
3323,2.9242532,4.0183765933753905,-1.0941233933753907
3324,2.921693,4.017326843070424,-1.095633843070424
3325,2.9203207,4.015491282465159,-1.0951705824651587
3326,2.9301322,4.0133323402412495,-1.0832001402412494
3327,2.938301,4.0111765335484675,-1.0728755335484674
3328,2.9527075,4.008963098714006,-1.0562555987140065
3329,2.9711893,4.00652541702469,-1.0353361170246904
3330,2.990195,4.0038793277400115,-1.0136843277400116
3331,3.0131989,4.001177983744342,-0.9879790837443423
3332,3.0308194,3.998508746690935,-0.9676893466909351
3333,3.0443377,3.9957116443073426,-0.9513739443073428
3334,3.0524826,3.992727680879669,-0.9402450808796692
3335,3.058147,3.9902169211375536,-0.9320699211375536
3336,3.059132,3.9880639863630263,-0.9289319863630263
3337,3.0611126,3.9858747912285226,-0.9247621912285227
3338,3.0562854,3.983790809789846,-0.9275054097898456
3339,3.0510113,3.9816826868944455,-0.9306713868944456
3340,3.0479953,3.9795591381452677,-0.9315638381452676
3341,3.040815,3.9774087864850824,-0.9365937864850826
3342,3.0358713,3.975270646091201,-0.9393993460912009
3343,3.0442755,3.9730397051216846,-0.9287642051216847
3344,3.056986,3.970650939310624,-0.9136649393106238
3345,3.0572302,3.9682157009468724,-0.9109855009468726
3346,3.048355,3.9658448421609878,-0.9174898421609878
3347,3.044704,3.963590808218411,-0.918886808218411
3348,3.0451999,3.96138824979463,-0.9161883497946297
3349,3.0704215,3.9595419525814446,-0.8891204525814445
3350,3.084708,3.95784026791604,-0.87313226791604
3351,3.100296,3.9559572161095886,-0.8556612161095885
3352,3.1074023,3.954148820940008,-0.846746520940008
3353,3.114309,3.952471520656289,-0.8381625206562888
3354,3.1225019,3.9508605095316804,-0.8283586095316804
3355,3.1057096,3.9494488941484005,-0.8437392941484005
3356,3.0910785,3.948027409143349,-0.8569489091433491
3357,3.064317,3.9465525184798858,-0.8822355184798858
3358,3.038475,3.9452627094404726,-0.9067877094404726
3359,3.0114758,3.944105477995336,-0.9326296779953362
3360,2.9870822,3.9431075282393744,-0.9560253282393743
3361,2.9612644,3.9422938211012277,-0.9810294211012276
3362,2.9267895,3.9417004830243605,-1.0149109830243606
3363,2.8649728,3.9412770838672837,-1.0763042838672838
3364,2.8354166,3.941175044631901,-1.1057584446319013
3365,2.8216367,3.941358490512954,-1.119721790512954
3366,2.8153687,3.9416946827068724,-1.1263259827068723
3367,2.8265545,3.942218327257134,-1.115663827257134
3368,2.852745,3.942851375117225,-1.0901063751172249
3369,2.884613,3.9435907525628604,-1.0589777525628605
3370,2.9091547,3.9444527104521585,-1.0352980104521583
3371,2.9249005,3.9453593893637358,-1.0204588893637356
3372,2.9367108,3.9463280880060703,-1.00961728800607
3373,2.948166,3.947384813038534,-0.9992188130385338
3374,2.9649963,3.9484959698228614,-0.9834996698228613
3375,2.9812894,3.9497520870668037,-0.9684626870668036
3376,2.9988534,3.95101072208731,-0.9521573220873103
3377,3.020148,3.952018727574194,-0.9318707275741942
3378,3.043615,3.9528417175460597,-0.9092267175460598
3379,3.0640683,3.9536673476356983,-0.8895990476356981
3380,3.0943973,3.9544964045582813,-0.8600991045582815
3381,3.1374457,3.9553071966466753,-0.8178614966466755
3382,3.1564221,3.956376547567424,-0.7999544475674241
3383,3.1752722,3.957504270483452,-0.782232070483452
3384,3.1916766,3.958240260023645,-0.7665636600236447
3385,3.2110028,3.9588383804649743,-0.7478355804649741
3386,3.2021625,3.959316564603283,-0.757154064603283
3387,3.2229373,3.961464993201645,-0.7385276932016449
3388,3.2324066,3.9674003977241514,-0.7349937977241514
3389,3.2533536,3.974442048184616,-0.721088448184616
3390,3.2525961,3.9795195087756148,-0.7269234087756149
3391,3.292207,3.9842006845119693,-0.6919936845119694
3392,3.3026865,3.988483472277522,-0.6857969722775219
3393,3.3116171,3.9918505515360883,-0.6802334515360884
3394,3.3230243,3.992742882648834,-0.6697185826488337
3395,3.3533413,3.9916520639552853,-0.6383107639552854
3396,3.3620267,3.9905210929874513,-0.6284943929874514
3397,3.3777466,3.989357067369973,-0.6116104673699732
3398,3.3910892,3.988247199409333,-0.5971579994093328
3399,3.3999188,3.987272461561425,-0.587353661561425
3400,3.4110107,3.987155672597623,-0.5761449725976231
3401,3.421232,3.9870973112948214,-0.5658653112948215
3402,3.433573,3.9865940498151318,-0.5530210498151318
3403,3.4458466,3.985556024323266,-0.5397094243232661
3404,3.4522803,3.984520895739229,-0.5322405957392289
3405,3.4589322,3.983553262665442,-0.524621062665442
3406,3.472154,3.982597379043228,-0.5104433790432279
3407,3.485891,3.9812816703402922,-0.49539067034029216
3408,3.4979575,3.97963246877929,-0.48167496877929006
3409,3.5150516,3.9779836416977483,-0.46293204169774826
3410,3.5320435,3.9763858135946655,-0.4443423135946656
3411,3.5484488,3.9748732039226726,-0.42642440392267256
3412,3.5616107,3.973529538639286,-0.411918838639286
3413,3.572595,3.9723585774796204,-0.3997635774796202
3414,3.5801675,3.9712851546036463,-0.39111765460364634
3415,3.5836575,3.9703839296145915,-0.38672642961459136
3416,3.5765927,3.9696630286839523,-0.3930703286839523
3417,3.5858798,3.969138659616022,-0.383258859616022
3418,3.5949771,3.9691420539686098,-0.3741649539686098
3419,3.6033826,3.9697210905689535,-0.3663384905689533
3420,3.608745,3.9703104099719004,-0.36156540997190056
3421,3.6153827,3.9710481417186982,-0.3556654417186982
3422,3.6274784,3.971894429844362,-0.3444160298443619
3423,3.6222284,3.9728101983879776,-0.35058179838797754
3424,3.614818,3.973835176010331,-0.3590171760103309
3425,3.605787,3.9747781622725875,-0.36899116227258766
3426,3.5880814,3.9751445681400437,-0.3870631681400436
3427,3.5710657,3.9750749785296082,-0.4040092785296081
3428,3.5589697,3.975161015531985,-0.41619131553198496
3429,3.5478177,3.9753755111953755,-0.4275578111953755
3430,3.549808,3.9756882846884745,-0.4258802846884744
3431,3.5580478,3.9761786144831746,-0.41813081448317435
3432,3.5698984,3.976935733288662,-0.4070373332886619
3433,3.582575,3.979175393419125,-0.3966003934191251
3434,3.5965838,3.9823812388763624,-0.38579743887636253
3435,3.6101086,3.9852342493133532,-0.37512564931335346
3436,3.6199384,3.9881841255602493,-0.36824572556024915
3437,3.6265454,3.991314123496167,-0.3647687234961672
3438,3.6328092,3.9946033560802667,-0.36179415608026666
3439,3.638491,3.9979807296329186,-0.3594897296329185
3440,3.627168,4.001423011980209,-0.3742550119802086
3441,3.6256049,4.004858599230725,-0.37925369923072516
3442,3.6275165,4.008343197864829,-0.38082669786482937
3443,3.6313727,4.011837313823482,-0.38046461382348173
3444,3.6315002,4.015304270704769,-0.3838040707047692
3445,3.645243,4.0187318671534635,-0.37348886715346374
3446,3.640478,4.022534542549868,-0.38205654254986854
3447,3.6351101,4.02670147985756,-0.3915913798575601
3448,3.635654,4.030766304954395,-0.39511230495439476
3449,3.6362326,4.034655916497579,-0.398423316497579
3450,3.6352932,4.038536910237648,-0.4032437102376476
3451,3.6296768,4.042453138068032,-0.4127763380680318
3452,3.6222339,4.046371470311979,-0.4241375703119794
3453,3.6148093,4.050217782961474,-0.43540848296147416
3454,3.6110318,4.053955999697184,-0.4429241996971838
3455,3.6074002,4.057236602163769,-0.4498364021637693
3456,3.6063886,4.0601008924900865,-0.4537122924900867
3457,3.6153674,4.062916535841976,-0.44754913584197586
3458,3.6230273,4.0656440397030655,-0.4426167397030656
3459,3.6325116,4.068312663042337,-0.43580106304233723
3460,3.6422925,4.071557674226742,-0.4292651742267424
3461,3.6492724,4.074830368379797,-0.4255579683797972
3462,3.6539056,4.0774811632343955,-0.4235755632343956
3463,3.6609836,4.079912256055176,-0.4189286560551766
3464,3.6634347,4.082052511348507,-0.41861781134850684
3465,3.6693454,4.083951631558128,-0.41460623155812826
3466,3.6696582,4.085612570585911,-0.415954370585911
3467,3.6742826,4.08701391569847,-0.41273131569846955
3468,3.6804364,4.088134760812541,-0.40769836081254107
3469,3.685268,4.0890291496893365,-0.4037611496893363
3470,3.6857278,4.089870480278453,-0.4041426802784529
3471,3.6854193,4.0906609387946125,-0.4052416387946125
3472,3.682409,4.091435042843481,-0.40902604284348154
3473,3.683124,4.092241084186765,-0.40911708418676485
3474,3.6836286,4.09305263854071,-0.4094240385407102
3475,3.6873944,4.093972595592363,-0.40657819559236286
3476,3.6932974,4.0949159252258385,-0.4016185252258384
3477,3.6954844,4.095974175966779,-0.40048977596677915
3478,3.6973064,4.097670513781858,-0.4003641137818579
3479,3.698829,4.0991921873568025,-0.40036318735680254
3480,3.7001162,4.099921595669508,-0.39980539566950757
3481,3.7012336,4.1006314357018905,-0.39939783570189036
3482,3.702247,4.101352598949523,-0.39910559894952335
3483,3.7032208,4.102364551660691,-0.39914375166069105
3484,3.7042205,4.103544213125515,-0.39932371312551496
3485,3.7053115,4.103934729854221,-0.39862322985422116
3486,3.7065587,4.1035976257788915,-0.39703892577889155
3487,3.7080274,4.1032369214289695,-0.39520952142896926
3488,3.7097824,4.102850345771103,-0.3930679457711035
3489,3.7118895,4.102487801012344,-0.3905983010123437
3490,3.714673,4.102079772891983,-0.3874067728919832
3491,3.7190006,4.101594354506717,-0.3825937545067166
3492,3.7222638,4.10117664368439,-0.37891284368439004
3493,3.7186356,4.100796496253037,-0.38216089625303695
3494,3.7170901,4.1004033588659325,-0.3833132588659325
3495,3.7175348,4.100031348452392,-0.38249654845239167
3496,3.717962,4.0997084221414495,-0.3817464221414495
3497,3.7141767,4.09943197188508,-0.38525527188508013
3498,3.710773,4.099175088750081,-0.38840208875008075
3499,3.7041833,4.0988833226336725,-0.39470002263367254
3500,3.700787,4.0986053891434295,-0.3978183891434295
3501,3.6960711,4.098390084533509,-0.4023189845335091
3502,3.696846,4.09823411497768,-0.40138811497768057
3503,3.6974194,4.098522296946278,-0.40110289694627843
3504,3.6951687,4.099050973498079,-0.4038822734980787
3505,3.6893027,4.099477544135363,-0.410174844135363
3506,3.6789072,4.099954101655191,-0.42104690165519143
3507,3.6616766,4.100477528880213,-0.43880092888021327
3508,3.6477017,4.101094785563522,-0.45339308556352176
3509,3.6326501,4.1017646618798596,-0.46911456187985934
3510,3.6204998,4.102420588519961,-0.481920788519961
3511,3.615568,4.103122976802794,-0.487554976802794
3512,3.6133173,4.103780960009165,-0.4904636600091652
3513,3.6160083,4.104371410625514,-0.48836311062551374
3514,3.6196878,4.105021097718177,-0.48533329771817746
3515,3.6300626,4.1056133714659095,-0.4755507714659095
3516,3.6332867,4.106166746834325,-0.47288004683432483
3517,3.6347263,4.106691653902961,-0.4719653539029607
3518,3.6303558,4.107211143833258,-0.4768553438332579
3519,3.6195178,4.107719314148908,-0.488201514148908
3520,3.601775,4.108176487297003,-0.5064014872970031
3521,3.5821621,4.108587086879913,-0.5264249868799129
3522,3.5670145,4.108904162472636,-0.5418896624726361
3523,3.5515072,4.109181531237377,-0.5576743312373771
3524,3.5407093,4.109488776282287,-0.5687794762822871
3525,3.5377164,4.109738361606003,-0.5720219616060032
3526,3.537009,4.109935430942895,-0.572926430942895
3527,3.5455017,4.110084872948532,-0.5645831729485318
3528,3.5579746,4.1101801587563624,-0.5522055587563623
3529,3.57279,4.11007905752041,-0.5372890575204097
3530,3.592235,4.1096585030651385,-0.5174235030651384
3531,3.605943,4.109070952979518,-0.5031279529795185
3532,3.6169488,4.108470793753326,-0.49152199375332595
3533,3.6216147,4.107741455035046,-0.4861267550350461
3534,3.6146207,4.106827644923042,-0.49220694492304196
3535,3.6038067,4.105742096960587,-0.5019353969605875
3536,3.592828,4.104468305433011,-0.5116403054330112
3537,3.5836465,4.102993245292157,-0.519346745292157
3538,3.5748618,4.101343875663277,-0.5264820756632771
3539,3.5650668,4.0994916113756545,-0.5344248113756547
3540,3.553095,4.097386414340687,-0.5442914143406874
3541,3.5336478,4.094858366960631,-0.5612105669606313
3542,3.509781,4.0918812346745455,-0.5821002346745456
3543,3.4887707,4.0886500081890205,-0.5998793081890206
3544,3.4726148,4.085163609286896,-0.612548809286896
3545,3.4685898,4.081424231111688,-0.612834431111688
3546,3.4762137,4.077423209608672,-0.601209509608672
3547,3.485138,4.073057216045147,-0.5879192160451465
3548,3.5046268,4.0682611079634174,-0.5636343079634174
3549,3.5231476,4.063111727042109,-0.5399641270421092
3550,3.539491,4.057786677026391,-0.5182956770263907
3551,3.5494003,4.052310841007021,-0.5029105410070209
3552,3.5601764,4.046683286952854,-0.48650688695285416
3553,3.5692978,4.040697413156882,-0.4713996131568816
3554,3.5820682,4.034010118638165,-0.45194191863816524
3555,3.5973608,4.026626637847343,-0.42926583784734307
3556,3.6161685,4.018966602007168,-0.40279810200716826
3557,3.6432843,4.011304949151945,-0.36802064915194466
3558,3.670166,4.00365169755796,-0.3334856975579603
3559,3.6993005,3.9960020837472623,-0.2967015837472622
3560,3.7256644,3.9883742506543056,-0.26270985065430574
3561,3.7509592,3.9807824543662984,-0.22982325436629836
3562,3.7741961,3.973236893577799,-0.1990407935777987
3563,3.7938461,3.967434031515657,-0.173587931515657
3564,3.810622,3.9627956710888363,-0.1521736710888364
3565,3.8372302,3.9577211613066803,-0.12049096130668024
3566,3.8527439,3.9527659101948283,-0.10002201019482815
3567,3.861459,3.947900006345268,-0.08644100634526808
3568,3.8665488,3.943468657233215,-0.07691985723321526
3569,3.861799,3.9393976256769387,-0.07759862567693876
3570,3.8473914,3.935374894305663,-0.08798349430566299
3571,3.823338,3.93156918110923,-0.1082311811092298
3572,3.792853,3.927644838471465,-0.13479183847146503
3573,3.757613,3.923138230643108,-0.16552523064310787
3574,3.705196,3.918338416540889,-0.21314241654088928
3575,3.645317,3.9138497916874266,-0.2685327916874267
3576,3.618649,3.9098271563024376,-0.2911781563024376
3577,3.59895,3.906257424488303,-0.30730742448830295
3578,3.5836322,3.9031612577951367,-0.31952905779513685
3579,3.5759418,3.900560775044083,-0.3246189750440833
3580,3.565348,3.8983810641947305,-0.33303306419473033
3581,3.569372,3.896631179998262,-0.3272591799982618
3582,3.565071,3.895339279094431,-0.3302682790944309
3583,3.56021,3.894561922897096,-0.3343519228970959
3584,3.5716956,3.8942347703467566,-0.3225391703467566
3585,3.5737317,3.8942636364174623,-0.32053193641746214
3586,3.573229,3.8946789827555004,-0.3214499827555004
3587,3.5680606,3.8954893444913767,-0.3274287444913768
3588,3.559675,3.896714103619862,-0.3370391036198619
3589,3.5456424,3.898310954682182,-0.35266855468218195
3590,3.530535,3.9002263874420207,-0.3696913874420207
3591,3.5155487,3.902425406533227,-0.38687670653322703
3592,3.5060751,3.9048938266802806,-0.39881872668028073
3593,3.4965003,3.9076590887081544,-0.41115878870815425
3594,3.4891706,3.9106365982697016,-0.42146599826970155
3595,3.4801123,3.914119147781675,-0.43400684778167475
3596,3.458023,3.917865358444707,-0.45984235844470733
3597,3.4473202,3.921495477921902,-0.4741752779219017
3598,3.432106,3.9252154604960614,-0.4931094604960613
3599,3.4145715,3.928986766598742,-0.5144152665987418
3600,3.390942,3.93284356712036,-0.5419015671203602
3601,3.3639352,3.936794960253344,-0.5728597602533441
3602,3.3373358,3.940790071533044,-0.6034542715330442
3603,3.3097131,3.946709732282038,-0.6369966322820377
3604,3.2871192,3.9558712424427362,-0.6687520424427364
3605,3.2693906,3.965401145751957,-0.6960105457519572
3606,3.2642343,3.9739390028976334,-0.7097047028976333
3607,3.2431772,3.982372306309189,-0.739195106309189
3608,3.2559726,3.9905771058511332,-0.734604505851133
3609,3.2490997,3.9984986884994136,-0.7493989884994137
3610,3.2356644,4.006475001052962,-0.7708106010529621
3611,3.2177234,4.014377389617666,-0.7966539896176656
3612,3.2042987,4.021624980251563,-0.8173262802515628
3613,3.1999164,4.026934342677945,-0.8270179426779452
3614,3.1980264,4.030333556187749,-0.8323071561877491
3615,3.204533,4.033152431645331,-0.8286194316453313
3616,3.2203674,4.036137465115976,-0.8157700651159758
3617,3.2431805,4.039312129856455,-0.7961316298564554
3618,3.2685754,4.042690123837981,-0.7741147238379811
3619,3.2963116,4.0461985874198945,-0.7498869874198943
3620,3.326876,4.0497127342431725,-0.7228367342431725
3621,3.3524442,4.053212896716776,-0.7007686967167759
3622,3.3789618,4.056988723825297,-0.6780269238252972
3623,3.4007885,4.060531897375481,-0.6597433973754807
3624,3.4186063,4.063506596396806,-0.644900296396806
3625,3.4342945,4.066457415152376,-0.6321629151523762
3626,3.4453876,4.069471646635265,-0.6240840466352653
3627,3.459064,4.0725292946652925,-0.6134652946652923
3628,3.4740927,4.07552451828991,-0.6014318182899103
3629,3.5037656,4.078430685660335,-0.5746650856603348
3630,3.524985,4.08123431733772,-0.5562493173377199
3631,3.5392718,4.083961813874236,-0.5446900138742361
3632,3.550925,4.0865786863322535,-0.5356536863322536
3633,3.5658438,4.089072254289085,-0.5232284542890846
3634,3.5775146,4.091504875338461,-0.5139902753384606
3635,3.5803745,4.093733955158143,-0.5133594551581431
3636,3.5735376,4.095478883124277,-0.5219412831242769
3637,3.5533676,4.096893534687289,-0.5435259346872887
3638,3.5274887,4.098206877980392,-0.5707181779803916
3639,3.4998584,4.099315017573821,-0.5994566175738214
3640,3.4740088,4.100218112042243,-0.626209312042243
3641,3.43373,4.101055491642393,-0.667325491642393
3642,3.4189465,4.10180172281515,-0.6828552228151499
3643,3.417158,4.102474491067066,-0.6853164910670659
3644,3.4264233,4.103743612080103,-0.6773203120801026
3645,3.4369092,4.105079806331807,-0.6681706063318065
3646,3.4450366,4.105822799205151,-0.6607861992051509
3647,3.4705539,4.10648780747754,-0.6359339074775403
3648,3.4927826,4.1070676633637655,-0.6142850633637655
3649,3.5098386,4.1075782208086675,-0.5977396208086674
3650,3.5253766,4.108050082820342,-0.5826734828203421
3651,3.5363324,4.108477470171228,-0.5721450701712278
3652,3.5490668,4.109298048684345,-0.5602312486843455
3653,3.5567071,4.109931114374001,-0.5532240143740013
3654,3.5631375,4.110021523553425,-0.5468840235534254
3655,3.5639267,4.110104139355889,-0.5461774393558891
3656,3.5643506,4.110115818139639,-0.5457652181396391
3657,3.5701544,4.110109865382171,-0.539955465382171
3658,3.570624,4.110092128572888,-0.5394681285728882
3659,3.575107,4.11011227193373,-0.5350052719337297
3660,3.580235,4.110163328625764,-0.5299283286257639
3661,3.5778046,4.110005906351788,-0.5322013063517885
3662,3.5718427,4.109312302580197,-0.5374696025801975
3663,3.566138,4.108250602364912,-0.5421126023649117
3664,3.563846,4.1072964505190095,-0.5434504505190096
3665,3.5580695,4.106446387321714,-0.5483768873217141
3666,3.5547736,4.105615569592325,-0.5508419695923248
3667,3.5504239,4.105799888871782,-0.5553759888717815
3668,3.546741,4.1067673423917865,-0.5600263423917866
3669,3.5454853,4.107479301169736,-0.5619940011697357
3670,3.5484183,4.108203484782142,-0.5597851847821422
3671,3.5517032,4.108925588689182,-0.5572223886891821
3672,3.552766,4.109715910440836,-0.556949910440836
3673,3.5510504,4.110476313201047,-0.5594259132010468
3674,3.5426483,4.1111744746167656,-0.5685261746167654
3675,3.5302548,4.1118039113129115,-0.5815491113129116
3676,3.5172381,4.112342392283142,-0.5951042922831418
3677,3.5036435,4.11283330671802,-0.6091898067180201
3678,3.496908,4.113082926760117,-0.6161749267601171
3679,3.490801,4.1127632260524205,-0.6219622260524207
3680,3.4855313,4.111607416023789,-0.6260761160237891
3681,3.4861438,4.109900426717335,-0.6237566267173351
3682,3.4876568,4.108223535645987,-0.620566735645987
3683,3.4911728,4.106649795403203,-0.6154769954032027
3684,3.4951367,4.10515394392186,-0.6100172439218601
3685,3.4975116,4.103713444663663,-0.606201844663663
3686,3.4976916,4.102404709493756,-0.6047131094937561
3687,3.4963357,4.101260825372702,-0.6049251253727017
3688,3.5014637,4.100181245853396,-0.5987175458533964
3689,3.507587,4.099292500716832,-0.5917055007168317
3690,3.5122583,4.098575153836799,-0.5863168538367987
3691,3.5163662,4.0979323593848385,-0.5815661593848382
3692,3.5165515,4.097396944858422,-0.5808454448584226
3693,3.5158975,4.0969775845102765,-0.5810800845102766
3694,3.5162375,4.096768267740064,-0.580530767740064
3695,3.519711,4.096789612594018,-0.5770786125940184
3696,3.5214908,4.096898291536027,-0.5754074915360268
3697,3.5219562,4.097133859217494,-0.575177659217494
3698,3.5224512,4.097596249469823,-0.5751450494698229
3699,3.5176098,4.098130376842273,-0.5805205768422734
3700,3.5221722,4.09876310312859,-0.5765909031285901
3701,3.5200512,4.099463571758721,-0.5794123717587212
3702,3.5200806,4.100103824136863,-0.5800232241368626
3703,3.5205405,4.100750264758179,-0.5802097647581785
3704,3.5213623,4.101689824070586,-0.5803275240705865
3705,3.5217884,4.102692989672418,-0.5809045896724179
3706,3.5244112,4.10392915850415,-0.5795179585041503
3707,3.5268233,4.1051990061077355,-0.5783757061077353
3708,3.5290244,4.106293869662678,-0.5772694696626779
3709,3.5310135,4.107393975628489,-0.5763804756284894
3710,3.5327904,4.10848639412866,-0.5756959941286595
3711,3.5343542,4.109514789681148,-0.5751605896811478
3712,3.5357044,4.110468324609379,-0.5747639246093792
3713,3.5368402,4.111295541109765,-0.5744553411097653
3714,3.537761,4.111952406340519,-0.5741914063405189
3715,3.5384662,4.112416901520518,-0.5739507015205185
3716,3.538955,4.112661477335967,-0.5737064773359672
3717,3.539227,4.1126833580672315,-0.5734563580672316
3718,3.5417895,4.112275950063172,-0.5704864500631714
3719,3.5603464,4.111467196410822,-0.5511207964108222
3720,3.579034,4.110315061282977,-0.5312810612829768
3721,3.5958688,4.108805704361423,-0.5129369043614229
3722,3.6086426,4.106904694485122,-0.49826209448512193
3723,3.613522,4.104625627825427,-0.4911036278254266
3724,3.6189444,4.101957849789962,-0.4830134497899614
3725,3.6267788,4.098871399398688,-0.4720925993986884
3726,3.6330478,4.095654373728123,-0.46260657372812286
3727,3.6410108,4.092056978608851,-0.4510461786088511
3728,3.6569736,4.0878944153711,-0.4309208153710995
3729,3.6708004,4.083437226128709,-0.41263682612870856
3730,3.6717682,4.078679184280824,-0.40691098428082384
3731,3.6769977,4.073652153855488,-0.3966544538554886
3732,3.6814084,4.06836437948634,-0.38695597948634
3733,3.6855664,4.062831598783238,-0.3772651987832383
3734,3.6869571,4.057093889718675,-0.3701367897186749
3735,3.6868656,4.051158054793467,-0.3642924547934667
3736,3.6814542,4.0450170915176775,-0.3635628915176774
3737,3.674664,4.038735273968263,-0.3640712739682632
3738,3.6706707,4.032441896464927,-0.3617711964649266
3739,3.6647284,4.025889041476092,-0.36116064147609217
3740,3.6643503,4.019121137996532,-0.35477083799653153
3741,3.666612,4.012398107177722,-0.34578610717772174
3742,3.6690369,4.005730296864927,-0.33669339686492705
3743,3.6909506,3.9990923883745086,-0.3081417883745088
3744,3.6909387,3.9924778092532374,-0.30153910925323757
3745,3.6892188,3.9858915997212474,-0.2966727997212475
3746,3.6910748,3.979337820519072,-0.28826302051907193
3747,3.691959,3.9728286580282712,-0.280869658028271
3748,3.6902008,3.9663661732626765,-0.27616537326267654
3749,3.6929495,3.9600391324281383,-0.2670896324281382
3750,3.672905,3.9538710906864223,-0.2809660906864222
3751,3.6397934,3.947877131895854,-0.30808373189585403
3752,3.6008747,3.942088449747599,-0.3412137497475993
3753,3.565954,3.9365158228091968,-0.3705618228091967
3754,3.5364032,3.9312106621394713,-0.39480746213947127
3755,3.5129645,3.9261627496024625,-0.41319824960246265
3756,3.4960904,3.92133271288707,-0.42524231288706993
3757,3.482836,3.916735758588884,-0.43389975858888397
3758,3.4225018,3.9124267604999754,-0.48992496049997536
3759,3.4029443,3.908533113040847,-0.505588813040847
3760,3.3918262,3.905087692146569,-0.5132614921465688
3761,3.3828943,3.9019733102394287,-0.5190790102394289
3762,3.375353,3.8990660202444225,-0.5237130202444225
3763,3.3699374,3.896366543106056,-0.5264291431060562
3764,3.369823,3.894030852915119,-0.5242078529151191
3765,3.3722556,3.89195646852657,-0.51970086852657
3766,3.3752148,3.8902460447005973,-0.5150312447005971
3767,3.3739407,3.889456590451592,-0.5155158904515922
3768,3.3684833,3.889203791527041,-0.5207204915270411
3769,3.3562121,3.8889887045647,-0.5327766045646998
3770,3.3377414,3.8890281098387582,-0.5512867098387582
3771,3.3170712,3.889513066230586,-0.5724418662305859
3772,3.3026013,3.8905231173050474,-0.5879218173050473
3773,3.2793949,3.8918691888800003,-0.6124742888800006
3774,3.2653363,3.893546387581406,-0.6282100875814058
3775,3.259781,3.895641769781098,-0.6358607697810981
3776,3.2613513,3.8982339794163563,-0.6368826794163565
3777,3.268135,3.901116714556408,-0.6329817145564078
3778,3.2765362,3.904109543203654,-0.6275733432036543
3779,3.2910419,3.9075583969270253,-0.6165164969270251
3780,3.3086472,3.9113826877607036,-0.6027354877607038
3781,3.327335,3.9167165208967214,-0.5893815208967212
3782,3.3477762,3.9234815699981445,-0.5757053699981443
3783,3.37106,3.9301331182813253,-0.5590731182813253
3784,3.3918698,3.9363941857800135,-0.5445243857800137
3785,3.4188156,3.942468470023372,-0.5236528700233722
3786,3.4398456,3.9484866901726012,-0.5086410901726013
3787,3.4622781,3.9557588821587544,-0.49348078215875457
3788,3.484773,3.964551353182175,-0.4797783531821751
3789,3.5000153,3.973033503263012,-0.47301820326301236
3790,3.5113602,3.981562310653465,-0.47020211065346507
3791,3.5174267,3.9903876764656783,-0.47296097646567814
3792,3.5154605,3.999469701302026,-0.48400920130202607
3793,3.5051792,4.008852658760855,-0.5036734587608547
3794,3.4887805,4.018783341468921,-0.5300028414689208
3795,3.4690933,4.028935108960419,-0.5598418089604191
3796,3.453743,4.036304144880803,-0.582561144880803
3797,3.4426258,4.039591005187396,-0.5969652051873959
3798,3.434033,4.040348763520269,-0.6063157635202692
3799,3.4225845,4.041027724863714,-0.6184432248637135
3800,3.4086227,4.041621851444949,-0.6329991514449493
3801,3.3935056,4.04217213736107,-0.6486665373610698
3802,3.3740976,4.042636563123838,-0.6685389631238383
3803,3.352818,4.04301437976873,-0.6901963797687296
3804,3.334877,4.043422011686002,-0.7085450116860019
3805,3.324415,4.043815700284579,-0.719400700284579
3806,3.317736,4.044093993807472,-0.726357993807472
3807,3.3186154,4.044332925314467,-0.7257175253144665
3808,3.3186908,4.044572427882049,-0.7258816278820492
3809,3.3199277,4.044537041134577,-0.7246093411345766
3810,3.3204782,4.044161380410101,-0.7236831804101005
3811,3.3159595,4.043700842575452,-0.7277413425754524
3812,3.3080063,4.04316309826095,-0.7351567982609502
3813,3.3007855,4.042569963438022,-0.7417844634380222
3814,3.2962635,4.041968196890525,-0.7457046968905252
3815,3.2942069,4.041331811261904,-0.7471249112619045
3816,3.2920825,4.0406308550410595,-0.7485483550410597
3817,3.291153,4.039755390642656,-0.7486023906426564
3818,3.288462,4.038649230560881,-0.750187230560881
3819,3.2874515,4.037467319680769,-0.7500158196807694
3820,3.2754169,4.036209598650931,-0.7607926986509308
3821,3.2628949,4.034886630730593,-0.7719917307305932
3822,3.2571552,4.033491720325372,-0.7763365203253723
3823,3.2458692,4.032005933446383,-0.7861367334463831
3824,3.241211,4.030479808064834,-0.7892688080648345
3825,3.2390378,4.028977322882724,-0.7899395228827242
3826,3.2379575,4.027779209873747,-0.7898217098737468
3827,3.2336142,4.026654544611583,-0.7930403446115832
3828,3.230643,4.025237971969868,-0.7945949719698677
3829,3.2222867,4.02376663710489,-0.8014799371048897
3830,3.2108471,4.022196645620565,-0.811349545620565
3831,3.196798,4.020500101670522,-0.8237021016705222
3832,3.1844635,4.018666142636262,-0.8342026426362623
3833,3.173874,4.016857663261307,-0.842983663261307
3834,3.1659677,4.014921591729464,-0.8489538917294639
3835,3.1577508,4.012669589635917,-0.8549187896359167
3836,3.146881,4.010323175488899,-0.8634421754888986
3837,3.1394937,4.007949403298471,-0.868455703298471
3838,3.1345236,4.005552759289147,-0.8710291592891468
3839,3.131777,4.003140948637511,-0.8713639486375109
3840,3.135351,4.000738352857231,-0.8653873528572307
3841,3.1400867,3.9983197657251486,-0.8582330657251487
3842,3.134683,3.9959296641776896,-0.8612466641776897
3843,3.129946,3.993581416035544,-0.8636354160355442
3844,3.1311917,3.991274482383783,-0.8600827823837829
3845,3.1179645,3.9891409174715777,-0.8711764174715779
3846,3.1179645,3.9871508055814853,-0.8691863055814855
3847,3.1164126,3.985207622465654,-0.8687950224656542
3848,3.1107516,3.98336305476563,-0.8726114547656301
3849,3.1028802,3.9816194295820955,-0.8787392295820955
3850,3.0913336,3.980037404481276,-0.8887038044812758
3851,3.0834339,3.978597425138264,-0.8951635251382637
3852,3.080743,3.977237365344291,-0.8964943653442909
3853,3.0829086,3.9760707097376327,-0.8931621097376325
3854,3.0886624,3.974967609984926,-0.886305209984926
3855,3.0964444,3.973894268599007,-0.8774498685990069
3856,3.0966513,3.9729176052201223,-0.8762663052201223
3857,3.0940802,3.9720540144358645,-0.8779738144358644
3858,3.0923932,3.971251289674387,-0.8788580896743867
3859,3.089629,3.9704875871085865,-0.8808585871085866
3860,3.0849948,3.969785185486204,-0.884790385486204
3861,3.0786307,3.9690971167672386,-0.8904664167672385
3862,3.0717807,3.9684475939831816,-0.8966668939831814
3863,3.0608609,3.9678760511345175,-0.9070151511345173
3864,3.0434864,3.967411062228454,-0.9239246622284543
3865,3.0332892,3.9670802760832644,-0.9337910760832644
3866,3.021539,3.9668456819047004,-0.9453066819047002
3867,3.0122812,3.9666365361605043,-0.9543553361605044
3868,3.0058408,3.9664969063420323,-0.9606561063420322
3869,2.9972,3.9664100754147635,-0.9692100754147637
3870,2.9885776,3.9663501056284645,-0.9777725056284643
3871,2.973283,3.966291663776386,-0.993008663776386
3872,2.9504285,3.9662406959409346,-1.0158121959409345
3873,2.9363492,3.96620704684536,-1.0298578468453599
3874,2.9171884,3.966224469804845,-1.049036069804845
3875,2.8985476,3.966321902852269,-1.067774302852269
3876,2.8794959,3.96645132571363,-1.0869554257136298
3877,2.8731625,3.966568662145113,-1.0934061621451132
3878,2.8577707,3.9666992866939745,-1.1089285866939744
3879,2.842646,3.9668783945420842,-1.1242323945420845
3880,2.823919,3.9671418776057394,-1.1432228776057394
3881,2.808052,3.967427055228375,-1.159375055228375
3882,2.79017,3.967641609403713,-1.177471609403713
3883,2.7669928,3.967862910820223,-1.2008701108202229
3884,2.7486606,3.9680838060013945,-1.2194232060013945
3885,2.7322104,3.968287000610176,-1.236076600610176
3886,2.7193866,3.968490678886569,-1.2491040788865688
3887,2.7180927,3.96878954225068,-1.25069684225068
3888,2.7191348,3.9689774138283127,-1.2498426138283127
3889,2.7306354,3.969014918240849,-1.238379518240849
3890,2.7380273,3.969150162435102,-1.231122862435102
3891,2.7470682,3.9693516871886505,-1.2222834871886503
3892,2.752775,3.9695938294784456,-1.2168188294784454
3893,2.7624326,3.969862823793324,-1.2074302237933239
3894,2.7685046,3.970147735711276,-1.2016431357112762
3895,2.7707639,3.970444892409695,-1.1996809924096952
3896,2.775191,3.9707118202162084,-1.1955208202162084
3897,2.7814298,3.970950588047929,-1.189520788047929
3898,2.7894223,3.971214950215162,-1.1817926502151619
3899,2.800207,3.9715382813453632,-1.1713312813453634
3900,2.811432,3.9719185612452965,-1.1604865612452966
3901,2.8209622,3.9724641388164637,-1.1515019388164638
3902,2.8306994,3.9734461667450547,-1.1427467667450548
3903,2.8353,3.9745276353395327,-1.1392276353395325
3904,2.8355997,3.97540377156988,-1.13980407156988
3905,2.83763,3.9762784818868306,-1.1386484818868308
3906,2.841253,3.9771457253543976,-1.1358927253543976
3907,2.8486273,3.9779969971367244,-1.1293696971367244
3908,2.8603656,3.9788355523054677,-1.1184699523054675
3909,2.8765008,3.979753845136142,-1.103253045136142
3910,2.8900125,3.9807344012021666,-1.0907219012021665
3911,2.9063513,3.9815577260640507,-1.0752064260640508
3912,2.9156864,3.9822620207082053,-1.0665756207082056
3913,2.9176962,3.982952887430596,-1.0652566874305962
3914,2.9115338,3.9836270770540376,-1.0720932770540377
3915,2.9056332,3.984430598156028,-1.078797398156028
3916,2.905512,3.985091073755056,-1.0795790737550561
3917,2.9091785,3.9853824752954465,-1.0762039752954466
3918,2.918541,3.9855802036790604,-1.0670392036790606
3919,2.9281268,3.9857974354432955,-1.0576706354432956
3920,2.9428134,3.986041043154119,-1.0432276431541192
3921,2.9582334,3.98628261525941,-1.02804921525941
3922,2.971127,3.9864910778429343,-1.0153640778429343
3923,2.9840567,3.9866970812298788,-1.0026403812298788
3924,2.991854,3.986885161774092,-0.9950311617740919
3925,3.0008197,3.9870873724986984,-0.9862676724986983
3926,3.0035815,3.9873223169902756,-0.9837408169902755
3927,3.007709,3.987929044114194,-0.9802200441141937
3928,3.0112011,3.988631432679608,-0.9774303326796079
3929,3.0170114,3.9890436494984227,-0.9720322494984228
3930,3.022597,3.989446039528286,-0.9668490395282858
3931,3.0282495,3.9898321531924648,-0.9615826531924649
3932,3.0369174,3.990196764000194,-0.9532793640001938
3933,3.0461316,3.9905668033601227,-0.9444352033601229
3934,3.0527463,3.990976430818204,-0.9382301308182042
3935,3.0517316,3.9914427946690942,-0.9397111946690941
3936,3.0510852,3.9921664068563145,-0.9410812068563144
3937,3.0480902,3.9929118084980293,-0.9448216084980294
3938,3.0431345,3.993434112113158,-0.9502996121131582
3939,3.0425284,3.9939936394984694,-0.9514652394984693
3940,3.0449078,3.9945957239703933,-0.9496879239703935
3941,3.0481186,3.9952221977195834,-0.9471035977195834
3942,3.0521774,3.995852221145127,-0.9436748211451267
3943,3.0624783,3.9964769612223896,-0.9339986612223896
3944,3.0739017,3.997240980597819,-0.9233392805978191
3945,3.0821621,3.998107149518156,-0.915945049518156
3946,3.087047,3.9988590974718585,-0.9118120974718584
3947,3.0928128,3.999582697477241,-0.9067698974772411
3948,3.098102,4.000262699456788,-0.9021606994567879
3949,3.099483,4.000893794330434,-0.9014107943304337
3950,3.0980868,4.001481372829999,-0.903394572829999
3951,3.093664,4.002032876351569,-0.9083688763515689
3952,3.0940998,4.002523751326015,-0.9084239513260148
3953,3.093919,4.002953341894339,-0.9090343418943392
3954,3.0964618,4.003512169386735,-0.9070503693867344
3955,3.100864,4.003931991662961,-0.9030679916629611
3956,3.1058524,4.004060114195024,-0.8982077141950242
3957,3.1152866,4.0040781593296355,-0.8887915593296354
3958,3.1234577,4.003995691619867,-0.880537991619867
3959,3.1317139,4.0037960404757404,-0.8720821404757406
3960,3.1440735,4.003457631794278,-0.8593841317942781
3961,3.156153,4.002957835092288,-0.8468048350922879
3962,3.1677845,4.002347886899871,-0.8345633868998714
3963,3.1774957,4.001654023568903,-0.8241583235689025
3964,3.1918585,4.000911294111807,-0.8090527941118073
3965,3.2043347,4.000229442550414,-0.7958947425504141
3966,3.2163403,3.999670854431873,-0.7833305544318727
3967,3.2352688,3.9992066447687034,-0.7639378447687033
3968,3.251637,3.9988001377356577,-0.7471631377356576
3969,3.256364,3.9984380313038024,-0.7420740313038023
3970,3.260242,3.9981864213298715,-0.7379444213298716
3971,3.2607007,3.9980188921675235,-0.7373181921675234
3972,3.2545133,3.997861348436067,-0.7433480484360668
3973,3.2301025,3.9977725990552297,-0.7676700990552296
3974,3.2047381,3.9978028302384017,-0.7930647302384015
3975,3.1855621,3.9979845721541594,-0.8124224721541595
3976,3.1742032,3.9982794314357193,-0.8240762314357193
3977,3.1745737,3.9986575734128675,-0.8240838734128677
3978,3.179732,3.9991618285997848,-0.8194298285997847
3979,3.186372,3.999731996139465,-0.8133599961394649
3980,3.1924167,4.000378917632873,-0.8079622176328733
3981,3.183427,4.001055519490447,-0.8176285194904471
3982,3.1690533,4.001749369412654,-0.8326960694126537
3983,3.1501224,4.002458491330117,-0.852336091330117
3984,3.131182,4.003172179956561,-0.871990179956561
3985,3.1137216,4.0039029806379345,-0.8901813806379346
3986,3.0959167,4.004640432106917,-0.9087237321069166
3987,3.0835462,4.005349208733179,-0.9218030087331792
3988,3.0789108,4.006045292569876,-0.9271344925698761
3989,3.0829709,4.0067200695908625,-0.9237491695908626
3990,3.1010458,4.007371258943079,-0.9063254589430794
3991,3.1180344,4.008022895197892,-0.8899884951978922
3992,3.1400495,4.008678514185095,-0.8686290141850952
3993,3.1660428,4.009353952807755,-0.8433111528077553
3994,3.1918094,4.010005618378715,-0.818196218378715
3995,3.2199707,4.010608737791413,-0.7906380377914131
3996,3.2432535,4.011188406394246,-0.7679349063942462
3997,3.264752,4.011713838309313,-0.7469618383093128
3998,3.2871857,4.012202115430782,-0.7250164154307814
3999,3.3068368,4.012723366704803,-0.7058865667048027
4000,3.3260434,4.01329508421066,-0.68725168421066
4001,3.3514295,4.013979611459432,-0.6625501114594323
4002,3.3714993,4.01470759731612,-0.6432082973161197
4003,3.3871439,4.015412394081894,-0.6282684940818939
4004,3.4079556,4.016093576237856,-0.608137976237856
4005,3.4147937,4.016789916184104,-0.6019962161841037
4006,3.425633,4.01721536436052,-0.5915823643605198
4007,3.4413998,4.016921756805227,-0.5755219568052272
4008,3.448955,4.0162516965023265,-0.5672966965023263
4009,3.4618607,4.0155254396930875,-0.5536647396930876
4010,3.4727194,4.015174038282678,-0.5424546382826785
4011,3.4862125,4.015777420136181,-0.5295649201361807
4012,3.4997241,4.0166912105613335,-0.5169671105613336
4013,3.51108,4.017157433791735,-0.5060774337917349
4014,3.520643,4.017562946780105,-0.49691994678010465
4015,3.5301197,4.017912006705062,-0.487792306705062
4016,3.536291,4.018215844239376,-0.481924844239376
4017,3.5469937,4.018434906382015,-0.47144120638201503
4018,3.5188434,4.018598979944268,-0.49975557994426767
4019,3.4623456,4.0187027352668965,-0.5563571352668966
4020,3.5464303,4.018739291501566,-0.47230899150156613
4021,3.5738776,4.018720388263476,-0.4448427882634758
4022,3.592489,4.018630846810427,-0.426141846810427
4023,3.6020083,4.018498387213751,-0.4164900872137509
4024,3.6062305,4.018399052188975,-0.4121685521889753
4025,3.592612,4.018334055920104,-0.4257220559201045
4026,3.572005,4.018299702167598,-0.4462947021675978
4027,3.5467343,4.018325273571648,-0.47159097357164814
4028,3.523479,4.018413214550879,-0.49493421455087905
4029,3.5072513,4.01859047508414,-0.5113391750841396
4030,3.4953156,4.018837291288449,-0.5235216912884488
4031,3.4913886,4.0191385938253,-0.5277499938252999
4032,3.4893897,4.019485256511884,-0.5300955565118843
4033,3.4960926,4.019880224303964,-0.5237876243039645
4034,3.4968,4.020343203281605,-0.5235432032816054
4035,3.4959848,4.020856177622324,-0.5248713776223242
4036,3.492908,4.021430430421458,-0.5285224304214582
4037,3.4935315,4.022290518724222,-0.5287590187242217
4038,3.498714,4.023317494297664,-0.5246034942976636
4039,3.502097,4.024338683825522,-0.5222416838255217
4040,3.5079074,4.025451188758373,-0.5175437887583727
4041,3.5116272,4.026616751490395,-0.514989551490395
4042,3.509747,4.027921574930397,-0.5181745749303968
4043,3.5160556,4.029342012565997,-0.5132864125659968
4044,3.518545,4.030653169221161,-0.5121081692211606
4045,3.5263193,4.031897458827887,-0.5055781588278867
4046,3.5369449,4.033268330840412,-0.49632343084041164
4047,3.5492456,4.034734159117217,-0.48548855911721667
4048,3.558039,4.036309260610496,-0.47827026061049605
4049,3.5683277,4.038105258233238,-0.46977755823323797
4050,3.5822132,4.040116527254743,-0.45790332725474325
4051,3.5958307,4.0423300324473725,-0.4464993324473725
4052,3.6196148,4.044721837901291,-0.4251070379012907
4053,3.630782,4.04724911415473,-0.41646711415473003
4054,3.6476538,4.04994353629515,-0.4022897362951503
4055,3.6617062,4.052909035707363,-0.39120283570736314
4056,3.6666424,4.0560216236363,-0.38937922363630006
4057,3.664552,4.05949782350016,-0.39494582350015994
4058,3.6507742,4.062816748770819,-0.4120425487708195
4059,3.6269574,4.066204378407624,-0.43924697840762406
4060,3.607459,4.0695419455605535,-0.4620829455605535
4061,3.5897157,4.072930851117289,-0.48321515111728885
4062,3.5699527,4.076412341021968,-0.5064596410219684
4063,3.548699,4.079916903704593,-0.5312179037045928
4064,3.5264826,4.08342060383246,-0.5569380038324598
4065,3.503834,4.086699760941046,-0.5828657609410457
4066,3.4812806,4.089550775766141,-0.6082701757661413
4067,3.4593525,4.092130221575158,-0.6327777215751582
4068,3.4385781,4.09450701722632,-0.6559289172263201
4069,3.419486,4.096727803672039,-0.6772418036720387
4070,3.4026062,4.098727767570264,-0.6961215675702634
4071,3.388467,4.100511942822705,-0.7120449428227054
4072,3.3775978,4.10206332679083,-0.72446552679083
4073,3.370527,4.104531090410167,-0.734004090410167
4074,3.3719313,4.107598587932693,-0.7356672879326931
4075,3.371858,4.11010836029463,-0.73825036029463
4076,3.3928452,4.112474005014615,-0.7196288050146151
4077,3.414893,4.11471214260291,-0.6998191426029097
4078,3.4336777,4.1167692080978515,-0.6830915080978515
4079,3.4543817,4.118461019063549,-0.664079319063549
4080,3.4785821,4.119549842440854,-0.640967742440854
4081,3.5022159,4.120282235942981,-0.6180663359429812
4082,3.5266147,4.120975903105203,-0.5943612031052026
4083,3.5511518,4.1215941353076415,-0.5704423353076415
4084,3.5721643,4.122157663041928,-0.5499933630419278
4085,3.5914917,4.122625229163075,-0.5311335291630752
4086,3.6099133,4.1230337138904725,-0.5131204138904724
4087,3.6248126,4.12341930584827,-0.4986067058482706
4088,3.6362271,4.1237437995845765,-0.48751669958457633
4089,3.6449683,4.123999308148699,-0.47903100814869903
4090,3.6526904,4.124119330070015,-0.4714289300700152
4091,3.6591175,4.123781492419626,-0.4646639924196263
4092,3.6617322,4.122363554342633,-0.46063135434263325
4093,3.6650162,4.120172902968171,-0.45515670296817046
4094,3.6751797,4.11782950070292,-0.44264980070292026
4095,3.6959937,4.115361282796599,-0.4193675827965988
4096,3.7041767,4.112766536416872,-0.4085898364168723
4097,3.7074225,4.110047856865266,-0.4026253568652658
4098,3.7038825,4.1072826409487835,-0.4034001409487833
4099,3.6921518,4.104540922704976,-0.41238912270497563
4100,3.6693552,4.101848272943433,-0.43249307294343264
4101,3.6412811,4.099231909824481,-0.4579508098244811
4102,3.5864487,4.0966614840480435,-0.5102127840480435
4103,3.5529742,4.094148839082401,-0.5411746390824006
4104,3.5247738,4.091723033633508,-0.5669492336335082
4105,3.5097919,4.089395927585419,-0.5796040275854186
4106,3.4990833,4.087201419072412,-0.5881181190724116
4107,3.4988391,4.085161006866504,-0.586321906866504
4108,3.5057318,4.0832996366662755,-0.5775678366662755
4109,3.5208805,4.081648847803762,-0.5607683478037617
4110,3.5368097,4.080216131207397,-0.543406431207397
4111,3.5590625,4.0790450652034,-0.5199825652033998
4112,3.584234,4.078268740791811,-0.49403474079181064
4113,3.6026175,4.077210874242584,-0.4745933742425841
4114,3.61506,4.075118285999407,-0.4600582859994069
4115,3.6212552,4.072153581436704,-0.45089838143670447
4116,3.6311908,4.069313061892204,-0.43812226189220427
4117,3.6492832,4.066552510443183,-0.41726931044318327
4118,3.658491,4.063845372506153,-0.4053543725061526
4119,3.660856,4.061208591904189,-0.4003525919041895
4120,3.6596723,4.05864404329973,-0.3989717432997302
4121,3.655971,4.056169243418003,-0.4001982434180027
4122,3.638855,4.053746423748888,-0.4148914237488879
4123,3.6139395,4.051366593785624,-0.43742709378562417
4124,3.5860257,4.049021544211046,-0.4629958442110458
4125,3.5578754,4.046701490153936,-0.48882609015393585
4126,3.5339038,4.044418598281346,-0.5105147982813456
4127,3.5162888,4.042157155396267,-0.5258683553962671
4128,3.4907074,4.039873968363704,-0.5491665683637041
4129,3.4793243,4.037568031024745,-0.5582437310247448
4130,3.4784317,4.035232524792139,-0.5568008247921394
4131,3.4873788,4.032873516215433,-0.5454947162154333
4132,3.4995248,4.031983128265537,-0.5324583282655371
4133,3.5166376,4.03423055399576,-0.5175929539957602
4134,3.5341089,4.0378292341061215,-0.5037203341061214
4135,3.5631866,4.040577594934451,-0.47739099493445103
4136,3.5819354,4.0432888903289115,-0.4613534903289116
4137,3.6042264,4.0461627372455755,-0.4419363372455756
4138,3.624515,4.048851161449958,-0.4243361614499581
4139,3.6442828,4.051188556207906,-0.40690575620790614
4140,3.658212,4.051800741391863,-0.39358874139186284
4141,3.66915,4.049418669617971,-0.3802686696179709
4142,3.6718738,4.045301384415921,-0.3734275844159205
4143,3.6691992,4.041177053541307,-0.37197785354130675
4144,3.6528842,4.037069216116762,-0.3841850161167617
4145,3.6335385,4.032944986552287,-0.39940648655228683
4146,3.6134403,4.028797476883193,-0.4153571768831932
4147,3.595713,4.024611453026813,-0.42889845302681273
4148,3.5797272,4.020338815674134,-0.440611615674134
4149,3.5695605,4.015962242675688,-0.44640174267568744
4150,3.5623615,4.011639468845506,-0.44927796884550597
4151,3.5586178,4.0077548472850975,-0.4491370472850975
4152,3.5586548,4.003914400915261,-0.4452596009152612
4153,3.5639942,3.9997588177257226,-0.43576461772572284
4154,3.5733914,3.995699239453822,-0.422307839453822
4155,3.5903146,3.9934469457209514,-0.40313234572095125
4156,3.6097476,3.9916933533655587,-0.3819457533655588
4157,3.6290653,3.9887356791883106,-0.35967037918831046
4158,3.6525388,3.9856208139312,-0.3330820139312003
4159,3.6573575,3.982307632496071,-0.3249501324960713
4160,3.6534894,3.9787954753903882,-0.325306075390388
4161,3.642492,3.975121348133237,-0.3326293481332372
4162,3.6330707,3.9714883960336405,-0.33841769603364025
4163,3.6167614,3.96787787691048,-0.35111647691047976
4164,3.601568,3.9643965995282935,-0.3628285995282936
4165,3.5777423,3.9609230849532286,-0.3831807849532285
4166,3.5649273,3.9570081577576586,-0.39208085775765866
4167,3.562923,3.951580379489174,-0.3886573794891741
4168,3.5615628,3.9450727740065843,-0.3835099740065844
4169,3.5649197,3.9386178719899196,-0.3736981719899197
4170,3.573009,3.932355005976611,-0.35934600597661115
4171,3.5807648,3.9263105323206045,-0.3455457323206046
4172,3.5869217,3.920617630432686,-0.3336959304326861
4173,3.5843353,3.9163011321126318,-0.331965832112632
4174,3.5782077,3.9126928496575575,-0.3344851496575574
4175,3.5672543,3.9086062982045258,-0.34135199820452566
4176,3.5558984,3.9048419491262396,-0.3489435491262398
4177,3.5416903,3.9013004635534574,-0.35961016355345743
4178,3.526524,3.8979272358160144,-0.3714032358160142
4179,3.5338352,3.8947185675591176,-0.36088336755911765
4180,3.528099,3.8916699574179554,-0.3635709574179553
4181,3.5099683,3.8886817285372115,-0.37871342853721135
4182,3.4873395,3.885511665083126,-0.39817216508312603
4183,3.463236,3.8820576388191776,-0.41882163881917744
4184,3.4390738,3.878558639671706,-0.43948483967170615
4185,3.4157703,3.8751333813675273,-0.4593630813675271
4186,3.4009705,3.8717550927817634,-0.4707845927817633
4187,3.3924713,3.8684659959413215,-0.4759946959413215
4188,3.3734872,3.865231658974303,-0.4917444589743032
4189,3.3602567,3.8619856468523843,-0.5017289468523844
4190,3.37169,3.858743357929323,-0.487053357929323
4191,3.3867743,3.855500142361091,-0.46872584236109116
4192,3.4104462,3.8522704064062183,-0.44182420640621833
4193,3.4456449,3.8490405767205873,-0.4033956767205873
4194,3.4807172,3.8457589591385273,-0.3650417591385273
4195,3.49806,3.843023982349638,-0.344963982349638
4196,3.50714,3.842585879476635,-0.33544587947663507
4197,3.5082626,3.843075498918362,-0.33481289891836186
4198,3.5103955,3.8428232188266764,-0.33242771882667643
4199,3.5157285,3.8424937520514333,-0.3267652520514335
4200,3.5209906,3.8421736996699978,-0.3211830996699976
4201,3.5082104,3.8419005341746972,-0.3336901341746974
4202,3.514681,3.8418080431035126,-0.3271270431035127
4203,3.527966,3.841679486041036,-0.31371348604103577
4204,3.5401175,3.839679998783184,-0.299562498783184
4205,3.5554287,3.8361854450673643,-0.28075674506736403
4206,3.5726514,3.8328450862048147,-0.26019368620481487
4207,3.585701,3.829879506155606,-0.2441785061556061
4208,3.598078,3.8271513670650013,-0.22907336706500114
4209,3.6028247,3.824660815814056,-0.22183611581405582
4210,3.602587,3.822615874292239,-0.22002887429223872
4211,3.5960834,3.820949897649826,-0.22486649764982625
4212,3.5915158,3.819720189172549,-0.22820438917254915
4213,3.61466,3.818902263654052,-0.20424226365405174
4214,3.5963995,3.819260402791327,-0.22286090279132686
4215,3.5981183,3.8200611892760707,-0.22194288927607086
4216,3.6007571,3.820633377814552,-0.219876277814552
4217,3.6115112,3.822627056493243,-0.21111585649324338
4218,3.6204312,3.826768425143951,-0.20633722514395103
4219,3.6288605,3.8315104449348896,-0.20264994493488953
4220,3.6411917,3.836145010414867,-0.19495331041486708
4221,3.6513302,3.8411184216122245,-0.18978822161222464
4222,3.6630588,3.846453146226366,-0.18339434622636608
4223,3.6705856,3.8521076864570274,-0.1815220864570275
4224,3.6830423,3.858013456154302,-0.17497115615430214
4225,3.6965396,3.8641277268728715,-0.1675881268728716
4226,3.7091,3.869870422502136,-0.16077042250213625
4227,3.7218595,3.874285588053205,-0.15242608805320534
4228,3.7320569,3.8777150495748716,-0.14565814957487166
4229,3.7451804,3.8811471384446445,-0.13596673844464435
4230,3.7579892,3.8849034783172574,-0.12691427831725743
4231,3.7704446,3.8896633478815756,-0.11921874788157583
4232,3.7816303,3.8956784453631688,-0.11404814536316898
4233,3.7936642,3.9019761433863103,-0.10831194338631045
4234,3.8040988,3.908347862471061,-0.10424906247106103
4235,3.8150012,3.915031302517729,-0.10003010251772881
4236,3.822913,3.922009056805921,-0.09909605680592115
4237,3.8309631,3.929267211793356,-0.09830411179335607
4238,3.8413892,3.936600008079764,-0.09521080807976379
4239,3.8451626,3.944529868408568,-0.0993672684085678
4240,3.8419766,3.9516675665340006,-0.10969096653400046
4241,3.8397992,3.9575059444489264,-0.11770674444892659
4242,3.8379898,3.963584618191981,-0.12559481819198126
4243,3.8353903,3.9698735363641444,-0.1344832363641446
4244,3.834307,3.976390357702841,-0.14208335770284108
4245,3.8337314,3.98349581247337,-0.1497644124733699
4246,3.8432944,3.9906114257792438,-0.14731702577924377
4247,3.8384967,3.997595142924883,-0.15909844292488318
4248,3.8359418,4.004997109567101,-0.16905530956710058
4249,3.8338852,4.012530104202917,-0.17864490420291723
4250,3.8357892,4.020350071952181,-0.18456087195218096
4251,3.8365643,4.0282634922559195,-0.19169919225591947
4252,3.8408215,4.038470997160767,-0.19764949716076652
4253,3.8428943,4.049958934875823,-0.20706463487582294
4254,3.8362863,4.060264228797079,-0.22397792879707934
4255,3.8244379,4.070375084818863,-0.2459371848188634
4256,3.8121426,4.0802834190131385,-0.26814081901313847
4257,3.799456,4.089949046963792,-0.29049304696379163
4258,3.7900217,4.0992412708953925,-0.3092195708953924
4259,3.7750843,4.108069453328291,-0.3329851533282908
4260,3.767239,4.116450278510465,-0.34921127851046485
4261,3.7545636,4.124329765361114,-0.3697661653611144
4262,3.7499967,4.1315286719141815,-0.3815319719141814
4263,3.7460785,4.137953625507497,-0.39187512550749704
4264,3.740195,4.143842134293746,-0.4036471342937462
4265,3.7341015,4.1493604957405354,-0.4152589957405355
4266,3.726376,4.1544645816905375,-0.4280885816905373
4267,3.7172077,4.159042534115761,-0.44183483411576097
4268,3.7028754,4.1630239273554235,-0.46014852735542355
4269,3.690942,4.166396156046644,-0.47545415604664365
4270,3.6759262,4.169247387637649,-0.49332118763764843
4271,3.664616,4.171775437207067,-0.5071594372070671
4272,3.6539001,4.1739714957268745,-0.5200713957268746
4273,3.645668,4.175684203314724,-0.5300162033147235
4274,3.640347,4.176997810908346,-0.5366508109083457
4275,3.6324375,4.178053160069366,-0.545615660069366
4276,3.6275754,4.178852415387274,-0.5512770153872739
4277,3.6233935,4.1793281456798645,-0.5559346456798644
4278,3.6283832,4.179429516845074,-0.5510463168450741
4279,3.6318774,4.1790866318568805,-0.5472092318568804
4280,3.63345,4.178247190452089,-0.5447971904520887
4281,3.6246707,4.17715141248876,-0.5524807124887601
4282,3.5940921,4.175939910784747,-0.5818478107847467
4283,3.544537,4.174614147832672,-0.6300771478326723
4284,3.4806235,4.173189577007327,-0.692566077007327
4285,3.416917,4.171751129569256,-0.754834129569256
4286,3.3608322,4.170236774191813,-0.809404574191813
4287,3.3154864,4.16847274058992,-0.8529863405899194
4288,3.2896597,4.1666383874701065,-0.8769786874701064
4289,3.2704566,4.164741081289351,-0.8942844812893505
4290,3.2539346,4.1628332736871965,-0.9088986736871965
4291,3.2438312,4.1609038793375985,-0.9170726793375987
4292,3.2230835,4.158897444194131,-0.9358139441941309
4293,3.1958554,4.156843713041034,-0.9609883130410335
4294,3.1639154,4.154819261110818,-0.9909038611108181
4295,3.132796,4.152871552908918,-1.020075552908918
4296,3.1067462,4.151005132405254,-1.0442589324052545
4297,3.0857065,4.149215354459982,-1.063508854459982
4298,3.0729632,4.147484213521363,-1.074521013521363
4299,3.0557752,4.1460593141249085,-1.0902841141249087
4300,3.057566,4.144907786061047,-1.0873417860610473
4301,3.078792,4.143747668989404,-1.0649556689894037
4302,3.1021826,4.142722721364728,-1.040540121364728
4303,3.139317,4.141823612001051,-1.002506612001051
4304,3.1764429,4.141033464297305,-0.9645905642973047
4305,3.2109637,4.1403695111336685,-0.9294058111336683
4306,3.2462518,4.139832015519748,-0.8935802155197483
4307,3.2781067,4.13952743677805,-0.8614207367780504
4308,3.3092837,4.1394073538353044,-0.8301236538353045
4309,3.3362384,4.139347572864962,-0.8031091728649615
4310,3.3598251,4.139434633549278,-0.7796095335492783
4311,3.3884213,4.139652270329114,-0.7512309703291136
4312,3.4123034,4.140008115410086,-0.727704715410086
4313,3.4362106,4.140455213761509,-0.7042446137615093
4314,3.4582608,4.1409810885331835,-0.6827202885331833
4315,3.4778943,4.141647775546976,-0.6637534755469758
4316,3.4948437,4.1427491723426435,-0.6479054723426434
4317,3.5157962,4.143934656274915,-0.628138456274915
4318,3.5272686,4.1449884864277164,-0.6177198864277162
4319,3.5340772,4.14607768795882,-0.6120004879588197
4320,3.5417447,4.14726521843963,-0.6055205184396297
4321,3.5489185,4.148534552004689,-0.5996160520046887
4322,3.5521405,4.149720048545531,-0.5975795485455304
4323,3.5528119,4.151011641623419,-0.5981997416234188
4324,3.5514581,4.152661315016413,-0.601203215016413
4325,3.5518048,4.154258893597818,-0.6024540935978182
4326,3.5577066,4.1559711221212225,-0.5982645221212226
4327,3.5664825,4.158551410753641,-0.5920689107536408
4328,3.5765402,4.161315283405712,-0.5847750834057122
4329,3.5886078,4.163671411564172,-0.5750636115641719
4330,3.5992606,4.166089330213724,-0.5668287302137243
4331,3.599238,4.168572701048583,-0.5693347010485827
4332,3.5960076,4.171054806832593,-0.5750472068325934
4333,3.5903497,4.173551839749914,-0.5832021397499139
4334,3.5821385,4.176108814874125,-0.5939703148741247
4335,3.5712478,4.178573874695186,-0.6073260746951856
4336,3.557552,4.181091123436673,-0.623539123436673
4337,3.5409248,4.183116247732056,-0.6421914477320563
4338,3.5212402,4.183997192261018,-0.6627569922610186
4339,3.4979541,4.184077095417049,-0.6861229954170489
4340,3.4793332,4.183936317727723,-0.7046031177277232
4341,3.4650226,4.183572050425011,-0.7185494504250105
4342,3.4650955,4.182963803958579,-0.7178683039585789
4343,3.470606,4.182109778972947,-0.711503778972947
4344,3.4893973,4.18097101290075,-0.6915737129007504
4345,3.5019073,4.179465359732929,-0.6775580597329292
4346,3.5117145,4.1781773397719135,-0.6664628397719135
4347,3.525492,4.17740686587343,-0.6519148658734304
4348,3.540243,4.1761263442501955,-0.6358833442501957
4349,3.5544837,4.174148458495135,-0.6196647584951349
4350,3.5689948,4.171623218778392,-0.6026284187783921
4351,3.579252,4.168556216184828,-0.5893042161848281
4352,3.5868912,4.164987310501358,-0.5780961105013578
4353,3.592672,4.161060593284006,-0.568388593284006
4354,3.5959842,4.156785721037457,-0.5608015210374564
4355,3.598077,4.151604679971806,-0.5535276799718059
4356,3.5993402,4.145154759281757,-0.5458145592817574
4357,3.6059244,4.137948301519559,-0.5320239015195591
4358,3.6148453,4.130511529952325,-0.5156662299523251
4359,3.624226,4.12287318140633,-0.49864718140633
4360,3.6365836,4.114980290699911,-0.47839669069991153
4361,3.6460254,4.106864908602083,-0.4608395086020831
4362,3.6523938,4.0985584044421355,-0.44616460444213546
4363,3.6529727,4.090087369189019,-0.43711466918901953
4364,3.6559842,4.081457976343063,-0.42547377634306294
4365,3.6560352,4.072646786037599,-0.4166115860375994
4366,3.661922,4.063685317921992,-0.40176331792199216
4367,3.6684604,4.054612034920275,-0.3861516349202754
4368,3.672131,4.045513445340859,-0.3733824453408592
4369,3.670882,4.036340935056064,-0.3654589350560635
4370,3.6769366,4.0269629711113675,-0.3500263711113676
4371,3.7067456,4.017357782183659,-0.3106121821836587
4372,3.7092679,4.00760948256795,-0.2983415825679496
4373,3.7024426,3.9977943606924966,-0.2953517606924967
4374,3.6885092,3.9879355995437566,-0.2994263995437567
4375,3.666712,3.978101479010828,-0.31138947901082803
4376,3.6462173,3.9683619984092084,-0.32214469840920845
4377,3.6307743,3.9587434682950144,-0.3279691682950143
4378,3.6177728,3.9493205138663687,-0.3315477138663687
4379,3.6009784,3.940124839981925,-0.33914643998192506
4380,3.5802884,3.9311931450713935,-0.35090474507139335
4381,3.5568085,3.922624824866042,-0.3658163248660422
4382,3.5298831,3.9146158990918485,-0.3847327990918483
4383,3.4865625,3.9069471406450527,-0.4203846406450529
4384,3.440687,3.8994406525254113,-0.4587536525254112
4385,3.4198205,3.892199900866831,-0.47237940086683095
4386,3.4204342,3.8853536780394053,-0.4649194780394055
4387,3.424311,3.878911616366543,-0.45460061636654325
4388,3.4366128,3.87290571413197,-0.43629291413197
4389,3.4494226,3.867356354248667,-0.41793375424866674
4390,3.458385,3.8622868443553644,-0.4039018443553646
4391,3.4608142,3.8576968398141545,-0.3968826398141543
4392,3.456618,3.853592247965733,-0.396974247965733
4393,3.4452558,3.8500252991701833,-0.40476949917018334
4394,3.4248874,3.8469530128276075,-0.4220656128276077
4395,3.4032528,3.8443421699943268,-0.4410893699943266
4396,3.3804736,3.8422096764835736,-0.4617360764835734
4397,3.363315,3.8405400137240666,-0.47722501372406656
4398,3.347702,3.8393519636897886,-0.49164996368978864
4399,3.3339581,3.8386022037940917,-0.5046441037940919
4400,3.3231518,3.838228042515842,-0.5150762425158417
4401,3.317432,3.8382150611492314,-0.5207830611492312
4402,3.3185043,3.8385504783835187,-0.5200461783835189
4403,3.320768,3.839224400160976,-0.5184564001609759
4404,3.3296716,3.8412908786191595,-0.5116192786191593
4405,3.333978,3.844227254300741,-0.5102492543007409
4406,3.3356836,3.8469596163381627,-0.5112760163381629
4407,3.3380902,3.8499799116518885,-0.5118897116518886
4408,3.3406198,3.8532453440027505,-0.5126255440027507
4409,3.336903,3.859623480148727,-0.5227204801487271
4410,3.3321698,3.8687089159726584,-0.5365391159726585
4411,3.3258111,3.877302200924544,-0.5514911009245438
4412,3.3162045,3.885757457329815,-0.5695529573298148
4413,3.3112323,3.894518102557418,-0.5832858025574179
4414,3.3070438,3.9034573941256805,-0.5964135941256803
4415,3.303616,3.913250805218603,-0.6096348052186031
4416,3.302306,3.924411818827715,-0.6221058188277149
4417,3.3037555,3.9351934892540603,-0.6314379892540605
4418,3.3042603,3.9461231557486025,-0.6418628557486024
4419,3.306536,3.957400565466307,-0.650864565466307
4420,3.3165164,3.968955293952632,-0.652438893952632
4421,3.3271866,3.9796389321585095,-0.6524523321585094
4422,3.3329456,3.9870527310633506,-0.6541071310633506
4423,3.340524,3.9905716886510096,-0.6500476886510098
4424,3.3491092,3.99240715903006,-0.6432979590300598
4425,3.3592083,3.9942405345187124,-0.6350322345187123
4426,3.3705618,3.9961483659875654,-0.6255865659875655
4427,3.3776224,3.9980837286682753,-0.6204613286682754
4428,3.3882751,4.000110494541871,-0.6118353945418709
4429,3.4007742,4.002232052936382,-0.6014578529363819
4430,3.4112484,4.004281073184262,-0.5930326731842621
4431,3.426495,4.006781486247544,-0.5802864862475436
4432,3.4401965,4.009462790776298,-0.569266290776298
4433,3.4512308,4.011804342634059,-0.5605735426340588
4434,3.459306,4.0140618630042,-0.5547558630042002
4435,3.4657407,4.01622925233444,-0.5504885523344396
4436,3.472278,4.018304781869535,-0.5460267818695348
4437,3.4795575,4.02023555122762,-0.5406780512276206
4438,3.48931,4.022077968537665,-0.5327679685376645
4439,3.4976163,4.024187810140992,-0.5265715101409922
4440,3.5054202,4.026022650120474,-0.520602450120474
4441,3.5112262,4.027416116694585,-0.5161899166945854
4442,3.5161917,4.028701287135645,-0.5125095871356451
4443,3.5200315,4.029541702259907,-0.5095102022599072
4444,3.5185254,4.0296933242004425,-0.5111679242004423
4445,3.5199847,4.029628422339335,-0.5096437223393346
4446,3.5202408,4.029317020986471,-0.5090762209864712
4447,3.5272675,4.028703658353511,-0.5014361583535116
4448,3.5328674,4.02777925186351,-0.49491185186351005
4449,3.5393393,4.026964146518822,-0.48762484651882243
4450,3.5500205,4.026484359273928,-0.47646385927392787
4451,3.5638309,4.025724741695936,-0.46189384169593595
4452,3.577494,4.024779951389197,-0.44728595138919713
4453,3.5892355,4.023639869009734,-0.43440436900973367
4454,3.6009936,4.022291476990884,-0.4212978769908844
4455,3.6114316,4.020796061369653,-0.4093644613696532
4456,3.6215253,4.0191781456581435,-0.3976528456581434
4457,3.6310163,4.017482216832681,-0.3864659168326807
4458,3.6362576,4.015716497879625,-0.37945889787962495
4459,3.6370904,4.013748047351999,-0.37665764735199936
4460,3.633862,4.0113929448674694,-0.3775309448674693
4461,3.6239276,4.008843699648395,-0.3849160996483949
4462,3.6099277,4.006148206328581,-0.3962205063285813
4463,3.5989358,4.003331798982361,-0.40439599898236134
4464,3.5889065,4.000429767729575,-0.41152326772957437
4465,3.5822034,3.9974372686809625,-0.41523386868096246
4466,3.5739267,3.994413937236468,-0.4204872372364683
4467,3.563046,3.991390920571684,-0.4283449205716843
4468,3.5478876,3.9883373966053943,-0.4404497966053942
4469,3.5338657,3.985240011026419,-0.4513743110264188
4470,3.520994,3.98207723640279,-0.46108323640279014
4471,3.5118124,3.9788852608809466,-0.46707286088094646
4472,3.5083554,3.9756769913122842,-0.4673215913122841
4473,3.5082898,3.972566934474383,-0.4642771344743828
4474,3.508086,3.9695152631346398,-0.4614292631346397
4475,3.5078137,3.966428687406237,-0.4586149874062371
4476,3.5052752,3.9633573226863827,-0.45808212268638293
4477,3.5034192,3.960268226144839,-0.4568490261448388
4478,3.4994876,3.9573697666583696,-0.45788216665836945
4479,3.499043,3.9545866982320406,-0.45554369823204066
4480,3.500462,3.9519215256524403,-0.4514595256524401
4481,3.50206,3.949427655722521,-0.447367655722521
4482,3.4991248,3.947054850116036,-0.4479300501160357
4483,3.4923236,3.9449448884823077,-0.45262128848230754
4484,3.4828045,3.9431498577688107,-0.4603453577688108
4485,3.4753091,3.941503900143441,-0.46619480014344106
4486,3.4650671,3.9400633847508013,-0.47499628475080113
4487,3.454338,3.9388109905308974,-0.48447299053089754
4488,3.437633,3.9376984624146782,-0.5000654624146783
4489,3.4153006,3.9366733383389083,-0.5213727383389082
4490,3.394129,3.9357504251050166,-0.5416214251050167
4491,3.3700278,3.9350317453921564,-0.5650039453921565
4492,3.3503287,3.9344452296077956,-0.5841165296077957
4493,3.332391,3.9339951343386197,-0.6016041343386198
4494,3.31611,3.9336482027610393,-0.6175382027610392
4495,3.3042743,3.9333614952905718,-0.6290871952905719
4496,3.2926178,3.9332129529292295,-0.6405951529292295
4497,3.286245,3.9332511325195063,-0.6470061325195062
4498,3.2789285,3.933489847759873,-0.6545613477598731
4499,3.2729023,3.933975267408091,-0.6610729674080909
4500,3.2725253,3.9347647246251887,-0.6622394246251888
4501,3.271747,3.935848411033801,-0.6641014110338008
4502,3.2731214,3.9371765876306606,-0.6640551876306606
4503,3.2731552,3.9388583647851902,-0.6657031647851901
4504,3.2783062,3.9410279151662535,-0.6627217151662537
4505,3.2835922,3.943648372382525,-0.6600561723825247
4506,3.290922,3.946584223132278,-0.655662223132278
4507,3.296717,3.949845914068014,-0.6531289140680139
4508,3.3035061,3.9534231754597746,-0.6499170754597747
4509,3.3084238,3.957378114058854,-0.6489543140588543
4510,3.3137927,3.961549320145434,-0.6477566201454339
4511,3.3174613,3.9659579258364577,-0.6484966258364575
4512,3.3236868,3.970517135813877,-0.6468303358138772
4513,3.3319626,3.975141889292424,-0.6431792892924237
4514,3.3402143,3.9799115300109156,-0.6396972300109156
4515,3.3465106,3.984781647741064,-0.638271047741064
4516,3.3552737,3.9896371991318738,-0.6343634991318736
4517,3.3658044,3.994576551349095,-0.6287721513490951
4518,3.3788147,3.999564331604906,-0.6207496316049061
4519,3.3944027,4.004396160402162,-0.6099934604021615
4520,3.4108527,4.00919302193581,-0.5983403219358103
4521,3.4284592,4.014190671806524,-0.5857314718065245
4522,3.4434552,4.0193354356965525,-0.5758802356965527
4523,3.454205,4.0246498438697405,-0.5704448438697405
4524,3.467358,4.030121001799967,-0.5627630017999667
4525,3.4798431,4.035582359949498,-0.5557392599494984
4526,3.4904556,4.040983023870588,-0.5505274238705877
4527,3.5009341,4.0463734140007475,-0.5454393140007476
4528,3.510412,4.051715568001416,-0.5413035680014162
4529,3.5220456,4.057077508466967,-0.5350319084669666
4530,3.5308566,4.06239036324785,-0.5315337632478503
4531,3.5433557,4.067521138893558,-0.5241654388935579
4532,3.5564694,4.0725546198377724,-0.5160852198377723
4533,3.5669568,4.077599426651598,-0.510642626651598
4534,3.5768912,4.082732491060546,-0.5058412910605461
4535,3.5862198,4.087938759639108,-0.5017189596391085
4536,3.59506,4.093103445233942,-0.4980434452339422
4537,3.6023593,4.098219870302527,-0.4958605703025274
4538,3.6103995,4.103415002194106,-0.49301550219410606
4539,3.6168573,4.108572012722659,-0.4917147127226591
4540,3.6266665,4.113338538984215,-0.4866720389842154
4541,3.6376953,4.117743268634956,-0.48004796863495613
4542,3.6478152,4.121811697731384,-0.47399649773138375
4543,3.6604788,4.125548111263439,-0.46506931126343876
4544,3.6721933,4.128893360785581,-0.4567000607855807
4545,3.6833453,4.131791229173539,-0.44844592917353854
4546,3.6955545,4.134281341256106,-0.4387268412561056
4547,3.7059534,4.1361169247366325,-0.43016352473663266
4548,3.711538,4.137300824589947,-0.4257628245899472
4549,3.7129385,4.138055793668982,-0.42511729366898177
4550,3.7159817,4.138318375915222,-0.4223366759152216
4551,3.7151752,4.138148751258436,-0.42297355125843605
4552,3.7152274,4.137607617564142,-0.42238021756414224
4553,3.716749,4.136716979291513,-0.4199679792915125
4554,3.7200305,4.135425481455431,-0.41539498145543075
4555,3.726072,4.133675738090953,-0.4076037380909532
4556,3.7282224,4.13158896282741,-0.4033665628274097
4557,3.7252643,4.1292720859491086,-0.40400778594910847
4558,3.720557,4.126741117917039,-0.4061841179170389
4559,3.7205145,4.124012276183123,-0.4034977761831229
4560,3.7215784,4.12105271050928,-0.39947431050927973
4561,3.7201178,4.117909887792305,-0.39779208779230446
4562,3.7191424,4.1146282165452215,-0.3954858165452215
4563,3.722932,4.111197367004179,-0.3882653670041787
4564,3.7133145,4.107574800500722,-0.39426030050072214
4565,3.7100918,4.103782925375181,-0.3936911253751809
4566,3.7049942,4.099892901253506,-0.39489870125350635
4567,3.698168,4.09593551117431,-0.39776751117431
4568,3.6888885,4.091910128880132,-0.4030216288801318
4569,3.67784,4.0878528605636815,-0.41001286056368125
4570,3.6688359,4.083814653358455,-0.4149787533584548
4571,3.662289,4.0797987186544225,-0.41750971865442255
4572,3.656958,4.075892694248362,-0.4189346942483625
4573,3.6516018,4.072163523696914,-0.42056172369691414
4574,3.644979,4.068497992958222,-0.42351899295822193
4575,3.6358485,4.064850901163556,-0.42900240116355626
4576,3.6229692,4.061293016532643,-0.43832381653264285
4577,3.6050997,4.05776359615557,-0.45266389615557
4578,3.5771668,4.0542882168974055,-0.4771214168974054
4579,3.543095,4.051065225780991,-0.5079702257809906
4580,3.5323682,4.048037413399757,-0.5156692133997569
4581,3.522436,4.045095003471401,-0.5226590034714009
4582,3.5261514,4.042062122776061,-0.5159107227760611
4583,3.5296512,4.039085504231535,-0.5094343042315348
4584,3.5379803,4.036569255897673,-0.4985889558976728
4585,3.548898,4.0340817203084125,-0.4851837203084126
4586,3.5644684,4.031774743362802,-0.46730634336280197
4587,3.5756705,4.02948665672203,-0.4538161567220298
4588,3.5837262,4.027146861312649,-0.4434206613126488
4589,3.5876553,4.024873658495428,-0.4372183584954281
4590,3.5787833,4.022654434293783,-0.44387113429378333
4591,3.5611038,4.020508584347339,-0.4594047843473388
4592,3.53376,4.018447479334541,-0.48468747933454104
4593,3.5072818,4.016587249387208,-0.5093054493872082
4594,3.4795926,4.014964532916072,-0.535371932916072
4595,3.4526029,4.013503866874077,-0.5609009668740765
4596,3.425548,4.012152159064268,-0.5866041590642679
4597,3.4057682,4.010947289317194,-0.6051790893171942
4598,3.3942065,4.009914454019327,-0.6157079540193271
4599,3.3823361,4.009143561842391,-0.6268074618423913
4600,3.3750174,4.008614936518209,-0.6335975365182094
4601,3.3677356,4.008362854228389,-0.6406272542283893
4602,3.3642862,4.0085913584514685,-0.6443051584514685
4603,3.3635309,4.008832439088687,-0.6453015390886869
4604,3.3733335,4.0091238407990994,-0.6357903407990992
4605,3.3820364,4.009669507373599,-0.6276331073735988
4606,3.3948865,4.010349535134328,-0.6154630351343275
4607,3.4042163,4.0112018031274355,-0.6069855031274356
4608,3.4214063,4.012260185315545,-0.5908538853155445
4609,3.4354618,4.013608833443123,-0.5781470334431229
4610,3.4455502,4.015367823150655,-0.5698176231506547
4611,3.4524143,4.017650738871042,-0.5652364388710422
4612,3.4531097,4.0203949059410125,-0.5672852059410123
4613,3.4511707,4.023531114065926,-0.5723604140659257
4614,3.456142,4.0271433069293625,-0.5710013069293627
4615,3.4600537,4.0310985256456195,-0.5710448256456195
4616,3.4684765,4.034513376726995,-0.566036876726995
4617,3.4785755,4.037374664536612,-0.5587991645366124
4618,3.4887607,4.03902505336909,-0.5502643533690903
4619,3.4923978,4.039741124470844,-0.5473433244708437
4620,3.4896557,4.040538931149853,-0.5508832311498528
4621,3.4869647,4.0414811331405724,-0.5545164331405723
4622,3.477576,4.042580500322773,-0.5650045003227726
4623,3.4654868,4.043907494458067,-0.5784206944580674
4624,3.454458,4.045462359445765,-0.5910043594457655
4625,3.4401562,4.047180285203817,-0.6070240852038169
4626,3.4274945,4.049026584255573,-0.6215320842555734
4627,3.40991,4.051027121932276,-0.6411171219322762
4628,3.388188,4.053184905818133,-0.6649969058181333
4629,3.3584955,4.055523960079692,-0.6970284600796921
4630,3.3339658,4.0580146218801545,-0.7240488218801544
4631,3.3062093,4.060608966496356,-0.7543996664963561
4632,3.2865589,4.063361749734697,-0.7768028497346968
4633,3.2654252,4.066264789483457,-0.8008395894834566
4634,3.2433321,4.069411834664863,-0.8260797346648632
4635,3.2208114,4.072541947712839,-0.851730547712839
4636,3.1983976,4.075430889087628,-0.8770332890876285
4637,3.1766238,4.078312528505433,-0.9016887285054325
4638,3.1560233,4.081258108173838,-0.9252348081738377
4639,3.13713,4.0842426750323035,-0.9471126750323036
4640,3.1204767,4.087311896385589,-0.9668351963855883
4641,3.1065977,4.090545919751084,-0.9839482197510838
4642,3.0960255,4.094817264551349,-0.9987917645513487
4643,3.089294,4.099593113889607,-1.0102991138896065
4644,3.0881946,4.10408642723365,-1.01589182723365
4645,3.1115985,4.1087412914008405,-0.9971427914008406
4646,3.1481378,4.113389796646591,-0.9652519966465909
4647,3.167511,4.117983756696362,-0.950472756696362
4648,3.1762455,4.122540010843001,-0.9462945108430012
4649,3.1840897,4.1269492617255885,-0.9428595617255886
4650,3.1888373,4.131152609476587,-0.9423153094765868
4651,3.2006934,4.135238835371751,-0.9345454353717506
4652,3.2179608,4.139189193272184,-0.9212283932721839
4653,3.233926,4.143208079380132,-0.9092820793801324
4654,3.2489438,4.146681583095557,-0.8977377830955566
4655,3.2660522,4.149239574317043,-0.8831873743170435
4656,3.2780643,4.151383346582032,-0.8733190465820315
4657,3.2943726,4.15325389442916,-0.8588812944291604
4658,3.3079028,4.154844058694344,-0.8469412586943443
4659,3.32336,4.1560090898947495,-0.8326490898947494
4660,3.3397217,4.156690680303892,-0.8169689803038915
4661,3.3532126,4.156896262527032,-0.8036836625270318
4662,3.367036,4.156606350176263,-0.789570350176263
4663,3.3783014,4.155898417271571,-0.7775970172715709
4664,3.3921835,4.15446483422541,-0.7622813342254098
4665,3.407912,4.152320919141911,-0.7444089191419105
4666,3.4226794,4.149671753848813,-0.7269923538488134
4667,3.4368765,4.146637594080112,-0.7097610940801125
4668,3.4516406,4.143180202237411,-0.6915396022374107
4669,3.4661496,4.139328363293689,-0.6731787632936892
4670,3.4804,4.135088648761412,-0.6546886487614123
4671,3.4923782,4.13041919937621,-0.6380409993762095
4672,3.505018,4.125334483052509,-0.6203164830525085
4673,3.5160153,4.119893910951891,-0.6038786109518912
4674,3.5268588,4.114087656549891,-0.5872288565498915
4675,3.5381305,4.107994769521551,-0.5698642695215512
4676,3.5470746,4.10169296769269,-0.5546183676926901
4677,3.559383,4.095184936097757,-0.5358019360977573
4678,3.568985,4.088500918043185,-0.5195159180431852
4679,3.5863647,4.081663997980273,-0.4952992979802735
4680,3.6006339,4.074702184924995,-0.47406828492499464
4681,3.6042926,4.067578541185957,-0.4632859411859567
4682,3.6023374,4.060315256050163,-0.4579778560501633
4683,3.591518,4.053019839207687,-0.46150183920768706
4684,3.5863702,4.045709090074493,-0.459338890074493
4685,3.5791965,4.038744991297916,-0.459548491297916
4686,3.554245,4.0319650318038285,-0.4777200318038286
4687,3.5216882,4.025129854393426,-0.5034416543934261
4688,3.4881833,4.018393505535736,-0.5302102055357354
4689,3.449078,4.011794539068821,-0.5627165390688207
4690,3.401983,4.005337127154932,-0.6033541271549319
4691,3.3498883,3.9989789527673794,-0.6490906527673794
4692,3.2963672,3.9927507025781424,-0.6963835025781422
4693,3.2511914,3.9867266257141423,-0.7355352257141421
4694,3.2111652,3.9809343839571762,-0.7697691839571763
4695,3.1736243,3.9753548678088806,-0.8017305678088804
4696,3.1488254,3.9699631829330526,-0.8211377829330524
4697,3.123388,3.964859183946288,-0.8414711839462883
4698,3.0980606,3.9602583656992785,-0.8621977656992783
4699,3.0798416,3.9560119040257065,-0.8761703040257065
4700,3.0621893,3.951969156614153,-0.8897798566141528
4701,3.0473971,3.9481679509601255,-0.9007708509601255
4702,3.040064,3.944608118473749,-0.904544118473749
4703,3.035723,3.9413396348208987,-0.9056166348208987
4704,3.030899,3.9383724675383047,-0.9074734675383049
4705,3.0268598,3.935707918356541,-0.9088481183565409
4706,3.0206027,3.933302752618155,-0.9127000526181552
4707,3.0128314,3.9311629112176623,-0.9183315112176622
4708,2.993504,3.9293052546711507,-0.9358012546711505
4709,2.9907215,3.9277791020633286,-0.9370576020633288
4710,2.98531,3.9265110062325044,-0.9412010062325042
4711,2.9867084,3.9254216791555154,-0.9387132791555155
4712,2.9898236,3.924515625040346,-0.9346920250403463
4713,2.9983401,3.923846962691389,-0.9255068626913889
4714,3.014159,3.9234287392668437,-0.9092697392668438
4715,3.0243433,3.9233754527664235,-0.8990321527664236
4716,3.0333264,3.923650562696012,-0.8903241626960119
4717,3.0360456,3.924093436549262,-0.8880478365492621
4718,3.0393808,3.924723496139778,-0.8853426961397779
4719,3.0464694,3.9256116170623594,-0.8791422170623595
4720,3.0509982,3.9269141012929984,-0.8759159012929985
4721,3.051615,3.9284840627954507,-0.8768690627954507
4722,3.0507998,3.9309850965819764,-0.8801852965819763
4723,3.0522525,3.9361939014623735,-0.8839414014623737
4724,3.0581152,3.9430536894424937,-0.8849384894424936
4725,3.0559452,3.949780148590374,-0.8938349485903738
4726,3.0480466,3.956918784940612,-0.9088721849406118
4727,3.0449176,3.964086581882207,-0.9191689818822071
4728,3.0487616,3.9711981215322814,-0.9224365215322812
4729,3.044765,3.9782718286849623,-0.9335068286849624
4730,3.0426157,3.9853662671537755,-0.9427505671537757
4731,3.0436609,3.992042356893457,-0.9483814568934572
4732,3.0454113,3.998079040436834,-0.952667740436834
4733,3.0452673,4.003673410097185,-0.9584061100971848
4734,3.0359268,4.008873962383825,-0.9729471623838255
4735,3.0289044,4.013895927500081,-0.9849915275000809
4736,3.019711,4.0181280806747965,-0.9984170806747965
4737,3.0067956,4.0207300660916685,-1.0139344660916687
4738,2.9995847,4.022119633609643,-1.0225349336096428
4739,2.993345,4.023398917507713,-1.0300539175077126
4740,2.9970834,4.02466443555617,-1.02758103555617
4741,3.0082843,4.025751980088265,-1.0174676800882652
4742,3.017008,4.026720622416363,-1.0097126224163628
4743,3.022158,4.027639135497625,-1.0054811354976252
4744,3.027902,4.028486325464119,-1.0005843254641187
4745,3.0330951,4.029087516620995,-0.9959924166209952
4746,3.0397632,4.029475519879201,-0.9897123198792008
4747,3.0416205,4.029259133959796,-0.9876386339597958
4748,3.0382876,4.0285402385890325,-0.9902526385890327
4749,3.0313754,4.027918631862228,-0.996543231862228
4750,3.0189514,4.027542228241479,-1.0085908282414784
4751,3.0054016,4.027490295073666,-1.0220886950736663
4752,3.0056589,4.027641017009035,-1.0219821170090353
4753,3.015227,4.02797255092801,-1.01274555092801
4754,3.0325253,4.028476288338389,-0.995950988338389
4755,3.0550308,4.029255924869317,-0.9742251248693172
4756,3.0801663,4.0302819446817075,-0.9501156446817074
4757,3.1046894,4.0315690378147515,-0.9268796378147517
4758,3.1279254,4.032941418772426,-0.9050160187724257
4759,3.1465716,4.034289082577074,-0.8877174825770742
4760,3.1626325,4.035763518950597,-0.8731310189505974
4761,3.1755087,4.037319472315311,-0.8618107723153114
4762,3.184869,4.038807605359109,-0.8539386053591089
4763,3.1878488,4.040181881297386,-0.8523330812973859
4764,3.186723,4.041534558377705,-0.8548115583777052
4765,3.1833453,4.0429105109734405,-0.8595652109734404
4766,3.1821659,4.044190869704352,-0.8620249697043514
4767,3.1830466,4.045421899139546,-0.8623752991395461
4768,3.1870499,4.046581589217197,-0.8595316892171967
4769,3.194978,4.047636597231385,-0.8526585972313852
4770,3.2101212,4.048577909946096,-0.838456709946096
4771,3.217562,4.049361395573618,-0.8317993955736176
4772,3.2265189,4.049996153038,-0.8234772530380003
4773,3.2394235,4.050554090825155,-0.8111305908251554
4774,3.257571,4.051071828738049,-0.7935008287380492
4775,3.2701056,4.051555943976595,-0.7814503439765952
4776,3.2791119,4.051973776783328,-0.7728618767833275
4777,3.2855153,4.0523297450854825,-0.7668144450854824
4778,3.2899466,4.052733740832902,-0.7627871408329017
4779,3.2930353,4.054569897031495,-0.7615345970314951
4780,3.2954116,4.056983736646469,-0.761572136646469
4781,3.2977057,4.058791063618493,-0.7610853636184931
4782,3.3005474,4.060627830762274,-0.7600804307622742
4783,3.304567,4.0623831911519375,-0.7578161911519374
4784,3.3103945,4.06404216191644,-0.7536476619164398
4785,3.3186603,4.065682656321016,-0.7470223563210161
4786,3.329994,4.067338698854408,-0.7373446988544075
4787,3.3504999,4.069038068257262,-0.718538168257262
4788,3.3588016,4.070233517785606,-0.7114319177856063
4789,3.368162,4.0705528798020865,-0.7023908798020866
4790,3.3800876,4.069956706769047,-0.6898691067690472
4791,3.38266,4.068847459855417,-0.6861874598554167
4792,3.3994763,4.067596798769721,-0.6681204987697207
4793,3.410286,4.066181306532144,-0.6558953065321438
4794,3.4066794,4.064561682357676,-0.6578822823576758
4795,3.3985465,4.062700345594779,-0.6641538455947789
4796,3.3910098,4.060564864298675,-0.6695550642986747
4797,3.3726208,4.058185510112475,-0.6855647101124749
4798,3.3505368,4.055604640055693,-0.7050678400556927
4799,3.335036,4.052758820769654,-0.7177228207696538
4800,3.318414,4.049669351595542,-0.7312553515955416
4801,3.3067737,4.046319670696047,-0.7395459706960468
4802,3.2981381,4.042753903844583,-0.7446158038445834
4803,3.291345,4.039025264048228,-0.7476802640482281
4804,3.2783978,4.035150361400598,-0.7567525614005981
4805,3.262291,4.03108949733016,-0.76879849733016
4806,3.2584546,4.026818249421311,-0.7683636494213109
4807,3.2613263,4.022427420245266,-0.7611011202452658
4808,3.2650769,4.017986372186878,-0.7529094721868783
4809,3.2760403,4.013487953578864,-0.7374476535788643
4810,3.2878308,4.009024351958384,-0.7211935519583843
4811,3.305383,4.004661468133282,-0.699278468133282
4812,3.3217545,4.000435063560881,-0.6786805635608815
4813,3.3302884,3.9963607283629035,-0.6660723283629033
4814,3.3426068,3.992354726261026,-0.6497479262610262
4815,3.3498971,3.988355011452784,-0.6384579114527837
4816,3.3515952,3.984342089443457,-0.6327468894434567
4817,3.3468945,3.9803316005978067,-0.6334371005978068
4818,3.3378448,3.976372637156522,-0.6385278371565217
4819,3.329239,3.972492395591674,-0.6432533955916742
4820,3.3256357,3.9687354364503427,-0.6430997364503428
4821,3.352441,3.9650602407961775,-0.6126192407961777
4822,3.3648648,3.961445592837097,-0.5965807928370972
4823,3.3714142,3.957969086173302,-0.5865548861733023
4824,3.3789792,3.954569136060588,-0.5755899360605881
4825,3.383063,3.951230294180431,-0.568167294180431
4826,3.385075,3.948063736684589,-0.5629887366845892
4827,3.3845203,3.9451385309847744,-0.5606182309847743
4828,3.3833792,3.9424013371054,-0.5590221371054
4829,3.3801281,3.939892773517926,-0.5597646735179262
4830,3.3791928,3.9381292538787007,-0.5589364538787005
4831,3.380831,3.938429307403865,-0.5575983074038651
4832,3.3849072,3.939538770867311,-0.5546315708673113
4833,3.3593652,3.940205057683631,-0.5808398576836309
4834,3.3721967,3.940951810605601,-0.568755110605601
4835,3.3951852,3.941803450656061,-0.5466182506560613
4836,3.4200287,3.942683449551372,-0.5226547495513718
4837,3.4468503,3.943611520943475,-0.49676122094347486
4838,3.4705417,3.9448220876961857,-0.47428038769618563
4839,3.494217,3.9461892133977257,-0.45197221339772575
4840,3.514777,3.94734407051681,-0.43256707051680987
4841,3.5244696,3.9489845791353275,-0.4245149791353273
4842,3.5247595,3.9508850611158635,-0.4261255611158634
4843,3.5191596,3.9526223284951922,-0.4334627284951922
4844,3.510532,3.9541265377044916,-0.44359453770449164
4845,3.5003052,3.9557187545201584,-0.4554135545201583
4846,3.4937527,3.9575918970307464,-0.4638391970307465
4847,3.4905581,3.959610227099181,-0.469052127099181
4848,3.489986,3.9615599042795315,-0.4715739042795315
4849,3.4957669,3.963493858883951,-0.46772695888395077
4850,3.505238,3.9653904877045214,-0.46015248770452155
4851,3.5185513,3.9672177626866043,-0.4486664626866044
4852,3.5358691,3.9690382585218007,-0.4331691585218005
4853,3.5522602,3.970949881468638,-0.41868968146863805
4854,3.5682733,3.97306143235676,-0.40478813235676014
4855,3.582948,3.975406084953346,-0.3924580849533461
4856,3.5944836,3.9782329246839683,-0.3837493246839685
4857,3.6017566,3.9814090443355887,-0.37965244433558887
4858,3.6116867,3.9846348797063915,-0.3729481797063916
4859,3.619072,3.988979150503924,-0.369907150503924
4860,3.6295407,3.996280549715959,-0.36673984971595885
4861,3.6391482,4.0044952451742075,-0.36534704517420735
4862,3.6478446,4.011696269560026,-0.36385166956002557
4863,3.6525922,4.018785777756988,-0.366193577756988
4864,3.6586545,4.025846502559892,-0.36719200255989204
4865,3.663924,4.032816889246954,-0.3688928892469536
4866,3.6719556,4.039693962773496,-0.36773836277349625
4867,3.6742325,4.046457672256703,-0.37222517225670293
4868,3.6757944,4.0531992341677245,-0.3774048341677245
4869,3.6730924,4.059972509795176,-0.3868801097951762
4870,3.672615,4.065590034786245,-0.3929750347862453
4871,3.6737628,4.0694921118906855,-0.3957293118906855
4872,3.679209,4.072055059765583,-0.3928460597655832
4873,3.6859818,4.07388083289995,-0.38789903289994987
4874,3.6958423,4.075763990562164,-0.3799216905621643
4875,3.7147717,4.077747754048994,-0.36297605404899436
4876,3.7237222,4.079866098194085,-0.35614389819408476
4877,3.7294192,4.082065544468872,-0.35264634446887166
4878,3.7343771,4.084306474231648,-0.34992937423164827
4879,3.733563,4.086452186150352,-0.35288918615035225
4880,3.730534,4.088476020424276,-0.3579420204242756
4881,3.7228546,4.090623586382524,-0.367768986382524
4882,3.713222,4.092883061833122,-0.3796610618331222
4883,3.7102182,4.095101477555536,-0.3848832775555362
4884,3.708967,4.097314205003588,-0.3883472050035883
4885,3.7103915,4.099528273433291,-0.38913677343329134
4886,3.7190366,4.101837105948811,-0.3828005059488113
4887,3.7219272,4.104115819626638,-0.38218861962663775
4888,3.7389548,4.106318921399139,-0.367364121399139
4889,3.748402,4.108258188582027,-0.3598561885820266
4890,3.757612,4.109868775431781,-0.3522567754317807
4891,3.7651737,4.111386878094347,-0.34621317809434693
4892,3.774753,4.112767896404535,-0.3380148964045353
4893,3.7832544,4.113985769792804,-0.33073136979280404
4894,3.7908924,4.115052746907459,-0.32416034690745876
4895,3.795336,4.115932908807139,-0.320596908807139
4896,3.7994406,4.116958181931758,-0.31751758193175794
4897,3.8025043,4.1179107413091005,-0.31540644130910067
4898,3.8050122,4.118447971204694,-0.313435771204694
4899,3.8045764,4.11843166902578,-0.31385526902577965
4900,3.8097513,4.117939303431191,-0.30818800343119124
4901,3.815141,4.116993844852258,-0.30185284485225816
4902,3.8197272,4.115869425125405,-0.2961422251254051
4903,3.822949,4.114680123012506,-0.2917311230125059
4904,3.8286502,4.113654459705703,-0.2850042597057034
4905,3.835483,4.112572872217475,-0.2770898722174753
4906,3.848927,4.111335168731254,-0.26240816873125405
4907,3.8597848,4.110198954873484,-0.25041415487348395
4908,3.8706796,4.109071737834106,-0.23839213783410607
4909,3.8842556,4.107909611726931,-0.22365401172693078
4910,3.8962948,4.106688021999592,-0.21039322199959143
4911,3.9068646,4.105432116957656,-0.1985675169576564
4912,3.9193366,4.1041523822003825,-0.18481578220038264
4913,3.9298456,4.102895901927379,-0.17305030192737902
4914,3.93745,4.1015945684754636,-0.16414456847546344
4915,3.946883,4.100105461363705,-0.15322246136370454
4916,3.9520319,4.098559962412976,-0.14652806241297567
4917,3.958652,4.096958880478856,-0.1383068804788561
4918,3.9648917,4.0953056950675535,-0.13041399506755358
4919,3.9732175,4.093612397104696,-0.12039489710469597
4920,3.9796033,4.0918939876679445,-0.11229068766794459
4921,3.987478,4.090163910171558,-0.10268591017155826
4922,3.9945123,4.088400977020491,-0.09388867702049142
4923,3.9972217,4.086682859955935,-0.08946115995593473
4924,3.997223,4.085036507034886,-0.08781350703488577
4925,3.996339,4.083351072456184,-0.08701207245618381
4926,3.9949634,4.08142727586718,-0.0864638758671803
4927,3.9924033,4.079279997996031,-0.08687669799603137
4928,3.9874256,4.07728602778565,-0.08986042778565029
4929,3.9786572,4.0753606928320885,-0.09670349283208868
4930,3.9660416,4.073517276339626,-0.10747567633962563
4931,3.9622443,4.071809945308133,-0.10956564530813306
4932,3.9592984,4.070261085962279,-0.1109626859622792
4933,3.9599402,4.068827907420236,-0.10888770742023546
4934,3.9599228,4.067549702521522,-0.10762690252152218
4935,3.9658759,4.066438333325705,-0.10056243332570469
4936,3.951355,4.0655717823524355,-0.1142167823524356
4937,3.939294,4.064896732596093,-0.12560273259609334
4938,3.9300134,4.064332466062624,-0.13431906606262434
4939,3.9256833,4.063957901184796,-0.13827460118479618
4940,3.9276178,4.063799700375397,-0.136181900375397
4941,3.9332733,4.063912241056566,-0.13063894105656582
4942,3.938639,4.0643142116965665,-0.1256752116965667
4943,3.942252,4.064867098977602,-0.12261509897760181
4944,3.9481463,4.06556864309054,-0.1174223430905399
4945,3.949187,4.066405573149648,-0.11721857314964845
4946,3.9525235,4.067347349778612,-0.11482384977861226
4947,3.9596698,4.068427499246784,-0.10875769924678425
4948,3.9432242,4.069545072683443,-0.12632087268344305
4949,3.944712,4.0707548755940355,-0.1260428755940355
4950,3.943815,4.0721581903490724,-0.1283431903490726
4951,3.9456592,4.073677399796234,-0.1280181997962342
4952,3.9497516,4.075280449164514,-0.1255288491645139
4953,3.9514105,4.076922675274561,-0.12551217527456116
4954,3.9481714,4.078559116520362,-0.13038771652036152
4955,3.9437778,4.080193970014215,-0.13641617001421524
4956,3.940106,4.081865546649454,-0.14175954664945412
4957,3.9354782,4.08357624962542,-0.14809804962541984
4958,3.9340549,4.085400304717421,-0.15134540471742097
4959,3.9375665,4.08735014738577,-0.1497836473857701
4960,3.9411838,4.089319806333063,-0.148136006333063
4961,3.9460666,4.091331298413389,-0.1452646984133894
4962,3.9513364,4.093272331240525,-0.1419359312405244
4963,3.9535031,4.095100781617512,-0.14159768161751174
4964,3.9545102,4.096900187493917,-0.14238998749391696
4965,3.9509637,4.098705986053715,-0.14774228605371498
4966,3.9440994,4.100533084478498,-0.1564336844784986
4967,3.9330935,4.102341080813384,-0.16924758081338442
4968,3.924544,4.104211771480411,-0.17966777148041135
4969,3.915875,4.10606855326704,-0.19019355326703957
4970,3.909438,4.107944566260584,-0.19850656626058383
4971,3.9068167,4.1098865728760785,-0.2030698728760787
4972,3.9020517,4.111879503566347,-0.209827803566347
4973,3.8980603,4.114262282340369,-0.21620198234036891
4974,3.8975775,4.116602139070041,-0.219024639070041
4975,3.8995187,4.118574263471784,-0.2190555634717839
4976,3.9058795,4.120776593363382,-0.21489709336338159
4977,3.9158313,4.123058943637324,-0.20722764363732438
4978,3.9252439,4.125453354460302,-0.20020945446030236
4979,3.942629,4.128096871020939,-0.18546787102093898
4980,3.959247,4.130940321077713,-0.17169332107771273
4981,3.9743826,4.13395329005112,-0.1595706900511198
4982,3.9855597,4.136986954279804,-0.15142725427980386
4983,3.9888775,4.139907925668494,-0.15103042566849378
4984,3.9853299,4.142665749880759,-0.15733584988075933
4985,3.9886258,4.145256612847871,-0.15663081284787106
4986,3.9838192,4.147349051175354,-0.1635298511753538
4987,3.9736667,4.148859455681374,-0.17519275568137438
4988,3.9703662,4.150011823751953,-0.17964562375195303
4989,3.970194,4.150984333189473,-0.1807903331894729
4990,3.973708,4.151801182996758,-0.17809318299675825
4991,3.981235,4.152474226857605,-0.1712392268576055
4992,3.9912338,4.153035810479529,-0.16180201047952902
4993,4.002378,4.1534073406483945,-0.15102934064839424
4994,4.0143247,4.153489232119339,-0.13916453211933888
4995,4.02943,4.153419091455002,-0.12398909145500259
4996,4.045263,4.153119120096566,-0.10785612009656553
4997,4.058368,4.152328922713652,-0.0939609227136522
4998,4.0657296,4.151144680848378,-0.08541508084837801
4999,4.070788,4.14956146833931,-0.07877346833930954
5000,4.075521,4.147633545647371,-0.07211254564737057
5001,4.077957,4.145324764775379,-0.06736776477537898
5002,4.084985,4.142586153590173,-0.05760115359017348
5003,4.088985,4.139251829965478,-0.050266829965478266
5004,4.088257,4.135255125333486,-0.04699812533348613
5005,4.0817084,4.130639756361907,-0.04893135636190671
5006,4.0828323,4.1255911115392685,-0.04275881153926875
5007,4.0775476,4.12034758456808,-0.042799984568079985
5008,4.074102,4.114906047436784,-0.0408040474367839
5009,4.0685096,4.10920096319503,-0.040691363195030306
5010,4.065266,4.103291751223999,-0.03802575122399876
5011,4.063581,4.097161739865367,-0.033580739865366915
5012,4.0653253,4.090968905295396,-0.025643605295396554
5013,4.072805,4.0847176602336095,-0.011912660233609706
5014,4.0752726,4.078313819095074,-0.0030412190950741547
5015,4.0696063,4.071846447888236,-0.0022401478882354553
5016,4.055363,4.065281060464317,-0.00991806046431698
5017,4.0377545,4.058414496104467,-0.02065999610446667
5018,4.021625,4.051271041132675,-0.02964604113267466
5019,4.0185003,4.0441057252623605,-0.025605425262360093
5020,4.0113144,4.036975578234828,-0.025661178234828164
5021,4.012072,4.029980769040817,-0.017908769040817063
5022,4.0126615,4.023246108508058,-0.010584608508057869
5023,4.010885,4.016512675502861,-0.005627675502861251
5024,4.0062265,4.009410406787678,-0.0031839067876777705
5025,3.9916818,4.001866935006076,-0.010185135006075985
5026,3.9715521,3.9943262424421064,-0.022774142442106626
5027,3.9388144,3.9870165041132384,-0.04820210411323833
5028,3.9010937,3.9799456525317125,-0.0788519525317124
5029,3.8583374,3.973097305761859,-0.11475990576185913
5030,3.8058102,3.966489344730481,-0.1606791447304814
5031,3.7523053,3.9601642944969604,-0.20785899449696021
5032,3.7051294,3.95458159021629,-0.24945219021629006
5033,3.6640646,3.949493088660117,-0.28542848866011683
5034,3.6317422,3.944497752935068,-0.31275555293506807
5035,3.6020062,3.939802115015074,-0.3377959150150742
5036,3.570706,3.935502766906571,-0.36479676690657126
5037,3.5272052,3.931522086385498,-0.404316886385498
5038,3.4594312,3.9277209398176063,-0.46828973981760624
5039,3.4147763,3.924088001764569,-0.509311701764569
5040,3.3957608,3.9205038351047325,-0.5247430351047324
5041,3.380408,3.917109002130066,-0.5367010021300658
5042,3.3842022,3.9141656611687767,-0.5299634611687769
5043,3.4007263,3.911641820716479,-0.510915520716479
5044,3.4266446,3.9094612564482754,-0.4828166564482754
5045,3.462048,3.907631046255351,-0.44558304625535117
5046,3.4960644,3.906167432708145,-0.41010303270814497
5047,3.5303268,3.9051613234584086,-0.3748345234584085
5048,3.5623932,3.90438102249436,-0.3419878224943602
5049,3.5956802,3.90363179573777,-0.3079515957377703
5050,3.6201172,3.903096779223576,-0.28297957922357586
5051,3.642879,3.902938153106735,-0.2600591531067349
5052,3.6609073,3.9031747707669844,-0.24226747076698452
5053,3.6765354,3.9037412246303043,-0.22720582463030414
5054,3.690871,3.9045440996344998,-0.21367309963449976
5055,3.6905649,3.905578917798506,-0.21501401779850582
5056,3.7006226,3.906852692553413,-0.20623009255341307
5057,3.709174,3.9122412371372564,-0.20306723713725638
5058,3.727512,3.919977063439132,-0.19246506343913206
5059,3.7360666,3.9263331518842506,-0.19026655188425057
5060,3.7440567,3.932968175235993,-0.18891147523599328
5061,3.7518137,3.939775951422362,-0.18796225142236178
5062,3.7599313,3.9468511918501163,-0.18691989185011648
5063,3.7645874,3.9542475614490495,-0.18966016144904962
5064,3.7666821,3.961800294268492,-0.19511819426849186
5065,3.7652533,3.9695158982212413,-0.20426259822124138
5066,3.763977,3.9771417654546055,-0.2131647654546054
5067,3.76651,3.984644706345159,-0.2181347063451593
5068,3.7712173,3.991989442108374,-0.22077214210837415
5069,3.7807803,3.9990888885278832,-0.21830858852788326
5070,3.7916172,4.005981198205153,-0.21436399820515284
5071,3.8022168,4.013018269356468,-0.21080146935646837
5072,3.805773,4.020238966410573,-0.21446596641057303
5073,3.8120868,4.027711310233378,-0.2156245102333778
5074,3.8131442,4.035129431250089,-0.2219852312500894
5075,3.8088837,4.04236713381165,-0.23348343381165026
5076,3.8009753,4.048279963170923,-0.24730466317092326
5077,3.7936587,4.050752377233703,-0.25709367723370313
5078,3.7868,4.0510066658707125,-0.2642066658707125
5079,3.782511,4.051228296901924,-0.2687172969019245
5080,3.7782025,4.051463012289522,-0.2732605122895224
5081,3.7722147,4.051725586571841,-0.279510886571841
5082,3.7702146,4.051974863579529,-0.2817602635795291
5083,3.768912,4.052194982107614,-0.28328298210761416
5084,3.7705045,4.052398612970279,-0.2818941129702792
5085,3.7708893,4.05260059725682,-0.2817112972568201
5086,3.763565,4.052831280277003,-0.28926628027700296
5087,3.7574222,4.053049502788523,-0.2956273027885232
5088,3.74948,4.0530439410981325,-0.30356394109813234
5089,3.736691,4.052824675330307,-0.31613367533030745
5090,3.720857,4.052661498402628,-0.33180449840262805
5091,3.7073157,4.052612784789753,-0.34529708478975296
5092,3.6969855,4.052685532598772,-0.3557000325987718
5093,3.6891,4.052808827877193,-0.3637088278771934
5094,3.6836536,4.052985994433768,-0.36933239443376786
5095,3.6783404,4.053254300727297,-0.374913900727297
5096,3.6770597,4.054362178022486,-0.37730247802248584
5097,3.6787665,4.055825537584518,-0.37705903758451775
5098,3.6852887,4.056953660057334,-0.37166496005733407
5099,3.6988547,4.0580619735897425,-0.35920727358974247
5100,3.7061582,4.059237143508121,-0.3530789435081214
5101,3.711939,4.060468025104589,-0.3485290251045887
5102,3.7164557,4.061712615096531,-0.345256915096531
5103,3.715658,4.062998257064548,-0.34734025706454785
5104,3.7122333,4.064248092309221,-0.35201479230922095
5105,3.7081146,4.065469711724608,-0.3573551117246083
5106,3.705076,4.066671830678634,-0.36159583067863377
5107,3.7014618,4.067797792814348,-0.3663359928143479
5108,3.6976438,4.068730559003082,-0.37108675900308175
5109,3.6956592,4.069520201840779,-0.3738610018407784
5110,3.6941147,4.070354552218703,-0.3762398522187027
5111,3.6914499,4.07111016226326,-0.3796602622632599
5112,3.6902912,4.071907409056584,-0.3816162090565838
5113,3.690857,4.072762878865836,-0.38190587886583627
5114,3.6958084,4.073587413050941,-0.37777901305094064
5115,3.7007327,4.074468649604777,-0.3737359496047765
5116,3.7086291,4.075419253314756,-0.36679015331475595
5117,3.718737,4.076540181283056,-0.35780318128305577
5118,3.7313635,4.077768451391791,-0.3464049513917913
5119,3.7480633,4.07898662306509,-0.33092332306508965
5120,3.7592435,4.08021480374531,-0.3209713037453099
5121,3.7705448,4.081456175684419,-0.31091137568441907
5122,3.7804828,4.0827935392135615,-0.30231073921356133
5123,3.7983115,4.08411407799342,-0.2858025779934201
5124,3.7862985,4.085675392542314,-0.29937689254231437
5125,3.7945993,4.087207770263267,-0.292608470263267
5126,3.8010995,4.088387947930519,-0.2872884479305191
5127,3.806368,4.089550299707108,-0.28318229970710806
5128,3.8238263,4.0906985655387675,-0.26687226553876764
5129,3.8295932,4.091811067971645,-0.2622178679716449
5130,3.8354056,4.092906141726385,-0.2575005417263845
5131,3.8412137,4.09395241328829,-0.2527387132882897
5132,3.8459756,4.094900794331162,-0.24892519433116167
5133,3.8530622,4.095729145421199,-0.24266694542119893
5134,3.8623428,4.096468709136386,-0.23412590913638587
5135,3.8724627,4.097153397310739,-0.22469069731073876
5136,3.8806577,4.097850034041307,-0.2171923340413069
5137,3.8912854,4.098539910202272,-0.20725451020227226
5138,3.8996005,4.099032413618772,-0.19943191361877233
5139,3.9048123,4.099390356208772,-0.19457805620877222
5140,3.9107556,4.099648524717806,-0.1888929247178064
5141,3.9094303,4.099773368287376,-0.19034306828737568
5142,3.9086652,4.099692908040861,-0.1910277080408611
5143,3.9081955,4.0993548838927385,-0.19115938389273834
5144,3.9035394,4.09898513707842,-0.1954457370784195
5145,3.900055,4.098766123808267,-0.19871112380826705
5146,3.8976605,4.098397187877231,-0.2007366878772312
5147,3.8930697,4.097866026276678,-0.20479632627667854
5148,3.890879,4.097208369305363,-0.20632936930536339
5149,3.8928876,4.096480454330016,-0.20359285433001606
5150,3.8945324,4.0958421791094075,-0.2013097791094074
5151,3.8983066,4.0953055179811955,-0.1969989179811953
5152,3.8985083,4.094932063115284,-0.19642376311528364
5153,3.8997738,4.094653568135121,-0.1948797681351211
5154,3.8983557,4.09433611885369,-0.19598041885368955
5155,3.8985965,4.094034046719944,-0.19543754671994407
5156,3.9014685,4.093790158560747,-0.192321658560747
5157,3.9026883,4.093724744091287,-0.19103644409128728
5158,3.9026425,4.093761049549978,-0.1911185495499783
5159,3.9013736,4.093847467884798,-0.19247386788479792
5160,3.898042,4.0939420098738974,-0.19590000987389766
5161,3.8929498,4.094501227666129,-0.201551427666129
5162,3.8895764,4.0952322385048525,-0.20565583850485236
5163,3.8860528,4.095625356661729,-0.2095725566617288
5164,3.8806927,4.095865592232848,-0.2151728922328484
5165,3.8730588,4.0960459924635595,-0.22298719246355958
5166,3.8664005,4.096497936105777,-0.23009743610577704
5167,3.85598,4.097142097542438,-0.24116209754243778
5168,3.8461227,4.097665184272512,-0.251542484272512
5169,3.84016,4.098509562652827,-0.2583495626528274
5170,3.8353708,4.099704634312951,-0.26433383431295043
5171,3.8312213,4.101039810299819,-0.2698185102998192
5172,3.8297598,4.102438307971154,-0.27267850797115356
5173,3.8244095,4.103854674232695,-0.2794451742326949
5174,3.8208694,4.1052308850282895,-0.2843614850282896
5175,3.8138788,4.106576916766348,-0.2926981167663478
5176,3.8045819,4.108061051213294,-0.30347915121329416
5177,3.7938178,4.109536390801399,-0.31571859080139886
5178,3.7873743,4.110786012965019,-0.32341171296501914
5179,3.7850897,4.1118700096156715,-0.3267803096156716
5180,3.7871933,4.112705484434718,-0.32551218443471797
5181,3.79193,4.113379203259585,-0.3214492032595855
5182,3.8003094,4.1139097598225325,-0.3136003598225323
5183,3.8114645,4.114307330123668,-0.3028428301236681
5184,3.818888,4.114514590780465,-0.2956265907804654
5185,3.826464,4.114525759017511,-0.2880617590175105
5186,3.8280182,4.114429483310352,-0.28641128331035226
5187,3.829712,4.114304607851565,-0.2845926078515655
5188,3.8251343,4.114092661406842,-0.2889583614068414
5189,3.8186624,4.11364828074587,-0.2949858807458696
5190,3.8099713,4.113085069428727,-0.3031137694287267
5191,3.801941,4.112488643957928,-0.310547643957928
5192,3.7969394,4.111858745720035,-0.314919345720035
5193,3.7950757,4.111074343170418,-0.3159986431704178
5194,3.7961557,4.110088213398238,-0.313932513398238
5195,3.8029044,4.108912592202162,-0.306008192202162
5196,3.8089883,4.107617422851289,-0.2986291228512892
5197,3.8096106,4.106242432913972,-0.2966318329139721
5198,3.807627,4.104985555188228,-0.29735855518822785
5199,3.8007648,4.103634408335998,-0.3028696083359983
5200,3.7928967,4.102041468480166,-0.3091447684801656
5201,3.7831836,4.100374542629052,-0.31719094262905223
5202,3.7697089,4.098625691013903,-0.32891679101390325
5203,3.7561383,4.096860491599749,-0.3407221915997489
5204,3.7442987,4.095123381381014,-0.3508246813810141
5205,3.7355106,4.093696892762352,-0.3581862927623516
5206,3.7328393,4.092399473135396,-0.3595601731353959
5207,3.729744,4.09104645792199,-0.36130245792198945
5208,3.7239392,4.0897815593491265,-0.3658423593491267
5209,3.7248557,4.088512848170855,-0.36365714817085504
5210,3.7284567,4.087269337065143,-0.35881263706514277
5211,3.737223,4.086133226013318,-0.34891022601331745
5212,3.7464917,4.085103197811163,-0.3386114978111632
5213,3.7524414,4.084283760850049,-0.3318423608500489
5214,3.7534769,4.083553858749952,-0.33007695874995235
5215,3.7473538,4.0828050733421986,-0.3354512733421986
5216,3.7458627,4.082136215553288,-0.3362735155532883
5217,3.7389832,4.08146946443721,-0.34248626443721
5218,3.7394333,4.080699711790377,-0.341266411790377
5219,3.7417777,4.079815533749544,-0.338037833749544
5220,3.7449493,4.078866211505126,-0.3339169115051259
5221,3.7514975,4.077899295564919,-0.32640179556491855
5222,3.7599127,4.076814395740133,-0.3169016957401327
5223,3.7684948,4.075740185801851,-0.3072453858018509
5224,3.7781155,4.0748121436238,-0.29669664362379944
5225,3.7866855,4.073964105376935,-0.28727860537693495
5226,3.794232,4.073270267267931,-0.27903826726793124
5227,3.8007715,4.072694138420341,-0.27192263842034103
5228,3.8029468,4.072175460033969,-0.26922866003396884
5229,3.8069272,4.071715054502993,-0.26478785450299336
5230,3.8113763,4.071322633161103,-0.2599463331611034
5231,3.813349,4.070985269333707,-0.25763626933370665
5232,3.8139179,4.0706649387818095,-0.2567470387818096
5233,3.8150516,4.070334316002762,-0.25528271600276176
5234,3.810416,4.070380360845962,-0.2599643608459621
5235,3.8016346,4.071027491604303,-0.26939289160430313
5236,3.7952728,4.0720647792009075,-0.2767919792009077
5237,3.7891977,4.073555441230614,-0.28435774123061375
5238,3.7890918,4.075936964206502,-0.28684516420650175
5239,3.789446,4.078962688131925,-0.28951668813192555
5240,3.793845,4.082160627999961,-0.28831562799996124
5241,3.798523,4.0856427737270185,-0.2871197737270186
5242,3.8031833,4.089327759463776,-0.2861444594637761
5243,3.806561,4.093217451444318,-0.28665645144431773
5244,3.811083,4.097162350898262,-0.2860793508982624
5245,3.8126276,4.101062810818128,-0.28843521081812806
5246,3.813094,4.105392819879356,-0.2922988198793557
5247,3.816486,4.109734083369796,-0.29324808336979613
5248,3.8161697,4.113704713529733,-0.2975350135297332
5249,3.8109872,4.117622180437657,-0.3066349804376567
5250,3.8100128,4.121419842952741,-0.3114070429527409
5251,3.8080237,4.125068409574774,-0.3170447095747737
5252,3.807542,4.128569737413308,-0.3210277374133077
5253,3.809035,4.131942576356234,-0.3229075763562341
5254,3.8090994,4.134987906809627,-0.3258885068096271
5255,3.8124402,4.137288967415225,-0.32484876741522495
5256,3.813942,4.138885299510696,-0.32494329951069645
5257,3.8277414,4.140177413486974,-0.31243601348697414
5258,3.828815,4.141152836172926,-0.3123378361729263
5259,3.82987,4.141786393232193,-0.3119163932321931
5260,3.8309293,4.1420812482493155,-0.31115194824931525
5261,3.8313794,4.142070417455253,-0.31069101745525307
5262,3.8288486,4.1417579075573565,-0.31290930755735635
5263,3.8245785,4.141291734089409,-0.31671323408940877
5264,3.820161,4.1406330228727235,-0.32047202287272336
5265,3.8152478,4.139726593071265,-0.3244787930712647
5266,3.814125,4.138689267684356,-0.32456426768435565
5267,3.8160684,4.137544922902153,-0.32147652290215323
5268,3.809858,4.136320499000777,-0.32646249900077695
5269,3.8092291,4.134985690018698,-0.3257565900186976
5270,3.816171,4.133607055714833,-0.317436055714833
5271,3.8231168,4.1322567961335315,-0.30913999613353127
5272,3.8255594,4.130931342484121,-0.3053719424841215
5273,3.8260968,4.129694635933485,-0.303597835933485
5274,3.8205087,4.128593894108513,-0.308085194108513
5275,3.8120434,4.127544939538821,-0.31550153953882143
5276,3.8079126,4.126626628895253,-0.31871402889525324
5277,3.8059561,4.125893018517434,-0.31993691851743433
5278,3.807737,4.125265100792475,-0.3175281007924755
5279,3.80931,4.124611626167995,-0.3153016261679946
5280,3.8090918,4.123896040685254,-0.3148042406852536
5281,3.8085904,4.123156032693336,-0.31456563269333593
5282,3.8077233,4.122332276149172,-0.31460897614917194
5283,3.8064075,4.121380226609657,-0.3149727266096565
5284,3.8045607,4.12020927701122,-0.31564857701122007
5285,3.8020997,4.118769104005529,-0.3166694040055291
5286,3.7989423,4.117113641367512,-0.3181713413675116
5287,3.795006,4.115315426000629,-0.3203094260006294
5288,3.789398,4.113277926717089,-0.3238799267170891
5289,3.775468,4.111018789260334,-0.335550789260334
5290,3.7669547,4.108851933130393,-0.3418972331303931
5291,3.7606082,4.106872462339936,-0.3462642623399361
5292,3.738012,4.105069757185673,-0.3670577571856728
5293,3.726544,4.103561151690528,-0.37701715169052763
5294,3.729018,4.102225573649055,-0.3732075736490552
5295,3.7373962,4.100989645791681,-0.36359344579168074
5296,3.746835,4.099661241334185,-0.35282624133418494
5297,3.7549384,4.097880905133866,-0.3429425051338657
5298,3.7639194,4.095861028451557,-0.33194162845155706
5299,3.765758,4.093680977521454,-0.32792297752145405
5300,3.7675552,4.0914809132435375,-0.3239257132435376
5301,3.7670364,4.0894088884349635,-0.3223724884349637
5302,3.7579257,4.087391695789765,-0.32946599578976477
5303,3.7626855,4.085385567717793,-0.32270006771779336
5304,3.7675235,4.083495148434242,-0.3159716484342421
5305,3.7708554,4.082057510778233,-0.311202110778233
5306,3.7725055,4.081011812669279,-0.30850631266927886
5307,3.7743192,4.080115284779828,-0.30579608477982845
5308,3.7758996,4.079503111975322,-0.3036035119753224
5309,3.7749155,4.079322970886171,-0.3044074708861708
5310,3.7739236,4.079585019767697,-0.3056614197676968
5311,3.7694528,4.080254943313956,-0.31080214331395606
5312,3.764305,4.081136289633274,-0.3168312896332739
5313,3.7593503,4.08254158866457,-0.3231912886645705
5314,3.7534027,4.084325387458655,-0.33092268745865505
5315,3.744339,4.086242116445814,-0.34190311644581417
5316,3.7333157,4.0882372982855815,-0.35492159828558156
5317,3.721321,4.090129634835391,-0.3688086348353905
5318,3.7123578,4.092223600592409,-0.3798658005924094
5319,3.7067294,4.094884148479003,-0.3881547484790029
5320,3.706448,4.097877363615567,-0.39142936361556746
5321,3.7101974,4.101546052583439,-0.39134865258343865
5322,3.714253,4.106141603551112,-0.39188860355111244
5323,3.7217777,4.111598225547937,-0.38982052554793656
5324,3.7270148,4.117691780583457,-0.3906769805834571
5325,3.7297232,4.124197288126281,-0.3944740881262807
5326,3.72937,4.13082828743429,-0.40145828743429
5327,3.725416,4.1373066585236336,-0.4118906585236335
5328,3.7222748,4.14371890976896,-0.4214441097689603
5329,3.7187445,4.150237886852719,-0.4314933868527189
5330,3.71543,4.155696891634199,-0.4402668916341992
5331,3.7123501,4.158475142425228,-0.4461250424252281
5332,3.7161777,4.159150838217577,-0.4429731382175768
5333,3.7197766,4.159274391116991,-0.4394977911169913
5334,3.718555,4.159350656631158,-0.4407956566311584
5335,3.715865,4.159405665683806,-0.44354066568380635
5336,3.7152557,4.159439284113368,-0.4441835841133681
5337,3.717829,4.159453374242304,-0.44162437424230383
5338,3.720206,4.159432310356779,-0.43922631035677906
5339,3.7227728,4.159508977534565,-0.43673617753456506
5340,3.7266922,4.160374240122238,-0.43368204012223766
5341,3.7336078,4.161875047899728,-0.4282672478997278
5342,3.742922,4.162934086657746,-0.4200120866577457
5343,3.7483869,4.16381959257974,-0.41543269257974025
5344,3.7574255,4.165023527507981,-0.4075980275079809
5345,3.767189,4.166524654537137,-0.39933565453713715
5346,3.7754114,4.167820616555384,-0.3924092165553845
5347,3.7812686,4.168947892168345,-0.3876792921683445
5348,3.7817492,4.169979268897001,-0.38823006889700107
5349,3.7858646,4.17083662033235,-0.38497202033235034
5350,3.7859442,4.171311804439748,-0.38536760443974805
5351,3.7883203,4.171421345128901,-0.383101045128901
5352,3.793095,4.171340185759866,-0.3782451857598659
5353,3.7943509,4.171148508314645,-0.37679760831464515
5354,3.7966516,4.170829758346123,-0.374178158346123
5355,3.8024576,4.170394457394448,-0.3679368573944477
5356,3.808475,4.169796279583357,-0.36132127958335714
5357,3.8164914,4.169082383133745,-0.3525909831337448
5358,3.8286285,4.1684383424810125,-0.3398098424810123
5359,3.8444607,4.167874867453941,-0.323414167453941
5360,3.8617826,4.167344232081151,-0.3055616320811505
5361,3.880018,4.166765008079809,-0.28674700807980846
5362,3.8989978,4.166131210892106,-0.2671334108921055
5363,3.9096854,4.165470421477933,-0.2557850214779327
5364,3.9117355,4.1650426755938295,-0.25330717559382965
5365,3.906175,4.16461909798139,-0.25844409798139
5366,3.8911884,4.163993100647325,-0.27280470064732487
5367,3.8703961,4.163348057715142,-0.29295195771514226
5368,3.84712,4.162724862178202,-0.3156048621782017
5369,3.8237567,4.162176451225847,-0.33841975122584644
5370,3.8033307,4.161643768971481,-0.35831306897148085
5371,3.7869809,4.160677260356091,-0.373696360356091
5372,3.769153,4.1589413208898645,-0.38978832088986426
5373,3.7566388,4.15663143059723,-0.39999263059722967
5374,3.7533493,4.154287891018906,-0.40093859101890583
5375,3.74971,4.151922813917112,-0.4022128139171124
5376,3.7491672,4.14952501421804,-0.40035781421803973
5377,3.7492282,4.147117087868702,-0.39788888786870213
5378,3.7513678,4.1447298669114145,-0.3933620669114144
5379,3.756121,4.1423131019901405,-0.38619210199014065
5380,3.757286,4.139812126529906,-0.3825261265299056
5381,3.7556665,4.137204761325289,-0.3815382613252889
5382,3.7527804,4.134523676019451,-0.381743276019451
5383,3.747807,4.131808394896076,-0.3840013948960763
5384,3.7386835,4.129048177884805,-0.39036467788480467
5385,3.7273395,4.126217006080565,-0.39887750608056516
5386,3.7131107,4.123318441241658,-0.4102077412416576
5387,3.7048733,4.120618541557962,-0.41574524155796233
5388,3.699779,4.117825662472981,-0.4180466624729813
5389,3.6960275,4.114724632807233,-0.4186971328072331
5390,3.6905136,4.111518822471638,-0.42100522247163763
5391,3.6879523,4.108176281587754,-0.4202239815877542
5392,3.6828592,4.104758253848585,-0.42189905384858495
5393,3.6768384,4.101251243787293,-0.42441284378729316
5394,3.6709628,4.0976802615670485,-0.4267174615670486
5395,3.6695328,4.09397944763659,-0.42444664763659024
5396,3.6756122,4.090098824176309,-0.41448662417630855
5397,3.681402,4.086055729714009,-0.40465372971400937
5398,3.6929507,4.081851372680344,-0.3889006726803439
5399,3.70676,4.077595854075363,-0.3708358540753629
5400,3.7166226,4.073192857019637,-0.3565702570196372
5401,3.7230496,4.068528395354205,-0.3454787953542051
5402,3.7276928,4.063680131792865,-0.33598733179286544
5403,3.7285037,4.0586737354774645,-0.3301700354774644
5404,3.7235718,4.053458958232624,-0.3298871582326237
5405,3.717113,4.048048578149747,-0.3309355781497474
5406,3.7113855,4.042411289112323,-0.33102578911232294
5407,3.698992,4.036549498165486,-0.33755749816548564
5408,3.6887,4.030501108652627,-0.3418011086526267
5409,3.6759796,4.024448547324173,-0.34846894732417333
5410,3.6649082,4.018960555510818,-0.3540523555108175
5411,3.6813376,4.01420998902227,-0.33287238902227045
5412,3.678239,4.009249144447226,-0.3310101444472262
5413,3.676846,4.004007551787373,-0.32716155178737294
5414,3.6764581,3.9988347125194292,-0.3223766125194292
5415,3.6620004,3.993767208247283,-0.3317668082472829
5416,3.6537955,3.9887544385310636,-0.3349589385310634
5417,3.6514914,3.9839065961561375,-0.3324151961561377
5418,3.65031,3.9789683432295293,-0.32865834322952914
5419,3.6486523,3.9735021081611204,-0.3248498081611202
5420,3.6495514,3.9677699659014487,-0.3182185659014487
5421,3.6502686,3.9621825703365134,-0.31191397033651347
5422,3.6522882,3.956763013703716,-0.3044748137037159
5423,3.6503863,3.9515830659520477,-0.3011967659520476
5424,3.6446152,3.946309885422538,-0.30169468542253775
5425,3.6387744,3.940761067852238,-0.3019866678522378
5426,3.6302218,3.9351155501567803,-0.3048937501567801
5427,3.623886,3.9294341602138454,-0.30554816021384523
5428,3.6180344,3.9238447429983987,-0.3058103429983987
5429,3.612187,3.918629840530796,-0.3064428405307962
5430,3.6060627,3.913836464191001,-0.3077737641910012
5431,3.6055057,3.9093973174158507,-0.3038916174158506
5432,3.604986,3.9052898783920194,-0.30030387839201955
5433,3.6088889,3.9014574677631884,-0.2925685677631882
5434,3.6147363,3.8980373087890787,-0.2833010087890786
5435,3.6243515,3.895294821356813,-0.2709433213568131
5436,3.6315808,3.8931188361537936,-0.26153803615379356
5437,3.6377966,3.8913117814534917,-0.2535151814534915
5438,3.638187,3.8898162958075724,-0.25162929580757254
5439,3.638204,3.8887966722747165,-0.2505926722747165
5440,3.6382434,3.8879988756966224,-0.2497554756966225
5441,3.638313,3.887355258562908,-0.24904225856290774
5442,3.6384215,3.887253025285952,-0.24883152528595165
5443,3.6385767,3.8876393976169226,-0.24906269761692235
5444,3.6387873,3.888223838280978,-0.24943653828097778
5445,3.6390612,3.8892009519156368,-0.25013975191563675
5446,3.639407,3.8905529616344463,-0.25114596163444647
5447,3.6398325,3.8919480833275584,-0.25211558332755857
5448,3.6403465,3.8934136311373817,-0.25306713113738155
5449,3.6409569,3.8956375669026704,-0.25468066690267044
5450,3.6416721,3.8991602053569414,-0.25748810535694133
5451,3.6469204,3.9039214983846837,-0.25700109838468377
5452,3.6604178,3.909085900664171,-0.2486681006641711
5453,3.6664014,3.9138924545364193,-0.2474910545364195
5454,3.6692264,3.918792726855404,-0.24956632685540425
5455,3.6661093,3.923887645757801,-0.2577783457578011
5456,3.6661181,3.929295226993408,-0.263177126993408
5457,3.6652277,3.9353967925937345,-0.27016909259373456
5458,3.6640866,3.9418925392970365,-0.27780593929703645
5459,3.6620069,3.9486863543688004,-0.28667945436880027
5460,3.6585639,3.955686429459229,-0.29712252945922923
5461,3.6562817,3.962750476089522,-0.3064687760895217
5462,3.6433423,3.969689087734113,-0.3263467877341131
5463,3.6371253,3.9765933081845617,-0.3394680081845616
5464,3.6336954,3.983476012147991,-0.34978061214799094
5465,3.633644,3.9903770165434413,-0.3567330165434415
5466,3.633375,3.997405055522161,-0.36403005552216117
5467,3.6331308,4.004464060307147,-0.3713332603071473
5468,3.6348004,4.01163096455568,-0.37683056455568
5469,3.6472147,4.0191039614544986,-0.3718892614544984
5470,3.6532123,4.026706575957947,-0.37349427595794715
5471,3.6575177,4.034892963035135,-0.37737526303513524
5472,3.6603732,4.043330636996606,-0.3829574369966058
5473,3.6638455,4.051274771953889,-0.38742927195388877
5474,3.6678662,4.058698440206919,-0.3908322402069184
5475,3.6709018,4.0652989046026295,-0.39439710460262933
5476,3.671828,4.07115093037989,-0.39932293037988975
5477,3.6831152,4.076297933509194,-0.39318273350919375
5478,3.683826,4.080934164035436,-0.39710816403543614
5479,3.6824124,4.085599511511605,-0.4031871115116048
5480,3.6846683,4.0901098974701995,-0.4054415974701997
5481,3.6879337,4.093998368400857,-0.40606466840085753
5482,3.6941714,4.097378685112347,-0.40320728511234716
5483,3.6976242,4.10015525078689,-0.40253105078689
5484,3.700871,4.102244368308179,-0.4013733683081795
5485,3.6981387,4.10388412492338,-0.40574542492338006
5486,3.6933758,4.1051828263562316,-0.41180702635623145
5487,3.6994336,4.106184843330259,-0.4067512433302589
5488,3.6987643,4.10699536050599,-0.4082310605059898
5489,3.6989026,4.107966030112376,-0.4090634301123761
5490,3.699682,4.108663979663096,-0.40898197966309624
5491,3.7045538,4.1090360516318745,-0.4044822516318747
5492,3.70921,4.109323586282989,-0.400113586282989
5493,3.7092602,4.109309396410649,-0.40004919641064873
5494,3.7149985,4.1088896716948415,-0.39389117169484145
5495,3.7163577,4.108387165910145,-0.39202946591014465
5496,3.717973,4.107886747838652,-0.38991374783865185
5497,3.7244492,4.10741052059599,-0.3829613205959901
5498,3.724631,4.106997705495798,-0.38236670549579754
5499,3.725962,4.106859325523166,-0.3808973255231658
5500,3.7305865,4.107403053172705,-0.37681655317270524
5501,3.732605,4.10829254854315,-0.3756875485431501
5502,3.7354267,4.108841145161863,-0.37341444516186284
5503,3.7444599,4.109278165627056,-0.364818265627056
5504,3.7531598,4.1095952117579575,-0.35643541175795734
5505,3.7632794,4.109757154270624,-0.3464777542706239
5506,3.7717438,4.109719981993801,-0.3379761819938012
5507,3.7783694,4.1092913356865,-0.33092193568649986
5508,3.7833972,4.108265439613813,-0.32486823961381317
5509,3.7811267,4.106595944689452,-0.32546924468945226
5510,3.7845993,4.104540554144803,-0.319941254144803
5511,3.7870777,4.102251727911076,-0.31517402791107596
5512,3.7916772,4.09975054431049,-0.30807334431049016
5513,3.7967246,4.097101609721097,-0.30037700972109693
5514,3.8008652,4.094284184651277,-0.29341898465127736
5515,3.8033993,4.091187983727295,-0.2877886837272947
5516,3.803372,4.08775355647762,-0.28438155647761976
5517,3.803493,4.084087595488595,-0.28059459548859467
5518,3.8027987,4.080426081406118,-0.27762738140611853
5519,3.805202,4.076759329171617,-0.2715573291716171
5520,3.8058221,4.073058145212477,-0.26723604521247735
5521,3.8030658,4.069278115745532,-0.26621231574553184
5522,3.7956576,4.065464955497168,-0.26980735549716783
5523,3.7862918,4.061661572554854,-0.2753697725548543
5524,3.7774353,4.057914900814005,-0.2804796008140049
5525,3.771395,4.054228638788548,-0.2828336387885475
5526,3.7692719,4.050655038009066,-0.2813831380090659
5527,3.7703912,4.047095049916997,-0.27670384991699715
5528,3.7742953,4.043619926717739,-0.2693246267177387
5529,3.7823584,4.040362039956082,-0.2580036399560819
5530,3.789664,4.0374864033334035,-0.24782240333340333
5531,3.796693,4.034995094090991,-0.23830209409099146
5532,3.8067365,4.032854905528699,-0.22611840552869866
5533,3.8162646,4.031099944176482,-0.2148353441764823
5534,3.8247342,4.029616761982992,-0.20488256198299215
5535,3.8359408,4.02839886800557,-0.19245806800556986
5536,3.8487155,4.027276453301629,-0.1785609533016288
5537,3.8592594,4.026337770611317,-0.1670783706113168
5538,3.8695102,4.025837595133586,-0.15632739513358596
5539,3.8786075,4.025600175217542,-0.14699267521754145
5540,3.8856113,4.025855190427827,-0.14024389042782737
5541,3.888492,4.026388552655758,-0.1378965526557585
5542,3.8896408,4.026979608478911,-0.13733880847891067
5543,3.8861423,4.027669113746505,-0.1415268137465051
5544,3.8801553,4.02846685104216,-0.14831155104215998
5545,3.8749597,4.029421160416556,-0.15446146041655595
5546,3.868359,4.030520737666078,-0.16216173766607778
5547,3.869495,4.031683786859768,-0.16218878685976756
5548,3.8602185,4.033252254013527,-0.1730337540135265
5549,3.8525445,4.035019845033364,-0.18247534503336427
5550,3.8489444,4.036511488828774,-0.1875670888287737
5551,3.8439648,4.03789419293546,-0.19392939293545997
5552,3.8405817,4.0391264855233615,-0.19854478552336152
5553,3.8396344,4.0402749877483135,-0.2006405877483135
5554,3.8406765,4.041364816922756,-0.20068831692275602
5555,3.8387973,4.04240430077882,-0.20360700077882
5556,3.8433173,4.043432134014306,-0.20011483401430574
5557,3.8489816,4.044401189687881,-0.19541958968788098
5558,3.8567462,4.045276440322985,-0.1885302403229847
5559,3.8589706,4.046096509240359,-0.18712590924035855
5560,3.8588278,4.046923354133994,-0.18809555413399393
5561,3.8597171,4.047747127688588,-0.1880300276885878
5562,3.8555179,4.048508530023257,-0.19299063002325711
5563,3.8511615,4.049219790769593,-0.19805829076959292
5564,3.8453183,4.049920974851959,-0.20460267485195915
5565,3.837363,4.050805245581217,-0.21344224558121727
5566,3.8322177,4.051698493907899,-0.21948079390789843
5567,3.8215725,4.052521077511541,-0.23094857751154096
5568,3.813722,4.053461036890375,-0.2397390368903749
5569,3.8066876,4.054408310348956,-0.24772071034895582
5570,3.801468,4.0554028416076155,-0.2539348416076157
5571,3.7934058,4.056390018857367,-0.2629842188573668
5572,3.7858014,4.057288732359109,-0.27148733235910916
5573,3.7814136,4.058149914680035,-0.276736314680035
5574,3.7787235,4.058917412644701,-0.28019391264470084
5575,3.7810102,4.05952693501178,-0.2785167350117801
5576,3.7870462,4.059857021573607,-0.27281082157360714
5577,3.7969546,4.05991132309884,-0.2629567230988399
5578,3.811712,4.059907975065592,-0.24819597506559177
5579,3.828587,4.0598815795052285,-0.23129457950522836
5580,3.847304,4.059782840714508,-0.21247884071450818
5581,3.8669543,4.059555403930939,-0.19260110393093877
5582,3.884613,4.059202739505208,-0.17458973950520829
5583,3.899401,4.058757004509833,-0.15935600450983323
5584,3.9107764,4.058170401930417,-0.14739400193041652
5585,3.9180374,4.057660058165584,-0.13962265816558395
5586,3.923536,4.057054790469086,-0.13351879046908577
5587,3.9281006,4.05623484363367,-0.12813424363367032
5588,3.9309006,4.055374471769454,-0.12447387176945401
5589,3.933331,4.054446064933091,-0.12111506493309143
5590,3.9362903,4.0534771410950245,-0.11718684109502453
5591,3.9344788,4.0525156937389015,-0.11803689373890158
5592,3.9314792,4.051516454257792,-0.12003725425779166
5593,3.9295948,4.050293317123552,-0.1206985171235524
5594,3.9293344,4.048865580189743,-0.11953118018974251
5595,3.9307687,4.047512473353033,-0.11674377335303365
5596,3.9333966,4.0463116775533265,-0.11291507755332653
5597,3.9363415,4.045196924038238,-0.10885542403823756
5598,3.9393158,4.044151544231238,-0.10483574423123798
5599,3.9485648,4.043148757123031,-0.09458395712303114
5600,3.94853,4.042171242392939,-0.09364124239293936
5601,3.951185,4.041261991501178,-0.09007699150117743
5602,3.9547436,4.040484414613019,-0.08574081461301875
5603,3.9587076,4.03974272717395,-0.08103512717395
5604,3.9635925,4.039118028484764,-0.07552552848476424
5605,3.9678955,4.038897154357435,-0.07100165435743477
5606,3.9692066,4.03878097939157,-0.06957437939156952
5607,3.9699304,4.038568731755798,-0.06863833175579792
5608,3.973332,4.038466083694589,-0.06513408369458862
5609,3.983467,4.038498274697782,-0.05503127469778235
5610,3.9950104,4.0386936455461235,-0.04368324554612357
5611,3.9994311,4.039039322733372,-0.0396082227333725
5612,4.002265,4.039491301185696,-0.037226301185695476
5613,4.0064664,4.040251357643333,-0.033784957643333335
5614,4.013687,4.041040012833819,-0.02735301283381908
5615,4.021249,4.041789211928581,-0.02054021192858091
5616,4.0249624,4.042724537186376,-0.017762137186376314
5617,4.028463,4.043784254101208,-0.01532125410120777
5618,4.038175,4.0450064781819846,-0.006831478181984707
5619,4.0371027,4.046325185415927,-0.009222485415926407
5620,4.0331945,4.047727303002998,-0.014532803002998307
5621,4.031224,4.049217151229918,-0.01799315122991807
5622,4.0263877,4.050795890947594,-0.024408190947593944
5623,4.0169854,4.052484023163181,-0.03549862316318109
5624,4.0149274,4.054223315959688,-0.03929591595968773
5625,4.010877,4.05600736504656,-0.04513036504656043
5626,4.0101547,4.0577528241079275,-0.0475981241079273
5627,4.0132785,4.059434257342537,-0.04615575734253685
5628,4.0206494,4.061102229183597,-0.040452829183597494
5629,4.0293427,4.06274603198875,-0.03340333198875012
5630,4.044658,4.064357920340129,-0.019699920340128685
5631,4.0569787,4.0659227872578825,-0.008944087257882316
5632,4.0663104,4.067461286776774,-0.001150886776773774
5633,4.073265,4.068957505258021,0.004307494741978779
5634,4.0793,4.070396449527286,0.00890355047271374
5635,4.0852585,4.0718842131520505,0.013374286847949612
5636,4.0886655,4.073404823863094,0.01526067613690607
5637,4.0956616,4.075234963125343,0.020426636874656623
5638,4.100257,4.077246296408891,0.023010703591109127
5639,4.1054664,4.078969450745134,0.026496949254865676
5640,4.1074753,4.080645019723965,0.026830280276034735
5641,4.1127057,4.082306911956814,0.030398788043186187
5642,4.116805,4.083894654522232,0.03291034547776839
5643,4.1218653,4.085417765039061,0.036447534960938555
5644,4.1267667,4.086909740924474,0.039856959075526
5645,4.12707,4.088443892036196,0.038626107963803946
5646,4.1289587,4.090007007586017,0.038951692413983
5647,4.1279397,4.091493614961228,0.036446085038771336
5648,4.129632,4.092993804522139,0.0366381954778614
5649,4.133824,4.094298001845163,0.03952599815483637
5650,4.1349387,4.09530921977438,0.03962948022561985
5651,4.134746,4.096204784769064,0.03854121523093568
5652,4.127754,4.0970015510401785,0.030752448959821876
5653,4.1274514,4.0977454988528565,0.029705901147143443
5654,4.1269965,4.098443940328174,0.028552559671825684
5655,4.127434,4.0990442397191105,0.028389760280889575
5656,4.1275897,4.0994502169606335,0.028139483039366198
5657,4.129085,4.099659789095158,0.029425210904841848
5658,4.133496,4.099798542641552,0.03369745735844809
5659,4.1375146,4.09995866897903,0.03755593102096988
5660,4.145156,4.100140594596291,0.045015405403709075
5661,4.1524124,4.10035870426405,0.052053695735950534
5662,4.157763,4.100575077724881,0.05718792227511926
5663,4.1619983,4.100802389205777,0.06119591079422282
5664,4.1650186,4.101084895525606,0.06393370447439395
5665,4.1670227,4.101446145705771,0.06557655429422926
5666,4.166275,4.10193016186616,0.06434483813383984
5667,4.1624103,4.102462595483595,0.05994770451640541
5668,4.1606674,4.103006174807328,0.05766122519267203
5669,4.1577005,4.10361157829148,0.05408892170851942
5670,4.1562457,4.104281253514828,0.05196444648517229
5671,4.1550403,4.105028001556801,0.050012298443198766
5672,4.1568985,4.105784276761611,0.05111422323838877
5673,4.1615195,4.10650819832262,0.05501130167737944
5674,4.166471,4.1072313024013,0.059239697598699514
5675,4.1713715,4.107961681661826,0.06340981833817416
5676,4.177242,4.108703868532936,0.06853813146706411
5677,4.177791,4.109728121166711,0.0680628788332891
5678,4.1767697,4.111028403328347,0.06574129667165352
5679,4.170275,4.11223083950243,0.05804416049757055
5680,4.1609106,4.11341692223611,0.047493677763890574
5681,4.155108,4.114650970330427,0.04045702966957343
5682,4.148854,4.1158533728438345,0.033000627156165585
5683,4.14338,4.117002154045843,0.026377845954156598
5684,4.1369805,4.118120063840687,0.01886043615931321
5685,4.1321282,4.119191425106169,0.012936774893831604
5686,4.12592,4.120201056735768,0.005718943264231946
5687,4.120442,4.121152357612435,-0.0007103576124354305
5688,4.1161466,4.122028003380466,-0.0058814033804655
5689,4.1146555,4.122822486585048,-0.008166986585048441
5690,4.113229,4.123523300605157,-0.01029430060515768
5691,4.1170273,4.124089700641548,-0.007062400641547839
5692,4.121436,4.1245007203122945,-0.0030647203122944333
5693,4.124743,4.124846458487694,-0.00010345848769421906
5694,4.128989,4.125152332736005,0.0038366672639948973
5695,4.1338696,4.125418654339151,0.00845094566084903
5696,4.136913,4.125639819894761,0.011273180105239256
5697,4.1401944,4.125816767950612,0.014377632049388467
5698,4.1423025,4.126085628083212,0.016216871916788556
5699,4.1434293,4.1264856828679966,0.016943617132003652
5700,4.1431437,4.12679818842725,0.01634551157275066
5701,4.1398764,4.127011826046369,0.01286457395363172
5702,4.136103,4.127130265971908,0.00897273402809251
5703,4.1332955,4.127149600928149,0.006145899071850813
5704,4.1320624,4.127107918935637,0.004954481064362248
5705,4.133534,4.1270390439921085,0.006494956007891517
5706,4.1353235,4.126916813871472,0.008406686128528129
5707,4.135534,4.126776381372493,0.00875761862750668
5708,4.135943,4.126605272390744,0.009337727609255886
5709,4.1328025,4.12640755618343,0.00639494381657002
5710,4.1266885,4.126180381163808,0.000508118836192395
5711,4.1267285,4.125884017744744,0.0008444822552560183
5712,4.121616,4.125470674641075,-0.0038546746410750288
5713,4.1168756,4.124879226171627,-0.008003626171626976
5714,4.1151047,4.124104296265684,-0.00899959626568414
5715,4.1120343,4.123118580859504,-0.01108428085950397
5716,4.112127,4.12191457714385,-0.009787577143850257
5717,4.111335,4.1205215244085815,-0.009186524408581143
5718,4.110561,4.119032060481062,-0.008471060481062054
5719,4.11044,4.117364960537912,-0.006924960537912028
5720,4.112208,4.115586975039506,-0.003378975039506571
5721,4.116935,4.113822142064974,0.0031128579350259145
5722,4.12328,4.112045131079311,0.011234868920689145
5723,4.131385,4.110243242458445,0.021141757541554895
5724,4.1387253,4.1084230414384715,0.03030225856152846
5725,4.149971,4.106590573313526,0.04338042668647368
5726,4.1599274,4.104821745916402,0.05510565408359813
5727,4.168762,4.103195426191673,0.06556657380832664
5728,4.175814,4.101661658238814,0.07415234176118624
5729,4.1806564,4.100157616033327,0.08049878396667332
5730,4.185864,4.098706411658878,0.08715758834112197
5731,4.1902194,4.097310299633786,0.09290910036621458
5732,4.1943307,4.09595365135956,0.09837704864044028
5733,4.197015,4.094638340571195,0.10237665942880536
5734,4.2017646,4.093447560490368,0.10831703950963156
5735,4.2059045,4.092365926981553,0.11353857301844705
5736,4.2068915,4.091413874256552,0.11547762574344844
5737,4.2053223,4.090580142454913,0.11474215754508688
5738,4.2037125,4.089891078806377,0.11382142119362282
5739,4.201577,4.089303642203158,0.112273357796842
5740,4.1980414,4.088391242918528,0.10965015708147252
5741,4.19585,4.087535180875691,0.10831481912430885
5742,4.192408,4.087581824834898,0.10482617516510206
5743,4.188709,4.087464040049326,0.10124495995067395
5744,4.1849256,4.087394396297418,0.09753120370258195
5745,4.1799936,4.087471957104125,0.09252164289587572
5746,4.1751623,4.087861217993868,0.08730108200613262
5747,4.1689734,4.088439184827652,0.0805342151723476
5748,4.167126,4.089034535213067,0.07809146478693307
5749,4.16671,4.089730495542975,0.07697950445702517
5750,4.1672416,4.090487679831709,0.07675392016829097
5751,4.167161,4.091081408130954,0.07607959186904623
5752,4.165461,4.0915807370396875,0.07388026296031214
5753,4.1663795,4.0921148660402595,0.07426463395974015
5754,4.1651044,4.092716606663799,0.07238779333620027
5755,4.1645203,4.0934089095384625,0.07111139046153792
5756,4.161616,4.094380412898755,0.06723558710124511
5757,4.159851,4.095555931272382,0.06429506872761781
5758,4.1584005,4.096840388278144,0.061560111721855826
5759,4.1438828,4.0981250256189385,0.045757774381061544
5760,4.136563,4.0995633355704255,0.03699966442957425
5761,4.133087,4.101177418736664,0.03190958126333587
5762,4.13007,4.102773152951045,0.027296847048955186
5763,4.1291275,4.104049596533259,0.02507790346674099
5764,4.134501,4.1051292608816645,0.029371739118335682
5765,4.13665,4.106713240961886,0.029936759038114324
5766,4.138543,4.108128668165933,0.030414331834067276
5767,4.1385956,4.109236965499769,0.02935863450023124
5768,4.1383667,4.110103267349343,0.02826343265065656
5769,4.1368756,4.110761391972786,0.02611420802721387
5770,4.1357703,4.111217190271917,0.024553109728082667
5771,4.133362,4.1114930193114345,0.021868980688565465
5772,4.132215,4.111599379746389,0.02061562025361141
5773,4.1385183,4.111532664182211,0.026985635817789344
5774,4.1408668,4.111358107401417,0.029508692598583686
5775,4.1440125,4.11106645080775,0.032946049192249305
5776,4.149714,4.11073687679958,0.03897712320042057
5777,4.152408,4.110346403027565,0.04206159697243539
5778,4.1542435,4.109825012880537,0.04441848711946239
5779,4.154118,4.109118826911275,0.044999173088725364
5780,4.150611,4.1081572189154825,0.04245378108451714
5781,4.144177,4.107083961806021,0.03709303819397913
5782,4.1372037,4.1058832548184885,0.031320445181511225
5783,4.1339273,4.104484284869427,0.029443015130572903
5784,4.129377,4.102926211139795,0.026450788860205243
5785,4.126165,4.1012415330807555,0.024923466919244852
5786,4.12015,4.099581146423986,0.020568853576013346
5787,4.11114,4.097853238752914,0.013286761247085721
5788,4.1049,4.0959198999504105,0.008980100049589268
5789,4.0977664,4.093825888607981,0.003940511392019452
5790,4.0939126,4.0915454880867586,0.002367111913241793
5791,4.0950665,4.089281091454878,0.005785408545121662
5792,4.0993247,4.086840339282109,0.012484360717891718
5793,4.1077456,4.084067311320881,0.02367828867911914
5794,4.118258,4.081131543394081,0.03712645660591907
5795,4.1263437,4.0780374599753895,0.04830624002461015
5796,4.1389728,4.075201612124875,0.06377118787512526
5797,4.150543,4.072314822884757,0.07822817711524266
5798,4.163029,4.069016471833734,0.0940125281662656
5799,4.173778,4.06531984369945,0.10845815630055
5800,4.179757,4.061488196238161,0.11826880376183979
5801,4.1835666,4.057506694040759,0.12605990595924066
5802,4.181939,4.053326728524352,0.1286122714756477
5803,4.178567,4.049185919386775,0.12938108061322495
5804,4.1754327,4.045060932458441,0.13037176754155944
5805,4.1637583,4.040877149082366,0.12288115091763352
5806,4.1508646,4.036735353176404,0.11412924682359638
5807,4.1394763,4.0326774601537645,0.10679883984623562
5808,4.1344886,4.02873436435244,0.10575423564756026
5809,4.1301455,4.024939308133345,0.10520619186665492
5810,4.125306,4.0213315466084225,0.10397445339157763
5811,4.1245565,4.017966940214977,0.10658955978502238
5812,4.1346817,4.014682616143849,0.11999908385615043
5813,4.146177,4.011516714383344,0.13466028561665588
5814,4.155277,4.008644380062484,0.14663261993751586
5815,4.1628027,4.0060573380542435,0.15674536194575683
5816,4.1686325,4.003661800613675,0.16497069938632514
5817,4.17402,4.001377201664015,0.17264279833598462
5818,4.17215,3.999231009059091,0.17291899094090946
5819,4.165579,3.9972842511992237,0.16829474880077644
5820,4.155488,3.995587692623343,0.15990030737665695
5821,4.1425867,3.9941963839862344,0.1483903160137654
5822,4.1275854,3.993021524371279,0.13456387562872107
5823,4.1111946,3.9922046952529913,0.11898990474700888
5824,4.094123,3.991810607547264,0.1023123924527356
5825,4.077081,3.991759220595089,0.08532177940491081
5826,4.0607786,3.9920099998373515,0.06876860016264841
5827,4.045926,3.993119019588491,0.052806980411508775
5828,4.0332327,3.9950124220956784,0.0382202779043217
5829,4.023408,3.9971648768644292,0.026243123135570645
5830,4.017163,3.999717424136302,0.017445575863697993
5831,4.017152,4.0025819951830695,0.014570004816930826
5832,4.028084,4.0060419332399855,0.0220420667600143
5833,4.0378995,4.010172522367678,0.027726977632322125
5834,4.0466733,4.014466827604692,0.03220647239530816
5835,4.0544944,4.018896142129706,0.03559825787029425
5836,4.0610614,4.023511552032438,0.03754984796756222
5837,4.061642,4.028248136266517,0.03339386373348319
5838,4.0580053,4.033094346438551,0.02491095356144868
5839,4.0540915,4.038060453000429,0.016031046999571252
5840,4.049443,4.043107246556499,0.006335753443501346
5841,4.044381,4.048192961610611,-0.0038119616106113696
5842,4.038659,4.05349390394336,-0.014834903943359734
5843,4.0337873,4.058831345471597,-0.025044045471596554
5844,4.0311117,4.0638619462951375,-0.03275024629513723
5845,4.031322,4.068764156393397,-0.03744215639339643
5846,4.0332513,4.073604936616196,-0.04035363661619584
5847,4.0358405,4.0785004811593435,-0.04265998115934355
5848,4.0454416,4.083431300473089,-0.037989700473088917
5849,4.0545883,4.088282635948461,-0.03369433594846161
5850,4.0644836,4.093093886230582,-0.028610286230581927
5851,4.0728292,4.0978707679955955,-0.025041567995595315
5852,4.080685,4.102579201766076,-0.02189420176607637
5853,4.0854287,4.107151652568458,-0.021722952568458354
5854,4.0919046,4.11159090653599,-0.019686306535989573
5855,4.101293,4.1159457979291885,-0.014652797929188388
5856,4.1115375,4.120177331512687,-0.008639831512686769
5857,4.122672,4.124154345063056,-0.001482345063056556
5858,4.1334696,4.127890078607035,0.0055795213929643594
5859,4.145049,4.131640876465434,0.013408123534565775
5860,4.1536365,4.135369187672426,0.01826731232757428
5861,4.157913,4.139040159707138,0.01887284029286196
5862,4.16225,4.142714725854051,0.01953527414594891
5863,4.168514,4.146336857473481,0.0221771425265187
5864,4.174832,4.149742691369276,0.025089308630724005
5865,4.1819587,4.1529889100126915,0.02896978998730848
5866,4.188575,4.156071960578273,0.03250303942172739
5867,4.195392,4.159023320980295,0.036368679019704864
5868,4.202873,4.161856850058711,0.04101614994128955
5869,4.2099457,4.164657590760082,0.04528810923991777
5870,4.215321,4.167505285826807,0.04781571417319341
5871,4.219523,4.170094395083636,0.049428604916363916
5872,4.222036,4.172274702044747,0.049761297955253525
5873,4.2256784,4.174101291672537,0.05157710832746254
5874,4.227332,4.17573713281811,0.05159486718188955
5875,4.227379,4.177205922381384,0.05017307761861556
5876,4.2271338,4.17829784306272,0.048835956937280045
5877,4.221938,4.179067281590214,0.042870718409785624
5878,4.2248154,4.17976632286489,0.04504907713510953
5879,4.21761,4.1804237682390415,0.037186231760958144
5880,4.20173,4.181246429530862,0.02048357046913818
5881,4.1993113,4.182048429603864,0.017262870396136165
5882,4.1995926,4.182717763584321,0.01687483641567855
5883,4.203477,4.183273366847429,0.020203633152571676
5884,4.209182,4.183897354053709,0.025284645946291207
5885,4.2137866,4.18529161957079,0.02849498042921006
5886,4.2220764,4.187026526051945,0.035049873948055144
5887,4.233573,4.188648459382376,0.04492454061762352
5888,4.247017,4.190273213733659,0.05674378626634091
5889,4.263444,4.191843477940573,0.07160052205942691
5890,4.2867475,4.193379376418771,0.0933681235812287
5891,4.305674,4.1948772984531235,0.11079670154687626
5892,4.3169928,4.19617501402056,0.12081778597944037
5893,4.3304358,4.1967714341245514,0.1336643658754486
5894,4.3440256,4.196883410970512,0.14714218902948772
5895,4.354297,4.197080085548832,0.15721691445116814
5896,4.3628793,4.197364625823923,0.16551467417607757
5897,4.368589,4.1977560204407025,0.17083297955929755
5898,4.3718524,4.1982540812613856,0.1735983187386143
5899,4.3794174,4.198789251531102,0.18062814846889808
5900,4.3831415,4.199521367141541,0.1836201328584588
5901,4.3874445,4.200244049336353,0.18720045066364666
5902,4.3916636,4.200721524039461,0.19094207596053892
5903,4.3967023,4.201188564843327,0.19551373515667336
5904,4.401715,4.2016876684973905,0.20002733150260976
5905,4.4088135,4.202155374955782,0.20665812504421766
5906,4.4098597,4.202587660672617,0.2072720393273828
5907,4.405681,4.203056989730375,0.2026240102696253
5908,4.406262,4.203542883625739,0.20271911637426054
5909,4.4064417,4.2049517175592115,0.20148998244078875
5910,4.404575,4.206968825841536,0.19760617415846404
5911,4.403878,4.20873256738149,0.19514543261851003
5912,4.402274,4.210654311261758,0.19161968873824264
5913,4.4001803,4.212716084392265,0.18746421560773463
5914,4.39848,4.214895268570414,0.18358473142958598
5915,4.398165,4.217192815306629,0.1809721846933705
5916,4.399961,4.219135055977711,0.18082594402228924
5917,4.400033,4.220253285116072,0.17977971488392797
5918,4.400434,4.220124510903725,0.18030948909627487
5919,4.3993344,4.219229080391676,0.180105319608324
5920,4.39829,4.218234383989829,0.18005561601017117
5921,4.396179,4.217115568556146,0.17906343144385417
5922,4.3937325,4.2158620579859765,0.17787044201402313
5923,4.391282,4.2144601769780765,0.17682182302192384
5924,4.3865085,4.212930331845791,0.1735781681542088
5925,4.380544,4.211329515244755,0.16921448475524503
5926,4.3747535,4.209668022482605,0.16508547751739489
5927,4.368955,4.207947326847775,0.1610076731522243
5928,4.367229,4.20628589112973,0.16094310887026975
5929,4.3658347,4.204725000508408,0.16110969949159148
5930,4.3618164,4.203018576804372,0.15879782319562796
5931,4.3599353,4.201199103849291,0.15873619615070922
5932,4.357639,4.199370054625318,0.15826894537468217
5933,4.3577423,4.197551126432954,0.16019117356704626
5934,4.3575463,4.195719768135126,0.1618265318648744
5935,4.360076,4.193876868611384,0.1661991313886162
5936,4.361155,4.192242695079857,0.16891230492014309
5937,4.3616815,4.190579353294528,0.17110214670547208
5938,4.362078,4.188733780540074,0.17334421945992595
5939,4.3634315,4.1868072048260325,0.17662429517396738
5940,4.3664255,4.184729418564181,0.1816960814358195
5941,4.3663964,4.182492603798824,0.18390379620117603
5942,4.3675776,4.180191652403272,0.1873859475967281
5943,4.3698297,4.17790862278076,0.19192107721924057
5944,4.3690076,4.1755694316404215,0.19343816835957828
5945,4.3637314,4.1731066438705176,0.19062475612948226
5946,4.358178,4.170621465590395,0.1875565344096044
5947,4.354853,4.168191148628593,0.18666185137140712
5948,4.3507986,4.165760896405613,0.18503770359438665
5949,4.3494143,4.1633222345415986,0.18609206545840173
5950,4.3488355,4.160933240933115,0.18790225906688462
5951,4.3552094,4.158624348067885,0.1965850519321144
5952,4.362347,4.156453175753534,0.2058938242464654
5953,4.3668017,4.154382337482579,0.2124193625174211
5954,4.3727,4.152350525831294,0.22034947416870576
5955,4.3756385,4.150387417244129,0.2252510827558707
5956,4.380627,4.148477446822879,0.23214955317712072
5957,4.3859396,4.1466380131551315,0.2393015868448689
5958,4.389327,4.144845761764057,0.24448123823594248
5959,4.3913116,4.143047120054277,0.24826447994572298
5960,4.3918405,4.141251428076821,0.25058907192317914
5961,4.393265,4.139440632753581,0.25382436724641977
5962,4.3948755,4.137644545320633,0.2572309546793674
5963,4.3982697,4.1358781193012915,0.2623915806987087
5964,4.4027743,4.134195045608305,0.26857925439169517
5965,4.4091873,4.133274351082487,0.2759129489175134
5966,4.41562,4.132796203537771,0.2828237964622282
5967,4.419933,4.132139587363947,0.28779341263605307
5968,4.4213557,4.131605505760817,0.2897501942391836
5969,4.412054,4.1311435577408515,0.28091044225914885
5970,4.3948693,4.130761252410753,0.26410804758924655
5971,4.371302,4.130447817978991,0.2408541820210086
5972,4.342855,4.130228035342089,0.2126269646579111
5973,4.311029,4.130035189774625,0.18099381022537564
5974,4.277325,4.1297779579221086,0.1475470420778917
5975,4.2432466,4.129487113085806,0.11375948691419424
5976,4.2102933,4.129174313018007,0.08111898698199305
5977,4.1799674,4.128809600580383,0.05115779941961662
5978,4.153771,4.128374352416003,0.025396647583996845
5979,4.1331983,4.12802118653242,0.005177113467579986
5980,4.1197677,4.127396203723614,-0.007628503723614344
5981,4.115537,4.1263024787907,-0.010765478790700556
5982,4.124199,4.125084115692717,-0.0008851156927169868
5983,4.1300497,4.123737101490665,0.006312598509334855
5984,4.130465,4.12231769605802,0.008147303941980155
5985,4.125073,4.120829794136125,0.004243205863875055
5986,4.108607,4.1192648426709,-0.010657842670900308
5987,4.0726404,4.117617754014117,-0.044977354014116955
5988,4.047932,4.115877456139664,-0.06794545613966374
5989,4.019771,4.114043019845198,-0.09427201984519762
5990,3.9956992,4.112189461198617,-0.11649026119861716
5991,3.9759445,4.110350602512685,-0.13440610251268437
5992,3.9615848,4.108479964598209,-0.1468951645982095
5993,3.9500046,4.106584631572461,-0.1565800315724606
5994,3.9399533,4.104696261500058,-0.16474296150005774
5995,3.9313626,4.103100566035854,-0.17173796603585423
5996,3.924043,4.101639045789877,-0.1775960457898771
5997,3.9176342,4.100077754112425,-0.18244355411242452
5998,3.9063165,4.098657318594743,-0.19234081859474284
5999,3.8850424,4.097370288690947,-0.2123278886909472
6000,3.8669815,4.0961373689704095,-0.2291558689704094
6001,3.8522077,4.094934376490979,-0.242726676490979
6002,3.8404443,4.0937337200016986,-0.2532894200016984
6003,3.8341238,4.092570498170018,-0.2584466981700184
6004,3.83598,4.091425453260828,-0.2554454532608279
6005,3.8398743,4.090310531514021,-0.25043623151402095
6006,3.8482175,4.089247427684228,-0.24102992768422782
6007,3.8553543,4.088244227431336,-0.2328899274313363
6008,3.865364,4.087236131733755,-0.2218721317337553
6009,3.8741422,4.08613883404631,-0.2119966340463102
6010,3.879813,4.084755965466664,-0.20494296546666435
6011,3.884298,4.083282889110576,-0.1989848891105761
6012,3.8845825,4.082175200317171,-0.19759270031717113
6013,3.880611,4.081060090813259,-0.200449090813259
6014,3.8723297,4.080052026335778,-0.20772232633577836
6015,3.8590055,4.079158446945431,-0.22015294694543153
6016,3.8414578,4.078253046000774,-0.23679524600077384
6017,3.8257425,4.077227696772836,-0.25148519677283554
6018,3.8109546,4.076134253657568,-0.26517965365756835
6019,3.802488,4.074994667798288,-0.27250666779828814
6020,3.7976282,4.073788281206899,-0.27616008120689894
6021,3.7953753,4.072490402153675,-0.2771151021536751
6022,3.7963278,4.071097585950661,-0.2747697859506615
6023,3.7984347,4.069540244972462,-0.27110554497246175
6024,3.8020651,4.0678330163142356,-0.26576791631423546
6025,3.8033557,4.066486286951123,-0.2631305869511227
6026,3.8025012,4.065209600555078,-0.26270840055507794
6027,3.7990167,4.063443067959312,-0.2644263679593122
6028,3.7937992,4.061515565036221,-0.2677163650362213
6029,3.7914722,4.059430348651907,-0.26795814865190737
6030,3.792158,4.057175864147261,-0.26501786414726114
6031,3.800571,4.054679264396102,-0.25410826439610146
6032,3.8148673,4.051865093327106,-0.23699779332710635
6033,3.832598,4.048733707131456,-0.21613570713145602
6034,3.855133,4.045579262758865,-0.19044626275886545
6035,3.879013,4.04275754507168,-0.16374454507168013
6036,3.904492,4.040117633123809,-0.13562563312380904
6037,3.925754,4.037465815922289,-0.11171181592228896
6038,3.9458106,4.034402290800933,-0.08859169080093254
6039,3.9631183,4.030800416504144,-0.06768211650414413
6040,3.9712164,4.027304589292419,-0.05608818929241943
6041,3.9714932,4.023918072737448,-0.052424872737448336
6042,3.9611075,4.020552765539066,-0.05944526553906648
6043,3.942799,4.017305186171538,-0.07450618617153815
6044,3.922251,4.01425298123469,-0.09200198123468972
6045,3.7941089,4.011615654266699,-0.21750675426669952
6046,3.726398,4.009190972718799,-0.282792972718799
6047,3.79456,4.006596727526634,-0.2120367275266335
6048,3.8372052,4.00407214913573,-0.1668669491357302
6049,3.826052,4.0016612378974425,-0.17560923789744276
6050,3.807323,3.9993668442176835,-0.19204384421768372
6051,3.788244,3.9972155897546897,-0.20897158975468955
6052,3.7661655,3.9951798358595774,-0.2290143358595773
6053,3.7377765,3.9933158368756616,-0.25553933687566177
6054,3.709757,3.991606275017459,-0.2818492750174588
6055,3.6855686,3.9900448603489944,-0.30447626034899455
6056,3.6618173,3.98866885911235,-0.32685155911234975
6057,3.6458151,3.9874861623648408,-0.3416710623648407
6058,3.6175983,3.986565432200282,-0.3689671322002819
6059,3.5867984,3.9859172815940216,-0.3991188815940214
6060,3.5547235,3.9855233302442516,-0.4307998302442515
6061,3.5168042,3.9853852645674332,-0.4685810645674331
6062,3.4730618,3.985507056420948,-0.5124452564209481
6063,3.448944,3.985921740251964,-0.536977740251964
6064,3.430178,3.9866064686399882,-0.5564284686399881
6065,3.41384,3.9875620394165403,-0.5737220394165403
6066,3.400164,3.9888056826396157,-0.5886416826396155
6067,3.3903003,3.9903391854245274,-0.6000388854245275
6068,3.3808277,3.992246656637321,-0.6114189566373209
6069,3.3699887,3.994462955028583,-0.6244742550285829
6070,3.3639112,3.99688963150357,-0.6329784315035698
6071,3.3584683,3.9995496750497237,-0.6410813750497235
6072,3.3595831,4.0024389612886635,-0.6428558612886635
6073,3.3680933,4.005595173782604,-0.6375018737826039
6074,3.38289,4.008994635194057,-0.6261046351940567
6075,3.4001236,4.012549266124044,-0.6124256661240435
6076,3.424797,4.016255822071058,-0.5914588220710577
6077,3.4477692,4.02008678481934,-0.57231758481934
6078,3.4686704,4.024145897702183,-0.5554754977021825
6079,3.4869516,4.028359081259375,-0.5414074812593754
6080,3.5094898,4.032583777039277,-0.5230939770392773
6081,3.5404727,4.036812484375142,-0.49633978437514203
6082,3.5640488,4.041156977495391,-0.47710817749539114
6083,3.5830448,4.046067197384005,-0.46302239738400486
6084,3.6000476,4.051292252645833,-0.45124465264583336
6085,3.6155875,4.055466294035411,-0.43987879403541097
6086,3.6282218,4.059278519272601,-0.4310567192726009
6087,3.64122,4.062391220879749,-0.4211712208797489
6088,3.6541476,4.06498510091229,-0.4108375009122902
6089,3.6709247,4.067823121725099,-0.39689842172509904
6090,3.6881256,4.073060804000174,-0.3849352040001741
6091,3.7070694,4.078836215673105,-0.3717668156731051
6092,3.7229276,4.083323603965196,-0.36039600396519633
6093,3.7386966,4.088103266852858,-0.34940666685285837
6094,3.75263,4.092647967878438,-0.3400179678784383
6095,3.7607214,4.09706315288342,-0.33634175288342005
6096,3.7664173,4.101851769334557,-0.3354344693345568
6097,3.764521,4.1058786842860595,-0.3413576842860597
6098,3.761528,4.1093569218553645,-0.3478289218553643
6099,3.7620053,4.111711651546261,-0.34970635154626084
6100,3.76599,4.112084912080757,-0.34609491208075704
6101,3.7696097,4.110740477196037,-0.341130777196037
6102,3.772884,4.108732717877147,-0.335848717877147
6103,3.7729263,4.1065884505134855,-0.3336621505134856
6104,3.7690332,4.104291046215296,-0.3352578462152964
6105,3.7587814,4.101817000019286,-0.34303560001928624
6106,3.7518039,4.099164307380064,-0.3473604073800636
6107,3.749004,4.096293949401391,-0.3472899494013908
6108,3.7384894,4.0931619893118025,-0.35467258931180234
6109,3.7267761,4.089728830794145,-0.3629527307941447
6110,3.71509,4.085985632154357,-0.3708956321543573
6111,3.703707,4.081945107902836,-0.3782381079028361
6112,3.6957462,4.077571874702303,-0.38182567470230344
6113,3.6852984,4.072865027601454,-0.38756662760145355
6114,3.6712875,4.067797207056642,-0.3965097070566417
6115,3.6556168,4.062295737730596,-0.40667893773059616
6116,3.636031,4.056346580644303,-0.42031558064430286
6117,3.6167843,4.049981620086808,-0.43319732008680845
6118,3.5955691,4.0432109801852505,-0.4476418801852504
6119,3.5801773,4.035979267342262,-0.4558019673422624
6120,3.561217,4.0284735939194585,-0.4672565939194584
6121,3.5429633,4.020421257078817,-0.4774579570788169
6122,3.529165,4.011867245026133,-0.48270224502613335
6123,3.513262,4.003008506120949,-0.48974650612094894
6124,3.499744,3.993837768425352,-0.4940937684253517
6125,3.4871173,3.9844436760251023,-0.4973263760251023
6126,3.4692078,3.9748833805949166,-0.5056755805949167
6127,3.449705,3.965244788740953,-0.5155397887409534
6128,3.4192255,3.955569361611612,-0.5363438616116118
6129,3.387352,3.9458696569572442,-0.5585176569572443
6130,3.3549368,3.936146558671367,-0.5812097586713669
6131,3.314041,3.926482788164005,-0.6124417881640052
6132,3.2724693,3.916950585297176,-0.644481285297176
6133,3.232621,3.9075863397775388,-0.6749653397775388
6134,3.1942022,3.89839604838012,-0.70419384838012
6135,3.1569216,3.8898426022839785,-0.7329210022839785
6136,3.1204844,3.881700553956568,-0.761216153956568
6137,3.0845988,3.8735676335729847,-0.7889688335729845
6138,3.0489717,3.8657522835222324,-0.8167805835222324
6139,3.0133097,3.8582550487540055,-0.8449453487540053
6140,2.9773211,3.851071760006729,-0.8737506600067286
6141,2.9407113,3.844286199474043,-0.9035748994740431
6142,2.9041414,3.837923129577695,-0.9337817295776953
6143,2.8756092,3.8320471091554196,-0.9564379091554196
6144,2.8390753,3.82665817216144,-0.9875828721614397
6145,2.7976413,3.822379152182375,-1.024737852182375
6146,2.7595356,3.818700603903238,-1.0591650039032379
6147,2.7164252,3.814963506924463,-1.0985383069244627
6148,2.680628,3.8117838045507386,-1.1311558045507386
6149,2.6463962,3.8090882955366423,-1.1626920955366424
6150,2.6190045,3.8067647294537177,-1.1877602294537177
6151,2.5977566,3.804838073036028,-1.2070814730360282
6152,2.5829358,3.8032757223485847,-1.2203399223485847
6153,2.5687637,3.8020813770261768,-1.233317677026177
6154,2.5645294,3.8011586275120246,-1.2366292275120245
6155,2.5687659,3.8004469709386393,-1.2316810709386394
6156,2.5662525,3.800483948049706,-1.234231448049706
6157,2.5712411,3.80082394928954,-1.2295828492895402
6158,2.577179,3.8009859836502504,-1.2238069836502503
6159,2.5767605,3.8012253756462777,-1.224464875646278
6160,2.5769675,3.8014666607602856,-1.2244991607602858
6161,2.5722046,3.8017366932290626,-1.2295320932290625
6162,2.58439,3.802093162281294,-1.217703162281294
6163,2.600577,3.802545925237469,-1.2019689252374692
6164,2.6156561,3.803129907872042,-1.1874738078720424
6165,2.6283145,3.8038156414188853,-1.1755011414188852
6166,2.6467416,3.804570631332186,-1.1578290313321862
6167,2.6697083,3.805483692213056,-1.135775392213056
6168,2.7071033,3.8065105236655445,-1.0994072236655446
6169,2.7386856,3.8077797450175437,-1.0690941450175435
6170,2.77011,3.8095980034175647,-1.0394880034175649
6171,2.804317,3.812192011278154,-1.0078750112781538
6172,2.8369184,3.8155677092615288,-0.9786493092615287
6173,2.8713913,3.8197548716425733,-0.9483635716425733
6174,2.904372,3.825080699315987,-0.9207086993159872
6175,2.9388645,3.831682337131434,-0.8928178371314339
6176,2.9744928,3.8392842515662355,-0.8647914515662354
6177,3.0086179,3.8477343304137013,-0.8391164304137013
6178,3.0380948,3.856819401195722,-0.8187246011957221
6179,3.0600586,3.8663070128070123,-0.8062484128070122
6180,3.088721,3.875863692859663,-0.7871426928596628
6181,3.1119483,3.8853818519601697,-0.7734335519601698
6182,3.1348758,3.8948382165199202,-0.7599624165199201
6183,3.1710107,3.904156738264424,-0.7331460382644241
6184,3.2002041,3.913334891755007,-0.7131307917550069
6185,3.205986,3.922269804123441,-0.7162838041234414
6186,3.2025561,3.9306993791525775,-0.7281432791525777
6187,3.2005517,3.9387708360515834,-0.7382191360515833
6188,3.1955936,3.9465956734948184,-0.7510020734948184
6189,3.191611,3.954061908377877,-0.7624509083778772
6190,3.182204,3.9610123954089187,-0.7788083954089187
6191,3.1613193,3.967409616873742,-0.8060903168737417
6192,3.1375046,3.973321884788371,-0.8358172847883707
6193,3.1148028,3.977529863178394,-0.8627270631783941
6194,3.0992017,3.978866032893693,-0.8796643328936931
6195,3.0879047,3.9787225213644466,-0.8908178213644464
6196,3.079542,3.9785200912750023,-0.8989780912750023
6197,3.0471857,3.9784005855025413,-0.9312148855025413
6198,3.0405948,3.9783264788219297,-0.9377316788219296
6199,3.0400488,3.9781363060289183,-0.9380875060289182
6200,3.0480597,3.9774579850315694,-0.9293982850315694
6201,3.0585034,3.9765749742469536,-0.9180715742469534
6202,3.0771496,3.9759199374318963,-0.8987703374318965
6203,3.0949032,3.9754594204588893,-0.8805562204588893
6204,3.1085782,3.975210127774418,-0.8666319277744177
6205,3.11254,3.9751799968173254,-0.8626399968173253
6206,3.1162055,3.9754525728038015,-0.8592470728038015
6207,3.1062186,3.975709726881467,-0.8694911268814671
6208,3.1035297,3.9757736301727578,-0.8722439301727576
6209,3.0981424,3.976042346641695,-0.877899946641695
6210,3.0935538,3.976563069764909,-0.883009269764909
6211,3.0943396,3.9772954014077997,-0.8829558014077996
6212,3.0992203,3.9782593979180856,-0.8790390979180858
6213,3.1032345,3.9794853797227785,-0.8762508797227784
6214,3.1076007,3.981139510442688,-0.873538810442688
6215,3.115982,3.983183112680707,-0.8672011126807071
6216,3.1256561,3.985472049763453,-0.859815949763453
6217,3.1331427,3.987868509121589,-0.854725809121589
6218,3.1423123,3.990290076792749,-0.847977776792749
6219,3.1515133,3.992895286574813,-0.8413819865748131
6220,3.1616712,3.995767804521903,-0.8340966045219034
6221,3.1697965,3.9990018327034194,-0.8292053327034195
6222,3.1746433,4.005042094074249,-0.8303987940742492
6223,3.1748755,4.012583199418073,-0.8377076994180732
6224,3.1652527,4.019239745242042,-0.8539870452420422
6225,3.1656778,4.02570138783631,-0.8600235878363103
6226,3.1612124,4.032005717653266,-0.8707933176532663
6227,3.1590195,4.038175923668995,-0.8791564236689955
6228,3.1547906,4.043992584352202,-0.8892019843522023
6229,3.1600223,4.048748261136114,-0.8887259611361142
6230,3.1451328,4.052556518782722,-0.9074237187827219
6231,3.1395276,4.056047388965729,-0.9165197889657293
6232,3.1466587,4.059321136238207,-0.912662436238207
6233,3.1639535,4.062288614496585,-0.898335114496585
6234,3.1846051,4.065580957359952,-0.8809758573599518
6235,3.2029996,4.068969015495458,-0.8659694154954583
6236,3.2201483,4.071400581225199,-0.8512522812251992
6237,3.233879,4.073382937148852,-0.8395039371488524
6238,3.250389,4.075231978864351,-0.8248429788643508
6239,3.2624588,4.076827523600731,-0.8143687236007313
6240,3.2764282,4.0782287540926445,-0.8018005540926447
6241,3.2883823,4.0795107648727225,-0.7911284648727226
6242,3.296065,4.0807333414724125,-0.7846683414724125
6243,3.303385,4.081992292862837,-0.7786072928628367
6244,3.3073447,4.083549863901482,-0.7762051639014818
6245,3.3076847,4.0852650604465515,-0.7775803604465517
6246,3.3112903,4.086807792806516,-0.7755174928065158
6247,3.3152575,4.088383984041927,-0.7731264840419274
6248,3.309688,4.089962358842044,-0.780274358842044
6249,3.316088,4.0915470582217885,-0.7754590582217884
6250,3.319383,4.093147097572393,-0.7737640975723927
6251,3.3232684,4.094792294721399,-0.7715238947213994
6252,3.3299212,4.09648270831212,-0.7665615083121202
6253,3.3381848,4.098245102668112,-0.7600603026681116
6254,3.347967,4.10011988610096,-0.7521528861009599
6255,3.3586285,4.101961423143973,-0.7433329231439734
6256,3.3661597,4.103613673509765,-0.7374539735097647
6257,3.3803341,4.105266155708933,-0.7249320557089334
6258,3.3924778,4.106944512358707,-0.714466712358707
6259,3.404349,4.108645338575197,-0.7042963385751975
6260,3.420117,4.110362324929518,-0.6902453249295184
6261,3.436384,4.112101905308128,-0.6757179053081281
6262,3.4541647,4.113930011983894,-0.6597653119838935
6263,3.469101,4.115772521818496,-0.6466715218184955
6264,3.4841635,4.117708003142574,-0.6335445031425735
6265,3.4953058,4.11965218845632,-0.6243463884563201
6266,3.503574,4.121564645596121,-0.6179906455961208
6267,3.5033667,4.12348861119224,-0.62012191119224
6268,3.5035303,4.125284162058312,-0.6217538620583123
6269,3.4995694,4.126585563611864,-0.6270161636118643
6270,3.496229,4.127299457215545,-0.6310704572155452
6271,3.491115,4.127878618737318,-0.636763618737318
6272,3.4893396,4.128340577222687,-0.639000977222687
6273,3.4876163,4.128698363430448,-0.6410820634304484
6274,3.4897974,4.128932827122033,-0.6391354271220329
6275,3.4938366,4.129041744476617,-0.6352051444766174
6276,3.5010257,4.129059600097408,-0.628033900097408
6277,3.50817,4.129130731269204,-0.6209607312692045
6278,3.5167673,4.1291678671664735,-0.6124005671664734
6279,3.5274658,4.129020002512263,-0.6015542025122631
6280,3.5368686,4.128834274945457,-0.5919656749454569
6281,3.5431006,4.128625701542409,-0.5855251015424088
6282,3.5497665,4.128427702808418,-0.5786612028084179
6283,3.5546994,4.128289042357653,-0.573589642357653
6284,3.5612476,4.128229428798344,-0.5669818287983435
6285,3.567361,4.128634203234318,-0.5612732032343182
6286,3.571993,4.129387896395292,-0.5573948963952917
6287,3.578039,4.12986784845957,-0.5518288484595701
6288,3.5798917,4.130311967162325,-0.5504202671623251
6289,3.581362,4.1307638179511885,-0.5494018179511886
6290,3.5829303,4.131199013792697,-0.5482687137926971
6291,3.5814438,4.131558670931755,-0.5501148709317545
6292,3.5859876,4.131817036749401,-0.5458294367494005
6293,3.5876355,4.131946379516288,-0.5443108795162876
6294,3.5904388,4.131947409721619,-0.5415086097216188
6295,3.5948834,4.131795556085887,-0.5369121560858869
6296,3.6063266,4.131480137494302,-0.5251535374943019
6297,3.6176126,4.131047282886492,-0.5134346828864915
6298,3.6321628,4.130554944026187,-0.4983921440261869
6299,3.6398761,4.129934222778766,-0.4900581227787657
6300,3.6565387,4.12918448161798,-0.47264578161797965
6301,3.6684952,4.128314731713938,-0.45981953171393775
6302,3.680469,4.127287714594779,-0.44681871459477884
6303,3.684383,4.126105241208675,-0.4417222412086752
6304,3.6824124,4.124794561037592,-0.442382161037592
6305,3.6738946,4.123402724482953,-0.4495081244829531
6306,3.6660244,4.121902504406408,-0.45587810440640775
6307,3.6561737,4.12013348948252,-0.46395978948252026
6308,3.6487775,4.118154058681321,-0.4693765586813208
6309,3.6414566,4.11624253281821,-0.4747859328182096
6310,3.6363513,4.114315328498123,-0.47796402849812347
6311,3.6333923,4.112348250240468,-0.4789559502404681
6312,3.6315024,4.110378985538485,-0.47887658553848533
6313,3.6297314,4.108404642371978,-0.47867324237197817
6314,3.6271646,4.106397804911217,-0.4792332049112171
6315,3.6254718,4.104385596748601,-0.47891379674860124
6316,3.6272168,4.102463292448961,-0.47524649244896144
6317,3.627908,4.1005801532421335,-0.4726721532421334
6318,3.6232736,4.098650379693709,-0.4753767796937085
6319,3.6088355,4.096716327860585,-0.4878808278605846
6320,3.6069303,4.094733424034675,-0.4878031240346745
6321,3.6019146,4.092837663645705,-0.4909230636457047
6322,3.5995266,4.0908559577890635,-0.4913293577890636
6323,3.590636,4.088707752269499,-0.4980717522694986
6324,3.580476,4.086571634900794,-0.5060956349007943
6325,3.5734372,4.084415806452932,-0.510978606452932
6326,3.5676901,4.082154511612655,-0.5144644116126553
6327,3.5611386,4.079807834476434,-0.5186692344764343
6328,3.554971,4.077392563415307,-0.5224215634153069
6329,3.5552478,4.07497764104378,-0.5197298410437803
6330,3.5502963,4.072592273949654,-0.5222959739496544
6331,3.5444064,4.070135929205982,-0.5257295292059818
6332,3.5392032,4.067529756135365,-0.5283265561353652
6333,3.5370953,4.064778709825405,-0.5276834098254053
6334,3.5340817,4.061856775971963,-0.5277750759719626
6335,3.5291193,4.058797896537742,-0.529678596537742
6336,3.5242734,4.055605076855825,-0.5313316768558249
6337,3.5270517,4.0522371561577435,-0.5251854561577436
6338,3.5280468,4.048695768050829,-0.5206489680508288
6339,3.5360196,4.044933519881406,-0.5089139198814059
6340,3.546524,4.04091981682382,-0.49439581682382006
6341,3.5594068,4.036620804992317,-0.47721400499231725
6342,3.571991,4.032043083858767,-0.4600520838587667
6343,3.5800412,4.0272279484428894,-0.4471867484428893
6344,3.5850818,4.022189928276618,-0.43710812827661805
6345,3.5803952,4.017091217960229,-0.4366960179602293
6346,3.561033,4.011966549615886,-0.45093354961588616
6347,3.535625,4.006785623105253,-0.4711606231052534
6348,3.5042865,4.001620479785432,-0.4973339797854317
6349,3.4770725,3.996444328946973,-0.5193718289469733
6350,3.4486825,3.9915269139662737,-0.5428444139662738
6351,3.4346771,3.9870058932683206,-0.5523287932683205
6352,3.4224167,3.9824707688755825,-0.5600540688755826
6353,3.412638,3.9779206254174273,-0.5652826254174275
6354,3.4030554,3.9735789665669445,-0.5705235665669446
6355,3.387205,3.969482547037281,-0.5822775470372812
6356,3.3676999,3.9655020616098193,-0.5978021616098195
6357,3.3416913,3.961592444444708,-0.6199011444447082
6358,3.3200226,3.9577828259672065,-0.6377602259672064
6359,3.2944598,3.9540899205992384,-0.6596301205992385
6360,3.270329,3.9504759699388132,-0.6801469699388134
6361,3.251673,3.946907100593248,-0.6952341005932481
6362,3.235416,3.9434754346618526,-0.7080594346618527
6363,3.2154367,3.94019581254411,-0.7247591125441097
6364,3.1947217,3.937064948503061,-0.7423432485030608
6365,3.173767,3.9341069694876722,-0.7603399694876725
6366,3.152807,3.931342951674716,-0.7785359516747157
6367,3.1352332,3.9290025416797856,-0.7937693416797855
6368,3.122807,3.9269927515449545,-0.8041857515449546
6369,3.1137576,3.925087278524907,-0.8113296785249071
6370,3.1004672,3.9233956675995305,-0.8229284675995303
6371,3.0840225,3.92191092652375,-0.8378884265237501
6372,3.061578,3.9206024293503647,-0.8590244293503648
6373,3.0439725,3.9195231401562856,-0.8755506401562854
6374,3.0297558,3.9187901958107125,-0.8890343958107123
6375,3.02154,3.918810639080724,-0.8972706390807241
6376,3.0176501,3.9189439666400827,-0.9012938666400827
6377,3.0178418,3.9188524511364595,-0.9010106511364597
6378,3.0232837,3.919005329858017,-0.8957216298580173
6379,3.0099576,3.9195038333663903,-0.9095462333663904
6380,3.0241916,3.9202137471443756,-0.8960221471443757
6381,3.0290756,3.921062265845622,-0.8919866658456219
6382,3.0354538,3.9222533027525732,-0.8867995027525732
6383,3.0455136,3.923630916570017,-0.8781173165700169
6384,3.043419,3.925125405520701,-0.8817064055207009
6385,3.0485055,3.9268456102272356,-0.8783401102272355
6386,3.0502298,3.928576186729574,-0.8783463867295742
6387,3.0432303,3.9301072427126997,-0.8868769427126999
6388,3.0341372,3.931577637579503,-0.8974404375795029
6389,3.0267127,3.9326787984735723,-0.9059660984735722
6390,3.0222507,3.9336254254146152,-0.9113747254146154
6391,3.0177667,3.934752539011881,-0.9169858390118808
6392,3.0368793,3.9357130653079304,-0.8988337653079306
6393,3.0402515,3.9365199702734137,-0.8962684702734136
6394,3.046622,3.9371737955858053,-0.8905517955858051
6395,3.0571735,3.9377147023170815,-0.8805412023170813
6396,3.0709033,3.93809035669066,-0.8671870566906601
6397,3.0874972,3.9379315667199273,-0.8504343667199272
6398,3.1014917,3.9370787103329055,-0.8355870103329055
6399,3.1168768,3.9358709748170844,-0.8189941748170844
6400,3.1257727,3.9342844807294255,-0.8085117807294253
6401,3.1349225,3.932372824401185,-0.797450324401185
6402,3.132854,3.930182061984881,-0.797328061984881
6403,3.1332037,3.927756255765747,-0.7945525557657467
6404,3.1373477,3.9249533939404535,-0.7876056939404537
6405,3.1487002,3.921831691757094,-0.773131491757094
6406,3.1668286,3.918511638313232,-0.751683038313232
6407,3.1878629,3.915137647124822,-0.727274747124822
6408,3.206847,3.9131521476208238,-0.706305147620824
6409,3.2205875,3.91219485697533,-0.69160735697533
6410,3.2324731,3.9110047996157298,-0.6785316996157298
6411,3.2389483,3.9095909771554167,-0.6706426771554166
6412,3.2627966,3.907659459267629,-0.6448628592676289
6413,3.2179358,3.9054758428331757,-0.6875400428331759
6414,3.271479,3.902922520181743,-0.631443520181743
6415,3.27257,3.8999379312550295,-0.6273679312550295
6416,3.272304,3.8964796526825807,-0.6241756526825806
6417,3.2630506,3.8922916734663353,-0.6292410734663352
6418,3.2450986,3.8869490733910212,-0.6418504733910213
6419,3.2190585,3.8807233227187328,-0.6616648227187327
6420,3.1884634,3.874427239085401,-0.6859638390854013
6421,3.1673398,3.8679824375430942,-0.7006426375430941
6422,3.1475666,3.8613697832271168,-0.7138031832271166
6423,3.1256268,3.8547533834471643,-0.7291265834471643
6424,3.098891,3.848197937099235,-0.7493069370992349
6425,3.060112,3.8417230767670163,-0.7816110767670161
6426,3.017287,3.8353908196217916,-0.8181038196217916
6427,2.988836,3.8293405632990445,-0.8405045632990444
6428,2.950544,3.823640216851977,-0.8730962168519771
6429,2.923425,3.8182752168531646,-0.8948502168531647
6430,2.912553,3.8136667349885127,-0.9011137349885128
6431,2.9061835,3.809514038056889,-0.9033305380568888
6432,2.8964179,3.8050606189380654,-0.9086427189380655
6433,2.9083078,3.8006680458616913,-0.892360245861691
6434,2.9199688,3.7963743614027385,-0.8764055614027386
6435,2.9312375,3.7921452268904288,-0.8609077268904288
6436,2.9413745,3.78801889165172,-0.8466443916517203
6437,2.945223,3.784120360611068,-0.8388973606110679
6438,2.9358075,3.7804819991838388,-0.8446744991838386
6439,2.9159513,3.776988096739371,-0.8610367967393708
6440,2.8904376,3.7744639701564044,-0.8840263701564046
6441,2.864006,3.7720537753239367,-0.9080477753239369
6442,2.8430994,3.76882300340242,-0.9257236034024201
6443,2.8267865,3.7653336936863204,-0.9385471936863206
6444,2.8111386,3.761632837598847,-0.9504942375988468
6445,2.8025997,3.7579569934047226,-0.9553572934047225
6446,2.8026621,3.7545673989911474,-0.9519052989911474
6447,2.8028646,3.751103413548863,-0.9482388135488629
6448,2.803279,3.747668403873634,-0.9443894038736342
6449,2.8039768,3.744287717067082,-0.940310917067082
6450,2.8050296,3.7427647520350864,-0.9377351520350863
6451,2.806509,3.7431741583442895,-0.9366651583442893
6452,2.8084865,3.744310718382375,-0.9358242183823751
6453,2.8110337,3.745700663558744,-0.9346669635587443
6454,2.814222,3.7469703319027725,-0.9327483319027725
6455,2.818123,3.7486530447456845,-0.9305300447456846
6456,2.8228085,3.7504732476501,-0.9276647476501001
6457,2.8323483,3.7525437124810734,-0.9201954124810734
6458,2.8357205,3.756197187238289,-0.9204766872382892
6459,2.8433053,3.760592002073631,-0.917286702073631
6460,2.8494732,3.764365293202483,-0.9148920932024831
6461,2.8616714,3.7679803149084097,-0.9063089149084096
6462,2.8805695,3.7715905309689037,-0.8910210309689037
6463,2.9013846,3.7754264538459665,-0.8740418538459664
6464,2.9257443,3.7792740531731064,-0.8535297531731065
6465,2.949123,3.782764418985503,-0.8336414189855028
6466,2.9735086,3.7852124735546657,-0.8117038735546656
6467,3.0001462,3.7873566831187353,-0.7872104831187352
6468,3.0275912,3.789710138169157,-0.7621189381691571
6469,3.054003,3.7923172208327736,-0.7383142208327738
6470,3.0753055,3.7947972992881973,-0.7194917992881975
6471,3.089433,3.796327771006745,-0.7068947710067448
6472,3.1026065,3.797394056084222,-0.694787556084222
6473,3.100963,3.7986531412671747,-0.6976901412671745
6474,3.1041226,3.8001314724345945,-0.6960088724345943
6475,3.109871,3.801842425701809,-0.691971425701809
6476,3.1213663,3.803916500752851,-0.6825502007528508
6477,3.1346653,3.8061441139299372,-0.6714788139299372
6478,3.1547415,3.8086776445533363,-0.6539361445533363
6479,3.1850967,3.8115845641628803,-0.6264878641628804
6480,3.1825702,3.814702866782435,-0.6321326667824354
6481,3.2095914,3.8179745520753485,-0.6083831520753487
6482,3.2247794,3.8213609316323778,-0.5965815316323777
6483,3.2476099,3.8248991740568,-0.5772892740567999
6484,3.2709079,3.828665827387623,-0.5577579273876228
6485,3.2957742,3.8322217973504107,-0.5364475973504108
6486,3.3215985,3.835237586668157,-0.513639086668157
6487,3.3399658,3.8381136213429965,-0.4981478213429966
6488,3.3627667,3.8411555658003076,-0.4783888658003077
6489,3.3847797,3.8439030338298648,-0.4591233338298646
6490,3.3920963,3.8459639725994674,-0.4538676725994675
6491,3.4147534,3.8475641082677456,-0.4328107082677457
6492,3.4354618,3.8492486829263797,-0.41378688292637955
6493,3.4560382,3.8514127437458137,-0.3953745437458136
6494,3.472883,3.854070470574614,-0.3811874705746141
6495,3.4890485,3.856943646897374,-0.3678951468973741
6496,3.5057995,3.86014167217861,-0.35434217217860997
6497,3.5284805,3.863636256946888,-0.3351557569468877
6498,3.539553,3.867398722966211,-0.32784572296621084
6499,3.5479813,3.8714444209947736,-0.3234631209947736
6500,3.5566678,3.8757342336746254,-0.3190664336746254
6501,3.5587955,3.8861525930386778,-0.32735709303867777
6502,3.5614243,3.9008357145067767,-0.3394114145067766
6503,3.565796,3.9131757830697453,-0.34737978306974515
6504,3.5726275,3.924577484481248,-0.35194998448124837
6505,3.5890644,3.935308501992207,-0.3462441019922071
6506,3.5919003,3.945542516737504,-0.3536422167375042
6507,3.6056006,3.9554328782777675,-0.34983227827776764
6508,3.619119,3.965130372532303,-0.3460113725323031
6509,3.6296573,3.9747673568554283,-0.3451100568554284
6510,3.6347733,3.984047279415952,-0.34927397941595206
6511,3.6378675,3.9919512961696992,-0.3540837961696992
6512,3.6329486,3.9986266803041772,-0.36567808030417703
6513,3.625497,4.005124946525993,-0.37962794652599285
6514,3.61683,4.011587250008207,-0.3947572500082064
6515,3.607619,4.018001283987451,-0.41038228398745114
6516,3.60238,4.024521161890254,-0.42214116189025397
6517,3.5982602,4.03032503720897,-0.4320648372089697
6518,3.5963876,4.034396029429438,-0.43800842942943774
6519,3.592609,4.036796154265927,-0.44418715426592703
6520,3.585748,4.038552871447951,-0.4528048714479511
6521,3.5799506,4.040470855462684,-0.4605202554626837
6522,3.576224,4.042513426772675,-0.4662894267726747
6523,3.5707812,4.044563566779486,-0.4737823667794858
6524,3.569216,4.046705282692579,-0.47748928269257895
6525,3.5714984,4.049269429054012,-0.4777710290540118
6526,3.5754569,4.0519850852885115,-0.4765281852885117
6527,3.5919342,4.05448414758745,-0.4625499475874504
6528,3.5964181,4.05701222188057,-0.46059412188057003
6529,3.6061041,4.059558417350132,-0.4534543173501322
6530,3.6078491,4.062066480330406,-0.45421738033040615
6531,3.6096191,4.0645700184428994,-0.45495091844289925
6532,3.6076245,4.067085113166247,-0.45946061316624665
6533,3.6081924,4.069593286887656,-0.461400886887656
6534,3.6134448,4.072176088173028,-0.4587312881730279
6535,3.615907,4.075083810100464,-0.4591768101004643
6536,3.6265924,4.077975306877574,-0.45138290687757454
6537,3.6380615,4.080556270994067,-0.44249477099406676
6538,3.6474566,4.08309751409172,-0.4356409140917199
6539,3.6537411,4.085633270559003,-0.4318921705590033
6540,3.6552005,4.088168576906495,-0.43296807690649475
6541,3.6558087,4.090698698352734,-0.43488999835273345
6542,3.6553967,4.093195901768757,-0.4377992017687573
6543,3.6552942,4.095876293936,-0.44058209393599945
6544,3.6562183,4.098285198355568,-0.4420668983555682
6545,3.6574924,4.100095411366805,-0.4426030113668049
6546,3.659328,4.101666072258904,-0.44233807225890365
6547,3.6592789,4.103149411350037,-0.44387051135003697
6548,3.6643176,4.104546464246127,-0.44022886424612695
6549,3.6685715,4.10584636630739,-0.4372748663073902
6550,3.6711698,4.10700341448128,-0.4358336144812802
6551,3.6750946,4.107964884978569,-0.4328702849785686
6552,3.6801736,4.108694467250306,-0.428520867250306
6553,3.6850412,4.109111733828762,-0.4240705338287616
6554,3.6877093,4.109132746369938,-0.4214234463699382
6555,3.691174,4.108761724453847,-0.4175877244538464
6556,3.697683,4.108074881537171,-0.41039188153717054
6557,3.707236,4.107146862246505,-0.39991086224650463
6558,3.7196884,4.1060220697522976,-0.38633366975229766
6559,3.734035,4.104730827121397,-0.37069582712139715
6560,3.7501416,4.103290004003849,-0.35314840400384906
6561,3.7673144,4.101776363840059,-0.33446196384005855
6562,3.779018,4.100148322438804,-0.32113032243880335
6563,3.7891083,4.098367245188324,-0.3092589451883243
6564,3.7973208,4.096509086290465,-0.2991882862904647
6565,3.803906,4.095316603408974,-0.29141060340897385
6566,3.8103638,4.09400549637012,-0.28364169637012004
6567,3.8133218,4.091940836154665,-0.27861903615466455
6568,3.8118973,4.089636874761354,-0.2777395747613536
6569,3.8137796,4.087157443841251,-0.2733778438412511
6570,3.8187463,4.084550359956662,-0.265804059956662
6571,3.821615,4.081875119632947,-0.26026011963294726
6572,3.8293893,4.079117396198191,-0.24972809619819092
6573,3.8335812,4.077178809187953,-0.24359760918795326
6574,3.8379092,4.075527790185802,-0.23761859018580234
6575,3.8417816,4.073225667696437,-0.23144406769643666
6576,3.8458416,4.070995009008871,-0.22515340900887093
6577,3.8510492,4.068825725198531,-0.21777652519853108
6578,3.8572268,4.066681821507059,-0.20945502150705897
6579,3.8654523,4.064601074173832,-0.19914877417383225
6580,3.8757596,4.062568804417999,-0.18680920441799875
6581,3.885268,4.060608938063687,-0.17534093806368745
6582,3.8946445,4.05872549880926,-0.16408099880925953
6583,3.9015698,4.056873013064807,-0.15530321306480754
6584,3.9050162,4.055062793436032,-0.150046593436032
6585,3.905351,4.053289812812327,-0.14793881281232713
6586,3.9001248,4.051582490977869,-0.15145769097786888
6587,3.8995023,4.0498746720405565,-0.15037237204055653
6588,3.8849347,4.048111817707748,-0.16317711770774812
6589,3.874905,4.046373863299147,-0.1714688632991468
6590,3.8651798,4.044637616230496,-0.17945781623049584
6591,3.8568747,4.042890990991097,-0.18601629099109696
6592,3.8497488,4.041132330666863,-0.19138353066686298
6593,3.8473706,4.039380277425797,-0.19200967742579733
6594,3.845641,4.03763782724309,-0.19199682724309008
6595,3.8443744,4.035893440025426,-0.19151904002542564
6596,3.8437119,4.034127045581501,-0.19041514558150086
6597,3.8434732,4.0323407740559984,-0.1888675740559984
6598,3.8395123,4.030580462239437,-0.19106816223943657
6599,3.8395364,4.028953815976409,-0.1894174159764086
6600,3.836125,4.027441457400597,-0.191316457400597
6601,3.8336322,4.025910553968933,-0.19227835396893278
6602,3.8271484,4.024383790233445,-0.19723539023344516
6603,3.8210657,4.022924154426461,-0.20185845442646055
6604,3.813614,4.0216890385397,-0.20807503853969989
6605,3.8090167,4.020574423202831,-0.21155772320283095
6606,3.799361,4.019422357129735,-0.22006135712973496
6607,3.7889774,4.01849031944947,-0.2295129194494705
6608,3.7807508,4.018014745873319,-0.23726394587331878
6609,3.777383,4.017731164157582,-0.2403481641575822
6610,3.7743857,4.017812536640063,-0.24342683664006337
6611,3.772775,4.018206259409684,-0.2454312594096839
6612,3.7719193,4.018695004556746,-0.24677570455674624
6613,3.776752,4.0192585032518595,-0.2425065032518594
6614,3.7793643,4.019978267071878,-0.24061396707187832
6615,3.782049,4.020859916323149,-0.23881091632314844
6616,3.7873154,4.021990841028754,-0.2346754410287537
6617,3.7937405,4.023297580646848,-0.2295570806468481
6618,3.8011017,4.024632419586123,-0.22353071958612292
6619,3.8063648,4.026040366929436,-0.21967556692943635
6620,3.8128552,4.027505772640571,-0.21465057264057075
6621,3.8168094,4.02909154089282,-0.21228214089281972
6622,3.8209698,4.030753106786696,-0.20978330678669588
6623,3.8256717,4.0324032270933925,-0.2067315270933925
6624,3.8294067,4.034059338608068,-0.20465263860806804
6625,3.8305686,4.035836847470605,-0.20526824747060468
6626,3.8374035,4.037512427860714,-0.20010892786071421
6627,3.844234,4.039030137765564,-0.1947961377655636
6628,3.8522131,4.040549148811983,-0.18833604881198251
6629,3.8583722,4.042080885486197,-0.1837086854861969
6630,3.8599308,4.0436462621017615,-0.1837154621017616
6631,3.859097,4.045267791667111,-0.18617079166711115
6632,3.8567538,4.0469457649343,-0.19019196493430002
6633,3.852999,4.048707668276882,-0.19570866827688205
6634,3.848707,4.050551718075233,-0.20184471807523252
6635,3.8510437,4.052468755272314,-0.20142505527231425
6636,3.8500366,4.054473173369355,-0.20443657336935495
6637,3.8588257,4.05651825660302,-0.1976925566030201
6638,3.8750937,4.0585424019905165,-0.18344870199051666
6639,3.894177,4.060519449977275,-0.1663424499772752
6640,3.9129367,4.062424313441651,-0.1494876134416514
6641,3.929537,4.064185411883884,-0.13464841188388377
6642,3.9428122,4.065803417222536,-0.12299121722253625
6643,3.9476318,4.067447924007193,-0.1198161240071931
6644,3.9451425,4.069058546970247,-0.12391604697024672
6645,3.9363348,4.070521965130714,-0.13418716513071427
6646,3.9226096,4.07190080628758,-0.1492912062875802
6647,3.9062512,4.073251158696889,-0.16699995869688955
6648,3.8908932,4.0747194129716835,-0.18382621297168367
6649,3.87876,4.076325857198194,-0.19756585719819375
6650,3.874079,4.078104786984172,-0.20402578698417173
6651,3.8758273,4.080006836401411,-0.20417953640141118
6652,3.879968,4.081880620063633,-0.20191262006363342
6653,3.8909094,4.083869722871874,-0.19296032287187437
6654,3.902044,4.08595887720023,-0.18391487720023036
6655,3.9005127,4.087860542849708,-0.18734784284970818
6656,3.9030282,4.089626076701347,-0.18659787670134653
6657,3.9030108,4.09154347595133,-0.1885326759513295
6658,3.8978097,4.0937670501127075,-0.19595735011270765
6659,3.8885913,4.096526684287341,-0.20793538428734148
6660,3.8789291,4.099878059681822,-0.2209489596818215
6661,3.8700879,4.103501152231536,-0.2334132522315362
6662,3.864344,4.107487869926893,-0.24314386992689307
6663,3.8613727,4.1114089710958615,-0.25003627109586146
6664,3.859361,4.114927580125882,-0.2555665801258824
6665,3.8582284,4.118438542779979,-0.2602101427799788
6666,3.8512485,4.121952374260112,-0.270703874260112
6667,3.852684,4.12509629102873,-0.2724122910287301
6668,3.8486862,4.127799537142569,-0.27911333714256914
6669,3.840101,4.130491208483489,-0.29039020848348907
6670,3.828198,4.133275395006414,-0.3050773950064136
6671,3.8066602,4.136155422968432,-0.32949522296843226
6672,3.7924283,4.139143593502904,-0.3467152935029043
6673,3.768036,4.142306071409459,-0.37427007140945934
6674,3.7355325,4.145882135815179,-0.4103496358151788
6675,3.7155042,4.148987426561514,-0.4334832265615143
6676,3.7024362,4.151407029906185,-0.44897082990618475
6677,3.6956036,4.153634908895606,-0.45803130889560606
6678,3.6909397,4.155734826535501,-0.46479512653550126
6679,3.6853955,4.157901815938045,-0.47250631593804515
6680,3.68013,4.160204906963044,-0.48007490696304345
6681,3.6744092,4.162661221758564,-0.4882520217585644
6682,3.6679165,4.165398323317666,-0.49748182331766566
6683,3.6653912,4.168325376359107,-0.5029341763591066
6684,3.6661334,4.171300392972755,-0.5051669929727551
6685,3.6735349,4.174350261426673,-0.5008153614266728
6686,3.6876264,4.177431949953123,-0.48980554995312264
6687,3.7062335,4.180577008698741,-0.47434350869874065
6688,3.7332547,4.183742676922504,-0.45048797692250453
6689,3.7481537,4.186850076136678,-0.438696376136678
6690,3.7697275,4.189940667810586,-0.42021316781058626
6691,3.7856238,4.192908938486597,-0.40728513848659675
6692,3.800861,4.195163304985005,-0.3943023049850054
6693,3.8061993,4.196129750593952,-0.3899304505939525
6694,3.8049273,4.196435463984793,-0.3915081639847928
6695,3.8009372,4.196709042964811,-0.3957718429648107
6696,3.794062,4.196937239843761,-0.40287523984376117
6697,3.7895834,4.197085763467943,-0.40750236346794244
6698,3.7848794,4.197139434592969,-0.4122600345929688
6699,3.784412,4.197159125478353,-0.412747125478353
6700,3.7862659,4.197154711835415,-0.4108888118354148
6701,3.7859552,4.197087267355679,-0.41113206735567864
6702,3.7916324,4.196994029499213,-0.40536162949921284
6703,3.7975748,4.196914438270193,-0.39933963827019303
6704,3.8000238,4.19719335753201,-0.3971695575320098
6705,3.798222,4.197482419920204,-0.39926041992020433
6706,3.7932065,4.197295841724731,-0.4040893417247311
6707,3.7889884,4.196887268906507,-0.40789886890650706
6708,3.7829459,4.196157346274327,-0.4132114462743268
6709,3.7856064,4.1950646318278935,-0.40945823182789365
6710,3.7783399,4.193570395853145,-0.415230495853145
6711,3.764339,4.191270677896077,-0.4269316778960772
6712,3.7552838,4.188112284041491,-0.4328284840414911
6713,3.7451532,4.184397347650273,-0.43924414765027286
6714,3.7351859,4.1803668935534875,-0.4451809935534876
6715,3.720106,4.176016912572393,-0.45591091257239347
6716,3.7061353,4.171355321777365,-0.46522002177736477
6717,3.6909091,4.166389760505,-0.47548066050500015
6718,3.6858063,4.161109742979994,-0.47530344297999383
6719,3.6858182,4.155538214579331,-0.4697200145793312
6720,3.6868625,4.149723506701907,-0.4628610067019068
6721,3.6907272,4.143689936386751,-0.45296273638675144
6722,3.6963992,4.137474150196268,-0.44107495019626786
6723,3.6988685,4.131117807396,-0.4322493073960003
6724,3.6887748,4.1246308047740285,-0.4358560047740285
6725,3.6778092,4.11803472302767,-0.4402255230276704
6726,3.6674263,4.111350450629509,-0.44392415062950885
6727,3.6574728,4.104493287885297,-0.4470204878852968
6728,3.647796,4.097465467855062,-0.4496694678550619
6729,3.6382391,4.0904053142629815,-0.45216621426298165
6730,3.6286566,4.083352018277771,-0.45469541827777116
6731,3.6188922,4.076295103540982,-0.4574029035409821
6732,3.6087928,4.069251233534895,-0.46045843353489513
6733,3.5982053,4.062215662396589,-0.4640103623965892
6734,3.5869765,4.055197776924484,-0.46822127692448356
6735,3.574937,4.0482063027931785,-0.4732693027931787
6736,3.5597174,4.041246486614411,-0.4815290866144113
6737,3.5401623,4.034341429027758,-0.49417912902775774
6738,3.5096164,4.027531710131203,-0.5179153101312033
6739,3.4603598,4.021644375382486,-0.5612845753824862
6740,3.4026272,4.016400571652851,-0.6137733716528513
6741,3.3414502,4.01094293207744,-0.66949273207744
6742,3.2905087,4.0055564239963894,-0.7150477239963893
6743,3.2495193,4.000236995555659,-0.7507176955556591
6744,3.2218137,3.994986327092319,-0.7731726270923192
6745,3.2037375,3.989813282555747,-0.7860757825557472
6746,3.1817899,3.984708362686507,-0.8029184626865069
6747,3.1707861,3.9796219991573154,-0.8088358991573155
6748,3.1579666,3.9739962250193153,-0.8160296250193153
6749,3.144566,3.967918566593249,-0.8233525665932486
6750,3.1196616,3.9619196316594136,-0.8422580316594135
6751,3.0823321,3.9560609158560123,-0.8737288158560124
6752,3.0812848,3.9503927358380446,-0.8691079358380445
6753,3.0769937,3.9448792699265027,-0.8678855699265027
6754,3.0749915,3.9394808615619263,-0.8644893615619265
6755,3.0787997,3.934220834860973,-0.8554211348609733
6756,3.1016605,3.929175353035097,-0.8275148530350971
6757,3.1169522,3.924291127818089,-0.8073389278180891
6758,3.1472604,3.919468012762901,-0.7722076127629012
6759,3.1473062,3.9147291366117973,-0.7674229366117973
6760,3.1362588,3.9100874014713267,-0.7738286014713269
6761,3.1195798,3.9055376529733143,-0.7859578529733144
6762,3.1008716,3.9011222028138306,-0.8002506028138305
6763,3.0823495,3.896901160945836,-0.8145516609458361
6764,3.0695758,3.8929112261377883,-0.8233354261377883
6765,3.0608792,3.8893282515044434,-0.8284490515044434
6766,3.0582864,3.886434309966427,-0.8281479099664271
6767,3.0644977,3.884326033474214,-0.8198283334742138
6768,3.0765545,3.8829383883562465,-0.8063838883562466
6769,3.0939353,3.8822769840902773,-0.7883416840902773
6770,3.1181293,3.8822303370737155,-0.7641010370737154
6771,3.1495602,3.8826388054539085,-0.7330786054539087
6772,3.1771948,3.8834102686977268,-0.7062154686977267
6773,3.2081418,3.88435773760758,-0.67621593760758
6774,3.2370343,3.885418985485552,-0.648384685485552
6775,3.27182,3.8864570972773937,-0.6146370972773938
6776,3.2936587,3.887348628584438,-0.5936899285844381
6777,3.3130176,3.888029243547934,-0.5750116435479344
6778,3.326511,3.8878811347475772,-0.5613701347475772
6779,3.3380063,3.8868622615746733,-0.5488559615746733
6780,3.3497543,3.8857173881238443,-0.5359630881238444
6781,3.3617651,3.8845284398737707,-0.5227633398737708
6782,3.373836,3.8834337490334603,-0.5095977490334604
6783,3.3860745,3.8824694766292476,-0.4963949766292477
6784,3.3988266,3.8814728673320906,-0.4826462673320906
6785,3.416261,3.8801136533598384,-0.4638526533598384
6786,3.4332755,3.878393968058267,-0.4451184680582667
6787,3.4491665,3.876930584561078,-0.42776408456107795
6788,3.4619195,3.875601262448706,-0.4136817624487059
6789,3.472496,3.8738584671169853,-0.4013624671169853
6790,3.4777112,3.8712002227900397,-0.39348902279003983
6791,3.4794443,3.868155729142451,-0.38871142914245116
6792,3.4807608,3.8651473291651777,-0.38438652916517757
6793,3.4820752,3.862174595709202,-0.3800993957092018
6794,3.483028,3.8592459686796454,-0.3762179686796454
6795,3.4798596,3.856381219601915,-0.376521619601915
6796,3.474483,3.8536810543920543,-0.3791980543920541
6797,3.4695194,3.850916569828709,-0.3813971698287091
6798,3.4535828,3.8480479667312384,-0.39446516673123844
6799,3.4408329,3.8452880248717323,-0.4044551248717321
6800,3.42585,3.842644600527136,-0.4167946005271359
6801,3.4042554,3.8401220606452595,-0.4358666606452597
6802,3.3830523,3.837771646243569,-0.4547193462435688
6803,3.3630524,3.835557615535006,-0.47250521553500624
6804,3.34203,3.8334107259586676,-0.4913807259586678
6805,3.3256695,3.831349378611848,-0.5056798786118479
6806,3.309483,3.82938185194619,-0.51989885194619
6807,3.2975354,3.827543491161558,-0.5300080911615579
6808,3.2890537,3.825811627141085,-0.536757927141085
6809,3.2758756,3.8241463575565073,-0.5482707575565073
6810,3.2701046,3.822612165920017,-0.5525075659200174
6811,3.26411,3.8212548380344753,-0.5571448380344752
6812,3.260389,3.819951699751523,-0.5595626997515231
6813,3.2641864,3.8192908933393657,-0.5551044933393658
6814,3.2683237,3.8190446283612767,-0.5507209283612768
6815,3.2726178,3.8186017752689714,-0.5459839752689715
6816,3.2783725,3.8182478045283825,-0.5398753045283824
6817,3.2823148,3.817918624975875,-0.5356038249758752
6818,3.274837,3.817618448562344,-0.5427814485623439
6819,3.2582016,3.8174131167710645,-0.5592115167710645
6820,3.2365146,3.8173154382622867,-0.5808008382622867
6821,3.2149603,3.817344925057639,-0.6023846250576388
6822,3.196409,3.8175269183876535,-0.6211179183876534
6823,3.1859643,3.817813491734792,-0.6318491917347919
6824,3.17824,3.818179884017184,-0.6399398840171839
6825,3.171802,3.8186429029938314,-0.6468409029938313
6826,3.1721933,3.8191970312947863,-0.6470037312947863
6827,3.1859872,3.819840226450535,-0.6338530264505349
6828,3.2012155,3.8205598982094924,-0.6193443982094924
6829,3.2094214,3.8213216053021752,-0.6119002053021751
6830,3.2171478,3.8220754329068436,-0.6049276329068438
6831,3.2239718,3.8228598904646454,-0.5988880904646452
6832,3.2244818,3.823706263114043,-0.5992244631140431
6833,3.227367,3.824634055063663,-0.597267055063663
6834,3.2286737,3.825648169654016,-0.596974469654016
6835,3.2300143,3.826876508296443,-0.596862208296443
6836,3.2234595,3.82809800288549,-0.6046385028854897
6837,3.2106738,3.8291935419256364,-0.6185197419256365
6838,3.19927,3.830445625261757,-0.6311756252617573
6839,3.1886737,3.8318636090142926,-0.6431899090142927
6840,3.1897278,3.8334555691111833,-0.6437277691111833
6841,3.1837986,3.835221611908461,-0.6514230119084612
6842,3.185608,3.837151810536296,-0.6515438105362956
6843,3.1936243,3.8392199521998704,-0.6455956521998703
6844,3.2038672,3.841414446321172,-0.637547246321172
6845,3.2181299,3.843747658090676,-0.6256177580906761
6846,3.2331543,3.8462839930523374,-0.6131296930523376
6847,3.2505734,3.849159638596638,-0.5985862385966381
6848,3.2676282,3.8521394181561956,-0.5845112181561958
6849,3.2819965,3.85567513946948,-0.5736786394694802
6850,3.29513,3.859392478666684,-0.5642624786666839
6851,3.3067322,3.8625071839532916,-0.5557749839532917
6852,3.328913,3.86548698314087,-0.5365739831408698
6853,3.3496149,3.868472614637319,-0.5188577146373188
6854,3.362322,3.871486211675382,-0.5091642116753823
6855,3.3756778,3.8743452389613227,-0.4986674389613226
6856,3.383447,3.8769456096403245,-0.49349860964032466
6857,3.3893945,3.879482311885356,-0.4900878118853562
6858,3.3898,3.881957740923946,-0.49215774092394593
6859,3.388642,3.8843134672705424,-0.49567146727054245
6860,3.3861482,3.8865699937547933,-0.5004217937547932
6861,3.3823805,3.888720031280324,-0.5063395312803238
6862,3.3774,3.890759083641858,-0.5133590836418578
6863,3.3712685,3.8926867596327255,-0.5214182596327257
6864,3.3640475,3.894493085851966,-0.5304455858519663
6865,3.3557987,3.8970056396580035,-0.5412069396580037
6866,3.3465836,3.899319745883738,-0.5527361458837379
6867,3.3364637,3.9006081694300185,-0.5641444694300186
6868,3.3255007,3.9017769585058177,-0.5762762585058177
6869,3.3137562,3.902783646685689,-0.5890274466856891
6870,3.301292,3.903672650259292,-0.6023806502592919
6871,3.288169,3.9044932200134568,-0.6163242200134569
6872,3.2717383,3.905219793220307,-0.633481493220307
6873,3.2504032,3.9058764498228,-0.6554732498228
6874,3.235842,3.9064264513526155,-0.6705844513526156
6875,3.2218387,3.906888136509858,-0.6850494365098578
6876,3.225321,3.9073155744565526,-0.6819945744565525
6877,3.215199,3.9076824570822373,-0.6924834570822371
6878,3.1971304,3.907976365233587,-0.7108459652335872
6879,3.1840832,3.908157597722764,-0.7240743977227639
6880,3.1757877,3.9082390835202814,-0.7324513835202815
6881,3.1318512,3.9082246539289405,-0.7763734539289406
6882,3.1230884,3.908183492353681,-0.7850950923536812
6883,3.1093783,3.908223594476733,-0.7988452944767332
6884,3.104028,3.9083220657480857,-0.8042940657480857
6885,3.1033652,3.908462600359198,-0.8050974003591982
6886,3.106319,3.9086740752621334,-0.8023550752621333
6887,3.113047,3.9089448824347213,-0.7958978824347214
6888,3.1167386,3.9092787825911817,-0.7925401825911815
6889,3.1170306,3.9096589031347815,-0.7926283031347814
6890,3.110563,3.910403013330499,-0.799840013330499
6891,3.1016846,3.9114485432459376,-0.8097639432459376
6892,3.0959146,3.911997549653065,-0.8160829496530648
6893,3.094332,3.912276905876939,-0.817944905876939
6894,3.095567,3.9125670032651048,-0.8170000032651048
6895,3.0975626,3.912728813117044,-0.8151662131170441
6896,3.102779,3.912927266549521,-0.810148266549521
6897,3.1162589,3.913396269752492,-0.7971373697524919
6898,3.1274698,3.9140673865435716,-0.7865975865435715
6899,3.141473,3.9149335061444863,-0.7734605061444864
6900,3.1574008,3.915970519015213,-0.7585697190152132
6901,3.16637,3.9170155780314335,-0.7506455780314334
6902,3.1668646,3.9178263717542885,-0.7509617717542887
6903,3.1642532,3.9180444811355533,-0.7537912811355532
6904,3.1596386,3.9177038129979542,-0.7580652129979542
6905,3.1596298,3.9167867906683687,-0.7571569906683688
6906,3.1665137,3.915418552458726,-0.7489048524587263
6907,3.178738,3.9137887230020536,-0.7350507230020535
6908,3.1920612,3.912044933428098,-0.7199837334280978
6909,3.2024548,3.9102748597034167,-0.7078200597034168
6910,3.2134433,3.90851866208555,-0.6950753620855501
6911,3.2186878,3.9068521940744563,-0.6881643940744562
6912,3.224654,3.905351596699714,-0.680697596699714
6913,3.2259784,3.9040035184793145,-0.6780251184793147
6914,3.2261233,3.9034000121225625,-0.6772767121225627
6915,3.227235,3.903237362574459,-0.6760023625744593
6916,3.2262006,3.9028476059553956,-0.6766470059553957
6917,3.2275293,3.902409265443385,-0.674879965443385
6918,3.2320447,3.902059646212791,-0.6700149462127913
6919,3.2444055,3.9049335173007638,-0.6605280173007637
6920,3.2583597,3.908852945089811,-0.6504932450898107
6921,3.2759662,3.910762099731688,-0.6347958997316878
6922,3.2893841,3.9124967089798424,-0.6231126089798424
6923,3.300378,3.9143038107974046,-0.6139258107974048
6924,3.3105252,3.916114779008203,-0.6055895790082033
6925,3.3212247,3.918064247197133,-0.5968395471971331
6926,3.3305414,3.9204212658143507,-0.5898798658143507
6927,3.3382404,3.922705863881232,-0.5844654638812319
6928,3.3415463,3.9246141246187607,-0.5830678246187606
6929,3.3477979,3.9264857122273074,-0.5786878122273071
6930,3.3528812,3.9283392242850033,-0.5754580242850031
6931,3.3638327,3.930156358465958,-0.5663236584659579
6932,3.3772266,3.931959719884739,-0.5547331198847387
6933,3.3892026,3.933752967609766,-0.5445503676097658
6934,3.4000287,3.9355375132531876,-0.5355088132531876
6935,3.410795,3.9376956952970796,-0.5269006952970798
6936,3.423511,3.9397917648748537,-0.5162807648748537
6937,3.4431512,3.9414343837632,-0.4982831837632
6938,3.4632416,3.9430703865367525,-0.47982878653675254
6939,3.4838605,3.9446829839133724,-0.4608224839133723
6940,3.5045917,3.946287736689042,-0.4416960366890419
6941,3.5242038,3.9478798925527303,-0.4236760925527303
6942,3.5420227,3.9494573807299873,-0.40743468072998734
6943,3.5567355,3.950997326454684,-0.394261826454684
6944,3.5663202,3.9524803212381268,-0.38616012123812693
6945,3.5667942,3.953942360460086,-0.38714816046008593
6946,3.5568674,3.955407553910913,-0.398540153910913
6947,3.5354495,3.9568651900112233,-0.42141569001122337
6948,3.503624,3.958300356993319,-0.454676356993319
6949,3.4649942,3.959741501804536,-0.49474730180453586
6950,3.4274347,3.9611851379188106,-0.5337504379188105
6951,3.3993704,3.962658497165068,-0.563288097165068
6952,3.3805683,3.964147878295203,-0.5835795782952027
6953,3.365022,3.9656525451230076,-0.6006305451230074
6954,3.35255,3.96713185286693,-0.6145818528669302
6955,3.3418393,3.9685505896941504,-0.6267112896941502
6956,3.3306808,3.9699050827093667,-0.6392242827093666
6957,3.3183267,3.9712865379341356,-0.6529598379341355
6958,3.2996314,3.972677310289273,-0.673045910289273
6959,3.2831476,3.974130825997694,-0.690983225997694
6960,3.263178,3.975632417704942,-0.7124544177049419
6961,3.2429929,3.9771601674431802,-0.7341672674431803
6962,3.2253582,3.978722545949494,-0.7533643459494939
6963,3.209212,3.9802917046241144,-0.7710797046241145
6964,3.1966739,3.981866469188658,-0.7851925691886579
6965,3.1894672,3.983454186454939,-0.7939869864549389
6966,3.1830466,3.985069540726769,-0.8020229407267689
6967,3.1798368,3.9867188626857186,-0.8068820626857187
6968,3.178263,3.988383019590769,-0.810120019590769
6969,3.1784592,3.9900637480179943,-0.8116045480179945
6970,3.1765332,3.9917606322037416,-0.8152274322037414
6971,3.1709387,3.9934828809289082,-0.822544180928908
6972,3.162225,3.9952246632510713,-0.8329996632510714
6973,3.153291,3.99697618698802,-0.84368518698802
6974,3.1509006,3.9987364205531866,-0.8478358205531866
6975,3.1505988,4.000530943565994,-0.8499321435659937
6976,3.1519961,4.002351151108858,-0.850355051108858
6977,3.1516647,4.004208632551056,-0.8525439325510562
6978,3.1506827,4.006721649785691,-0.8560389497856908
6979,3.1461704,4.009308362414716,-0.863137962414716
6980,3.1400092,4.011402458452726,-0.8713932584527257
6981,3.1354773,4.0135159393698885,-0.8780386393698887
6982,3.1278403,4.015689484186969,-0.8878491841869689
6983,3.121532,4.017899699451193,-0.8963676994511927
6984,3.1206436,4.0201495083511185,-0.8995059083511183
6985,3.1158612,4.022450279942261,-0.9065890799422607
6986,3.1144397,4.024801374666997,-0.9103616746669969
6987,3.116392,4.027180268741773,-0.9107882687417734
6988,3.1240125,4.029576154481111,-0.905563654481111
6989,3.128818,4.031991710467218,-0.9031737104672182
6990,3.1375885,4.034441550878882,-0.8968530508788821
6991,3.149378,4.0372916659050535,-0.8879136659050535
6992,3.162418,4.039839014121901,-0.8774210141219005
6993,3.1783752,4.041774332244302,-0.8633991322443015
6994,3.1991763,4.043716942620563,-0.8445406426205628
6995,3.217744,4.045729142558113,-0.8279851425581124
6996,3.2384415,4.04773900657449,-0.8092975065744903
6997,3.261917,4.049774263380977,-0.7878572633809768
6998,3.2815137,4.051897845786529,-0.770384145786529
6999,3.3009632,4.054028755453322,-0.7530655554533219
7000,3.318561,4.056214403056591,-0.7376534030565916
7001,3.3354993,4.058444162343693,-0.7229448623436929
7002,3.3505194,4.06067412659301,-0.7101547265930104
7003,3.368223,4.062938378756019,-0.6947153787560194
7004,3.3659384,4.065184413856996,-0.699246013856996
7005,3.3746142,4.067382696946349,-0.692768496946349
7006,3.386976,4.069543961071744,-0.6825679610717441
7007,3.403052,4.071746772967408,-0.6686947729674082
7008,3.4210248,4.073970796515301,-0.6529459965153008
7009,3.4412906,4.076132084543729,-0.6348414845437289
7010,3.4578412,4.0783081311960405,-0.6204669311960407
7011,3.4720416,4.080497206393942,-0.6084556063939424
7012,3.4833417,4.08262919188177,-0.5992874918817699
7013,3.4942997,4.084764291447799,-0.5904645914477991
7014,3.505928,4.086966609613727,-0.581038609613727
7015,3.520354,4.089169513259084,-0.568815513259084
7016,3.535467,4.091322601463104,-0.555855601463104
7017,3.5537076,4.093454027263162,-0.5397464272631618
7018,3.5743527,4.09561178399518,-0.5212590839951798
7019,3.588392,4.097734646472515,-0.5093426464725148
7020,3.6007495,4.099842253931522,-0.49909275393152175
7021,3.6094708,4.1019480229978535,-0.49247722299785357
7022,3.6157107,4.1044704075715295,-0.4887597075715293
7023,3.6208005,4.10669989963004,-0.4858993996300396
7024,3.6242676,4.108168800724983,-0.4839012007249832
7025,3.6247156,4.109606150404262,-0.48489055040426177
7026,3.6187427,4.111042687387074,-0.4922999873870739
7027,3.6040442,4.112445606820975,-0.5084014068209748
7028,3.58512,4.1138234434393715,-0.5287034434393716
7029,3.5665698,4.115167993494062,-0.5485981934940618
7030,3.5535452,4.116468385818614,-0.5629231858186139
7031,3.5482266,4.117723385842685,-0.5694967858426847
7032,3.5495496,4.118915568123832,-0.5693659681238317
7033,3.5563061,4.120030164263491,-0.5637240642634906
7034,3.562826,4.121050290368749,-0.5582242903687491
7035,3.5718668,4.122128733790763,-0.5502619337907633
7036,3.5803745,4.123111058498833,-0.5427365584988331
7037,3.5904727,4.123823000006592,-0.533350300006592
7038,3.5982013,4.124410765812283,-0.5262094658122831
7039,3.6051013,4.1248605453289136,-0.5197592453289137
7040,3.612575,4.125162807755979,-0.5125878077559789
7041,3.6188998,4.125429531464383,-0.5065297314643833
7042,3.626383,4.12574983524886,-0.49936683524886005
7043,3.6332092,4.125397958703789,-0.49218875870378875
7044,3.6402576,4.124315703346513,-0.4840581033465128
7045,3.6464953,4.123065106534607,-0.4765698065346071
7046,3.6492429,4.12168502982661,-0.47244212982660994
7047,3.6514423,4.1201868149592915,-0.4687445149592917
7048,3.6468256,4.118568818342461,-0.471743218342461
7049,3.6413062,4.116848539196303,-0.47554233919630295
7050,3.6345553,4.115036561266306,-0.4804812612663061
7051,3.628879,4.11313745215739,-0.48425845215738983
7052,3.6251416,4.111167269038774,-0.4860256690387743
7053,3.6195908,4.1091339791761685,-0.4895431791761684
7054,3.6137946,4.1070313842395505,-0.49323678423955064
7055,3.6076083,4.104849869093148,-0.49724156909314843
7056,3.601872,4.103367771047733,-0.5014957710477326
7057,3.598126,4.102353360856714,-0.504227360856714
7058,3.5942273,4.100914069693738,-0.5066867696937383
7059,3.5912857,4.099230952367772,-0.5079452523677719
7060,3.5763485,4.097551137015847,-0.5212026370158469
7061,3.5652575,4.095884213040718,-0.5306267130407183
7062,3.5572488,4.094232910897963,-0.5369841108979632
7063,3.552767,4.092609777846202,-0.5398427778462023
7064,3.548197,4.091021602073693,-0.5428246020736927
7065,3.5472684,4.089483016302476,-0.5422146163024761
7066,3.5362048,4.087991827751754,-0.5517870277517538
7067,3.522946,4.086560250340705,-0.5636142503407049
7068,3.509164,4.085196754557129,-0.5760327545571284
7069,3.496168,4.083905160215871,-0.5877371602158714
7070,3.4860654,4.082688145862435,-0.5966227458624349
7071,3.4756763,4.081562877948065,-0.6058865779480653
7072,3.463781,4.080547525880521,-0.6167665258805206
7073,3.4445376,4.079637371191244,-0.6350997711912441
7074,3.4212024,4.078831054596663,-0.6576286545966634
7075,3.3994937,4.078136503223776,-0.6786428032237763
7076,3.3791308,4.077559040449736,-0.698428240449736
7077,3.3641489,4.0770993602615935,-0.7129504602615935
7078,3.3490372,4.076745696975467,-0.7277084969754672
7079,3.3408694,4.076507759334056,-0.7356383593340565
7080,3.3320312,4.076360383290792,-0.7443291832907923
7081,3.3177643,4.07631652367846,-0.7585522236784601
7082,3.3030417,4.0763712445238935,-0.7733295445238935
7083,3.2906973,4.076518559009036,-0.7858212590090354
7084,3.2826178,4.076759471766563,-0.7941416717665626
7085,3.281843,4.077421498005896,-0.7955784980058964
7086,3.2879694,4.078254261369268,-0.7902848613692677
7087,3.2971835,4.078917318106322,-0.7817338181063223
7088,3.3077435,4.079639451517874,-0.771895951517874
7089,3.3178394,4.080413617728851,-0.7625742177288513
7090,3.3224597,4.081238362026241,-0.7587786620262409
7091,3.3236108,4.082086992313345,-0.7584761923133447
7092,3.3225815,4.082964222631559,-0.7603827226315589
7093,3.3204403,4.08384577713217,-0.7634054771321703
7094,3.3173323,4.084729211610217,-0.7673969116102168
7095,3.3134022,4.085613335533703,-0.7722111355337034
7096,3.3087955,4.086500372790542,-0.7777048727905416
7097,3.3036568,4.087375223945378,-0.7837184239453783
7098,3.2981317,4.089769966199786,-0.7916382661997865
7099,3.2923646,4.092753844483035,-0.8003892444830347
7100,3.286501,4.0948292788838385,-0.8083282788838386
7101,3.2806852,4.0968652859134425,-0.8161800859134423
7102,3.2750633,4.098805888710293,-0.8237425887102936
7103,3.2697792,4.100819575470613,-0.831040375470613
7104,3.2649772,4.102773440340799,-0.8377962403407992
7105,3.2608056,4.104480026582178,-0.8436744265821781
7106,3.2574074,4.10604485136368,-0.8486374513636799
7107,3.2549279,4.107478118738539,-0.8525502187385392
7108,3.2535117,4.108780059608462,-0.8552683596084618
7109,3.2623227,4.109946515329899,-0.8476238153298987
7110,3.2819214,4.111013723506885,-0.8290923235068854
7111,3.2777371,4.11205314402061,-0.8343160440206101
7112,3.2544217,4.112970400240259,-0.8585487002402594
7113,3.2252316,4.113649387482336,-0.8884177874823358
7114,3.1958127,4.11413829570739,-0.9183255957073899
7115,3.1554108,4.114444142109692,-0.9590333421096919
7116,3.1251602,4.114539795628308,-0.989379595628308
7117,3.1032138,4.114421199281771,-1.011207399281771
7118,3.0914874,4.113963647422475,-1.0224762474224747
7119,3.0909848,4.112753740688429,-1.0217689406884292
7120,3.0938208,4.110917630346855,-1.0170968303468553
7121,3.1067386,4.108897845831875,-1.0021592458318747
7122,3.1233914,4.106741989850048,-0.9833505898500476
7123,3.1339242,4.1044349284892885,-0.9705107284892884
7124,3.1425824,4.102024688036263,-0.9594422880362625
7125,3.145364,4.09950639688231,-0.9541423968823102
7126,3.14819,4.09685551013381,-0.9486655101338104
7127,3.1572092,4.094141345003932,-0.9369321450039316
7128,3.1618674,4.091341169352931,-0.9294737693529305
7129,3.1675818,4.088427915663099,-0.9208461156630996
7130,3.1801028,4.085415119279476,-0.9053123192794765
7131,3.1830554,4.082326742879182,-0.8992713428791821
7132,3.1828744,4.079128230397607,-0.8962538303976064
7133,3.173172,4.075797781153937,-0.9026257811539367
7134,3.1759632,4.072354695283844,-0.8963914952838437
7135,3.179912,4.068777360108711,-0.8888653601087109
7136,3.187742,4.065050503223722,-0.8773085032237216
7137,3.196735,4.061200765985273,-0.864465765985273
7138,3.2034268,4.057118667081365,-0.8536918670813654
7139,3.207028,4.052882589460783,-0.8458545894607825
7140,3.207271,4.0486711457971545,-0.8414001457971545
7141,3.1974978,4.044416684373602,-0.8469188843736024
7142,3.1752079,4.040128162413591,-0.864920262413591
7143,3.1484528,4.035867825153304,-0.8874150251533037
7144,3.129667,4.0317407768412306,-0.9020737768412306
7145,3.1139395,4.027725959505049,-0.9137864595050491
7146,3.105643,4.023796023513708,-0.9181530235137081
7147,3.101701,4.01996066528437,-0.9182596652843702
7148,3.0982602,4.016244944710671,-0.917984744710671
7149,3.089082,4.012668622950956,-0.9235866229509564
7150,3.0742624,4.009244637889592,-0.9349822378895918
7151,3.0628226,4.005999305048984,-0.9431767050489843
7152,3.0420358,4.002956434520715,-0.9609206345207149
7153,3.0202298,4.000679271138537,-0.9804494711385372
7154,3.0019116,3.998860767068,-0.9969491670679997
7155,2.989226,3.9968590827336983,-1.0076330827336983
7156,2.9872699,3.9950166696017915,-1.0077467696017917
7157,2.9911673,3.9933395214507335,-1.0021722214507336
7158,3.0031009,3.99181169580673,-0.9887107958067296
7159,3.0232425,3.9904764076521975,-0.9672339076521976
7160,3.055189,3.9893289268933834,-0.9341399268933834
7161,3.079614,3.988352750212627,-0.9087387502126272
7162,3.1075842,3.987547888403894,-0.8799636884038944
7163,3.1417422,3.986875913327128,-0.8451337133271282
7164,3.1740384,3.986315367669443,-0.812276967669443
7165,3.2043674,3.985891954762154,-0.7815245547621537
7166,3.2431238,3.985634084712612,-0.7425102847126124
7167,3.2787662,3.9852664457552365,-0.7065002457552363
7168,3.3033383,3.9848069862788056,-0.6814686862788055
7169,3.3255908,3.984504447097239,-0.658913647097239
7170,3.343592,3.98512262855445,-0.6415306285544498
7171,3.3552508,3.9864718318064476,-0.6312210318064477
7172,3.3693073,3.9875711614579625,-0.6182638614579625
7173,3.3785052,3.9884172944867364,-0.6099120944867362
7174,3.3860638,3.9892542370270694,-0.6031904370270693
7175,3.3924963,3.990089945637675,-0.5975936456376751
7176,3.3970218,3.990965414474587,-0.5939436144745871
7177,3.4028714,3.9926284155946608,-0.5897570155946608
7178,3.4085193,3.9945063276942623,-0.5859870276942623
7179,3.415997,3.9959020085893218,-0.5799050085893218
7180,3.4197986,3.997262974411966,-0.5774643744119659
7181,3.4243066,3.998563452400646,-0.5742568524006462
7182,3.431525,4.000036065010244,-0.5685110650102438
7183,3.433562,4.001761234857762,-0.568199234857762
7184,3.4279141,4.003324093184006,-0.5754099931840062
7185,3.4171197,4.004671720078937,-0.5875520200789368
7186,3.4041028,4.00593781676441,-0.6018350167644102
7187,3.391752,4.007153414927556,-0.6154014149275562
7188,3.384709,4.008340849977819,-0.6236318499778193
7189,3.4002554,4.009541465506152,-0.6092860655061525
7190,3.3915417,4.009886595738608,-0.6183448957386077
7191,3.3875525,4.009243981840675,-0.6216914818406751
7192,3.389377,4.0085190204525345,-0.6191420204525344
7193,3.3941956,4.0077376526181325,-0.6135420526181323
7194,3.4016364,4.00686960020699,-0.6052332002069898
7195,3.4071286,4.005910660206952,-0.5987820602069522
7196,3.4064026,4.004893005365008,-0.5984904053650082
7197,3.4041095,4.0039819526701415,-0.5998724526701413
7198,3.4212515,4.003521828202699,-0.5822703282026995
7199,3.4360101,4.003017935805814,-0.5670078358058142
7200,3.4515228,4.002217079743565,-0.5506942797435657
7201,3.4683292,4.001340615464741,-0.5330114154647414
7202,3.4881723,4.000365902194608,-0.5121936021946083
7203,3.5060382,3.999320084802901,-0.49328188480290125
7204,3.5234451,3.9981986713060493,-0.47475357130604934
7205,3.5403705,3.9969827004731124,-0.4566122004731126
7206,3.5576465,3.995668504394734,-0.43802200439473404
7207,3.5753827,3.9943188994314918,-0.41893619943149174
7208,3.5916333,3.993074372610331,-0.40144107261033124
7209,3.595206,3.991814355813033,-0.3966083558130329
7210,3.6046283,3.9901322129979544,-0.3855039129979545
7211,3.613594,3.988247874251782,-0.374653874251782
7212,3.6206927,3.986328537542823,-0.3656358375428228
7213,3.627377,3.9843956572183643,-0.35701865721836423
7214,3.6359754,3.9824902916070086,-0.34651489160700866
7215,3.6665082,3.9804432188002283,-0.31393501880022834
7216,3.6749127,3.978251328415593,-0.303338628415593
7217,3.6863523,3.976087308176633,-0.289735008176633
7218,3.6980786,3.9739693307233397,-0.2758907307233396
7219,3.7099805,3.97185380535762,-0.2618733053576201
7220,3.7200012,3.9703907742513356,-0.25038957425133557
7221,3.7263608,3.9692579281912206,-0.24289712819122045
7222,3.7299817,3.967757930891027,-0.23777623089102695
7223,3.7357929,3.9662077096890656,-0.2304148096890657
7224,3.7373013,3.964644314614904,-0.22734301461490425
7225,3.7395923,3.963079567972311,-0.223487267972311
7226,3.7429767,3.961532695589609,-0.21855599558960925
7227,3.7432263,3.9604378321455034,-0.21721153214550348
7228,3.741055,3.9590569460641256,-0.21800194606412582
7229,3.7379456,3.9570151171176238,-0.21906951711762357
7230,3.7371585,3.9550337238908027,-0.2178752238908026
7231,3.735165,3.95310913867008,-0.21794413867008
7232,3.7201495,3.9512250851106563,-0.23107558511065607
7233,3.720061,3.949370584959418,-0.229309584959418
7234,3.720459,3.947948979540988,-0.22748997954098815
7235,3.7234638,3.946839274438227,-0.2233754744382268
7236,3.7282748,3.9456961660180765,-0.2174213660180766
7237,3.7287586,3.944517384947443,-0.21575878494744316
7238,3.7353973,3.943400577959855,-0.2080032779598553
7239,3.726109,3.942386006627893,-0.21627700662789273
7240,3.7177188,3.9414980763940983,-0.22377927639409823
7241,3.722009,3.940751200205911,-0.21874220020591117
7242,3.7306354,3.9400419592124445,-0.20940655921244433
7243,3.7396786,3.9393837666744322,-0.19970516667443228
7244,3.74668,3.93879917801989,-0.19211917801988987
7245,3.751479,3.9383901219111954,-0.18691112191119563
7246,3.7690332,3.9383261769727613,-0.16929297697276136
7247,3.7737677,3.9384773736172347,-0.16470967361723465
7248,3.7821677,3.938209420778348,-0.15604172077834777
7249,3.7904248,3.937464719371818,-0.14703991937181815
7250,3.8027747,3.9368226367447012,-0.13404793674470117
7251,3.8144171,3.9362881594561614,-0.12187105945616139
7252,3.8248477,3.9358749548011325,-0.11102725480113262
7253,3.8359506,3.936334959427705,-0.10038435942770496
7254,3.8475897,3.9370541709461047,-0.08946447094610477
7255,3.8537402,3.937359717871883,-0.08361951787188326
7256,3.859158,3.93767536155137,-0.07851736155137035
7257,3.8606296,3.93810426466629,-0.0774746646662896
7258,3.8575003,3.9386998631792576,-0.0811995631792577
7259,3.852841,3.939484555633213,-0.0866435556332128
7260,3.8418927,3.9404220040235045,-0.09852930402350468
7261,3.8364825,3.9417415329895724,-0.10525903298957262
7262,3.8334973,3.9436796396738574,-0.11018233967385749
7263,3.8331234,3.9459102672562065,-0.11278686725620668
7264,3.8336017,3.9482026829091383,-0.11460098290913834
7265,3.835787,3.9506392974124545,-0.11485229741245462
7266,3.8352597,3.953167845014505,-0.1179081450145052
7267,3.8356051,3.955767737608261,-0.12016263760826096
7268,3.8320377,3.9584256601623746,-0.12638796016237475
7269,3.8289773,3.961301546867792,-0.1323242468677921
7270,3.8249316,3.9641221464400394,-0.13919054644003914
7271,3.8222897,3.966411722270096,-0.1441220222700963
7272,3.8221622,3.9684854295577647,-0.14632322955776456
7273,3.8241687,3.9706506509131807,-0.14648195091318073
7274,3.827167,3.972907521381914,-0.14574052138191362
7275,3.8307364,3.9752760623910044,-0.14453966239100424
7276,3.8296204,3.9779082820104077,-0.14828788201040766
7277,3.8348563,3.9807164720942945,-0.14586017209429425
7278,3.8422372,3.9827926283146122,-0.1405554283146122
7279,3.8475375,3.984175097616378,-0.13663759761637806
7280,3.8505957,3.9856131388599843,-0.1350174388599843
7281,3.8470361,3.9871116948420964,-0.14007559484209642
7282,3.8338275,3.988682670784377,-0.15485517078437727
7283,3.8132794,3.9903335276227136,-0.17705412762271378
7284,3.7916815,3.9938718453760296,-0.20219034537602942
7285,3.7791507,3.9989001452070707,-0.21974944520707052
7286,3.770242,4.003481477966559,-0.23323947796655853
7287,3.7683203,4.007947629794356,-0.23962732979435586
7288,3.7736435,4.012397726259587,-0.23875422625958675
7289,3.7840195,4.016646025096831,-0.23262652509683113
7290,3.795602,4.020375207257452,-0.22477320725745153
7291,3.805856,4.023661662100714,-0.2178056621007145
7292,3.8154538,4.026833376294262,-0.21137957629426252
7293,3.8238056,4.029996766217741,-0.20619116621774136
7294,3.8308978,4.033088084744271,-0.2021902847442716
7295,3.8356628,4.036103528450977,-0.20044072845097682
7296,3.8376389,4.0390777071614306,-0.2014388071614306
7297,3.8385425,4.042061557402134,-0.20351905740213372
7298,3.83542,4.045119109909654,-0.20969910990965435
7299,3.8328412,4.0479645755854134,-0.2151233755854136
7300,3.8353512,4.050575670296598,-0.2152244702965982
7301,3.8362033,4.053087109019823,-0.21688380901982285
7302,3.836937,4.055519862468775,-0.21858286246877512
7303,3.8386688,4.057913346496022,-0.21924454649602199
7304,3.8405545,4.060255485478927,-0.2197009854789269
7305,3.84598,4.062486238519964,-0.21650623851996365
7306,3.8524518,4.064576471414099,-0.21212467141409874
7307,3.857823,4.067164499862707,-0.209341499862707
7308,3.8630948,4.069774789501158,-0.20667998950115773
7309,3.8709717,4.071828918499943,-0.20085721849994265
7310,3.878298,4.073813061937488,-0.19551506193748835
7311,3.8921924,4.075707102076443,-0.18351470207644294
7312,3.9048233,4.077506130095996,-0.17268283009599594
7313,3.9189355,4.079225288989266,-0.1602897889892665
7314,3.9330335,4.08066179309029,-0.14762829309029035
7315,3.9429615,4.081305086846187,-0.13834358684618664
7316,3.9501724,4.081408779696742,-0.1312363796967424
7317,3.9545267,4.081446116765008,-0.12691941676500784
7318,3.9552722,4.081476873965995,-0.126204673965995
7319,3.9539108,4.081499239112111,-0.12758843911211137
7320,3.8002124,4.081531259077758,-0.28131885907775844
7321,3.6827893,4.081577935899248,-0.39878863589924807
7322,3.760122,4.0816588411357735,-0.3215368411357735
7323,3.83009,4.081836560087889,-0.25174656008788876
7324,3.8492868,4.081952602111494,-0.23266580211149446
7325,3.861424,4.081829712324313,-0.22040571232431327
7326,3.868707,4.081623677490483,-0.2129166774904827
7327,3.8731842,4.081448158289917,-0.20826395828991728
7328,3.875111,4.081301025981253,-0.20619002598125347
7329,3.8783612,4.081204548988102,-0.20284334898810163
7330,3.8844855,4.081150189069462,-0.19666468906946255
7331,3.8924289,4.081148450465783,-0.1887195504657826
7332,3.908663,4.081179431095512,-0.17251643109551162
7333,3.9212298,4.081230187779155,-0.1600003877791547
7334,3.9336777,4.081317472928929,-0.14763977292892916
7335,3.9442325,4.081442847104315,-0.13721034710431468
7336,3.9519348,4.0816201511198305,-0.12968535111983037
7337,3.957428,4.081824108546065,-0.12439610854606453
7338,3.9609485,4.082107795734616,-0.12115929573461548
7339,3.9629037,4.0823501457815405,-0.11944644578154051
7340,3.9619772,4.082412619820034,-0.12043541982003392
7341,3.9581223,4.082462109558858,-0.1243398095588577
7342,3.9529126,4.082561172042513,-0.1296485720425129
7343,3.9435306,4.082697178717254,-0.13916657871725402
7344,3.934589,4.082878051271626,-0.14828905127162617
7345,3.9244723,4.083086084398669,-0.15861378439866902
7346,3.9128058,4.0833604009724755,-0.17055460097247543
7347,3.9050434,4.083788422584445,-0.17874502258444513
7348,3.8953552,4.0847444705621925,-0.18938927056219246
7349,3.8906064,4.085734534467196,-0.19512813446719646
7350,3.8875296,4.086383470512737,-0.19885387051273673
7351,3.8862796,4.087043600197556,-0.20076400019755614
7352,3.8849857,4.0877322567919,-0.20274655679189957
7353,3.8843372,4.088441914167556,-0.20410471416755627
7354,3.888164,4.0891459929616465,-0.20098199296164632
7355,3.8899384,4.089851891227464,-0.1999134912274636
7356,3.8901126,4.090567422210888,-0.2004548222108875
7357,3.8861945,4.091395664277991,-0.20520116427799096
7358,3.8799918,4.092828876354923,-0.21283707635492277
7359,3.8764484,4.094677791759572,-0.21822939175957146
7360,3.87197,4.095733511589323,-0.22376351158932284
7361,3.8680432,4.0967856917531,-0.22874249175310002
7362,3.8664486,4.097427392825567,-0.23097879282556733
7363,3.861643,4.097776126931436,-0.23613312693143573
7364,3.854818,4.098024453268971,-0.2432064532689715
7365,3.8467538,4.09822756872776,-0.2514737687277595
7366,3.8395953,4.098421751795279,-0.2588264517952785
7367,3.844103,4.098643046951115,-0.254540046951115
7368,3.837083,4.098902891194307,-0.2618198911943068
7369,3.8353763,4.099220901713489,-0.26384460171348856
7370,3.8315701,4.100261493116808,-0.26869139311680845
7371,3.8264542,4.1015424912766285,-0.27508829127662837
7372,3.824488,4.102441667792992,-0.27795366779299213
7373,3.823421,4.103373094189774,-0.2799520941897735
7374,3.8229434,4.1043656293818005,-0.2814222293818003
7375,3.8222754,4.105417038676134,-0.2831416386761343
7376,3.8204868,4.106516947607591,-0.2860301476075908
7377,3.818584,4.10768165250992,-0.28909765250992026
7378,3.8170917,4.1089074140248005,-0.29181571402480033
7379,3.8182733,4.110185910394884,-0.29191261039488436
7380,3.8217053,4.112092335657472,-0.29038703565747204
7381,3.8273501,4.114544360748673,-0.28719426074867327
7382,3.833688,4.116840566083239,-0.2831525660832388
7383,3.843761,4.119039381905121,-0.27527838190512055
7384,3.8546088,4.121301794331687,-0.2666929943316876
7385,3.8656714,4.123545197057703,-0.2578737970577025
7386,3.8761368,4.125568161737699,-0.2494313617376993
7387,3.884382,4.127187705834413,-0.2428057058344133
7388,3.8849158,4.128546946497145,-0.2436311464971448
7389,3.882646,4.129931137312938,-0.2472851373129381
7390,3.8790069,4.13133249088692,-0.2523255908869202
7391,3.8742945,4.132756358514906,-0.25846185851490633
7392,3.868805,4.13419049047414,-0.26538549047413973
7393,3.8628342,4.135812171883519,-0.2729779718835186
7394,3.8566785,4.1373485657353655,-0.28067006573536535
7395,3.8506336,4.138682573161783,-0.288048973161783
7396,3.8449962,4.139982469002763,-0.2949862690027625
7397,3.8400617,4.141271663159353,-0.3012099631593528
7398,3.8361266,4.142545056345562,-0.3064184563455621
7399,3.8334866,4.143805959712953,-0.310319359712953
7400,3.8335688,4.14505519184923,-0.3114863918492299
7401,3.8340726,4.146307811670763,-0.31223521167076296
7402,3.8291278,4.14755260271967,-0.31842480271966966
7403,3.8244717,4.148774394057865,-0.3243026940578648
7404,3.8190308,4.149981363249451,-0.33095056324945116
7405,3.8189328,4.1522798074792835,-0.3333470074792837
7406,3.8225348,4.154942340447875,-0.33240754044787524
7407,3.8324628,4.156953821699766,-0.3244910216997656
7408,3.8366666,4.158956969772448,-0.32229036977244796
7409,3.8441522,4.16095586412089,-0.31680366412089
7410,3.847594,4.16294741990112,-0.3153534199011201
7411,3.8500302,4.1648299150805475,-0.3147997150805475
7412,3.8520029,4.166080407216417,-0.31407750721641703
7413,3.8390286,4.16684968457701,-0.3278210845770104
7414,3.8194623,4.167623735491556,-0.3481614354915563
7415,3.7890592,4.168418892651572,-0.3793596926515721
7416,3.7548218,4.169256900578577,-0.4144351005785767
7417,3.7272894,4.170113251932176,-0.4428238519321761
7418,3.7049463,4.170978184170163,-0.4660318841701634
7419,3.6886487,4.171827101530131,-0.4831784015301315
7420,3.6695797,4.172670390342277,-0.5030906903422769
7421,3.6485422,4.173540194593535,-0.524997994593535
7422,3.6257825,4.174423626309732,-0.5486411263097319
7423,3.6039581,4.175293533626313,-0.571335433626313
7424,3.586672,4.176148921923899,-0.5894769219238993
7425,3.5722995,4.176991997623878,-0.6046924976238777
7426,3.5584118,4.177788204030664,-0.619376404030664
7427,3.5407584,4.1785003103749325,-0.6377419103749324
7428,3.5273623,4.179074760472112,-0.6517124604721118
7429,3.5053515,4.179466918910227,-0.6741154189102265
7430,3.4865963,4.179722042383469,-0.6931257423834691
7431,3.4766629,4.179890039825059,-0.7032271398250591
7432,3.4728045,4.179988751587837,-0.707184251587837
7433,3.467102,4.180006083893883,-0.7129040838938825
7434,3.458399,4.1798732407489,-0.7214742407488997
7435,3.4429004,4.179583486384776,-0.736683086384776
7436,3.4196103,4.179110407381101,-0.759500107381101
7437,3.3971198,4.178448186677707,-0.7813283866777065
7438,3.378841,4.17760882513122,-0.7987678251312196
7439,3.3664737,4.1765856810733135,-0.8101119810733137
7440,3.357741,4.175411644125289,-0.8176706441252888
7441,3.3522763,4.174112129864765,-0.821835829864765
7442,3.3539288,4.172640359466841,-0.8187115594668408
7443,3.3598938,4.1709980689721915,-0.8111042689721915
7444,3.3650546,4.169496042617976,-0.8044414426179762
7445,3.3686078,4.167787149840676,-0.7991793498406765
7446,3.3728714,4.165582955236216,-0.7927115552362158
7447,3.3772736,4.163255005001036,-0.7859814050010363
7448,3.3791144,4.160776210911805,-0.7816618109118045
7449,3.3817096,4.158147362142161,-0.776437762142161
7450,3.383341,4.1553854511391854,-0.7720444511391853
7451,3.386552,4.1525227092754635,-0.7659707092754635
7452,3.3783875,4.1495527476795875,-0.7711652476795874
7453,3.3657215,4.146476293047721,-0.7807547930477212
7454,3.338791,4.143326875285024,-0.804535875285024
7455,3.3015323,4.140112755073626,-0.8385804550736262
7456,3.2645187,4.136843831374993,-0.8723251313749927
7457,3.2205102,4.134064827721176,-0.9135546277211755
7458,3.1999402,4.131490268457217,-0.9315500684572169
7459,3.1911654,4.128653223935637,-0.937487823935637
7460,3.184786,4.125859461832253,-0.9410734618322527
7461,3.1919959,4.123173729484309,-0.9311778294843087
7462,3.2012372,4.120626780831276,-0.9193895808312758
7463,3.218496,4.11821485302456,-0.8997188530245603
7464,3.2352283,4.115984699897543,-0.8807563998975425
7465,3.2526593,4.11398920669551,-0.8613299066955098
7466,3.2678735,4.112188020541984,-0.844314520541984
7467,3.275226,4.110694480656277,-0.8354684806562771
7468,3.2705722,4.1089348447200145,-0.8383626447200143
7469,3.263284,4.106845717605295,-0.843561717605295
7470,3.248859,4.105096309110207,-0.8562373091102073
7471,3.2303402,4.103743043342653,-0.8734028433426526
7472,3.211563,4.10279117526456,-0.8912281752645601
7473,3.195124,4.102234354408662,-0.9071103544086618
7474,3.183609,4.102089544862921,-0.9184805448629212
7475,3.1763818,4.102369568374291,-0.925987768374291
7476,3.1695654,4.103057289138921,-0.9334918891389212
7477,3.1646457,4.104156500153169,-0.9395108001531693
7478,3.1603131,4.105649146076131,-0.9453360460761311
7479,3.1479297,4.107542690363515,-0.9596129903635151
7480,3.1325073,4.109825299374301,-0.9773179993743013
7481,3.1158612,4.112491212930617,-0.9966300129306167
7482,3.098162,4.115515742551662,-1.0173537425516623
7483,3.0816617,4.11888012889192,-1.03721842889192
7484,3.0715015,4.122587140428298,-1.0510856404282976
7485,3.0628445,4.126625978279743,-1.063781478279743
7486,3.0594242,4.130947790715274,-1.0715235907152736
7487,3.0562875,4.13551551255644,-1.07922801255644
7488,3.0529099,4.140371051898925,-1.0874611518989252
7489,3.052756,4.145504008253457,-1.0927480082534573
7490,3.0586243,4.1509007775458455,-1.0922764775458456
7491,3.0570526,4.15653413834392,-1.09948153834392
7492,3.0679462,4.162414583932666,-1.0944683839326657
7493,3.0715277,4.168515011968782,-1.0969873119687819
7494,,4.174831785487041,
7495,,4.183484659307777,
7496,,4.193553645539341,
7497,,4.202884492027412,
7498,,4.2121581370563606,
7499,,4.221555347400299,
