,Actual pupil,Predicted pupil,residue
0,,3.617548716570092,
1,,3.612870240452133,
2,3.9935575,3.60813124200754,0.3854262579924601
3,4.0072784,3.6033450204849533,0.4039333795150464
4,4.0192175,3.5985232506591975,0.42069424934080235
5,4.025711,3.593676040652406,0.43203495934759406
6,4.0407877,3.5888115171301114,0.4519761828698887
7,4.0333524,3.583934796882955,0.44941760311704515
8,4.0233383,3.579047206915971,0.4442910930840287
9,3.9728622,3.5741465722318795,0.3987156277681203
10,3.8659286,3.5692270944107505,0.2967015055892497
11,3.7350507,3.564279349545113,0.17077135045488712
12,3.6091058,3.5592923934246468,0.04981340657535327
13,3.5061471,3.554255936374324,-0.048108836374323616
14,3.4216473,3.549161088941889,-0.12751378894188914
15,3.3632464,3.5440011464627794,-0.18075474646277945
16,3.3231091,3.538772786683107,-0.21566368668310698
17,3.2942135,3.5334767681443893,-0.23926326814438914
18,3.2631967,3.528117780224699,-0.26492108022469907
19,3.2257156,3.522704206704675,-0.2969886067046752
20,3.1864777,3.517247969313968,-0.3307702693139678
21,3.1455677,3.5117641882634096,-0.36619648826340967
22,3.1160922,3.5062708730584697,-0.39017867305846954
23,3.0978525,3.50078864076775,-0.40293614076774986
24,3.0941348,3.4953398237124422,-0.40120502371244227
25,3.0987298,3.4899470650707967,-0.39121726507079657
26,3.1141357,3.4846323405982877,-0.3704966405982879
27,3.1401532,3.479416697711481,-0.33926349771148123
28,3.1680603,3.4743200877115745,-0.30625978771157447
29,3.1968951,3.469361120216996,-0.2724660202169962
30,3.212109,3.4645567343009875,-0.25244773430098766
31,3.2097418,3.459922001265829,-0.25018020126582874
32,3.190252,3.455470035385216,-0.26521803538521604
33,3.1541018,3.4512115997722406,-0.2971097997722407
34,3.1237988,3.447154750969557,-0.32335595096955716
35,3.0975244,3.443304563539948,-0.3457801635399478
36,3.0764203,3.439662621036481,-0.363242321036481
37,3.0587006,3.436226880526457,-0.3775262805264572
38,3.0336282,3.432992677989184,-0.39936447798918406
39,3.0227017,3.429954272668466,-0.40725257266846615
40,2.993333,3.4286486779824266,-0.43531567798242676
41,2.954931,3.4284749686310545,-0.4735439686310543
42,2.9166183,3.427875254079167,-0.5112569540791667
43,2.8790143,3.4272453289886005,-0.5482310289886003
44,2.8458972,3.4269318444734216,-0.5810346444734216
45,2.813203,3.4267449007632864,-0.6135419007632863
46,2.7828937,3.4263458244325142,-0.6434521244325144
47,2.759976,3.4260458966421106,-0.6660698966421106
48,2.7393548,3.425904474750073,-0.686549674750073
49,2.7196045,3.42577148493746,-0.7061669849374601
50,2.7035336,3.4254658609162325,-0.7219322609162324
51,2.686579,3.4251222153560765,-0.7385432153560765
52,2.6718554,3.424807060019732,-0.7529516600197317
53,2.6418216,3.4245145718316428,-0.7826929718316427
54,2.614683,3.4242705692645004,-0.8095875692645005
55,2.5842972,3.424077526574139,-0.839780326574139
56,2.5625165,3.4239413898623106,-0.8614248898623105
57,2.5563464,3.423921442795607,-0.867575042795607
58,2.5280292,3.423971792467171,-0.8959425924671707
59,2.527857,3.4241178969480197,-0.8962608969480197
60,2.5362604,3.42437476434406,-0.8881143643440597
61,2.554804,3.4247981247989037,-0.8699941247989038
62,2.5646405,3.425638552951689,-0.8609980529516892
63,2.571991,3.4264208719859894,-0.8544298719859893
64,2.585852,3.4271476733167905,-0.8412956733167904
65,2.605334,3.4279901209410752,-0.8226561209410752
66,2.629549,3.428738521625816,-0.799189521625816
67,2.6576068,3.4293848396537245,-0.7717780396537246
68,2.6886194,3.4300078494197264,-0.7413884494197265
69,2.7216969,3.43096431156687,-0.70926741156687
70,2.75595,3.432079990505607,-0.6761299905056073
71,2.7904909,3.4330504639529416,-0.6425595639529416
72,2.824429,3.433719969632453,-0.6092909696324531
73,2.8568761,3.4341817953395055,-0.5773056953395055
74,2.8869684,3.434591720075417,-0.5476233200754166
75,2.921037,3.43496180876081,-0.5139248087608097
76,2.95738,3.435291809879592,-0.47791180987959203
77,2.9906409,3.4361704613494206,-0.4455295613494208
78,3.0342865,3.4372949424137595,-0.40300844241375966
79,3.0685894,3.4382337577422857,-0.36964435774228566
80,3.0954633,3.4393081250672908,-0.34384482506729075
81,3.1163907,3.4407817953479785,-0.3243910953479783
82,3.120564,3.442699461442431,-0.3221354614424312
83,3.1087625,3.444522907679372,-0.3357604076793721
84,3.0850537,3.4465716311065626,-0.3615179311065626
85,3.0641,3.4491125671667318,-0.38501256716673193
86,3.0505927,3.45110216558696,-0.40050946558695966
87,3.0450113,3.452263985423323,-0.4072526854233227
88,3.0389044,3.453178991946303,-0.41427459194630334
89,3.046062,3.4537723517129133,-0.40771035171291325
90,3.0655136,3.4538099100589577,-0.3882963100589576
91,3.092938,3.453284823873004,-0.3603468238730039
92,3.1233466,3.452454722523506,-0.32910812252350574
93,3.1633017,3.451353797418358,-0.28805209741835824
94,3.1992853,3.4499438164680254,-0.2506585164680253
95,3.2334213,3.4483229292148163,-0.21490162921481648
96,3.2695541,3.4466109869013164,-0.17705688690131627
97,3.3050745,3.44456241589295,-0.1394879158929503
98,3.3381915,3.442271974339604,-0.10408047433960377
99,3.3689227,3.4401984436053783,-0.07127574360537814
100,3.3962522,3.438270452601502,-0.04201825260150205
101,3.4152286,3.4362882755147246,-0.021059675514724763
102,3.4348242,3.434295189376916,0.0005290106230839697
103,3.4540765,3.432295633189633,0.021780866810367172
104,3.4731064,3.4303714201950237,0.04273497980497609
105,3.4898987,3.4284904203250206,0.061408279674979305
106,3.5062299,3.4265896474202746,0.07964025257972551
107,3.5236905,3.424819100538169,0.09887139946183066
108,3.5403562,3.4231768386296757,0.11717936137032448
109,3.5606613,3.421647186805458,0.13901411319454215
110,3.5821686,3.420417225127793,0.16175137487220725
111,3.600527,3.419453813894143,0.181073186105857
112,3.6161847,3.4183775536292127,0.1978071463707871
113,3.64562,3.4169501111000846,0.22866988889991546
114,3.6574771,3.415371407774092,0.24210569222590772
115,3.6607547,3.4139684595074007,0.24678624049259934
116,3.6486468,3.413262508089113,0.23538429191088683
117,3.6233609,3.4127545790904064,0.21060632090959386
118,3.5829337,3.4119347533315434,0.1709989466684565
119,3.5254397,3.4108988903358015,0.11454080966419866
120,3.4611075,3.4099173541514265,0.05119014584857329
121,3.4048374,3.408982054047221,-0.004144654047220975
122,3.3514578,3.40808827503447,-0.05663047503447016
123,3.3035758,3.407255548009498,-0.10367974800949797
124,3.2747226,3.406502817901559,-0.13178021790155903
125,3.2503543,3.405786075477062,-0.15543177547706177
126,3.2289255,3.405028390226784,-0.17610289022678405
127,3.2135608,3.4038351470355046,-0.1902743470355044
128,3.1983435,3.4023032117560987,-0.20395971175609873
129,3.190422,3.400873817641174,-0.21045181764117427
130,3.180044,3.3995273108541415,-0.2194833108541414
131,3.1774793,3.3982232584748995,-0.22074395847489958
132,3.1735394,3.3969554257226466,-0.22341602572264652
133,3.1764941,3.3957196834363312,-0.21922558343633103
134,3.1713812,3.3945770031724796,-0.22319580317247967
135,3.148335,3.393510438854463,-0.24517543885446313
136,3.1158328,3.3924778055753864,-0.2766450055753862
137,3.082597,3.391485716518789,-0.30888871651878924
138,3.0535169,3.390552103283791,-0.3370352032837909
139,3.0885162,3.3900699055306887,-0.3015537055306887
140,3.009869,3.38982388322373,-0.37995488322372983
141,2.9880817,3.3894001365676214,-0.40131843656762145
142,2.972897,3.3889824608344914,-0.41608546083449127
143,2.9637048,3.388558747837045,-0.424853947837045
144,2.9471588,3.3880962617953907,-0.44093746179539073
145,2.939911,3.387582000250877,-0.44767100025087725
146,2.9390695,3.3870197906096866,-0.4479502906096866
147,2.93728,3.386389501225459,-0.4491095012254589
148,2.941015,3.385696450793752,-0.44468145079375176
149,2.94567,3.3849651708381523,-0.4392951708381525
150,2.9542172,3.384157206931767,-0.4299400069317669
151,2.958555,3.3836489395616507,-0.42509393956165065
152,2.9667315,3.383697084912819,-0.4169655849128193
153,2.9644153,3.383653239102395,-0.4192379391023948
154,2.9803314,3.383238054461022,-0.40290665446102203
155,3.006231,3.382701297608515,-0.376470297608515
156,3.0280118,3.382009214174459,-0.3539974141744593
157,3.0548706,3.38112242871052,-0.32625182871051983
158,3.0715616,3.380050498203002,-0.3084888982030023
159,3.0807233,3.3788727489183876,-0.2981494489183878
160,3.082659,3.3774022942331947,-0.2947432942331947
161,3.0861905,3.3752316331530436,-0.2890411331530438
162,3.09564,3.372329002239636,-0.2766890022396362
163,3.0983615,3.3691688687719923,-0.2708073687719921
164,3.103315,3.3659295848527306,-0.2626145848527308
165,3.1110294,3.362626480597434,-0.2515970805974339
166,3.1262448,3.3593011598732754,-0.23305635987327555
167,3.1424222,3.355969290345519,-0.21354709034551922
168,3.1640484,3.3526335565663143,-0.18858515656631436
169,3.1888406,3.3493108103264695,-0.1604702103264697
170,3.2141135,3.346002605579938,-0.13188910557993827
171,3.2399237,3.342907642264493,-0.10298394226449314
172,3.2695193,3.3400588689155297,-0.07053956891552993
173,3.2985928,3.3372607489794928,-0.03866794897949255
174,3.3251996,3.3345412145992066,-0.009341614599206682
175,3.3509,3.332067490044233,0.01883250995576713
176,3.3769107,3.330234324484619,0.04667637551538073
177,3.3976767,3.3296161446735706,0.0680605553264293
178,3.4111743,3.329910690181068,0.0812636098189321
179,3.418602,3.330195777314524,0.08840622268547582
180,3.4240189,3.3296380290122753,0.09438087098772474
181,3.433804,3.3282902336472944,0.10551376635270548
182,3.4204068,3.326556234710014,0.0938505652899857
183,3.3976898,3.324568241267024,0.07312155873297632
184,3.3666644,3.322692521894748,0.04397187810525205
185,3.3343909,3.3211384538658018,0.01325244613419807
186,3.29879,3.3198081583638817,-0.021018158363881767
187,3.259396,3.3186910093235173,-0.05929500932351717
188,3.2232165,3.3177040374453894,-0.09448753744538951
189,3.1927774,3.317013884043551,-0.12423648404355081
190,3.1687634,3.3165504041819203,-0.14778700418192026
191,3.14631,3.316313498280292,-0.17000349828029204
192,3.1445944,3.316310877009774,-0.17171647700977388
193,3.1474228,3.3164105276439613,-0.16898772764396108
194,3.1451786,3.3165787785129295,-0.17140017851292955
195,3.1331546,3.3168737936404633,-0.18371919364046319
196,3.1205673,3.3173448518680018,-0.19677755186800194
197,3.1030884,3.3179832437433907,-0.21489484374339085
198,3.0876172,3.318731414590844,-0.23111421459084402
199,3.0811038,3.3196678793807166,-0.23856407938071644
200,3.0798862,3.3210130058216745,-0.24112680582167467
201,3.0685925,3.32259416750432,-0.25400166750431996
202,3.0624402,3.3241217382412773,-0.26168153824127716
203,3.0582898,3.3257905332171585,-0.2675007332171586
204,3.0457828,3.3276379718589446,-0.2818551718589446
205,3.0315704,3.32958786215838,-0.29801746215837976
206,3.021323,3.331557059944347,-0.3102340599443467
207,3.018072,3.3335551085898567,-0.3154831085898566
208,3.020388,3.3355974642587634,-0.3152094642587633
209,3.028183,3.3378775969503898,-0.3096945969503899
210,3.0402145,3.340460612177992,-0.30024611217799224
211,3.0549786,3.3434561653828627,-0.2884775653828626
212,3.0674841,3.3465284252666923,-0.2790443252666921
213,3.0732281,3.3495155737504616,-0.2762874737504615
214,3.0659964,3.3525092088425414,-0.2865128088425415
215,3.0479867,3.355373883025746,-0.30738718302574597
216,3.0279028,3.3581426143112276,-0.3302398143112275
217,3.013939,3.3607565354801694,-0.34681753548016925
218,3.00759,3.3631963069801034,-0.3556063069801034
219,3.006292,3.36635479373921,-0.36006279373921
220,3.0065176,3.369920355456028,-0.3634027554560282
221,3.0074246,3.3730515759735256,-0.3656269759735258
222,3.0111902,3.3760808671673157,-0.36489066716731555
223,3.0160882,3.379074143935362,-0.362985943935362
224,3.0244772,3.3819570562637495,-0.35747985626374934
225,3.035831,3.3847204501318973,-0.3488894501318973
226,3.0509045,3.387402375069005,-0.33649787506900486
227,3.0669644,3.3899666294304946,-0.32300222943049484
228,3.0846121,3.392593732284555,-0.3079816322845548
229,3.1023908,3.3953451749876455,-0.29295437498764576
230,3.1240475,3.3978255695233686,-0.2737780695233685
231,3.1465192,3.4000606105925986,-0.2535414105925984
232,3.1668744,3.402188277147254,-0.2353138771472536
233,3.1860852,3.404218250958084,-0.21813305095808389
234,3.2009757,3.406186131016614,-0.20521043101661407
235,3.2100317,3.4080901030117263,-0.19805840301172628
236,3.2197592,3.409926396104919,-0.19016719610491917
237,3.2325025,3.4117402020361483,-0.17923770203614842
238,3.233417,3.413500252123222,-0.18008325212322163
239,3.2358737,3.415219245387652,-0.17934554538765202
240,3.2386148,3.416259341780789,-0.17764454178078903
241,3.2410595,3.4166473209497203,-0.17558782094972036
242,3.2413907,3.4170537974058837,-0.17566309740588348
243,3.2365863,3.417484314061411,-0.18089801406141115
244,3.2240329,3.4179284385260544,-0.19389553852605435
245,3.210097,3.418334944813096,-0.20823794481309577
246,3.2015262,3.4187025589160225,-0.2171763589160225
247,3.1993256,3.4190751621037214,-0.21974956210372154
248,3.2082083,3.4194143346052956,-0.21120603460529574
249,3.2237473,3.419698707245912,-0.1959514072459121
250,3.2475476,3.4199084620674474,-0.1723608620674475
251,3.2690341,3.4200494337028635,-0.15101533370286369
252,3.2905405,3.4202845827349355,-0.12974408273493543
253,3.316464,3.420508352104875,-0.10404435210487506
254,3.3223348,3.4205359535703295,-0.09820115357032932
255,3.3251212,3.420465073454401,-0.09534387345440098
256,3.327142,3.4203248443401923,-0.09318284434019253
257,3.328545,3.420104775186529,-0.09155977518652891
258,3.3294778,3.4197960932791602,-0.09031829327916041
259,3.3300884,3.41940355123777,-0.0893151512377699
260,3.3305242,3.418960987190983,-0.0884367871909828
261,3.3309333,3.418479657564696,-0.0875463575646962
262,3.3314636,3.4179612925386627,-0.08649769253866246
263,3.332262,3.4174013753414094,-0.08513937534140936
264,3.3334775,3.416805998234086,-0.08332849823408628
265,3.3352568,3.416173337400981,-0.08091653740098126
266,3.3377485,3.415497280432172,-0.07774878043217193
267,3.338562,3.4147724611584067,-0.07621046115840668
268,3.326391,3.4139823836070047,-0.08759138360700458
269,3.310295,3.4131412107126287,-0.10284621071262867
270,3.2862854,3.4122789204301602,-0.1259935204301601
271,3.2672555,3.411364234020447,-0.14410873402044677
272,3.2559009,3.4104084014914897,-0.15450750149148984
273,3.2505035,3.4094057220854244,-0.15890222208542415
274,3.250703,3.4083915319721885,-0.15768853197218835
275,3.2539923,3.4074879048362705,-0.15349560483627034
276,3.2636456,3.406634566226762,-0.14298896622676205
277,3.277579,3.4056432521145057,-0.1280642521145059
278,3.3199704,3.4046235046651794,-0.0846531046651795
279,3.3373163,3.4036141429816515,-0.06629784298165164
280,3.3495548,3.402636334665377,-0.05308153466537702
281,3.3616486,3.4016984812485527,-0.04004988124855258
282,3.3685336,3.400801084121051,-0.03226748412105085
283,3.3714316,3.399954151714062,-0.028522551714061706
284,3.3623407,3.3991690594881336,-0.03682835948813379
285,3.3429358,3.3984508782098577,-0.055515078209857904
286,3.3150384,3.3978011645457875,-0.08276276454578735
287,3.2819388,3.397318338958131,-0.11537953895813136
288,3.2506998,3.3968951629580943,-0.14619536295809432
289,3.2236426,3.396389167242376,-0.17274656724237625
290,3.1968155,3.395920395566783,-0.19910489556678312
291,3.1710205,3.395466563580606,-0.22444606358060604
292,3.157862,3.3950271489557298,-0.2371651489557296
293,3.1590521,3.3946053671370233,-0.23555326713702351
294,3.1655796,3.3941669247429878,-0.2285873247429877
295,3.1771283,3.39370470567656,-0.21657640567655978
296,3.194034,3.393194201642755,-0.19916020164275539
297,3.233198,3.392632641437531,-0.15943464143753117
298,3.2628675,3.39200319796126,-0.12913569796126012
299,3.2806156,3.3912849722793994,-0.11066937227939944
300,3.2927191,3.390459522442412,-0.0977404224424121
301,3.297685,3.3895191039818897,-0.09183410398188974
302,3.2913318,3.3884599736514667,-0.09712817365146664
303,3.2720654,3.387272597669572,-0.1152071976695721
304,3.239964,3.3859590196315588,-0.1459950196315587
305,3.1962814,3.3845201606319013,-0.18823876063190115
306,3.1441846,3.3829482901234544,-0.23876369012345444
307,3.1125586,3.3812793215356396,-0.26872072153563975
308,3.098428,3.379525078862471,-0.2810970788624707
309,3.0917315,3.3776868818747716,-0.28595538187477176
310,3.09592,3.375775346803516,-0.2798553468035161
311,3.1094687,3.3737802537408617,-0.2643115537408618
312,3.129594,3.371710116035631,-0.2421161160356311
313,3.1453073,3.3695750537029996,-0.22426775370299978
314,3.170725,3.3673954374827835,-0.19667043748278346
315,3.190384,3.3651733790045233,-0.1747893790045234
316,3.2165396,3.3637127625101515,-0.14717316251015156
317,3.2412708,3.362632531902238,-0.12136173190223776
318,3.272873,3.3611221254635093,-0.08824912546350916
319,3.2992423,3.359501625089552,-0.06025932508955201
320,3.319517,3.3579014604013535,-0.03838446040135368
321,3.3363898,3.3563670507263823,-0.019977250726382234
322,3.3666272,3.35491584466686,0.011711355333139828
323,3.3866773,3.3535409036365054,0.03313639636349475
324,3.4055884,3.352256491646738,0.05333190835326196
325,3.4236896,3.351068230440358,0.07262136955964182
326,3.4387076,3.3499822875105916,0.08872531248940829
327,3.448179,3.349015607417733,0.09916339258226703
328,3.448084,3.348203775215238,0.0998802247847621
329,3.4402988,3.3476337184069656,0.09266508159303433
330,3.4239295,3.346888162918179,0.07704133708182104
331,3.407257,3.3458350156084897,0.061421984391510254
332,3.3938031,3.3449565802611403,0.04884651973885967
333,3.3822217,3.3442651260316882,0.03795657396831187
334,3.3708866,3.3437634972696966,0.027123102730303383
335,3.3549194,3.34394504554971,0.010974354450290047
336,3.3361783,3.345111535716654,-0.008933235716654053
337,3.3156946,3.346482297600745,-0.030787697600744846
338,3.2947366,3.3476928481399297,-0.05295624813992994
339,3.2762702,3.3490208286500645,-0.07275062865006454
340,3.2568653,3.3504661433130507,-0.09360084331305085
341,3.242326,3.3519786444410604,-0.1096526444410606
342,3.228751,3.35354042054865,-0.12478942054864994
343,3.2124493,3.355119263809784,-0.14266996380978414
344,3.1979806,3.356585090090152,-0.15860449009015198
345,3.1889517,3.357578618441224,-0.16862691844122413
346,3.1766684,3.3581773008990794,-0.18150890089907934
347,3.1648853,3.358757774613208,-0.1938724746132081
348,3.1610477,3.359310040609815,-0.19826234060981474
349,3.1521182,3.359821839486735,-0.2077036394867351
350,3.1477072,3.3602834483922033,-0.21257624839220313
351,3.1299045,3.360657958807529,-0.2307534588075293
352,3.1233673,3.3610430195754337,-0.23767571957543376
353,3.1265476,3.361315800641636,-0.23476820064163606
354,3.1291711,3.3613660634632683,-0.23219496346326807
355,3.1307428,3.3613012274550322,-0.23055842745503208
356,3.1279416,3.3611105920758195,-0.23316899207581931
357,3.1188757,3.3608031438681785,-0.24192744386817866
358,3.0887768,3.3603887397652037,-0.2716119397652035
359,3.0502918,3.3598759347219613,-0.3095841347219612
360,3.0158222,3.3600429980268935,-0.3442207980268934
361,2.9886463,3.360785406754999,-0.37213910675499884
362,2.9484253,3.361186556335659,-0.4127612563356591
363,2.930046,3.36143585308789,-0.4313898530878899
364,2.9010816,3.361654705370649,-0.4605731053706492
365,2.8723843,3.361827719811766,-0.4894434198117663
366,2.8617961,3.361954766599079,-0.5001586665990794
367,2.8510683,3.3620667395892214,-0.5109984395892213
368,2.8422563,3.362504812724631,-0.5202485127246312
369,2.83478,3.3630529686081836,-0.5282729686081837
370,2.8280606,3.3634385744602375,-0.5353779744602374
371,2.8215215,3.363826714637889,-0.542305214637889
372,2.8145852,3.364237454022343,-0.5496522540223432
373,2.8066738,3.3646585936849585,-0.5579847936849585
374,2.7972102,3.3650702246072943,-0.5678600246072945
375,2.7856169,3.3654555421928514,-0.5798386421928514
376,2.7706335,3.365832251299489,-0.5951987512994887
377,2.7448132,3.3661850834084346,-0.6213718834084347
378,2.7149386,3.3664761556204192,-0.6515375556204193
379,2.693462,3.3667082995091535,-0.6732462995091537
380,2.6634772,3.3668785682919,-0.7034013682919
381,2.640138,3.367034587074285,-0.7268965870742852
382,2.6187427,3.367114502699372,-0.748371802699372
383,2.5976694,3.3670700231500144,-0.7694006231500143
384,2.5749097,3.366961571628921,-0.7920518716289209
385,2.554209,3.3668230388975555,-0.8126140388975553
386,2.5338101,3.3666406461871756,-0.8328305461871754
387,2.5147269,3.3664098918977157,-0.8516829918977158
388,2.5036588,3.3661337879544555,-0.8624749879544553
389,2.4934464,3.3658444986313487,-0.8723980986313489
390,2.4937613,3.365185149417145,-0.8714238494171451
391,2.4797919,3.3640503450468353,-0.8842584450468354
392,2.4634488,3.362917978140904,-0.8994691781409041
393,2.460642,3.361862467102198,-0.9012204671021982
394,2.4615936,3.3609124363983693,-0.8993188363983693
395,2.4611762,3.3602473784931353,-0.8990711784931351
396,2.4667118,3.359712909455611,-0.8930011094556107
397,2.4686072,3.3590860958663105,-0.8904788958663103
398,2.4743555,3.3585484045942167,-0.8841929045942165
399,2.4925473,3.358176776978562,-0.8656294769785622
400,2.4996448,3.3578035881241663,-0.8581587881241663
401,2.5444217,3.357274063591235,-0.8128523635912348
402,2.5816193,3.356699147289685,-0.7750798472896854
403,2.6130087,3.3562601992613486,-0.7432514992613486
404,2.6423175,3.355998949465755,-0.7136814494657551
405,2.6699655,3.355966912730256,-0.6860014127302558
406,2.689294,3.356192293034911,-0.6668982930349112
407,2.7014682,3.3566972719086703,-0.6552290719086704
408,2.7057495,3.357506175786519,-0.651756675786519
409,2.6987152,3.358557350237304,-0.6598421502373037
410,2.6850116,3.359830649210038,-0.6748190492100377
411,2.6647012,3.3612952823423874,-0.6965940823423873
412,2.6470392,3.362822092451868,-0.7157828924518679
413,2.6236932,3.364322991885182,-0.7406297918851821
414,2.5994656,3.365921910228524,-0.766456310228524
415,2.5814764,3.3675729065065405,-0.7860965065065404
416,2.5597513,3.369162631633501,-0.809411331633501
417,2.5449927,3.3712110187293267,-0.8262183187293268
418,2.5474112,3.3737132479477827,-0.8263020479477827
419,2.5445056,3.376135513503084,-0.8316299135030842
420,2.5523093,3.3783965736488244,-0.8260872736488243
421,2.5801523,3.380647505875328,-0.8004952058753281
422,2.6101718,3.3829362711434667,-0.7727644711434669
423,2.6413367,3.3849731768768425,-0.7436364768768424
424,2.6740277,3.3867903896189246,-0.7127626896189247
425,2.7075348,3.388401600544229,-0.6808668005442291
426,2.7375293,3.3898026810365085,-0.6522733810365087
427,2.762789,3.390974769327552,-0.6281857693275517
428,2.7803607,3.3919297165085447,-0.6115690165085446
429,2.786644,3.392636815384199,-0.6059928153841989
430,2.781868,3.392411112319751,-0.6105431123197511
431,2.7775714,3.3913223491449798,-0.61375094914498
432,2.775552,3.390112135712229,-0.614560135712229
433,2.7643857,3.3888392704534307,-0.6244535704534306
434,2.7521973,3.3874890485569638,-0.6352917485569636
435,2.7409918,3.386070777866048,-0.645078977866048
436,2.7364066,3.38462778078239,-0.6482211807823899
437,2.7406878,3.383188170831442,-0.6425003708314421
438,2.7463849,3.381761017170928,-0.635376117170928
439,2.7533984,3.380552175955156,-0.627153775955156
440,2.7608478,3.379600624399727,-0.6187528243997269
441,2.7672849,3.3786315961550173,-0.6113466961550174
442,2.775177,3.3776368794308578,-0.602459879430858
443,2.7790778,3.3767473121898193,-0.5976695121898192
444,2.7913654,3.375990015028066,-0.5846246150280661
445,2.7926548,3.376044404652716,-0.5833896046527158
446,2.8136292,3.376547073414714,-0.562917873414714
447,2.8318155,3.376765244976581,-0.5449497449765812
448,2.8483026,3.377084813335269,-0.5287822133352691
449,2.8627057,3.377560664771716,-0.514854964771716
450,2.88134,3.3782034974310533,-0.4968634974310535
451,2.9050586,3.3789917502566706,-0.4739331502566708
452,2.9011328,3.37992873896185,-0.4787959389618499
453,2.9034762,3.3810257960613104,-0.4775495960613103
454,2.8945224,3.382292046979916,-0.487769646979916
455,2.884177,3.3837329513158307,-0.4995559513158305
456,2.8730862,3.385344572990904,-0.512258372990904
457,2.8634741,3.3871887556437033,-0.5237146556437033
458,2.8545074,3.388668311816997,-0.534160911816997
459,2.8436246,3.3896996927354075,-0.5460750927354074
460,2.8312237,3.3908989310289543,-0.5596752310289546
461,2.8195004,3.392297849829767,-0.5727974498297672
462,2.8070743,3.3938622126991875,-0.5867879126991875
463,2.7994123,3.395553360599399,-0.5961410605993986
464,2.7953708,3.397357696783071,-0.601986896783071
465,2.7827072,3.399303164726164,-0.6165959647261641
466,2.7785785,3.4013078624579673,-0.6227293624579673
467,2.7779672,3.4032525708205137,-0.6252853708205137
468,2.7814581,3.4050587185472208,-0.6236006185472207
469,2.7919247,3.406889785582315,-0.6149650855823148
470,2.8029132,3.408764102702282,-0.605850902702282
471,2.811603,3.410705183797986,-0.599102183797986
472,2.820984,3.4126869251033676,-0.5917029251033674
473,2.8206482,3.414673785599998,-0.5940255855999981
474,2.826926,3.4166876456863746,-0.5897616456863748
475,2.8337314,3.4186955421371237,-0.5849641421371237
476,2.8434427,3.4206827846177505,-0.5772400846177503
477,2.8492389,3.422623415085997,-0.5733845150859969
478,2.8566034,3.4244994402466857,-0.5678960402466857
479,2.862322,3.426310494390017,-0.5639884943900171
480,2.8750196,3.4280426893999736,-0.5530230893999737
481,2.881607,3.4296739855922573,-0.5480669855922575
482,2.873522,3.431176005730673,-0.5576540057306731
483,2.876964,3.4325602308180345,-0.5555962308180344
484,2.8746426,3.434335979619433,-0.559693379619433
485,2.8797696,3.4364450848925916,-0.5566754848925917
486,2.8759625,3.4381056691872116,-0.5621431691872116
487,2.8710752,3.4394171094883914,-0.5683419094883915
488,2.8515744,3.4405543796289555,-0.5889799796289554
489,2.8267038,3.441583820343872,-0.6148800203438718
490,2.8133621,3.4432346497282067,-0.6298725497282067
491,2.793724,3.4449901834406216,-0.6512661834406215
492,2.772984,3.4460578755206432,-0.6730738755206431
493,2.7534964,3.446912842928386,-0.693416442928386
494,2.7294705,3.447556969517975,-0.7180864695179747
495,2.7032,3.448007023516182,-0.7448070235161821
496,2.6672363,3.4483312205745147,-0.7810949205745148
497,2.627739,3.4485039171902083,-0.8207649171902083
498,2.5876083,3.4485151956432443,-0.8609068956432444
499,2.549516,3.4484220839860322,-0.8989060839860321
500,2.514233,3.448400226048912,-0.934167226048912
501,2.4823575,3.4482268277473227,-0.9658693277473227
502,2.4658267,3.447815447312044,-0.9819887473120441
503,2.4314575,3.4468543082940584,-1.0153968082940583
504,2.4166696,3.4449238099712356,-1.0282542099712355
505,2.4047437,3.4425354389547245,-1.0377917389547244
506,2.4001813,3.440181488748932,-1.040000188748932
507,2.3942783,3.4378425347173294,-1.0435642347173295
508,2.3971307,3.4355347235800577,-1.0384040235800578
509,2.407633,3.4332778844137395,-1.0256448844137394
510,2.4020069,3.431134869641734,-1.029127969641734
511,2.3922436,3.4292280394053702,-1.0369844394053702
512,2.3808932,3.427348671412716,-1.0464554714127159
513,2.3666818,3.4254325742118956,-1.0587507742118958
514,2.357449,3.4235899312361497,-1.0661409312361498
515,2.3454285,3.4218143805790073,-1.0763858805790072
516,2.3372726,3.4201014379012156,-1.0828288379012156
517,2.3053687,3.4184496109581013,-1.1130809109581015
518,2.2992532,3.416863339409655,-1.117610139409655
519,2.2917774,3.415373368927742,-1.123595968927742
520,2.2862833,3.413765008071005,-1.127481708071005
521,2.285807,3.4119139166827215,-1.1261069166827213
522,2.286246,3.4099897925591858,-1.123743792559186
523,2.2874472,3.408119274575652,-1.1206720745756522
524,2.2915714,3.406333254704976,-1.1147618547049758
525,2.3034396,3.404698797949481,-1.101259197949481
526,2.3098962,3.4031491620250303,-1.0932529620250304
527,2.3131125,3.401691646289307,-1.088579146289307
528,2.3198395,3.4004933201897805,-1.0806538201897804
529,2.3319561,3.3995292911716803,-1.0675731911716801
530,2.3428714,3.39859720492805,-1.0557258049280502
531,2.3538263,3.397764723135378,-1.0439384231353777
532,2.3600528,3.397017853995942,-1.0369650539959419
533,2.375156,3.3966137250698636,-1.0214577250698635
534,2.3949149,3.39651476911079,-1.0015998691107901
535,2.3929007,3.3963454709764016,-1.0034447709764014
536,2.4058957,3.396154861316036,-0.9902591613160361
537,2.4269745,3.3960150264148354,-0.9690405264148354
538,2.4541287,3.3959867463047115,-0.9418580463047115
539,2.4798832,3.395982164715693,-0.916098964715693
540,2.503589,3.3959747343011983,-0.8923857343011985
541,2.5249245,3.3961833671542005,-0.8712588671542005
542,2.5435672,3.39627968023768,-0.8527124802376798
543,2.5591962,3.396061740858841,-0.8368655408588408
544,2.5714893,3.395843174607758,-0.8243538746077581
545,2.580125,3.395604187405018,-0.815479187405018
546,2.5847814,3.395357451171895,-0.8105760511718954
547,2.587786,3.3952805781394444,-0.8074945781394445
548,2.597411,3.395895520050682,-0.7984845200506818
549,2.611727,3.3966029579460058,-0.7848759579460056
550,2.631364,3.3968782258570007,-0.7655142258570007
551,2.6547787,3.3971003857328586,-0.7423216857328585
552,2.6812003,3.3972565741978022,-0.7160562741978023
553,2.7146497,3.3972950744910126,-0.6826453744910128
554,2.7357395,3.3972462807346733,-0.6615067807346731
555,2.7472699,3.397579287216084,-0.6503093872160841
556,2.747974,3.3979732510436493,-0.6499992510436492
557,2.7345374,3.3979882788877402,-0.6634508788877405
558,2.7089484,3.397895473577113,-0.688947073577113
559,2.6855023,3.3977137014165084,-0.7122114014165084
560,2.6689441,3.397401287357383,-0.7284571873573831
561,2.6600952,3.3969675701170665,-0.7368723701170663
562,2.6589606,3.3964534694298627,-0.7374928694298628
563,2.66311,3.395769538405601,-0.7326595384056009
564,2.6681116,3.3945642420444835,-0.7264526420444835
565,2.6672146,3.3929075097953643,-0.7256929097953644
566,2.6537378,3.3911518047467784,-0.7374140047467783
567,2.6294293,3.389400477049787,-0.759971177049787
568,2.6036115,3.3876584436114143,-0.7840469436114144
569,2.5850677,3.3859373295392645,-0.8008696295392643
570,2.5871081,3.3842654950450837,-0.7971573950450836
571,2.592208,3.3828749287716637,-0.7906669287716639
572,2.5994425,3.381800856738999,-0.7823583567389991
573,2.6081002,3.3805388834210994,-0.7724386834210994
574,2.6174698,3.3787850946512505,-0.7613152946512507
575,2.626839,3.377093962457633,-0.7502549624576331
576,2.6354969,3.375515398944156,-0.7400184989441558
577,2.6427314,3.3741081706623612,-0.7313767706623611
578,2.6478312,3.3728796919328254,-0.7250484919328253
579,2.649668,3.371829788377873,-0.722161788377873
580,2.645232,3.3709470659534393,-0.7257150659534393
581,2.6382403,3.370188095884434,-0.7319477958844338
582,2.6288617,3.369542598775423,-0.7406808987754232
583,2.6197238,3.369033254993897,-0.749309454993897
584,2.6137674,3.368627312747097,-0.7548599127470972
585,2.609557,3.368293284110076,-0.7587362841100758
586,2.6026514,3.368013742218598,-0.765362342218598
587,2.5894,3.367800062467698,-0.7784000624676981
588,2.577579,3.3676347815203904,-0.7900557815203904
589,2.56056,3.3674946709201565,-0.8069346709201564
590,2.536014,3.3673737887798896,-0.8313597887798894
591,2.5070834,3.3676576963321665,-0.8605742963321665
592,2.476871,3.3682628950339972,-0.8913918950339972
593,2.4520798,3.368663595251064,-0.9165837952510643
594,2.4497952,3.368954921158213,-0.9191597211582128
595,2.4274237,3.3692414017790067,-0.9418177017790068
596,2.432093,3.3696044199773296,-0.9375114199773296
597,2.4377997,3.369888452886504,-0.9320887528865041
598,2.4517157,3.369896975984431,-0.918181275984431
599,2.4754367,3.3698475815317925,-0.8944108815317926
600,2.4948392,3.3698571183723662,-0.8750179183723663
601,2.5057538,3.369939098890768,-0.8641852988907681
602,2.4992142,3.370126508411192,-0.8709123084111923
603,2.4775183,3.3703943092440203,-0.8928760092440204
604,2.458845,3.3707129390063226,-0.9118679390063225
605,2.442796,3.371096648480719,-0.928300648480719
606,2.4344766,3.3715485853741964,-0.9370719853741964
607,2.4359555,3.372069416106141,-0.9361139161061409
608,2.4439862,3.372722044424202,-0.9287358444242022
609,2.4654071,3.373550472136492,-0.9081433721364918
610,2.4905984,3.3746209730459573,-0.8840225730459572
611,2.5157611,3.376008388090491,-0.8602472880904908
612,2.5327628,3.3777254264699383,-0.8449626264699384
613,2.5313208,3.3797183236131896,-0.8483975236131895
614,2.521674,3.3818674985161072,-0.8601934985161073
615,2.5146124,3.384145286013118,-0.869532886013118
616,2.5106146,3.3865251008026984,-0.8759105008026986
617,2.5335574,3.388956725591424,-0.8553993255914243
618,2.5399945,3.3913940869481944,-0.8513995869481943
619,2.5670972,3.393814841931894,-0.8267176419318938
620,2.5975778,3.396251119351324,-0.798673319351324
621,2.630672,3.398729287602988,-0.7680572876029879
622,2.663402,3.4012555603398615,-0.7378535603398615
623,2.6871,3.403828228006394,-0.716728228006394
624,2.703476,3.406550687870987,-0.7030746878709868
625,2.7136078,3.409627740161662,-0.696019940161662
626,2.7334387,3.4127099031483854,-0.6792712031483852
627,2.7392948,3.4156082150011793,-0.6763134150011791
628,2.7584796,3.418490220959154,-0.6600106209591541
629,2.784267,3.4213272284944005,-0.6370602284944007
630,2.8129795,3.4240977421877385,-0.6111182421877386
631,2.841823,3.4268220420215663,-0.584999042021566
632,2.8686206,3.4296615407374396,-0.5610409407374397
633,2.8959885,3.432318877942868,-0.5363303779428681
634,2.9033039,3.4343655673891704,-0.5310616673891704
635,2.9235437,3.4358375589880747,-0.5122938589880746
636,2.9310977,3.4372781970660626,-0.5061804970660626
637,2.932228,3.4389308142439203,-0.5067028142439205
638,2.9436002,3.4406224835094297,-0.49702228350942956
639,2.9526312,3.442109107645387,-0.48947790764538723
640,2.9613266,3.443575517720097,-0.48224891772009704
641,2.9737167,3.4450312661157207,-0.47131456611572053
642,2.9751346,3.4464542713162025,-0.47131967131620245
643,2.9738574,3.447792231340068,-0.4739348313400682
644,2.9724994,3.4490364828932343,-0.4765370828932345
645,2.963515,3.4502312352970934,-0.4867162352970933
646,2.949913,3.451375092032602,-0.5014620920326021
647,2.9441605,3.45247851752792,-0.5083180175279196
648,2.9383621,3.453519230641177,-0.5151571306411769
649,2.9372427,3.454502989420802,-0.5172602894208018
650,2.9343174,3.4554123885748282,-0.5210949885748284
651,2.931475,3.456256972522068,-0.5247819725220682
652,2.9289682,3.457025376568963,-0.528057176568963
653,2.9253452,3.457704901179776,-0.5323597011797756
654,2.9237769,3.4583180571603673,-0.5345411571603673
655,2.9203317,3.4597215978439375,-0.5393898978439373
656,2.9114838,3.461804820271384,-0.550321020271384
657,2.9043427,3.463535432012224,-0.5591927320122241
658,2.8956134,3.464934260465466,-0.5693208604654663
659,2.9000986,3.4662816484798697,-0.5661830484798696
660,2.9188886,3.4675295017793832,-0.5486409017793834
661,2.9342957,3.468694509486467,-0.5343988094864671
662,2.950932,3.469752979786633,-0.518820979786633
663,2.9609702,3.4706911273602152,-0.509720927360215
664,2.9733582,3.4713714285549746,-0.49801322855497476
665,2.9831543,3.4712136765531074,-0.4880593765531076
666,2.989165,3.4703293561127273,-0.48116435611272745
667,2.9939249,3.469296736825414,-0.47537183682541384
668,2.9962223,3.4681839942964063,-0.47196169429640644
669,3.0018528,3.4669935816695387,-0.46514078166953876
670,3.0088294,3.465738807505467,-0.4569094075054667
671,3.009249,3.464445389861716,-0.45519638986171573
672,3.0157712,3.463280825526828,-0.4475096255268278
673,3.025102,3.4620056876202603,-0.43690368762026033
674,3.0361862,3.4604366523820795,-0.4242504523820796
675,3.050913,3.4588125214057093,-0.4078995214057093
676,3.0752127,3.4571359112520867,-0.38192321125208695
677,3.098344,3.4554446714418696,-0.35710067144186963
678,3.122902,3.4537236547445045,-0.33082165474450465
679,3.1463547,3.4519897666313337,-0.3056350666313339
680,3.1707764,3.4502237197338532,-0.2794473197338534
681,3.186821,3.4484948252665224,-0.2616738252665223
682,3.2013037,3.446741586464762,-0.24543788646476195
683,3.2167969,3.444872863152019,-0.22807596315201906
684,3.2247925,3.4429797153570934,-0.2181872153570934
685,3.230156,3.441084381022154,-0.21092838102215383
686,3.2327924,3.4391986769811917,-0.20640627698119163
687,3.2410998,3.4375068868608025,-0.19640708686080233
688,3.2458932,3.435898468925862,-0.19000526892586223
689,3.25217,3.434140172500732,-0.1819701725007321
690,3.2578027,3.432393914395492,-0.17459121439549197
691,3.272667,3.4306873823352464,-0.15802038233524618
692,3.2900074,3.4290123432292474,-0.1390049432292475
693,3.309979,3.4273747358108833,-0.11739573581088347
694,3.3455658,3.4258033174041236,-0.08023751740412344
695,3.3616889,3.4242776449548273,-0.06258874495482747
696,3.3648334,3.4227107890798347,-0.05787738907983453
697,3.359327,3.4210587083037205,-0.061731708303720545
698,3.3514252,3.419434907613409,-0.06800970761340919
699,3.338659,3.4178462878527256,-0.07918728785272577
700,3.309809,3.4162749355624213,-0.10646593556242134
701,3.2591836,3.4147109319302102,-0.15552733193021018
702,3.1944373,3.413150015091665,-0.218712715091665
703,3.132501,3.411583392003996,-0.2790823920039962
704,3.0702994,3.4100067825344067,-0.3397073825344066
705,3.0377383,3.408410453185434,-0.370672153185434
706,3.022135,3.4067887877093406,-0.38465378770934056
707,3.017042,3.40515171823407,-0.38810971823407003
708,3.0173569,3.4034985959401243,-0.3861416959401245
709,3.0211825,3.4018364535206054,-0.38065395352060527
710,3.027167,3.400154682877901,-0.37298768287790107
711,3.0290866,3.3984459620580934,-0.3693593620580935
712,3.0294397,3.396729740878026,-0.36729004087802597
713,3.0293078,3.3950406380177287,-0.3657328380177285
714,3.031614,3.3933803086835463,-0.36176630868354653
715,3.0339856,3.391733759849391,-0.357748159849391
716,3.0338016,3.390118486265063,-0.3563168862650632
717,3.028584,3.3885780433417443,-0.35999404334174434
718,3.0097754,3.3870681810226633,-0.37729278102266317
719,2.9795718,3.3856060805387562,-0.40603428053875623
720,2.955502,3.3842320346988806,-0.4287300346988805
721,2.9358118,3.3829288074258153,-0.44711700742581506
722,2.9228199,3.381683189636673,-0.4588632896366729
723,2.913255,3.3804954823321287,-0.4672404823321288
724,2.902418,3.379401701972009,-0.4769837019720091
725,2.8970752,3.3783975880501584,-0.48132238805015826
726,2.8878708,3.3774992220936286,-0.48962842209362867
727,2.8840845,3.3769519211814023,-0.49286742118140214
728,2.890163,3.3764580621902316,-0.4862950621902318
729,2.915305,3.375826347227713,-0.46052134722771276
730,2.9349627,3.3753485666189857,-0.44038586661898593
731,2.9477124,3.3750778573924047,-0.42736545739240483
732,2.9543393,3.3755608592950326,-0.4212215592950326
733,2.956702,3.3766908978395827,-0.4199888978395827
734,2.961455,3.3777206821542514,-0.4162656821542514
735,2.9637625,3.378785827223631,-0.415023327223631
736,2.9640121,3.3800040431345253,-0.41599194313452514
737,2.957246,3.3813990033661097,-0.4241530033661096
738,2.9459097,3.3829239402320472,-0.43701424023204716
739,2.92659,3.384516773593066,-0.4579267735930661
740,2.9063938,3.386177162879971,-0.4797833628799708
741,2.887619,3.3879337548449713,-0.5003147548449713
742,2.854866,3.389780469178898,-0.5349144691788981
743,2.8122559,3.3916549693933877,-0.5793990693933879
744,2.7826526,3.393553266083521,-0.6109006660835208
745,2.7631989,3.395568707051603,-0.6323698070516031
746,2.7496936,3.3977388182753816,-0.6480452182753815
747,2.743284,3.4000222784638607,-0.6567382784638607
748,2.7478473,3.402395276670873,-0.654547976670873
749,2.766486,3.4048407259162383,-0.6383547259162383
750,2.7828696,3.407354787449876,-0.624485187449876
751,2.804028,3.409896517649717,-0.6058685176497169
752,2.8257031,3.412423549767066,-0.5867204497670659
753,2.8608005,3.4150354544248898,-0.5542349544248899
754,2.9012768,3.4177315437607523,-0.5164547437607521
755,2.922929,3.420377964370875,-0.49744896437087505
756,2.9413016,3.4230796486266297,-0.48177804862662965
757,2.9570215,3.425569202946872,-0.46854770294687187
758,2.9758682,3.4277178299379707,-0.45184962993797084
759,2.9887772,3.4297418516420652,-0.44096465164206533
760,2.998363,3.431617189443268,-0.433254189443268
761,3.0036817,3.433382527195528,-0.42970082719552805
762,3.0114746,3.435014891656442,-0.4235402916564417
763,3.0143945,3.4367738464807376,-0.4223793464807377
764,3.0138364,3.4385702583567097,-0.4247338583567095
765,3.0082822,3.440205270231987,-0.43192307023198717
766,2.9892883,3.441670863323896,-0.45238256332389604
767,2.9535425,3.443526595920756,-0.489984095920756
768,2.9345737,3.4458927474922154,-0.5113190474922154
769,2.9214008,3.4480233246902685,-0.5266225246902687
770,2.920311,3.449893839379575,-0.5295828393795752
771,2.9297833,3.4515222241158994,-0.5217389241158994
772,2.9466794,3.4530670603321587,-0.5063876603321589
773,2.9668024,3.454586339376506,-0.48778393937650577
774,2.988519,3.4557918764477575,-0.4672728764477574
775,3.010105,3.4567196902022443,-0.44661469020224454
776,3.0207655,3.457404146972465,-0.4366386469724648
777,3.0283225,3.4578345149073195,-0.4295120149073197
778,3.0338144,3.4580005921768273,-0.4241861921768275
779,3.037837,3.457934866664394,-0.42009786666439375
780,3.0409844,3.4578669335956302,-0.4168825335956301
781,3.0438511,3.457165358237568,-0.41331425823756796
782,3.047032,3.4554931844643053,-0.4084611844643051
783,3.0511222,3.453469807299515,-0.4023476072995149
784,3.0567157,3.451381509147886,-0.3946658091478863
785,3.0644076,3.4492423754604222,-0.3848347754604222
786,3.0747924,3.44712896391531,-0.3723365639153098
787,3.0896366,3.445016511898696,-0.3553799118986962
788,3.105641,3.4429073526097005,-0.3372663526097006
789,3.1195538,3.440785456186953,-0.32123165618695326
790,3.1268191,3.4386688507836665,-0.3118497507836664
791,3.1233923,3.436710490860415,-0.31331819086041524
792,3.1089237,3.435509893793994,-0.326586193793994
793,3.090588,3.43448404879389,-0.34389604879389024
794,3.0728705,3.4329961019901987,-0.3601256019901986
795,3.0522244,3.431467568640153,-0.37924316864015273
796,3.0306659,3.429770111572255,-0.3991042115722552
797,3.01086,3.4277230788155295,-0.4168630788155294
798,2.997503,3.4252532750987803,-0.4277502750987803
799,2.9888012,3.422479748829193,-0.43367854882919277
800,2.9818268,3.4198164782013407,-0.4379896782013408
801,2.9724972,3.4174897965283115,-0.4449925965283117
802,2.96332,3.4154892001094757,-0.4521692001094757
803,2.9400384,3.4135268386451236,-0.47348843864512347
804,2.9199078,3.4116601049735547,-0.4917523049735548
805,2.897753,3.4099307917904706,-0.5121777917904708
806,2.87757,3.408257038851367,-0.5306870388513669
807,2.854382,3.406674300010493,-0.5522923000104929
808,2.8276215,3.4059445066892593,-0.5783230066892595
809,2.8067725,3.4054996815057788,-0.5987271815057786
810,2.7906363,3.4048202383814665,-0.6141839383814665
811,2.7713656,3.40394251659377,-0.6325769165937696
812,2.753176,3.402654318622424,-0.6494783186224242
813,2.7573276,3.401034482655433,-0.6437068826554331
814,2.7671378,3.399354224249355,-0.6322164242493549
815,2.7853665,3.397709053165611,-0.612342553165611
816,2.8051202,3.3960833013884164,-0.5909631013884162
817,2.8286884,3.394553748346959,-0.5658653483469593
818,2.848891,3.3932645681491027,-0.5443735681491026
819,2.8641586,3.3921608568054444,-0.5280022568054443
820,2.8708344,3.3911430615096214,-0.5203086615096213
821,2.8764331,3.390241961327321,-0.5138088613273211
822,2.8764005,3.3895132239150194,-0.5131127239150195
823,2.8773847,3.38880948335239,-0.5114247833523899
824,2.878236,3.388091996277192,-0.5098559962771922
825,2.8824124,3.3871955170445753,-0.5047831170445751
826,2.8843896,3.3861964249396403,-0.5018068249396404
827,2.8715854,3.384964044699306,-0.5133786446993063
828,2.8447113,3.3836007032350084,-0.5388894032350082
829,2.8182526,3.382387465831763,-0.5641348658317629
830,2.7971454,3.38125321501639,-0.5841078150163903
831,2.784499,3.380286134155288,-0.5957871341552883
832,2.7760806,3.3794425054591852,-0.6033619054591854
833,2.7665143,3.378820968622448,-0.6123066686224483
834,2.7616653,3.3784666193737154,-0.6168013193737152
835,2.762134,3.3783285775820966,-0.6161945775820965
836,2.7638156,3.378523441042427,-0.6147078410424269
837,2.7551258,3.3790118507041838,-0.6238860507041837
838,2.7658343,3.379469831785131,-0.613635531785131
839,2.7798975,3.3799032262166993,-0.6000057262166991
840,2.7927334,3.380689103241292,-0.5879557032412919
841,2.8063965,3.381760731942912,-0.575364231942912
842,2.8223004,3.3826173779453317,-0.5603169779453316
843,2.8381925,3.3833985911979076,-0.5452060911979077
844,2.8570209,3.3841190138132475,-0.5270981138132473
845,2.8736343,3.3850233658017626,-0.5113890658017626
846,2.9000244,3.386091882694138,-0.48606748269413824
847,2.9219882,3.387570937094951,-0.46558273709495124
848,2.9347827,3.3896189270663495,-0.4548362270663495
849,2.9447992,3.3915155294102144,-0.44671632941021455
850,2.9552143,3.392614415453669,-0.43740011545366864
851,2.9628308,3.3926346302951846,-0.42980383029518476
852,2.9647205,3.3922556513034166,-0.4275351513034167
853,2.9586356,3.3922689741512975,-0.43363337415129743
854,2.9477038,3.39274157260402,-0.44503777260402
855,2.9197147,3.393394037233168,-0.4736793372331678
856,2.9086893,3.3942360008068504,-0.4855467008068506
857,2.9096408,3.395121859061393,-0.48548105906139316
858,2.9046173,3.3958614392200865,-0.4912441392200866
859,2.8979144,3.3964067677049847,-0.49849236770498484
860,2.8871655,3.3968707832975347,-0.5097052832975346
861,2.8769696,3.397200447393906,-0.5202308473939063
862,2.8718326,3.3974693436719186,-0.5256367436719187
863,2.867241,3.3975939820817507,-0.5303529820817507
864,2.864442,3.397744126885061,-0.5333021268850611
865,2.863692,3.3978448332916797,-0.5341528332916798
866,2.865523,3.3977718124050145,-0.5322488124050144
867,2.8683112,3.397654857266755,-0.5293436572667551
868,2.8688104,3.397521641603532,-0.5287112416035318
869,2.867023,3.397477766773563,-0.5304547667735631
870,2.854089,3.397796314679956,-0.5437073146799558
871,2.826051,3.3985443627691,-0.5724933627690998
872,2.7851846,3.399665358164026,-0.6144807581640261
873,2.7491837,3.4008803052062855,-0.6516966052062854
874,2.7498071,3.4017266047694275,-0.6519195047694275
875,2.7328894,3.4019853738637846,-0.6690959738637847
876,2.7267041,3.4016717136969272,-0.6749676136969271
877,2.7259815,3.401136614664689,-0.675155114664689
878,2.7289865,3.400528216403536,-0.671541716403536
879,2.7300284,3.4001435285285506,-0.6701151285285505
880,2.729332,3.3999304256515623,-0.6705984256515625
881,2.7253647,3.400016059118124,-0.674651359118124
882,2.7197015,3.4001842844071204,-0.6804827844071202
883,2.7086804,3.4003879443692715,-0.6917075443692715
884,2.6946552,3.401306571714474,-0.7066513717144738
885,2.6711535,3.4031561879033094,-0.7320026879033095
886,2.639316,3.405290901090722,-0.765974901090722
887,2.60712,3.407453550973897,-0.8003335509738969
888,2.5768967,3.409423264178381,-0.832526564178381
889,2.554075,3.411127415076008,-0.8570524150760077
890,2.5400403,3.4127597525210382,-0.8727194525210384
891,2.535664,3.4143505540758485,-0.8786865540758484
892,2.5369678,3.4160693538846023,-0.8791015538846021
893,2.547337,3.4176627608472065,-0.8703257608472064
894,2.570886,3.418821388928639,-0.8479353889286392
895,2.6020138,3.4195103702849945,-0.8174965702849946
896,2.6391613,3.4202728407085488,-0.7811115407085487
897,2.6776788,3.421205292330151,-0.743526492330151
898,2.7075162,3.422267644271948,-0.7147514442719478
899,2.7336185,3.4233170172227925,-0.6896985172227925
900,2.7500522,3.424393994456173,-0.6743417944561734
901,2.7532337,3.4253217917308083,-0.6720880917308083
902,2.7551258,3.426129509022757,-0.6710037090227567
903,2.737745,3.4268528140828094,-0.6891078140828095
904,2.7331576,3.427237252666731,-0.6940796526667308
905,2.7339935,3.4272398943528395,-0.6932463943528395
906,2.7321713,3.4270896155123847,-0.6949183155123846
907,2.7342038,3.426859767836726,-0.6926559678367261
908,2.7400775,3.4265250038842616,-0.6864475038842617
909,2.744631,3.426160194258827,-0.6815291942588271
910,2.7546344,3.425919276941847,-0.6712848769418471
911,2.7606976,3.425771313178846,-0.6650737131788462
912,2.7655911,3.425719628874206,-0.660128528874206
913,2.7730212,3.425822653576533,-0.652801453576533
914,2.7740414,3.4258961285917233,-0.6518547285917231
915,2.780559,3.4259868505820488,-0.645427850582049
916,2.7788937,3.4260675195537607,-0.6471738195537609
917,2.7722037,3.426165886314856,-0.6539621863148559
918,2.766533,3.4263428989764653,-0.6598098989764654
919,2.7650244,3.426907694752903,-0.661883294752903
920,2.7675192,3.427892489862091,-0.6603732898620907
921,2.7727542,3.4289235137806355,-0.6561693137806355
922,2.792909,3.43007416822834,-0.6371651682283401
923,2.8119006,3.43145875969811,-0.6195581596981099
924,2.832999,3.4328171792531563,-0.5998181792531563
925,2.8588169,3.4340920914495223,-0.5752751914495224
926,2.8845325,3.4353303958092702,-0.5507978958092701
927,2.9117367,3.4364850541577145,-0.5247483541577145
928,2.9391086,3.4376252416276207,-0.49851664162762077
929,2.9678748,3.4387347272199986,-0.4708599272199985
930,2.9948926,3.4397866757453515,-0.44489407574535145
931,3.0183475,3.44078754968775,-0.42244004968774984
932,3.0415213,3.441657711002023,-0.4001364110020229
933,3.0617588,3.4424033926967965,-0.38064459269679674
934,3.0781763,3.44311553859099,-0.3649392385909902
935,3.0926273,3.443725846449921,-0.3510985464499208
936,3.1055179,3.4442863335878524,-0.33876843358785225
937,3.121084,3.4447919142532095,-0.32370791425320933
938,3.1294992,3.4452627608374202,-0.3157635608374201
939,3.1460855,3.445646937454089,-0.29956143745408914
940,3.156796,3.4457783149749983,-0.2889823149749984
941,3.1678097,3.4456233581050846,-0.27781365810508474
942,3.1734173,3.4452914131847843,-0.27187411318478416
943,3.173354,3.444831376154986,-0.27147737615498624
944,3.1706717,3.444523093300579,-0.27385139330057884
945,3.1666837,3.4440474974048874,-0.27736379740488726
946,3.1694815,3.4433038472670225,-0.2738223472670227
947,3.1729376,3.44229072707914,-0.26935312707913983
948,3.1747754,3.441052503035978,-0.26627710303597807
949,3.173027,3.4395709194613024,-0.2665439194613026
950,3.1691437,3.4378079251667804,-0.26866422516678057
951,3.1653934,3.435869717037189,-0.2704763170371889
952,3.1623447,3.4337786612974677,-0.2714339612974679
953,3.1628048,3.431627418218742,-0.2688226182187421
954,3.1496441,3.429464721533307,-0.279820621533307
955,3.141315,3.4271348838943374,-0.2858198838943373
956,3.1279361,3.424622322630557,-0.29668622263055733
957,3.1187274,3.4220045293951586,-0.3032771293951586
958,3.1064944,3.419292926128466,-0.31279852612846604
959,3.093979,3.416577918260257,-0.3225989182602569
960,3.0850384,3.4138378253868584,-0.32879942538685825
961,3.0784738,3.4109833306057187,-0.33250953060571886
962,3.0828977,3.4079710708096496,-0.3250733708096494
963,3.0919266,3.4048251254334687,-0.31289852543346885
964,3.1208453,3.4017204103684886,-0.28087511036848856
965,3.1424506,3.398848421113429,-0.256397821113429
966,3.158299,3.3961402173193913,-0.23784121731939134
967,3.1766837,3.393559805580217,-0.21687610558021708
968,3.1943872,3.391052593363452,-0.1966653933634519
969,3.2075086,3.388572830648417,-0.18106423064841692
970,3.2127316,3.38612622350119,-0.17339462350118984
971,3.2089322,3.3837991155536526,-0.17486691555365264
972,3.1974826,3.381736343852191,-0.18425374385219095
973,3.1895688,3.3800645230530426,-0.19049572305304263
974,3.1851108,3.3786822646892203,-0.19357146468922037
975,3.1887152,3.3773848433203595,-0.18866964332035963
976,3.195682,3.37615911942463,-0.18047711942462996
977,3.205682,3.3749134007406565,-0.16923140074065657
978,3.2137341,3.3736332839752334,-0.1598991839752335
979,3.2157114,3.372570732313353,-0.15685933231335314
980,3.2094498,3.3715413677197135,-0.16209156771971367
981,3.2047555,3.3705873581823322,-0.16583185818233215
982,3.2095456,3.36969179405859,-0.16014619405858976
983,3.2031238,3.3688321012659848,-0.16570830126598457
984,3.1979675,3.36797058291997,-0.17000308291997035
985,3.1986454,3.3670885747523323,-0.16844317475233206
986,3.1990497,3.3662089969407374,-0.16715929694073717
987,3.1940918,3.365335534682977,-0.17124373468297716
988,3.1976254,3.3644560156410823,-0.16683061564108215
989,3.157742,3.363527454794854,-0.20578545479485433
990,3.1425934,3.3625205281375568,-0.21992712813755677
991,3.1348343,3.3615582345827493,-0.2267239345827492
992,3.138045,3.3604139621846705,-0.2223689621846705
993,3.153801,3.358919988765177,-0.20511898876517698
994,3.1709769,3.3570578991446545,-0.1860809991446546
995,3.1964428,3.3548551326710334,-0.1584123326710336
996,3.2193463,3.352723327250247,-0.1333770272502468
997,3.2389832,3.350727059156669,-0.11174385915666907
998,3.2590344,3.3489496891628496,-0.08991528916284963
999,3.28754,3.34725788087983,-0.05971788087982999
1000,3.3174362,3.3454575848223156,-0.028021384822315643
1001,3.3350775,3.3436636599664586,-0.008586159966458506
1002,3.3525183,3.342121561105923,0.010396738894076663
1003,3.3688724,3.340696758234123,0.028175641765876946
1004,3.38197,3.3391648716360773,0.042805128363922584
1005,3.391376,3.338026032890889,0.05334996710911133
1006,3.3985333,3.3373009909337874,0.061232309066212576
1007,3.4043415,3.336614921042184,0.06772657895781631
1008,3.399378,3.3359164087691457,0.06346159123085426
1009,3.3958042,3.3353738053885604,0.06043039461143973
1010,3.4046228,3.3352542419016777,0.0693685580983221
1011,3.4175174,3.3353339014533443,0.08218349854665563
1012,3.4319873,3.335661267663655,0.09632603233634507
1013,3.4413571,3.336390127774195,0.10496697222580487
1014,3.455319,3.3372651040634813,0.1180538959365185
1015,3.4660938,3.338219481742465,0.1278743182575348
1016,3.4740415,3.3393003825734424,0.13474111742655737
1017,3.502205,3.3405545790269864,0.16165042097301363
1018,3.5072186,3.3418672332324704,0.16535136676752948
1019,3.504038,3.343205249860134,0.16083275013986587
1020,3.4860437,3.3455305732068092,0.14051312679319095
1021,3.4519174,3.349013366291185,0.10290403370881496
1022,3.414349,3.352451075759047,0.061897924240953195
1023,3.381206,3.3555864441849783,0.025619555815021844
1024,3.356294,3.3586696039161636,-0.002375603916163538
1025,3.3286471,3.36177157831069,-0.0331244783106901
1026,3.3196008,3.3646820782193365,-0.04508127821933661
1027,3.3125796,3.366925295129127,-0.054345695129127236
1028,3.298038,3.3684046742467406,-0.07036667424674059
1029,3.2716153,3.369510148587853,-0.09789484858785302
1030,3.2373059,3.370692422348537,-0.1333865223485371
1031,3.2005093,3.3719731097601,-0.1714638097601
1032,3.15905,3.373331182205143,-0.2142811822051427
1033,3.133776,3.374751710540052,-0.24097571054005185
1034,3.1241162,3.3761466032524465,-0.2520304032524465
1035,3.119086,3.3773926490119663,-0.25830664901196654
1036,3.1273053,3.3784932319702787,-0.25118793197027856
1037,3.1447895,3.3796685304031944,-0.23487903040319447
1038,3.1718533,3.381673580006448,-0.20982028000644792
1039,3.194857,3.3840517913123316,-0.18919479131233174
1040,3.213392,3.386242530394061,-0.17285053039406106
1041,3.2294888,3.388434785475136,-0.15894598547513628
1042,3.2467053,3.3907249078816246,-0.1440196078816247
1043,3.263479,3.3931792028532977,-0.12970020285329786
1044,3.278366,3.3956716633984367,-0.11730566339843662
1045,3.2931464,3.398195624530354,-0.10504922453035404
1046,3.3075626,3.4007088371770617,-0.09314623717706194
1047,3.3234296,3.4031448463491403,-0.0797152463491404
1048,3.335835,3.4055623695934893,-0.06972736959348946
1049,3.3453128,3.4080253809125924,-0.06271258091259257
1050,3.3554065,3.4103656373429385,-0.05495913734293856
1051,3.3605466,3.4122741536032373,-0.05172755360323711
1052,3.3675754,3.413689714043831,-0.046114314043830706
1053,3.3748333,3.4150088588904106,-0.04017555889041047
1054,3.380054,3.4164768560065784,-0.03642285600657846
1055,3.3864582,3.41896663893184,-0.03250843893184019
1056,3.3967972,3.4224727466094427,-0.025675546609442712
1057,3.4086978,3.425719465057825,-0.017021665057824986
1058,3.4188168,3.428317388455125,-0.009500588455124692
1059,3.4296548,3.430448914625171,-0.000794114625171094
1060,3.4372308,3.4322950851885023,0.004935714811497682
1061,3.4443119,3.4338480628685013,0.010463837131498899
1062,3.4521778,3.4350838807115665,0.0170939192884334
1063,3.4648938,3.436543683833256,0.028350116166743877
1064,3.490353,3.4380606791383768,0.052292320861623054
1065,3.5017407,3.4391525279356645,0.06258817206433553
1066,3.5068173,3.4400285907281116,0.06678870927188818
1067,3.5101123,3.4407666718883356,0.06934562811166423
1068,3.5125809,3.44142044072513,0.07116045927487002
1069,3.5109906,3.4422069807475855,0.0687836192524145
1070,3.4982257,3.442636973844208,0.05558872615579169
1071,3.466338,3.4423513306433455,0.02398666935665439
1072,3.4419806,3.441481456439967,0.0004991435600327776
1073,3.43207,3.440604512601618,-0.008534512601618083
1074,3.428056,3.439774962533601,-0.01171896253360094
1075,3.4308221,3.438927087196345,-0.008104987196345004
1076,3.44064,3.43802719466977,0.002612805330230117
1077,3.4523273,3.437058695121992,0.015268604878007963
1078,3.4645483,3.436035728283686,0.02851257171631394
1079,3.4770312,3.43498308161326,0.04204811838673983
1080,3.4920065,3.4339127519832373,0.0580937480167627
1081,3.5014462,3.432801975811721,0.06864422418827898
1082,3.505371,3.4317008781057745,0.07367012189422528
1083,3.5014148,3.4305555538107027,0.0708592461892974
1084,3.4893777,3.42934933114622,0.060028368853779934
1085,3.4715085,3.428214360132031,0.04329413986796915
1086,3.447803,3.427037044639779,0.020765955360221078
1087,3.4252439,3.4257163977418137,-0.0004724977418137932
1088,3.4077823,3.424258585507399,-0.01647628550739899
1089,3.396539,3.422744597752222,-0.026205597752221976
1090,3.392139,3.421363903211289,-0.02922490321128901
1091,3.390093,3.4201479195782705,-0.030054919578270667
1092,3.388867,3.4189778833356064,-0.03011088333560652
1093,3.389801,3.417959817287951,-0.028158817287951
1094,3.391148,3.417050521782094,-0.02590252178209429
1095,3.3908234,3.41606181283341,-0.025238412833409996
1096,3.3850272,3.4149388217594967,-0.029911621759496576
1097,3.3757312,3.4141875420981,-0.03845634209809967
1098,3.3704202,3.4135312084533966,-0.04311100845339677
1099,3.367909,3.412987916926201,-0.04507891692620092
1100,3.3698294,3.412290212824374,-0.042460812824374194
1101,3.3788846,3.4114210358389565,-0.03253643583895638
1102,3.3946445,3.4111204842665113,-0.0164759842665112
1103,3.4115918,3.4111817651503817,0.0004100348496183237
1104,3.4313006,3.4109040675604563,0.02039653243954387
1105,3.4501724,3.4104610736260548,0.039711326373945255
1106,3.4588306,3.4097818967505695,0.04904870324943067
1107,3.454327,3.4090736818611056,0.04525331813889455
1108,3.4490585,3.4083335715779453,0.040724928422054774
1109,3.4378192,3.407626649267631,0.03019255073236904
1110,3.4323316,3.4068216586037927,0.025509941396207214
1111,3.4298978,3.4065054173036353,0.023392382696364677
1112,3.433946,3.4066436115154155,0.02730238848458466
1113,3.441682,3.4069417121026473,0.03474028789735284
1114,3.450676,3.40728908951963,0.04338691048037013
1115,3.460821,3.4077045154092716,0.053116484590728597
1116,3.4675162,3.408277796390662,0.059238403609338075
1117,3.47047,3.4088810029891685,0.06158899701083165
1118,3.4670224,3.4095472821119146,0.057475117888085236
1119,3.462627,3.4103866055587297,0.052240394441270155
1120,3.4547794,3.4112604870579935,0.043518912942006605
1121,3.4511416,3.411997739762114,0.039143860237885963
1122,3.4464307,3.4128588178483423,0.03357188215165774
1123,3.438466,3.4138701981696773,0.024595801830322728
1124,3.4280066,3.4145348746150748,0.013471725384925026
1125,3.4158099,3.4148967362373743,0.000913163762625846
1126,3.4026341,3.4149047028994723,-0.012270602899472127
1127,3.3892374,3.4145553664066655,-0.025317966406665615
1128,3.3763773,3.413810183894566,-0.037432883894565894
1129,3.3648126,3.4126656332056555,-0.04785303320565548
1130,3.3553004,3.411148084946506,-0.05584768494650616
1131,3.3485997,3.409343348622305,-0.06074364862230519
1132,3.3454676,3.407424292696001,-0.0619566926960009
1133,3.3556519,3.4055445088340544,-0.04989260883405455
1134,3.3731363,3.403726483997989,-0.030590183997988962
1135,3.3972168,3.402018201322849,-0.00480140132284923
1136,3.423693,3.400338657191039,0.023354342808961093
1137,3.448653,3.3984535722600753,0.05019942773992492
1138,3.465284,3.396301540484985,0.06898245951501503
1139,3.4828632,3.3939259183551416,0.08893728164485859
1140,3.4956098,3.391499975514806,0.10410982448519412
1141,3.505709,3.389173040170202,0.11653595982979814
1142,3.512436,3.38720955711751,0.1252264428824903
1143,3.5174768,3.385555226638201,0.13192157336179866
1144,3.5213003,3.3842492652246854,0.13705103477531466
1145,3.5283182,3.3829106593451197,0.14540754065488048
1146,3.535383,3.381694904563672,0.153688095436328
1147,3.5421247,3.380710369328258,0.16141433067174216
1148,3.54849,3.3800678969997104,0.1684221030002897
1149,3.5544262,3.3796614260280444,0.17476477397195556
1150,3.5598803,3.3792209878524155,0.18065931214758457
1151,3.564799,3.3789560375059664,0.18584296249403343
1152,3.5691297,3.3790994112076693,0.19003028879233064
1153,3.5728192,3.3795504933045777,0.1932687066954224
1154,3.5758145,3.3800578920898277,0.19575660791017224
1155,3.5780628,3.3806346248247667,0.19742817517523337
1156,3.5795112,3.3813341510524726,0.1981770489475272
1157,3.5800393,3.3821207753643296,0.1979185246356705
1158,3.5788019,3.3829848150927564,0.1958170849072438
1159,3.5637698,3.3839531563209695,0.17981664367903072
1160,3.5316293,3.3850136453610067,0.1466156546389934
1161,3.5037143,3.3861262580197002,0.1175880419802997
1162,3.4837909,3.387360691324146,0.09643020867585372
1163,3.4676785,3.388763660705673,0.07891483929432708
1164,3.4580023,3.3903328582784855,0.06766944172151446
1165,3.45202,3.392058354289448,0.05996164571055207
1166,3.442821,3.3939417436548114,0.048879256345188526
1167,3.4303763,3.3959538574874504,0.034422442512549445
1168,3.4202914,3.398077532384835,0.022213867615164862
1169,3.4091632,3.4002241748910422,0.008939025108957832
1170,3.4001029,3.4022125693041234,-0.002109669304123596
1171,3.396467,3.403904511837637,-0.007437511837637079
1172,3.4133618,3.4054155973441347,0.00794620265586543
1173,3.4099689,3.406836410444097,0.00313248955590284
1174,3.411922,3.4083374325114937,0.0035845674885064405
1175,3.4179742,3.409922200247935,0.008051999752065164
1176,3.4293323,3.4116241701970504,0.017708129802949557
1177,3.4392276,3.4135653698803643,0.025662230119635865
1178,3.4562488,3.4156896470360834,0.040559152963916656
1179,3.469477,3.4177858264878838,0.05169117351211616
1180,3.479611,3.419757237189019,0.05985376281098098
1181,3.4879858,3.4215557362087194,0.06643006379128069
1182,3.5023596,3.4233249739526586,0.07903462604734157
1183,3.5108457,3.4251052856837916,0.08574041431620838
1184,3.5272708,3.426953355541471,0.10031744445852908
1185,3.5437,3.4291663872494063,0.1145336127505936
1186,3.556706,3.4318622511721015,0.12484374882789862
1187,3.5735714,3.4352862236950794,0.13828517630492065
1188,3.5801785,3.439292697321154,0.14088580267884598
1189,3.5936127,3.44332554211589,0.15028715788410985
1190,3.6126316,3.4474116824010563,0.1652199175989435
1191,3.6315417,3.452198921151416,0.17934277884858396
1192,3.653377,3.456870940001595,0.19650605999840476
1193,3.6740527,3.4615515073027883,0.21250119269721157
1194,3.6924133,3.466233868451771,0.22617943154822928
1195,3.7082388,3.470776408418689,0.23746239158131122
1196,3.7187304,3.475155578402098,0.2435748215979019
1197,3.7271283,3.479194077250809,0.24793422274919097
1198,3.7313058,3.482196160082053,0.24910963991794688
1199,3.7351477,3.484263181267543,0.2508845187324571
1200,3.737018,3.4861199821973026,0.2508980178026974
1201,3.736836,3.487880458523048,0.24895554147695176
1202,3.7372785,3.4895215326938476,0.24775696730615238
1203,3.7327673,3.4910402447447906,0.24172705525520932
1204,3.7310498,3.492438975130809,0.23861082486919116
1205,3.727673,3.4936887491726796,0.23398425082732022
1206,3.7294354,3.4947626219589036,0.2346727780410962
1207,3.7309363,3.4956712828023364,0.2352650171976638
1208,3.735745,3.4965172564707405,0.23922774352925957
1209,3.7448535,3.497214977269601,0.2476385227303992
1210,3.7551913,3.4977433940798237,0.2574479059201762
1211,3.7641819,3.498145953241496,0.26603594675850406
1212,3.771734,3.4984307612491587,0.27330323875084117
1213,3.7753797,3.498615628581979,0.27676407141802084
1214,3.7940173,3.4987291976935926,0.29528810230640756
1215,3.8002744,3.4992359855111386,0.3010384144888616
1216,3.8087888,3.4998434728365324,0.30894532716346745
1217,3.8122144,3.500057019948617,0.3121573800513828
1218,3.8162766,3.5000870153391967,0.3161895846608034
1219,3.8213,3.499785508419385,0.32151449158061496
1220,3.8292966,3.499093990768303,0.330202609231697
1221,3.841132,3.4982373514849954,0.3428946485150046
1222,3.854369,3.497278430425389,0.35709056957461094
1223,3.8702567,3.496362863237913,0.373893836762087
1224,3.88643,3.495579326678305,0.39085067332169476
1225,3.9059558,3.4949619973777195,0.4109938026222806
1226,3.926674,3.4944378599785026,0.4322361400214976
1227,3.9449255,3.4939171202724704,0.4510083797275297
1228,3.965525,3.4932849752775317,0.4722400247224683
1229,3.983576,3.492520294677449,0.49105570532255083
1230,3.9992523,3.4917586237334377,0.5074936762665625
1231,4.0010724,3.49119293192449,0.5098794680755101
1232,3.999477,3.4906812314290305,0.5087957685709696
1233,3.992304,3.4900770201257982,0.5022269798742016
1234,3.9830148,3.4894376337507294,0.4935771662492705
1235,3.9671729,3.4888251485066073,0.4783477514933927
1236,3.9517386,3.488345815011052,0.4633927849889483
1237,3.9341366,3.4880266457551548,0.44610995424484523
1238,3.9182446,3.487808086916909,0.43043651308309094
1239,3.8909934,3.4877614035522466,0.40323199644775354
1240,3.8649967,3.487997099224756,0.37699960077524386
1241,3.848454,3.4880408402441097,0.36041315975589017
1242,3.8424933,3.4880053574450716,0.35448794255492855
1243,3.8423603,3.488286667497992,0.3540736325020082
1244,3.8461642,3.488397830921233,0.3577663690787669
1245,3.851666,3.488363348557917,0.36330265144208296
1246,3.856622,3.4882964168476467,0.36832558315235353
1247,3.8593585,3.4880495007987298,0.37130899920127014
1248,3.860696,3.4874894335487325,0.3732065664512674
1249,3.8589947,3.4865649206441605,0.37242977935583976
1250,3.8611548,3.4853558407300924,0.3757989592699076
1251,3.8656747,3.483820880137483,0.381853819862517
1252,3.8734012,3.4818988719373785,0.39150232806262153
1253,3.8814862,3.4795871263183593,0.4018990736816406
1254,3.8883502,3.476915302053742,0.4114348979462581
1255,3.892637,3.474103051240676,0.41853394875932404
1256,3.8944714,3.4712687926272476,0.4232026073727524
1257,3.9046555,3.4682957571182556,0.4363597428817445
1258,3.9076571,3.465530774760224,0.442126325239776
1259,3.909474,3.4628869269379123,0.44658707306208756
1260,3.9090326,3.459992182324492,0.44904041767550806
1261,3.9053137,3.4570863805498058,0.44822731945019445
1262,3.9003284,3.4541326592463606,0.4461957407536392
1263,3.8969226,3.4510013226455123,0.4459212773544876
1264,3.8955328,3.447726405702697,0.44780639429730273
1265,3.897475,3.4443666705789098,0.45310832942109025
1266,3.9000201,3.441011458852781,0.45900864114721873
1267,3.9076114,3.437603561850867,0.47000783814913305
1268,3.91448,3.434221538338436,0.48025846166156416
1269,3.9194195,3.4312668857573096,0.4881526142426904
1270,3.9205093,3.4284735177253536,0.4920357822746464
1271,3.9168658,3.4253183876041957,0.49154741239580435
1272,3.9068854,3.4222726722572445,0.48461272774275566
1273,3.8923874,3.419293799096447,0.4730936009035531
1274,3.8756595,3.416163493684135,0.45949600631586485
1275,3.8586884,3.4128071865139806,0.4458812134860195
1276,3.8427646,3.4096328498552824,0.43313175014471783
1277,3.8341043,3.406302193695654,0.427802106304346
1278,3.824707,3.402733326550283,0.42197367344971726
1279,3.8165305,3.3988658461422556,0.4176646538577442
1280,3.8061512,3.3948958859062635,0.4112553140937365
1281,3.7967846,3.3914770512459422,0.40530754875405783
1282,3.7869449,3.388452773904752,0.3984921260952481
1283,3.781603,3.3852890058473006,0.3963139941526994
1284,3.7712827,3.3819864840098273,0.3892962159901727
1285,3.7599216,3.3788375154095323,0.38108408459046794
1286,3.7459226,3.3759761146442675,0.3699464853557326
1287,3.7332687,3.3735157623705128,0.35975293762948723
1288,3.719103,3.3712016360025165,0.3479013639974835
1289,3.7064743,3.368838595128204,0.33763570487179617
1290,3.692229,3.366427237932779,0.3258017620672211
1291,3.673597,3.363967844070549,0.30962915592945084
1292,3.6539176,3.36153440169695,0.29238319830305004
1293,3.637399,3.3592358235621798,0.27816317643782007
1294,3.6286108,3.3571399696207016,0.27147083037929853
1295,3.6268659,3.3554252575816164,0.2714406424183835
1296,3.6139636,3.3540529367645857,0.25991066323541423
1297,3.5970523,3.3527686037199156,0.2442836962800845
1298,3.5741208,3.3516198954540815,0.22250090454591875
1299,3.5479703,3.350672730550978,0.197297569449022
1300,3.5290494,3.34989208981823,0.17915731018177006
1301,3.5176578,3.3493293844527496,0.1683284155472502
1302,3.515539,3.3489762637793974,0.16656273622060258
1303,3.5193732,3.348839775352449,0.17053342464755117
1304,3.5220926,3.348947589448485,0.1731450105515151
1305,3.5264347,3.3492899125887394,0.17714478741126038
1306,3.5283039,3.3499263006198774,0.17837759938012265
1307,3.522836,3.350842864789355,0.17199313521064497
1308,3.5168827,3.3519584347789024,0.1649242652210976
1309,3.513602,3.3532839851611045,0.16031801483889563
1310,3.513237,3.3548765065006445,0.15836049349935566
1311,3.5117252,3.3568766960935443,0.15484850390645555
1312,3.5134244,3.359206914975149,0.154217485024851
1313,3.5124762,3.361777047672087,0.15069915232791287
1314,3.5002441,3.364691204943092,0.13555289505690826
1315,3.492741,3.367784664523985,0.12495633547601503
1316,3.4833276,3.3711745058558957,0.11215309414410424
1317,3.4747021,3.37495701526016,0.09974508473984
1318,3.4892557,3.3789946109290785,0.11026108907092169
1319,3.4915717,3.3836069761394225,0.10796472386057765
1320,3.495249,3.3886039986802845,0.10664500131971533
1321,3.500921,3.3931887330803234,0.10773226691967652
1322,3.508266,3.3974618582153724,0.1108041417846275
1323,3.5180957,3.4022799848035667,0.11581571519643319
1324,3.520317,3.4074233209306617,0.11289367906933823
1325,3.5221927,3.4130001092965263,0.10919259070347387
1326,3.4946475,3.4191149036301196,0.07553259636988052
1327,3.4801462,3.424966699213465,0.05517950078653522
1328,3.4658878,3.430417862817069,0.03546993718293079
1329,3.4580142,3.4352649961497423,0.022749203850257693
1330,3.4564679,3.4398303684000795,0.01663753159992032
1331,3.4562848,3.444276046410555,0.012008753589445309
1332,3.457719,3.4486220061972426,0.009096993802757414
1333,3.4586673,3.4528454124506216,0.005821887549378513
1334,3.4609485,3.456974755408149,0.003973744591851069
1335,3.4654605,3.4608247399393766,0.004635760060623273
1336,3.4756851,3.4642979330796275,0.011387166920372671
1337,3.4910877,3.467463423936715,0.023624276063284988
1338,3.5182288,3.4704422657118768,0.047786534288123406
1339,3.5426908,3.473678795917901,0.06901200408209895
1340,3.5612454,3.4766917653578044,0.08455363464219534
1341,3.5796378,3.479834038763038,0.099803761236962
1342,3.5930765,3.483310258589657,0.10976624141034286
1343,3.6077816,3.4864903894022805,0.12129121059771952
1344,3.615059,3.489540448149508,0.125518551850492
1345,3.626358,3.4923463949776004,0.13401160502239984
1346,3.6361825,3.4948655283530274,0.14131697164697243
1347,3.644054,3.4972641584524764,0.14678984154752373
1348,3.677051,3.499092286409057,0.17795871359094306
1349,3.6903949,3.5002617817929833,0.1901331182070165
1350,3.7060666,3.501164167820591,0.2049024321794093
1351,3.7223413,3.5018919308858987,0.2204493691141014
1352,3.7403793,3.5024707572817566,0.23790854271824324
1353,3.7492392,3.5028844521613927,0.24635474783860722
1354,3.74366,3.503124629773032,0.24053537022696814
1355,3.7197711,3.503181037391157,0.21659006260884306
1356,3.682967,3.5035506659376323,0.1794163340623678
1357,3.6570184,3.5041957684788603,0.15282263152113984
1358,3.6399481,3.504563262518206,0.13538483748179386
1359,3.6359842,3.50475601148665,0.13122818851335039
1360,3.6450937,3.5048225536903477,0.1402711463096522
1361,3.6537945,3.5047115072391883,0.14908299276081172
1362,3.6696646,3.5044408845386386,0.1652237154613614
1363,3.6846585,3.504042609503184,0.1806158904968158
1364,3.7053256,3.5034078250340954,0.20191777496590468
1365,3.7174695,3.5020900091782923,0.2153794908217077
1366,3.7317472,3.500190548354171,0.23155665164582917
1367,3.7450595,3.498173550330977,0.24688594966902278
1368,3.7581155,3.496103835908844,0.26201166409115606
1369,3.7675476,3.4939988414479934,0.27354875855200644
1370,3.7764652,3.4918472574380335,0.2846179425619666
1371,3.7820914,3.489644286337167,0.29244711366283305
1372,3.7884424,3.4873895481575126,0.30105285184248753
1373,3.7939148,3.485074987387999,0.3088398126120011
1374,3.7970614,3.482662581741674,0.31439881825832616
1375,3.7933514,3.4801093943069104,0.3132420056930898
1376,3.781056,3.4773013425566286,0.3037546574433714
1377,3.7566092,3.474085636918563,0.28252356308143733
1378,3.7401242,3.4705888262266957,0.26953537377330417
1379,3.7247717,3.467097803579193,0.25767389642080696
1380,3.7124536,3.463720028373741,0.24873357162625886
1381,3.6993854,3.4606027628020923,0.23878263719790782
1382,3.6869998,3.4579718734423124,0.22902792655768778
1383,3.676737,3.4559967695012688,0.22074023049873137
1384,3.6552014,3.4543362277722403,0.2008651722277599
1385,3.6237292,3.4525537811222615,0.17117541887773857
1386,3.5876346,3.4510871806201417,0.13654741937985815
1387,3.546355,3.449863324598764,0.09649167540123615
1388,3.5099564,3.448407577041427,0.061548822958573
1389,3.4822388,3.4469939935076415,0.03524480649235873
1390,3.4617767,3.445695598475406,0.0160811015245943
1391,3.446821,3.4445173452612083,0.002303654738791572
1392,3.4322085,3.4432524687716657,-0.011043968771665469
1393,3.4132025,3.4418359543558346,-0.02863345435583442
1394,3.3946817,3.440387608404028,-0.045705908404027884
1395,3.3742383,3.439072766611386,-0.06483446661138581
1396,3.348709,3.4379108643720557,-0.0892018643720558
1397,3.3243735,3.436771518990853,-0.11239801899085311
1398,3.2962363,3.4355615034990175,-0.13932520349901756
1399,3.262122,3.4344409355452634,-0.17231893554526323
1400,3.2324927,3.4333844581768673,-0.20089175817686744
1401,3.2039185,3.4324444168951858,-0.22852591689518587
1402,3.1744058,3.431916933921287,-0.257511133921287
1403,3.1534936,3.431604095518123,-0.27811049551812284
1404,3.1327298,3.4313584894462177,-0.2986286894462178
1405,3.1104321,3.4312021556208827,-0.32077005562088257
1406,3.0872967,3.43120700494115,-0.3439103049411498
1407,3.0647757,3.431358702769121,-0.3665830027691208
1408,3.043021,3.431747548743027,-0.38872654874302714
1409,3.0210037,3.432280699900026,-0.41127699990002586
1410,2.9983432,3.43299149557118,-0.4346482955711801
1411,2.9803805,3.4338513524057444,-0.4534708524057445
1412,2.9602683,3.4349581250651617,-0.47468982506516166
1413,2.9377856,3.436266144899057,-0.4984805448990568
1414,2.9174042,3.4377422276416354,-0.5203380276416354
1415,2.897269,3.439307458400736,-0.5420384584007358
1416,2.8775952,3.4409136974340067,-0.5633184974340066
1417,2.8555973,3.4426267220753,-0.5870294220753003
1418,2.837423,3.444503383584009,-0.6070803835840093
1419,2.8142984,3.446657498761269,-0.6323590987612686
1420,2.793494,3.4489855463733328,-0.6554915463733328
1421,2.7741525,3.451509508757446,-0.6773570087574461
1422,2.751115,3.4542004537879327,-0.7030854537879327
1423,2.7297986,3.456927064108611,-0.7271284641086111
1424,2.7090793,3.459621058982159,-0.750541758982159
1425,2.6903186,3.46217333116207,-0.7718547311620703
1426,2.6733158,3.4646649164114525,-0.7913491164114523
1427,2.655014,3.4671919761272996,-0.8121779761272996
1428,2.637981,3.469738547438181,-0.8317575474381811
1429,2.6244507,3.4722793984487437,-0.8478286984487435
1430,2.6153934,3.474829664476607,-0.8594362644766069
1431,2.6073053,3.47734371460854,-0.87003841460854
1432,2.5969958,3.4798016412767394,-0.8828058412767392
1433,2.5956976,3.4821641633505314,-0.8864665633505315
1434,2.5930438,3.484451174607901,-0.8914073746079012
1435,2.5887485,3.4867867567780655,-0.8980382567780656
1436,2.5839353,3.488987307528562,-0.9050520075285622
1437,2.5860312,3.4910232571083206,-0.9049920571083208
1438,2.594782,3.4929634814825468,-0.8981814814825468
1439,2.6090176,3.4947732115964825,-0.8857556115964824
1440,2.628698,3.4964938818598337,-0.8677958818598337
1441,2.6544418,3.4981117858154547,-0.8436699858154548
1442,2.6842532,3.4996453118575435,-0.8153921118575433
1443,2.7209985,3.5011526941743263,-0.7801541941743264
1444,2.7596653,3.502703785206198,-0.7430384852061982
1445,2.7963943,3.5042750599227137,-0.7078807599227135
1446,2.827022,3.5057289333100905,-0.6787069333100906
1447,2.8409674,3.507122132204583,-0.6661547322045833
1448,2.8414972,3.5085423689548705,-0.6670451689548704
1449,2.8280203,3.5098808100624024,-0.6818605100624024
1450,2.8167212,3.51114891842636,-0.6944277184263599
1451,2.8144543,3.5123081280231085,-0.6978538280231086
1452,2.8180423,3.5134288384632613,-0.6953865384632612
1453,2.8228705,3.5146044920737163,-0.6917339920737162
1454,2.8283908,3.515671601846697,-0.6872808018466969
1455,2.8369696,3.5165537524055814,-0.6795841524055812
1456,2.8405666,3.5172880195940164,-0.6767214195940165
1457,2.8365986,3.5180971108542725,-0.6814985108542726
1458,2.829929,3.518998330469349,-0.6890693304693492
1459,2.8212333,3.519917309165431,-0.6986840091654312
1460,2.8111866,3.5208503507716875,-0.7096637507716874
1461,2.8004644,3.521810323270909,-0.721345923270909
1462,2.7897427,3.5226946339854863,-0.7329519339854862
1463,2.779696,3.523464356820793,-0.7437683568207931
1464,2.7710004,3.524199806728869,-0.7531994067288688
1465,2.7643306,3.5250359531466,-0.7607053531465997
1466,2.7603626,3.5258075223042056,-0.7654449223042055
1467,2.753816,3.5264045351372335,-0.7725885351372335
1468,2.7211163,3.526753537408301,-0.8056372374083014
1469,2.7086313,3.5269204822587703,-0.8182891822587703
1470,2.702071,3.526976520481465,-0.8249055204814648
1471,2.6987195,3.526986834805421,-0.828267334805421
1472,2.6941104,3.5270739232063315,-0.8329635232063315
1473,2.6925027,3.5274157955324545,-0.8349130955324546
1474,2.6945844,3.528055863999481,-0.8334714639994809
1475,2.712817,3.529079865275679,-0.8162628652756792
1476,2.7312424,3.530212274850958,-0.7989698748509579
1477,2.7478702,3.5309804846828188,-0.7831102846828188
1478,2.7626722,3.5312555872322684,-0.7685833872322685
1479,2.775618,3.5310430598177867,-0.7554250598177865
1480,2.7866793,3.5305355201920694,-0.7438562201920695
1481,2.7958262,3.529816909922351,-0.733990709922351
1482,2.8030295,3.5289391247472346,-0.7259096247472345
1483,2.8082602,3.527963398585789,-0.7197031985857891
1484,2.8114886,3.5269874837437953,-0.7154988837437952
1485,2.8111517,3.526210601240264,-0.7150589012402642
1486,2.7994406,3.5255845612872316,-0.7261439612872316
1487,2.7924173,3.524841227488207,-0.732423927488207
1488,2.7844946,3.5241432708097467,-0.7396486708097467
1489,2.7781537,3.5234816596554377,-0.7453279596554379
1490,2.7755966,3.522719451885452,-0.747122851885452
1491,2.7751477,3.5218741255062858,-0.7467264255062855
1492,2.777454,3.520987869483459,-0.7435338694834588
1493,2.7777317,3.5200391093059356,-0.7423074093059356
1494,2.7745655,3.5189751809672694,-0.7444096809672693
1495,2.7731302,3.5178640039621567,-0.7447338039621565
1496,2.774876,3.5167430132506357,-0.7418670132506358
1497,2.7765176,3.515606358650564,-0.7390887586505639
1498,2.782971,3.5146173184109606,-0.7316463184109607
1499,2.7930255,3.5137809075161606,-0.7207554075161604
1500,2.802233,3.5129579079010655,-0.7107249079010654
1501,2.8156989,3.512111679220766,-0.6964127792207657
1502,2.8164532,3.511235825216291,-0.6947826252162908
1503,2.8183582,3.5103375512825368,-0.6919793512825367
1504,2.8166842,3.5093684727204195,-0.6926842727204194
1505,2.819641,3.5082281510439666,-0.6885871510439667
1506,2.812246,3.506727049114623,-0.6944810491146232
1507,2.8178852,3.5047520666287473,-0.6868668666287472
1508,2.830307,3.5025242976934425,-0.6722172976934426
1509,2.8460214,3.5002531391444984,-0.6542317391444983
1510,2.8606906,3.4979427008419908,-0.6372521008419909
1511,2.8734882,3.4955916841295673,-0.6221034841295672
1512,2.8793073,3.493165068306673,-0.6138577683066733
1513,2.875036,3.4906617583575237,-0.6156257583575235
1514,2.8694043,3.4880500111370676,-0.6186457111370678
1515,2.8651254,3.4853390692117014,-0.6202136692117013
1516,2.8561969,3.48253619451325,-0.62633929451325
1517,2.8480084,3.479627725436801,-0.6316193254368012
1518,2.837082,3.476611176379534,-0.6395291763795341
1519,2.8349686,3.473510270797368,-0.6385416707973683
1520,2.83158,3.470348057303551,-0.6387680573035506
1521,2.824173,3.4671100088210602,-0.6429370088210602
1522,2.8267386,3.4637925620995764,-0.6370539620995763
1523,2.8294864,3.4604430829991846,-0.6309566829991846
1524,2.8342273,3.457139364310507,-0.622912064310507
1525,2.8376846,3.4538399377277447,-0.6161553377277449
1526,2.8384259,3.450486651673947,-0.6120607516739471
1527,2.8402646,3.447104016772185,-0.6068394167721851
1528,2.8455658,3.4436889869420426,-0.5981231869420425
1529,2.8588452,3.440271971715384,-0.5814267717153836
1530,2.8741324,3.4368676067124593,-0.5627352067124591
1531,2.896214,3.4334820675602615,-0.5372680675602615
1532,2.9279132,3.4301390055917804,-0.5022258055917805
1533,2.9598813,3.4268365863673442,-0.46695528636734407
1534,2.9975967,3.423597549739774,-0.42600084973977426
1535,3.0333328,3.420472649319442,-0.3871398493194418
1536,3.0682275,3.4174762804445247,-0.3492487804445248
1537,3.1040332,3.4146189179383,-0.31058571793830003
1538,3.1279776,3.411887008186693,-0.2839094081866933
1539,3.1433651,3.4092538744318435,-0.26588877443184344
1540,3.1497061,3.406737855075119,-0.2570317550751189
1541,3.1493258,3.4043368822946047,-0.25501108229460456
1542,3.14534,3.402072187082102,-0.25673218708210177
1543,3.1434696,3.399917505190215,-0.2564479051902149
1544,3.1453226,3.3978603101709957,-0.2525377101709956
1545,3.1597705,3.3959522321098268,-0.23618173210982674
1546,3.180882,3.394238317026241,-0.21335631702624092
1547,3.1901822,3.3926618082654665,-0.2024796082654663
1548,3.1913486,3.3912636318098466,-0.1999150318098466
1549,3.1829038,3.390020968315767,-0.20711716831576688
1550,3.1650772,3.3888570479455806,-0.2237798479455808
1551,3.1408658,3.387810231267277,-0.24694443126727705
1552,3.116782,3.3868730625774823,-0.27009106257748217
1553,3.0969303,3.3860441122294196,-0.2891138122294197
1554,3.0793164,3.3852753470979287,-0.3059589470979285
1555,3.0764859,3.384544225129972,-0.3080583251299718
1556,3.083969,3.383901481276691,-0.29993248127669103
1557,3.0999374,3.3833174360147615,-0.2833800360147616
1558,3.120455,3.382793796586408,-0.2623387965864077
1559,3.1390567,3.382416641278894,-0.24335994127889427
1560,3.15031,3.382034526619938,-0.2317245266199377
1561,3.155949,3.3815332367610105,-0.22558423676101036
1562,3.1549509,3.38109084273005,-0.22613994273005034
1563,3.1488712,3.3809704682770723,-0.2320992682770724
1564,3.1406949,3.3810218546146196,-0.2403269546146194
1565,3.1378403,3.381034565700021,-0.243194265700021
1566,3.1331296,3.3811032113246924,-0.2479736113246922
1567,3.1361945,3.38118929848436,-0.24499479848435968
1568,3.135075,3.381165865237773,-0.24609086523777313
1569,3.130855,3.3810267117900805,-0.2501717117900806
1570,3.1264648,3.380913554068464,-0.2544487540684641
1571,3.121777,3.3807130921547985,-0.25893609215479874
1572,3.1111646,3.380404038000013,-0.26923943800001293
1573,3.1005685,3.3801544475272616,-0.2795859475272615
1574,3.0908954,3.3798585657477127,-0.28896316574771275
1575,3.0732346,3.379489251634818,-0.3062546516348177
1576,3.058792,3.3791390450129275,-0.32034704501292754
1577,3.0498996,3.37883837065967,-0.32893877065967025
1578,3.0426135,3.3785823491989384,-0.33596884919893855
1579,3.0406058,3.3783542524763126,-0.3377484524763128
1580,3.036268,3.378187049800316,-0.34191904980031573
1581,3.0273929,3.3780764452161756,-0.3506835452161754
1582,3.0154812,3.3780001507383464,-0.3625189507383464
1583,2.9975717,3.3782774103444146,-0.3807057103444147
1584,2.9860294,3.3792143000985275,-0.39318490009852747
1585,2.9729145,3.380284302585569,-0.4073698025855692
1586,2.9593985,3.381144559530637,-0.42174605953063704
1587,2.94738,3.3819569670121736,-0.43457696701217374
1588,2.9394433,3.3827275733735527,-0.4432842733735525
1589,2.933258,3.3834382024277065,-0.4501802024277066
1590,2.932979,3.384131834315904,-0.4511528343159039
1591,2.932301,3.3847493784581704,-0.45244837845817054
1592,2.935075,3.385290840353983,-0.4502158403539833
1593,2.8925574,3.3855511175857105,-0.49299371758571064
1594,2.9388134,3.3854976304074134,-0.44668423040741345
1595,2.9547305,3.3854226386815447,-0.43069213868154455
1596,2.9726846,3.385371381280184,-0.412686781280184
1597,2.995515,3.3853374379826064,-0.3898224379826063
1598,3.0180469,3.3852721085608586,-0.3672252085608587
1599,3.0404782,3.3851691059347435,-0.3446909059347436
1600,3.056789,3.385087734243034,-0.3282987342430337
1601,3.0682144,3.385037536878378,-0.3168231368783778
1602,3.0776455,3.3850252145794206,-0.3073797145794206
1603,3.0863059,3.3850260089907023,-0.2987201089907021
1604,3.0943408,3.3850618829979378,-0.29072108299793786
1605,3.0974438,3.385128043267647,-0.28768424326764697
1606,3.0994089,3.385267410292162,-0.285858510292162
1607,3.0961664,3.3854419869591443,-0.28927558695914435
1608,3.097494,3.385629324568963,-0.28813532456896285
1609,3.0955298,3.385850136902723,-0.29032033690272296
1610,3.0893,3.386079134812217,-0.29677913481221685
1611,3.0778918,3.3862930337831463,-0.3084012337831461
1612,3.0626624,3.386486872590722,-0.3238244725907222
1613,3.0495822,3.3867305883960093,-0.33714838839600914
1614,3.017493,3.3870376148813137,-0.36954461488131374
1615,3.0365176,3.3873960264353937,-0.3508784264353939
1616,3.0305514,3.3878032328880687,-0.35725183288806894
1617,3.0265536,3.3882342616226158,-0.3616806616226156
1618,3.023128,3.388707035599351,-0.36557903559935134
1619,3.0205426,3.3892047148034754,-0.3686621148034752
1620,3.0170474,3.3897431826788114,-0.3726957826788113
1621,3.014679,3.390333591982114,-0.37565459198211393
1622,3.0044806,3.391242157056935,-0.38676155705693516
1623,2.9897122,3.392263166018901,-0.40255096601890106
1624,2.9692786,3.3931043762972664,-0.42382577629726637
1625,2.939562,3.3939688633316276,-0.4544068633316276
1626,2.9308035,3.3948692211965104,-0.46406572119651024
1627,2.9284222,3.3957875103189714,-0.46736531031897144
1628,2.9301944,3.396725585648843,-0.4665311856488432
1629,2.9299948,3.3976663456608533,-0.46767154566085356
1630,2.9294446,3.398609422764511,-0.4691648227645109
1631,2.927244,3.399655036929923,-0.47241103692992326
1632,2.9213367,3.40067089137961,-0.4793341913796101
1633,2.921388,3.401499449656094,-0.4801114496560941
1634,2.925536,3.4023513899421416,-0.47681538994214145
1635,2.9348395,3.4032360598771145,-0.4683965598771147
1636,2.9436417,3.404135420166656,-0.4604937201666557
1637,2.952858,3.4050438060870425,-0.4521858060870425
1638,2.9626575,3.4060088232221895,-0.4433513232221893
1639,2.966545,3.40702569585406,-0.44048069585406013
1640,2.967851,3.4080476186028195,-0.44019661860281944
1641,2.9756153,3.40906149205009,-0.43344619205009005
1642,2.9817004,3.4100502487035484,-0.42834984870354864
1643,2.987637,3.411019053586979,-0.423382053586979
1644,2.9889886,3.4119881230715015,-0.42299952307150157
1645,2.9847302,3.413008480234053,-0.428278280234053
1646,2.9793909,3.414043113516256,-0.43465221351625605
1647,2.9784,3.415075061633506,-0.436675061633506
1648,2.9804416,3.4161075309406623,-0.4356659309406625
1649,2.978628,3.4171318686012984,-0.4385038686012983
1650,2.9830105,3.4181874919247486,-0.4351769919247488
1651,2.9877255,3.4192903607516922,-0.4315648607516924
1652,2.9933536,3.4204343989649053,-0.4270807989649055
1653,3.0008044,3.421621312469549,-0.4208169124695491
1654,3.0084915,3.422813673927552,-0.4143221739275522
1655,3.0134366,3.4240358905854587,-0.41059929058545874
1656,3.0195138,3.4253292105220807,-0.4058154105220808
1657,3.024511,3.426593096367315,-0.40208209636731507
1658,3.0231988,3.427843508007662,-0.40464470800766206
1659,3.0282276,3.4291133651277264,-0.4008857651277262
1660,3.0435367,3.430403882034238,-0.386867182034238
1661,3.0531256,3.431667900268499,-0.3785423002684989
1662,3.0515704,3.4329104439668603,-0.38134004396686016
1663,3.0557055,3.4342193965600045,-0.37851389656000434
1664,3.049069,3.435477882079129,-0.38640888207912916
1665,3.0460498,3.4367288746410254,-0.39067907464102536
1666,3.0602221,3.43805994546891,-0.37783784546890997
1667,3.0632062,3.439451299482822,-0.3762450994828219
1668,3.060599,3.44091050660907,-0.3803115066090701
1669,3.062924,3.4424402454379455,-0.37951624543794527
1670,3.0678842,3.444031647142942,-0.37614744714294224
1671,3.0737915,3.445668692884717,-0.3718771928847171
1672,3.0773447,3.4473864084648413,-0.3700417084648415
1673,3.0830655,3.4492123491925746,-0.36614684919257456
1674,3.0879636,3.4511410367992252,-0.3631774367992251
1675,3.0957227,3.453117135424519,-0.3573944354245189
1676,3.1023767,3.4551579476166516,-0.3527812476166514
1677,3.1198087,3.4572672237791178,-0.33745852377911767
1678,3.1280725,3.4594662414183417,-0.33139374141834166
1679,3.1344898,3.4617401919134516,-0.32725039191345173
1680,3.1447208,3.4640520192525344,-0.3193312192525344
1681,3.142732,3.4662913187155544,-0.3235593187155543
1682,3.1374652,3.4684250841603883,-0.33095988416038846
1683,3.127474,3.4706097569193197,-0.34313575691931986
1684,3.1196725,3.4728210173812504,-0.3531485173812503
1685,3.110382,3.4750340993257427,-0.3646520993257427
1686,3.1016257,3.4772509432355947,-0.37562524323559465
1687,3.0939648,3.47945170552227,-0.38548690552226983
1688,3.0800815,3.4816374321631547,-0.40155593216315477
1689,3.067265,3.4838034619791474,-0.41653846197914746
1690,3.0395596,3.4859399191232647,-0.4463803191232647
1691,3.0255237,3.4880427079437433,-0.46251900794374334
1692,3.0134213,3.4901111354175973,-0.47668983541759724
1693,3.0067487,3.492133164501844,-0.4853844645018439
1694,3.0063324,3.494068173953979,-0.4877357739539794
1695,3.0089777,3.495881886273112,-0.48690418627311205
1696,3.0156271,3.497690063228076,-0.48206296322807596
1697,3.0286167,3.4993960804487627,-0.47077938044876255
1698,3.039275,3.500887687377216,-0.46161268737721617
1699,3.048077,3.502251778395141,-0.45417477839514087
1700,3.0489044,3.503480927656904,-0.4545765276569038
1701,3.0490232,3.504624730357378,-0.4556015303573777
1702,3.0415115,3.505652588852942,-0.46414108885294203
1703,3.0386636,3.50654650353953,-0.46788290353952977
1704,3.0352304,3.507312378805157,-0.4720819788051567
1705,3.0323596,3.5078925477296785,-0.4755329477296786
1706,3.0300555,3.5082380059219944,-0.4781825059219944
1707,3.0235465,3.5084554592952695,-0.48490895929526934
1708,3.0190136,3.508588349793427,-0.4895747497934271
1709,3.0239651,3.5086215400543668,-0.4846564400543669
1710,3.0274777,3.508552437125421,-0.48107473712542115
1711,3.0281024,3.5083921821454718,-0.4802897821454719
1712,3.0291922,3.508145969614096,-0.4789537696140962
1713,3.0300052,3.507805171797694,-0.47779997179769396
1714,3.0350168,3.507394977697358,-0.4723781776973577
1715,3.0405197,3.507047139385269,-0.4665274393852692
1716,3.050597,3.506646230006033,-0.45604923000603304
1717,3.0636356,3.506091596831862,-0.44245599683186176
1718,3.080611,3.505469757762452,-0.42485875776245186
1719,3.0925424,3.5048010670864924,-0.4122586670864923
1720,3.1022742,3.504112363546411,-0.4018381635464108
1721,3.1099014,3.5034160360893534,-0.39351463608935333
1722,3.1131656,3.502696399008014,-0.38953079900801413
1723,3.1148944,3.5019924103675155,-0.3870980103675157
1724,3.1179721,3.5013460926129643,-0.38337399261296445
1725,3.1225848,3.50073195578556,-0.37814715578556024
1726,3.1304288,3.5001205223767275,-0.36969172237672776
1727,3.1305814,3.499535419813894,-0.3689540198138941
1728,3.1279209,3.4988576031378233,-0.37093670313782345
1729,3.1079407,3.497943348900873,-0.390002648900873
1730,3.0883014,3.496897658636962,-0.4085962586369618
1731,3.0633926,3.4960232861260567,-0.43263068612605693
1732,3.03651,3.4951684968972376,-0.4586584968972378
1733,3.0098026,3.494372895255525,-0.4845702952555251
1734,2.9826846,3.4935710414773733,-0.5108864414773735
1735,2.9651566,3.4926858687312317,-0.5275292687312318
1736,2.9529986,3.491720616995339,-0.5387220169953393
1737,2.9471207,3.490766814153999,-0.543646114153999
1738,2.9472384,3.4899227178983154,-0.5426843178983156
1739,2.94995,3.4891878211735685,-0.5392378211735687
1740,2.948397,3.4885563376724056,-0.5401593376724056
1741,2.9403763,3.4879823189190544,-0.5476060189190544
1742,2.92802,3.487496092759983,-0.5594760927599829
1743,2.9175622,3.4871086674538843,-0.5695464674538844
1744,2.9120831,3.4867768518811033,-0.5746937518811035
1745,2.9131482,3.4864462080273197,-0.5732980080273196
1746,2.9176254,3.4860838757922883,-0.5684584757922884
1747,2.9258258,3.485755767779693,-0.5599299677796927
1748,2.939741,3.4854881287746893,-0.5457471287746891
1749,2.960907,3.4855646126079267,-0.5246576126079265
1750,2.986398,3.4859106721336874,-0.49951267213368755
1751,3.020159,3.486284694576935,-0.466125694576935
1752,3.052149,3.4868655629613015,-0.43471656296130146
1753,3.0868747,3.4874533428421173,-0.4005786428421172
1754,3.1167471,3.4880730446116526,-0.3713259446116526
1755,3.1409945,3.4888768750299954,-0.3478823750299953
1756,3.161123,3.4897570574926875,-0.3286340574926876
1757,3.173948,3.490641973431594,-0.3166939734315939
1758,3.181427,3.491529031639954,-0.3101020316399543
1759,3.1862183,3.492675769858851,-0.3064574698588509
1760,3.1915698,3.494060692506314,-0.3024908925063139
1761,3.1932013,3.495457713205343,-0.3022564132053427
1762,3.198154,3.49689038643994,-0.29873638643993994
1763,3.2046487,3.498331342162157,-0.2936826421621572
1764,3.2062824,3.499792703993077,-0.29351030399307687
1765,3.213139,3.5012231251631567,-0.28808412516315673
1766,3.2188327,3.502556434403062,-0.2837237344030621
1767,3.2237222,3.503889065054243,-0.2801668650542428
1768,3.2267456,3.5051857318165207,-0.2784401318165206
1769,3.2237942,3.506594828903277,-0.28280062890327695
1770,3.21767,3.508270492150768,-0.2906004921507681
1771,3.2121658,3.5099409345602477,-0.2977751345602475
1772,3.2117004,3.5115276056460107,-0.29982720564601095
1773,3.2091043,3.5131253007648593,-0.3040210007648594
1774,3.2137103,3.514572597715152,-0.30086229771515205
1775,3.2062116,3.5157918737433396,-0.3095802737433395
1776,3.2029648,3.516824975785903,-0.31386017578590275
1777,3.1981485,3.5177388565894665,-0.31959035658946666
1778,3.1939545,3.5185502710899836,-0.32459577108998383
1779,3.1907883,3.519369356712586,-0.328581056712586
1780,3.1789105,3.5202878893355516,-0.3413773893355514
1781,3.1798303,3.521266652826658,-0.34143635282665796
1782,3.1807904,3.5220265148129086,-0.34123611481290883
1783,3.185051,3.522453991539557,-0.3374029915395571
1784,3.1907306,3.5225406861639112,-0.33181008616391106
1785,3.195731,3.5223750932173834,-0.3266440932173835
1786,3.1957638,3.5220271651143515,-0.3262633651143516
1787,3.1861322,3.5215045315528375,-0.33537233155283763
1788,3.1848493,3.5207800101952764,-0.3359307101952762
1789,3.166795,3.519882184350036,-0.35308718435003605
1790,3.1570303,3.518785961529498,-0.3617556615294979
1791,3.16339,3.517484115984938,-0.354094115984938
1792,3.175245,3.516000089954056,-0.34075508995405634
1793,3.1770074,3.51435357106029,-0.3373461710602901
1794,3.1775796,3.512538303395802,-0.3349587033958019
1795,3.1652396,3.5104679277541293,-0.34522832775412926
1796,3.1463306,3.5082384889518132,-0.36190788895181303
1797,3.12581,3.505783190649019,-0.3799731906490189
1798,3.100296,3.5030867252196076,-0.40279072521960746
1799,3.0838711,3.500193452731314,-0.416322352731314
1800,3.0713642,3.497243875265833,-0.4258796752658327
1801,3.0578842,3.494265369783751,-0.43638116978375097
1802,3.0470297,3.491176940171723,-0.444147240171723
1803,3.0367737,3.4878792566077887,-0.45110555660778884
1804,3.0125864,3.484411212182117,-0.4718248121821169
1805,3.0076938,3.4807562460217203,-0.4730624460217201
1806,2.9858692,3.476920728918184,-0.49105152891818404
1807,2.9544296,3.4729037073332383,-0.5184741073332382
1808,2.917741,3.4688281667729557,-0.5510871667729558
1809,2.8824615,3.464599713778079,-0.5821382137780793
1810,2.8463407,3.4602088801358892,-0.6138681801358894
1811,2.8125207,3.455660015931802,-0.6431393159318022
1812,2.7828968,3.4510162917977296,-0.6681194917977296
1813,2.7509418,3.4462066024397395,-0.6952648024397394
1814,2.71469,3.4411773385593434,-0.7264873385593433
1815,2.681403,3.4360273519455173,-0.7546243519455174
1816,2.6524146,3.430769459779996,-0.7783548597799959
1817,2.622673,3.425413798719336,-0.802740798719336
1818,2.5941892,3.4200531198170854,-0.8258639198170852
1819,2.564912,3.4146125381890293,-0.8497005381890292
1820,2.5352314,3.409023613197973,-0.8737922131979734
1821,2.5103586,3.4033789695040593,-0.8930203695040593
1822,2.4881527,3.3977471769049226,-0.9095944769049225
1823,2.4726562,3.392120990909798,-0.9194647909097982
1824,2.4624112,3.38653852398141,-0.9241273239814101
1825,2.4627316,3.381054518683943,-0.918322918683943
1826,2.4801004,3.375763343920081,-0.895662943920081
1827,2.508787,3.3704779246121004,-0.8616909246121005
1828,2.5506625,3.3649701550274838,-0.8143076550274837
1829,2.5947125,3.3594203156436673,-0.7647078156436673
1830,2.6470468,3.3540772789179996,-0.7070304789179995
1831,2.6918323,3.348930634952412,-0.657098334952412
1832,2.725767,3.3439936622231947,-0.6182266622231949
1833,2.7380393,3.3393458707811745,-0.6013065707811744
1834,2.7583945,3.3350735265852234,-0.5766790265852233
1835,2.7840793,3.3311309910066957,-0.5470516910066956
1836,2.8049207,3.3275185197544266,-0.5225978197544268
1837,2.820087,3.3242933461950255,-0.5042063461950255
1838,2.841798,3.3214585815453193,-0.47966058154531943
1839,2.8579962,3.319071107321477,-0.46107490732147705
1840,2.8680432,3.317118111416355,-0.44907491141635525
1841,2.8732758,3.315562057979452,-0.44228625797945176
1842,2.889244,3.3144218755042156,-0.4251778755042155
1843,2.90768,3.313748149963154,-0.40606814996315377
1844,2.933389,3.31362650081882,-0.3802375008188199
1845,2.9419568,3.3139378320603385,-0.3719810320603387
1846,2.926603,3.314590168595746,-0.3879871685957461
1847,2.9019458,3.3156261903735373,-0.4136803903735373
1848,2.8744648,3.3169983401122414,-0.4425335401122412
1849,2.8555472,3.318649086039078,-0.46310188603907765
1850,2.8522742,3.320550549774876,-0.4682763497748761
1851,2.8479517,3.3227200634522327,-0.47476836345223283
1852,2.8518918,3.3251991429976164,-0.47330734299761623
1853,2.8620791,3.3280014538177394,-0.4659223538177395
1854,2.8765793,3.3311125280377705,-0.4545332280377705
1855,2.8737466,3.3344159292842335,-0.46066932928423343
1856,2.8855884,3.33794773997317,-0.45235933997317
1857,2.8810883,3.341783990994189,-0.46069569099418883
1858,2.8663723,3.345827971524519,-0.47945567152451884
1859,2.8422241,3.3500912764074933,-0.5078671764074931
1860,2.823664,3.3546223350481856,-0.5309583350481857
1861,2.8050723,3.3594552426138393,-0.5543829426138394
1862,2.800198,3.364425096230636,-0.5642270962306362
1863,2.8026843,3.36953392890772,-0.5668496289077201
1864,2.810087,3.375080853469361,-0.5649938534693613
1865,2.8202002,3.380925216821138,-0.560725016821138
1866,2.848709,3.3868490337461195,-0.5381400337461195
1867,2.875485,3.3928779462978396,-0.5173929462978397
1868,2.9061923,3.3989153960512803,-0.4927230960512805
1869,2.9330041,3.4048901800897546,-0.47188608008975486
1870,2.955138,3.4107602882057115,-0.4556222882057117
1871,2.9672775,3.4162947387533156,-0.4490172387533158
1872,2.9844687,3.4211767437262974,-0.43670804372629757
1873,2.9931107,3.4258222099143554,-0.4327115099143555
1874,3.0070822,3.430913120270914,-0.42383092027091385
1875,3.0257154,3.4362439693266706,-0.4105285693266705
1876,3.0433393,3.4414512423155874,-0.39811194231558744
1877,3.065495,3.4465803942868383,-0.3810853942868384
1878,3.0849075,3.451608018213371,-0.36670051821337113
1879,3.1052835,3.4564838642384985,-0.35120036423849843
1880,3.1231244,3.4612681159364476,-0.33814371593644754
1881,3.1357706,3.466040548133001,-0.33026994813300137
1882,3.153413,3.4707545582853596,-0.3173415582853596
1883,3.1607797,3.4753692709110453,-0.31458957091104534
1884,3.1827567,3.4797238190635253,-0.29696711906352524
1885,3.1964428,3.4839343829292613,-0.28749158292926147
1886,3.210774,3.4879157093135333,-0.27714170931353355
1887,3.2247577,3.491830763041363,-0.26707306304136313
1888,3.2371335,3.4966161628355885,-0.2594826628355884
1889,3.2511737,3.501593566403268,-0.2504198664032682
1890,3.2602887,3.506161181985192,-0.24587248198519207
1891,3.2722147,3.510628994167016,-0.23841429416701576
1892,3.278365,3.514784775929177,-0.23641977592917707
1893,3.282571,3.518154559733625,-0.23558355973362488
1894,3.2892249,3.5202777195655215,-0.2310528195655217
1895,3.298389,3.521783335070933,-0.2233943350709331
1896,3.3022156,3.5231509661957046,-0.22093536619570475
1897,3.313532,3.5244454700476706,-0.2109134700476707
1898,3.3207812,3.525654499430547,-0.2048732994305471
1899,3.32672,3.5267244377267777,-0.20000443772677778
1900,3.3349512,3.527791340161995,-0.19284014016199524
1901,3.3410013,3.5290485786743497,-0.1880472786743499
1902,3.3630197,3.5300033951172685,-0.1669836951172683
1903,3.3566883,3.530511342991629,-0.17382304299162898
1904,3.347822,3.5306907483524275,-0.1828687483524276
1905,3.3333533,3.5307754896470946,-0.19742218964709446
1906,3.3115332,3.53084994742158,-0.21931674742158025
1907,3.288208,3.5308646879615857,-0.24265668796158568
1908,3.254049,3.5308087578427907,-0.2767597578427905
1909,3.2113287,3.5306696341918955,-0.31934093419189535
1910,3.1680233,3.5304407359580305,-0.36241743595803033
1911,3.1254337,3.530068635264373,-0.4046349352643732
1912,3.0610623,3.5295917524171463,-0.46852945241714616
1913,3.0246015,3.5290692328540696,-0.5044677328540694
1914,2.9991705,3.528497530567137,-0.5293270305671371
1915,2.9836895,3.527896374027424,-0.5442068740274237
1916,2.9732153,3.527228741354248,-0.5540134413542477
1917,2.9634519,3.526511241085244,-0.563059341085244
1918,2.9562085,3.52580230191645,-0.5695938019164504
1919,2.9525266,3.5250050494679037,-0.5724784494679036
1920,2.953501,3.5240915917888125,-0.5705905917888123
1921,2.9613037,3.523108397727799,-0.5618046977277986
1922,2.978048,3.5220711270856224,-0.5440231270856226
1923,2.9932196,3.520999307962192,-0.5277797079621918
1924,3.0030017,3.519924656464022,-0.5169229564640219
1925,3.014618,3.5189004952432352,-0.5042824952432352
1926,3.019819,3.517900856029213,-0.49808185602921284
1927,3.0155835,3.5169104393740818,-0.5013269393740818
1928,3.0115247,3.5160596382180964,-0.5045349382180966
1929,3.0070767,3.5153344129931123,-0.5082577129931125
1930,3.0072653,3.514595987058941,-0.5073306870589414
1931,3.000896,3.513893725323497,-0.5129977253234972
1932,2.9942136,3.5133490733673285,-0.5191354733673283
1933,2.982886,3.512901718367769,-0.530015718367769
1934,2.9765155,3.5124069049047932,-0.5358914049047931
1935,2.9771097,3.5119037240566544,-0.5347940240566542
1936,2.979586,3.5114407747851284,-0.5318547747851285
1937,2.9821384,3.5110632829951487,-0.5289248829951485
1938,3.0019412,3.510766531690239,-0.5088253316902387
1939,3.0231433,3.5104713303983273,-0.48732803039832717
1940,3.026934,3.5106412909535867,-0.4837072909535869
1941,3.0260653,3.511202966380815,-0.4851376663808149
1942,3.0255063,3.51165074802959,-0.4861444480295902
1943,3.0270398,3.512061934067109,-0.48502213406710926
1944,3.0290287,3.512416451115268,-0.48338775111526777
1945,2.9948285,3.51283026125424,-0.51800176125424
1946,2.9847314,3.513309856932575,-0.5285784569325753
1947,2.9738278,3.51371981030043,-0.5398920103004299
1948,2.9763935,3.5140031601021517,-0.5376096601021518
1949,2.9785855,3.514038605499253,-0.5354531054992533
1950,2.9830203,3.5136046061721657,-0.5305843061721656
1951,2.9945157,3.512702375637273,-0.5181866756372728
1952,3.00229,3.5116365856881653,-0.5093465856881654
1953,3.0098484,3.510466381964833,-0.5006179819648331
1954,3.01953,3.5092027192934547,-0.4896727192934547
1955,3.0269687,3.5079901210467126,-0.48102142104671275
1956,3.0386298,3.506969943614795,-0.46834014361479515
1957,3.0504544,3.5060333566833775,-0.45557895668337745
1958,3.0579288,3.5052356985562305,-0.4473068985562305
1959,3.0584958,3.5045318964074603,-0.4460360964074601
1960,3.0507572,3.5037692788506707,-0.45301207885067063
1961,3.0429492,3.5029785104518076,-0.46002931045180784
1962,3.0351224,3.502180930924006,-0.46705853092400584
1963,3.0311487,3.5013923122843242,-0.4702436122843241
1964,3.0309033,3.500576127563408,-0.4696728275634081
1965,3.029118,3.4997447470258662,-0.47062674702586627
1966,3.0256326,3.498959363028143,-0.473326763028143
1967,3.0220892,3.4982152211610513,-0.4761260211610514
1968,3.017698,3.497533788588036,-0.47983578858803577
1969,3.0162964,3.4969014925221735,-0.48060509252217365
1970,3.0189776,3.496288648057898,-0.4773110480578979
1971,3.019018,3.4957250366059376,-0.4767070366059376
1972,3.018617,3.4952099907071856,-0.47659299070718575
1973,3.0197568,3.494720975624216,-0.474964175624216
1974,3.01703,3.494271270819124,-0.4772412708191238
1975,3.0053723,3.4939198897088635,-0.4885475897088636
1976,2.9923337,3.4937777102231085,-0.5014440102231084
1977,2.9759924,3.4943197175099616,-0.5183273175099616
1978,2.9590018,3.4951294893368448,-0.536127689336845
1979,2.9431872,3.4956526685923057,-0.5524654685923056
1980,2.9300232,3.496226145337098,-0.566202945337098
1981,2.9257083,3.4968488002230522,-0.5711405002230521
1982,2.9202325,3.4975071520820924,-0.5772746520820924
1983,2.9210913,3.4981602810131314,-0.5770689810131313
1984,2.9120266,3.4984096290784596,-0.5863830290784597
1985,2.9035275,3.4983595262657765,-0.5948320262657765
1986,2.901401,3.4983738382825122,-0.5969728382825124
1987,2.9021704,3.498459390423152,-0.5962889904231519
1988,2.9005954,3.498646892181642,-0.598051492181642
1989,2.9014413,3.498871316084187,-0.597430016084187
1990,2.903704,3.4991383168842343,-0.5954343168842344
1991,2.9082663,3.49947000531149,-0.5912037053114898
1992,2.9150696,3.49983839733947,-0.5847687973394704
1993,2.9250226,3.500227586314164,-0.575204986314164
1994,2.9466214,3.5006319617789616,-0.5540105617789615
1995,2.963634,3.5009522910432453,-0.5373182910432455
1996,2.9813101,3.5011572351429083,-0.5198471351429084
1997,2.9988751,3.5014053029024237,-0.5025302029024239
1998,3.014497,3.501671233112291,-0.4871742331122908
1999,3.025275,3.5018100444256315,-0.4765350444256313
2000,3.0347464,3.501766690964737,-0.46702029096473696
2001,3.0306537,3.5018002454893273,-0.47114654548932755
2002,3.033543,3.5019358129985285,-0.46839281299852864
2003,3.0373273,3.502077801599196,-0.46475050159919595
2004,3.038971,3.502338861064088,-0.4633678610640879
2005,3.035032,3.502932696621959,-0.467900696621959
2006,3.0302188,3.5036348737579566,-0.47341607375795647
2007,3.0164795,3.504170436198314,-0.48769093619831416
2008,3.0088446,3.5045316851015937,-0.49568708510159354
2009,3.0050201,3.504811224672167,-0.49979112467216735
2010,3.001007,3.5050319942764236,-0.5040249942764237
2011,2.9997265,3.5052052991575597,-0.5054787991575598
2012,2.996412,3.5053172890884996,-0.5089052890884997
2013,2.9949896,3.5054411962059477,-0.5104515962059479
2014,2.9937427,3.505736064600951,-0.5119933646009511
2015,2.9965668,3.506194454256619,-0.5096276542566187
2016,2.9955063,3.5066963257673045,-0.5111900257673043
2017,2.9978747,3.507099265948365,-0.5092245659483647
2018,2.997963,3.507402150897866,-0.5094391508978662
2019,3.001648,3.507530815362212,-0.5058828153622121
2020,2.9959161,3.507461395274025,-0.5115452952740247
2021,2.9896164,3.5074042234479696,-0.5177878234479696
2022,2.9766061,3.5074294443065615,-0.5308233443065613
2023,2.9642017,3.507262376693293,-0.543060676693293
2024,2.9596798,3.5069954855173373,-0.5473156855173373
2025,2.952943,3.5066649837184163,-0.5537219837184164
2026,2.9409442,3.506162615934293,-0.565218415934293
2027,2.9315262,3.505476794314039,-0.5739505943140388
2028,2.917936,3.504717067115808,-0.5867810671158078
2029,2.9296176,3.5038901264125633,-0.5742725264125634
2030,2.9315164,3.5032148230953504,-0.5716984230953503
2031,2.926601,3.5027997489474676,-0.5761987489474678
2032,2.9253104,3.502251230271631,-0.576940830271631
2033,2.9164941,3.501472908135727,-0.5849788081357272
2034,2.903026,3.500372898002155,-0.5973468980021548
2035,2.8837018,3.4991068511051155,-0.6154050511051157
2036,2.8768756,3.497718605217881,-0.620843005217881
2037,2.8657672,3.4962489373446166,-0.6304817373446165
2038,2.8565085,3.494778932722967,-0.6382704327229671
2039,2.8526993,3.493306328856557,-0.6406070288565573
2040,2.8467114,3.4916132990447664,-0.6449018990447666
2041,2.8498023,3.489685865204582,-0.639883565204582
2042,2.849191,3.4876939602139005,-0.6385029602139007
2043,2.8504257,3.4856523840880023,-0.6352266840880021
2044,2.8478253,3.4837224481313336,-0.6358971481313338
2045,2.8453512,3.4818007021987913,-0.6364495021987913
2046,2.8431807,3.479787710222234,-0.6366070102222339
2047,2.841295,3.4777756882972475,-0.6364806882972474
2048,2.8396754,3.4759045318465165,-0.6362291318465165
2049,2.8383029,3.4740351197206065,-0.6357322197206066
2050,2.8371587,3.4720622018026916,-0.6349035018026918
2051,2.836224,3.469884404348005,-0.6336604043480047
2052,2.83548,3.467668474524621,-0.6321884745246211
2053,2.834908,3.465243669316738,-0.6303356693167381
2054,2.8344886,3.4625590260542474,-0.6280704260542476
2055,2.834204,3.459533580037999,-0.6253295800379988
2056,2.8340342,3.4563220102002887,-0.6222878102002887
2057,2.8339612,3.4531057950120387,-0.6191445950120387
2058,2.8495831,3.449845309859438,-0.6002622098594381
2059,2.8661914,3.446487798979607,-0.5802963989796073
2060,2.8750446,3.4429786387352914,-0.5679340387352916
2061,2.8762817,3.4393716897876616,-0.5630899897876618
2062,2.862988,3.4358950618036928,-0.5729070618036927
2063,2.8753924,3.4324592238478804,-0.5570668238478804
2064,2.8700137,3.4288203022828654,-0.5588066022828655
2065,2.8525352,3.4250962720654226,-0.5725610720654224
2066,2.8317614,3.4213265700556774,-0.5895651700556774
2067,2.8114924,3.4177551677616735,-0.6062627677616734
2068,2.7918444,3.414212901979899,-0.6223685019798988
2069,2.7729878,3.4106970792675106,-0.6377092792675105
2070,2.7550948,3.407323819504419,-0.6522290195044187
2071,2.7383354,3.403896282751094,-0.6655608827510942
2072,2.7228813,3.400420349814141,-0.6775390498141411
2073,2.708903,3.3970096324955454,-0.6881066324955456
2074,2.696572,3.393761822475329,-0.697189822475329
2075,2.6860595,3.3905957375292846,-0.7045362375292847
2076,2.677536,3.3874672174121123,-0.7099312174121124
2077,2.671173,3.384399697325693,-0.7132266973256929
2078,2.6671412,3.3814606590110623,-0.7143194590110622
2079,2.666401,3.3786999609277757,-0.7122989609277757
2080,2.671619,3.376146023871477,-0.7045270238714769
2081,2.6625192,3.3738256699086264,-0.7113064699086262
2082,2.6461825,3.3717637312806574,-0.7255812312806573
2083,2.6367188,3.3699436733951873,-0.7332248733951872
2084,2.6307123,3.3684028288592978,-0.7376905288592979
2085,2.6224039,3.367084957509684,-0.744681057509684
2086,2.620502,3.3660968606357446,-0.7455948606357445
2087,2.6219592,3.365446835525937,-0.7434876355259368
2088,2.617532,3.364939160193779,-0.7474071601937786
2089,2.6258228,3.364572989177156,-0.7387501891771562
2090,2.6267962,3.364399103195859,-0.7376029031958593
2091,2.6377072,3.364450289105883,-0.726743089105883
2092,2.6521552,3.3648289950887054,-0.7126737950887052
2093,2.6748264,3.3654465420980926,-0.6906201420980924
2094,2.696434,3.366117635313121,-0.6696836353131208
2095,2.7142932,3.36678886660424,-0.6524956666042399
2096,2.7334638,3.3674610826200038,-0.6339972826200038
2097,2.752109,3.3680961372449074,-0.6159871372449075
2098,2.7658374,3.3686656298151973,-0.6028282298151972
2099,2.7710135,3.3692327902426182,-0.5982192902426182
2100,2.7672653,3.369827844011652,-0.602562544011652
2101,2.7567008,3.3707384435944254,-0.6140376435944255
2102,2.7446551,3.3717889167558073,-0.6271338167558071
2103,2.732555,3.3727279803347767,-0.6401729803347767
2104,2.724871,3.3736799277831593,-0.6488089277831595
2105,2.7170148,3.3745963155092435,-0.6575815155092437
2106,2.7112231,3.3754969741096277,-0.6642738741096275
2107,2.7083664,3.376384041172983,-0.668017641172983
2108,2.6954062,3.3772174689457968,-0.6818112689457969
2109,2.6890335,3.3781273205985767,-0.6890938205985768
2110,2.669646,3.3792747262943976,-0.7096287262943974
2111,2.6453323,3.380939194168374,-0.7356068941683738
2112,2.6299176,3.382936191453069,-0.7530185914530687
2113,2.612224,3.385030702944678,-0.7728067029446781
2114,2.600998,3.387169885166763,-0.786171885166763
2115,2.5962665,3.3892580113366844,-0.7929915113366843
2116,2.584246,3.391353504850835,-0.8071075048508352
2117,2.5758002,3.393531780232804,-0.8177315802328038
2118,2.5704443,3.395645005597995,-0.8252007055979949
2119,2.5504892,3.397688367330052,-0.8471991673300523
2120,2.5404282,3.399807653906746,-0.8593794539067461
2121,2.5314746,3.402016513369803,-0.8705419133698027
2122,2.522583,3.4043085100313757,-0.8817255100313757
2123,2.513601,3.4066667393994075,-0.8930657393994075
2124,2.5059302,3.409111352479669,-0.9031811524796689
2125,2.506934,3.41139145745548,-0.9044574574554796
2126,2.5162976,3.4136517525951384,-0.8973541525951383
2127,2.5290723,3.4161364521859268,-0.8870641521859266
2128,2.5487704,3.418634146747112,-0.8698637467471122
2129,2.574622,3.4212300137529907,-0.8466080137529906
2130,2.596369,3.423928966658624,-0.8275599666586237
2131,2.621291,3.4265270730975184,-0.8052360730975185
2132,2.6427197,3.428958506670681,-0.7862388066706814
2133,2.654698,3.4313107400619685,-0.7766127400619687
2134,2.653643,3.4335674111552184,-0.7799244111552182
2135,2.6451285,3.4355863060253164,-0.7904578060253162
2136,2.6350446,3.4372816006538027,-0.8022370006538027
2137,2.6300452,3.4387728452506243,-0.8087276452506242
2138,2.6290164,3.4401011599568956,-0.8110847599568958
2139,2.6286545,3.4413205514310636,-0.8126660514310635
2140,2.6311557,3.4424359235122868,-0.8112802235122869
2141,2.6369367,3.443381299599123,-0.8064445995991227
2142,2.6483765,3.4440943220471714,-0.7957178220471715
2143,2.6575024,3.4446072300317017,-0.7871048300317018
2144,2.6668396,3.444944075930528,-0.7781044759305282
2145,2.6724298,3.4450575957667238,-0.7726277957667236
2146,2.67505,3.4449436719486646,-0.7698936719486644
2147,2.6708767,3.444617887006673,-0.773741187006673
2148,2.6657312,3.4440926951204585,-0.7783614951204583
2149,2.6585562,3.4433132340150476,-0.7847570340150476
2150,2.65362,3.44219212943585,-0.7885721294358499
2151,2.6507154,3.440841112037599,-0.7901257120375988
2152,2.6655545,3.4393573135732183,-0.7738028135732185
2153,2.6686673,3.4376393839899335,-0.7689720839899334
2154,2.666225,3.435697562407562,-0.7694725624075622
2155,2.6639295,3.433482590853444,-0.769553090853444
2156,2.659985,3.431009876067766,-0.771024876067766
2157,2.654663,3.4283069184531216,-0.7736439184531214
2158,2.6393585,3.425377751840059,-0.786019251840059
2159,2.6172812,3.4225197785931867,-0.8052385785931868
2160,2.590307,3.419683503247762,-0.829376503247762
2161,2.5658221,3.4166401817779213,-0.8508180817779212
2162,2.5455115,3.4132984347846667,-0.8677869347846667
2163,2.532377,3.4095927490444473,-0.8772157490444474
2164,2.5214517,3.405572587985383,-0.8841208879853828
2165,2.5119748,3.401253624629927,-0.889278824629927
2166,2.5011923,3.3966456408031798,-0.8954533408031797
2167,2.487077,3.3917863353550413,-0.904709335355041
2168,2.4785483,3.3867559619475953,-0.9082076619475954
2169,2.473612,3.3815751150881943,-0.9079631150881942
2170,2.473601,3.376132101590693,-0.9025311015906929
2171,2.4756753,3.370525182912199,-0.8948498829121991
2172,2.480036,3.364858111647744,-0.8848221116477437
2173,2.48327,3.3591590116102825,-0.8758890116102824
2174,2.4910333,3.35346273938955,-0.8624294393895502
2175,2.4921472,3.3477957506144653,-0.8556485506144655
2176,2.4951193,3.342162280709824,-0.8470429807098241
2177,2.4965036,3.3366326992647743,-0.8401290992647743
2178,2.4894333,3.3312263501929067,-0.8417930501929067
2179,2.4782727,3.3259112079016164,-0.8476385079016162
2180,2.4669778,3.3207805000426855,-0.8538027000426855
2181,2.4560306,3.3158206984907648,-0.8597900984907647
2182,2.4564252,3.3110433157277614,-0.8546181157277615
2183,2.4297442,3.3064668671116357,-0.8767226671116357
2184,2.4268897,3.3021162874719745,-0.8752265874719747
2185,2.4239697,3.297996472194113,-0.8740267721941133
2186,2.4215055,3.2940651818020865,-0.8725596818020867
2187,2.40991,3.290214256144908,-0.8803042561449081
2188,2.387594,3.2864830146797726,-0.8988890146797726
2189,2.3626208,3.2831477538622442,-0.920526953862244
2190,2.3308651,3.2802864033079984,-0.9494213033079983
2191,2.308028,3.2775896061104617,-0.9695616061104615
2192,2.2849295,3.2750125031494255,-0.9900830031494254
2193,2.2625492,3.2727846546326997,-1.0102354546326997
2194,2.2425702,3.270867590543408,-1.028297390543408
2195,2.2255173,3.2692008536589574,-1.0436835536589575
2196,2.2126248,3.267779794880776,-1.055154994880776
2197,2.194408,3.266548133118054,-1.072140133118054
2198,2.1878302,3.265391896386007,-1.0775616963860069
2199,2.1845365,3.2643756909811077,-1.0798391909811076
2200,2.181719,3.263598409813782,-1.0818794098137818
2201,2.1809583,3.2632632645979154,-1.0823049645979155
2202,2.1766608,3.2632288717902527,-1.0865680717902526
2203,2.1719937,3.263329842953851,-1.091336142953851
2204,2.1688647,3.263651042192997,-1.094786342192997
2205,2.1689649,3.264260545076821,-1.095295645076821
2206,2.175001,3.265180381899526,-1.0901793818995262
2207,2.1867764,3.266304923741145,-1.079528523741145
2208,2.2032657,3.2675010904665607,-1.0642353904665605
2209,2.2213986,3.26873820818989,-1.04733960818989
2210,2.2742212,3.2699561051237924,-0.9957349051237925
2211,2.290404,3.271134539439702,-0.9807305394397017
2212,2.2969983,3.2722858981170475,-0.9752875981170477
2213,2.3258493,3.2735837300081156,-0.9477344300081159
2214,2.3477871,3.2750219809541408,-0.9272348809541406
2215,2.3774152,3.2763701468996294,-0.8989549468996292
2216,2.4218543,3.2776043391185947,-0.8557500391185946
2217,2.4650989,3.2787978206322674,-0.8136989206322673
2218,2.4945548,3.2798714667632245,-0.7853166667632245
2219,2.5120609,3.2807214880924995,-0.7686605880924997
2220,2.5215573,3.2823368616732043,-0.7607795616732043
2221,2.527515,3.285508603680404,-0.7579936036804038
2222,2.5328445,3.2887537341061153,-0.7559092341061153
2223,2.5445697,3.291285300730412,-0.7467156007304121
2224,2.559869,3.2937299136175446,-0.7338609136175447
2225,2.584791,3.2963898233532527,-0.7115988233532526
2226,2.6178195,3.2990089384179164,-0.6811894384179165
2227,2.6548038,3.301394824607047,-0.646591024607047
2228,2.6920078,3.3038454107193744,-0.6118376107193746
2229,2.7313602,3.3061194020656988,-0.5747592020656986
2230,2.7727268,3.3079560691028935,-0.5352292691028935
2231,2.8207211,3.3095323720514993,-0.4888112720514992
2232,2.8417032,3.3111549037190997,-0.4694517037190997
2233,2.8530133,3.3128060449152885,-0.4597927449152883
2234,2.8563712,3.3142073366601106,-0.4578361366601107
2235,2.854114,3.314929367666971,-0.46081536766697084
2236,2.8478677,3.3147254403106605,-0.4668577403106604
2237,2.8286035,3.313984036227665,-0.4853805362276651
2238,2.8044598,3.3130543417789053,-0.5085945417789053
2239,2.7672632,3.3119813731054064,-0.5447181731054065
2240,2.7330399,3.3108311181230654,-0.5777912181230653
2241,2.7013156,3.309756006476972,-0.608440406476972
2242,2.6805255,3.3088502884147917,-0.6283247884147918
2243,2.6669748,3.308013129066668,-0.6410383290666677
2244,2.642844,3.307096711279165,-0.6642527112791647
2245,2.6181357,3.306159353899411,-0.6880236538994113
2246,2.5923245,3.3051271340708768,-0.7128026340708766
2247,2.567215,3.3039317556565853,-0.7367167556565852
2248,2.5475986,3.3040504117609846,-0.7564518117609844
2249,2.5316784,3.303898854350919,-0.772220454350919
2250,2.5209198,3.3031327772243726,-0.7822129772243724
2251,2.5101428,3.301527221164553,-0.7913844211645529
2252,2.5099826,3.299855958777751,-0.7898733587777511
2253,2.5087574,3.2981462572892264,-0.7893888572892265
2254,2.5176282,3.296566467191598,-0.7789382671915983
2255,2.5345654,3.294881363727572,-0.7603159637275718
2256,2.5531616,3.2928921613654074,-0.7397305613654073
2257,2.5702493,3.290802959518074,-0.7205536595180742
2258,2.5813653,3.2886219585026417,-0.7072566585026419
2259,2.5854099,3.286398673923736,-0.7009887739237359
2260,2.581107,3.2841770538938206,-0.7030700538938208
2261,2.570415,3.281970557035656,-0.711555557035656
2262,2.5636249,3.2796971776458097,-0.7160722776458095
2263,2.567627,3.2772487411856686,-0.7096217411856687
2264,2.562742,3.2747645391913913,-0.7120225391913912
2265,2.5686145,3.2722713680300015,-0.7036568680300017
2266,2.5777447,3.2697528445937065,-0.6920081445937063
2267,2.5844498,3.267270834702362,-0.682821034702362
2268,2.5896366,3.265152756648729,-0.6755161566487291
2269,2.5796835,3.263321343977325,-0.6836378439773254
2270,2.567942,3.2614347077966044,-0.6934927077966044
2271,2.547044,3.2595284422479485,-0.7124844422479484
2272,2.532887,3.257587235675297,-0.724700235675297
2273,2.5283215,3.2556969771253934,-0.7273754771253933
2274,2.5361645,3.254490799705299,-0.718326299705299
2275,2.5526013,3.2535991909500757,-0.7009978909500756
2276,2.5753567,3.2524078183974066,-0.6770511183974066
2277,2.595386,3.251344673813219,-0.655958673813219
2278,2.5933948,3.2504690996817907,-0.6570742996817907
2279,2.5919516,3.249620748128205,-0.6576691481282051
2280,2.5820236,3.248835574789835,-0.6668119747898351
2281,2.5673032,3.2479331639083675,-0.6806299639083675
2282,2.556184,3.2468426942524036,-0.6906586942524036
2283,2.5423825,3.245355757831478,-0.702973257831478
2284,2.525893,3.2436459909752138,-0.7177529909752138
2285,2.5068576,3.2419613182015787,-0.7351037182015787
2286,2.483649,3.2403338076132036,-0.7566848076132033
2287,2.461478,3.2387797550024247,-0.7773017550024246
2288,2.4370346,3.2372050757744564,-0.8001704757744563
2289,2.4179776,3.2356308254043564,-0.8176532254043565
2290,2.4018261,3.2340735863438903,-0.8322474863438902
2291,2.3892615,3.232539488940785,-0.8432779889407849
2292,2.3797107,3.230968173767738,-0.8512574737677379
2293,2.3709009,3.229742821870656,-0.8588419218706558
2294,2.3616726,3.2286845896240957,-0.8670119896240958
2295,2.3518054,3.2276142476150635,-0.8758088476150636
2296,2.3401217,3.2268146216323714,-0.8866929216323713
2297,2.3284323,3.2261397124576097,-0.8977074124576099
2298,2.3230655,3.225572248233483,-0.9025067482334834
2299,2.3214383,3.225083172073754,-0.903644872073754
2300,2.3205206,3.2246840562748336,-0.9041634562748335
2301,2.3387287,3.2243481668489573,-0.8856194668489574
2302,2.3407788,3.223946941006824,-0.8831681410068244
2303,2.3389893,3.2235708892276382,-0.8845815892276381
2304,2.3399417,3.2232917606280105,-0.8833500606280107
2305,2.3442938,3.2232063798849317,-0.8789125798849318
2306,2.3445227,3.2233607257483805,-0.8788380257483803
2307,2.343024,3.2238845806723306,-0.8808605806723304
2308,2.3321774,3.2247484791346634,-0.8925710791346635
2309,2.316377,3.2257581953230625,-0.9093811953230624
2310,2.2983768,3.2268982979622773,-0.9285214979622771
2311,2.2803116,3.228166191999648,-0.9478545919996479
2312,2.2733612,3.2295974194939965,-0.9562362194939964
2313,2.2584152,3.2312283317407906,-0.9728131317407906
2314,2.2505798,3.233091383833562,-0.9825115838335621
2315,2.2452605,3.2351859001955288,-0.9899254001955287
2316,2.2417905,3.237844134830459,-0.9960536348304592
2317,2.2389688,3.2410102832094307,-1.0020414832094309
2318,2.236731,3.244264077312204,-1.0075330773122042
2319,2.2350135,3.2476497652304657,-1.0126362652304657
2320,2.2337518,3.2512303158624283,-1.0174785158624284
2321,2.2328815,3.2550257043798014,-1.0221442043798015
2322,2.2323394,3.2590063853694438,-1.026666985369444
2323,2.2320604,3.2631197337184856,-1.0310593337184857
2324,2.2334256,3.2671067464597607,-1.0336811464597608
2325,2.2373645,3.2708479257545613,-1.0334834257545613
2326,2.2407346,3.2744081971619146,-1.0336735971619144
2327,2.2493842,3.2780134667393463,-1.0286292667393462
2328,2.2599008,3.282101466403868,-1.0222006664038679
2329,2.2680185,3.2865543736992704,-1.0185358736992702
2330,2.2749307,3.290980288762067,-1.0160495887620669
2331,2.2772968,3.2954297771378993,-1.0181329771378995
2332,2.2817307,3.299855123345472,-1.0181244233454723
2333,2.2901971,3.3041750235156466,-1.0139779235156468
2334,2.3021152,3.3084110634093404,-1.0062958634093406
2335,2.3623188,3.312529622269438,-0.9502108222694376
2336,2.3800714,3.316584792487731,-0.9365133924877314
2337,2.3831418,3.3205507412903366,-0.9374089412903364
2338,2.3938653,3.32435178219434,-0.9304864821943402
2339,2.4123535,3.328716319002893,-0.916362819002893
2340,2.4350445,3.3334450479883437,-0.8984005479883437
2341,2.46172,3.3375158160250917,-0.8757958160250916
2342,2.4962573,3.3413294694451103,-0.8450721694451104
2343,2.5245297,3.345088731869976,-0.8205590318699758
2344,2.5453067,3.3487833970044814,-0.8034766970044815
2345,2.5526712,3.3524131773121235,-0.7997419773121237
2346,2.5713642,3.355983781246863,-0.7846195812468628
2347,2.5762188,3.3595267252981627,-0.7833079252981627
2348,2.5804007,3.3629957612421157,-0.7825950612421155
2349,2.593385,3.3663834954255734,-0.7729984954255733
2350,2.613886,3.369739362093382,-0.755853362093382
2351,2.6503613,3.3729732739214424,-0.7226119739214423
2352,2.6727316,3.376038808398659,-0.7033072083986589
2353,2.69659,3.3790718410826335,-0.6824818410826334
2354,2.721185,3.3820117783145465,-0.6608267783145463
2355,2.7419934,3.384885623189439,-0.6428922231894387
2356,2.758063,3.3876712677588796,-0.6296082677588797
2357,2.7791574,3.3902753879976064,-0.6111179879976065
2358,2.809302,3.3926086297105003,-0.5833066297105001
2359,2.8394852,3.3945954582168945,-0.5551102582168945
2360,2.8912604,3.396242710382375,-0.504982310382375
2361,2.9242947,3.397636786653776,-0.4733420866537763
2362,2.953816,3.398786151898976,-0.4449701518989757
2363,2.9792829,3.399716240650426,-0.42043334065042615
2364,2.9989395,3.4005399330860473,-0.4016004330860472
2365,3.0186517,3.4013236439352177,-0.38267194393521775
2366,3.0255716,3.402057613829698,-0.3764860138296977
2367,3.03953,3.402718168009147,-0.3631881680091471
2368,3.0461578,3.4031160995562684,-0.35695829955626834
2369,3.056583,3.4033663563423517,-0.3467833563423519
2370,3.073264,3.4036117554077743,-0.3303477554077743
2371,3.0858808,3.4038525028660933,-0.31797170286609333
2372,3.0984802,3.4040906726267925,-0.30561047262679253
2373,3.1092083,3.4044561019775683,-0.29524780197756817
2374,3.1174316,3.404966016471927,-0.2875344164719267
2375,3.1237204,3.4050397312779483,-0.2813193312779485
2376,3.1263525,3.4044780252980122,-0.2781255252980124
2377,3.1275384,3.40390132692907,-0.2763629269290697
2378,3.1303265,3.4033484841945296,-0.27302198419452983
2379,3.134672,3.4027805872486754,-0.26810858724867526
2380,3.1387134,3.4021263089851295,-0.2634129089851296
2381,3.1433322,3.4013909285723147,-0.2580587285723146
2382,3.1478195,3.4005520853998723,-0.2527325853998721
2383,3.1558697,3.3996503086633556,-0.24378060866335538
2384,3.1601846,3.3987483247949117,-0.23856372479491172
2385,3.1631012,3.3978212749867467,-0.23472007498674685
2386,3.158772,3.39669256581305,-0.2379205658130501
2387,3.1399372,3.395488930419501,-0.25555173041950097
2388,3.1102893,3.3944125792370343,-0.2841232792370345
2389,3.0761578,3.3934792965638447,-0.3173214965638449
2390,3.03953,3.392630295800444,-0.3531002958004441
2391,2.998352,3.3918934248545805,-0.3935414248545803
2392,2.959549,3.3912706491996087,-0.43172164919960876
2393,2.912529,3.390699133229505,-0.47817013322950475
2394,2.8705401,3.390159537535427,-0.519619437535427
2395,2.8316433,3.3896357586206136,-0.5579924586206135
2396,2.7996805,3.389129806785581,-0.589449306785581
2397,2.7618167,3.388635917064183,-0.6268192170641833
2398,2.716278,3.3882505603683013,-0.6719725603683013
2399,2.6741223,3.3878048579015765,-0.7136825579015764
2400,2.6356146,3.3872232836231264,-0.7516086836231266
2401,2.6066763,3.3866120227040786,-0.7799357227040784
2402,2.5873184,3.385982457464573,-0.7986640574645731
2403,2.5822155,3.385369271453927,-0.803153771453927
2404,2.5953064,3.384785041095896,-0.7894786410958958
2405,2.6120203,3.384190686909469,-0.7721703869094689
2406,2.6351166,3.3836099835593094,-0.7484933835593095
2407,2.6630435,3.383041129990605,-0.7199976299906048
2408,2.696337,3.382942711208607,-0.6866057112086068
2409,2.7208514,3.3830446124936966,-0.6621932124936967
2410,2.7427292,3.3828474380301596,-0.6401182380301598
2411,2.7598102,3.382687159345672,-0.622876959345672
2412,2.778366,3.3825738568909918,-0.6042078568909917
2413,2.7973926,3.38248924221461,-0.58509664221461
2414,2.817991,3.3824247064142106,-0.5644337064142104
2415,2.837944,3.3824020027347705,-0.5444580027347707
2416,2.8534787,3.3824464091638666,-0.5289677091638665
2417,2.8647058,3.3825581473278263,-0.5178523473278265
2418,2.8622959,3.382751679405365,-0.5204557794053652
2419,2.852467,3.383013601484968,-0.5305466014849682
2420,2.832584,3.383438081146968,-0.550854081146968
2421,2.8266013,3.3840155410377037,-0.5574142410377037
2422,2.8328302,3.3846277438117065,-0.5517975438117064
2423,2.8436792,3.385309420163244,-0.5416302201632441
2424,2.8578415,3.386053766378054,-0.5282122663780537
2425,2.8778033,3.386834948269924,-0.5090316482699238
2426,2.8963144,3.3877826395192594,-0.49146823951925933
2427,2.9158893,3.3888383210855864,-0.47294902108558645
2428,2.925668,3.3898270179707417,-0.46415901797074177
2429,2.9323032,3.39079790202443,-0.45849470202442966
2430,2.9371686,3.3918239784611472,-0.4546553784611471
2431,2.9384613,3.392815996965388,-0.454354696965388
2432,2.9371817,3.3937320016341967,-0.45655030163419674
2433,2.934821,3.394625903627168,-0.4598049036271683
2434,2.9278347,3.3955435055214376,-0.46770880552143757
2435,2.9344559,3.396470288830818,-0.4620143888308177
2436,2.949162,3.397389660110771,-0.4482276601107711
2437,2.9625669,3.3982650686717895,-0.43569816867178934
2438,2.975683,3.399142094190906,-0.423459094190906
2439,2.986365,3.3999538145528487,-0.41358881455284857
2440,2.9851978,3.4006368583366835,-0.4154390583366836
2441,2.976968,3.401157467729037,-0.424189467729037
2442,2.9637952,3.4014833619296176,-0.4376881619296178
2443,2.9495175,3.4015650437931035,-0.45204754379310375
2444,2.9371839,3.40144778750218,-0.46426388750218006
2445,2.926615,3.401080345038541,-0.4744653450385412
2446,2.9268146,3.4004737626949555,-0.47365916269495534
2447,2.9305103,3.3996382211242286,-0.46912792112422874
2448,2.9397006,3.398630089076545,-0.45892948907654496
2449,2.9333518,3.3974130374323868,-0.4640612374323867
2450,2.9338913,3.395951709091401,-0.4620604090914009
2451,2.9379184,3.3942763836589838,-0.4563579836589837
2452,2.9441974,3.3924090671106506,-0.4482116671106504
2453,2.9510007,3.3904060236773828,-0.43940532367738294
2454,2.9541333,3.3883228066543727,-0.4341895066543726
2455,2.958166,3.386198370736474,-0.42803237073647393
2456,2.9584537,3.384086696298151,-0.4256329962981509
2457,2.9588962,3.382013533511615,-0.4231173335116152
2458,2.9559696,3.3798662833306747,-0.42389668333067476
2459,2.952226,3.3770851233335266,-0.4248591233335266
2460,2.9390292,3.373846660675002,-0.4348174606750024
2461,2.9207416,3.3706953795401637,-0.4499537795401638
2462,2.911862,3.3678360685515756,-0.4559740685515754
2463,2.8996615,3.365447262018518,-0.46578576201851796
2464,2.8943973,3.363734259072841,-0.4693369590728409
2465,2.8914142,3.362237704518216,-0.4708235045182163
2466,2.8851864,3.3609544629204313,-0.4757680629204315
2467,2.8665478,3.359852810143581,-0.49330501014358097
2468,2.8528552,3.3587833776921103,-0.5059281776921103
2469,2.839895,3.35782194973416,-0.5179269497341603
2470,2.8291812,3.3569554625424796,-0.5277742625424797
2471,2.8181076,3.3561972453108764,-0.5380896453108766
2472,2.8199255,3.3554819664886644,-0.5355564664886643
2473,2.8217075,3.354494207985594,-0.5327867079855939
2474,2.8236978,3.3532876948422037,-0.5295898948422035
2475,2.8241413,3.3519551414683013,-0.5278138414683013
2476,2.8169632,3.3505218719069676,-0.5335586719069676
2477,2.8023496,3.348973763118145,-0.5466241631181452
2478,2.773093,3.3473013629803967,-0.5742083629803969
2479,2.7450027,3.345552311139035,-0.6005496111390349
2480,2.7115915,3.3438298058965543,-0.6322383058965544
2481,2.6890662,3.342204863580053,-0.6531386635800529
2482,2.6764514,3.340647885878673,-0.6641964858786729
2483,2.6742313,3.3391485744405944,-0.6649172744405942
2484,2.6792102,3.3375910363206236,-0.6583808363206236
2485,2.6863446,3.335902550761189,-0.649557950761189
2486,2.6820352,3.334124586022163,-0.6520893860221628
2487,2.6974225,3.3323779562458236,-0.6349554562458235
2488,2.7114563,3.3312138866283263,-0.6197575866283263
2489,2.729793,3.3303882930529376,-0.6005952930529377
2490,2.746362,3.329454826486268,-0.583092826486268
2491,2.7605646,3.328584509755924,-0.568019909755924
2492,2.7704785,3.327915700177944,-0.5574372001779442
2493,2.774618,3.3278525509779016,-0.5532345509779018
2494,2.7850592,3.328418588272639,-0.5433593882726391
2495,2.7966058,3.329031886354316,-0.5324260863543158
2496,2.811253,3.3295773544802163,-0.5183243544802165
2497,2.830901,3.3301359740951235,-0.49923497409512363
2498,2.8748627,3.3306331091276693,-0.4557704091276693
2499,2.9018314,3.331041749359076,-0.4292103493590762
2500,2.932977,3.331889727391415,-0.3989127273914148
2501,2.958154,3.332810958098943,-0.37465695809894317
2502,2.9838955,3.3332654863792968,-0.3493699863792967
2503,3.0117764,3.3334744791333066,-0.3216980791333066
2504,3.035809,3.333706330090988,-0.2978973300909882
2505,3.051058,3.3346041222909024,-0.2835461222909026
2506,3.0537198,3.3360375038911245,-0.2823177038911244
2507,3.049408,3.3376019158244956,-0.2881939158244955
2508,3.0418506,3.3395492817559065,-0.2976986817559064
2509,3.025578,3.342479308619101,-0.31690130861910104
2510,3.0251389,3.345875394049277,-0.3207364940492772
2511,3.0289242,3.348973493027609,-0.32004929302760887
2512,3.0338156,3.352254030603821,-0.31843843060382104
2513,3.0390973,3.3554611155030982,-0.31636381550309833
2514,3.0368652,3.3583802010657022,-0.3215150010657024
2515,3.0423715,3.3607439100726673,-0.3183724100726675
2516,3.050779,3.3625352765322574,-0.31175627653225746
2517,3.0573666,3.3640096546454132,-0.3066430546454133
2518,3.0658743,3.3652428693488403,-0.2993685693488404
2519,3.0716095,3.366335876683695,-0.2947263766836947
2520,3.0766373,3.3673388188692654,-0.29070151886926565
2521,3.0756052,3.3682792590341855,-0.2926740590341854
2522,3.0725229,3.36910249867385,-0.29657959867385
2523,3.0693927,3.3698860633017813,-0.30049336330178145
2524,3.05933,3.370051707236937,-0.31072170723693704
2525,3.0473163,3.3692391094078156,-0.3219228094078157
2526,3.0348608,3.367815378622161,-0.3329545786221608
2527,3.0219812,3.365882358291985,-0.3439011582919851
2528,3.0086956,3.3637793121262214,-0.3550837121262216
2529,2.995021,3.361696536114302,-0.36667553611430215
2530,2.980976,3.3597656372125533,-0.3787896372125532
2531,2.9665775,3.358114169301089,-0.3915366693010891
2532,2.951844,3.35712849036871,-0.40528449036871006
2533,2.9367924,3.3567175007314316,-0.41992510073143174
2534,2.9214408,3.3562220493802135,-0.43478124938021345
2535,2.9058075,3.3554721986455527,-0.4496646986455528
2536,2.8899093,3.3549372977690077,-0.46502799776900794
2537,2.8762705,3.3550021502548693,-0.4787316502548693
2538,2.893061,3.3550675509005212,-0.46200655090052134
2539,2.9195514,3.3549570187747033,-0.4354056187747033
2540,2.9525692,3.354920178621615,-0.40235097862161506
2541,2.9782617,3.3550887527094666,-0.3768270527094666
2542,2.9993787,3.355398821400791,-0.3560201214007912
2543,3.0077057,3.356068179090223,-0.34836247909022333
2544,3.0013297,3.357080460110833,-0.35575076011083295
2545,2.9949603,3.358144975597912,-0.36318467559791223
2546,2.9875925,3.3594769476025332,-0.37188444760253336
2547,2.9869754,3.3605861908000514,-0.37361079080005144
2548,2.9915073,3.361062683736772,-0.3695553837367722
2549,3.0043445,3.3613004101931674,-0.3569559101931672
2550,3.0132031,3.361277260714229,-0.34807416071422903
2551,3.0177426,3.3610606267121304,-0.3433180267121303
2552,3.0140173,3.3606754543135917,-0.3466581543135918
2553,2.9986703,3.360151116314911,-0.361480816314911
2554,2.9759946,3.3598837722721804,-0.38388917227218045
2555,2.9541168,3.360042956161653,-0.40592615616165295
2556,2.9307938,3.360256250989872,-0.4294624509898721
2557,2.9076135,3.3604365712966526,-0.45282307129665256
2558,2.8799329,3.360513822717872,-0.4805809227178721
2559,2.851617,3.36072909417749,-0.5091120941774898
2560,2.8263855,3.3608220029936726,-0.5344365029936724
2561,2.8053622,3.360825099914012,-0.5554628999140121
2562,2.7900968,3.3609071013504552,-0.5708103013504551
2563,2.7724109,3.360906178232387,-0.5884952782323869
2564,2.7684543,3.360777956363635,-0.5923236563636349
2565,2.7798352,3.3603608161730745,-0.5805256161730745
2566,2.800633,3.3597890817994154,-0.5591560817994154
2567,2.8227506,3.3593375754992247,-0.5365869754992247
2568,2.8515537,3.3590487690309665,-0.5074950690309663
2569,2.884889,3.3590517662343427,-0.47416276623434284
2570,2.9114773,3.359285693330878,-0.44780839333087785
2571,2.940846,3.3594154405324472,-0.41856944053244716
2572,2.9688525,3.3595657128515355,-0.3907132128515354
2573,2.9967618,3.359713736791874,-0.3629519367918741
2574,3.018995,3.35972045277048,-0.34072545277048016
2575,3.0354407,3.3594942881991474,-0.3240535881991473
2576,3.0552542,3.359154881871968,-0.3039006818719683
2577,3.06302,3.3590412404297902,-0.2960212404297904
2578,3.0610135,3.3592671172215405,-0.2982536172215404
2579,3.0659726,3.359711636617714,-0.29373903661771417
2580,3.0630853,3.3602245425186212,-0.2971392425186212
2581,3.0645022,3.360799812837172,-0.2962976128371717
2582,3.0714972,3.361334965335732,-0.289837765335732
2583,3.0827374,3.361799109495959,-0.2790617094959589
2584,3.0993893,3.362645268811739,-0.2632559688117393
2585,3.1134753,3.363777185268738,-0.25030188526873776
2586,3.1270926,3.365563113288859,-0.23847051328885893
2587,3.1659229,3.367675023616342,-0.20175212361634198
2588,3.205527,3.369409289278666,-0.163882289278666
2589,3.2246802,3.3712275785822285,-0.14654737858222866
2590,3.2406082,3.3729324177341793,-0.13232421773417924
2591,3.2562976,3.374504536714686,-0.11820693671468607
2592,3.270765,3.3759182166471984,-0.10515321664719846
2593,3.2840588,3.3771798659728463,-0.0931210659728463
2594,3.2967257,3.3781163222462465,-0.08139062224624638
2595,3.3076706,3.378459400881096,-0.0707888008810964
2596,3.315022,3.378802824496197,-0.06378082449619704
2597,3.3184292,3.3799661846928077,-0.06153698469280755
2598,3.3258417,3.3817575142556837,-0.05591581425568393
2599,3.3329709,3.384139910959816,-0.051169010959815964
2600,3.3429096,3.3865269954753106,-0.043617395475310516
2601,3.3538775,3.388639268734245,-0.03476176873424519
2602,3.3600345,3.3903308127847076,-0.03029631278470779
2603,3.3646066,3.3917189278612137,-0.027112327861213537
2604,3.3844724,3.3932410357209,-0.008768635720900253
2605,3.4022052,3.3950753763179615,0.007129823682038516
2606,3.4202313,3.397281669710563,0.022949630289437195
2607,3.4399207,3.399594777784462,0.04032592221553788
2608,3.4592426,3.4018946865065436,0.05734791349345647
2609,3.4730127,3.404116780316343,0.06889591968365716
2610,3.4906147,3.406182885382164,0.08443181461783622
2611,3.5091345,3.407979250661568,0.10115524933843201
2612,3.5247867,3.4092569646426294,0.11552973535737054
2613,3.5397198,3.4100981998795303,0.12962160012046953
2614,3.5587692,3.411086000581275,0.14768319941872488
2615,3.5873053,3.41209533163207,0.17520996836793
2616,3.6033478,3.412970913680933,0.19037688631906668
2617,3.616637,3.413838049736343,0.20279895026365669
2618,3.628554,3.414815198825469,0.21373880117453092
2619,3.6370304,3.4158079071364797,0.22122249286352025
2620,3.641571,3.4166251541948593,0.22494584580514054
2621,3.6453476,3.4173657831482145,0.22798181685178553
2622,3.6489868,3.418134378765104,0.2308524212348959
2623,3.6533487,3.41894408052422,0.23440461947578006
2624,3.6615622,3.4199434550809538,0.24161874491904634
2625,3.67214,3.421470969444741,0.250669030555259
2626,3.6829572,3.4241907611009426,0.2587664388990576
2627,3.691088,3.4271652603561744,0.26392273964382573
2628,3.6981626,3.429817693082407,0.26834490691759294
2629,3.7031991,3.4324650531314744,0.27073404686852554
2630,3.7097385,3.434909085580082,0.27482941441991793
2631,3.7144885,3.436997561702014,0.27749093829798577
2632,3.7224863,3.4386904234351827,0.2837958765648172
2633,3.7319477,3.4403723804618096,0.2915753195381905
2634,3.7409897,3.441801609023553,0.2991880909764473
2635,3.7518246,3.4427746602574967,0.3090499397425033
2636,3.760679,3.4432428745227592,0.31743612547724087
2637,3.7674582,3.443482564907019,0.3239756350929812
2638,3.7637722,3.443575561101959,0.32019663889804084
2639,3.7621613,3.443470338309559,0.31869096169044075
2640,3.7547421,3.4430361861853234,0.3117059138146767
2641,3.7488446,3.4419955616472793,0.3068490383527207
2642,3.7460272,3.4401762097623956,0.3058509902376043
2643,3.737128,3.437954087100684,0.29917391289931583
2644,3.7187479,3.435500020107347,0.28324787989265277
2645,3.6829364,3.4328206245308466,0.2501157754691534
2646,3.6292038,3.4299105568008335,0.19929324319916653
2647,3.5670056,3.4267622321797813,0.14024336782021862
2648,3.5035586,3.423351324270394,0.08020727572960595
2649,3.4520166,3.4195911578241303,0.03242544217586962
2650,3.3971753,3.4153134828761402,-0.01813818287614044
2651,3.3404224,3.410584231524529,-0.07016183152452893
2652,3.2831738,3.40553917846213,-0.12236537846212991
2653,3.232169,3.4006726046375144,-0.16850360463751457
2654,3.1853485,3.3959966333322313,-0.21064813333223142
2655,3.1363928,3.391258576537587,-0.25486577653758724
2656,3.1014874,3.386807505465606,-0.28532010546560604
2657,3.0865664,3.3824392363596973,-0.2958728363596972
2658,3.0813031,3.37800005520674,-0.2966969552067402
2659,3.0857456,3.373500524439285,-0.28775492443928474
2660,3.0953577,3.36873332291997,-0.27337562291997
2661,3.1090295,3.3635467371540817,-0.2545172371540816
2662,3.1219711,3.358015898181928,-0.2360447981819278
2663,3.139267,3.3523531707982777,-0.21308617079827785
2664,3.1715457,3.347013328367456,-0.1754676283674561
2665,3.1967032,3.342009587477852,-0.14530638747785218
2666,3.2197812,3.337474860831802,-0.11769366083180222
2667,3.2395053,3.333373201873558,-0.09386790187355798
2668,3.2562768,3.3291949798716196,-0.07291817987161942
2669,3.273421,3.3248060918397484,-0.05138509183974849
2670,3.289626,3.320281236367835,-0.03065523636783496
2671,3.2995038,3.315966477586279,-0.01646267758627884
2672,3.2990406,3.312012938822126,-0.012972338822125895
2673,3.2975223,3.3089685251399708,-0.011446225139970956
2674,3.2963529,3.3065353582941093,-0.010182458294109242
2675,3.300815,3.304422633975925,-0.0036076339759247844
2676,3.3023572,3.3030034411671703,-0.0006462411671703805
2677,3.2998776,3.3022620501921103,-0.002384450192110421
2678,3.2918515,3.301797605097774,-0.009946105097774272
2679,3.2831256,3.3014967195383873,-0.018371119538387326
2680,3.2756894,3.301227002176386,-0.02553760217638601
2681,3.2742908,3.3012530414417673,-0.026962241441767176
2682,3.2812161,3.3014409853658147,-0.020224885365814682
2683,3.293893,3.301733472112168,-0.007840472112167873
2684,3.3060455,3.3021486688334685,0.0038968311665317223
2685,3.3134918,3.3028493782723474,0.010642421727652618
2686,3.3133163,3.3037022681427137,0.009614031857286154
2687,3.306268,3.3049763402161485,0.0012916597838517063
2688,3.3016956,3.3068326268232093,-0.0051370268232093785
2689,3.298123,3.3086739945528367,-0.010550994552836812
2690,3.2933414,3.31049308625471,-0.017151686254710086
2691,3.290366,3.312407010013633,-0.02204101001363279
2692,3.2872326,3.314443033832797,-0.027210433832796976
2693,3.2831247,3.316563441169623,-0.033438741169622865
2694,3.2842789,3.3186437719327437,-0.034364871932743846
2695,3.289809,3.320727870523492,-0.03091887052349218
2696,3.29307,3.323060278909251,-0.02999027890925099
2697,3.3001077,3.325618920541586,-0.025511220541586166
2698,3.3064423,3.328462255238112,-0.022019955238111955
2699,3.3147626,3.331558460189201,-0.016795860189201317
2700,3.3236313,3.3346475636967963,-0.011016263696796091
2701,3.331083,3.3376457710778173,-0.006562771077817331
2702,3.3431485,3.341372920174843,0.0017755798251566368
2703,3.3560977,3.3461922375294626,0.009905462470537252
2704,3.372478,3.351888487357128,0.0205895126428719
2705,3.3890903,3.3579538796981696,0.03113642030183028
2706,3.4058871,3.3640565640303235,0.041830535969676674
2707,3.4233594,3.3703227871685626,0.053036612831437235
2708,3.4385507,3.376521378220579,0.062029321779420776
2709,3.4504,3.382909344324728,0.06749065567527213
2710,3.4623914,3.38922482454717,0.0731665754528299
2711,3.4648874,3.3954006734368214,0.06948672656317845
2712,3.470979,3.4014191823763174,0.06955981762368246
2713,3.481151,3.407483453530211,0.0736675464697889
2714,3.4809418,3.4135081924304393,0.06743360756956074
2715,3.4819074,3.4189149649706954,0.06299243502930452
2716,3.4811292,3.423641484153084,0.05748771584691603
2717,3.4748306,3.4281269920106734,0.04670360798932682
2718,3.4658246,3.4325743196825127,0.033250280317487224
2719,3.4561005,3.4367570731346966,0.019343426865303215
2720,3.441901,3.4408656399626025,0.0010353600373975702
2721,3.4330804,3.444760191169838,-0.011679791169837639
2722,3.383656,3.448238709936427,-0.06458270993642667
2723,3.3686633,3.4513969365618835,-0.08273363656188337
2724,3.3519495,3.4543851402120707,-0.10243564021207074
2725,3.3373435,3.4572801731772795,-0.11993667317727974
2726,3.3332279,3.4599061142860763,-0.1266782142860765
2727,3.3309653,3.4624736613085294,-0.1315083613085295
2728,3.3234046,3.4650228130442007,-0.14161821304420075
2729,3.3218296,3.4672923626217815,-0.14546276262178148
2730,3.3284988,3.469164204714019,-0.140665404714019
2731,3.339725,3.4706887514251337,-0.1309637514251336
2732,3.3529587,3.471933031036275,-0.11897433103627497
2733,3.3678524,3.4729701800225103,-0.10511778002251049
2734,3.3857791,3.4738465360973794,-0.08806743609737921
2735,3.3983753,3.474379098211435,-0.07600379821143477
2736,3.4022772,3.474497523748659,-0.07222032374865917
2737,3.3884418,3.4741498088495812,-0.08570800884958141
2738,3.3599505,3.473375752454539,-0.11342525245453894
2739,3.3295147,3.47221919321056,-0.1427044932105601
2740,3.2945077,3.4706926044297353,-0.17618490442973522
2741,3.263214,3.468847666277037,-0.20563366627703683
2742,3.2427957,3.466776557295001,-0.22398085729500128
2743,3.225368,3.464306171514967,-0.23893817151496677
2744,3.1947424,3.4611862001525924,-0.2664438001525924
2745,3.1520767,3.4581474736784727,-0.3060707736784729
2746,3.1003168,3.4554359417956055,-0.35511914179560566
2747,3.0520172,3.4525580466266668,-0.4005408466266669
2748,3.0092218,3.449618940437615,-0.4403971404376148
2749,2.9709353,3.4467397609199315,-0.47580446091993167
2750,2.934723,3.444014615689774,-0.509291615689774
2751,2.9023929,3.441491376148989,-0.5390984761489888
2752,2.8761814,3.4391006917490614,-0.5629192917490613
2753,2.8529968,3.4367929425962576,-0.5837961425962575
2754,2.8256586,3.434326653076261,-0.6086680530762609
2755,2.8098276,3.4314843783465308,-0.6216567783465305
2756,2.800148,3.428742889932328,-0.6285948899323279
2757,2.7951148,3.4265438187655155,-0.6314290187655156
2758,2.7897632,3.424370854073387,-0.6346076540733869
2759,2.7833645,3.4221493246172137,-0.6387848246172139
2760,2.7839825,3.4196726323067677,-0.6356901323067676
2761,2.7817569,3.416942674592637,-0.635185774592637
2762,2.7871933,3.4142534016578305,-0.6270601016578303
2763,2.791022,3.411666622251558,-0.6206446222515583
2764,2.7950604,3.409249543100169,-0.6141891431001687
2765,2.7992969,3.4071613689659332,-0.6078644689659334
2766,2.798803,3.4051998777184864,-0.6063968777184865
2767,2.7991376,3.4031469145131834,-0.6040093145131835
2768,2.8074625,3.401030865362943,-0.5935683653629429
2769,2.787796,3.399086919474119,-0.611290919474119
2770,2.7671149,3.397310873487076,-0.6301959734870759
2771,2.7527792,3.395672826648557,-0.642893626648557
2772,2.737367,3.3941413457063847,-0.6567743457063848
2773,2.720531,3.3927460671108447,-0.6722150671108449
2774,2.7062182,3.391458971505073,-0.685240771505073
2775,2.6903675,3.390293896912114,-0.6999263969121143
2776,2.6691263,3.389463691129186,-0.7203373911291862
2777,2.6503885,3.3888253440013707,-0.7384368440013707
2778,2.640759,3.3881024703404323,-0.7473434703404322
2779,2.6368103,3.3874209142497675,-0.7506106142497675
2780,2.6320496,3.3868694451409054,-0.7548198451409052
2781,2.643414,3.3864261849913273,-0.7430121849913274
2782,2.6681192,3.386061613307484,-0.7179424133074841
2783,2.694967,3.385794366901315,-0.6908273669013147
2784,2.7249985,3.3855984544075004,-0.6605999544075005
2785,2.7545743,3.385432372797024,-0.6308580727970243
2786,2.7803257,3.3852843845074494,-0.6049586845074493
2787,2.7952902,3.385196580771984,-0.5899063807719838
2788,2.813676,3.385180444140505,-0.5715044441405048
2789,2.8353,3.3851767437887643,-0.5498767437887642
2790,2.856344,3.3852468046339155,-0.5289028046339155
2791,2.8780866,3.3854417638027843,-0.5073551638027842
2792,2.89574,3.385792182104834,-0.4900521821048338
2793,2.9105182,3.386178404911388,-0.4756602049113883
2794,2.9269574,3.386509944242316,-0.45955254424231606
2795,2.9373724,3.3869463187501436,-0.4495739187501435
2796,2.955913,3.387514420810979,-0.4316014208109791
2797,2.9675968,3.388194266154721,-0.42059746615472093
2798,2.9781811,3.3890019159145877,-0.41082081591458763
2799,2.9929297,3.3898714722788985,-0.3969417722788986
2800,3.0047705,3.3908983827076744,-0.3861278827076746
2801,3.0135388,3.391890390811543,-0.3783515908115431
2802,3.0224457,3.3927675012305905,-0.37032180123059044
2803,3.0290592,3.3935917736403756,-0.3645325736403757
2804,3.0307987,3.3944836771184597,-0.3636849771184596
2805,3.025964,3.3961908744589278,-0.37022687445892766
2806,3.0158017,3.3986415544050623,-0.3828398544050624
2807,3.0002365,3.400879282977406,-0.40064278297740596
2808,2.9786618,3.4029310893262417,-0.42426928932624186
2809,2.9556394,3.4048402735218053,-0.4492008735218054
2810,2.930555,3.406601442322462,-0.47604644232246196
2811,2.9097867,3.408258159807723,-0.4984714598077229
2812,2.8980343,3.4097531663839216,-0.5117188663839216
2813,2.8893356,3.411155650135874,-0.5218200501358741
2814,2.889365,3.412585979915873,-0.5232209799158727
2815,2.8961475,3.4138815301618965,-0.5177340301618965
2816,2.9074707,3.415012809865835,-0.507542109865835
2817,2.922871,3.4161701684892445,-0.49329916848924427
2818,2.9394782,3.4169981842719697,-0.47751998427196973
2819,2.9557364,3.4171569248601585,-0.4614205248601584
2820,2.9676404,3.4170169431423165,-0.44937654314231645
2821,2.979138,3.416854005091355,-0.43771600509135533
2822,2.9858072,3.4166907898286345,-0.4308835898286345
2823,2.981428,3.4164877667378173,-0.4350597667378171
2824,2.9712002,3.4162533051448767,-0.4450531051448765
2825,2.9604285,3.4160107840431144,-0.4555822840431145
2826,2.9536908,3.415638564829988,-0.4619477648299881
2827,2.94961,3.415135202307693,-0.46552520230769323
2828,2.9489942,3.4146529603610913,-0.46565876036109133
2829,2.9522946,3.4142138374927415,-0.46191923749274144
2830,2.9550912,3.413853817850183,-0.45876261785018313
2831,2.95447,3.4135766021497163,-0.4591066021497161
2832,2.954822,3.4133755647341797,-0.45855356473417963
2833,2.95504,3.413266560391515,-0.4582265603915152
2834,2.9543872,3.413532958178718,-0.45914575817871794
2835,2.9573267,3.4140049058216393,-0.4566782058216394
2836,2.958166,3.4144019906802434,-0.45623599068024356
2837,2.962665,3.4154911196867483,-0.45282611968674846
2838,2.9659534,3.4169984069376196,-0.4510450069376195
2839,2.9646628,3.4182867125246448,-0.4536239125246446
2840,2.960654,3.4196492897656854,-0.4589952897656855
2841,2.9586627,3.4210773801410035,-0.4624146801410034
2842,2.9531,3.422537949515349,-0.4694379495153491
2843,2.9476457,3.4240505857860515,-0.47640488578605167
2844,2.9423444,3.4256709881462104,-0.4833265881462103
2845,2.9327135,3.4274263543895707,-0.49471285438957047
2846,2.9197817,3.4292473251106617,-0.5094656251106615
2847,2.904578,3.431143040864192,-0.5265650408641922
2848,2.888131,3.4329517384939905,-0.5448207384939905
2849,2.87147,3.4342938683320146,-0.5628238683320146
2850,2.855623,3.435338348294239,-0.579715348294239
2851,2.8416197,3.436452004329592,-0.594832304329592
2852,2.8304882,3.4376053797609534,-0.6071171797609534
2853,2.823258,3.438798717257652,-0.6155407172576521
2854,2.8214397,3.440050532005362,-0.6186108320053618
2855,2.824827,3.441373870827178,-0.616546870827178
2856,2.8222787,3.4427042729080677,-0.6204255729080677
2857,2.8307996,3.444034249666984,-0.6132346496669836
2858,2.840791,3.4454191952549906,-0.6046281952549908
2859,2.8560824,3.446849953769667,-0.590767553769667
2860,2.8692148,3.4483479066973675,-0.5791331066973675
2861,2.885061,3.4498980047122747,-0.5648370047122748
2862,2.9007373,3.451486791838326,-0.5507494918383262
2863,2.9152102,3.4531125664187265,-0.5379023664187264
2864,2.9294467,3.454778826755767,-0.5253321267557669
2865,2.9375882,3.456479363074314,-0.518891163074314
2866,2.9485364,3.458172539971462,-0.509636139971462
2867,2.963345,3.4598728502172267,-0.4965278502172268
2868,2.974155,3.4615701992956494,-0.48741519929564925
2869,2.9818017,3.4632543094901656,-0.48145260949016544
2870,2.9932764,3.4649646875081204,-0.4716882875081203
2871,3.0053406,3.4666919173171626,-0.46135131731716283
2872,3.0167542,3.4683889143900064,-0.4516347143900066
2873,3.0314395,3.470043366680152,-0.43860386668015217
2874,3.0501425,3.4716503996343118,-0.42150789963431157
2875,3.0682776,3.4732158229749555,-0.4049382229749554
2876,3.089906,3.4747167531220096,-0.3848107531220095
2877,3.1069052,3.4761157351815064,-0.3692105351815065
2878,3.1172616,3.477398861175434,-0.3601372611754341
2879,3.1288834,3.4785757216276303,-0.3496923216276304
2880,3.1415112,3.4796314638350427,-0.3381202638350427
2881,3.1439993,3.4805108501132156,-0.33651155011321565
2882,3.1518369,3.481223912298163,-0.32938701229816303
2883,3.1485138,3.4818111336839737,-0.33329733368397374
2884,3.1449597,3.4822874756872344,-0.3373277756872346
2885,3.137655,3.4826577497175895,-0.3450027497175894
2886,3.14677,3.482869158212681,-0.3360991582126811
2887,3.14585,3.4828975105774336,-0.33704751057743376
2888,3.1533322,3.4828015935967116,-0.3294693935967117
2889,3.1646445,3.4825869584465274,-0.31794245844652735
2890,3.1775174,3.4822356368254037,-0.30471823682540355
2891,3.196144,3.4817238151152754,-0.2855798151152755
2892,3.2162116,3.48102313215591,-0.26481153215591036
2893,3.2393909,3.4801299685214637,-0.24073906852146365
2894,3.2622364,3.4790121065091903,-0.21677570650919042
2895,3.281431,3.4775351498035834,-0.19610414980358337
2896,3.2955606,3.475752897921691,-0.18019229792169122
2897,3.306864,3.4737997586318676,-0.1669357586318676
2898,3.3050036,3.47173472246126,-0.16673112246125976
2899,3.289287,3.46959169012656,-0.18030469012656036
2900,3.2687836,3.4673674089152726,-0.19858380891527272
2901,3.25326,3.4650473916631155,-0.21178739166311544
2902,3.2414615,3.4626275003912435,-0.22116600039124323
2903,3.2332165,3.4601198393458015,-0.2269033393458013
2904,3.2295303,3.4575242075798607,-0.2279939075798607
2905,3.2283359,3.454944385587434,-0.2266084855874344
2906,3.2272122,3.4523616607934553,-0.22514946079345544
2907,3.2263446,3.4497098171428364,-0.22336521714283641
2908,3.2291532,3.4470294444086615,-0.2178762444086617
2909,3.232861,3.4443471700069486,-0.21148617000694836
2910,3.23224,3.4416795109380067,-0.20943951093800672
2911,3.2327945,3.439023232037441,-0.2062287320374412
2912,3.2267773,3.436367526693944,-0.209590226693944
2913,3.209209,3.433841836547064,-0.22463283654706423
2914,3.2065997,3.431399266785445,-0.22479956678544522
2915,3.198808,3.428920058662631,-0.23011205866263085
2916,3.1915555,3.426481443045713,-0.23492594304571268
2917,3.183428,3.4240879129135835,-0.24065991291358335
2918,3.1712863,3.4217175437477283,-0.2504312437477285
2919,3.1549683,3.419404470357633,-0.2644361703576328
2920,3.1268146,3.417145011081457,-0.2903304110814573
2921,3.08626,3.4148871516074486,-0.3286271516074488
2922,3.0360107,3.412633077275053,-0.3766223772750532
2923,2.9899967,3.4104034340549307,-0.4204067340549309
2924,2.9499195,3.4082025002620733,-0.45828300026207325
2925,2.9155273,3.4058989861009232,-0.4903716861009233
2926,2.887132,3.4035670332629078,-0.516435033262908
2927,2.8599243,3.401396556663217,-0.5414722566632171
2928,2.829227,3.3993164140785797,-0.5700894140785797
2929,2.793265,3.3972978760273107,-0.6040328760273108
2930,2.7626483,3.3953539782086883,-0.6327056782086884
2931,2.7256567,3.3935003899093816,-0.6678436899093816
2932,2.6770499,3.391752952385571,-0.7147030523855711
2933,2.653875,3.3901103348173813,-0.7362353348173811
2934,2.6375275,3.3885820644796714,-0.7510545644796713
2935,2.6323667,3.387270326283225,-0.7549036262832249
2936,2.6372473,3.3860937259044745,-0.7488464259044747
2937,2.648334,3.384951660527936,-0.7366176605279358
2938,2.6654108,3.3839176952603562,-0.7185068952603562
2939,2.6822913,3.3830534854041288,-0.7007621854041286
2940,2.6997528,3.3824189198085706,-0.6826661198085704
2941,2.7146695,3.381975776569322,-0.6673062765693221
2942,2.729903,3.381678354082917,-0.651775354082917
2943,2.7395566,3.3814887856333735,-0.6419321856333737
2944,2.7442954,3.3814296624132205,-0.6371342624132206
2945,2.740774,3.3815105232599514,-0.6407365232599513
2946,2.728277,3.3817182822284857,-0.6534412822284859
2947,2.7122018,3.3820361106485666,-0.6698343106485667
2948,2.7036405,3.3824403956001383,-0.6787998956001382
2949,2.7018573,3.3829437128466484,-0.6810864128466485
2950,2.7177103,3.3835382835075496,-0.6658279835075498
2951,2.7272503,3.384213122380583,-0.6569628223805828
2952,2.7264535,3.385186879855672,-0.658733379855672
2953,2.7257679,3.386733113157657,-0.6609652131576569
2954,2.7144177,3.388419798678773,-0.6740020986787734
2955,2.6966205,3.390002035387637,-0.6933815353876369
2956,2.6773593,3.3915634887897346,-0.7142041887897346
2957,2.6561258,3.3930588080928565,-0.7369330080928567
2958,2.622369,3.394486675106568,-0.7721176751065681
2959,2.6093805,3.395841041783199,-0.7864605417831991
2960,2.6083734,3.397216893304684,-0.7888434933046837
2961,2.618588,3.398623200984201,-0.7800352009842011
2962,2.6345465,3.399918867131605,-0.7653723671316053
2963,2.65637,3.4013411201200507,-0.7449711201200508
2964,2.678505,3.402773948794516,-0.7242689487945162
2965,2.6904712,3.404318357002512,-0.7138471570025118
2966,2.6981735,3.4060299506610217,-0.7078564506610219
2967,2.698457,3.407736955833332,-0.709279955833332
2968,2.69973,3.4093809502813857,-0.7096509502813855
2969,2.705065,3.410882550502044,-0.7058175505020441
2970,2.7147076,3.4120534062330825,-0.6973458062330824
2971,2.719382,3.4127642162355087,-0.6933822162355088
2972,2.7344687,3.413302124281455,-0.6788334242814553
2973,2.730339,3.414305435544759,-0.6839664355447592
2974,2.7459946,3.4155930885267187,-0.6695984885267188
2975,2.7535782,3.4167361592709105,-0.6631579592709103
2976,2.7555096,3.417676195815335,-0.6621665958153353
2977,2.7567465,3.4183809270311842,-0.661634427031184
2978,2.7607007,3.4189889892925605,-0.6582882892925603
2979,2.765213,3.4196454595232897,-0.6544324595232895
2980,2.769261,3.4203900308413506,-0.6511290308413504
2981,2.778172,3.42126912382953,-0.6430971238295298
2982,2.797334,3.4223947278301523,-0.6250607278301521
2983,2.8124118,3.42356084542144,-0.6111490454214401
2984,2.8298328,3.4248136374237035,-0.5949808374237033
2985,2.849036,3.4263349574708775,-0.5772989574708776
2986,2.8672104,3.4281113037816975,-0.5609009037816977
2987,2.8836746,3.429851942966364,-0.5461773429663639
2988,2.8965945,3.4323417866316155,-0.5357472866316155
2989,2.906032,3.4353515456299606,-0.5293195456299604
2990,2.910249,3.438012947644837,-0.527763947644837
2991,2.9156559,3.4405851951599358,-0.5249292951599358
2992,2.924043,3.443066039551183,-0.519023039551183
2993,2.932362,3.4454538842698876,-0.5130918842698877
2994,2.94595,3.4476971404325396,-0.5017471404325398
2995,2.965853,3.4497650626363945,-0.4839120626363944
2996,2.9802856,3.451890624937051,-0.4716050249370509
2997,2.9942322,3.453625479177472,-0.4593932791774722
2998,3.0044513,3.4547941852590895,-0.4503428852590896
2999,3.009151,3.455872914740268,-0.4467219147402677
3000,3.0142887,3.456934717046715,-0.442646017046715
3001,3.0181503,3.457979028142421,-0.43982872814242135
3002,3.0261426,3.458989783734157,-0.432847183734157
3003,3.0335867,3.46002630837557,-0.42643960837557016
3004,3.0417306,3.461010848814192,-0.419280248814192
3005,3.0518057,3.462026100211072,-0.4102204002110721
3006,3.0614798,3.463064800720564,-0.40158500072056436
3007,3.0675604,3.4639136127754737,-0.39635321277547364
3008,3.07673,3.4645023333471716,-0.38777233334717165
3009,3.091131,3.464871240106231,-0.3737402401062311
3010,3.1059854,3.465201855848459,-0.3592164558484594
3011,3.1168048,3.4654861924550553,-0.34868139245505514
3012,3.12962,3.465615379959072,-0.3359953799590718
3013,3.1427372,3.4656481973692808,-0.32291099736928075
3014,3.1524594,3.465663605024282,-0.3132042050242818
3015,3.160432,3.4657580317428915,-0.3053260317428914
3016,3.1670532,3.465873241938164,-0.29882004193816414
3017,3.1720254,3.4659204588067687,-0.2938950588067688
3018,3.1702652,3.465842487995961,-0.29557728799596106
3019,3.169027,3.4656508612660577,-0.2966238612660579
3020,3.1643732,3.46550730467823,-0.3011341046782299
3021,3.161475,3.4652863645166105,-0.3038113645166107
3022,3.157973,3.46488526087808,-0.30691226087807966
3023,3.1608734,3.464518254772109,-0.30364485477210934
3024,3.1586664,3.464409400466007,-0.3057430004660069
3025,3.1560724,3.464324386661115,-0.3082519866611153
3026,3.1454806,3.4641295332153414,-0.3186489332153415
3027,3.130443,3.463831202173169,-0.3333882021731691
3028,3.1212332,3.4633839177760937,-0.34215071777609385
3029,3.1171756,3.462773229963204,-0.345597629963204
3030,3.1162229,3.4620622377094294,-0.34583933770942954
3031,3.1186578,3.4612008048484535,-0.3425430048484537
3032,3.1275601,3.460193864290662,-0.3326337642906618
3033,3.1381977,3.459145427453783,-0.32094772745378286
3034,3.1503732,3.4581166129849357,-0.30774341298493546
3035,3.174152,3.4569248023146755,-0.2827728023146756
3036,3.192774,3.4555249216577613,-0.26275092165776126
3037,3.213791,3.453998450027344,-0.24020745002734412
3038,3.2365353,3.452341194239173,-0.21580589423917296
3039,3.25605,3.450662815666756,-0.1946128156667557
3040,3.2731116,3.4489024264071784,-0.17579082640717836
3041,3.2878406,3.446999480836245,-0.15915888083624496
3042,3.298596,3.445058218870472,-0.14646221887047206
3043,3.3076477,3.4430925291245478,-0.1354448291245478
3044,3.3125064,3.441224137757775,-0.12871773775777484
3045,3.3167975,3.4391781645223056,-0.12238066452230578
3046,3.3159726,3.4368068091734894,-0.12083420917348953
3047,3.3334134,3.4343454920450727,-0.1009320920450727
3048,3.3312683,3.4318100077877323,-0.10054170778773219
3049,3.3329904,3.4292187439827577,-0.09622834398275781
3050,3.3380268,3.4265814958764604,-0.08855469587646025
3051,3.3359387,3.4239744729169335,-0.08803577291693365
3052,3.331846,3.421507587639095,-0.08966158763909471
3053,3.3204541,3.4191488206799705,-0.09869472067997043
3054,3.3073392,3.4167853624858227,-0.10944616248582273
3055,3.275093,3.4144735067772327,-0.13938050677723268
3056,3.2684,3.412280307923018,-0.14388030792301798
3057,3.2619922,3.410354455772047,-0.1483622557720472
3058,3.2657382,3.408553843279128,-0.14281564327912788
3059,3.2724533,3.4067942861526435,-0.13434098615264345
3060,3.2814822,3.405179240378266,-0.12369704037826601
3061,3.29205,3.4036530864634886,-0.11160308646348849
3062,3.300719,3.4020191605199637,-0.10130016051996371
3063,3.3117578,3.4002392466829807,-0.08848144668298064
3064,3.3283768,3.3983963042635326,-0.07001950426353254
3065,3.329141,3.3966050340775955,-0.0674640340775956
3066,3.3276455,3.394873868475505,-0.06722836847550484
3067,3.3342688,3.393251009232876,-0.058982209232876226
3068,3.3271267,3.391686424832198,-0.06455972483219785
3069,3.3273053,3.3901364207789006,-0.06283112077890074
3070,3.3236682,3.3886491175186384,-0.06498091751863821
3071,3.324051,3.387218689917639,-0.06316768991763899
3072,3.3286994,3.3858829251302898,-0.05718352513028968
3073,3.327532,3.384655593021853,-0.05712359302185277
3074,3.3174145,3.383591911779854,-0.06617741177985392
3075,3.3085828,3.3826815935824768,-0.07409879358247684
3076,3.3046298,3.381841235014865,-0.07721143501486516
3077,3.3014624,3.3811063094036684,-0.07964390940366828
3078,3.307989,3.3805812518053,-0.07259225180529993
3079,3.3139246,3.3800573217646224,-0.06613272176462237
3080,3.31609,3.3794879611772157,-0.06339796117721574
3081,3.3199246,3.378951042447272,-0.0590264424472724
3082,3.3273227,3.3787597591048186,-0.05143705910481877
3083,3.3340313,3.378833478188539,-0.044802178188539266
3084,3.3415244,3.3789835723916024,-0.03745917239160246
3085,3.347824,3.379226221452651,-0.031402221452650814
3086,3.3472378,3.379465306828009,-0.03222750682800912
3087,3.337605,3.379595607001605,-0.041990607001605174
3088,3.3285687,3.3796495352363802,-0.051080835236380295
3089,3.321567,3.379731220936728,-0.05816422093672813
3090,3.3173544,3.380046670373713,-0.06269227037371294
3091,3.313917,3.380477747250273,-0.06656074725027317
3092,3.3116314,3.3809565462559985,-0.0693251462559985
3093,3.3154624,3.3814967228422685,-0.06603432284226862
3094,3.3230155,3.3823199105650774,-0.059304410565077514
3095,3.3437293,3.3833814438127696,-0.03965214381276949
3096,3.3536105,3.3844402044004083,-0.030829704400408442
3097,3.3654873,3.385638119639386,-0.020150819639386253
3098,3.3754904,3.3870750327834163,-0.011584632783416371
3099,3.3826087,3.3884705749445727,-0.005861874944572687
3100,3.3841045,3.3899469267266626,-0.005842426726662797
3101,3.3880546,3.391722374633303,-0.0036677746333033667
3102,3.3911283,3.393550591711047,-0.00242229171104702
3103,3.3933294,3.3954408373122447,-0.002111437312244835
3104,3.394888,3.39731407383266,-0.002426073832660247
3105,3.396035,3.3991661184723556,-0.0031311184723556984
3106,3.3970006,3.40092673935705,-0.003926139357049774
3107,3.3980155,3.4025681178404943,-0.004552617840494211
3108,3.3993104,3.4041059946463244,-0.004795594646324286
3109,3.4011154,3.4055816021148506,-0.004466202114850493
3110,3.4036615,3.407025328530487,-0.0033638285304866677
3111,3.407179,3.4083751220855283,-0.0011961220855281063
3112,3.4118989,3.4094584191911586,0.0024404808088416274
3113,3.4171894,3.4102325271355993,0.0069568728644004985
3114,3.4299176,3.4108435704174345,0.019074029582565544
3115,3.4442532,3.411287802723589,0.03296539727641079
3116,3.4441571,3.411615224309557,0.03254187569044298
3117,3.4460177,3.412403535154691,0.03361416484530899
3118,3.4450018,3.4133211846181557,0.0316806153818443
3119,3.442796,3.4137810637863724,0.029014936213627607
3120,3.435925,3.4140761598958402,0.021848840104159883
3121,3.4306107,3.4141999154682887,0.016410784531711187
3122,3.4133017,3.4141281599426745,-0.0008264599426746067
3123,3.3939426,3.413911005167004,-0.019968405167003933
3124,3.3741543,3.4135612841783454,-0.03940698417834554
3125,3.364296,3.41315252621582,-0.04885652621582004
3126,3.3605292,3.4126824639562434,-0.0521532639562432
3127,3.358333,3.412108527474858,-0.05377552747485792
3128,3.3669217,3.4114172745584144,-0.044495574558414575
3129,3.3627658,3.4106138248860685,-0.04784802488606843
3130,3.363483,3.409761231510471,-0.046278231510470835
3131,3.3650131,3.4088511418269127,-0.043838041826912644
3132,3.3707166,3.4078869572905766,-0.037170357290576383
3133,3.3704326,3.407145030840217,-0.036712430840216914
3134,3.3695562,3.4065392502921754,-0.03698305029217552
3135,3.3680508,3.405722082983394,-0.03767128298339406
3136,3.3658795,3.4047450671789368,-0.03886556717893663
3137,3.3630054,3.4036758447643027,-0.040670444764302704
3138,3.3593917,3.4025225638036636,-0.04313086380366338
3139,3.3550014,3.401308835571388,-0.046307435571387945
3140,3.3497982,3.400000836121452,-0.05020263612145204
3141,3.343745,3.398566316392677,-0.054821316392676955
3142,3.3368046,3.3970057831604463,-0.060201183160446536
3143,3.3289409,3.3953316401817566,-0.0663907401817565
3144,3.3201168,3.3935955278730554,-0.07347872787305532
3145,3.310295,3.391864067060487,-0.08156906706048694
3146,3.2898407,3.390189972841376,-0.10034927284137574
3147,3.260715,3.388593207859258,-0.12787820785925819
3148,3.2299259,3.387071881964618,-0.15714598196461793
3149,3.2122333,3.3855524601738685,-0.1733191601738686
3150,3.1821692,3.3839586510072293,-0.20178945100722911
3151,3.169403,3.382224745154805,-0.2128217451548049
3152,3.1725202,3.3804890639811824,-0.2079688639811823
3153,3.178023,3.3788437003199734,-0.20082070031997334
3154,3.1900241,3.3772062636437106,-0.18718216364371054
3155,3.206773,3.3757863486282744,-0.16901334862827433
3156,3.218411,3.374759948334004,-0.1563489483340037
3157,3.2180896,3.373800324771523,-0.15571072477152326
3158,3.2087772,3.372862826818127,-0.16408562681812677
3159,3.1936536,3.3719595131317615,-0.17830591313176125
3160,3.1793497,3.371008821840629,-0.19165912184062917
3161,3.161085,3.3699840818541307,-0.20889908185413075
3162,3.1378849,3.3689005550635134,-0.2310156550635134
3163,3.1224506,3.367875317418721,-0.24542471741872074
3164,3.1158917,3.3668157855770997,-0.25092408557709955
3165,3.109618,3.365723720069685,-0.2561057200696846
3166,3.1016464,3.364915802307652,-0.2632694023076523
3167,3.0966198,3.364148820895353,-0.26752902089535313
3168,3.0904071,3.3631243601389413,-0.27271726013894115
3169,3.0838776,3.3620515464627307,-0.27817394646273064
3170,3.0834897,3.3609015361698678,-0.27741183616986786
3171,3.0847964,3.35961923812285,-0.2748228381228497
3172,3.0926077,3.3582871875115616,-0.2656794875115618
3173,3.1017392,3.3569701778069034,-0.2552309778069035
3174,3.1132388,3.3556486391646096,-0.24240983916460968
3175,3.1303177,3.354396557003119,-0.22407885700311914
3176,3.1427057,3.3535127253671346,-0.21080702536713458
3177,3.1543775,3.352942102180973,-0.19856460218097327
3178,3.1705933,3.3524322061495995,-0.1818389061495993
3179,3.1904297,3.352137465781384,-0.1617077657813839
3180,3.2063794,3.3520005509885222,-0.14562115098852235
3181,3.2223663,3.3518740243551033,-0.12950772435510327
3182,3.2367532,3.3517738616836668,-0.11502066168366687
3183,3.2512643,3.3516580226261814,-0.10039372262618151
3184,3.2549646,3.3514378540834917,-0.09647325408349161
3185,3.2531064,3.351032254741326,-0.09792585474132576
3186,3.2357364,3.350534520877115,-0.11479812087711494
3187,3.2183087,3.3498731949262686,-0.13156449492626843
3188,3.1973648,3.348404357894507,-0.15103955789450696
3189,3.1812308,3.3460114322781545,-0.16478063227815465
3190,3.1680713,3.3433891374072044,-0.17531783740720464
3191,3.160371,3.3408283014298013,-0.1804573014298012
3192,3.1553073,3.338409638081856,-0.18310233808185616
3193,3.1545584,3.336123786571699,-0.18156538657169907
3194,3.1518,3.3339657759370045,-0.18216577593700434
3195,3.1475885,3.3319553547687852,-0.18436685476878534
3196,3.1454751,3.33011938708823,-0.1846442870882301
3197,3.1446478,3.3285011745084634,-0.1838533745084634
3198,3.144891,3.3271970395242394,-0.18230603952423952
3199,3.1400745,3.3261048523157775,-0.18603035231577758
3200,3.1295602,3.325106938354233,-0.19554673835423309
3201,3.1140137,3.3241837182571787,-0.21017001825717863
3202,3.097861,3.3234167293863437,-0.22555572938634372
3203,3.0778809,3.322772781695068,-0.24489188169506804
3204,3.0611844,3.3222499042068487,-0.2610655042068486
3205,3.06119,3.3218847516264645,-0.2606947516264646
3206,3.0070114,3.3216537924864546,-0.31464239248645454
3207,3.021868,3.3215861763123713,-0.2997181763123713
3208,2.9952152,3.3216557241968103,-0.32644052419681024
3209,2.961877,3.3217757623142923,-0.3598987623142924
3210,2.9258053,3.3219294463193942,-0.3961241463193943
3211,2.8950512,3.3221426792420417,-0.4270914792420415
3212,2.8536093,3.3223805831476727,-0.4687712831476727
3213,2.810171,3.3226461887728282,-0.5124751887728283
3214,2.774377,3.3229167847814587,-0.5485397847814588
3215,2.7362573,3.3231973888366886,-0.5869400888366885
3216,2.6949115,3.3234153440745966,-0.6285038440745967
3217,2.644806,3.3235742688593466,-0.6787682688593466
3218,2.5886219,3.3237517632725035,-0.7351298632725034
3219,2.5320914,3.323879148611227,-0.791787748611227
3220,2.4794486,3.3239000569294768,-0.8444514569294768
3221,2.436905,3.3238603873368673,-0.8869553873368674
3222,2.4037683,3.323781400740546,-0.9200131007405461
3223,2.380553,3.3236299254077837,-0.9430769254077838
3224,2.361704,3.3233794888788597,-0.9616754888788597
3225,2.3466992,3.3230360704738717,-0.9763368704738715
3226,2.351,3.3225939118200647,-0.9715939118200647
3227,2.3488638,3.3220455026342615,-0.9731817026342613
3228,2.3467395,3.3214693996356672,-0.9747298996356673
3229,2.350756,3.3208461843683748,-0.9700901843683747
3230,2.3579974,3.320176677633935,-0.9621792776339353
3231,2.3689651,3.319483004064571,-0.9505179040645708
3232,2.3841968,3.3188478800308774,-0.9346510800308776
3233,2.3923123,3.3183390903941232,-0.9260267903941233
3234,2.3991416,3.317788050155079,-0.9186464501550788
3235,2.4121182,3.3172155983373424,-0.9050973983373423
3236,2.4024963,3.3166201716673127,-0.9141238716673126
3237,2.4102368,3.3160186668015874,-0.9057818668015876
3238,2.4243643,3.3155561867682555,-0.8911918867682553
3239,2.4476864,3.3151930069374522,-0.8675066069374524
3240,2.479853,3.3148200340900584,-0.8349670340900586
3241,2.516291,3.3145011849547013,-0.7982101849547014
3242,2.5493329,3.314211403122008,-0.764878503122008
3243,2.5717163,3.315286709473233,-0.7435704094732332
3244,2.5862405,3.317676598133368,-0.7314360981333676
3245,2.5926654,3.320010117670472,-0.7273447176704719
3246,2.5937674,3.3219543659964756,-0.7281869659964757
3247,2.5878546,3.3234671132685882,-0.7356125132685882
3248,2.5784009,3.324715961864229,-0.7463150618642289
3249,2.573131,3.326021318946494,-0.7528903189464939
3250,2.5794842,3.327304784240529,-0.7478205842405288
3251,2.5872357,3.3282311721430564,-0.7409954721430565
3252,2.5833774,3.3289368673024966,-0.7455594673024968
3253,2.5862503,3.3293524709589275,-0.7431021709589274
3254,2.5918765,3.3293717214235437,-0.7374952214235435
3255,2.6002154,3.3291423877535977,-0.7289269877535975
3256,2.608879,3.3288231134640243,-0.7199441134640243
3257,2.6138644,3.3283765210131753,-0.7145121210131751
3258,2.6211102,3.3277186715541105,-0.7066084715541106
3259,2.6214697,3.326817658643042,-0.705347958643042
3260,2.6140082,3.32583564001946,-0.7118274400194604
3261,2.6101391,3.3248810998567953,-0.7147419998567952
3262,2.5962918,3.3239013096994663,-0.7276095096994664
3263,2.593057,3.323083902773397,-0.730026902773397
3264,2.6010687,3.3224294240602186,-0.7213607240602187
3265,2.6172245,3.3218414723846004,-0.7046169723846005
3266,2.639681,3.3213569130210496,-0.6816759130210497
3267,2.6584744,3.321058762060618,-0.6625843620606182
3268,2.6812732,3.3208936740560078,-0.6396204740560076
3269,2.6963458,3.3209049802519544,-0.6245591802519543
3270,2.709743,3.321062861912578,-0.6113198619125781
3271,2.7151206,3.321364459236325,-0.6062438592363248
3272,2.7192895,3.3218141038266475,-0.6025246038266476
3273,2.720908,3.3224615500477457,-0.6015535500477456
3274,2.7261658,3.323060095438431,-0.5968942954384309
3275,2.7330856,3.3234352296796863,-0.5903496296796864
3276,2.7425919,3.3239412619570268,-0.5813493619570269
3277,2.7549133,3.3247613495614208,-0.5698480495614207
3278,2.7618256,3.3260234972200613,-0.5641978972200614
3279,2.7750418,3.3276463246497254,-0.5526045246497255
3280,2.786255,3.3294512965089536,-0.5431962965089534
3281,2.7965786,3.3314501036047264,-0.5348715036047262
3282,2.811287,3.333588265464445,-0.5223012654644448
3283,2.8228269,3.3357186668191643,-0.5128917668191644
3284,2.831555,3.337799391639635,-0.5062443916396351
3285,2.8438437,3.3399123833992928,-0.4960686833992929
3286,2.8550894,3.3419164314094814,-0.48682703140948114
3287,2.858598,3.343783618892066,-0.485185618892066
3288,2.8588998,3.3461258953366633,-0.48722609533666317
3289,2.8552475,3.3483851966397893,-0.49313769663978935
3290,2.8530545,3.350112352376808,-0.4970578523768081
3291,2.852286,3.351728519211767,-0.4994425192117671
3292,2.849158,3.353286546522668,-0.5041285465226681
3293,2.848357,3.3547903594921102,-0.5064333594921102
3294,2.8446143,3.356239820868576,-0.5116255208685763
3295,2.8446841,3.3578331367760144,-0.5131490367760145
3296,2.8456955,3.359397227573982,-0.5137017275739817
3297,2.8472867,3.3608078781453763,-0.5135211781453761
3298,2.850816,3.3622415844703393,-0.5114255844703393
3299,2.8567288,3.3636578520252782,-0.5069290520252783
3300,2.8666034,3.3654607832182566,-0.4988573832182568
3301,2.878599,3.367435375014425,-0.4888363750144249
3302,2.891692,3.3689270758421475,-0.4772350758421475
3303,2.906832,3.3702206810122552,-0.46338868101225517
3304,2.9246488,3.371515811961031,-0.44686701196103096
3305,2.9416873,3.372828623684112,-0.4311413236841122
3306,2.955839,3.3741312097514897,-0.4182922097514896
3307,2.9685223,3.3753909567260267,-0.4068686567260267
3308,2.9776318,3.376633520136923,-0.3990017201369227
3309,2.9826038,3.3778654495150557,-0.3952616495150556
3310,2.9875739,3.3790782398917445,-0.3915043398917444
3311,2.9926605,3.380255337434802,-0.38759483743480194
3312,2.9950714,3.381312054775372,-0.38624065477537206
3313,3.0026822,3.3823003145916313,-0.3796181145916311
3314,3.0127869,3.383334140373885,-0.370547240373885
3315,3.0221317,3.384381376760794,-0.3622496767607939
3316,3.0265067,3.3854552750499995,-0.35894857504999944
3317,3.0280228,3.386568661194579,-0.3585458611945791
3318,3.0270407,3.387751761184144,-0.36071106118414376
3319,3.0215793,3.3889863578413513,-0.3674070578413513
3320,3.0142157,3.3903772291199368,-0.37616152911993694
3321,3.003491,3.392130543864628,-0.38863954386462796
3322,3.003359,3.3940218734460026,-0.3906628734460025
3323,3.0079083,3.395831447032073,-0.387923147032073
3324,3.0179203,3.397619429848668,-0.3796991298486678
3325,3.032207,3.399363995411178,-0.36715699541117797
3326,3.0471585,3.4010271705408677,-0.35386867054086757
3327,3.06095,3.402600385330327,-0.34165038533032677
3328,3.0743845,3.4040454757906926,-0.32966097579069276
3329,3.0850503,3.405322290615875,-0.3202719906158751
3330,3.0945435,3.4062416349761175,-0.31169813497611765
3331,3.1000257,3.406645602268325,-0.3066199022683249
3332,3.1072223,3.406719892162602,-0.29949759216260174
3333,3.1140366,3.406684857631198,-0.29264825763119795
3334,3.1165488,3.4065455541454783,-0.28999675414547843
3335,3.1175091,3.4062689112774898,-0.28875981127748984
3336,3.1198785,3.405844802698919,-0.285966302698919
3337,3.1222665,3.4052647175370505,-0.2829982175370507
3338,3.1237488,3.404542692062175,-0.28079389206217487
3339,3.1196682,3.4037102286262955,-0.28404202862629546
3340,3.1096823,3.4030867000308986,-0.29340440003089885
3341,3.1013358,3.4024919028016463,-0.30115610280164606
3342,3.1011298,3.4016261085182595,-0.3004963085182597
3343,3.1101773,3.400664874620707,-0.29048757462070673
3344,3.1254392,3.3996136573054367,-0.27417445730543655
3345,3.1429257,3.3984818903117553,-0.25555619031175514
3346,3.1600308,3.397290605723765,-0.23725980572376493
3347,3.1746576,3.3960426767263137,-0.22138507672631347
3348,3.184007,3.394774055687324,-0.21076705568732423
3349,3.1893659,3.3934617909538525,-0.2040958909538526
3350,3.1870227,3.392063685929579,-0.2050409859295792
3351,3.1779141,3.3906015224207966,-0.2126874224207964
3352,3.1659024,3.389112973089388,-0.2232105730893883
3353,3.1596236,3.387654706485409,-0.22803110648540859
3354,3.1470258,3.386170351099531,-0.23914455109953092
3355,3.12954,3.384683753262845,-0.2551437532628449
3356,3.108597,3.3831697044948457,-0.2745727044948456
3357,3.0856268,3.381639687926925,-0.29601288792692504
3358,3.062061,3.380093892023742,-0.3180328920237421
3359,3.0393293,3.3785400969468506,-0.33921079694685075
3360,3.018863,3.376852719457359,-0.3579897194573589
3361,3.0020926,3.3751098835346585,-0.37301728353465835
3362,2.9904487,3.3734221719947812,-0.38297347199478127
3363,2.9855247,3.371787372482935,-0.386262672482935
3364,2.9797025,3.3702085752899604,-0.3905060752899603
3365,2.956095,3.368677796565394,-0.4125827965653941
3366,2.9012125,3.367192780291113,-0.4659802802911126
3367,2.8740475,3.365766155021684,-0.4917186550216841
3368,2.8403375,3.3643738788669024,-0.5240363788669025
3369,2.8097796,3.36299403554092,-0.5532144355409199
3370,2.7807574,3.3616639193181252,-0.5809065193181251
3371,2.747999,3.3604537376438635,-0.6124547376438634
3372,2.7130988,3.359286681070296,-0.6461878810702961
3373,2.6759732,3.3581642706671677,-0.6821910706671677
3374,2.6409671,3.3571325421198264,-0.7161654421198262
3375,2.6134436,3.356185777304197,-0.7427421773041969
3376,2.583107,3.3553489175268716,-0.7722419175268715
3377,2.5501065,3.3546404830438457,-0.8045339830438456
3378,2.522268,3.3541475224892663,-0.8318795224892663
3379,2.4999368,3.353854531334565,-0.853917731334565
3380,2.4799511,3.353627616464585,-0.873676516464585
3381,2.464918,3.3535007603820004,-0.8885827603820005
3382,2.4482214,3.3534890309740852,-0.9052676309740852
3383,2.4306989,3.3535779656174634,-0.9228790656174635
3384,2.41441,3.353786329242224,-0.9393763292422239
3385,2.3991482,3.3541008238684302,-0.9549526238684303
3386,2.386542,3.3545291763828193,-0.9679871763828194
3387,2.3783362,3.355022238930813,-0.9766860389308127
3388,2.3733194,3.3555831822352404,-0.9822637822352402
3389,2.3679428,3.3562862433450316,-0.9883434433450318
3390,2.3627036,3.3571061678224323,-0.9944025678224322
3391,2.358089,3.3580267356204097,-0.9999377356204096
3392,2.3851352,3.359033319966152,-0.9738981199661518
3393,2.3767602,3.3601058876081766,-0.9833456876081765
3394,2.3658795,3.3612572310119386,-0.9953777310119385
3395,2.3559527,3.362467740270845,-1.0065150402708452
3396,2.3451755,3.363748607850846,-1.018573107850846
3397,2.3350601,3.3651232139768608,-1.0300631139768606
3398,2.32432,3.3665861616681143,-1.0422661616681141
3399,2.3177447,3.3681101536086038,-1.0503654536086038
3400,2.320196,3.369673504453492,-1.0494775044534919
3401,2.3306024,3.3712453661772193,-1.0406429661772192
3402,2.3536737,3.3727805284858605,-1.0191068284858606
3403,2.3916593,3.3747915794776926,-0.9831322794776924
3404,2.4391568,3.37731768968924,-0.9381608896892399
3405,2.4946332,3.3796021990091547,-0.8849689990091547
3406,2.5498526,3.381086891345027,-0.831234291345027
3407,2.6069958,3.382316813782617,-0.7753210137826172
3408,2.6456223,3.3833373201214605,-0.7377150201214606
3409,2.6892352,3.3841483326762933,-0.6949131326762932
3410,2.731322,3.3847653758812646,-0.6534433758812646
3411,2.7673264,3.385231807174166,-0.6179054071741659
3412,2.8017306,3.3855742166833376,-0.5838436166833376
3413,2.8306503,3.386100082889173,-0.5554497828891733
3414,2.8562503,3.3866607491297342,-0.5304104491297341
3415,2.8822632,3.3867257110088214,-0.5044625110088212
3416,2.9060352,3.3864752559579085,-0.48044005595790873
3417,2.9303763,3.386148009694729,-0.45577170969472913
3418,2.9450443,3.385750817931007,-0.440706517931007
3419,2.957707,3.3852940747222657,-0.42758707472226565
3420,2.9673975,3.3847832993170894,-0.4173857993170893
3421,2.9710324,3.3842212504936025,-0.41318885049360254
3422,2.9777362,3.3836240406381863,-0.4058878406381865
3423,2.9743,3.382992529217389,-0.40869252921738886
3424,2.9733996,3.38231625732192,-0.40891665732192006
3425,2.9724808,3.381586817584363,-0.4091060175843628
3426,2.9727826,3.380810327711655,-0.4080277277116551
3427,2.9758224,3.3800095282933174,-0.40418712829331715
3428,2.9827957,3.379172540914399,-0.39637684091439906
3429,2.9757495,3.3782726147963715,-0.4025231147963715
3430,2.9595141,3.3781883029619326,-0.4186742029619328
3431,2.9353878,3.3784229897875853,-0.44303518978758527
3432,2.910202,3.3781425100919407,-0.4679405100919407
3433,2.8944495,3.3776200105243714,-0.48317051052437154
3434,2.8801956,3.3771176893682515,-0.49692208936825155
3435,2.8724887,3.3766065277140656,-0.5041178277140657
3436,2.8662207,3.3760867586834844,-0.5098660586834844
3437,2.8550742,3.375591737325409,-0.5205175373254094
3438,2.8423703,3.3750555674202256,-0.5326852674202258
3439,2.8251364,3.3744344741966157,-0.5492980741966158
3440,2.8054187,3.3736566112008486,-0.5682379112008484
3441,2.787699,3.3726611535244264,-0.5849621535244265
3442,2.7734625,3.37143389563448,-0.5979713956344801
3443,2.766219,3.3699821159706196,-0.6037631159706196
3444,2.75394,3.368348290995912,-0.6144082909959119
3445,2.763734,3.366503060325083,-0.602769060325083
3446,2.7812784,3.3647958713751236,-0.5835174713751234
3447,2.7997437,3.3629367085383084,-0.5631930085383083
3448,2.8196127,3.360679048841139,-0.5410663488411389
3449,2.8361926,3.358355441252843,-0.5221628412528432
3450,2.8497598,3.3559328226836485,-0.5061730226836483
3451,2.8608997,3.353387337908048,-0.49248763790804784
3452,2.863182,3.350652287737281,-0.48747028773728074
3453,2.8673465,3.3478015549720768,-0.48045505497207674
3454,2.8674872,3.3450153607671615,-0.47752816076716176
3455,2.8661826,3.3422417448962194,-0.47605914489621926
3456,2.8657358,3.33937380631578,-0.4736380063157801
3457,2.863012,3.336544353922648,-0.47353235392264814
3458,2.8589673,3.333811511574545,-0.4748442115745446
3459,2.8556247,3.33111018462476,-0.47548548462476026
3460,2.854357,3.328423266608863,-0.4740662666088631
3461,2.8501074,3.325605820989472,-0.4754984209894717
3462,2.843254,3.3226713606371368,-0.4794173606371368
3463,2.8328335,3.3196750056810416,-0.48684150568104156
3464,2.822089,3.316744681852174,-0.4946556818521741
3465,2.817374,3.3137717364136017,-0.49639773641360163
3466,2.8100739,3.31069583909522,-0.50062193909522
3467,2.8041852,3.3076183458071915,-0.5034331458071915
3468,2.795286,3.304475346947633,-0.509189346947633
3469,2.7883008,3.3012276250760912,-0.5129268250760912
3470,2.796294,3.2979909565297003,-0.5016969565297003
3471,2.800234,3.2947649371911414,-0.4945309371911413
3472,2.7891693,3.2916281338769435,-0.5024588338769433
3473,2.7882364,3.2889122889688442,-0.5006758889688441
3474,2.7834113,3.286458079404518,-0.5030467794045181
3475,2.783554,3.283984785704145,-0.500430785704145
3476,2.776669,3.2816461687786957,-0.5049771687786957
3477,2.7682126,3.279517071432665,-0.5113044714326649
3478,2.7564795,3.2776120953863694,-0.5211325953863692
3479,2.7502484,3.2758765660684284,-0.5256281660684285
3480,2.7442975,3.274245422191753,-0.5299479221917531
3481,2.7361188,3.272688995740733,-0.5365701957407332
3482,2.7312164,3.271164414796184,-0.5399480147961837
3483,2.7308078,3.269425978837304,-0.5386181788373041
3484,2.72846,3.267576335635945,-0.5391163356359447
3485,2.723986,3.2658767999261387,-0.5418907999261386
3486,2.7277374,3.264293825307597,-0.5365564253075967
3487,2.716267,3.2628697768423023,-0.5466027768423021
3488,2.7067227,3.2616181922035214,-0.5548954922035216
3489,2.7002017,3.2605235794095457,-0.5603218794095457
3490,2.691246,3.259546757301314,-0.5683007573013139
3491,2.673498,3.2586298140511465,-0.5851318140511466
3492,2.6523547,3.2578094564038085,-0.6054547564038084
3493,2.613449,3.2571370104491106,-0.6436880104491105
3494,2.5937054,3.256548310153752,-0.6628429101537519
3495,2.5769763,3.255967408598733,-0.678991108598733
3496,2.5633905,3.255427430845011,-0.6920369308450107
3497,2.552609,3.2550352059709855,-0.7024262059709856
3498,2.541178,3.2548215144860926,-0.7136435144860926
3499,2.5384924,3.2547376908577346,-0.7162452908577346
3500,2.5291018,3.2547899398954594,-0.7256881398954595
3501,2.519115,3.255022017579975,-0.7359070175799749
3502,2.5149853,3.25541295066561,-0.7404276506656098
3503,2.5224826,3.255931572728627,-0.7334489727286271
3504,2.529614,3.25659385628222,-0.7269798562822198
3505,2.5459836,3.2573945868631533,-0.7114109868631533
3506,2.5596805,3.2583309138260526,-0.6986504138260528
3507,2.569336,3.259468441511282,-0.690132441511282
3508,2.578113,3.2615473907928774,-0.6834343907928773
3509,2.5822449,3.264667336277053,-0.682422436277053
3510,2.5917969,3.2678631250463415,-0.6760662250463416
3511,2.594755,3.2709521848061014,-0.6761971848061012
3512,2.5936444,3.2741220237531836,-0.6804776237531835
3513,2.5849326,3.2773854697809472,-0.6924528697809471
3514,2.5728543,3.2807034009052907,-0.7078491009052907
3515,2.557421,3.2840590193990087,-0.7266380193990085
3516,2.5401242,3.287685871818135,-0.747561671818135
3517,2.5269437,3.291369966688072,-0.7644262666880719
3518,2.5140915,3.294840237655694,-0.7807487376556939
3519,2.5117722,3.298313121809294,-0.7865409218092942
3520,2.492255,3.3017779507794853,-0.8095229507794852
3521,2.492483,3.305231423751258,-0.8127484237512581
3522,2.4944577,3.30864878082862,-0.8141910808286199
3523,2.5037198,3.312028574752367,-0.808308774752367
3524,2.5284805,3.31536251309154,-0.7868820130915397
3525,2.5513022,3.3183863069627035,-0.7670841069627037
3526,2.5773468,3.3210954353109416,-0.7437486353109417
3527,2.5955975,3.323755670513103,-0.7281581705131033
3528,2.6074796,3.3263885529069364,-0.7189089529069363
3529,2.613001,3.3289855885740534,-0.7159845885740532
3530,2.6071048,3.331574919901646,-0.7244701199016457
3531,2.6203067,3.3346218576073925,-0.7143151576073925
3532,2.6347842,3.337799857941876,-0.7030156579418763
3533,2.6524637,3.340657158553185,-0.6881934585531848
3534,2.6726696,3.3434461287330897,-0.6707765287330898
3535,2.6969364,3.3461214628247267,-0.6491850628247269
3536,2.723379,3.3486511126044602,-0.6252721126044603
3537,2.7484066,3.3510270097248904,-0.6026204097248904
3538,2.779881,3.3529059024658956,-0.5730249024658955
3539,2.7995737,3.3539957130965456,-0.5544220130965458
3540,2.8161557,3.3544961674010874,-0.5383404674010874
3541,2.8332748,3.3548984450653747,-0.5216236450653748
3542,2.8484943,3.3552327417385333,-0.5067384417385332
3543,2.8599734,3.355547413067324,-0.49557401306732407
3544,2.8672922,3.3558871858063246,-0.48859498580632454
3545,2.8694797,3.3561955085242046,-0.4867158085242047
3546,2.876138,3.3566407792209003,-0.48050277922090023
3547,2.87495,3.3578910613850543,-0.4829410613850542
3548,2.8802524,3.359479113175013,-0.479226713175013
3549,2.8812997,3.360703156780037,-0.47940345678003693
3550,2.88345,3.361899409319918,-0.4784494093199183
3551,2.8841324,3.363169123303708,-0.4790367233037083
3552,2.8890686,3.3644235829046174,-0.47535498290461753
3553,2.8905847,3.3656805456127654,-0.47509584561276563
3554,2.895218,3.3669601007521575,-0.4717421007521576
3555,2.9014904,3.368248753065004,-0.4667583530650039
3556,2.906239,3.369515073589758,-0.4632760735897583
3557,2.9169235,3.3707667435795834,-0.4538432435795836
3558,2.9360263,3.3717761343495547,-0.4357498343495547
3559,2.9536188,3.372254945498774,-0.4186361454987737
3560,2.96052,3.3724179981577684,-0.4118979981577686
3561,2.9614105,3.3725674787579454,-0.41115697875794543
3562,2.9585254,3.3727543549763506,-0.4142289549763505
3563,2.948166,3.37292127968622,-0.42475527968621973
3564,2.9351,3.3729813881082356,-0.43788138810823574
3565,2.9231763,3.373012995259407,-0.44983669525940684
3566,2.9120212,3.3729957930306522,-0.46097459303065236
3567,2.9040112,3.3729511719670886,-0.4689399719670888
3568,2.9001346,3.3728344619421016,-0.4726998619421017
3569,2.8948178,3.372489148092096,-0.477671348092096
3570,2.8963764,3.3720139703041516,-0.47563757030415177
3571,2.8963187,3.371588859440254,-0.47527015944025397
3572,2.8945248,3.3712186007929295,-0.47669380079292933
3573,2.8866785,3.3708933227134548,-0.48421482271345484
3574,2.8589325,3.370612940867246,-0.511680440867246
3575,2.8507724,3.370401811080994,-0.5196294110809943
3576,2.8486426,3.3707566043907784,-0.5221140043907786
3577,2.843786,3.371414105670737,-0.527628105670737
3578,2.841133,3.371873568293376,-0.5307405682933757
3579,2.8412116,3.3723552650063144,-0.5311436650063146
3580,2.842465,3.3728606483971117,-0.530395648397112
3581,2.8503036,3.3734218224276713,-0.5231182224276711
3582,2.8464267,3.374029478694843,-0.5276027786948432
3583,2.8402426,3.3746820465828025,-0.5344394465828026
3584,2.8306677,3.3754278936154813,-0.5447601936154816
3585,2.8209283,3.3762330256306896,-0.5553047256306898
3586,2.8122058,3.376998813903112,-0.5647930139031119
3587,2.8029141,3.3777866031013772,-0.574872503101377
3588,2.7980423,3.378604260224237,-0.5805619602242369
3589,2.7951083,3.3794091292956083,-0.5843008292956084
3590,2.8218918,3.3801270776807852,-0.5582352776807853
3591,2.825979,3.380775736586716,-0.5547967365867161
3592,2.828913,3.381440979896765,-0.552527979896765
3593,2.8314755,3.3821558693235927,-0.5506803693235929
3594,2.8294666,3.3829068437004883,-0.5534402437004884
3595,2.82621,3.3836763773529466,-0.5574663773529465
3596,2.8206286,3.3845183486950026,-0.5638897486950025
3597,2.8184445,3.385731942567758,-0.5672874425677579
3598,2.820004,3.386881520213743,-0.566877520213743
3599,2.8052707,3.387902724449196,-0.5826320244491963
3600,2.8101666,3.3891728346123102,-0.5790062346123102
3601,2.814391,3.390410911083586,-0.576019911083586
3602,2.8237653,3.3916211328875043,-0.5678558328875045
3603,2.8325675,3.3928173661886234,-0.5602498661886233
3604,2.8401544,3.3939825299591133,-0.5538281299591135
3605,2.8460736,3.3951344382943027,-0.5490608382943027
3606,2.8523593,3.3963442981777447,-0.5439849981777449
3607,2.8525074,3.3975793712680424,-0.5450719712680425
3608,2.8494809,3.398774237033874,-0.5492933370338737
3609,2.8492236,3.3999162143584325,-0.5506926143584323
3610,2.8485577,3.4010535383078344,-0.5524958383078342
3611,2.85141,3.402157542717405,-0.5507475427174051
3612,2.8517292,3.403255480100783,-0.551526280100783
3613,2.8557184,3.404151400878731,-0.5484330008787306
3614,2.8585575,3.404817592852786,-0.5462600928527861
3615,2.8646567,3.405457221370323,-0.5408005213703233
3616,2.8693707,3.406083984372637,-0.5367132843726368
3617,2.877133,3.4066638162249077,-0.5295308162249075
3618,2.8818195,3.4071762274121866,-0.5253567274121864
3619,2.887644,3.407688877548947,-0.5200448775489472
3620,2.8938696,3.4080395933794723,-0.5141699933794723
3621,2.895802,3.4081758242210713,-0.5123738242210711
3622,2.892358,3.40825598112092,-0.5158979811209199
3623,2.8877673,3.4083110078451195,-0.5205437078451194
3624,2.8879187,3.40834491637853,-0.5204262163785298
3625,2.8803341,3.408366433775181,-0.5280323337751813
3626,2.8716638,3.408379861440336,-0.5367160614403361
3627,2.8680975,3.40837081734429,-0.54027331734429
3628,2.8700147,3.4091712069849947,-0.5391565069849946
3629,2.8806915,3.4104324749019557,-0.5297409749019555
3630,2.8974216,3.411285937248892,-0.5138643372488922
3631,2.922482,3.412077159308313,-0.48959515930831277
3632,2.9531708,3.412846583899639,-0.4596757838996388
3633,2.983855,3.4136188309075113,-0.42976383090751114
3634,3.017553,3.4143877881238778,-0.39683478812387785
3635,3.050124,3.4151289359155155,-0.36500493591551564
3636,3.0813434,3.415833999675052,-0.334490599675052
3637,3.112564,3.416388620865279,-0.3038246208652793
3638,3.1366665,3.416460703709392,-0.2797942037093919
3639,3.1570675,3.4161493752025427,-0.25908187520254256
3640,3.1711295,3.4158786595706996,-0.24474915957069943
3641,3.1873572,3.4156305020053805,-0.22827330200538043
3642,3.2045212,3.415398737119209,-0.2108775371192091
3643,3.2196994,3.4151918047111303,-0.19549240471113016
3644,3.237103,3.4150137030016747,-0.17791070300167489
3645,3.2583368,3.4148732157836643,-0.1565364157836644
3646,3.2832427,3.4147601343108693,-0.13151743431086915
3647,3.3099058,3.4146616539007626,-0.10475585390076247
3648,3.337653,3.4145848780505466,-0.07693187805054658
3649,3.3658612,3.414865397730101,-0.04900419773010123
3650,3.3939047,3.415292499085928,-0.021387799085927917
3651,3.4211593,3.415522534052682,0.00563676594731799
3652,3.447001,3.415702334519158,0.031298665480842036
3653,3.4708045,3.415821845096869,0.0549826549031307
3654,3.491946,3.4158555484615687,0.0760904515384313
3655,3.5098,3.4157943023878867,0.09400569761211308
3656,3.5237424,3.4156209809264184,0.10812141907358175
3657,3.5331488,3.415327780059663,0.11782101994033711
3658,3.5373943,3.414954354639309,0.12243994536069103
3659,3.5429153,3.414510036216256,0.12840526378374406
3660,3.554318,3.4140046367080314,0.14031336329196842
3661,3.5624554,3.413424872657402,0.14903052734259825
3662,3.5653043,3.4128888498392733,0.15241545016072688
3663,3.561008,3.4122092511301227,0.14879874886987743
3664,3.5582318,3.4112343182268337,0.14699748177316652
3665,3.5557654,3.4102576535200027,0.1455077464799972
3666,3.554404,3.409281171907378,0.14512282809262178
3667,3.5533273,3.408272032161688,0.14505526783831169
3668,3.5490363,3.4072396559454843,0.14179664405451575
3669,3.5439737,3.406215217385038,0.13775848261496204
3670,3.5308108,3.405206287429342,0.12560451257065797
3671,3.5151837,3.4042171349375607,0.1109665650624394
3672,3.501625,3.4032660324009556,0.09835896759904461
3673,3.489344,3.4023777351893134,0.08696626481068659
3674,3.4843347,3.401563667376203,0.0827710326237967
3675,3.4775217,3.4010474308334997,0.07647426916650035
3676,3.4663227,3.400689047062006,0.06563365293799395
3677,3.4499261,3.4002315793043265,0.04969452069567337
3678,3.4297168,3.39981208055172,0.029904719448280215
3679,3.4131699,3.3994129109096956,0.01375698909030465
3680,3.3994381,3.3990173694600005,0.0004207305399992478
3681,3.3908594,3.398637442313794,-0.007778042313793865
3682,3.3840878,3.39826759857822,-0.014179798578219938
3683,3.3736606,3.397888808415014,-0.024228208415014052
3684,3.362537,3.397489231863654,-0.034952231863653704
3685,3.346138,3.397057872410827,-0.05091987241082707
3686,3.312405,3.3965850536829025,-0.08418005368290249
3687,3.2628284,3.3960702014750255,-0.1332418014750254
3688,3.204737,3.395511001289241,-0.19077400128924094
3689,3.1407602,3.394929446864431,-0.2541692468644312
3690,3.0767758,3.394298986167706,-0.31752318616770614
3691,3.0144424,3.393585572654687,-0.379143172654687
3692,2.9580917,3.3928048612374413,-0.4347131612374411
3693,2.9090369,3.3919710158308995,-0.48293411583089974
3694,2.86768,3.3910816501243044,-0.5234016501243044
3695,2.830804,3.3901301110324757,-0.5593261110324756
3696,2.7907584,3.3891140813375076,-0.5983556813375075
3697,2.751489,3.388082626215084,-0.6365936262150842
3698,2.7150269,3.387013140733529,-0.6719862407335291
3699,2.6836102,3.3859101658698476,-0.7022999658698477
3700,2.6436505,3.3847902733345765,-0.7411397733345764
3701,2.6304452,3.3836091370209607,-0.7531639370209606
3702,2.6336255,3.3823416429609146,-0.7487161429609146
3703,2.6482391,3.3810398236531114,-0.7328007236531113
3704,2.6731656,3.3797092210768898,-0.7065436210768898
3705,2.7062802,3.3783842776583297,-0.6721040776583296
3706,2.7410824,3.377058759254344,-0.6359763592543444
3707,2.7650821,3.3757761630433674,-0.6106940630433675
3708,2.7780359,3.374578046566606,-0.5965421465666063
3709,2.7797635,3.3733609910856215,-0.5935974910856214
3710,2.7807355,3.3721152797345395,-0.5913797797345395
3711,2.7846332,3.3708844487286087,-0.5862512487286087
3712,2.7950482,3.3696535041707,-0.5746053041706998
3713,2.8092194,3.3684267275541315,-0.5592073275541316
3714,2.8203442,3.367167541748085,-0.5468233417480848
3715,2.8325489,3.3659025339861826,-0.5333536339861826
3716,2.8322165,3.364674473400116,-0.532457973400116
3717,2.8312073,3.3635069233777415,-0.5322996233777415
3718,2.8340192,3.3623122231955045,-0.5282930231955043
3719,2.833166,3.3611707909853066,-0.5280047909853067
3720,2.8334155,3.3600948649760114,-0.5266793649760113
3721,2.8379877,3.359096660125581,-0.5211089601255812
3722,2.8442383,3.358298067031559,-0.5140597670315588
3723,2.8525271,3.3585751613211565,-0.5060480613211564
3724,2.8591046,3.3593101612849776,-0.5002055612849774
3725,2.8672879,3.3593643519271104,-0.49207645192711036
3726,2.8756812,3.3591695905702967,-0.4834883905702969
3727,2.882237,3.3592944145407975,-0.47705741454079753
3728,2.8881836,3.3592488001182534,-0.47106520011825337
3729,2.892723,3.3591468722398714,-0.46642387223987125
3730,2.889073,3.358914451699882,-0.4698414516998821
3731,2.8865268,3.358539491361555,-0.472012691361555
3732,2.8924747,3.35798737537691,-0.4655126753769099
3733,2.8954828,3.3573539062628193,-0.46187110626281935
3734,2.9005487,3.3567148997176566,-0.4561661997176567
3735,2.9041977,3.35609042263167,-0.45189272263167
3736,2.9055264,3.3553173593905488,-0.4497909593905489
3737,2.9077191,3.3542223739790784,-0.4465032739790784
3738,2.9172199,3.353248956905631,-0.4360290569056309
3739,2.9203775,3.352345300316126,-0.431967800316126
3740,2.9180102,3.35134721762904,-0.4333370176290403
3741,2.912372,3.3506058781816237,-0.43823387818162374
3742,2.9053683,3.350098806691845,-0.4447305066918448
3743,2.8971744,3.34977125160104,-0.45259685160104013
3744,2.9008157,3.3496192228498827,-0.4488035228498828
3745,2.8812048,3.34966977147227,-0.4684649714722702
3746,2.8540845,3.350055350140201,-0.49597085014020115
3747,2.8279397,3.350709609933329,-0.522769909933329
3748,2.8085086,3.351462631855054,-0.5429540318550541
3749,2.7912586,3.3523292439381054,-0.5610706439381055
3750,2.772292,3.353260733283811,-0.5809687332838109
3751,2.7273788,3.354245223599791,-0.626866423599791
3752,2.7088852,3.355278159468774,-0.6463929594687738
3753,2.7006433,3.356490919628025,-0.655847619628025
3754,2.705732,3.3580808632835515,-0.6523488632835517
3755,2.7229352,3.3598034097950347,-0.6368682097950349
3756,2.7479389,3.36143274562225,-0.6134938456222501
3757,2.783287,3.3630375612290795,-0.5797505612290794
3758,2.8194516,3.364631851101553,-0.5451802511015531
3759,2.8519635,3.3662783603069397,-0.5143148603069396
3760,2.8812158,3.367890154186736,-0.48667435418673577
3761,2.908251,3.3694038449658743,-0.4611528449658744
3762,2.9336712,3.370833599523199,-0.4371623995231988
3763,2.948869,3.3722412631509115,-0.42337226315091137
3764,2.9622333,3.3736713360245503,-0.4114380360245504
3765,2.972533,3.375126887518563,-0.40259388751856306
3766,2.9820209,3.3765894978806905,-0.3945685978806903
3767,2.9856546,3.3780095204520824,-0.3923549204520822
3768,2.9939792,3.3793863527192394,-0.3854071527192393
3769,3.0059564,3.380777960363713,-0.37482156036371306
3770,3.01629,3.382170778888578,-0.36588077888857784
3771,3.0293338,3.38353641450393,-0.3542026145039303
3772,3.0370102,3.3849005992368912,-0.34789039923689113
3773,3.0403256,3.386276106684704,-0.34595050668470373
3774,3.042244,3.387633289617172,-0.34538928961717197
3775,3.0407093,3.3889579206129845,-0.34824862061298445
3776,3.0421197,3.390376059290514,-0.3482563592905139
3777,3.04948,3.391798463516281,-0.34231846351628104
3778,3.0558276,3.3930280373899384,-0.3372004373899382
3779,3.0635135,3.3941859469972187,-0.33067244699721865
3780,3.0727985,3.395270321670941,-0.3224718216709408
3781,3.0850894,3.3962844281630304,-0.31119502816303024
3782,3.0961576,3.3981394418590125,-0.30198184185901233
3783,3.1120093,3.4006421376934277,-0.28863283769342774
3784,3.1314328,3.402726984580077,-0.27129418458007715
3785,3.1659524,3.4045596365767024,-0.23860723657670224
3786,3.1764636,3.406282595992635,-0.2298189959926349
3787,3.1985245,3.40790486840904,-0.20938036840904006
3788,3.2125604,3.4094610568333055,-0.19690065683330538
3789,3.225767,3.4108481782067797,-0.18508117820677983
3790,3.2357962,3.4116315169870997,-0.17583531698709987
3791,3.2447019,3.411884516169716,-0.16718261616971608
3792,3.2590573,3.41209181859303,-0.1530345185930302
3793,3.2561557,3.412254853873899,-0.15609915387389917
3794,3.2473962,3.4124305212891906,-0.1650343212891907
3795,3.2324579,3.412627556748495,-0.18016965674849494
3796,3.213585,3.4128075153213007,-0.19922251532130053
3797,3.186906,3.4129774438272538,-0.22607144382725375
3798,3.1558957,3.4131624530558824,-0.25726675305588254
3799,3.1204278,3.413346000162249,-0.29291820016224923
3800,3.0897412,3.4135305154487883,-0.3237893154487881
3801,3.076852,3.4137314058851858,-0.3368794058851856
3802,3.0331256,3.4139515879871407,-0.38082598798714073
3803,3.0479627,3.4141296151614298,-0.36616691516142996
3804,3.0323117,3.414264280351111,-0.3819525803511108
3805,3.0268826,3.414410912880933,-0.3875283128809328
3806,3.0212848,3.414579678807133,-0.3932948788071329
3807,3.0164642,3.414754205772945,-0.39829000577294504
3808,3.0071063,3.4149289481540723,-0.40782264815407254
3809,3.0036664,3.4150903236243666,-0.4114239236243664
3810,2.9941003,3.415233453409652,-0.42113315340965185
3811,2.9967597,3.415367517865416,-0.418607817865416
3812,3.0005429,3.4154719207419153,-0.4149290207419152
3813,3.0107532,3.4155922752003103,-0.40483907520031037
3814,3.0204926,3.4157375953467497,-0.39524499534674984
3815,3.028158,3.4159022498292337,-0.38774424982923383
3816,3.033736,3.416086168353205,-0.3823501683532049
3817,3.0396793,3.4162802079966754,-0.37660090799667545
3818,3.043409,3.4164841890113995,-0.37307518901139947
3819,3.0324054,3.416717200356382,-0.3843118003563819
3820,3.0320117,3.416980955127249,-0.384969255127249
3821,3.0422528,3.417265511183094,-0.3750127111830941
3822,3.0585697,3.417540996837304,-0.358971296837304
3823,3.0744946,3.41794532210448,-0.34345072210448
3824,3.086717,3.4183677748881443,-0.3316507748881441
3825,3.0931265,3.418606484637712,-0.3254799846377123
3826,3.0715735,3.418684560825448,-0.3471110608254482
3827,3.0335388,3.4187660459849676,-0.3852272459849675
3828,2.9983127,3.4188755407174023,-0.42056284071740224
3829,2.9727466,3.419026613578649,-0.4462800135786491
3830,2.9602432,3.419297933378884,-0.45905473337888436
3831,2.9502978,3.4197194869460557,-0.4694216869460557
3832,2.9501953,3.4200222591838565,-0.46982695918385664
3833,2.961806,3.4202048683359383,-0.4583988683359381
3834,2.9715085,3.420414714478376,-0.448906214478376
3835,2.9835184,3.4206944754507083,-0.43717607545070836
3836,2.9921787,3.4211178546670897,-0.42893915466708954
3837,3.0034366,3.421683437357565,-0.41824683735756496
3838,3.0102518,3.422254963847987,-0.4120031638479871
3839,3.00165,3.4232538757233564,-0.4216038757233562
3840,2.9965537,3.424025209527313,-0.42747150952731294
3841,2.9919705,3.4245499305829785,-0.43257943058297865
3842,2.9934213,3.425124883057401,-0.43170358305740075
3843,2.999953,3.425561072696551,-0.425608072696551
3844,2.9928415,3.4259859623624584,-0.4331444623624585
3845,3.0019782,3.4263766428075457,-0.4243984428075458
3846,3.0126746,3.4267530773533545,-0.41407847735335457
3847,3.0272577,3.4271646849505286,-0.3999069849505288
3848,3.0449982,3.427676109451089,-0.3826779094510888
3849,3.066004,3.428026871417613,-0.36202287141761325
3850,3.0896792,3.4280136702740958,-0.3383344702740958
3851,3.108601,3.4278671753830867,-0.31926617538308655
3852,3.111192,3.427611735261123,-0.3164197352611229
3853,3.1208026,3.427207725246252,-0.30640512524625185
3854,3.134683,3.426634501266229,-0.29195150126622904
3855,3.1462543,3.425928853173029,-0.27967455317302914
3856,3.1507983,3.425574095232933,-0.2747757952329333
3857,3.1528919,3.425091356934811,-0.27219945693481096
3858,3.154602,3.4239870019289502,-0.2693850019289501
3859,3.1659567,3.422411120674963,-0.2564544206749626
3860,3.165499,3.42074160705916,-0.2552426070591598
3861,3.1649868,3.418959836022022,-0.25397303602202204
3862,3.1630805,3.4170387724911317,-0.2539582724911318
3863,3.1641269,3.4151139308544565,-0.2509870308544566
3864,3.164942,3.4130640014878164,-0.2481220014878165
3865,3.1649716,3.4108367871897305,-0.2458651871897306
3866,3.1675394,3.4084304550677915,-0.24089105506779163
3867,3.1691296,3.4059305423435666,-0.2368009423435664
3868,3.1737812,3.4034376401114748,-0.22965644011147468
3869,3.179804,3.400996879056928,-0.22119287905692797
3870,3.1847327,3.398579610272146,-0.21384691027214586
3871,3.1921234,3.3962136785418355,-0.2040902785418357
3872,3.2001865,3.393875676960565,-0.19368917696056487
3873,3.2105136,3.3916041323203285,-0.18109053232032846
3874,3.2192667,3.389433319462103,-0.17016661946210299
3875,3.22635,3.387391192550684,-0.16104119255068383
3876,3.234932,3.386163929916654,-0.15123192991665402
3877,3.244169,3.3854125499309387,-0.1412435499309388
3878,3.2480054,3.3845268671105773,-0.13652146711057744
3879,3.2766864,3.383766822314007,-0.10708042231400716
3880,3.2837765,3.3830925050493583,-0.09931600504935822
3881,3.2843137,3.382537480567959,-0.09822378056795911
3882,3.2859683,3.381920558220431,-0.09595225822043085
3883,3.2796445,3.3809558575165233,-0.10131135751652343
3884,3.268823,3.3798525110966464,-0.1110295110966466
3885,3.2502692,3.3789072477573603,-0.12863804775736032
3886,3.2169178,3.3781424428095264,-0.1612246428095263
3887,3.1929767,3.3775194186649906,-0.1845427186649906
3888,3.1673834,3.377025249160744,-0.20964184916074435
3889,3.1416233,3.3766368150413553,-0.23501351504135526
3890,3.116309,3.37646957870096,-0.26016057870096
3891,3.0924563,3.376336063889693,-0.28387976388969305
3892,3.0714395,3.376208747938189,-0.30476924793818894
3893,3.0630667,3.376265552592235,-0.31319885259223534
3894,3.0159945,3.376421835347288,-0.36042733534728777
3895,3.0084796,3.3766884021290178,-0.36820880212901796
3896,3.0070038,3.377014268216323,-0.3700104682163228
3897,3.0131314,3.3774702457606467,-0.3643388457606469
3898,3.0247235,3.377983797879454,-0.3532602978794541
3899,3.0489078,3.3784821944755445,-0.3295743944755447
3900,3.0647986,3.3790627830654163,-0.31426418306541626
3901,3.0746439,3.3797006025636205,-0.3050567025636206
3902,3.0802765,3.380369514584288,-0.30009301458428794
3903,3.0861456,3.381086646272282,-0.2949410462722821
3904,3.093738,3.381903079074358,-0.28816507907435795
3905,3.1010742,3.382800808617231,-0.2817266086172312
3906,3.1066666,3.383757173075453,-0.27709057307545315
3907,3.1152606,3.3847884112943385,-0.26952781129433845
3908,3.1262784,3.3858827976401886,-0.2596043976401887
3909,3.1409967,3.386987844377817,-0.24599114437781688
3910,3.157767,3.3881075523974182,-0.23034055239741802
3911,3.1666543,3.3892489293093195,-0.22259462930931972
3912,3.1756592,3.3904275124112804,-0.21476831241128025
3913,3.1833432,3.3915955494337275,-0.2082523494337276
3914,3.1916766,3.3927098809128107,-0.20103328091281059
3915,3.1965778,3.393793081132863,-0.19721528113286313
3916,3.1976514,3.394871208056287,-0.19721980805628725
3917,3.1970236,3.397231444346491,-0.20020784434649075
3918,3.1987894,3.400321735222875,-0.20153233522287506
3919,3.2049625,3.4027348623175766,-0.19777236231757644
3920,3.2076797,3.4049103757934325,-0.19723067579343256
3921,3.2079358,3.4068933906866548,-0.19895759068665475
3922,3.2122912,3.408686763981321,-0.19639556398132108
3923,3.2139041,3.410367177288077,-0.19646307728807688
3924,3.2205255,3.412335901662811,-0.19181040166281127
3925,3.2283227,3.414268647773542,-0.18594594777354212
3926,3.2412097,3.4158107368382513,-0.17460103683825112
3927,3.2554157,3.4172664398131323,-0.16185073981313236
3928,3.27365,3.418629660119858,-0.14497966011985808
3929,3.2907574,3.4198669444845695,-0.12910954448456957
3930,3.309191,3.420991988271595,-0.1118009882715949
3931,3.3203015,3.4216776292784967,-0.10137612927849693
3932,3.3300183,3.421311170020227,-0.09129287002022712
3933,3.3368857,3.4202201354144735,-0.0833344354144736
3934,3.351546,3.418781987369468,-0.06723598736946812
3935,3.3472836,3.417335808395957,-0.07005220839595694
3936,3.3474667,3.4160601586819346,-0.06859345868193456
3937,3.3420727,3.415043933310193,-0.07297123331019284
3938,3.3367321,3.4141285217025046,-0.07739642170250471
3939,3.330343,3.4131256809105888,-0.08278268091058871
3940,3.31884,3.412142721742464,-0.09330272174246401
3941,3.3072238,3.41113994362255,-0.10391614362254975
3942,3.2960837,3.4100539565134307,-0.11397025651343062
3943,3.2872303,3.40887035622435,-0.12164005622434981
3944,3.2836978,3.4076088202705233,-0.12391102027052314
3945,3.2866724,3.406253713473274,-0.11958131347327416
3946,3.2889612,3.4047986736583558,-0.11583747365835562
3947,3.291818,3.4032322761339886,-0.11141427613398847
3948,3.295322,3.4015356272937955,-0.10621362729379547
3949,3.293564,3.3997073607232218,-0.10614336072322184
3950,3.283329,3.397755180164007,-0.11442618016400674
3951,3.2743108,3.3956741199235987,-0.12136331992359883
3952,3.2664347,3.3934686523346125,-0.12703395233461245
3953,3.2596245,3.391410153047944,-0.13178565304794398
3954,3.2538047,3.3893753068259818,-0.13557060682598188
3955,3.2488995,3.387120272914056,-0.13822077291405632
3956,3.2448332,3.384801594781302,-0.13996839478130196
3957,3.2415302,3.382434693739222,-0.14090449373922187
3958,3.238915,3.3800242281805546,-0.1411092281805546
3959,3.2369115,3.377587665164097,-0.14067616516409664
3960,3.2354443,3.3750854384109084,-0.1396411384109082
3961,3.2344377,3.372544737152825,-0.13810703715282502
3962,3.233816,3.3700468196912907,-0.1362308196912907
3963,3.2335033,3.367584639498351,-0.13408133949835088
3964,3.2370064,3.3651201512113493,-0.1281137512113495
3965,3.273795,3.362710322318904,-0.08891532231890409
3966,3.2853622,3.360388829495928,-0.07502662949592809
3967,3.2919354,3.3582269564456024,-0.06629155644560258
3968,3.3002102,3.3562696293643826,-0.056059429364382574
3969,3.3052762,3.354517445473186,-0.049241245473185646
3970,3.3136804,3.353004867245807,-0.03932446724580707
3971,3.314294,3.351717709534933,-0.037423709534933014
3972,3.3206525,3.3506354218734478,-0.029982921873447754
3973,3.3294156,3.34973507065267,-0.020319470652669924
3974,3.3437207,3.3490352300344965,-0.005314530034496556
3975,3.3655264,3.3485661693587208,0.01696023064127905
3976,3.3657467,3.348347604506087,0.01739909549391294
3977,3.3587735,3.348491293859323,0.010282206140676653
3978,3.3478186,3.3489643257099457,-0.0011457257099456442
3979,3.3276477,3.349664442387854,-0.022016742387854116
3980,3.3019803,3.3505918442111455,-0.04861154421114566
3981,3.268303,3.351758648940156,-0.08345564894015611
3982,3.2354279,3.3532764161216773,-0.11784851612167735
3983,3.205232,3.3550619882197177,-0.1498299882197176
3984,3.1829486,3.357008021191358,-0.17405942119135798
3985,3.1764514,3.3591693936032616,-0.18271799360326169
3986,3.1551068,3.3615663590019844,-0.20645955900198443
3987,3.153815,3.3642026572789723,-0.21038765727897246
3988,3.160252,3.3669986523763487,-0.20674665237634882
3989,3.1667492,3.3698708878414507,-0.2031216878414508
3990,3.1784265,3.372821734516513,-0.19439523451651297
3991,3.1927512,3.375844162462318,-0.1830929624623181
3992,3.2120557,3.378870503381981,-0.16681480338198096
3993,3.231489,3.3818681869064777,-0.1503791869064779
3994,3.2489798,3.3849208302880434,-0.1359410302880435
3995,3.2524393,3.3880442202992205,-0.13560492029922067
3996,3.2612317,3.391225830972039,-0.12999413097203893
3997,3.2729306,3.394464015615446,-0.12153341561544595
3998,3.28159,3.3977496524369135,-0.11615965243691351
3999,3.2925284,3.4010355287261764,-0.1085071287261763
4000,3.3062494,3.404309570864296,-0.09806017086429586
4001,3.3152378,3.407569286786122,-0.09233148678612224
4002,3.3259125,3.410789860909772,-0.08487736090977238
4003,3.339873,3.4140839814280843,-0.07421098142808447
4004,3.3469684,3.417385038387317,-0.07041663838731704
4005,3.3343976,3.420512336949344,-0.08611473694934402
4006,3.31559,3.4235077492569044,-0.10791774925690456
4007,3.2906592,3.426375992116877,-0.13571679211687693
4008,3.2665808,3.4290733925249977,-0.16249259252499781
4009,3.2426987,3.4315928001788705,-0.18889410017887043
4010,3.2251172,3.4339370454602682,-0.2088198454602681
4011,3.209223,3.4360868782073775,-0.2268638782073773
4012,3.1982596,3.438226107136968,-0.23996650713696788
4013,3.1878064,3.4416297095840838,-0.25382330958408383
4014,3.1809247,3.4454730878718682,-0.2645483878718684
4015,3.16385,3.4483990217143896,-0.28454902171438956
4016,3.1382065,3.45109160492592,-0.31288510492592003
4017,3.1199036,3.4534933715981007,-0.33358977159810044
4018,3.0952682,3.455603220039077,-0.36033502003907714
4019,3.074101,3.457466360616085,-0.38336536061608495
4020,3.0522287,3.4590740406223324,-0.40684534062233224
4021,3.0448139,3.460443783886884,-0.41562988388688415
4022,3.0451388,3.461505326475074,-0.4163665264750738
4023,3.0493207,3.4622334878677306,-0.41291278786773056
4024,3.0580204,3.4624462771431155,-0.4044258771431153
4025,3.0685925,3.4614822579568596,-0.39288975795685976
4026,3.0742056,3.4596523610586356,-0.3854467610586356
4027,3.075034,3.4575275004410186,-0.3824935004410186
4028,3.0676422,3.4551128777854583,-0.3874706777854584
4029,3.057773,3.4524147827818537,-0.3946417827818536
4030,3.0474079,3.4494477822798317,-0.4020398822798317
4031,3.033699,3.446223898498948,-0.412524898498948
4032,3.0172653,3.4427488614857853,-0.42548356148578526
4033,3.002229,3.43895181884888,-0.4367228188488803
4034,2.992326,3.4347044803528286,-0.4423784803528288
4035,2.9848328,3.4300759195821318,-0.4452431195821318
4036,2.9831607,3.4252505863710945,-0.4420898863710945
4037,3.005163,3.4202430725871813,-0.41508007258718127
4038,3.004764,3.4150696646477066,-0.41030566464770635
4039,2.9954507,3.4097503531281648,-0.41429965312816464
4040,2.9782474,3.404310209561854,-0.42606280956185394
4041,2.9549124,3.3987698794114594,-0.44385747941145937
4042,2.9074817,3.393242251320865,-0.48576055132086493
4043,2.880383,3.387727117301881,-0.5073441173018809
4044,2.8455417,3.3821110670080032,-0.5365693670080032
4045,2.8172214,3.3764164394495406,-0.5591950394495404
4046,2.7921863,3.3706477591701183,-0.5784614591701183
4047,2.7688174,3.3648314413086764,-0.5960140413086763
4048,2.7483945,3.358941588325818,-0.6105470883258182
4049,2.7285733,3.3529790871150915,-0.6244057871150916
4050,2.700144,3.346990604156961,-0.6468466041569609
4051,2.6828296,3.341097992100874,-0.6582683921008741
4052,2.6655622,3.3353477672573084,-0.6697855672573083
4053,2.6493442,3.3296848433965818,-0.680340643396582
4054,2.634808,3.3242261881282618,-0.6894181881282617
4055,2.6216571,3.318979271666735,-0.6973221716667348
4056,2.6096442,3.3142475202667314,-0.7046033202667314
4057,2.6005085,3.3097868644902366,-0.7092783644902365
4058,2.5962677,3.3054311078182237,-0.7091634078182238
4059,2.5974667,3.301229250441601,-0.703762550441601
4060,2.5981534,3.297275879601356,-0.699122479601356
4061,2.5961914,3.2934310553082753,-0.6972396553082754
4062,2.5873783,3.2895887599859566,-0.7022104599859564
4063,2.5732837,3.2858945567989455,-0.7126108567989453
4064,2.5538287,3.2823766269717556,-0.7285479269717556
4065,2.5331726,3.2789478610579605,-0.7457752610579607
4066,2.509805,3.2760089798271834,-0.7662039798271834
4067,2.48652,3.273514780683608,-0.786994780683608
4068,2.4740949,3.271275579868137,-0.7971806798681373
4069,2.45236,3.2693856378064052,-0.8170256378064051
4070,2.4371774,3.2676574819775515,-0.8304800819775515
4071,2.4226773,3.266139890070598,-0.8434625900705979
4072,2.409268,3.265000290992909,-0.855732290992909
4073,2.3949225,3.2642214235197566,-0.8692989235197568
4074,2.3770142,3.2638415861008516,-0.8868273861008515
4075,2.3681378,3.264384452281125,-0.8962466522811252
4076,2.366066,3.265709712414071,-0.899643712414071
4077,2.394056,3.2670282505146373,-0.8729722505146373
4078,2.4033835,3.268679572140802,-0.8652960721408021
4079,2.4207175,3.2706725860890056,-0.8499550860890057
4080,2.4449866,3.273253566384411,-0.8282669663844109
4081,2.473343,3.2759971194006834,-0.8026541194006835
4082,2.5009112,3.278412306992366,-0.7775011069923661
4083,2.532814,3.2807334250734934,-0.7479194250734933
4084,2.550307,3.282871325610731,-0.7325643256107308
4085,2.5712717,3.285186143823682,-0.7139144438236817
4086,2.590695,3.287588513890674,-0.6968935138906738
4087,2.603906,3.290175270263508,-0.6862692702635083
4088,2.6122622,3.2932153284259416,-0.6809531284259416
4089,2.6157825,3.2965630205845455,-0.6807805205845456
4090,2.6106503,3.2999959695612318,-0.6893456695612317
4091,2.601785,3.3036430406876134,-0.7018580406876134
4092,2.5894012,3.307409701662709,-0.7180085016627089
4093,2.5757217,3.3113941256951986,-0.7356724256951988
4094,2.5660489,3.3155481428734808,-0.7494992428734806
4095,2.5554974,3.319917327020022,-0.7644199270200218
4096,2.5464063,3.324424630911426,-0.7780183309114257
4097,2.5369449,3.3288629489896775,-0.7919180489896775
4098,2.5277753,3.3331952658324844,-0.8054199658324843
4099,2.5161765,3.3374145957737937,-0.8212380957737939
4100,2.5099597,3.3416286938932163,-0.8316689938932162
4101,2.5103183,3.3458910330447815,-0.8355727330447817
4102,2.5186856,3.3502473869191984,-0.8315617869191985
4103,2.5334625,3.354940409471479,-0.8214779094714788
4104,2.557432,3.3596603385463903,-0.8022283385463904
4105,2.58724,3.364265403298299,-0.7770254032982988
4106,2.6167166,3.3685013713044616,-0.7517847713044614
4107,2.6497433,3.371937877378056,-0.722194577378056
4108,2.6843991,3.375182265707845,-0.6907831657078454
4109,2.7157223,3.378638216708943,-0.6629159167089429
4110,2.7423165,3.3819835044382702,-0.6396670044382704
4111,2.7437835,3.385233489103654,-0.6414499891036538
4112,2.742322,3.388721114954567,-0.6463991149545669
4113,2.7399771,3.3922617580234973,-0.6522846580234973
4114,2.7368236,3.39561896422642,-0.6587953642264197
4115,2.7329364,3.3990354025265646,-0.6660990025265647
4116,2.7283902,3.402202881858245,-0.6738126818582448
4117,2.7232583,3.4048775166451506,-0.6816192166451507
4118,2.7176185,3.4077450615148632,-0.6901265615148633
4119,2.7115448,3.410564927066162,-0.699020127066162
4120,2.7051117,3.4135037369546053,-0.7083920369546055
4121,2.6983943,3.41640162591896,-0.7180073259189599
4122,2.691467,3.419301521984594,-0.7278345219845943
4123,2.684405,3.4218780318657616,-0.7374730318657616
4124,2.677577,3.42424552388489,-0.7466685238848902
4125,2.679304,3.426624821514669,-0.7473208215146689
4126,2.6839926,3.429101099955035,-0.7451084999550353
4127,2.6856515,3.4314445260261865,-0.7457930260261865
4128,2.6882107,3.433560967669504,-0.7453502676695041
4129,2.6913168,3.435500698263726,-0.7441838982637261
4130,2.6901343,3.4372666180026936,-0.7471323180026936
4131,2.6831872,3.438956266544092,-0.7557690665440919
4132,2.6609628,3.440589082348481,-0.779626282348481
4133,2.6474838,3.4419501820536818,-0.7944663820536819
4134,2.6393826,3.4431294912659105,-0.8037468912659107
4135,2.6282742,3.444114930927241,-0.8158407309272411
4136,2.6193988,3.445026175129626,-0.8256273751296259
4137,2.6121151,3.4458504636458462,-0.8337353636458462
4138,2.6074786,3.44631882428675,-0.8388402242867503
4139,2.6055515,3.4465215619906546,-0.8409700619906548
4140,2.6030316,3.4465608510669785,-0.8435292510669785
4141,2.59975,3.446450368260967,-0.8467003682609673
4142,2.596419,3.4462786714286184,-0.8498596714286184
4143,2.5855877,3.4460756568060367,-0.8604879568060366
4144,2.5694711,3.445731867561497,-0.8762607675614973
4145,2.5498602,3.445163332978512,-0.8953031329785119
4146,2.5323443,3.4446267056661903,-0.9122824056661902
4147,2.5132163,3.4442175108527087,-0.9310012108527088
4148,2.4910169,3.4436141595252816,-0.9525972595252816
4149,2.4814236,3.4428626158001268,-0.9614390158001269
4150,2.4737375,3.4420191906590683,-0.9682816906590683
4151,2.4669025,3.441137773342686,-0.9742352733426856
4152,2.462846,3.44011918157847,-0.9772731815784703
4153,2.4599903,3.4388903986953494,-0.9789000986953496
4154,2.4593778,3.43757304247803,-0.97819524247803
4155,2.4573483,3.4359808837153842,-0.9786325837153842
4156,2.4588046,3.4341124490094743,-0.9753078490094742
4157,2.461149,3.431983447887717,-0.9708344478877171
4158,2.4623086,3.429312190830935,-0.9670035908309349
4159,2.4654028,3.426060027234717,-0.9606572272347167
4160,2.4686987,3.4225490626722017,-0.9538503626722017
4161,2.481538,3.418771532610675,-0.9372335326106751
4162,2.4881375,3.4147360354260248,-0.9265985354260247
4163,2.4892328,3.4110451103666546,-0.9218123103666547
4164,2.4923184,3.4072101926978138,-0.914891792697814
4165,2.4979684,3.40306710022846,-0.9050987002284598
4166,2.5103748,3.398712024740322,-0.8883372247403218
4167,2.5242975,3.3942154758921825,-0.8699179758921827
4168,2.5354114,3.3896433751130592,-0.8542319751130591
4169,2.5455203,3.385088608685319,-0.839568308685319
4170,2.553603,3.3804403270891545,-0.8268373270891547
4171,2.5764694,3.375561092432485,-0.7990916924324849
4172,2.5889282,3.3705477219662576,-0.7816195219662578
4173,2.5960605,3.365654291233683,-0.769593791233683
4174,2.5948007,3.360895067788978,-0.7660943677889782
4175,2.5823321,3.356328286108725,-0.7739961861087252
4176,2.5638733,3.351914044332341,-0.7880407443323412
4177,2.5391355,3.347771145207362,-0.808635645207362
4178,2.5163553,3.343742622249592,-0.8273873222495922
4179,2.4969919,3.3397922342428967,-0.8428003342428969
4180,2.4799368,3.335998458138678,-0.8560616581386782
4181,2.4557354,3.332487399176861,-0.8767519991768609
4182,2.444567,3.329231117359286,-0.8846641173592857
4183,2.429123,3.326175457677894,-0.8970524576778938
4184,2.4150424,3.3233829671663706,-0.9083405671663707
4185,2.4004233,3.320671967883987,-0.9202486678839872
4186,2.3845923,3.3180162497448156,-0.9334239497448156
4187,2.3706512,3.315866215507562,-0.945215015507562
4188,2.3607953,3.3141734312968194,-0.9533781312968195
4189,2.3529913,3.312620991207328,-0.9596296912073283
4190,2.3508356,3.3112349910390737,-0.9603993910390738
4191,2.3521914,3.310008852059219,-0.9578174520592189
4192,2.3541489,3.3088819811892303,-0.9547330811892301
4193,2.3565433,3.307921698827973,-0.9513783988279734
4194,2.351131,3.3070520739655906,-0.9559210739655906
4195,2.3485653,3.306162761948344,-0.9575974619483438
4196,2.3736355,3.305496956532823,-0.9318614565328232
4197,2.361848,3.3049619930119465,-0.9431139930119463
4198,2.359035,3.3043805380913973,-0.9453455380913973
4199,2.360648,3.3037370244176807,-0.9430890244176808
4200,2.3724988,3.3031232474599412,-0.9306244474599414
4201,2.3916888,3.302517689979562,-0.910828889979562
4202,2.4183667,3.3020016046461667,-0.8836349046461667
4203,2.4445102,3.301806360854311,-0.857296160854311
4204,2.4615479,3.3017654960242924,-0.8402175960242926
4205,2.481041,3.301687944835555,-0.8206469448355551
4206,2.4926758,3.3016025467260524,-0.8089267467260521
4207,2.5027652,3.301524747734094,-0.7987595477340941
4208,2.509565,3.3015136151028055,-0.7919486151028057
4209,2.5089405,3.3020318023305384,-0.7930913023305384
4210,2.4987018,3.3029453613991993,-0.8042435613991992
4211,2.489513,3.3035857328608733,-0.8140727328608732
4212,2.4845276,3.304199985708617,-0.8196723857086172
4213,2.4849887,3.3049223774944285,-0.8199336774944284
4214,2.4904993,3.3057143751172946,-0.8152150751172944
4215,2.4960544,3.3066827562209187,-0.8106283562209189
4216,2.5049396,3.307903716465209,-0.8029641164652088
4217,2.5119412,3.309180212853812,-0.797239012853812
4218,2.5165024,3.310517182568992,-0.794014782568992
4219,2.5237973,3.3122641194762736,-0.7884668194762736
4220,2.5337079,3.314324839470116,-0.7806169394701161
4221,2.5479257,3.3164288093404184,-0.7685031093404184
4222,2.5629828,3.3186838082072203,-0.7557010082072204
4223,2.581206,3.321056955428723,-0.7398509554287229
4224,2.603726,3.323729642108413,-0.7200036421084128
4225,2.6299841,3.326632703425699,-0.6966486034256989
4226,2.6528156,3.329583865836842,-0.6767682658368424
4227,2.6752613,3.3325344209677334,-0.6572731209677336
4228,2.6992307,3.335511269286104,-0.6362805692861038
4229,2.7239609,3.338409602832204,-0.6144487028322043
4230,2.7515063,3.3412911149327544,-0.5897848149327545
4231,2.7796948,3.3440412639126245,-0.5643464639126243
4232,2.805019,3.3468509457761813,-0.5418319457761811
4233,2.8310013,3.350023470231116,-0.519022170231116
4234,2.8579733,3.35319414006946,-0.49522084006946
4235,2.8815906,3.3558854822517326,-0.47429488225173255
4236,2.904795,3.3579173189398968,-0.45312231893989674
4237,2.9251175,3.359731883907356,-0.4346143839073564
4238,2.9447272,3.361634361654784,-0.4169071616547839
4239,2.9632776,3.3636096867941854,-0.4003320867941853
4240,2.9827096,3.3656064501047416,-0.3828968501047414
4241,3.0009744,3.3675349064420645,-0.3665605064420645
4242,3.0213742,3.369286540097722,-0.347912340097722
4243,3.0315595,3.371093531793424,-0.3395340317934239
4244,3.0309143,3.3729694901591816,-0.3420551901591815
4245,3.0150332,3.3747843152911257,-0.3597511152911257
4246,2.9879138,3.3765344016936845,-0.3886206016936846
4247,2.953963,3.3781125508330403,-0.4241495508330404
4248,2.921146,3.379492675108522,-0.4583466751085221
4249,2.889075,3.3807838750228165,-0.49170887502281646
4250,2.85957,3.3822284178892397,-0.5226584178892395
4251,2.8325436,3.3836607159669634,-0.5511171159669632
4252,2.8015912,3.385116240833938,-0.5835250408339383
4253,2.7661242,3.3864838741530576,-0.6203596741530575
4254,2.726921,3.387686611420829,-0.6607656114208291
4255,2.6965506,3.3889016432523267,-0.6923510432523265
4256,2.6789005,3.390113673784313,-0.711213173784313
4257,2.6629465,3.391225646516743,-0.7282791465167433
4258,2.6486351,3.392301966690991,-0.7436668666909911
4259,2.6359143,3.393532622557399,-0.7576183225573989
4260,2.62473,3.3948943720859948,-0.7701643720859948
4261,2.6150296,3.396395948422056,-0.7813663484220559
4262,2.6067595,3.397899503922801,-0.7911400039228011
4263,2.599867,3.3992202834233556,-0.7993532834233554
4264,2.594299,3.400349523610488,-0.8060505236104882
4265,2.590002,3.401548534121764,-0.811546534121764
4266,2.5869231,3.402888337743495,-0.8159652377434949
4267,2.5850093,3.404063360751771,-0.8190540607517711
4268,2.5842073,3.4051629212328094,-0.8209556212328093
4269,2.5826187,3.40613832536478,-0.8235196253647801
4270,2.5735343,3.406885620561894,-0.8333513205618939
4271,2.5635724,3.4074895980417588,-0.8439171980417588
4272,2.5480216,3.408035898977011,-0.8600142989770108
4273,2.5315259,3.4085045604443462,-0.8769786604443461
4274,2.5295944,3.4088706184421524,-0.8792762184421523
4275,2.4999979,3.4091776159253397,-0.9091797159253399
4276,2.4910693,3.4094374330046606,-0.9183681330046607
4277,2.4943478,3.4096625820795814,-0.9153147820795815
4278,2.5037558,3.4099040926223707,-0.9061482926223707
4279,2.5241416,3.4101054129618036,-0.8859638129618035
4280,2.5493906,3.4102516701995094,-0.8608610701995092
4281,2.581217,3.4104413643839644,-0.8292243643839643
4282,2.6099713,3.4106141667577288,-0.8006428667577286
4283,2.6304724,3.410749294420534,-0.7802768944205343
4284,2.6384757,3.410917074722413,-0.7724413747224133
4285,2.6406293,3.4111040936584414,-0.7704747936584413
4286,2.637377,3.4113019604093586,-0.7739249604093588
4287,2.634661,3.4115280741353318,-0.7768670741353318
4288,2.6347983,3.411776348391096,-0.7769780483910962
4289,2.63082,3.4120203746148925,-0.7812003746148926
4290,2.6297324,3.4122377603469602,-0.7825053603469603
4291,2.628744,3.4124560277339273,-0.7837120277339271
4292,2.626503,3.4127113565303824,-0.7862083565303823
4293,2.6278317,3.412987673184947,-0.7851559731849469
4294,2.6296136,3.413209978111416,-0.7835963781114161
4295,2.6395853,3.413319232512559,-0.7737339325125592
4296,2.6526248,3.4133716993028966,-0.7607468993028967
4297,2.6620212,3.4133867477874267,-0.7513655477874268
4298,2.6670227,3.413334449552941,-0.746311749552941
4299,2.6798718,3.4131955754106835,-0.7333237754106836
4300,2.69184,3.412977331498584,-0.7211373314985838
4301,2.7066782,3.4127070632021677,-0.7060288632021678
4302,2.7218683,3.4124077309878365,-0.6905394309878363
4303,2.7431793,3.412085292857739,-0.6689059928577392
4304,2.768099,3.41170905656545,-0.6436100565654503
4305,2.797335,3.411210612823449,-0.613875612823449
4306,2.8262699,3.410582866069698,-0.5843129660696982
4307,2.851206,3.4098598838113903,-0.5586538838113904
4308,2.8847287,3.4091553955632072,-0.5244266955632071
4309,2.908783,3.4085823964592232,-0.4997993964592231
4310,2.9330008,3.4079526394371804,-0.47495183943718056
4311,2.9564786,3.407216653572269,-0.45073805357226915
4312,2.9745047,3.4066466467617222,-0.43214194676172246
4313,2.9906213,3.406618757255742,-0.4159974572557421
4314,3.013044,3.4067927381144583,-0.39374873811445843
4315,3.027551,3.406827122662163,-0.37927612266216304
4316,3.034752,3.406828629922638,-0.3720766299226379
4317,3.0452826,3.4068894547691166,-0.36160685476911647
4318,3.0376194,3.4070797282503142,-0.36946032825031416
4319,3.020738,3.4071413619301603,-0.3864033619301601
4320,2.9945962,3.4069915245750817,-0.41239532457508155
4321,2.9661984,3.4067870556256854,-0.4405886556256853
4322,2.9388165,3.406532311442611,-0.467715811442611
4323,2.9175632,3.4061926261397177,-0.4886294261397177
4324,2.8959339,3.405766712570794,-0.509832812570794
4325,2.8788486,3.4051601524334156,-0.5263115524334157
4326,2.8616147,3.4043818345074124,-0.5427671345074123
4327,2.8492563,3.403453888184181,-0.5541975881841812
4328,2.8522818,3.402440349495041,-0.5501585494950407
4329,2.8667407,3.401380085764648,-0.5346393857646481
4330,2.871947,3.4002913628996025,-0.5283443628996025
4331,2.8783832,3.3991759949005687,-0.5207927949005686
4332,2.8855536,3.3980601654664593,-0.5125065654664591
4333,2.8919308,3.396861634183935,-0.5049308341839351
4334,2.8932724,3.395581975292995,-0.5023095752929954
4335,2.8834174,3.3943877959408018,-0.5109703959408018
4336,2.8645108,3.3933086494152334,-0.5287978494152332
4337,2.8383615,3.392377940893602,-0.5540164408936019
4338,2.80668,3.391571507829641,-0.5848915078296408
4339,2.7698767,3.3908700512904457,-0.6209933512904455
4340,2.7304807,3.3902632181112082,-0.659782518111208
4341,2.6928232,3.3897592199254443,-0.6969360199254444
4342,2.6635187,3.3893784882218916,-0.7258597882218916
4343,2.6322708,3.3890998406354473,-0.7568290406354472
4344,2.6038928,3.3889139905000345,-0.7850211905000344
4345,2.5822678,3.3888259463920254,-0.8065581463920255
4346,2.5610623,3.3888354054356826,-0.8277731054356825
4347,2.5362134,3.3889371662628776,-0.8527237662628777
4348,2.5108654,3.3891195985058906,-0.8782541985058905
4349,2.48755,3.3893774709769366,-0.9018274709769365
4350,2.4654682,3.389702313516166,-0.924234113516166
4351,2.4494007,3.3900773360439387,-0.9406766360439387
4352,2.4352722,3.390490211255693,-0.9552180112556932
4353,2.4262466,3.3909431535426466,-0.9646965535426468
4354,2.42779,3.391437954824911,-0.9636479548249111
4355,2.4373562,3.391953220723504,-0.9545970207235039
4356,2.4579904,3.392482203923457,-0.9344918039234571
4357,2.483392,3.3930333043812446,-0.9096413043812448
4358,2.510133,3.393579581308612,-0.8834465813086116
4359,2.5318234,3.394089044624682,-0.8622656446246819
4360,2.5460467,3.3945956401770516,-0.8485489401770514
4361,2.5537698,3.3951032564632793,-0.8413334564632793
4362,2.5598538,3.395622037608533,-0.8357682376085331
4363,2.5593143,3.396245895565935,-0.8369315955659351
4364,2.5592892,3.397032144478136,-0.8377429444781361
4365,2.5620258,3.397813834430265,-0.8357880344302653
4366,2.5717502,3.398591761681324,-0.826841561681324
4367,2.5777185,3.400112256084277,-0.8223937560842769
4368,2.58667,3.4020158050044005,-0.8153458050044007
4369,2.5896716,3.4036119881381337,-0.8139403881381337
4370,2.5877554,3.4051993983979467,-0.8174439983979469
4371,2.5802014,3.4068146738438947,-0.8266132738438947
4372,2.5684857,3.4084930281139436,-0.8400073281139435
4373,2.5550036,3.410186114802822,-0.8551825148028218
4374,2.5430734,3.4119073041916708,-0.8688339041916708
4375,2.5322843,3.4136558353752595,-0.8813715353752594
4376,2.5356312,3.4153639398973157,-0.8797327398973156
4377,2.5482378,3.4169871634991527,-0.8687493634991528
4378,2.55816,3.41847818721772,-0.8603181872177199
4379,2.565844,3.41994221736822,-0.8540982173682203
4380,2.5717363,3.4214537520868413,-0.8497174520868414
4381,2.5762832,3.422974258240042,-0.846691058240042
4382,2.5799313,3.424510746417994,-0.8445794464179937
4383,2.5831268,3.4260746733713,-0.8429478733712998
4384,2.586316,3.427651145500866,-0.841335145500866
4385,2.5899458,3.429265342727811,-0.8393195427278108
4386,2.5944624,3.430915692566946,-0.8364532925669463
4387,2.6003118,3.432592259617144,-0.8322804596171438
4388,2.6079407,3.434316711516276,-0.8263760115162762
4389,2.6217194,3.4361151260185756,-0.8143957260185757
4390,2.6332898,3.4379311354359636,-0.8046413354359636
4391,2.6316812,3.4397542120113753,-0.8080730120113753
4392,2.634794,3.4415680265770185,-0.8067740265770187
4393,2.6386392,3.4433632650925943,-0.8047240650925942
4394,2.6406806,3.4452658786440655,-0.8045852786440655
4395,2.6305292,3.447191202961498,-0.8166620029614982
4396,2.6028278,3.4490073775206223,-0.8461795775206222
4397,2.6018906,3.4507459797196725,-0.8488553797196725
4398,2.6097434,3.4523890674091087,-0.8426456674091085
4399,2.62357,3.45394374876866,-0.8303737487686602
4400,2.6447437,3.455328554243202,-0.8105848542432024
4401,2.6672635,3.4564802597680204,-0.7892167597680206
4402,2.694749,3.457054068200166,-0.762305068200166
4403,2.721333,3.4571561555761656,-0.7358231555761656
4404,2.7331882,3.4570953895046452,-0.7239071895046454
4405,2.7377255,3.456842275584621,-0.7191167755846211
4406,2.7325778,3.456379540572156,-0.723801740572156
4407,2.7212155,3.4557080879016606,-0.7344925879016606
4408,2.7065964,3.4548288701313674,-0.7482324701313674
4409,2.6931643,3.453674109553708,-0.760509809553708
4410,2.6865857,3.4523569510234062,-0.765771251023406
4411,2.6861343,3.4509068938664424,-0.7647725938664425
4412,2.6878717,3.4491585184422195,-0.7612868184422195
4413,2.7013211,3.4471336432497717,-0.7458125432497718
4414,2.7099075,3.4448109577181834,-0.7349034577181834
4415,2.7231076,3.442335499529072,-0.7192278995290717
4416,2.7357428,3.4397534061531556,-0.7040106061531555
4417,2.7387695,3.437110214067838,-0.6983407140678377
4418,2.739092,3.434399856998014,-0.695307856998014
4419,2.7401984,3.4316442632498463,-0.6914458632498461
4420,2.7432044,3.4289149274734623,-0.6857105274734621
4421,2.7513177,3.4259733088172064,-0.6746556088172064
4422,2.7656598,3.4228494739833675,-0.6571896739833676
4423,2.7832468,3.419631598938173,-0.636384798938173
4424,2.8051355,3.416338854257257,-0.611203354257257
4425,2.8320498,3.4127421916028036,-0.5806923916028035
4426,2.8566775,3.409019724041739,-0.5523422240417388
4427,2.8817432,3.4053171937127464,-0.5235739937127466
4428,2.9043872,3.4014394420045866,-0.49705224200458664
4429,2.924724,3.397459669243943,-0.47273566924394306
4430,2.9394825,3.3933765346393785,-0.4538940346393785
4431,2.9461267,3.389080054540598,-0.4429533545405979
4432,2.9502194,3.3845783598392685,-0.43435895983926853
4433,2.9498978,3.379969568347383,-0.4300717683473829
4434,2.9507022,3.375161039303595,-0.42445883930359507
4435,2.9518216,3.3701481777863767,-0.4183265777863765
4436,2.9664426,3.3652416537544165,-0.3987990537544164
4437,2.9650671,3.3606897290512325,-0.39562262905123236
4438,2.9559338,3.356429523797953,-0.40049572379795295
4439,2.9450366,3.3521995876960027,-0.4071629876960028
4440,2.9350204,3.348180115849129,-0.41315971584912914
4441,2.920358,3.3445571851438123,-0.4241991851438125
4442,2.898309,3.3410994539297136,-0.44279045392971383
4443,2.870237,3.3377494968599732,-0.4675124968599733
4444,2.8449304,3.3343992321070277,-0.48946883210702774
4445,2.8214242,3.331034825653828,-0.5096106256538278
4446,2.805528,3.3277763585821023,-0.5222483585821025
4447,2.7910602,3.324724684808403,-0.5336644848084031
4448,2.785166,3.321809143361439,-0.5366431433614394
4449,2.7865024,3.31896283713063,-0.5324604371306303
4450,2.794548,3.316131267963711,-0.5215832679637114
4451,2.8099768,3.313243009376475,-0.5032662093764753
4452,2.827399,3.3104071821179484,-0.48300818211794816
4453,2.8489697,3.3077453917427135,-0.4587756917427135
4454,2.8681586,3.305501320073978,-0.4373427200739779
4455,2.898357,3.303400759554527,-0.4050437595545273
4456,2.9233038,3.3014390274418943,-0.37813522744189454
4457,2.941197,3.299706048179545,-0.358509048179545
4458,2.9479892,3.298229913325246,-0.3502407133252463
4459,2.9409244,3.2971312338414767,-0.35620683384147656
4460,2.9283218,3.296483935335966,-0.36816213533596587
4461,2.9194272,3.295976376977528,-0.376549176977528
4462,2.9128418,3.295433759424005,-0.38259195942400526
4463,2.877158,3.294839346404658,-0.4176813464046578
4464,2.8557477,3.29437635556803,-0.4386286555680301
4465,2.8465445,3.2940263759274435,-0.4474818759274437
4466,2.8398678,3.293797861747579,-0.4539300617475792
4467,2.8565707,3.2937140424101776,-0.4371433424101778
4468,2.8597836,3.2938435662795285,-0.43405996627952836
4469,2.8662643,3.294192963815129,-0.42792866381512873
4470,2.8716583,3.294874577754728,-0.42321627775472814
4471,2.876492,3.296042811786077,-0.4195508117860771
4472,2.8816638,3.297474153374836,-0.4158103533748361
4473,2.8904965,3.299030158169465,-0.4085336581694654
4474,2.9075863,3.3014021358531713,-0.39381583585317115
4475,2.9253643,3.3048451209670335,-0.3794808209670335
4476,2.9421823,3.308561399153204,-0.3663790991532041
4477,2.957848,3.312294053432491,-0.35444605343249114
4478,2.9721692,3.316048006026839,-0.34387880602683873
4479,2.9849536,3.3198093646585423,-0.3348557646585424
4480,2.9960093,3.3237383186409843,-0.32772901864098447
4481,3.0051436,3.3275311754469508,-0.32238757544695096
4482,3.0121648,3.3309621235032845,-0.3187973235032846
4483,3.0168803,3.334210033303895,-0.3173297333038949
4484,3.0190978,3.3373156574701737,-0.3182178574701737
4485,3.0119684,3.3401841025606704,-0.32821570256067023
4486,3.006947,3.3428088944376766,-0.3358618944376768
4487,3.0062659,3.3453639678909024,-0.3390980678909026
4488,3.0069144,3.347788337663766,-0.34087393766376595
4489,3.0166583,3.3499955393734884,-0.33333723937348836
4490,3.030621,3.351981277301492,-0.32136027730149186
4491,3.0425274,3.354209084274799,-0.31168168427479914
4492,3.05204,3.357050365201866,-0.3050103652018663
4493,3.061494,3.3601570791284203,-0.29866307912842016
4494,3.0657425,3.3630693397604077,-0.29732683976040786
4495,3.0680487,3.3660739351594104,-0.2980252351594106
4496,3.0666428,3.3692164464907015,-0.3025736464907016
4497,3.0682797,3.3724978321420953,-0.30421813214209514
4498,3.0752738,3.375901844623573,-0.30062804462357295
4499,3.083833,3.379521325386697,-0.2956883253866973
4500,3.0934045,3.382942167889054,-0.289537667889054
4501,3.1003406,3.3853560187668625,-0.28501541876686254
4502,3.1009696,3.3868240474338354,-0.28585444743383537
4503,3.1041424,3.388171163182989,-0.284028763182989
4504,3.0973446,3.389771979027699,-0.292427379027699
4505,3.0915592,3.3920504940760874,-0.30049129407608755
4506,3.0837457,3.394646136584386,-0.3109004365843857
4507,3.0750873,3.397086323216764,-0.321999023216764
4508,3.0778427,3.3996587593590504,-0.3218160593590502
4509,3.062537,3.402374207380608,-0.33983720738060796
4510,3.0678275,3.405065031501539,-0.33723753150153923
4511,3.079252,3.40769969694709,-0.32844769694709
4512,3.0886993,3.410283244093367,-0.321583944093367
4513,3.0972989,3.4127852363498166,-0.3154863363498164
4514,3.1061423,3.415184463818483,-0.30904216381848304
4515,3.110889,3.417680085155793,-0.3067910851557931
4516,3.1181543,3.420195037190798,-0.30204073719079805
4517,3.1242273,3.4226388388645117,-0.2984115388645119
4518,3.1393628,3.42503901111466,-0.28567621111466
4519,3.1517508,3.4273213372224514,-0.2755705372224515
4520,3.1628864,3.4295006597346904,-0.26661425973469033
4521,3.1738446,3.4316795987361677,-0.2578349987361679
4522,3.182371,3.433846780629946,-0.25147578062994613
4523,3.187294,3.4359907409238875,-0.24869674092388738
4524,3.1923816,3.4380919310836235,-0.2457103310836235
4525,3.198457,3.4401469989001714,-0.2416899989001715
4526,3.2092624,3.4421444517392796,-0.23288205173927956
4527,3.2209036,3.4440904879290573,-0.22318688792905705
4528,3.2351086,3.4459931741620125,-0.21088457416201267
4529,3.253067,3.4478460674442055,-0.19477906744420537
4530,3.266463,3.4497084104614064,-0.18324541046140652
4531,3.2813632,3.451533263627212,-0.1701700636272121
4532,3.2961273,3.453312781128509,-0.15718548112850872
4533,3.3062189,3.455083610981914,-0.1488647109819139
4534,3.3171442,3.4568085826064547,-0.13966438260645475
4535,3.3247168,3.4584486995877,-0.13373189958769993
4536,3.3279877,3.4600086571512625,-0.1320209571512625
4537,3.341023,3.4614943617065927,-0.1204713617065929
4538,3.348888,3.4629194239056535,-0.11403142390565346
4539,3.3579068,3.464314398044032,-0.10640759804403199
4540,3.3587964,3.465565844379537,-0.10676944437953706
4541,3.365969,3.466636685152948,-0.10066768515294777
4542,3.3699722,3.467635546005814,-0.09766334600581406
4543,3.3759613,3.4685634647520294,-0.0926021647520292
4544,3.3772943,3.469433543147181,-0.09213924314718103
4545,3.3736038,3.4702883196754524,-0.09668451967545222
4546,3.3752344,3.471361272622192,-0.09612687262219177
4547,3.3794925,3.472594523237333,-0.09310202323733296
4548,3.378189,3.473672004640098,-0.09548300464009829
4549,3.3819983,3.4746337369851137,-0.0926354369851139
4550,3.383182,3.4755956325990485,-0.09241363259904833
4551,3.3806424,3.4765645283833404,-0.09592212838334024
4552,3.3767352,3.4775413156085366,-0.10080611560853647
4553,3.3670774,3.4785304275405378,-0.11145302754053787
4554,3.3518927,3.4795315773779407,-0.12763887737794066
4555,3.334623,3.480512298999593,-0.14588929899959302
4556,3.3104727,3.4814055163360886,-0.1709328163360886
4557,3.289372,3.4822447703687613,-0.19287277036876116
4558,3.274194,3.4831063296568856,-0.20891232965688555
4559,3.2593286,3.4839790726756754,-0.2246504726756755
4560,3.2411358,3.4848464504332988,-0.24371065043329887
4561,3.2202334,3.4857066405466783,-0.2654732405466782
4562,3.2038803,3.486566980237279,-0.2826866802372794
4563,3.1907904,3.487416423081221,-0.29662602308122077
4564,3.181741,3.4882458318159992,-0.3065048318159991
4565,3.1769855,3.489067736253122,-0.31208223625312215
4566,3.1761212,3.4898777900782054,-0.31375659007820556
4567,3.1748416,3.4906449168072466,-0.3158033168072465
4568,3.174046,3.4913468388878885,-0.3173008388878884
4569,3.172118,3.4919738432361513,-0.3198558432361511
4570,3.1688275,3.492508908613316,-0.3236814086133162
4571,3.164188,3.4929400841229343,-0.32875208412293455
4572,3.1645792,3.493251523521716,-0.32867232352171616
4573,3.1691382,3.493444466384933,-0.3243062663849332
4574,3.1775393,3.49352686559256,-0.31598756559256014
4575,3.1842227,3.4934606518946882,-0.3092379518946884
4576,3.1887457,3.4932501416380837,-0.30450444163808355
4577,3.1928906,3.4929023921308135,-0.3000117921308134
4578,3.1959567,3.4923702367855887,-0.2964135367855887
4579,3.1988678,3.4916196583032035,-0.2927518583032036
4580,3.2031162,3.490709065937766,-0.287592865937766
4581,3.206957,3.48966071191616,-0.28270371191615995
4582,3.2094433,3.488499645749646,-0.279056345749646
4583,3.2131543,3.48720105274753,-0.2740467527475303
4584,3.213428,3.4857742469176705,-0.2723462469176705
4585,3.2136624,3.484248800743577,-0.27058640074357676
4586,3.2124732,3.4826463643765897,-0.2701731643765899
4587,3.2097974,3.4809722592134635,-0.27117485921346374
4588,3.2079837,3.479197099809133,-0.27121339980913284
4589,3.2114422,3.4773579727187554,-0.2659157727187553
4590,3.2093866,3.4754686357736695,-0.2660820357736693
4591,3.2116928,3.473556674860877,-0.26186387486087703
4592,3.213162,3.4716279185393013,-0.25846591853930123
4593,3.2151206,3.46969696549407,-0.2545763654940698
4594,3.2129822,3.467797388955162,-0.254815188955162
4595,3.2153614,3.4659416298234285,-0.25058022982342854
4596,3.224035,3.464145821076417,-0.24011082107641668
4597,3.227731,3.4623856882237236,-0.2346546882237237
4598,3.2229428,3.460703639602083,-0.23776083960208272
4599,3.2095664,3.4591278671145256,-0.24956146711452565
4600,3.17728,3.4576444163667417,-0.2803644163667416
4601,3.1500537,3.456271910148369,-0.30621821014836925
4602,3.124889,3.4550689832222234,-0.3301799832222234
4603,3.1051462,3.4540302216682717,-0.3488840216682716
4604,3.093314,3.4530669999495474,-0.35975299994954746
4605,3.0864606,3.452203812324915,-0.3657432123249147
4606,3.085893,3.4514573355680174,-0.3655643355680174
4607,3.085737,3.4508103103723498,-0.3650733103723498
4608,3.089884,3.4502601767593526,-0.3603761767593525
4609,3.0999222,3.4498176769254343,-0.3498954769254343
4610,3.1106122,3.4494812182732257,-0.3388690182732259
4611,3.1220975,3.4492371462135374,-0.3271396462135372
4612,3.1323755,3.449048707922531,-0.31667320792253095
4613,3.1317792,3.44894268330341,-0.31716348330341004
4614,3.1221008,3.448877849039789,-0.326777049039789
4615,3.1043003,3.4487863968843944,-0.3444860968843946
4616,3.0896878,3.4486690713451504,-0.35898127134515034
4617,3.0742242,3.4485193596903616,-0.3742951596903614
4618,3.0631049,3.4483909852816317,-0.3852860852816318
4619,3.0585763,3.4483285755629094,-0.3897522755629095
4620,3.0602798,3.4483167853468344,-0.3880369853468344
4621,3.0632455,3.4483763782660017,-0.3851308782660019
4622,3.0690274,3.448485702313542,-0.37945830231354183
4623,3.0748096,3.4485524156497918,-0.3737428156497917
4624,3.0831811,3.4483812691621165,-0.3652001691621165
4625,3.092854,3.4479394826738465,-0.35508548267384654
4626,3.1023233,3.4473544469922333,-0.34503114699223314
4627,3.1061924,3.4471555783378682,-0.3409631783378684
4628,3.1168158,3.447272200131113,-0.330456400131113
4629,3.1291645,3.4472470955163406,-0.31808259551634066
4630,3.1415884,3.4470740549774477,-0.30548565497744784
4631,3.1528995,3.446766550593244,-0.2938670505932439
4632,3.1657803,3.44646499203324,-0.28068469203324
4633,3.1785889,3.4461113991373837,-0.2675224991373839
4634,3.1826794,3.4456105643433457,-0.2629311643433456
4635,3.183328,3.445056399233417,-0.2617283992334172
4636,3.18944,3.4443697151516157,-0.2549297151516159
4637,3.1880558,3.4435907793222067,-0.2555349793222068
4638,3.1861877,3.442817415029455,-0.256629715029455
4639,3.1812265,3.441972931028978,-0.260746431028978
4640,3.177499,3.44102525241551,-0.26352625241551
4641,3.1762226,3.440464969066374,-0.2642423690663738
4642,3.1626523,3.440052998992891,-0.2774006989928912
4643,3.1448703,3.4395003243042077,-0.2946300243042077
4644,3.1249847,3.438939367502383,-0.313954667502383
4645,3.1149457,3.438420767676072,-0.32347506767607204
4646,3.1125057,3.43793649330175,-0.3254307933017504
4647,3.10769,3.43737606429762,-0.32968606429762026
4648,3.1005664,3.4366655255330207,-0.3360991255330208
4649,3.091202,3.4358444748786243,-0.3446424748786243
4650,3.0796652,3.434928162322148,-0.35526296232214793
4651,3.0660233,3.4339678948143177,-0.36794459481431785
4652,3.0503442,3.433027069272542,-0.3826828692725419
4653,3.032696,3.4320376020748045,-0.3993416020748044
4654,3.019541,3.4309489994691673,-0.4114079994691675
4655,3.0003335,3.4298491805605025,-0.4295156805605025
4656,2.9867957,3.4285641457985467,-0.4417684457985467
4657,2.9734256,3.4268934370440864,-0.45346783704408633
4658,2.9531238,3.425005001610623,-0.47188120161062264
4659,2.9211426,3.4232121783865606,-0.5020695783865605
4660,2.8773575,3.4216375416292695,-0.5442800416292695
4661,2.8285992,3.42011960675574,-0.5915204067557398
4662,2.7791247,3.4185709544863285,-0.6394462544863284
4663,2.7307794,3.416912978176568,-0.6861335781765683
4664,2.692638,3.4150798723780538,-0.7224418723780537
4665,2.6628222,3.41313849858628,-0.7503162985862799
4666,2.6402142,3.4114299359736338,-0.7712157359736338
4667,2.623522,3.4097850504601483,-0.7862630504601484
4668,2.6071765,3.408030166617342,-0.8008536666173418
4669,2.593594,3.40607049011665,-0.8124764901166501
4670,2.562889,3.4039550333543658,-0.8410660333543656
4671,2.5480564,3.4019545597500462,-0.8538981597500461
4672,2.5490735,3.399973975114546,-0.8509004751145461
4673,2.555057,3.398147760252772,-0.843090760252772
4674,2.5701663,3.396428065505024,-0.826261765505024
4675,2.5951517,3.394728660141361,-0.7995769601413607
4676,2.62437,3.392842686228092,-0.7684726862280922
4677,2.652601,3.3906778159699176,-0.7380768159699174
4678,2.684324,3.38834068639759,-0.7040166863975896
4679,2.7157538,3.385947770521783,-0.6701939705217832
4680,2.7427368,3.383581608993983,-0.6408448089939833
4681,2.765747,3.381385547561005,-0.6156385475610047
4682,2.784498,3.3793684015307806,-0.5948704015307804
4683,2.7997262,3.377429936038664,-0.5777037360386643
4684,2.813821,3.3753434255420265,-0.5615224255420266
4685,2.8260574,3.373139987788806,-0.5470825877888061
4686,2.837131,3.371191362076933,-0.5340603620769331
4687,2.8445325,3.369586076380776,-0.5250535763807758
4688,2.8523026,3.3680980240179412,-0.5157954240179414
4689,2.8574002,3.366696888766466,-0.509296688766466
4690,2.8609357,3.3653954495516274,-0.5044597495516272
4691,2.873207,3.3644757307594575,-0.49126873075945765
4692,2.8859165,3.3643176543254945,-0.47840115432549446
4693,2.8976953,3.364476691650149,-0.46678139165014887
4694,2.9090436,3.364830925187336,-0.4557873251873361
4695,2.9211557,3.365356019901567,-0.44420031990156694
4696,2.9333224,3.366216106960725,-0.4328937069607246
4697,2.9510214,3.3673365179421255,-0.4163151179421254
4698,2.95344,3.368375180565201,-0.41493518056520085
4699,2.9400775,3.3693790268887467,-0.42930152688874657
4700,2.9064298,3.370554165576253,-0.4641243655762528
4701,2.8843472,3.3716584655919886,-0.48731126559198845
4702,2.8706708,3.3727880126737317,-0.5021172126737317
4703,2.8656104,3.3740316778508292,-0.5084212778508292
4704,2.8677106,3.37555140476139,-0.5078408047613898
4705,2.8746698,3.3774096488743175,-0.5027398488743176
4706,2.8799765,3.3799480494876337,-0.49997154948763356
4707,2.8864233,3.382521166638545,-0.4960978666385447
4708,2.8954391,3.3848536114043637,-0.48941451140436376
4709,2.907875,3.3863338259165756,-0.4784588259165754
4710,2.92213,3.3869902326102643,-0.4648602326102642
4711,2.9341583,3.387369880177002,-0.453211580177002
4712,2.945769,3.387593640319505,-0.44182464031950497
4713,2.9591959,3.3876518606975092,-0.42845596069750913
4714,2.9604623,3.3877722180546694,-0.42730991805466934
4715,2.9510083,3.388175504562547,-0.437167204562547
4716,2.9590213,3.388866979696319,-0.42984567969631904
4717,2.9693081,3.389485563294976,-0.42017746329497596
4718,2.9836438,3.389982475607984,-0.4063386756079841
4719,2.9942682,3.390413698615245,-0.39614549861524484
4720,3.0143487,3.390646972082751,-0.3762982720827508
4721,3.0349393,3.390810951690775,-0.35587165169077517
4722,3.048874,3.39105545892433,-0.3421814589243297
4723,3.061372,3.3912260730594315,-0.3298540730594315
4724,3.0707715,3.3912928300162264,-0.3205213300162262
4725,3.0758777,3.3914262097396577,-0.31554850973965776
4726,3.0849903,3.3917885731330744,-0.3067982731330745
4727,3.090962,3.392989679443069,-0.30202767944306874
4728,3.0987375,3.394722599248722,-0.29598509924872207
4729,3.1072595,3.396276158796884,-0.2890166587968839
4730,3.1095526,3.3974900498015566,-0.28793744980155633
4731,3.1185412,3.398424873609162,-0.27988367360916167
4732,3.127812,3.3993363551167755,-0.2715243551167754
4733,3.1612484,3.400212011734224,-0.2389636117342242
4734,3.1817768,3.4012403892338217,-0.21946358923382148
4735,3.1890564,3.4023339163127457,-0.2132775163127456
4736,3.1853473,3.4037163862496262,-0.21836908624962614
4737,3.1732755,3.4058052042522,-0.2325297042522001
4738,3.155496,3.4077773717280064,-0.2522813717280066
4739,3.1349607,3.4094147777575268,-0.2744540777575266
4740,3.1144702,3.41090853853575,-0.29643833853574986
4741,3.0949838,3.4122724827275044,-0.3172886827275043
4742,3.0669425,3.4137809612322902,-0.3468384612322901
4743,3.0446308,3.415585828406463,-0.3709550284064629
4744,3.045567,3.4172510291924696,-0.37168402919246946
4745,3.0507257,3.418671010585841,-0.3679453105858408
4746,3.0644586,3.420113675672345,-0.3556550756723449
4747,3.0828967,3.421125863171071,-0.338229163171071
4748,3.1031058,3.4216354900299963,-0.31852969002999654
4749,3.1222818,3.4218053493303535,-0.2995235493303534
4750,3.1385465,3.421692246528954,-0.28314574652895397
4751,3.1497028,3.4212876960353804,-0.2715848960353804
4752,3.1553497,3.4205085887442523,-0.2651588887442524
4753,3.157828,3.4190921022568523,-0.2612641022568525
4754,3.1589139,3.4169964517753217,-0.2580825517753218
4755,3.165498,3.4146059496597054,-0.2491079496597055
4756,3.1736615,3.4121383980262676,-0.23847689802626748
4757,3.1826117,3.409643915123272,-0.22703221512327199
4758,3.1879447,3.407136836859927,-0.219192136859927
4759,3.1979141,3.4043945482407687,-0.2064804482407685
4760,3.2033136,3.401180154274626,-0.19786655427462607
4761,3.2098312,3.397545400874422,-0.18771420087442214
4762,3.2171152,3.3937661105710943,-0.1766509105710945
4763,3.2251828,3.390548383089729,-0.16536558308972937
4764,3.2314136,3.387766910261269,-0.15635331026126886
4765,3.2410028,3.3848316503666154,-0.1438288503666154
4766,3.2473679,3.38201340662226,-0.13464550662226005
4767,3.251926,3.3794528946909153,-0.12752689469091516
4768,3.2525253,3.377054227347884,-0.12452892734788401
4769,3.2492251,3.374734918178298,-0.1255098181782981
4770,3.2376218,3.3726665748001885,-0.13504477480018862
4771,3.2144763,3.3714965339305913,-0.1570202339305915
4772,3.191633,3.3716419963754083,-0.18000899637540835
4773,3.1691678,3.3718510618680706,-0.20268326186807073
4774,3.1544757,3.371511297896461,-0.21703559789646132
4775,3.1426532,3.3706993518527346,-0.2280461518527348
4776,3.1428146,3.369635637921156,-0.22682103792115615
4777,3.1355798,3.3686718847254618,-0.23309208472546183
4778,3.1327221,3.368397564588275,-0.23567546458827504
4779,3.1309683,3.369318797801801,-0.23835049780180073
4780,3.1274676,3.3703640312480996,-0.24289643124809945
4781,3.1282349,3.3707448872593124,-0.2425099872593126
4782,3.1303134,3.3701743785068867,-0.2398609785068868
4783,3.1309378,3.3690981523182826,-0.2381603523182827
4784,3.132565,3.367910056403298,-0.23534505640329817
4785,3.1360593,3.3667930718152,-0.23073377181520005
4786,3.1583307,3.3657638639413845,-0.20743316394138445
4787,3.1653006,3.364752076785338,-0.1994514767853377
4788,3.163509,3.3637080282587055,-0.2001990282587056
4789,3.1650925,3.362674204044357,-0.19758170404435704
4790,3.170046,3.3617740471768776,-0.19172804717687741
4791,3.1778073,3.361006913180174,-0.18319961318017386
4792,3.1886716,3.360349366419632,-0.17167776641963162
4793,3.19602,3.359832057728742,-0.1638120577287423
4794,3.2041614,3.359471258960191,-0.15530985896019134
4795,3.2097363,3.3593022859999384,-0.14956598599993853
4796,3.2036471,3.359328196885431,-0.1556810968854312
4797,3.1878598,3.3596272546477386,-0.17176745464773857
4798,3.157255,3.360183312289246,-0.20292831228924602
4799,3.119038,3.3608863366924853,-0.24184833669248507
4800,3.0786297,3.361803150617751,-0.2831734506177508
4801,3.0422003,3.3630162677429007,-0.32081596774290055
4802,3.005711,3.364706082018041,-0.358995082018041
4803,2.9546084,3.3668588052271757,-0.4122504052271756
4804,2.9308603,3.369345726378943,-0.43848542637894283
4805,2.9271436,3.3721731194441302,-0.4450295194441303
4806,2.9280362,3.375243313559708,-0.447207113559708
4807,2.9335763,3.3783968484603135,-0.4448205484603136
4808,2.9445202,3.3814609754465845,-0.4369407754465846
4809,2.9635303,3.3844045831926395,-0.42087428319263953
4810,2.9832547,3.3871067329567808,-0.40385203295678096
4811,3.008485,3.3896949663234452,-0.3812099663234454
4812,3.028523,3.3925570376702097,-0.3640340376702098
4813,3.045859,3.395451311921718,-0.3495923119217177
4814,3.0600498,3.3981985429785864,-0.33814874297858655
4815,3.0674558,3.4009048627532596,-0.3334490627532598
4816,3.0661523,3.4034586146796633,-0.3373063146796631
4817,3.063955,3.4054984288263888,-0.3415434288263888
4818,3.054899,3.4068948126024345,-0.35199581260243473
4819,3.0475125,3.408155719643573,-0.36064321964357315
4820,3.0413797,3.4097684005235123,-0.36838870052351247
4821,3.0407834,3.411767860084551,-0.3709844600845509
4822,3.043677,3.4141008139131737,-0.37042381391317347
4823,3.050026,3.4165805664887485,-0.3665545664887486
4824,3.0636423,3.419545916164449,-0.3559036161644489
4825,3.0841162,3.4231063080143547,-0.3389901080143547
4826,3.0874798,3.4264616875923033,-0.3389818875923032
4827,3.0897489,3.4296070884949907,-0.3398581884949907
4828,3.0923603,3.4328396064985163,-0.3404793064985161
4829,3.0993817,3.4359329917738695,-0.33655129177386955
4830,3.108359,3.4385914036275476,-0.33023240362754747
4831,3.1135352,3.440697742719163,-0.32716254271916334
4832,3.1231244,3.442681787881739,-0.3195573878817388
4833,3.1392233,3.4445789794388193,-0.30535567943881947
4834,3.1518674,3.445989409411999,-0.29412200941199895
4835,3.1566544,3.447138156333673,-0.29048375633367307
4836,3.1800287,3.448010711629601,-0.2679820116296012
4837,3.2077005,3.4484595540873397,-0.24075905408733966
4838,3.2316175,3.448487845441572,-0.2168703454415719
4839,3.2544925,3.4484043864543326,-0.19391188645433255
4840,3.274219,3.448191209514723,-0.17397220951472292
4841,3.2848904,3.4476375412018774,-0.16274714120187728
4842,3.290524,3.4466009886362294,-0.15607698863622943
4843,3.2919803,3.445356428316418,-0.15337612831641811
4844,3.2926297,3.4442543293788166,-0.1516246293788166
4845,3.3192813,3.4433031233152227,-0.1240218233152226
4846,3.326402,3.4424399107096817,-0.11603791070968184
4847,3.3292935,3.4416705606529368,-0.11237706065293684
4848,3.3271298,3.440937322797296,-0.11380752279729611
4849,3.3193805,3.440177989573682,-0.12079748957368208
4850,3.2993817,3.4395155287003694,-0.14013382870036928
4851,3.2709448,3.4389092732456046,-0.16796447324560448
4852,3.2332056,3.4384909502812,-0.20528535028120043
4853,3.1965146,3.438161390744251,-0.24164679074425122
4854,3.165232,3.4376701658008666,-0.27243816580086655
4855,3.1329389,3.437016749416615,-0.30407784941661475
4856,3.0868912,3.4362633359998505,-0.3493721359998503
4857,3.0677578,3.43559910264956,-0.36784130264955994
4858,3.0494626,3.434967775094656,-0.38550517509465587
4859,3.037991,3.434160689095862,-0.39616968909586214
4860,3.0295606,3.433266574047736,-0.4037059740477362
4861,3.0225003,3.432673345975349,-0.4101730459753492
4862,3.0196054,3.43181149127165,-0.4122060912716501
4863,3.012922,3.4309057283687547,-0.41798372836875464
4864,3.010111,3.43002729791281,-0.4199162979128097
4865,3.011854,3.4288957164703207,-0.4170417164703206
4866,3.0072742,3.4276919906098073,-0.42041779060980744
4867,2.9935498,3.4263008386966174,-0.4327510386966176
4868,2.9747097,3.4248834439556464,-0.45017374395564635
4869,2.9608579,3.423765991494479,-0.46290809149447876
4870,2.9465451,3.4230399207198463,-0.4764948207198465
4871,2.9452078,3.422300635090291,-0.477092835090291
4872,2.946715,3.421286464224013,-0.47457146422401264
4873,2.9519556,3.4200095500634284,-0.46805395006342865
4874,2.9571347,3.418714208104987,-0.46157950810498694
4875,2.9656796,3.417724779409695,-0.45204517940969513
4876,2.9671304,3.4168809131545115,-0.44975051315451164
4877,2.9675806,3.4163012970993907,-0.4487206970993909
4878,2.9642148,3.4159286889693528,-0.4517138889693526
4879,2.9583817,3.4156235745576216,-0.45724187455762166
4880,2.9560602,3.415555745519144,-0.45949554551914407
4881,2.9521298,3.4157135662312115,-0.46358376623121167
4882,2.9477594,3.415893280089046,-0.468133880089046
4883,2.9429452,3.4163938915839283,-0.4734486915839282
4884,2.9409027,3.417358721465351,-0.47645602146535104
4885,2.9390357,3.418233581521981,-0.4791978815219813
4886,2.9345474,3.4191543819445855,-0.4846069819445855
4887,2.924177,3.420151252124464,-0.49597425212446433
4888,2.9130445,3.421112037780626,-0.5080675377806263
4889,2.9078119,3.4219538712887347,-0.5141419712887347
4890,2.9009564,3.422564338450735,-0.5216079384507348
4891,2.9003177,3.422999118197831,-0.522681418197831
4892,2.9042423,3.4232965956401635,-0.5190542956401636
4893,2.9060473,3.423574791904633,-0.5175274919046329
4894,2.9041421,3.4243395992734653,-0.5201974992734653
4895,2.9003742,3.4254846495849005,-0.5251104495849006
4896,2.8963623,3.4261161898402377,-0.5297538898402379
4897,2.8978348,3.4261342469342533,-0.5282994469342532
4898,2.9050968,3.425629509790695,-0.5205327097906949
4899,2.9180057,3.424880913003809,-0.5068752130038088
4900,2.9287982,3.4240586055216498,-0.4952604055216496
4901,2.939743,3.423249416610186,-0.4835064166101861
4902,2.9468396,3.4225757014947793,-0.4757361014947792
4903,2.9441845,3.4220589751127375,-0.4778744751127375
4904,2.9432614,3.421451943653927,-0.4781905436539269
4905,2.9409997,3.4206557348886997,-0.4796560348886998
4906,2.9465976,3.419735591398415,-0.47313799139841484
4907,2.9598935,3.4192140559318718,-0.4593205559318716
4908,2.9808524,3.4185047933848614,-0.4376523933848615
4909,3.0106091,3.417449426304708,-0.406840326304708
4910,3.0420346,3.416055191641469,-0.37402059164146895
4911,3.076706,3.4147453614014567,-0.3380393614014565
4912,3.1084256,3.4135698575170834,-0.3051442575170835
4913,3.1400528,3.41254128767183,-0.2724884876718301
4914,3.1672397,3.4118693326361034,-0.24462963263610327
4915,3.1875207,3.411502313050197,-0.22398161305019704
4916,3.1984558,3.4113514527330837,-0.21289565273308364
4917,3.2015402,3.4112452184633746,-0.20970501846337442
4918,3.1976917,3.4111557972845747,-0.21346409728457472
4919,3.199938,3.4110557703454005,-0.21111777034540058
4920,3.194447,3.4109602661343854,-0.2165132661343856
4921,3.1943088,3.4109257797237142,-0.2166169797237143
4922,3.1961136,3.411137390865248,-0.21502379086524792
4923,3.1985855,3.411564370401885,-0.2129788704018849
4924,3.1988513,3.4120657862752255,-0.21321448627522566
4925,3.1930783,3.4126375361018315,-0.2195592361018317
4926,3.188967,3.4131302933740764,-0.22416329337407648
4927,3.1776505,3.4133743670882954,-0.2357238670882955
4928,3.1595993,3.4133282827746436,-0.2537289827746436
4929,3.1318088,3.4132073434180334,-0.2813985434180335
4930,3.1058273,3.413313949267553,-0.307486649267553
4931,3.0793195,3.4139547348531547,-0.3346352348531547
4932,3.0609927,3.414796729009544,-0.3538040290095439
4933,2.9282205,3.4154450352334598,-0.48722453523345965
4934,2.9043164,3.415782658085085,-0.5114662580850853
4935,3.0192108,3.4156100722387626,-0.39639927223876237
4936,3.0288827,3.4149051456419626,-0.38602244564196253
4937,3.0138605,3.413981347366153,-0.40012084736615305
4938,2.986204,3.412922655951203,-0.4267186559512033
4939,2.9542956,3.4117814348970312,-0.4574858348970312
4940,2.9233813,3.410773069948205,-0.4873917699482049
4941,2.8978589,3.4100644025655646,-0.5122055025655645
4942,2.8839471,3.409781659592881,-0.5258345595928811
4943,2.8780148,3.4100296215042762,-0.5320148215042764
4944,2.8763003,3.410546631207242,-0.5342463312072421
4945,2.8810098,3.410945584330545,-0.529935784330545
4946,2.8644605,3.411395404789677,-0.5469349047896772
4947,2.8421369,3.4120261034022836,-0.5698892034022838
4948,2.812959,3.4128408381972473,-0.599881838197247
4949,2.7827933,3.413788552677661,-0.630995252677661
4950,2.7451193,3.414593881240437,-0.6694745812404372
4951,2.7212818,3.4152507851679856,-0.6939689851679858
4952,2.7044067,3.4157441405958315,-0.7113374405958317
4953,2.693865,3.4161220339794727,-0.7222570339794725
4954,2.6860483,3.416553143282569,-0.7305048432825689
4955,2.6823752,3.417090839432065,-0.7347156394320651
4956,2.684978,3.417659074599187,-0.7326810745991867
4957,2.6869943,3.4184164251743567,-0.7314221251743569
4958,2.686044,3.419064160798725,-0.7330201607987252
4959,2.6765125,3.419216881341203,-0.7427043813412033
4960,2.6526828,3.4185155627663715,-0.7658327627663715
4961,2.641936,3.4171499094588325,-0.7752139094588326
4962,2.6343253,3.4155464257432846,-0.7812211257432846
4963,2.626114,3.4138787075783457,-0.7877647075783458
4964,2.618526,3.412097747871211,-0.7935717478712108
4965,2.6129215,3.4100611724507837,-0.7971396724507835
4966,2.6035538,3.4077586156658533,-0.8042048156658534
4967,2.5918689,3.405181664671538,-0.8133127646715379
4968,2.5845554,3.4023663651656624,-0.8178109651656622
4969,2.5760303,3.3992910290057967,-0.8232607290057965
4970,2.5764084,3.395973642240596,-0.8195652422405959
4971,2.5779407,3.3923772991052314,-0.8144365991052314
4972,2.57758,3.3885983651542815,-0.8110183651542813
4973,2.5747452,3.3850856167189174,-0.8103404167189172
4974,2.5713794,3.3815814976982526,-0.8102020976982525
4975,2.5700238,3.3777590651628144,-0.8077352651628145
4976,2.5687463,3.3737834827042197,-0.8050371827042198
4977,2.575339,3.3696183609634485,-0.7942793609634484
4978,2.5843709,3.365243864223196,-0.780872964223196
4979,2.5806658,3.3607969054974927,-0.7801311054974929
4980,2.5745375,3.3564221458208725,-0.7818846458208726
4981,2.566487,3.351996987376787,-0.7855099873767872
4982,2.5570152,3.3473276285111977,-0.7903124285111978
4983,2.5466228,3.3427469105170475,-0.7961241105170473
4984,2.535811,3.338318330468749,-0.8025073304687491
4985,2.5250797,3.3339616088838966,-0.8088819088838965
4986,2.5149305,3.3298658737021656,-0.8149353737021654
4987,2.5058641,3.326513219474098,-0.8206491194740977
4988,2.498204,3.323439883286279,-0.825235883286279
4989,2.4882452,3.3203287195911173,-0.8320835195911171
4990,2.4691052,3.317565247803679,-0.848460047803679
4991,2.4557245,3.3151734754756617,-0.8594489754756616
4992,2.4426913,3.3128261948720956,-0.8701348948720957
4993,2.4330127,3.310833403138988,-0.8778207031389882
4994,2.4328113,3.3091586501821646,-0.8763473501821646
4995,2.4152102,3.307470889173693,-0.8922606891736926
4996,2.4042642,3.3058483043596905,-0.9015841043596904
4997,2.3941562,3.304303663848263,-0.9101474638482632
4998,2.3886151,3.3029873331850004,-0.9143722331850004
4999,2.3893008,3.301746042177947,-0.912445242177947
5000,2.3940637,3.3006085442366873,-0.9065448442366875
5001,2.3993618,3.2997209588322556,-0.9003591588322557
5002,2.4024036,3.298977709782812,-0.8965741097828119
5003,2.4100711,3.2984500758255852,-0.8883789758255851
5004,2.4215872,3.2983649781893147,-0.8767777781893149
5005,2.422468,3.2985756965048907,-0.8761076965048908
5006,2.4259915,3.2988410693906745,-0.8728495693906746
5007,2.4296353,3.2990629845998196,-0.8694276845998195
5008,2.4252362,3.2992730118659983,-0.8740368118659982
5009,2.423303,3.299605135866169,-0.8763021358661689
5010,2.425136,3.3004539920990132,-0.8753179920990131
5011,2.423923,3.301497834911842,-0.877574834911842
5012,2.4336307,3.3025024233503415,-0.8688717233503414
5013,2.4417212,3.3035718842206996,-0.8618506842206997
5014,2.450482,3.3047769824467985,-0.8542949824467985
5015,2.455221,3.30613415145289,-0.85091315145289
5016,2.4567926,3.307873131126135,-0.8510805311261351
5017,2.4575763,3.3100544542190997,-0.8524781542190998
5018,2.452967,3.312436055258197,-0.859469055258197
5019,2.4474237,3.3153444884443486,-0.8679207884443487
5020,2.4384167,3.3185220192662737,-0.8801053192662738
5021,2.4356537,3.3217727341749668,-0.8861190341749667
5022,2.438071,3.325233434587688,-0.8871624345876881
5023,2.4508536,3.329110697947984,-0.878257097947984
5024,2.4726017,3.3335730599497078,-0.860971359949708
5025,2.4910355,3.3382871875162423,-0.8472516875162421
5026,2.5107803,3.3431894880963844,-0.8324091880963844
5027,2.5249264,3.34797920411073,-0.8230528041107301
5028,2.5391672,3.352766560834727,-0.813599360834727
5029,2.548281,3.3580034385728816,-0.8097224385728818
5030,2.5576062,3.363388347280393,-0.805782147280393
5031,2.568247,3.3688064784557943,-0.8005594784557943
5032,2.5795026,3.3741170462115955,-0.7946144462115954
5033,2.5902405,3.3785883851484964,-0.7883478851484962
5034,2.601932,3.3819689971247815,-0.7800369971247814
5035,2.6117718,3.3851939410452374,-0.7734221410452373
5036,2.6168582,3.3884952627318157,-0.7716370627318159
5037,2.6213477,3.391639246668661,-0.7702915466686613
5038,2.62112,3.394627525353085,-0.773507525353085
5039,2.6250598,3.397470987073555,-0.7724111870735553
5040,2.6298654,3.3998973283623135,-0.7700319283623136
5041,2.6322544,3.4017208760112707,-0.7694664760112708
5042,2.6375537,3.4032365263258377,-0.765682826325838
5043,2.6433694,3.4047007610874376,-0.7613313610874375
5044,2.6524527,3.4060277030842276,-0.7535750030842276
5045,2.6663992,3.407192942414268,-0.7407937424142683
5046,2.6707,3.4082833919219415,-0.7375833919219414
5047,2.6742847,3.4092982333078874,-0.7350135333078875
5048,2.6812842,3.4101912643391974,-0.7289070643391975
5049,2.6828973,3.4109785349613215,-0.7280812349613215
5050,2.6802695,3.411687725222361,-0.7314182252223609
5051,2.6768036,3.412776469705013,-0.7359728697050132
5052,2.6703677,3.414148656140979,-0.7437809561409789
5053,2.6672025,3.415242341245236,-0.748039841245236
5054,2.6720712,3.4161760753735217,-0.7441048753735218
5055,2.687452,3.4170027289358913,-0.7295507289358913
5056,2.7315674,3.41775708611978,-0.6861896861197803
5057,2.7489667,3.418369857863697,-0.6694031578636972
5058,2.7604773,3.4187784656911413,-0.6583011656911415
5059,2.7626092,3.4190217244912433,-0.6564125244912433
5060,2.7520087,3.419167566589203,-0.6671588665892028
5061,2.7229517,3.4192460961063977,-0.6962943961063979
5062,2.7023413,3.4193232727725618,-0.7169819727725617
5063,2.6889038,3.41914394611952,-0.7302401461195203
5064,2.6828558,3.4185658071110123,-0.7357100071110123
5065,2.6840045,3.41779765441603,-0.7337931544160301
5066,2.6913648,3.4169705486229702,-0.7256057486229701
5067,2.701018,3.416125013302934,-0.715107013302934
5068,2.7079914,3.415293560679132,-0.7073021606791321
5069,2.70698,3.4144070234190913,-0.7074270234190911
5070,2.7003763,3.4134394106552466,-0.7130631106552467
5071,2.6854138,3.412335158067883,-0.7269213580678828
5072,2.673753,3.4110957220034606,-0.7373427220034605
5073,2.65637,3.409689149402912,-0.7533191494029121
5074,2.6397967,3.4080570737157165,-0.7682603737157163
5075,2.6133707,3.40618049523352,-0.79280979523352
5076,2.588406,3.4041222359824075,-0.8157162359824075
5077,2.5658133,3.4019325310499915,-0.8361192310499916
5078,2.5525076,3.3995858939152166,-0.8470782939152164
5079,2.5448925,3.3970952950039965,-0.8522027950039965
5080,2.5449765,3.3944549692975996,-0.8494784692975994
5081,2.550243,3.391614700628419,-0.8413717006284189
5082,2.5549698,3.3886125355409864,-0.8336427355409866
5083,2.564997,3.3855990439127104,-0.8206020439127104
5084,2.5742023,3.3825537815921476,-0.8083514815921475
5085,2.5880802,3.379391829479785,-0.7913116294797851
5086,2.5961032,3.3761113451501368,-0.7800081451501368
5087,2.5989347,3.372824799637406,-0.7738900996374061
5088,2.5887866,3.369588956317341,-0.780802356317341
5089,2.5881534,3.3663928237653695,-0.7782394237653696
5090,2.5912595,3.3631950537863564,-0.7719355537863564
5091,2.5940323,3.35984818543058,-0.7658158854305803
5092,2.5928323,3.356230141679897,-0.7633978416798972
5093,2.591362,3.3524305671583985,-0.7610685671583983
5094,2.5879092,3.3489369365305164,-0.7610277365305165
5095,2.5861926,3.3457223453277956,-0.7595297453277956
5096,2.5894775,3.3425894206424185,-0.7531119206424184
5097,2.5955951,3.3398886329514736,-0.7442935329514735
5098,2.6077466,3.337431446377738,-0.7296848463777379
5099,2.6201053,3.33489463001734,-0.7147893300173398
5100,2.6338272,3.3322649631652577,-0.6984377631652579
5101,2.6429083,3.3297374477227897,-0.6868291477227895
5102,2.6522315,3.3274806245116135,-0.6752491245116135
5103,2.6539493,3.3254863216226447,-0.6715370216226448
5104,2.6526392,3.3237174420807922,-0.6710782420807924
5105,2.6496136,3.3222081482422205,-0.6725945482422206
5106,2.6454566,3.3209218187023914,-0.6754652187023913
5107,2.6456103,3.3201736033939935,-0.6745633033939935
5108,2.640639,3.319835790647978,-0.6791967906479779
5109,2.6356125,3.3197185335429515,-0.6841060335429514
5110,2.6324093,3.319981866741074,-0.6875725667410739
5111,2.6325061,3.3205329394758163,-0.6880268394758162
5112,2.6393695,3.321118954515364,-0.681749454515364
5113,2.6473432,3.3215587071020667,-0.6742155071020668
5114,2.6552243,3.321772588250404,-0.6665482882504041
5115,2.6583438,3.3220520437324126,-0.6637082437324127
5116,2.6675906,3.3224164666378537,-0.6548258666378537
5117,2.6616025,3.3228377967876206,-0.6612352967876207
5118,2.6590717,3.323274937681888,-0.664203237681888
5119,2.6592212,3.324053739498464,-0.6648325394984638
5120,2.659801,3.3252775684610865,-0.6654765684610866
5121,2.6595786,3.3267533432572574,-0.6671747432572572
5122,2.6600506,3.328434671295057,-0.6683840712950571
5123,2.6593997,3.3301686829286417,-0.6707689829286418
5124,2.6621997,3.3319050345352994,-0.6697053345352995
5125,2.671766,3.333556085527259,-0.6617900855272589
5126,2.6842892,3.3353351652450165,-0.6510459652450167
5127,2.6990411,3.3371002180713223,-0.6380591180713222
5128,2.7173266,3.3387076796358484,-0.6213810796358485
5129,2.740801,3.340528301704702,-0.5997273017047022
5130,2.7543826,3.342504842147226,-0.5881222421472261
5131,2.7712054,3.3445094530065864,-0.5733040530065865
5132,2.7882266,3.346613854988184,-0.5583872549881836
5133,2.8037066,3.348830067251327,-0.5451234672513272
5134,2.816366,3.351260618399878,-0.534894618399878
5135,2.8260837,3.35394492665251,-0.5278612266525102
5136,2.832913,3.3567278063123833,-0.5238148063123833
5137,2.837228,3.3595721201786435,-0.5223441201786434
5138,2.8406644,3.362623692855284,-0.5219592928552839
5139,2.8459888,3.3658212419425015,-0.5198324419425013
5140,2.8516977,3.368948882561261,-0.5172511825612611
5141,2.8610065,3.3720757436343685,-0.5110692436343687
5142,2.8732343,3.3751426146586807,-0.5019083146586807
5143,2.8874958,3.3780488489979605,-0.4905530489979606
5144,2.9040363,3.381053601954836,-0.4770173019548358
5145,2.9213345,3.3842672994464102,-0.4629327994464103
5146,2.9372537,3.387488960719781,-0.45023526071978104
5147,2.9482815,3.390659087208654,-0.4423775872086537
5148,2.9595337,3.393755793454289,-0.43422209345428886
5149,2.9706519,3.3967885467988004,-0.42613664679880037
5150,2.983768,3.3995517503486803,-0.4157837503486803
5151,2.9958932,3.4019586787041733,-0.40606547870417353
5152,3.002836,3.404166224405837,-0.4013302244058372
5153,3.0093722,3.406225469748012,-0.39685326974801205
5154,3.0163553,3.4078926078520957,-0.39153730785209584
5155,3.0226886,3.4091848229741166,-0.3864962229741167
5156,3.031576,3.4102415973696756,-0.37866559736967575
5157,3.0407693,3.411094204255808,-0.3703249042558081
5158,3.0499823,3.4117326104113967,-0.3617503104113968
5159,3.057737,3.4122539063952813,-0.35451690639528133
5160,3.061203,3.4125893976360113,-0.3513863976360114
5161,3.0601828,3.4126534821346035,-0.3524706821346033
5162,3.0573459,3.4125001806832036,-0.35515428068320354
5163,3.0590613,3.412195050129895,-0.3531337501298948
5164,3.0546908,3.4117831998983825,-0.3570923998983826
5165,3.0561142,3.4112770950718385,-0.3551628950718384
5166,3.0578744,3.4108024706449958,-0.35292807064499554
5167,3.057627,3.4102819905100685,-0.35265499051006843
5168,3.052719,3.4095798604778804,-0.35686086047788024
5169,3.0481174,3.4087591015477625,-0.3606417015477623
5170,3.0482504,3.4079495545853895,-0.35969915458538937
5171,3.0495007,3.4071663937882164,-0.35766569378821655
5172,3.0545142,3.406422263174299,-0.351908063174299
5173,3.0613077,3.405768461774576,-0.3444607617745761
5174,3.0698657,3.4051918167956203,-0.3353261167956205
5175,3.0749567,3.4047015384429997,-0.32974483844299973
5176,3.0775616,3.40438068335225,-0.32681908335224996
5177,3.0789654,3.404160913175128,-0.32519551317512807
5178,3.0757632,3.404250822191501,-0.32848762219150096
5179,3.0710483,3.404565410659342,-0.33351711065934175
5180,3.0652835,3.4049488969834405,-0.33966539698344045
5181,3.0585065,3.405388881782976,-0.3468823817829758
5182,3.0527585,3.405866881471293,-0.353108381471293
5183,3.049179,3.4063658266180594,-0.35718682661805934
5184,3.0452304,3.406890363296018,-0.361659963296018
5185,3.0442777,3.4074221007000496,-0.3631444007000497
5186,3.042693,3.407992361783331,-0.3652993617833311
5187,3.0406506,3.4085997607459566,-0.3679491607459564
5188,3.0347857,3.409247970873229,-0.37446227087322903
5189,3.027868,3.409931967633746,-0.38206396763374606
5190,3.0233917,3.410639978287652,-0.38724827828765207
5191,3.0184588,3.4113742168837264,-0.39291541688372655
5192,3.0153491,3.412144835365391,-0.39679573536539126
5193,3.016583,3.4129302173906226,-0.39634721739062284
5194,3.0166028,3.413732844802067,-0.39713004480206715
5195,3.0162418,3.4145476243163007,-0.3983058243163007
5196,3.0125144,3.415380784299703,-0.4028663842997027
5197,3.008812,3.4162362462888924,-0.4074242462888926
5198,2.9974866,3.4170865134288793,-0.4195999134288795
5199,2.9826572,3.4179523575841597,-0.43529515758415993
5200,2.9688427,3.4188483415979203,-0.4500056415979201
5201,2.9610837,3.419752789102614,-0.4586690891026137
5202,2.9562585,3.420619645430703,-0.46436114543070284
5203,2.9516513,3.4214728787544395,-0.46982157875443953
5204,2.9491467,3.4224078054287874,-0.4732611054287874
5205,2.952591,3.4233856665437092,-0.4707946665437093
5206,2.9618433,3.4243438079786577,-0.4625005079786577
5207,2.9743555,3.4253576876888596,-0.45100218768885947
5208,2.9927533,3.426427399468424,-0.43367409946842406
5209,3.013975,3.427602277761608,-0.41362727776160835
5210,3.036935,3.4289062462228217,-0.39197124622282153
5211,3.0605228,3.4302040445531503,-0.3696812445531501
5212,3.0877643,3.431420615457429,-0.34365631545742925
5213,3.116235,3.4325628222025157,-0.31632782220251565
5214,3.143996,3.433507065771888,-0.289511065771888
5215,3.1736243,3.4343166716271387,-0.26069237162713854
5216,3.2020187,3.435012013334725,-0.23299331333472484
5217,3.225672,3.4357072472633976,-0.21003524726339773
5218,3.2483792,3.436519546642208,-0.18814034664220802
5219,3.264498,3.4375231624242755,-0.17302516242427535
5220,3.2754571,3.438849221756084,-0.16339212175608386
5221,3.2856412,3.4404115691173818,-0.15477036911738162
5222,3.2938473,3.4420453547055043,-0.1481980547055044
5223,3.3030124,3.4436048027630775,-0.14059240276307738
5224,3.3110538,3.4450673720124927,-0.13401357201249287
5225,3.3181229,3.4464667867300016,-0.12834388673000152
5226,3.3086276,3.4478015290324016,-0.13917392903240167
5227,3.2917383,3.448995800341619,-0.15725750034161878
5228,3.2559836,3.450084872318851,-0.19410127231885088
5229,3.2164416,3.4510598426989345,-0.2346182426989345
5230,3.1805441,3.451818101084344,-0.27127400108434374
5231,3.1535852,3.452335235777157,-0.29875003577715686
5232,3.1291537,3.4526491001550155,-0.32349540015501566
5233,3.1069489,3.4528035415365377,-0.3458546415365378
5234,3.0809784,3.4527451100623723,-0.3717667100623725
5235,3.0641131,3.452502389941615,-0.3883892899416148
5236,3.0576718,3.451979930257484,-0.394308130257484
5237,3.060171,3.451177908291001,-0.39100690829100104
5238,3.0676901,3.450234447995347,-0.382544347995347
5239,3.0822995,3.4492147690686634,-0.36691526906866345
5240,3.0969784,3.448127159830347,-0.3511487598303473
5241,3.0994437,3.4469648804223367,-0.3475211804223366
5242,3.0999103,3.445750805546856,-0.3458405055468563
5243,3.0991473,3.4445419084176163,-0.3453946084176165
5244,3.0970929,3.443375443562623,-0.34628254356262334
5245,3.0924475,3.4422889605333356,-0.34984146053333554
5246,3.0860333,3.441286126095899,-0.3552528260958989
5247,3.078707,3.44028783707318,-0.3615808370731801
5248,3.0720716,3.4393055148902807,-0.36723391489028057
5249,3.0598907,3.4384163237068575,-0.3785256237068575
5250,3.0501077,3.4376026470655487,-0.3874949470655489
5251,3.0449426,3.4367838738620446,-0.3918412738620445
5252,3.0403562,3.436113382123614,-0.39575718212361366
5253,3.0387497,3.4357365977125567,-0.3969868977125568
5254,3.0446765,3.4355818966624816,-0.3909053966624816
5255,3.0441601,3.4356857424897025,-0.39152564248970245
5256,3.0460446,3.435909324783627,-0.3898647247836271
5257,3.0536869,3.4362381500848747,-0.38255125008487445
5258,3.052694,3.436692937808971,-0.383998937808971
5259,3.0524127,3.437275142549142,-0.3848624425491418
5260,3.0521622,3.437971340102237,-0.385809140102237
5261,3.0571954,3.438757559739238,-0.381562159739238
5262,3.0705228,3.4396474606392298,-0.3691246606392298
5263,3.067736,3.4407008536163803,-0.3729648536163803
5264,3.0729861,3.4418517640843875,-0.3688656640843875
5265,3.0814786,3.443154191896603,-0.3616755918966028
5266,3.0899734,3.444668936391057,-0.35469553639105733
5267,3.0946405,3.4461096775053397,-0.35146917750533957
5268,3.086501,3.447374268087392,-0.3608732680873916
5269,3.0649664,3.448608054000713,-0.38364165400071304
5270,3.036947,3.4497812463133615,-0.4128342463133614
5271,3.008594,3.4508569641634517,-0.4422629641634517
5272,2.9857037,3.451822076106569,-0.4661183761065688
5273,2.9731793,3.452605713148955,-0.4794264131489552
5274,2.9659564,3.4531726694699953,-0.4872162694699953
5275,2.9608274,3.453621454184445,-0.49279405418444533
5276,2.9568808,3.4539246625135727,-0.4970438625135727
5277,2.9577878,3.4540960323878305,-0.4963082323878303
5278,2.963634,3.454272476182019,-0.4906384761820193
5279,2.974692,3.454376553681719,-0.4796845536817189
5280,2.982413,3.454319574127317,-0.47190657412731696
5281,2.9829462,3.4541264811332617,-0.4711802811332615
5282,2.9834337,3.4537824362463363,-0.47034873624633633
5283,2.9876542,3.4532499844421376,-0.46559578444213745
5284,2.9949074,3.4523574542494067,-0.45745005424940643
5285,3.0046296,3.451171443669399,-0.4465418436693991
5286,3.0162563,3.4498287503861107,-0.4335724503861109
5287,3.0292237,3.448572448754855,-0.41934874875485484
5288,3.042967,3.4473376312365667,-0.4043706312365667
5289,3.0569224,3.445934268460848,-0.3890118684608481
5290,3.0705256,3.444523763620958,-0.37399816362095795
5291,3.083212,3.443126824251272,-0.35991482425127197
5292,3.0944178,3.4418672978505094,-0.3474494978505094
5293,3.1035788,3.440759688905785,-0.337180888905785
5294,3.1120849,3.439850050125828,-0.32776515012582763
5295,3.13129,3.439351922464932,-0.3080619224649319
5296,3.1487079,3.439327717119414,-0.2906198171194143
5297,3.157051,3.4395853154545817,-0.28253431545458163
5298,3.1451688,3.4398383655795355,-0.2946695655795355
5299,3.1487155,3.440168193924306,-0.29145269392430606
5300,3.1511066,3.440566666531888,-0.28946006653188805
5301,3.1463153,3.440974561233835,-0.29465926123383523
5302,3.1414664,3.4413128312059253,-0.29984643120592525
5303,3.1318173,3.4416516195726308,-0.30983431957263097
5304,3.1229303,3.4420601608483485,-0.3191298608483484
5305,3.116562,3.4425926868543746,-0.32603068685437453
5306,3.116659,3.443191726340888,-0.32653272634088815
5307,3.1098905,3.4438670789028167,-0.3339765789028166
5308,3.1144855,3.444672001921113,-0.330186501921113
5309,3.1114285,3.4455525714852944,-0.3341240714852942
5310,3.1107898,3.446445993700927,-0.33565619370092703
5311,3.108454,3.447272888446983,-0.33881888844698294
5312,3.0935168,3.4480546954116096,-0.3545378954116094
5313,3.0756989,3.448799450978806,-0.3731005509788061
5314,3.0640094,3.4494753448198834,-0.38546594481988317
5315,3.057554,3.450010153888084,-0.39245615388808375
5316,3.054208,3.450370116360398,-0.3961621163603981
5317,3.052801,3.450629663537634,-0.3978286635376338
5318,3.0521753,3.4508684395688114,-0.39869313956881136
5319,3.0515506,3.4511281880671527,-0.3995775880671526
5320,3.0559998,3.4514633260616185,-0.3954635260616186
5321,3.0577393,3.4519019618720406,-0.3941626618720404
5322,3.0595987,3.4523825910984516,-0.3927838910984516
5323,3.0732923,3.4527843893051875,-0.37949208930518763
5324,3.0875103,3.4529050043966616,-0.36539470439666166
5325,3.1030917,3.4527412804993434,-0.3496495804993436
5326,3.1187756,3.4525109896145945,-0.33373538961459426
5327,3.1336136,3.452861764122841,-0.31924816412284107
5328,3.1507993,3.45367673406513,-0.3028774340651301
5329,3.1712253,3.4544509529372487,-0.28322565293724855
5330,3.185972,3.4554980710660206,-0.26952607106602056
5331,3.2001703,3.456792460262045,-0.2566221602620451
5332,3.2130737,3.4581721215160726,-0.24509842151607275
5333,3.216339,3.459954001592778,-0.24361500159277805
5334,3.2142606,3.4622211776049863,-0.24796057760498647
5335,3.2141397,3.464505793390084,-0.25036609339008375
5336,3.2161539,3.466561835161048,-0.25040793516104776
5337,3.2174695,3.4684259006285054,-0.25095640062850544
5338,3.218691,3.4704157913351925,-0.2517247913351923
5339,3.2190204,3.4725630192803467,-0.25354261928034694
5340,3.222252,3.4746867953143434,-0.2524347953143433
5341,3.221416,3.4768005176906334,-0.2553845176906333
5342,3.2195642,3.478844424210461,-0.2592802242104608
5343,3.2132394,3.480786265507115,-0.26754686550711515
5344,3.2063458,3.482615527327461,-0.276269727327461
5345,3.1999817,3.4844089209724967,-0.28442722097249673
5346,3.1903381,3.486190290532754,-0.295852190532754
5347,3.1822827,3.4878582558981774,-0.3055755558981774
5348,3.1748145,3.4895726518741856,-0.31475815187418554
5349,3.1638272,3.4912475380168386,-0.32742033801683856
5350,3.1529562,3.4926851119139886,-0.33972891191398835
5351,3.1368353,3.494015437531405,-0.357180137531405
5352,3.1252017,3.495404636374848,-0.37020293637484825
5353,3.1206982,3.496911659846944,-0.376213459846944
5354,3.1149619,3.498434128977006,-0.38347222897700606
5355,3.1171014,3.4998068749188875,-0.3827054749188874
5356,3.1245978,3.5009580790297945,-0.3763602790297944
5357,3.1401083,3.5019492679408337,-0.36184096794083365
5358,3.1581137,3.502881771777561,-0.34476807177756097
5359,3.1815894,3.503629686777031,-0.3220402867770309
5360,3.209634,3.5041718849742405,-0.2945378849742406
5361,3.2385712,3.504567000545309,-0.2659958005453089
5362,3.2676883,3.504812324635201,-0.2371240246352011
5363,3.2940292,3.504820114328843,-0.21079091432884267
5364,3.3176205,3.5044552346722186,-0.18683473467221878
5365,3.3337479,3.50370446131903,-0.16995656131902992
5366,3.3347397,3.502814479228809,-0.16807477922880887
5367,3.3307703,3.5021371639571743,-0.17136686395717415
5368,3.3280356,3.5016686483647264,-0.17363304836472615
5369,3.3216248,3.501261908463844,-0.17963710846384418
5370,3.3112729,3.5009975382236105,-0.1897246382236104
5371,3.3025186,3.5008632267443294,-0.1983446267443294
5372,3.2898908,3.500646949810548,-0.21075614981054835
5373,3.2813885,3.500359770281445,-0.21897127028144503
5374,3.272948,3.5001135833921726,-0.22716558339217263
5375,3.2625754,3.5000288246494176,-0.23745342464941777
5376,3.261698,3.5001178718377917,-0.23841987183779167
5377,3.2650974,3.500246613104681,-0.23514921310468084
5378,3.2748468,3.50039569665526,-0.22554889665525968
5379,3.2843378,3.500419901129225,-0.2160821011292251
5380,3.2876294,3.5001934031564943,-0.21256400315649415
5381,3.2863934,3.499681672794577,-0.21328827279457707
5382,3.2832913,3.4988431234191673,-0.21555182341916712
5383,3.27543,3.4977069192657857,-0.22227691926578563
5384,3.2746844,3.496375764614598,-0.22169136461459793
5385,3.270656,3.4949890553631784,-0.2243330553631786
5386,3.2561755,3.493288903810294,-0.237113403810294
5387,3.247334,3.491355727147214,-0.24402172714721404
5388,3.2330127,3.489421374154369,-0.25640867415436874
5389,3.221138,3.4875999106153626,-0.26646191061536273
5390,3.2086759,3.4857990341311424,-0.27712313413114265
5391,3.2006695,3.4837872800546914,-0.28311778005469135
5392,3.1974585,3.4815476766097553,-0.2840891766097551
5393,3.1998584,3.479120725265423,-0.2792623252654227
5394,3.206786,3.4765429718753325,-0.2697569718753323
5395,3.2148502,3.4738158657226346,-0.2589656657226347
5396,3.2301037,3.4709984106977836,-0.24089471069778368
5397,3.240095,3.468133036168429,-0.22803803616842888
5398,3.2382638,3.465266783459828,-0.22700298345982795
5399,3.2385166,3.462553769309095,-0.22403716930909479
5400,3.2346637,3.459888009998846,-0.22522430999884602
5401,3.2278028,3.457277228262505,-0.22947442826250475
5402,3.219235,3.4547352894014254,-0.23550028940142553
5403,3.20767,3.452180429920552,-0.24451042992055205
5404,3.1921442,3.44970846482547,-0.2575642648254699
5405,3.1777103,3.4473357417146304,-0.2696254417146302
5406,3.1648974,3.445161549822976,-0.2802641498229761
5407,3.159779,3.4432202789389255,-0.28344127893892557
5408,3.1597028,3.4413510688067612,-0.2816482688067614
5409,3.161511,3.439542418276951,-0.2780314182769512
5410,3.1697714,3.4377528186065356,-0.26798141860653546
5411,3.1794968,3.435834709299174,-0.256337909299174
5412,3.1900842,3.433812211810174,-0.24372801181017412
5413,3.2062094,3.431985061127908,-0.22577566112790803
5414,3.2203174,3.430132149237021,-0.20981474923702104
5415,3.2237647,3.4282317140507192,-0.20446701405071943
5416,3.2197711,3.4262892632339943,-0.2065181632339943
5417,3.2117734,3.4243271342165995,-0.21255373421659973
5418,3.2006695,3.42240562598597,-0.22173612598597003
5419,3.189028,3.420545143173533,-0.23151714317353322
5420,3.184241,3.41874728196793,-0.23450628196793
5421,3.1712515,3.4170068635414648,-0.24575536354146488
5422,3.1703033,3.4153094475410093,-0.24500614754100924
5423,3.1568015,3.4136246236617462,-0.2568231236617464
5424,3.148807,3.4119757210861015,-0.26316872108610134
5425,3.140517,3.410469518047138,-0.26995251804713805
5426,3.136685,3.4092733167276212,-0.2725883167276213
5427,3.1374207,3.408331920041327,-0.2709112200413273
5428,3.1483688,3.407400835819439,-0.2590320358194389
5429,3.1506479,3.4064662086771937,-0.2558183086771937
5430,3.1603808,3.40553738363992,-0.2451565836399201
5431,3.1719577,3.4047578650321104,-0.23280016503211032
5432,3.182869,3.404036015487614,-0.22116701548761375
5433,3.1897452,3.4033722369725887,-0.21362703697258878
5434,3.198737,3.4029382559370656,-0.20420125593706562
5435,3.202046,3.4025771470871797,-0.20053114708717956
5436,3.204762,3.4023679906717414,-0.19760599067174134
5437,3.2023218,3.402405327533435,-0.20008352753343495
5438,3.1939719,3.4025374090987026,-0.20856550909870242
5439,3.1742282,3.402641417828346,-0.22841321782834623
5440,3.1691754,3.402737374521055,-0.23356197452105532
5441,3.167583,3.402884310173546,-0.23530131017354616
5442,3.170942,3.403015625873812,-0.23207362587381164
5443,3.174349,3.403130618218946,-0.22878161821894594
5444,3.173208,3.403262587779642,-0.23005458777964227
5445,3.168385,3.4038702574135193,-0.23548525741351956
5446,3.1523807,3.4045864344131607,-0.2522057344131605
5447,3.1366403,3.4049969834505323,-0.26835668345053243
5448,3.1258414,3.405284992178515,-0.2794435921785148
5449,3.1219974,3.405617537775946,-0.28362013777594575
5450,3.120878,3.4059664694814495,-0.2850884694814497
5451,3.1188397,3.40610508066642,-0.2872653806664198
5452,3.10895,3.4059772478032446,-0.2970272478032445
5453,3.093254,3.4056740557208642,-0.3124200557208643
5454,3.074173,3.405192477219468,-0.3310194772194679
5455,3.0544531,3.4044548713459863,-0.3500017713459864
5456,3.0349689,3.4036677174091152,-0.36869881740911525
5457,3.0168698,3.402838817419111,-0.38596901741911127
5458,3.0026822,3.401919924848932,-0.39923772484893183
5459,2.9894812,3.4009770856971775,-0.4114958856971773
5460,2.9775815,3.399983304431556,-0.4224018044315563
5461,2.9576962,3.398973583335999,-0.44127738333599886
5462,2.9354248,3.39796348714495,-0.46253868714495017
5463,2.9124167,3.396902659481699,-0.4844859594816988
5464,2.8937345,3.395900576803429,-0.5021660768034293
5465,2.8760867,3.3949194858645124,-0.5188327858645123
5466,2.8581924,3.3939308527836665,-0.5357384527836664
5467,2.8494632,3.39284589688004,-0.5433826968800397
5468,2.845919,3.3916359026004863,-0.5457169026004864
5469,2.8456192,3.3902389148794714,-0.5446197148794716
5470,2.84781,3.3886676139240324,-0.5408576139240324
5471,2.8523157,3.386943838840062,-0.5346281388400618
5472,2.855145,3.385160930523917,-0.5300159305239172
5473,2.8479114,3.3834268379787362,-0.5355154379787361
5474,2.8479779,3.381656451475866,-0.533678551475866
5475,2.8470557,3.379863018602944,-0.5328073186029441
5476,2.8438764,3.3782930284164916,-0.5344166284164915
5477,2.8388312,3.377051759285979,-0.5382205592859788
5478,2.8306897,3.3758199107147098,-0.5451302107147096
5479,2.8206897,3.374627643565372,-0.553937943565372
5480,2.8069763,3.3735365646233615,-0.5665602646233614
5481,2.7986865,3.3725709854843475,-0.5738844854843475
5482,2.786657,3.371714895875435,-0.5850578958754351
5483,2.770365,3.370946114324453,-0.600581114324453
5484,2.7551105,3.3702196100598307,-0.6151091100598309
5485,2.7426682,3.369486627951439,-0.6268184279514393
5486,2.7344491,3.3687898741904396,-0.6343407741904397
5487,2.7250137,3.368164150279807,-0.6431504502798071
5488,2.7117496,3.367565574474961,-0.6558159744749608
5489,2.699863,3.3669842086644803,-0.6671212086644802
5490,2.688371,3.3663806723511156,-0.6780096723511155
5491,2.677074,3.3657540401297883,-0.6886800401297881
5492,2.6681955,3.365099803134061,-0.6969043031340609
5493,2.6609519,3.364446201269788,-0.7034943012697878
5494,2.6560745,3.363817732089015,-0.7077432320890149
5495,2.6482599,3.363339746322191,-0.7150798463221912
5496,2.635873,3.3629005105827896,-0.7270275105827895
5497,2.6226578,3.3626930931134194,-0.7400352931134195
5498,2.6054862,3.3625034478854734,-0.7570172478854733
5499,2.5887659,3.362285764128397,-0.7735198641283971
5500,2.574039,3.3620919807715848,-0.7880529807715848
5501,2.5620422,3.3618774155549107,-0.7998352155549107
5502,2.5539966,3.3615541332338204,-0.8075575332338203
5503,2.5495126,3.361132148176697,-0.8116195481766972
5504,2.5506375,3.360635630534094,-0.809998130534094
5505,2.5533993,3.3600478029229413,-0.8066485029229411
5506,2.5557904,3.3595468056402424,-0.8037564056402426
5507,2.563519,3.3589708126259787,-0.7954518126259789
5508,2.5722187,3.3582687865795826,-0.7860500865795825
5509,2.5810819,3.357547537155771,-0.7764656371557708
5510,2.5948486,3.3568734242876386,-0.7620248242876384
5511,2.612537,3.356391195379469,-0.7438541953794688
5512,2.6298566,3.356074093153807,-0.7262174931538068
5513,2.6465378,3.3557396685862275,-0.7092018685862276
5514,2.6642969,3.355443418324292,-0.6911465183242917
5515,2.6774673,3.3551801065711992,-0.6777128065711993
5516,2.6977475,3.35504601261111,-0.6572985126111099
5517,2.7154453,3.3550029239868167,-0.6395576239868168
5518,2.7301614,3.3548664106515464,-0.6247050106515464
5519,2.741308,3.3548626696407142,-0.6135546696407141
5520,2.74663,3.354842983999307,-0.6082129839993069
5521,2.7519238,3.3547268317801797,-0.6028030317801796
5522,2.7539334,3.354615894967132,-0.6006824949671317
5523,2.7560022,3.35436978700841,-0.59836758700841
5524,2.754751,3.3539463212656764,-0.5991953212656762
5525,2.747188,3.353396960732806,-0.6062089607328058
5526,2.7467782,3.3528209121848667,-0.6060427121848666
5527,2.7469635,3.3521532469164366,-0.6051897469164365
5528,2.7492414,3.3513699614666015,-0.6021285614666017
5529,2.7537994,3.3506441721079963,-0.5968447721079961
5530,2.7527378,3.3500098019890023,-0.5972720019890025
5531,2.74921,3.3492047777014955,-0.5999947777014953
5532,2.738146,3.348122781175668,-0.6099767811756682
5533,2.7283978,3.346865849118644,-0.6184680491186438
5534,2.7166095,3.3454091858164876,-0.6287996858164875
5535,2.7102792,3.3437318097819326,-0.6334526097819326
5536,2.7032776,3.3420385635829732,-0.6387609635829734
5537,2.7015018,3.340279197486242,-0.6387773974862418
5538,2.7006435,3.3383505003255736,-0.6377070003255736
5539,2.698635,3.3363227479399287,-0.6376877479399288
5540,2.69547,3.3342479555859645,-0.6387779555859647
5541,2.6911411,3.33221552687737,-0.64107442687737
5542,2.6856418,3.3301332057447945,-0.6444914057447946
5543,2.678965,3.327955217066511,-0.6489902170665114
5544,2.671104,3.3257656444740418,-0.6546616444740416
5545,2.6620517,3.323564504624273,-0.6615128046242731
5546,2.6518016,3.321468911493294,-0.6696673114932938
5547,2.6403465,3.319709751972942,-0.679363251972942
5548,2.6276798,3.318110643869108,-0.690430843869108
5549,2.6137943,3.31656069763179,-0.7027663976317902
5550,2.5986838,3.3150686162117085,-0.7163848162117086
5551,2.58175,3.3136185943018557,-0.7318685943018557
5552,2.5545545,3.3123191020878244,-0.7577646020878244
5553,2.5139072,3.3111987961944487,-0.7972915961944489
5554,2.469296,3.3101617562703773,-0.8408657562703774
5555,2.4208505,3.3092335147696432,-0.8883830147696434
5556,2.372745,3.3083212729772065,-0.9355762729772064
5557,2.3388171,3.307504853968684,-0.968687753968684
5558,2.2941687,3.30680413791265,-1.0126354379126496
5559,2.257442,3.3061684396557878,-1.0487264396557876
5560,2.2271411,3.3056245803692983,-1.0784834803692984
5561,2.2025867,3.305178283245538,-1.102591583245538
5562,2.1823218,3.3048750624241405,-1.1225532624241406
5563,2.1652603,3.304676085294421,-1.1394157852944211
5564,2.152588,3.3045213673870943,-1.1519333673870942
5565,2.1424985,3.30469130853792,-1.1621928085379203
5566,2.140867,3.3050585137009105,-1.1641915137009105
5567,2.1436408,3.3053627246803052,-1.1617219246803052
5568,2.15836,3.305633254353785,-1.147273254353785
5569,2.1781964,3.30591969505228,-1.12772329505228
5570,2.2108219,3.3062624101910476,-1.0954405101910476
5571,2.2476032,3.3065719422083872,-1.0589687422083873
5572,2.2798297,3.3068065851837334,-1.0269768851837333
5573,2.2975345,3.307009733768836,-1.009475233768836
5574,2.3161414,3.3072725395916795,-0.9911311395916798
5575,2.3299713,3.3075783249142297,-0.9776070249142297
5576,2.336768,3.307889742593369,-0.9711217425933687
5577,2.341666,3.3081538026045316,-0.9664878026045316
5578,2.3524976,3.308324847435216,-0.9558272474352161
5579,2.3360465,3.3084611380659132,-0.9724146380659131
5580,2.332681,3.3087983831774173,-0.9761173831774173
5581,2.3379376,3.3091185369831084,-0.9711809369831084
5582,2.3449152,3.309329221093372,-0.964414021093372
5583,2.3572192,3.3095769277397613,-0.9523577277397615
5584,2.3698795,3.3100932640961664,-0.9402137640961663
5585,2.386442,3.311011270844965,-0.9245692708449647
5586,2.4051883,3.312115920939135,-0.9069276209391353
5587,2.4247296,3.3132759652806167,-0.8885463652806167
5588,2.445393,3.3145452864634226,-0.8691522864634225
5589,2.4593985,3.3159059004842457,-0.8565074004842459
5590,2.4608655,3.3172429104637127,-0.8563774104637125
5591,2.4580057,3.3185450911634806,-0.8605393911634804
5592,2.4489658,3.319894057918671,-0.870928257918671
5593,2.4398727,3.3212452062813793,-0.8813725062813793
5594,2.4392264,3.3225489357266675,-0.8833225357266676
5595,2.4416287,3.3239574250826673,-0.8823287250826675
5596,2.4494781,3.3253590378401747,-0.8758809378401748
5597,2.4566367,3.3265872562409045,-0.8699505562409047
5598,2.4752567,3.327752278102254,-0.8524955781022538
5599,2.4880435,3.328884080037023,-0.8408405800370233
5600,2.4921582,3.329932258962441,-0.8377740589624412
5601,2.4978485,3.3308886142211507,-0.8330401142211508
5602,2.5035672,3.3318049568579484,-0.8282377568579484
5603,2.505419,3.332672176535719,-0.8272531765357192
5604,2.5088184,3.333486263456801,-0.824667863456801
5605,2.515334,3.3342209695281038,-0.8188869695281036
5606,2.5184991,3.3348868101204596,-0.8163877101204595
5607,2.5223029,3.3354840050215686,-0.8131811050215685
5608,2.535698,3.335935159771056,-0.800237159771056
5609,2.5460095,3.336188333574559,-0.7901788335745592
5610,2.5470898,3.3362902662656713,-0.7892004662656711
5611,2.5463028,3.3364169957332086,-0.7901141957332087
5612,2.539349,3.3364936765568554,-0.7971446765568553
5613,2.5262637,3.3365340774536105,-0.8102703774536106
5614,2.5075226,3.336493177598229,-0.8289705775982288
5615,2.4850857,3.3363811325681656,-0.8512954325681656
5616,2.4557931,3.3365087353963334,-0.8807156353963332
5617,2.4494574,3.336690240114931,-0.887232840114931
5618,2.4531958,3.336400009302049,-0.8832042093020491
5619,2.469694,3.3357262169291624,-0.8660322169291623
5620,2.4940796,3.3350138791976867,-0.8409342791976866
5621,2.5245166,3.334297834037568,-0.8097812340375681
5622,2.5598102,3.3335886499203906,-0.7737784499203908
5623,2.5981696,3.3329122356333527,-0.7347426356333528
5624,2.6332278,3.3323023216851326,-0.6990745216851328
5625,2.6664722,3.331763645669923,-0.665291445669923
5626,2.6896908,3.3312907544298094,-0.6415999544298092
5627,2.711961,3.3308846978044917,-0.6189236978044916
5628,2.726874,3.330668925542506,-0.6037949255425059
5629,2.7476676,3.3304419633269657,-0.5827743633269655
5630,2.7673547,3.330110019568472,-0.5627553195684722
5631,2.7876935,3.329873246846649,-0.5421797468466489
5632,2.8007889,3.3297529558431513,-0.5289640558431512
5633,2.8190515,3.3297500630235137,-0.5106985630235137
5634,2.835253,3.3298009638386312,-0.4945479638386314
5635,2.851521,3.3299109836043295,-0.4783899836043295
5636,2.8683352,3.3302617321323713,-0.4619265321323711
5637,2.8817105,3.3308362915904373,-0.4491257915904372
5638,2.9016397,3.331429151524326,-0.4297894515243259
5639,2.9163,3.332177336450334,-0.41587733645033387
5640,2.9305017,3.3330632554078354,-0.4025615554078352
5641,2.9412189,3.3340295950834293,-0.39281069508342936
5642,2.949161,3.3350357491186506,-0.3858747491186505
5643,2.9646661,3.336104213611272,-0.3714381136112719
5644,2.9726923,3.33721719608985,-0.36452489608985017
5645,2.9803967,3.338335706729801,-0.35793900672980117
5646,2.9907162,3.3397391093495594,-0.3490229093495594
5647,3.000716,3.3414223639120264,-0.34070636391202624
5648,3.0101166,3.343086950591911,-0.33297035059191105
5649,3.0192392,3.3448141541497605,-0.32557495414976056
5650,3.0308216,3.3465345420698904,-0.31571294206989053
5651,3.045675,3.348369141128966,-0.3026941411289661
5652,3.0552673,3.350493274188574,-0.29522597418857366
5653,3.070791,3.352743281876198,-0.28195228187619836
5654,3.091858,3.3548194499493427,-0.26296144994934245
5655,3.108733,3.3566433651058207,-0.24791036510582076
5656,3.1263678,3.358431071327307,-0.23206327132730697
5657,3.139837,3.360319836645392,-0.22048283664539214
5658,3.1526227,3.3623280170898644,-0.20970531708986462
5659,3.1348093,3.3644179348337744,-0.22960863483377425
5660,3.1416943,3.3665655348153707,-0.22487123481537052
5661,3.154347,3.368785927294533,-0.21443892729453307
5662,3.1565454,3.3711247476517716,-0.21457934765177145
5663,3.1633542,3.3735590112564964,-0.21020481125649626
5664,3.174956,3.376033982075126,-0.20107798207512628
5665,3.1836483,3.3785362346303587,-0.19488793463035847
5666,3.1962771,3.3810638438104244,-0.18478674381042426
5667,3.2078815,3.3836508720348912,-0.17576937203489118
5668,3.2213483,3.386278339751571,-0.1649300397515714
5669,3.234739,3.3889142504707634,-0.15417525047076364
5670,3.2467706,3.391546966433013,-0.14477636643301306
5671,3.2569287,3.3942032210003275,-0.13727452100032744
5672,3.2687955,3.396905716788238,-0.12811021678823797
5673,3.2817883,3.399667508091646,-0.11787920809164598
5674,3.2918952,3.4024848310243248,-0.11058963102432484
5675,3.3002908,3.405362386272824,-0.1050715862728242
5676,3.3064346,3.408279794510296,-0.10184519451029628
5677,3.3106003,3.4112233554273517,-0.10062305542735173
5678,3.314427,3.414127275609329,-0.09970027560932904
5679,3.3201785,3.4169533237349623,-0.09677482373496238
5680,3.3244553,3.419670347031242,-0.09521504703124206
5681,3.344015,3.4222910581643458,-0.07827605816434557
5682,3.3488333,3.424741864798473,-0.07590856479847297
5683,3.3526547,3.4270936863812262,-0.07443898638122626
5684,3.35844,3.4294359077087098,-0.0709959077087099
5685,3.3602731,3.4316991590808366,-0.07142605908083643
5686,3.3613858,3.43388134679536,-0.07249554679536008
5687,3.357218,3.4360574916046724,-0.07883949160467241
5688,3.3524094,3.438241482419281,-0.08583208241928109
5689,3.3411157,3.4404206022934956,-0.09930490229349553
5690,3.3336105,3.4426041810371335,-0.1089936810371337
5691,3.3298569,3.4447224331488404,-0.11486553314884063
5692,3.3317807,3.446726133311052,-0.114945433311052
5693,3.3374884,3.4487308927460116,-0.11124249274601183
5694,3.3428378,3.4508126282923306,-0.10797482829233074
5695,3.3493063,3.4529608945756114,-0.10365459457561155
5696,3.3528836,3.455187079092078,-0.1023034790920776
5697,3.3679602,3.457551910305374,-0.0895917103053736
5698,3.3714883,3.459832262863755,-0.08834396286375457
5699,3.3755405,3.4619752505700045,-0.08643475057000449
5700,3.3835742,3.464142799845181,-0.08056859984518105
5701,3.388515,3.4663475351363036,-0.07783253513630362
5702,3.3921018,3.468575313973407,-0.07647351397340696
5703,3.3924518,3.4707995510222287,-0.0783477510222288
5704,3.3890643,3.4729897326058157,-0.08392543260581586
5705,3.380842,3.4751286698111645,-0.09428666981116463
5706,3.3662808,3.477223820053367,-0.11094302005336676
5707,3.3636258,3.4792667561726027,-0.11564095617260284
5708,3.366672,3.4812809470769124,-0.11460894707691249
5709,3.3711712,3.4833387464330463,-0.11216754643304627
5710,3.3949356,3.4853021212611783,-0.09036652126117817
5711,3.404555,3.48709270567171,-0.08253770567170982
5712,3.4166489,3.488829247773599,-0.07218034777359872
5713,3.4316156,3.4904801333198563,-0.05886453331985608
5714,3.4462323,3.491993047047489,-0.04576074704748878
5715,3.4608417,3.4933629319980692,-0.03252123199806922
5716,3.470932,3.4945754936590747,-0.02364349365907481
5717,3.480325,3.495585370636377,-0.015260370636376752
5718,3.4835773,3.4963955878147086,-0.012818287814708729
5719,3.4905853,3.4969101629431454,-0.006324862943145604
5720,3.4995182,3.4970425966388428,0.0024756033611570416
5721,3.5067978,3.496803840393811,0.009993959606189318
5722,3.5110843,3.496298573187558,0.014785726812441613
5723,3.516292,3.4955491449212324,0.020742855078767608
5724,3.5225775,3.4945596084827772,0.028017891517222893
5725,3.5242004,3.4933276446063735,0.030872755393626328
5726,3.530669,3.491891857456541,0.038777142543458876
5727,3.5420392,3.490313737020889,0.05172546297911085
5728,3.550256,3.4887959049494968,0.061460095050503316
5729,3.5596204,3.487242650275587,0.07237774972441313
5730,3.5710852,3.485482891390624,0.08560230860937601
5731,3.5823352,3.483580500101101,0.09875469989889929
5732,3.5957096,3.4815369930417726,0.11417260695822762
5733,3.6078699,3.4793639437495276,0.12850595625047223
5734,3.6213346,3.4770639325323485,0.1442706674676515
5735,3.6323764,3.4746282544321097,0.1577481455678904
5736,3.635425,3.4720761396258415,0.16334886037415863
5737,3.6311111,3.4694771592638407,0.16163394073615933
5738,3.6219482,3.4668883776725994,0.15505982232740045
5739,3.612965,3.464368147462951,0.1485968525370489
5740,3.6040192,3.461920323691853,0.14209887630814722
5741,3.5977924,3.459580005617656,0.1382123943823439
5742,3.5900586,3.4573523787876264,0.13270622121237352
5743,3.5784476,3.4553738917374317,0.12307370826256836
5744,3.5642493,3.453620431132149,0.11062886886785117
5745,3.5606067,3.45197441144753,0.10863228855246998
5746,3.5504391,3.45050397804778,0.09993512195222021
5747,3.5351334,3.4492172965434493,0.08591610345655054
5748,3.5194287,3.4481701077983153,0.07125859220168484
5749,3.5027597,3.4471436602849055,0.055616039715094434
5750,3.4885983,3.4460081963709457,0.042590103629054354
5751,3.482095,3.44495827638151,0.0371367236184903
5752,3.4842029,3.444024568086144,0.040178331913856
5753,3.4921057,3.4432196455132997,0.04888605448670047
5754,3.505055,3.4425695476546725,0.06248545234532754
5755,3.5202353,3.442019767302479,0.0782155326975209
5756,3.538898,3.44160045463774,0.09729754536225999
5757,3.5543911,3.441281532665276,0.11310956733472421
5758,3.5697272,3.4411067746322432,0.12862042536775675
5759,3.5824716,3.4411645112827136,0.14130708871728626
5760,3.5907385,3.4413584933358825,0.14938000666411755
5761,3.5896695,3.441718154015443,0.14795134598455695
5762,3.5869586,3.442209743295031,0.14474885670496906
5763,3.5808322,3.4428064289408833,0.13802577105911684
5764,3.5753903,3.4435889736646814,0.1318013263353186
5765,3.575737,3.4446077826639923,0.1311292173360079
5766,3.5819964,3.445616383961809,0.13638001603819117
5767,3.594696,3.4466499781360325,0.14804602186396743
5768,3.6077194,3.447930284829891,0.15978911517010896
5769,3.6208844,3.449361245087732,0.171523154912268
5770,3.6330948,3.4509847423901276,0.1821100576098722
5771,3.643144,3.4528528261587845,0.1902911738412154
5772,3.6499362,3.45465522014295,0.19528097985705006
5773,3.6574206,3.4564280782989716,0.20099252170102844
5774,3.663159,3.458166934773412,0.20499206522658797
5775,3.6710815,3.459860046572042,0.21122145342795795
5776,3.6824527,3.4616059514642012,0.22084674853579855
5777,3.691901,3.463364076408455,0.2285369235915451
5778,3.7040067,3.4652162416340775,0.2387904583659224
5779,3.715029,3.467238736925684,0.24779026307431584
5780,3.7260067,3.4692131995748663,0.2567935004251338
5781,3.732703,3.4711479270989423,0.2615550729010576
5782,3.7391293,3.4731269089453733,0.26600239105462675
5783,3.729987,3.4754017056644892,0.2545852943355107
5784,3.7309375,3.477949857820096,0.252987642179904
5785,3.7326093,3.480546708687842,0.2520625913121579
5786,3.7330835,3.4832149293738848,0.24986857062611545
5787,3.7365527,3.485952534907614,0.2506001650923859
5788,3.740108,3.488825591170201,0.25128240882979913
5789,3.747041,3.49199280342228,0.2550481965777198
5790,3.753406,3.4951429067666915,0.25826309323330854
5791,3.7597134,3.4980218772265843,0.26169152277341556
5792,3.767067,3.5007066383743823,0.2663603616256176
5793,3.773456,3.5031177732019376,0.2703382267980623
5794,3.7765186,3.505155440719541,0.27136315928045907
5795,3.7789896,3.5068464898234595,0.2721431101765406
5796,3.7735431,3.508257894078372,0.26528520592162774
5797,3.7659116,3.5094211289195756,0.25649047108042433
5798,3.7592032,3.5102764004512226,0.2489267995487774
5799,3.753661,3.510778074479315,0.24288292552068524
5800,3.7436688,3.5109980468447564,0.23267075315524366
5801,3.7349994,3.51097741423025,0.22402198576974985
5802,3.7254214,3.5106865817075055,0.21473481829249463
5803,3.7136273,3.510126159298428,0.20350114070157233
5804,3.7065213,3.509359426073594,0.19716187392640583
5805,3.7055228,3.508431361657721,0.19709143834227882
5806,3.7055829,3.507285253062035,0.19829764693796514
5807,3.7075326,3.5059281448384545,0.20160445516154546
5808,3.7122922,3.5043532818374934,0.20793891816250643
5809,3.7149951,3.5024843776958745,0.21251072230412538
5810,3.7229025,3.5002442507293785,0.2226582492706215
5811,3.7283096,3.497559287548743,0.23075031245125688
5812,3.7352066,3.494443537484199,0.24076306251580126
5813,3.7477155,3.491002859212043,0.2567126407879572
5814,3.759527,3.4873418143806676,0.27218518561933225
5815,3.76983,3.483490014234513,0.2863399857654869
5816,3.7707431,3.479499887378475,0.29124321262152497
5817,3.7689853,3.4753380502471316,0.2936472497528686
5818,3.7569983,3.4709492149938397,0.2860490850061601
5819,3.7353952,3.466238286461947,0.26915691353805293
5820,3.7099893,3.4613504053859985,0.24863889461400168
5821,3.6870902,3.4564663963790014,0.23062380362099866
5822,3.6684375,3.4515553843340974,0.21688211566590265
5823,3.66025,3.4467486020420814,0.21350139795791856
5824,3.6525476,3.4420291251455235,0.2105184748544766
5825,3.6558936,3.437311228958796,0.21858237104120404
5826,3.6656168,3.432562835263144,0.23305396473685613
5827,3.6775317,3.427880252320083,0.24965144767991676
5828,3.687669,3.423374962133629,0.26429403786637096
5829,3.6826684,3.418934815158919,0.26373358484108067
5830,3.6670697,3.4146198340858454,0.2524498659141545
5831,3.6452975,3.4104508139308507,0.23484668606914916
5832,3.619714,3.406303267614511,0.21341073238548924
5833,3.5947604,3.4021995096938564,0.19256089030614376
5834,3.571664,3.3981925956220196,0.1734714043779806
5835,3.5442722,3.394335650378739,0.1499365496212608
5836,3.5221066,3.3906887953414326,0.13141780465856723
5837,3.5036087,3.387166865024732,0.11644183497526805
5838,3.4944174,3.383741774416141,0.11067562558385902
5839,3.4911063,3.3804880212856565,0.11061827871434371
5840,3.4832098,3.3773834850603075,0.10582631493969252
5841,3.4731183,3.374290553146879,0.09882774685312068
5842,3.4634955,3.3712420190842938,0.09225348091570629
5843,3.4558716,3.3682641843295493,0.08760741567045072
5844,3.450542,3.365359937459732,0.08518206254026817
5845,3.4573996,3.3625367887244417,0.09486281127555829
5846,3.4695957,3.3597951528362966,0.10980054716370358
5847,3.488873,3.3572048754459662,0.13166812455403365
5848,3.5065994,3.3547539064354726,0.15184549356452726
5849,3.5266385,3.3524536508995624,0.1741848491004374
5850,3.5442963,3.3503059814450977,0.19399031855490234
5851,3.5588543,3.3483517497178723,0.21050255028212783
5852,3.5752923,3.346620287441,0.22867201255900005
5853,3.5915463,3.3451608303094402,0.24638546969055986
5854,3.6074033,3.343922461700765,0.2634808382992353
5855,3.6183047,3.342832249320003,0.27547245067999704
5856,3.625401,3.341909726545274,0.28349127345472613
5857,3.6290588,3.3411560398952487,0.28790276010475147
5858,3.6333945,3.3405613862141443,0.29283311378585575
5859,3.6378632,3.340119188407214,0.2977440115927861
5860,3.6381574,3.339857669287902,0.29829973071209803
5861,3.64037,3.3398344470357006,0.30053555296429924
5862,3.642383,3.3400112770604404,0.3023717229395597
5863,3.644529,3.3403893250089935,0.30413967499100636
5864,3.6449597,3.34099488514308,0.30396481485691984
5865,3.6489224,3.34182558301901,0.30709681698099
5866,3.651886,3.3427178292932824,0.30916817070671776
5867,3.657875,3.3436327814106477,0.31424221858935253
5868,3.6653705,3.344668121280852,0.32070237871914786
5869,3.6707785,3.3460911450592987,0.3246873549407012
5870,3.6776996,3.3475254675943527,0.3301741324056473
5871,3.678845,3.349027923122142,0.3298170768778581
5872,3.6759262,3.351065636597005,0.3248605634029951
5873,3.6669977,3.353213516853258,0.31378418314674184
5874,3.6522043,3.3552776698847935,0.2969266301152067
5875,3.6287472,3.3574600284598732,0.2712871715401266
5876,3.6033618,3.359844453250129,0.24351734674987124
5877,3.5730603,3.3622739903447334,0.21078630965526646
5878,3.5400805,3.364695249258402,0.17538525074159805
5879,3.5148501,3.36706881351182,0.14778128648818
5880,3.4974453,3.36937083459265,0.1280744654073498
5881,3.4843533,3.3717275467734384,0.11262575322656154
5882,3.475418,3.3740931317432525,0.10132486825674736
5883,3.4729457,3.376364118142848,0.09658158185715182
5884,3.473135,3.3785427893762363,0.09459221062376377
5885,3.4745376,3.3805909190362127,0.09394668096378744
5886,3.476684,3.3825938936294797,0.0940901063705204
5887,3.4794998,3.384546013335012,0.0949537866649881
5888,3.4829094,3.386415104039781,0.09649429596021886
5889,3.4868379,3.3882892784515892,0.0985486215484106
5890,3.4912102,3.39006637431824,0.10114382568175984
5891,3.4959514,3.3917619562353543,0.10418944376464578
5892,3.5009866,3.393416052660649,0.10757054733935112
5893,3.5062404,3.3950278355027512,0.11121256449724859
5894,3.5116382,3.396640199137536,0.11499800086246426
5895,3.5171044,3.398213815341284,0.11889058465871605
5896,3.5225646,3.3997147277223863,0.12284987227761368
5897,3.5296338,3.401265886765253,0.12836791323474683
5898,3.534013,3.4027707369959046,0.13124226300409525
5899,3.5328348,3.4042172634579435,0.12861753654205632
5900,3.5321634,3.405747533818294,0.12641586618170608
5901,3.5335858,3.407397243047785,0.12618855695221498
5902,3.5368009,3.4090306313225014,0.1277702686774984
5903,3.542584,3.410630872330889,0.13195312766911105
5904,3.5486865,3.4123137821990226,0.13637271780097748
5905,3.5557544,3.4140745079911965,0.1416798920088036
5906,3.5608368,3.4160897648990765,0.14474703510092368
5907,3.5664237,3.418171626362813,0.1482520736371873
5908,3.5703213,3.4201960236019553,0.15012527639804452
5909,3.5727866,3.4221285422628123,0.15065805773718788
5910,3.5752368,3.4238637595782566,0.15137304042174327
5911,3.578439,3.4254911896247986,0.15294781037520133
5912,3.5808225,3.427126310214937,0.15369618978506283
5913,3.5847604,3.4287931113206294,0.1559672886793706
5914,3.5887768,3.4304449798055496,0.15833182019445058
5915,3.593881,3.4321629881044915,0.1617180118955086
5916,3.60684,3.434165922476732,0.17267407752326802
5917,3.6178055,3.4360674421670847,0.18173805783291508
5918,3.6284757,3.4378113127092833,0.19066438729071677
5919,3.6387503,3.4396092341779165,0.19914106582208335
5920,3.6519372,3.44147434389463,0.21046285610536986
5921,3.6621988,3.443458405342197,0.21874039465780326
5922,3.6737201,3.4455357983518913,0.22818430164810888
5923,3.692568,3.4476345605776983,0.24493343942230172
5924,3.703442,3.449741635639909,0.2537003643600908
5925,3.716061,3.451846179795976,0.26421482020402376
5926,3.725599,3.453922433844962,0.27167656615503777
5927,3.733151,3.455974029901152,0.2771769700988478
5928,3.741491,3.4580005052942133,0.2834904947057866
5929,3.7486005,3.460051520369713,0.2885489796302867
5930,3.7525134,3.462153710523808,0.2903596894761922
5931,3.7504992,3.464252047186372,0.28624715281362834
5932,3.7449558,3.4663311112655637,0.27862468873443635
5933,3.7369702,3.468371431375352,0.2685987686246478
5934,3.728557,3.4704851136104398,0.25807188638956013
5935,3.726362,3.472614585035996,0.25374741496400377
5936,3.7290485,3.474731078011569,0.2543174219884312
5937,3.733843,3.4768337635882167,0.2570092364117831
5938,3.740994,3.4787908079784313,0.26220319202156883
5939,3.742789,3.480709695688385,0.26207930431161497
5940,3.7441406,3.4826070552118806,0.2615335447881195
5941,3.7443173,3.4844607052805294,0.25985659471947065
5942,3.74344,3.4862700315023245,0.2571699684976756
5943,3.7429013,3.4879964078136085,0.2549048921863917
5944,3.7375128,3.489598125121636,0.24791467487836405
5945,3.7309494,3.491039794842375,0.23990960515762527
5946,3.721745,3.492432189493155,0.22931281050684493
5947,3.7193506,3.4936716008983963,0.2256789991016035
5948,3.717635,3.494669754815208,0.22296524518479188
5949,3.722421,3.4954722413377843,0.22694875866221587
5950,3.7274377,3.496143604778791,0.2312940952212088
5951,3.7331848,3.496691952475681,0.23649284752431887
5952,3.738448,3.497135961765442,0.24131203823455794
5953,3.73914,3.4974957454375253,0.24164425456247463
5954,3.7355804,3.497760830656352,0.23781956934364779
5955,3.7322202,3.497780670628307,0.23443952937169277
5956,3.7302496,3.49756159098558,0.23268800901441988
5957,3.7272437,3.4972559149315496,0.2299877850684502
5958,3.727673,3.496854674446771,0.230818325553229
5959,3.7310321,3.496354067803006,0.23467803219699412
5960,3.7296393,3.495770301079357,0.23386899892064328
5961,3.725624,3.495201344302776,0.23042265569722398
5962,3.7150562,3.49465036162183,0.22040583837816996
5963,3.695912,3.4940248323189196,0.20188716768108028
5964,3.6764102,3.4933284039473422,0.18308179605265762
5965,3.6574817,3.4925885394273184,0.16489316057268155
5966,3.6399722,3.4918097620940194,0.1481624379059805
5967,3.6261652,3.491015565641879,0.13514963435812088
5968,3.6135712,3.490224628094603,0.123346571905397
5969,3.5981052,3.4894561276775917,0.10864907232240828
5970,3.5784085,3.4887030155880847,0.08970548441191539
5971,3.5500216,3.487929653697649,0.06209194630235082
5972,3.5199115,3.487132786348037,0.032778713651963276
5973,3.4974506,3.4862408925800565,0.011209707419943538
5974,3.4786518,3.4852559530735174,-0.006604153073517249
5975,3.4664273,3.4841998889793464,-0.017772588979346526
5976,3.4591413,3.483047363560643,-0.023906063560642732
5977,3.4553964,3.4820675828907373,-0.02667118289073711
5978,3.4492526,3.4811149061619324,-0.03186230616193253
5979,3.4453366,3.47989088574051,-0.034554285740509894
5980,3.4459598,3.4783754362719908,-0.032415636271990955
5981,3.4476056,3.476771113621487,-0.029165513621487005
5982,3.4529996,3.4751820282108263,-0.022182428210826277
5983,3.4558814,3.473519975049345,-0.01763857504934485
5984,3.4573224,3.4717892947552964,-0.014466894755296611
5985,3.4596646,3.4700378178516864,-0.010373217851686434
5986,3.4557343,3.4681278280029475,-0.012393528002947463
5987,3.444664,3.4661151891542943,-0.021451189154294337
5988,3.4273355,3.4641577079766703,-0.03682220797667046
5989,3.409743,3.462167411505471,-0.052424411505470836
5990,3.3849857,3.4601625231438686,-0.07517682314386853
5991,3.358443,3.458107093572817,-0.09966409357281725
5992,3.333313,3.4559806640596618,-0.12266766405966179
5993,3.3089917,3.4537786468282548,-0.14478694682825477
5994,3.2851498,3.4520253220954107,-0.16687552209541057
5995,3.2613602,3.4505968847485944,-0.18923668474859445
5996,3.2422388,3.448930538339129,-0.20669173833912913
5997,3.2270792,3.447266357478676,-0.220187157478676
5998,3.217562,3.4457223121700165,-0.22816031217001642
5999,3.2152798,3.444255290856287,-0.22897549085628732
6000,3.2113202,3.442791982466764,-0.23147178246676425
6001,3.2147305,3.4414216646385634,-0.22669116463856342
6002,3.2190356,3.439923373960884,-0.22088777396088366
6003,3.2208045,3.4382606526338493,-0.21745615263384943
6004,3.2237298,3.43669554533953,-0.21296574533952972
6005,3.228664,3.435260599321177,-0.2065965993211769
6006,3.2330105,3.433915531393375,-0.20090503139337512
6007,3.2408078,3.4326493896107078,-0.19184158961070796
6008,3.241698,3.43142677173128,-0.1897287717312799
6009,3.2521122,3.430714895926658,-0.17860269592665778
6010,3.2642539,3.4302447633556703,-0.16599086335567037
6011,3.2791922,3.42964028741338,-0.15044808741338
6012,3.2915344,3.42913519241839,-0.13760079241838996
6013,3.3032608,3.4287507558422226,-0.12548995584222267
6014,3.312611,3.428499973054605,-0.11588897305460488
6015,3.3220694,3.4284057695341317,-0.1063363695341315
6016,3.328865,3.428419230099543,-0.0995542300995429
6017,3.334563,3.428537755671996,-0.09397475567199587
6018,3.3391418,3.428796444595586,-0.0896546445955857
6019,3.34296,3.429387090571829,-0.08642709057182874
6020,3.3514667,3.4300883158201194,-0.0786216158201194
6021,3.3630698,3.430728839225676,-0.06765903922567595
6022,3.3756604,3.4313226930787804,-0.055662293078780234
6023,3.391621,3.431892401995646,-0.04027140199564583
6024,3.407764,3.4325010973242875,-0.02473709732428775
6025,3.4193912,3.433241147750556,-0.013849947750555813
6026,3.4268188,3.434071164764525,-0.0072523647645250655
6027,3.4342968,3.4350119741421077,-0.0007151741421078661
6028,3.4399152,3.4357562697377255,0.004158930262274652
6029,3.4438324,3.436354144741245,0.007478255258754896
6030,3.4454868,3.4369522565790844,0.00853454342091542
6031,3.4462988,3.4375642308370926,0.00873456916290749
6032,3.4643466,3.438223082341839,0.0261235176581609
6033,3.467612,3.439049079266455,0.02856292073354494
6034,3.4785297,3.4399850800107465,0.038544619989253626
6035,3.4861646,3.440944142011606,0.045220457988393914
6036,3.498653,3.441948301456037,0.056704698543962984
6037,3.5157275,3.4430730136551553,0.07265448634484484
6038,3.5290875,3.444160166361394,0.08492733363860605
6039,3.5373166,3.4451870461419385,0.09212955385806154
6040,3.5391965,3.4462553110819534,0.0929411889180467
6041,3.5349338,3.447280503961492,0.08765329603850791
6042,3.5297012,3.448289142752774,0.08141205724722589
6043,3.5197208,3.4494065885561915,0.07031421144380845
6044,3.5113492,3.450840529275999,0.060508670724001234
6045,3.5072043,3.452553097738914,0.05465120226108633
6046,3.508036,3.4544774663199953,0.05355853368000485
6047,3.5108054,3.456441384974355,0.05436401502564525
6048,3.5157483,3.4581710610783074,0.05757723892169242
6049,3.5211356,3.4597159914825073,0.06141960851749273
6050,3.5218048,3.461170679138195,0.06063412086180486
6051,3.521954,3.4625487838976303,0.05940521610236971
6052,3.519965,3.46378116763551,0.056183832364490094
6053,3.5128064,3.464956262058062,0.047850137941938264
6054,3.5068436,3.4661228145272656,0.04072078547273428
6055,3.4996707,3.467242104929364,0.03242859507063578
6056,3.4917963,3.4682266510620314,0.023569648937968424
6057,3.488083,3.4690345605501194,0.01904843944988066
6058,3.4851422,3.469705702345239,0.015436497654760739
6059,3.4817429,3.4702759564640555,0.011466943535944463
6060,3.475054,3.4708910409850953,0.004162959014904821
6061,3.4688535,3.471502045829811,-0.002648545829811333
6062,3.4615338,3.472036261195772,-0.010502461195771584
6063,3.4548438,3.472544097738633,-0.01770029773863291
6064,3.450483,3.4730569584848734,-0.022573958484873202
6065,3.4458377,3.473650262863284,-0.027812562863284374
6066,3.4362988,3.4742777476676285,-0.03797894766762866
6067,3.4278238,3.4749147112033807,-0.0470909112033806
6068,3.4179502,3.4754769065428097,-0.05752670654280978
6069,3.4096417,3.475925016759982,-0.06628331675998211
6070,3.3986642,3.476190956669021,-0.07752675666902098
6071,3.3933246,3.4765566646362625,-0.08323206463626232
6072,3.3845215,3.476886484982899,-0.09236498498289913
6073,3.3709576,3.4769050407585187,-0.10594744075851859
6074,3.3570666,3.4770339635376333,-0.11996736353763326
6075,3.341203,3.4774197824749,-0.13621678247489966
6076,3.3280575,3.4780000493713374,-0.14994254937133755
6077,3.3187625,3.4785933451419853,-0.1598308451419852
6078,3.309227,3.4791840122010376,-0.16995701220103765
6079,3.3028958,3.479850327483465,-0.17695452748346518
6080,3.2970798,3.4804162352174344,-0.18333643521743426
6081,3.2946439,3.480876129052044,-0.18623222905204395
6082,3.2941382,3.4813827958860797,-0.18724459588607978
6083,3.2992215,3.4818817799735253,-0.18266027997352552
6084,3.3084683,3.4823854221037323,-0.17391712210373234
6085,3.3215616,3.482919449643996,-0.16135784964399624
6086,3.3394318,3.483562323983215,-0.14413052398321513
6087,3.3577945,3.484327403465456,-0.12653290346545631
6088,3.3750305,3.4851066144162615,-0.11007611441626164
6089,3.382383,3.485893249116356,-0.10351024911635598
6090,3.394032,3.486735689988251,-0.09270368998825074
6091,3.402528,3.487548523343565,-0.08502052334356458
6092,3.4081628,3.48821111644919,-0.08004831644919008
6093,3.4115765,3.488878105145939,-0.07730160514593942
6094,3.4158795,3.4895582514681522,-0.07367875146815228
6095,3.4196866,3.490201820130306,-0.07051522013030631
6096,3.424422,3.4908028454421074,-0.06638084544210754
6097,3.4306674,3.4913598950174975,-0.06069249501749763
6098,3.436395,3.4918844170115273,-0.05548941701152721
6099,3.4428241,3.4922040635571094,-0.049379963557109274
6100,3.4504886,3.492329492465575,-0.041840892465574875
6101,3.4549963,3.4923879859191516,-0.03739168591915165
6102,3.4581952,3.4923255566874474,-0.03413035668744735
6103,3.4589636,3.4921608818822873,-0.03319728188228721
6104,3.4572437,3.4919155362929954,-0.03467183629299564
6105,3.457851,3.49163566198476,-0.033784661984760156
6106,3.4711096,3.491299737386627,-0.020190137386626894
6107,3.4737701,3.490892284575947,-0.017122184575947053
6108,3.4765592,3.4904278545847474,-0.013868654584747286
6109,3.485272,3.4899306170486026,-0.004658617048602487
6110,3.5022867,3.489459785476247,0.012826914523753175
6111,3.5179813,3.4889522135416673,0.02902908645833291
6112,3.5317361,3.4884732022427585,0.04326289775724135
6113,3.5376663,3.4880979909541154,0.04956830904588472
6114,3.5345416,3.4875742829458893,0.0469673170541105
6115,3.5249798,3.4868738979984526,0.03810590200154751
6116,3.517868,3.486130151642601,0.03173784835739912
6117,3.5098584,3.4853391700438103,0.024519229956189825
6118,3.4992044,3.484486649377916,0.014717750622084136
6119,3.489928,3.4835498427259504,0.006378157274049556
6120,3.4772165,3.482622145483361,-0.005405645483361088
6121,3.466193,3.481548832464768,-0.015355832464767794
6122,3.458943,3.4803562540490596,-0.02141325404905947
6123,3.4574978,3.4792806863102457,-0.02178288631024561
6124,3.4678159,3.4782164981477655,-0.010400598147765283
6125,3.474291,3.477043127187784,-0.002752127187783948
6126,3.4784372,3.475893409615692,0.0025437903843079646
6127,3.4823194,3.474887694270065,0.007431705729935345
6128,3.4821918,3.473723573497908,0.008468226502091891
6129,3.4788525,3.4724385244639233,0.006413975536076588
6130,3.46904,3.47104873636151,-0.0020087363615099996
6131,3.4548328,3.4695370887909918,-0.014704288790991615
6132,3.4348123,3.467931611988559,-0.03311931198855911
6133,3.4151547,3.4663037955430944,-0.051149095543094436
6134,3.3947513,3.4647138017594576,-0.06996250175945784
6135,3.3807373,3.4632745262225932,-0.08253722622259341
6136,3.3722446,3.4618327696779634,-0.08958816967796324
6137,3.3597553,3.4602952783072176,-0.10053997830721784
6138,3.3469226,3.4586604368696485,-0.11173783686964844
6139,3.3280072,3.456968576835806,-0.128961376835806
6140,3.3089688,3.4552844090860066,-0.1463156090860065
6141,3.2938602,3.4537011021286,-0.1598409021285998
6142,3.2775257,3.4522613895878007,-0.17473568958780072
6143,3.2564163,3.4509402277871164,-0.19452392778711625
6144,3.2417133,3.449654823857221,-0.2079415238572211
6145,3.225285,3.4487184028444986,-0.22343340284449864
6146,3.210982,3.448022626495125,-0.23704062649512503
6147,3.2037375,3.447328062859767,-0.243590562859767
6148,3.1968787,3.4468191669600783,-0.2499404669600782
6149,3.187319,3.4464253527628306,-0.25910635276283056
6150,3.1732004,3.446023475123577,-0.2728230751235774
6151,3.161838,3.4455316492385784,-0.2836936492385784
6152,3.1573029,3.4450276742429926,-0.2877247742429927
6153,3.1534457,3.444816345085589,-0.2913706450855891
6154,3.1468158,3.4449359923749046,-0.2981201923749044
6155,3.1461682,3.445106240671859,-0.2989380406718589
6156,3.1438828,3.445341080495953,-0.3014582804959529
6157,3.1488135,3.44564752708031,-0.29683402708031004
6158,3.159063,3.446055861258292,-0.28699286125829193
6159,3.167851,3.4465579509239945,-0.27870695092399433
6160,3.172771,3.4471506827431093,-0.2743796827431093
6161,3.173766,3.447770591555512,-0.2740045915555118
6162,3.1720288,3.448375419828289,-0.2763466198282889
6163,3.1729825,3.448889081417761,-0.27590658141776103
6164,3.1730826,3.449157602771799,-0.2760750027717993
6165,3.173464,3.4494300912822298,-0.2759660912822297
6166,3.1760352,3.449920920899986,-0.2738857208999863
6167,3.1784604,3.4506290138077684,-0.27216861380776836
6168,3.1840363,3.451450948968637,-0.2674146489686371
6169,3.1930957,3.452389908946172,-0.2592942089461716
6170,3.2043872,3.4534480808075783,-0.24906088080757804
6171,3.2111108,3.4544486942808694,-0.24333789428086927
6172,3.2135205,3.4553961706581586,-0.24187567065815863
6173,3.214133,3.4564221628530647,-0.2422891628530648
6174,3.2184055,3.457347988355752,-0.23894248835575205
6175,3.2232285,3.458248445116523,-0.23501994511652313
6176,3.2272427,3.4592663138099895,-0.23202361380998937
6177,3.2313168,3.4603158442187585,-0.22899904421875839
6178,3.236885,3.461388945436334,-0.224503945436334
6179,3.2450168,3.4624726032985427,-0.21745580329854253
6180,3.2535706,3.4636628606183733,-0.21009226061837305
6181,3.2608502,3.4649114517908184,-0.20406125179081824
6182,3.266363,3.4662028883641063,-0.19983988836410616
6183,3.2764893,3.4675759961475916,-0.19108669614759144
6184,3.290195,3.469007441036804,-0.17881244103680372
6185,3.300393,3.47063064786759,-0.17023764786759
6186,3.3127198,3.472455544946599,-0.15973574494659903
6187,3.3212495,3.474349372701735,-0.15309987270173497
6188,3.3270457,3.476217679104143,-0.1491719791041426
6189,3.3309433,3.478095611802825,-0.14715231180282506
6190,3.333777,3.479979931213678,-0.1462029312136779
6191,3.3363812,3.481726500133364,-0.14534530013336422
6192,3.3395905,3.4832753124730655,-0.14368481247306564
6193,3.3442397,3.4847363753795007,-0.1404966753795005
6194,3.3511636,3.486261555881971,-0.13509795588197093
6195,3.3611965,3.4878724548718405,-0.12667595487184036
6196,3.3756907,3.4894628223386683,-0.11377212233866851
6197,3.3762698,3.4909556899754004,-0.11468588997540019
6198,3.3661041,3.4923868214936244,-0.12628272149362463
6199,3.368684,3.4937130236800535,-0.12502902368005353
6200,3.3749814,3.4949576664855226,-0.11997626648552284
6201,3.3826663,3.496175842733911,-0.11350954273391123
6202,3.3930554,3.4973721823126995,-0.10431678231269936
6203,3.400565,3.4985801047978384,-0.09801510479783859
6204,3.4092047,3.4998133869866717,-0.09060868698667157
6205,3.41362,3.5010552875720906,-0.08743528757209074
6206,3.4165769,3.502273065555054,-0.0856961655550541
6207,3.4202456,3.503533739279964,-0.08328813927996404
6208,3.4273682,3.5048758767138737,-0.0775076767138736
6209,3.4376886,3.506249028312853,-0.06856042831285292
6210,3.445572,3.507590070600568,-0.06201807060056819
6211,3.4494705,3.5089283865648455,-0.05945788656484563
6212,3.4482586,3.510256008376273,-0.0619974083762731
6213,3.445536,3.51159101111517,-0.06605501111516965
6214,3.4408078,3.5129322420033415,-0.07212444200334156
6215,3.435875,3.514283395207834,-0.07840839520783405
6216,3.4305267,3.5156498623290933,-0.08512316232909312
6217,3.4262521,3.517032836114018,-0.09078073611401782
6218,3.4228635,3.518460511909821,-0.09559701190982084
6219,3.4243066,3.519900881261066,-0.09559428126106617
6220,3.4212396,3.5212708579215275,-0.10003125792152767
6221,3.430881,3.5226327167169686,-0.0917517167169688
6222,3.4409015,3.5240350462874295,-0.08313354628742964
6223,3.4495392,3.525464338261841,-0.07592513826184133
6224,3.4604971,3.526938923843956,-0.06644182384395592
6225,3.4729962,3.528483880308994,-0.055487680308994314
6226,3.4885538,3.5300965453299353,-0.04154274532993529
6227,3.5006714,3.5317779966046703,-0.03110659660467041
6228,3.5194943,3.533543723331385,-0.014049423331385036
6229,3.5294888,3.53538599203603,-0.005897192036029786
6230,3.5323584,3.5373055854417808,-0.004947185441780633
6231,3.5346081,3.5393490674562806,-0.004740967456280831
6232,3.5296314,3.541505097349133,-0.011873697349133128
6233,3.5239813,3.543726829689845,-0.01974552968984522
6234,3.5185611,3.545990788024011,-0.027429688024011245
6235,3.513309,3.5481222375608885,-0.0348132375608885
6236,3.5117154,3.5500796562081733,-0.03836425620817341
6237,3.5132053,3.55167385189613,-0.038468551896130077
6238,3.5202484,3.553010369690258,-0.03276196969025813
6239,3.531723,3.5542877389519725,-0.02256473895197253
6240,3.5396292,3.555500738465566,-0.015871538465566104
6241,3.5467682,3.5566607033956315,-0.009892503395631635
6242,3.550329,3.5577567958452425,-0.007427795845242446
6243,3.5604663,3.5587758014095683,0.0016904985904315772
6244,3.5586493,3.55970745627632,-0.0010581562763198882
6245,3.5503323,3.5605316639737024,-0.010199363973702358
6246,3.5437024,3.561242547034891,-0.017540147034891262
6247,3.541856,3.5619349367183997,-0.020078936718399554
6248,3.544717,3.5625354918038283,-0.01781849180382844
6249,3.550646,3.5629611741617704,-0.012315174161770415
6250,3.559614,3.5632872330202088,-0.0036732330202089436
6251,3.5682864,3.563429007780839,0.004857392219161039
6252,3.5816214,3.563286092718252,0.018335307281748037
6253,3.5967636,3.5629399236470465,0.03382367635295358
6254,3.6107101,3.562559604721069,0.048150495278930894
6255,3.627062,3.562186361196282,0.06487563880371816
6256,3.643461,3.5619094165039615,0.0815515834960383
6257,3.658457,3.5621372743558184,0.09631972564418145
6258,3.6740406,3.5626668304198144,0.11137376958018574
6259,3.6866128,3.5629746260631734,0.12363817393682641
6260,3.6932437,3.5629514846593624,0.13029221534063762
6261,3.7040875,3.5628897707153895,0.1411977292846105
6262,3.7165234,3.5627863653696035,0.15373703463039634
6263,3.7277014,3.562537247119451,0.16516415288054898
6264,3.74263,3.5622468176758675,0.18038318232413264
6265,3.7548892,3.5619817507321248,0.1929074492678753
6266,3.766657,3.561578171297186,0.2050788287028138
6267,3.7754169,3.5609236851816273,0.2144932148183729
6268,3.7806265,3.5601395878388793,0.2204869121611206
6269,3.7802713,3.5593552038434946,0.22091609615650531
6270,3.7783737,3.558528495290386,0.219845204709614
6271,3.7775302,3.5577241888802886,0.21980601111971154
6272,3.7688336,3.5569435897171706,0.21189001028282917
6273,3.7652335,3.5561122868037036,0.20912121319629629
6274,3.7647133,3.555204427698193,0.20950887230180681
6275,3.7637951,3.5542774329626177,0.20951766703738217
6276,3.7625623,3.553384189394132,0.2091781106058681
6277,3.7610974,3.55249630516934,0.20860109483066003
6278,3.7594838,3.5516116040120864,0.2078721959879135
6279,3.7578046,3.550759392483144,0.20704520751685607
6280,3.7561426,3.549914754688492,0.20622784531150806
6281,3.754581,3.549063544286803,0.2055174557131969
6282,3.7532027,3.548194279651795,0.205008420348205
6283,3.752091,3.5472585017665894,0.20483249823341065
6284,3.7513285,3.5463125330974528,0.2050159669025473
6285,3.7516153,3.5453771615209404,0.2062381384790597
6286,3.7716937,3.5444372097993537,0.22725649020064642
6287,3.7841678,3.5434057921478472,0.24076200785215285
6288,3.7937381,3.54229839326706,0.25143970673294014
6289,3.8017437,3.5412085240331255,0.26053517596687437
6290,3.8067136,3.5400980211524025,0.2666155788475977
6291,3.8118527,3.538944647860625,0.2729080521393752
6292,3.8132193,3.5377708338395193,0.2754484661604808
6293,3.8153164,3.5366207957560136,0.2786956042439863
6294,3.8135648,3.535500919996432,0.2780638800035682
6295,3.8053534,3.534384893028824,0.270968506971176
6296,3.794768,3.5332366975437077,0.2615313024562922
6297,3.782304,3.532165913506277,0.25013808649372304
6298,3.7713077,3.531223395184669,0.24008430481533072
6299,3.761492,3.530320373263698,0.2311716267363022
6300,3.7541962,3.529509240496026,0.22468695950397377
6301,3.748909,3.528765424205792,0.22014357579420762
6302,3.748183,3.527987369319884,0.22019563068011605
6303,3.7492108,3.527155274193581,0.22205552580641896
6304,3.7490802,3.526356136576186,0.22272406342381368
6305,3.745939,3.525589519917979,0.22034948008202093
6306,3.7391052,3.5249016203149934,0.21420357968500658
6307,3.731115,3.524475711521735,0.20663928847826485
6308,3.7270966,3.52415799275731,0.20293860724268997
6309,3.7271762,3.5237840727820906,0.20339212721790956
6310,3.7356644,3.5234052561130875,0.21225914388691258
6311,3.7471488,3.5233484080024966,0.22380039199750357
6312,3.762994,3.5235375627528867,0.2394564372471133
6313,3.7800064,3.5235007458334255,0.25650565416657445
6314,3.7938092,3.5231784871207448,0.27063071287925533
6315,3.801932,3.52257232136159,0.2793596786384098
6316,3.8045795,3.5218689375904697,0.2827105624095303
6317,3.8023465,3.521129848683958,0.2812166513160421
6318,3.797104,3.5203812512137818,0.2767227487862183
6319,3.7915714,3.5196346299262866,0.2719367700737134
6320,3.7844913,3.5190199077782713,0.26547139222172866
6321,3.7795627,3.518377758959311,0.261184941040689
6322,3.777142,3.51771719079796,0.25942480920204014
6323,3.774244,3.5170396979434204,0.2572043020565795
6324,3.7722507,3.5164093662034674,0.2558413337965324
6325,3.7678769,3.5156912060007626,0.2521856939992375
6326,3.7562146,3.514912711970204,0.2413018880297959
6327,3.7462475,3.5141847817639627,0.2320627182360373
6328,3.7383902,3.5135234673506273,0.22486673264937274
6329,3.7310016,3.512868047068673,0.21813355293132686
6330,3.7289908,3.512212650129276,0.21677814987072397
6331,3.7292426,3.5115544343201837,0.21768816567981641
6332,3.7339664,3.510895833333244,0.22307056666675606
6333,3.7410495,3.5102464499899027,0.23080305001009727
6334,3.7508228,3.509641493647849,0.24118130635215085
6335,3.7675095,3.5091021895421677,0.2584073104578324
6336,3.7843628,3.5086877941829115,0.27567500581708826
6337,3.7994854,3.508346912905616,0.29113848709438406
6338,3.8157337,3.5080096789798403,0.3077240210201597
6339,3.8292215,3.507721256238414,0.3215002437615859
6340,3.834306,3.5073985667442713,0.3269074332557289
6341,3.8247705,3.5070583495749146,0.3177121504250855
6342,3.8109164,3.5067840676370294,0.30413233236297055
6343,3.796373,3.5065622374508925,0.28981076254910754
6344,3.7813458,3.506327580893651,0.2750182191063488
6345,3.7660413,3.506097468447662,0.2599438315523379
6346,3.7506647,3.506063519964617,0.24460118003538334
6347,3.7354224,3.5060453138905454,0.22937708610945462
6348,3.7205198,3.5059187564078993,0.21460104359210064
6349,3.706163,3.5056989428214105,0.20046405717858962
6350,3.6925576,3.505451743726363,0.18710585627363718
6351,3.6799095,3.505280014560313,0.17462948543968704
6352,3.6684248,3.505179676518669,0.1632451234813308
6353,3.6583092,3.5050716981931433,0.1532375018068568
6354,3.6552212,3.5049781135311724,0.15024308646882778
6355,3.6588025,3.5049223338632496,0.1538801661367506
6356,3.6567056,3.505016441116974,0.15168915888302603
6357,3.6472168,3.505198748884263,0.14201805111573673
6358,3.6355155,3.5054216889537155,0.13009381104628437
6359,3.6222513,3.5056808820469287,0.1165704179530711
6360,3.6080246,3.506016838074103,0.102007761925897
6361,3.6015112,3.506469544951687,0.09504165504831308
6362,3.6005445,3.507002236473671,0.093542263526329
6363,3.600864,3.507620494314018,0.09324350568598216
6364,3.603314,3.508293296238592,0.09502070376140814
6365,3.604877,3.5089847311787477,0.09589226882125246
6366,3.6068377,3.509956495755349,0.09688120424465074
6367,3.6098468,3.511060993590543,0.09878580640945733
6368,3.606964,3.5124083571842064,0.09455564281579365
6369,3.6013696,3.5137850745127377,0.08758452548726225
6370,3.5941794,3.5150341337321778,0.07914526626782203
6371,3.5896976,3.516111437566997,0.0735861624330032
6372,3.5879266,3.516905054215545,0.07102154578445496
6373,3.588709,3.5174621358522455,0.07124686414775461
6374,3.5932279,3.5178865000070774,0.07534139999292266
6375,3.6040027,3.518164633919103,0.08583806608089706
6376,3.6105456,3.518314636668702,0.0922309633312981
6377,3.6178284,3.518359385983727,0.09946901401627306
6378,3.6249979,3.5184951965055338,0.10650270349446611
6379,3.6281466,3.518662553856931,0.10948404614306906
6380,3.6311624,3.5188456640920083,0.11231673590799174
6381,3.6384811,3.5192833316655756,0.1191977683344243
6382,3.6437302,3.5199697674608443,0.12376043253915547
6383,3.6500473,3.520596320315261,0.1294509796847394
6384,3.6566195,3.521121167723579,0.13549833227642116
6385,3.6636264,3.5214607513840415,0.1421656486159586
6386,3.673486,3.5216821468713526,0.15180385312864741
6387,3.6801507,3.522060465223988,0.15809023477601203
6388,3.6844525,3.522471597805753,0.1619809021942471
6389,3.6842282,3.522651566118616,0.161576633881384
6390,3.6776013,3.5225366091438164,0.15506469085618368
6391,3.6705737,3.5222620133535836,0.14831168664641625
6392,3.6654599,3.521984829701909,0.14347507029809092
6393,3.659062,3.5216249845277803,0.13743701547221976
6394,3.6523862,3.521179087035857,0.13120711296414322
6395,3.6468146,3.520668022612286,0.12614657738771395
6396,3.6400037,3.520115491076351,0.11988820892364904
6397,3.63546,3.51952747226786,0.11593252773214013
6398,3.6310654,3.5188689374028455,0.11219646259715477
6399,3.6314795,3.518129286946503,0.11335021305349713
6400,3.6310556,3.517388975474848,0.11366662452515186
6401,3.6346805,3.5166106181958137,0.11806988180418632
6402,3.6405804,3.515686013810424,0.12489438618957616
6403,3.6491559,3.514587156479718,0.1345687435202816
6404,3.658917,3.513488343884585,0.14542865611541522
6405,3.6680167,3.5124033219711013,0.15561337802889863
6406,3.6767437,3.5112216344821205,0.1655220655178793
6407,3.685087,3.509914032421238,0.17517296757876188
6408,3.6901627,3.5085207007404287,0.18164199925957147
6409,3.6898825,3.5070589579803957,0.18282354201960427
6410,3.6890204,3.5056018724876914,0.18341852751230858
6411,3.6841486,3.5041004573872696,0.18004814261273028
6412,3.6762521,3.5025604002576856,0.17369169974231458
6413,3.6710956,3.5010107162116473,0.17008488378835285
6414,3.6672482,3.499404926332556,0.16784327366744378
6415,3.6704254,3.4977359278774194,0.17268947212258068
6416,3.6758554,3.496065349880962,0.17979005011903793
6417,3.6802585,3.4943620955106804,0.18589640448931943
6418,3.6836908,3.492619889907929,0.1910709100920709
6419,3.6803524,3.490939830990551,0.1894125690094488
6420,3.674458,3.4892201673513075,0.18523783264869254
6421,3.664625,3.487474301723265,0.17715069827673524
6422,3.6524713,3.48571391618653,0.16675738381347038
6423,3.6377683,3.4841262084859177,0.15364209151408215
6424,3.6190403,3.4826453208885573,0.13639497911144272
6425,3.5980923,3.4810897391446365,0.11700256085536331
6426,3.5834448,3.4795541531357586,0.10389064686424154
6427,3.5668356,3.478069377841806,0.08876622215819419
6428,3.555349,3.476635380792687,0.07871361920731301
6429,3.543917,3.4752683659380357,0.06864863406196431
6430,3.5378146,3.473947823456159,0.06386677654384076
6431,3.5310898,3.4726739925916124,0.05841580740838781
6432,3.523335,3.471480709703216,0.05185429029678401
6433,3.51223,3.4703964521302795,0.04183354786972071
6434,3.5004153,3.46938073456186,0.03103456543813987
6435,3.4890409,3.4684176612782416,0.02062323872175842
6436,3.476715,3.4674985611449762,0.009216438855023767
6437,3.4657865,3.4666452380559316,-0.0008587380559315072
6438,3.4605386,3.465860064967765,-0.005321464967765088
6439,3.4536417,3.4651530225065796,-0.011511322506579713
6440,3.4466705,3.4645156975659424,-0.01784519756594216
6441,3.442081,3.4639727483251748,-0.02189174832517482
6442,3.4362576,3.463575978516834,-0.027318378516834052
6443,3.4266827,3.463394905555912,-0.036712205555911925
6444,3.4200723,3.4632648134255,-0.04319251342549979
6445,3.4110184,3.4630771356357983,-0.052058735635798215
6446,3.4079251,3.4628865163314835,-0.05496141633148355
6447,3.4132113,3.4627801871368193,-0.049568887136819395
6448,3.4188864,3.4627949540890435,-0.043908554089043594
6449,3.4284167,3.4628258334104554,-0.03440913341045526
6450,3.4337115,3.4631407050014733,-0.029429205001473502
6451,3.4355807,3.4636171784400425,-0.028036478440042423
6452,3.4396396,3.4639898293455804,-0.0243502293455804
6453,3.4430041,3.464309936827029,-0.021305836827028912
6454,3.4457703,3.4647010088101804,-0.01893070881018044
6455,3.4440265,3.4651101354964964,-0.021083635496496278
6456,3.44801,3.4655277685421795,-0.017517768542179457
6457,3.4514368,3.465993899843377,-0.014557099843376609
6458,3.4562476,3.46644759860688,-0.010199998606879923
6459,3.4655805,3.4668726256798026,-0.0012921256798024139
6460,3.4686596,3.467368660433496,0.0012909395665041679
6461,3.471466,3.468147689951385,0.0033183100486149364
6462,3.4712262,3.4691055902956696,0.0021206097043302563
6463,3.4691467,3.4700024080905982,-0.0008557080905982062
6464,3.4584851,3.4706548917814932,-0.012169791781493355
6465,3.445258,3.4712417351179643,-0.02598373511796437
6466,3.4330237,3.471868756976011,-0.03884505697601082
6467,3.425537,3.472508605582927,-0.04697160558292701
6468,3.424068,3.4730973166897345,-0.049029316689734426
6469,3.424519,3.4736158168987292,-0.049096816898729134
6470,3.4308515,3.474112612347104,-0.043261112347103836
6471,3.4477246,3.4746674155858,-0.02694281558580025
6472,3.4602954,3.475639381188138,-0.015343981188137956
6473,3.4595761,3.4766358795261025,-0.017059779526102492
6474,3.4490857,3.4773888655490097,-0.0283031655490098
6475,3.4363904,3.477802513865402,-0.04141211386540178
6476,3.4236963,3.4779631976812753,-0.05426689768127524
6477,3.4121234,3.47806524222721,-0.06594184222720978
6478,3.4003317,3.4781089895259507,-0.07777728952595053
6479,3.3913434,3.4783156875382635,-0.08697228753826369
6480,3.3843427,3.478523009249707,-0.09418030924970688
6481,3.389027,3.478612621361819,-0.08958562136181891
6482,3.3929117,3.4785927210674017,-0.08568102106740172
6483,3.4056103,3.4786091548668217,-0.07299885486682145
6484,3.4228058,3.478532463412023,-0.055726663412023036
6485,3.4411664,3.4783273470948317,-0.03716094709483153
6486,3.4569287,3.4781091788522684,-0.02118047885226826
6487,3.4810846,3.4778396951585338,0.003244904841466223
6488,3.5052893,3.477434746501474,0.027854553498525725
6489,3.528753,3.4769653644209746,0.05178763557902544
6490,3.5517654,3.4765377954015593,0.07522760459844058
6491,3.5736377,3.476347914073814,0.09728978592618587
6492,3.5858188,3.476082403592608,0.10973639640739208
6493,3.5891452,3.4756007228047396,0.11354447719526028
6494,3.581445,3.474872190372185,0.1065728096278149
6495,3.566695,3.4739405949188624,0.09275440508113775
6496,3.5541022,3.4729531106356895,0.08114908936431053
6497,3.5368826,3.4717522722942618,0.06513032770573846
6498,3.5222473,3.4702593885351805,0.051987911464819625
6499,3.509115,3.4685127204463013,0.04060227955369866
6500,3.4946115,3.4666683781510006,0.027943121848999386
6501,3.4814715,3.464747740315442,0.016723759684558193
6502,3.4726355,3.462676818503108,0.009958681496891941
6503,3.4613724,3.460662576690505,0.0007098233094953166
6504,3.4475262,3.4587685179495957,-0.011242317949595737
6505,3.429999,3.456591979868496,-0.02659297986849607
6506,3.4104352,3.4541574234935135,-0.043722223493513734
6507,3.3964572,3.4515871342343227,-0.055129934234322775
6508,3.3842914,3.4489350488112263,-0.0646436488112263
6509,3.376879,3.446359127629807,-0.06948012762980671
6510,3.3724017,3.4438329750145296,-0.0714312750145294
6511,3.368418,3.4411508889956846,-0.07273288899568442
6512,3.3686557,3.4384401604869996,-0.06978446048699949
6513,3.365389,3.435704783177967,-0.07031578317796683
6514,3.3642132,3.4329213212729104,-0.06870812127291037
6515,3.3621936,3.4301186243696002,-0.06792502436960035
6516,3.35694,3.4273988715938595,-0.07045887159385966
6517,3.3532507,3.4245656403427414,-0.07131494034274155
6518,3.3405228,3.421517292279539,-0.08099449227953892
6519,3.3289914,3.4184344382767344,-0.08944303827673439
6520,3.3232868,3.415367005476082,-0.09208020547608209
6521,3.3159332,3.412423947707137,-0.09649074770713728
6522,3.3082352,3.4095345608932863,-0.1012993608932864
6523,3.2962887,3.406711424029619,-0.11042272402961917
6524,3.2921677,3.403953147502056,-0.1117854475020561
6525,3.285541,3.4012955225371386,-0.1157545225371388
6526,3.2720325,3.3987446646517174,-0.12671216465171753
6527,3.260741,3.3963449439739732,-0.13560394397397335
6528,3.256001,3.394122940711382,-0.13812194071138206
6529,3.2484317,3.392075773465287,-0.1436440734652873
6530,3.246254,3.3901575577957166,-0.14390355779571662
6531,3.2471662,3.3883557881278206,-0.14118958812782045
6532,3.2502148,3.3866560252347853,-0.13644122523478508
6533,3.2517297,3.384975187618122,-0.13324548761812238
6534,3.2521875,3.3833061848851576,-0.13111868488515777
6535,3.246496,3.381645151576216,-0.13514915157621576
6536,3.2359815,3.379932767636139,-0.14395126763613897
6537,3.2273767,3.378188506121874,-0.15081180612187373
6538,3.2189538,3.376462833233666,-0.15750903323366616
6539,3.218797,3.374642838313134,-0.15584583831313426
6540,3.24035,3.372850038687033,-0.13250003868703297
6541,3.2410998,3.371090783820212,-0.1299909838202118
6542,3.24314,3.369289533840676,-0.12614953384067595
6543,3.2446322,3.3675311426218486,-0.12289894262184875
6544,3.2448523,3.3657199122052095,-0.1208676122052097
6545,3.2333963,3.3638244084001903,-0.13042810840019037
6546,3.2094684,3.3619131219430325,-0.1524447219430325
6547,3.151438,3.3599602689302306,-0.2085222689302304
6548,3.1046894,3.3579743908120006,-0.25328499081200073
6549,3.0749347,3.356043530872603,-0.28110883087260286
6550,3.0617862,3.3541147863078264,-0.29232858630782665
6551,3.0561175,3.352163734334817,-0.2960462343348169
6552,3.0615017,3.3503124628592476,-0.28881076285924756
6553,3.0748444,3.3486028847100973,-0.27375848471009734
6554,3.0908551,3.3469963241364744,-0.2561412241364742
6555,3.1078153,3.3454130554380415,-0.2375977554380415
6556,3.1218534,3.3439412359286576,-0.22208783592865755
6557,3.1330621,3.3425088527644364,-0.20944675276443636
6558,3.1411884,3.3411816124383042,-0.19999321243830437
6559,3.1492221,3.340024870049395,-0.19080277004939505
6560,3.1850848,3.3389932616698843,-0.15390846166988448
6561,3.1947086,3.338067478480922,-0.14335887848092232
6562,3.2026913,3.3373189442732913,-0.1346276442732912
6563,3.2081354,3.336944713227626,-0.128809313227626
6564,3.2144012,3.3367782940091186,-0.12237709400911845
6565,3.2273047,3.3366925833210366,-0.10938788332103666
6566,3.224932,3.3367300692803536,-0.11179806928035374
6567,3.2035086,3.3369111587065334,-0.13340255870653328
6568,3.182919,3.3370191042412656,-0.15410010424126552
6569,3.160141,3.3369163456881035,-0.1767753456881036
6570,3.1427307,3.3368486850494583,-0.19411798504945832
6571,3.1319983,3.336811100297089,-0.20481280029708904
6572,3.1244855,3.3366997213887006,-0.2122142213887006
6573,3.1118863,3.3365644391713154,-0.2246781391713153
6574,3.1000354,3.3363409843951555,-0.2363055843951556
6575,3.0862362,3.3359364996815652,-0.24970029968156515
6576,3.0696826,3.3353058085419818,-0.2656232085419816
6577,3.062573,3.3345839262932704,-0.2720109262932704
6578,3.0706515,3.335093591159594,-0.26444209115959394
6579,3.0501437,3.33606329773627,-0.28591959773627007
6580,3.0585556,3.3363603222176215,-0.2778047222176214
6581,3.0676215,3.3362524693826208,-0.26863096938262077
6582,3.084901,3.3358245137495097,-0.25092351374950983
6583,3.104819,3.3352853458189426,-0.23046634581894265
6584,3.124491,3.334924425050957,-0.2104334250509572
6585,3.1480997,3.334310761758257,-0.18621106175825686
6586,3.1680222,3.3329308103153332,-0.16490861031533344
6587,3.181476,3.330918384761257,-0.14944238476125715
6588,3.196919,3.328985344145248,-0.13206634414524832
6589,3.2007709,3.327149001107156,-0.12637810110715586
6590,3.2021658,3.3254155663616065,-0.12324976636160656
6591,3.1902575,3.3237888865098277,-0.13353138650982777
6592,3.1671426,3.3222506295185537,-0.15510802951855363
6593,3.1458652,3.3207492204262716,-0.17488402042627182
6594,3.1286697,3.3192794866015665,-0.19060978660156636
6595,3.1208005,3.317853835541085,-0.19705333554108506
6596,3.1288507,3.3165299734714484,-0.1876792734714483
6597,3.1356113,3.315349924483789,-0.17973862448378908
6598,3.1413727,3.31504376254784,-0.17367106254784037
6599,3.148515,3.3158518887814448,-0.1673368887814446
6600,3.1565747,3.3167984688744028,-0.1602237688744026
6601,3.1640286,3.3176742431691952,-0.15364564316919527
6602,3.1669998,3.3186533785224106,-0.15165357852241046
6603,3.1710281,3.3197208769708597,-0.1486927769708597
6604,3.1725278,3.3209272605797264,-0.1483994605797263
6605,3.17716,3.32286540597296,-0.14570540597295967
6606,3.1836514,3.3252429130500762,-0.14159151305007622
6607,3.193186,3.327446452254044,-0.13426045225404426
6608,3.199537,3.329826637290651,-0.13028963729065124
6609,3.2037354,3.3323560668135457,-0.1286206668135459
6610,3.2082715,3.334997120337123,-0.12672562033712298
6611,3.2101266,3.337777212546884,-0.12765061254688392
6612,3.2134476,3.3411259498705315,-0.12767834987053162
6613,3.211077,3.3447248160758756,-0.13364781607587561
6614,3.209924,3.3480331226923306,-0.13810912269233055
6615,3.2073703,3.3513712672389095,-0.14400096723890954
6616,3.2039402,3.354807079584904,-0.1508668795849042
6617,3.1964908,3.3578855439701996,-0.1613947439701997
6618,3.198858,3.3600907199749614,-0.16123271997496147
6619,3.1993527,3.3618668898390354,-0.16251418983903543
6620,3.2056427,3.3637644406686267,-0.15812174066862683
6621,3.215875,3.3658228815835773,-0.1499478815835773
6622,3.222713,3.3680034586755214,-0.14529045867552126
6623,3.227792,3.3703257149672647,-0.14253371496726475
6624,3.2441013,3.372746402277154,-0.12864510227715398
6625,3.2524784,3.3752508555787184,-0.12277245557871819
6626,3.2666736,3.3779154622663583,-0.11124186226635846
6627,3.2830615,3.3807341110679934,-0.0976726110679933
6628,3.2990625,3.3836920655185274,-0.08462956551852763
6629,3.316137,3.386780277852529,-0.070643277852529
6630,3.3318036,3.389957551323003,-0.05815395132300294
6631,3.3435092,3.393190330625771,-0.04968113062577073
6632,3.3518317,3.396451430256458,-0.044619730256457935
6633,3.3608682,3.399839483125547,-0.038971283125547096
6634,3.3739438,3.4033851048519415,-0.029441304851941297
6635,3.382008,3.406975545258661,-0.024967545258661072
6636,3.3927438,3.4105775638581664,-0.017833763858166485
6637,3.396831,3.4143755942794307,-0.01754459427943056
6638,3.4076517,3.418476079824637,-0.01082437982463702
6639,3.4154325,3.4228594997677377,-0.007426999767737641
6640,3.4332907,3.4273642216680638,0.00592647833193638
6641,3.4503458,3.4319304425923547,0.018415357407645327
6642,3.4679248,3.436519981150103,0.03140481884989699
6643,3.4910223,3.4411932271587795,0.04982907284122051
6644,3.5090747,3.445924525628557,0.06315017437144332
6645,3.5271258,3.450645481328283,0.07648031867171667
6646,3.542767,3.4553228895907604,0.0874441104092396
6647,3.5571136,3.459907297368438,0.09720630263156194
6648,3.5688794,3.464644840296975,0.1042345597030252
6649,3.5788095,3.469429312519548,0.1093801874804523
6650,3.580198,3.474103677245998,0.10609432275400232
6651,3.5719097,3.4786455902449194,0.0932641097550806
6652,3.562749,3.483056198869539,0.07969280113046118
6653,3.5545971,3.487419359514242,0.06717774048575809
6654,3.547399,3.4916242486465547,0.05577475135344523
6655,3.541099,3.4955644115217384,0.04553458847826164
6656,3.535642,3.499184252947104,0.036457747052896394
6657,3.5309727,3.502525251078152,0.02844744892184803
6658,3.527036,3.5057160791563167,0.02131992084368317
6659,3.5237763,3.5087583595929606,0.015017940407039632
6660,3.5211387,3.5117492815150517,0.00938941848494812
6661,3.5190675,3.514769232062456,0.004298267937543621
6662,3.517508,3.5177195533427157,-0.00021155334271583115
6663,3.5164044,3.5206138228151773,-0.004209422815177444
6664,3.5157015,3.523428197321006,-0.007726697321006171
6665,3.5153444,3.526153845915938,-0.01080944591593802
6666,3.5262082,3.528725248364818,-0.002517048364818031
6667,3.5416532,3.5310727468761343,0.010580453123865574
6668,3.55473,3.533289800198952,0.021440199801048276
6669,3.5632443,3.535558637391372,0.027685662608627926
6670,3.5675159,3.537712954903496,0.029802945096504274
6671,3.5626996,3.5397429975160826,0.02295660248391762
6672,3.5555704,3.5416231891674776,0.013947210832522483
6673,3.5414221,3.543525794176576,-0.0021036941765757433
6674,3.5213144,3.5456140429341305,-0.02429964293413045
6675,3.507612,3.5476716218937314,-0.04005962189373147
6676,3.4969537,3.5495930281144794,-0.052639328114479245
6677,3.4970365,3.5514188785334913,-0.05438237853349115
6678,3.4991672,3.5531299725581413,-0.0539627725581413
6679,3.5033689,3.554732832745748,-0.05136393274574802
6680,3.5060098,3.5562354863995305,-0.05022568639953029
6681,3.5125864,3.558024202749484,-0.045437802749483946
6682,3.518884,3.5597952563107373,-0.04091125631073744
6683,3.5285602,3.561119877476961,-0.0325596774769612
6684,3.5397,3.562270512814183,-0.022570512814183097
6685,3.5519779,3.5634294070633596,-0.011451507063359845
6686,3.5654187,3.5645405810522792,0.0008781189477207185
6687,3.5785892,3.5655846693797826,0.013004530620217558
6688,3.5927484,3.5665983091748426,0.026150090825157513
6689,3.6047482,3.5675836383396162,0.03716456166038373
6690,3.6209314,3.5685766663980623,0.05235473360193765
6691,3.6324964,3.5695016136984132,0.06299478630158672
6692,3.6463623,3.570345898812467,0.07601640118753306
6693,3.6545322,3.571148755364469,0.0833834446355306
6694,3.6619928,3.5719349618411336,0.09005783815886659
6695,3.6687405,3.5727120168670066,0.09602848313299361
6696,3.6774585,3.57349676662408,0.1039617333759204
6697,3.6757333,3.574272550653351,0.10146074934664906
6698,3.6744297,3.575051837234567,0.09937786276543292
6699,3.6711688,3.575817713766707,0.09535108623329291
6700,3.6673703,3.5765593450506064,0.09081095494939362
6701,3.6597574,3.57727627004149,0.0824811299585102
6702,3.6476834,3.577934749874139,0.06974865012586084
6703,3.6327252,3.5785357379642098,0.054189462035790115
6704,3.6173074,3.5791093035546195,0.038198096445380525
6705,3.6063068,3.5796073847920216,0.026699415207978472
6706,3.5959637,3.57999328796651,0.01597041203348981
6707,3.5882742,3.580317068193452,0.007957131806547668
6708,3.5841076,3.580619627703139,0.0034879722968610416
6709,3.5831583,3.5808775107138757,0.002280789286124296
6710,3.5882285,3.5810689867622973,0.007159513237702697
6711,3.5977228,3.581206024882488,0.01651677511751215
6712,3.6075299,3.581290156086927,0.02623974391307282
6713,3.6193674,3.581302884150606,0.03806451584939374
6714,3.629425,3.5811860458298637,0.04823895417013624
6715,3.6370654,3.580911608183338,0.056153791816662135
6716,3.6488583,3.5805496700886956,0.06830862991130449
6717,3.6628451,3.580180917895345,0.0826641821046552
6718,3.6775327,3.5798059665912114,0.09772673340878857
6719,3.6940503,3.579438547341033,0.11461175265896673
6720,3.710142,3.5790425399090244,0.1310994600909754
6721,3.7238367,3.578599065249756,0.1452376347502442
6722,3.740581,3.578143200547734,0.16243779945226633
6723,3.7547336,3.577681802545976,0.17705179745402377
6724,3.7682245,3.5773282632577517,0.19089623674224843
6725,3.777457,3.577063233210469,0.20039376678953102
6726,3.7838626,3.5767776348261187,0.2070849651738813
6727,3.7897916,3.5764982778047205,0.21329332219527952
6728,3.7962592,3.5763644630431624,0.2198947369568378
6729,3.8025818,3.5763556623648944,0.22622613763510557
6730,3.8070865,3.576299717342871,0.23078678265712904
6731,3.8108237,3.576389611371292,0.23443408862870774
6732,3.8135126,3.5765748461378086,0.2369377538621915
6733,3.8109272,3.5766746390129978,0.2342525609870023
6734,3.813846,3.5767283692245466,0.23711763077545323
6735,3.8164172,3.5766667482895627,0.2397504517104374
6736,3.815373,3.5764976977773366,0.2388753022226635
6737,3.8152847,3.5762669917040917,0.23901770829590818
6738,3.815047,3.576033301837734,0.2390136981622657
6739,3.81507,3.5757797183692963,0.23929028163070365
6740,3.817833,3.575465546000951,0.2423674539990488
6741,3.8121905,3.5750991911147696,0.23709130888523022
6742,3.8088608,3.574694621487724,0.23416617851227617
6743,3.8055322,3.5743474452193946,0.2311847547806054
6744,3.800015,3.5740481046337194,0.22596689536628078
6745,3.799483,3.573670323061027,0.22581267693897278
6746,3.7989948,3.5732358554067423,0.22575894459325774
6747,3.8014472,3.57279295190326,0.22865424809674018
6748,3.8047442,3.5723386764538874,0.23240552354611266
6749,3.8112912,3.571880846276519,0.23941035372348107
6750,3.8181903,3.5713962273901574,0.24679407260984254
6751,3.8243942,3.570828032597026,0.2535661674029739
6752,3.8303201,3.5700480157500474,0.2602720842499524
6753,3.8332248,3.5690910145040293,0.26413378549597066
6754,3.8295746,3.568100666407178,0.2614739335928218
6755,3.8190274,3.5670886252540246,0.25193877474597537
6756,3.8043072,3.5660768195378045,0.2382303804621957
6757,3.791384,3.5650661383723596,0.22631786162764023
6758,3.7758853,3.5640551112107763,0.21183018878922377
6759,3.7618833,3.5630649829675747,0.19881831703242536
6760,3.7504425,3.562067487671881,0.18837501232811915
6761,3.7418387,3.561058436893869,0.18078026310613104
6762,3.7310443,3.560061872287213,0.17098242771278738
6763,3.7231402,3.559080996764475,0.1640592032355248
6764,3.7235706,3.558138905254903,0.1654316947450969
6765,3.7240927,3.5572342671608816,0.16685843283911828
6766,3.7267935,3.5563480425785565,0.17044545742144335
6767,3.73074,3.555480250547401,0.17525974945259915
6768,3.7346268,3.5546472078350786,0.17997959216492143
6769,3.7385635,3.5538644098187704,0.18469909018122976
6770,3.7408001,3.553171897403583,0.1876282025964171
6771,3.7429461,3.552572020111232,0.1903740798887683
6772,3.743877,3.5519613618964834,0.19191563810351653
6773,3.740048,3.5513577416624056,0.18869025833759423
6774,3.736922,3.550766566361267,0.18615543363873277
6775,3.7364666,3.5501951561686114,0.1862714438313886
6776,3.7333636,3.5496533247564126,0.18371027524358752
6777,3.7308502,3.549132898836742,0.1817173011632578
6778,3.7265189,3.5486900313792518,0.1778288686207481
6779,3.717818,3.548304323952638,0.1695136760473619
6780,3.709293,3.547930602571976,0.16136239742802427
6781,3.699185,3.547565626389346,0.15161937361065414
6782,3.6871545,3.547249405467123,0.13990509453287725
6783,3.6750793,3.5469759511613583,0.12810334883864183
6784,3.6658478,3.546700123844269,0.11914767615573085
6785,3.6623447,3.5464136815007836,0.11593101849921617
6786,3.6623175,3.5461288985008395,0.11618860149916044
6787,3.6648352,3.5458666484370074,0.1189685515629928
6788,3.6694925,3.5456301642780104,0.12386233572198968
6789,3.6786172,3.545428446377205,0.13318875362279536
6790,3.6884003,3.545273447903822,0.14312685209617815
6791,3.6971958,3.5451970895276315,0.15199871047236835
6792,3.7061865,3.545262041645699,0.1609244583543008
6793,3.7155838,3.545381996790976,0.17020180320902423
6794,3.7264926,3.545536865275333,0.18095573472466686
6795,3.7364883,3.5457208827364015,0.19076741726359847
6796,3.7496707,3.5459447663394332,0.20372593366056657
6797,3.7601187,3.5462133107863716,0.21390538921362845
6798,3.768984,3.5465163043190504,0.2224676956809497
6799,3.7754931,3.5468734637833452,0.2286196362166546
6800,3.7819629,3.547270014853517,0.23469288514648312
6801,3.7916467,3.5477141791200526,0.2439325208799472
6802,3.801021,3.5481454050685115,0.2528755949314885
6803,3.8103561,3.5485443093416977,0.2618117906583022
6804,3.8169925,3.548977828968649,0.2680146710313509
6805,3.8223953,3.54947370467159,0.2729215953284103
6806,3.8232586,3.550010406535339,0.2732481934646609
6807,3.8239353,3.550580245665091,0.27335505433490903
6808,3.8239963,3.5511742963523845,0.27282200364761566
6809,3.8246176,3.5517970733324575,0.2728205266675423
6810,3.826441,3.552439360361878,0.2740016396381222
6811,3.8297946,3.5531217730228373,0.2766728269771628
6812,3.8349965,3.553837246837059,0.281159253162941
6813,3.8381867,3.5545559606429626,0.2836307393570374
6814,3.8404493,3.5553048427729235,0.2851444572270765
6815,3.8419814,3.556079079984125,0.2859023200158748
6816,3.8429801,3.5568665600724563,0.28611353992754385
6817,3.8436434,3.557663370384286,0.2859800296157138
6818,3.844168,3.5584793630271974,0.28568863697280245
6819,3.8447514,3.5593348952138983,0.2854165047861015
6820,3.8455908,3.5602048403306283,0.28538595966937175
6821,3.8468835,3.561068652359896,0.2858148476401041
6822,3.8488271,3.561934245821368,0.28689285417863175
6823,3.8516188,3.562802148853538,0.2888166511464618
6824,3.854951,3.563699100834077,0.291251899165923
6825,3.863753,3.5645978823276745,0.2991551176723255
6826,3.871557,3.5654931623467654,0.30606383765323475
6827,3.8747036,3.5663731988548157,0.3083304011451844
6828,3.8800366,3.567215389836444,0.3128212101635559
6829,3.8797925,3.5680367189430897,0.3117557810569105
6830,3.8811154,3.568848763167549,0.31226663683245093
6831,3.8829563,3.5696207326188207,0.3133355673811793
6832,3.8845325,3.5703032377342265,0.31422926226577363
6833,3.887752,3.570944922922347,0.316807077077653
6834,3.88854,3.5715489021497207,0.31699109785027924
6835,3.886018,3.5721068234778977,0.3139111765221023
6836,3.88883,3.5726193314421337,0.3162106685578663
6837,3.8919513,3.5730944302603183,0.31885686973968186
6838,3.8957422,3.573539333870579,0.32220286612942095
6839,3.898493,3.573969040416812,0.32452395958318814
6840,3.8996658,3.57436947043218,0.3252963295678204
6841,3.9002545,3.574754071520039,0.32550042847996075
6842,3.9007874,3.5751044000761607,0.3256829999238393
6843,3.9013455,3.5753893176326574,0.3259561823673427
6844,3.9046881,3.5756307497264794,0.32905735027352057
6845,3.9088156,3.575823322958613,0.3329922770413871
6846,3.9127164,3.575984547844797,0.33673185215520274
6847,3.9202673,3.5761216761127117,0.3441456238872882
6848,3.9254925,3.57623352022792,0.34925897977207976
6849,3.9312134,3.5763174478890036,0.3548959521109962
6850,3.9375632,3.576366570577943,0.3611966294220572
6851,3.9434674,3.576358011485165,0.36710938851483466
6852,3.951597,3.5762934832128894,0.3753035167871106
6853,3.9613037,3.5761838467394926,0.38511985326050757
6854,3.9720044,3.5760413988661286,0.3959630011338713
6855,3.9810727,3.575866791460797,0.405205908539203
6856,3.9927619,3.5756661360645907,0.41709576393540937
6857,4.0069394,3.575432159317939,0.43150724068206125
6858,4.019203,3.5751575022102453,0.4440454977897548
6859,4.0305023,3.574895510218716,0.4556067897812843
6860,4.0396447,3.5746537186568643,0.4649909813431359
6861,4.04176,3.574397846919805,0.4673621530801948
6862,4.0390906,3.5741350840083053,0.4649555159916945
6863,4.0326257,3.573886609940439,0.4587390900595607
6864,4.0266004,3.573656330710735,0.45294406928926545
6865,4.0209417,3.573441232000076,0.44750046799992393
6866,4.014773,3.573249936305777,0.4415230636942229
6867,4.008389,3.5730833518085783,0.4353056481914219
6868,4.0030236,3.5729472639534885,0.4300763360465112
6869,4.000485,3.572871401219354,0.4276135987806464
6870,3.9995346,3.57284228023434,0.42669231976566024
6871,3.9988873,3.5728407875387003,0.42604651246129954
6872,3.9969983,3.572870991515241,0.424127308484759
6873,3.9896197,3.5729251919693983,0.4166945080306017
6874,3.9913266,3.5730016303459746,0.4183249696540252
6875,3.9922092,3.5731027027884736,0.4191064972115264
6876,3.9936383,3.573231909444358,0.42040639055564233
6877,3.9971848,3.573387774194461,0.423797025805539
6878,4.000602,3.5735645871812403,0.4270374128187595
6879,4.0056524,3.5737753579709457,0.4318770420290541
6880,4.015363,3.574011670074794,0.44135132992520587
6881,4.0241723,3.5742556896234072,0.4499166103765928
6882,4.032535,3.5745304405017833,0.45800455949821695
6883,4.0409417,3.574822245920772,0.4661194540792284
6884,4.0498385,3.5751114887963946,0.4747270112036053
6885,4.05479,3.575408561715957,0.4793814382840429
6886,4.0589066,3.5757104750632163,0.483196124936784
6887,4.0608954,3.576020679686997,0.4848747203130026
6888,4.061599,3.5763415757978714,0.4852574242021288
6889,4.0607824,3.576672076773082,0.48411032322691794
6890,4.056461,3.5770246899891527,0.47943631001084697
6891,4.0500436,3.5773857786068413,0.47265782139315915
6892,4.042064,3.5777399362789386,0.4643240637210613
6893,4.0277658,3.5780995174650108,0.4496662825349893
6894,4.01538,3.5784710705350244,0.43690892946497595
6895,4.006263,3.5788810826138153,0.42738191738618436
6896,3.9961133,3.579324036762501,0.416789263237499
6897,3.9878976,3.579771279375527,0.40812632062447296
6898,3.9826584,3.5802289115330823,0.40242948846691773
6899,3.978691,3.5806777791740454,0.3980132208259546
6900,3.973264,3.5810938414599423,0.39217015854005766
6901,3.965421,3.5814880238847477,0.38393297611525234
6902,3.95275,3.5818755018438204,0.37087449815617957
6903,3.9361372,3.582256913468266,0.3538802865317341
6904,3.9164674,3.5826317315416314,0.33383566845836876
6905,3.8946264,3.583008347627371,0.3116180523726291
6906,3.8714995,3.583526623625897,0.28797287637410296
6907,3.8479722,3.584033902144973,0.26393829785502687
6908,3.82493,3.5844513059228666,0.24047869407713351
6909,3.8032582,3.5847846611982512,0.2184735388017489
6910,3.783842,3.5850627143198173,0.19877928568018266
6911,3.7675672,3.585300588900394,0.18226661109960585
6912,3.7553189,3.585546990254961,0.16977190974503875
6913,3.7479827,3.5857635816732794,0.16221911832672076
6914,3.7470453,3.5859450717251873,0.16110022827481263
6915,3.7581122,3.5862411854376965,0.17187101456230325
6916,3.771614,3.5864449967730385,0.1851690032269615
6917,3.7877557,3.5865423527230433,0.2012133472769566
6918,3.802742,3.5868167615574897,0.2159252384425101
6919,3.8182962,3.5869931637418966,0.23130303625810322
6920,3.833543,3.5870134704326353,0.24652952956736485
6921,3.8528302,3.5870309322910874,0.2657992677089127
6922,3.8655078,3.5870354198602077,0.27847238013979236
6923,3.8774905,3.5869949366702607,0.29049556332973925
6924,3.8848507,3.586763833102976,0.298086866897024
6925,3.8949924,3.5862665626150667,0.3087258373849333
6926,3.8996975,3.585541594502231,0.31415590549776873
6927,3.9055417,3.5847002390627623,0.32084146093723787
6928,3.9052997,3.583801161061532,0.32149853893846814
6929,3.907472,3.5828544311640687,0.3246175688359312
6930,3.9063165,3.581906125794028,0.32441037420597185
6931,3.905378,3.5808919977821323,0.3244860022178675
6932,3.9048352,3.5797407097423823,0.3250944902576176
6933,3.9092581,3.5784905636157465,0.3307675363842537
6934,3.9076571,3.577184936752651,0.3304721632473493
6935,3.9148962,3.5758270235669674,0.33906917643303247
6936,3.9275272,3.574417939782266,0.3531092602177339
6937,3.9427435,3.572948253249523,0.36979524675047726
6938,3.9605365,3.571431331519505,0.3891051684804947
6939,3.9795163,3.5698825725723644,0.4096337274276354
6940,3.9976337,3.568311699331265,0.42932200066873527
6941,4.0124054,3.5667254081707886,0.4456799918292109
6942,4.025771,3.5651259451709345,0.46064505482906526
6943,4.037407,3.5635733327949453,0.4738336672050547
6944,4.0571647,3.56204521863424,0.49511948136576045
6945,4.0615973,3.560524796624776,0.5010725033752239
6946,4.061107,3.559009808995346,0.5020971910046539
6947,4.060779,3.5574840502943763,0.5032949497056238
6948,4.062061,3.555931295222134,0.5061297047778659
6949,4.058631,3.554367648387993,0.504263351612007
6950,4.056316,3.552827132096048,0.5034888679039518
6951,4.0518537,3.5513378285310604,0.5005158714689393
6952,4.0468106,3.5498699478997118,0.4969406521002879
6953,4.041931,3.5484254539876847,0.4935055460123152
6954,4.035577,3.547028415533522,0.4885485844664781
6955,4.0291758,3.545644495948288,0.48353130405171196
6956,4.0193024,3.5442747360704936,0.47502766392950635
6957,4.007287,3.5429168195197827,0.46437018048021717
6958,4.009562,3.541585738730224,0.46797626126977576
6959,4.0110593,3.5403098020231383,0.47074949797686205
6960,4.012521,3.5390603232660043,0.4734606767339953
6961,4.015391,3.537824438034212,0.47756656196578806
6962,4.0181603,3.53663521976703,0.48152508023297
6963,4.02382,3.5354885011098056,0.4883314988901941
6964,4.028483,3.5343743545975888,0.49410864540241084
6965,4.0334287,3.533320206380846,0.500108493619154
6966,4.036426,3.532328223143205,0.5040977768567947
6967,4.035975,3.531340649314917,0.5046343506850826
6968,4.0299225,3.5303774180966254,0.4995450819033742
6969,4.023019,3.5294743231564163,0.4935446768435834
6970,4.0217056,3.528608841225502,0.4930967587744979
6971,4.0069985,3.527770092551245,0.4792284074487547
6972,3.9901068,3.5271283480145788,0.4629784519854212
6973,3.9789734,3.526537216015493,0.45243618398450725
6974,3.9687064,3.5258169744796923,0.4428894255203075
6975,3.9571347,3.525108925114204,0.4320257748857963
6976,3.9433606,3.5244167642168374,0.41894383578316274
6977,3.929585,3.5237388763488475,0.40584612365115236
6978,3.9168713,3.52308322703989,0.39378807296010976
6979,3.9100668,3.5224439043388394,0.3876228956611607
6980,3.908552,3.5218327869399673,0.38671921306003254
6981,3.9110324,3.5212553274566885,0.3897770725433114
6982,3.9140582,3.5207778323287884,0.39328036767121155
6983,3.915366,3.5205668248293027,0.3947991751706974
6984,3.9089465,3.5204495256164305,0.38849697438356934
6985,3.8977673,3.520253246709683,0.37751405329031673
6986,3.8836746,3.5200599505832986,0.3636146494167014
6987,3.866466,3.5198629044199707,0.3466030955800292
6988,3.8595264,3.519671272875908,0.33985512712409216
6989,3.8470242,3.5194781098101053,0.32754609018989456
6990,3.8335507,3.519269166449201,0.3142815335507989
6991,3.8172739,3.519034905616326,0.29823899438367407
6992,3.7960641,3.5187799778926507,0.27728412210734943
6993,3.7741992,3.518505237257155,0.25569396274284495
6994,3.752196,3.51820067699715,0.23399532300284998
6995,3.7344415,3.5180068850463986,0.2164346149536014
6996,3.7250454,3.5178541021155545,0.20719129788444546
6997,3.7175968,3.5176028011527656,0.19999399884723434
6998,3.7093341,3.517342449764027,0.19199165023597287
6999,3.70744,3.5170669082635713,0.1903730917364288
7000,3.698677,3.5168132910665544,0.1818637089334456
7001,3.684736,3.5165413779725734,0.16819462202742663
7002,3.6652942,3.5161814403319487,0.14911275966805126
7003,3.6441019,3.5157252602825797,0.1283766397174202
7004,3.6249585,3.515161290189749,0.10979720981025087
7005,3.6088672,3.5145917880666677,0.09427541193333244
7006,3.5984967,3.5139996657945303,0.08449703420546983
7007,3.5894012,3.513194763036364,0.07620643696363638
7008,3.5844913,3.51229269165271,0.07219860834728964
7009,3.5842035,3.511172106980277,0.07303139301972328
7010,3.5879474,3.5098067720370985,0.07814062796290155
7011,3.5929108,3.508313930767823,0.0845968692321768
7012,3.5938709,3.5066797023316267,0.08719119766837347
7013,3.5902438,3.504910646559044,0.08533315344095627
7014,3.5835354,3.5030305269032134,0.08050487309678678
7015,3.5739975,3.5010629165329727,0.07293458346702719
7016,3.563773,3.4990145166394635,0.06475848336053636
7017,3.5536695,3.496886455251602,0.05678304474839768
7018,3.547891,3.4947316392736014,0.053159360726398486
7019,3.5433786,3.492510996679587,0.05086760332041296
7020,3.537711,3.490280108063759,0.04743089193624073
7021,3.5308063,3.487997708782575,0.042808591217425196
7022,3.5140076,3.4855735674587183,0.028434032541281518
7023,3.4991214,3.483004800104512,0.01611659989548775
7024,3.484388,3.4803335513588887,0.0040544486411113745
7025,3.4659517,3.477798230439023,-0.011846530439022729
7026,3.445888,3.475300812691968,-0.02941281269196816
7027,3.4278512,3.4726912660511484,-0.04484006605114832
7028,3.4115431,3.4701224411102185,-0.058579341110218675
7029,3.3966658,3.4675954444671344,-0.07092964446713435
7030,3.3829203,3.465141442895192,-0.08222114289519222
7031,3.3700092,3.4627519034415104,-0.09274270344151025
7032,3.3576336,3.4603912708392657,-0.10275767083926546
7033,3.3454952,3.458054814400356,-0.112559614400356
7034,3.3332963,3.455797861912437,-0.12250156191243677
7035,3.3207378,3.4538075807061475,-0.1330697807061476
7036,3.3075225,3.451833347966654,-0.14431084796665372
7037,3.293351,3.4497160482234492,-0.15636504822344932
7038,3.277926,3.4477504277375526,-0.16982442773755269
7039,3.2635248,3.4459474760111175,-0.1824226760111176
7040,3.2498386,3.444340791585245,-0.19450219158524495
7041,3.2360709,3.442924037664216,-0.20685313766421576
7042,3.2306333,3.4416377142041252,-0.2110044142041252
7043,3.2289135,3.440488795167472,-0.2115752951674721
7044,3.2363226,3.4394808599004274,-0.20315825990042757
7045,3.2482922,3.4386278353762343,-0.19033563537623444
7046,3.2588425,3.437909338636141,-0.1790668386361407
7047,3.2691193,3.437332933359741,-0.16821363335974127
7048,3.276753,3.4369134534047863,-0.16016045340478646
7049,3.2832468,3.436580049687177,-0.15333324968717665
7050,3.2898996,3.436340386975551,-0.14644078697555107
7051,3.3028967,3.436223918939538,-0.13332721893953803
7052,3.317143,3.436200308733514,-0.11905730873351361
7053,3.3378634,3.4362347557836763,-0.0983713557836765
7054,3.3521588,3.436346258178733,-0.08418745817873274
7055,3.3662555,3.4365325079710614,-0.07027700797106151
7056,3.3776758,3.4368287105248227,-0.059152910524822744
7057,3.3851864,3.437193181815381,-0.05200678181538132
7058,3.3907764,3.4376116243784107,-0.0468352243784107
7059,3.3973672,3.4380867895433274,-0.04071958954332722
7060,3.4021573,3.438573385884804,-0.03641608588480416
7061,3.4084713,3.4390925940197135,-0.030621294019713474
7062,3.4169095,3.4396102223507286,-0.02270072235072851
7063,3.428421,3.4400804788327948,-0.011659478832794612
7064,3.4451184,3.440545410538224,0.004572989461776089
7065,3.468424,3.4410601411371387,0.027363858862861523
7066,3.4865668,3.4416094835923516,0.04495731640764822
7067,3.5027063,3.442140091068701,0.06056620893129905
7068,3.5124207,3.4426317615966657,0.06978893840333411
7069,3.5214093,3.4431491638296663,0.0782601361703339
7070,3.5302625,3.4436648263108065,0.08659767368919358
7071,3.539786,3.4442580303860897,0.09552796961391019
7072,3.5475726,3.44502116393477,0.1025514360652302
7073,3.5620804,3.445869467215655,0.11621093278434502
7074,3.5755246,3.446824634645729,0.12869996535427086
7075,3.5917914,3.4478898976662,0.14390150233379995
7076,3.6074142,3.449048848217346,0.15836535178265398
7077,3.623132,3.4502314509585177,0.17290054904148233
7078,3.6370358,3.451357596544684,0.18567820345531594
7079,3.6503906,3.4524341761724306,0.1979564238275695
7080,3.6618793,3.453459175234325,0.20842012476567495
7081,3.6733704,3.454427699132946,0.21894270086705392
7082,3.6857715,3.455235652391913,0.23053584760808699
7083,3.6965091,3.4558912107524953,0.24061788924750482
7084,3.708775,3.4565454508430986,0.25222954915690154
7085,3.7213223,3.4571851812466727,0.26413711875332746
7086,3.7340481,3.457837166034757,0.27621093396524277
7087,3.7467058,3.4585079561530425,0.28819784384695746
7088,3.7575953,3.459150829591798,0.2984444704082021
7089,3.7661848,3.4597832128600827,0.3064015871399173
7090,3.772914,3.460391024686131,0.3125229753138692
7091,3.7782211,3.461210999396314,0.31701010060368606
7092,3.782545,3.462052271566245,0.32049272843375487
7093,3.7863247,3.462737554947695,0.3235871450523051
7094,3.7899985,3.463420413096569,0.3265780869034307
7095,3.7940059,3.4640328299936356,0.32997307000636455
7096,3.7987847,3.464534340032509,0.3342503599674913
7097,3.8047745,3.464926550304434,0.339847949695566
7098,3.812414,3.4652194135647285,0.34719458643527146
7099,3.8221412,3.465399987738141,0.35674121226185873
7100,3.834246,3.4654723077581226,0.36877369224187717
7101,3.8452725,3.465441552026978,0.37983094797302197
7102,3.8529642,3.465304908931218,0.38765929106878216
7103,3.8577054,3.4651931114851044,0.3925122885148955
7104,3.8607495,3.465058475142923,0.39569102485707663
7105,3.8643734,3.4647627365625113,0.3996106634374885
7106,3.8649313,3.464398993062186,0.40053230693781394
7107,3.863012,3.4639282457304343,0.39908375426956555
7108,3.8624399,3.463320876443992,0.39911902355600803
7109,3.860683,3.4626103171410283,0.39807268285897157
7110,3.8559918,3.461806083815116,0.39418571618488407
7111,3.8499744,3.460924075357025,0.38905032464297484
7112,3.8467407,3.4599343695543205,0.38680633044567925
7113,3.843726,3.4588309839607088,0.38489501603929144
7114,3.8436313,3.4576440850240378,0.38598721497596244
7115,3.845665,3.4563875970323186,0.3892774029676813
7116,3.8462284,3.455072792402105,0.391155607597895
7117,3.8436987,3.4536910360784283,0.3900076639215717
7118,3.8356912,3.4522395917646262,0.3834516082353736
7119,3.8280945,3.4507351227549483,0.37735937724505186
7120,3.8223267,3.449216945069465,0.3731097549305349
7121,3.8200488,3.4477028948419193,0.37234590515808064
7122,3.8178372,3.4461824462721067,0.37165475372789336
7123,3.8133163,3.444642659347198,0.3686736406528017
7124,3.8052902,3.4431100666214873,0.3621801333785126
7125,3.792391,3.4415966470977386,0.35079435290226124
7126,3.7702942,3.44013101304321,0.3301631869567898
7127,3.7444263,3.438686840532083,0.30573945946791703
7128,3.7197168,3.4372211451997554,0.28249565480024463
7129,3.700447,3.4357460189535,0.2647009810465
7130,3.684578,3.4342470295681267,0.25033097043187347
7131,3.672627,3.432719166757735,0.23990783324226506
7132,3.6634128,3.4311543136059726,0.23225848639402757
7133,3.6545956,3.4295845041866544,0.22501109581334555
7134,3.643801,3.4280103136579023,0.21579068634209753
7135,3.6318707,3.4264296325864136,0.20544106741358625
7136,3.6235797,3.424877927368018,0.1987017726319822
7137,3.615848,3.423317133977167,0.1925308660228331
7138,3.611992,3.421719368901983,0.19027263109801673
7139,3.6078873,3.4200951322834783,0.18779216771652152
7140,3.601338,3.4184353558611695,0.18290264413883062
7141,3.609701,3.4167433704179375,0.1929576295820623
7142,3.6020083,3.415054178743023,0.18695412125697697
7143,3.5887222,3.4134007611993455,0.17532143880065432
7144,3.5741916,3.411720630173607,0.16247096982639286
7145,3.5635638,3.4099094537044694,0.15365434629553043
7146,3.5491147,3.407968370708383,0.14114632929161708
7147,3.5145657,3.4057646129208807,0.10880108707911917
7148,3.4908884,3.4033391685345973,0.0875492314654025
7149,3.4775226,3.400778587598974,0.07674401240102613
7150,3.4729571,3.3981756678078616,0.07478143219213829
7151,3.4750018,3.3955756197114653,0.07942618028853454
7152,3.4799063,3.392921972578109,0.0869843274218911
7153,3.4863446,3.3901820751207956,0.09616252487920418
7154,3.4990616,3.387444280229638,0.11161731977036204
7155,3.502788,3.3847179381259833,0.11807006187401647
7156,3.50081,3.3820344629718884,0.11877553702811161
7157,3.4985797,3.3794390419572236,0.11914065804277651
7158,3.4989777,3.376944900769388,0.12203279923061228
7159,3.5019052,3.374592388281866,0.1273128117181339
7160,3.505235,3.372357581968786,0.13287741803121378
7161,3.5103815,3.370212947357613,0.14016855264238703
7162,3.5178092,3.3681730690789946,0.14963613092100525
7163,3.525626,3.366210803886866,0.15941519611313382
7164,3.536583,3.3644309784576176,0.17215202154238218
7165,3.5484378,3.3628405291861263,0.18559727081387356
7166,3.5593143,3.3613225318962,0.19799176810380015
7167,3.569759,3.359920457985077,0.2098385420149227
7168,3.575556,3.358663320073889,0.21689267992611105
7169,3.576271,3.357570621277141,0.2187003787228594
7170,3.5659268,3.3565506617789684,0.20937613822103174
7171,3.550984,3.3557234864216943,0.19526051357830587
7172,3.5375214,3.3551456558630015,0.18237574413699864
7173,3.5248075,3.3546801252552916,0.17012737474470851
7174,3.5167084,3.3544527651697797,0.16225563483022043
7175,3.511578,3.354262504851574,0.1573154951484259
7176,3.5105014,3.354042013079208,0.15645938692079175
7177,3.5161798,3.353750698150817,0.16242910184918324
7178,3.5259573,3.353441053381912,0.17251624661808806
7179,3.538377,3.3535671169713885,0.18480988302861157
7180,3.5540771,3.3542206244481245,0.1998564755518757
7181,3.5699658,3.3548954834695732,0.21507031653042663
7182,3.5819745,3.3555505590041097,0.22642394099589014
7183,3.5900714,3.356257019002964,0.2338143809970359
7184,3.591496,3.3570486070189154,0.2344473929810844
7185,3.5875409,3.3578384809601114,0.22970241903988864
7186,3.5803626,3.3584363861484383,0.22192621385156164
7187,3.5733948,3.3589168663648263,0.21447793363517365
7188,3.5680661,3.359444654515901,0.2086214454840989
7189,3.5685043,3.3600823048078694,0.20842199519213045
7190,3.5728421,3.3608579937207597,0.21198410627924025
7191,3.5905719,3.3618388844748273,0.22873301552517278
7192,3.6339602,3.3629347394865534,0.2710254605134468
7193,3.6387417,3.3641026980503836,0.27463900194961655
7194,3.6514554,3.3653631761127585,0.28609222388724165
7195,3.6620166,3.3666646246515786,0.2953519753484213
7196,3.6734543,3.368030463742999,0.30542383625700076
7197,3.6774936,3.369511449996553,0.307982150003447
7198,3.6621387,3.370942772857374,0.2911959271426259
7199,3.6325946,3.372460956300333,0.26013364369966707
7200,3.5978034,3.3740612447060365,0.22374215529396357
7201,3.5684988,3.375379655988037,0.19311914401196306
7202,3.5377939,3.3763603809790195,0.16143351902098058
7203,3.5080948,3.3770294207269753,0.13106537927302453
7204,3.4742596,3.37756568156386,0.09669391843613973
7205,3.4365866,3.377935875825157,0.05865072417484285
7206,3.3635385,3.378116249532971,-0.014577749532970863
7207,3.3223245,3.378110055663881,-0.05578555566388088
7208,3.2943835,3.3780543807373693,-0.08367088073736939
7209,3.2744598,3.3780803194353917,-0.10362051943539186
7210,3.2654507,3.378112623710211,-0.11266192371021067
7211,3.2670712,3.3783476601687523,-0.11127646016875214
7212,3.2822528,3.3788370531978207,-0.09658425319782049
7213,3.290243,3.3795055001058767,-0.08926250010587689
7214,3.2975638,3.38036831493136,-0.0828045149313601
7215,3.2987366,3.38125489964808,-0.08251829964808
7216,3.2933078,3.3821253800236466,-0.08881758002364659
7217,3.2811596,3.383059893045796,-0.10190029304579573
7218,3.261225,3.384022552473358,-0.122797552473358
7219,3.2413156,3.3851162287625236,-0.14380062876252353
7220,3.2293887,3.3863060768479483,-0.15691737684794838
7221,3.2272403,3.3874253298646058,-0.1601850298646057
7222,3.2337592,3.388473283188556,-0.15471408318855584
7223,3.2454987,3.3894121925040923,-0.14391349250409213
7224,3.260037,3.3903003361445077,-0.13026333614450758
7225,3.2772305,3.391162315041063,-0.11393181504106309
7226,3.28857,3.3919577606056217,-0.10338776060562171
7227,3.2966473,3.392669303687986,-0.09602200368798597
7228,3.3111017,3.3931640692251612,-0.08206236922516119
7229,3.3149066,3.3933598365114532,-0.0784532365114532
7230,3.3154788,3.394136771609603,-0.07865797160960275
7231,3.3170362,3.3955052182301753,-0.07846901823017527
7232,3.316475,3.396860888269914,-0.08038588826991377
7233,3.3210907,3.3982456657419657,-0.07715496574196568
7234,3.3278546,3.39959044478738,-0.07173584478737993
7235,3.3398306,3.4010437565171046,-0.06121315651710457
7236,3.3560498,3.4024991882149904,-0.04644938821499034
7237,3.3809085,3.4038639595587883,-0.022955459558788416
7238,3.3970096,3.4057394356098922,-0.008729835609892156
7239,3.4137082,3.408004338273748,0.005703861726251702
7240,3.427995,3.4100406007505675,0.01795439924943265
7241,3.439706,3.411974902332449,0.027731097667551108
7242,3.445646,3.4138838439444963,0.0317621560555037
7243,3.4494302,3.4155306560550747,0.03389954394492545
7244,3.447923,3.4161730504601873,0.03174994953981258
7245,3.447539,3.4159775012703073,0.031561498729692605
7246,3.4529593,3.4156227070012872,0.037336592998712614
7247,3.4667664,3.415219999341487,0.051546400658513125
7248,3.4811609,3.4148128131769413,0.0663480868230586
7249,3.4977777,3.4144832994149463,0.08329440058505355
7250,3.5160654,3.414262353014685,0.10180304698531506
7251,3.5357056,3.4140956806888094,0.12160991931119058
7252,3.556185,3.413980935729563,0.14220406427043697
7253,3.574658,3.4139979322712284,0.1606600677287715
7254,3.5889096,3.414092031335437,0.174817568664563
7255,3.6018033,3.414287979535507,0.18751532046449304
7256,3.6143658,3.414613765809658,0.19975203419034182
7257,3.6246,3.4151872576426796,0.20941274235732044
7258,3.634127,3.415875291208373,0.2182517087916267
7259,3.6435874,3.4166572355697413,0.2269301644302586
7260,3.6474347,3.4175959899528077,0.22983871004719214
7261,3.6458435,3.418702322342798,0.22714117765720188
7262,3.6430173,3.420116898719296,0.22290040128070387
7263,3.6382663,3.4218132830657124,0.21645301693428776
7264,3.6356986,3.4237644732987897,0.21193412670121026
7265,3.6351886,3.425935664463481,0.20925293553651914
7266,3.6339679,3.4283510844001834,0.2056168155998166
7267,3.634237,3.4313381378701076,0.2028988621298926
7268,3.6344092,3.434770691265222,0.19963850873477806
7269,3.631824,3.438379809028162,0.19344419097183785
7270,3.6291962,3.4423761014815026,0.18682009851849735
7271,3.6119885,3.4466704037445424,0.16531809625545746
7272,3.6044443,3.4508382297961995,0.15360607020380046
7273,3.5937512,3.4548888263860773,0.1388623736139225
7274,3.5853598,3.458813825445428,0.12654597455457184
7275,3.5810874,3.4626778777066396,0.11840952229336033
7276,3.5771713,3.4660966485376,0.11107465146239992
7277,3.5730133,3.468785644916593,0.10422765508340692
7278,3.5687451,3.4708118871346816,0.09793321286531853
7279,3.5828595,3.4725656106986245,0.11029388930137562
7280,3.562403,3.474107882976096,0.08829511702390436
7281,3.5607932,3.4754715471618676,0.08532165283813242
7282,3.5549252,3.476632862332234,0.078292337667766
7283,3.5603812,3.4775743577431606,0.08280684225683954
7284,3.5659595,3.4783253730670873,0.08763412693291261
7285,3.573992,3.4790011681051927,0.09499083189480739
7286,3.5851865,3.4797369386046557,0.10544956139534412
7287,3.5955746,3.4806011295717783,0.1149734704282217
7288,3.6090045,3.4815257666470267,0.12747873335297344
7289,3.6224103,3.4825285860450412,0.13988171395495863
7290,3.64065,3.483583959310616,0.1570660406893838
7291,3.6531732,3.484630130235735,0.1685430697642647
7292,3.6667645,3.485780840529062,0.1809836594709382
7293,3.6801627,3.4870299787738746,0.19313272122612535
7294,3.6930041,3.488280607727854,0.20472349227214615
7295,3.7040918,3.4895722859626597,0.21451951403734038
7296,3.7074726,3.4909602611508905,0.21651233884910948
7297,3.7093387,3.4925735733979697,0.2167651266020303
7298,3.7051773,3.4942790320239956,0.2108982679760043
7299,3.6991098,3.4959286441029995,0.20318115589700048
7300,3.6942585,3.497569953807224,0.19668854619277631
7301,3.6886837,3.49916347267229,0.1895202273277099
7302,3.6815677,3.5008057829224537,0.1807619170775463
7303,3.6756701,3.5024707041282546,0.1731993958717455
7304,3.6616614,3.504039230097807,0.1576221699021927
7305,3.6517258,3.5055461680139137,0.1461796319860862
7306,3.6416583,3.5069653853044622,0.1346929146955378
7307,3.6367002,3.508393552746416,0.12830664725358387
7308,3.634299,3.509790192041754,0.12450880795824615
7309,3.636114,3.5107434319385504,0.12537056806144964
7310,3.6368442,3.510955446098465,0.1258887539015352
7311,3.6395514,3.5106256564263374,0.12892574357366282
7312,3.6389215,3.5100160999170216,0.12890540008297835
7313,3.6356702,3.509179956787475,0.12649024321252478
7314,3.63302,3.5081825724681788,0.12483742753182137
7315,3.626762,3.5071146742582053,0.11964732574179449
7316,3.6160867,3.5059261301485303,0.1101605698514696
7317,3.6019077,3.504532839577866,0.09737486042213384
7318,3.5851395,3.502919888601739,0.08221961139826073
7319,3.5666955,3.5015700121268782,0.06512548787312156
7320,3.5474896,3.5002469271019216,0.047242672898078375
7321,3.528437,3.49841098077805,0.030026019221949696
7322,3.5104496,3.4962239401081745,0.014225659891825337
7323,3.494443,3.4936613100815674,0.0007816899184325266
7324,3.4813304,3.4907402025185226,-0.009409802518522525
7325,3.472026,3.4874865148937912,-0.015460514893791188
7326,3.4674437,3.483875094973202,-0.016431394973202007
7327,3.4667969,3.4798861494588387,-0.013089249458838825
7328,3.4583914,3.4754609829629177,-0.017069582962917718
7329,3.4411643,3.4706061992281136,-0.029441899228113577
7330,3.4291327,3.4652970951796602,-0.036164395179660414
7331,3.4182696,3.459645761411907,-0.04137616141190703
7332,3.411742,3.4538127521876483,-0.04207075218764844
7333,3.4091535,3.4478641761971867,-0.03871067619718671
7334,3.406032,3.441833296006043,-0.03580129600604298
7335,3.4058893,3.435765744434958,-0.02987644443495796
7336,3.405184,3.429720170218849,-0.024536170218848685
7337,3.4014227,3.4237180020220963,-0.022295302022096397
7338,3.3998163,3.4177930576667643,-0.01797675766676443
7339,3.3984082,3.4120278267411424,-0.013619626741142365
7340,3.3995929,3.4064599875553365,-0.006867087555336493
7341,3.4045966,3.4010877179094408,0.0035088820905593288
7342,3.4115295,3.395948978645512,0.015580521354487953
7343,3.4128854,3.391012734663315,0.02187266533668497
7344,3.4172473,3.386280259814413,0.03096704018558727
7345,3.4203393,3.3817518383228626,0.03858746167713756
7346,3.420698,3.3775608839656646,0.04313711603433523
7347,3.4182477,3.3739190639660506,0.04432863603394921
7348,3.4350607,3.3704236230283247,0.06463707697167553
7349,3.4391916,3.3671032543341903,0.07208834566580968
7350,3.4276493,3.363975561936886,0.06367373806311427
7351,3.4127634,3.361025669793708,0.05173773020629158
7352,3.397452,3.3582681443427354,0.039183855657264566
7353,3.3803003,3.3557136764579867,0.024586623542013353
7354,3.359436,3.3533862742581526,0.006049725741847478
7355,3.337265,3.3512405739145597,-0.013975573914559725
7356,3.3076618,3.3492453722627045,-0.04158357226270448
7357,3.2824597,3.347409454707795,-0.06494975470779485
7358,3.2587585,3.3458114377884765,-0.08705293778847656
7359,3.2400873,3.344271918683576,-0.10418461868357598
7360,3.2221243,3.3427951368157944,-0.12067083681579449
7361,3.2072546,3.341375168621804,-0.13412056862180366
7362,3.1596887,3.3401065589891377,-0.18041785898913787
7363,3.1358228,3.3389777527436326,-0.2031549527436325
7364,3.1263525,3.337946324168948,-0.21159382416894834
7365,3.1208801,3.337025791171485,-0.21614569117148497
7366,3.1260474,3.3362198301588104,-0.21017243015881037
7367,3.1343548,3.3356092379993476,-0.2012544379993475
7368,3.142821,3.335157284664007,-0.1923362846640071
7369,3.1480832,3.3348316726303744,-0.18674847263037453
7370,3.1486304,3.334559043337043,-0.18592864333704284
7371,3.156879,3.3343380009696104,-0.17745900096961043
7372,3.1643329,3.334201157030244,-0.16986825703024433
7373,3.174045,3.334126130669077,-0.1600811306690768
7374,3.1868808,3.3341126350095323,-0.1472318350095323
7375,3.200992,3.334180293131013,-0.13318829313101332
7376,3.211198,3.3343304198333112,-0.12313241983331125
7377,3.2266965,3.334606947871452,-0.10791044787145188
7378,3.2379062,3.334973590332294,-0.09706739033229406
7379,3.2486517,3.335417277954497,-0.08676557795449691
7380,3.259747,3.335992297021364,-0.07624529702136407
7381,3.2757928,3.336738171827572,-0.06094537182757209
7382,3.2891235,3.337562457994744,-0.04843895799474396
7383,3.307918,3.338399890931296,-0.030481890931296274
7384,3.3256748,3.339259135343989,-0.013584335343989284
7385,3.3425229,3.340159170358947,0.002363729641053247
7386,3.4026935,3.3419672590407274,0.06072624095927237
7387,3.4143927,3.3454481500217046,0.06894454997829547
7388,3.432337,3.3495092862501186,0.0828277137498814
7389,3.444736,3.3532647643659845,0.09147123563401527
7390,3.4574933,3.3569635784260727,0.10052972157392714
7391,3.4670215,3.360774292518165,0.10624720748183503
7392,3.4664273,3.3646296225335024,0.10179767746649748
7393,3.466048,3.3685369417489306,0.0975110582510692
7394,3.4098718,3.372764176355508,0.03710762364449183
7395,3.3876398,3.3770723961597184,0.010567403840281653
7396,3.377875,3.3810518548881685,-0.0031768548881685454
7397,3.375848,3.3848587071099323,-0.009010707109932348
7398,3.3805912,3.3887129004918624,-0.008121700491862338
7399,3.3910294,3.392116102344583,-0.0010867023445833013
7400,3.4047513,3.3939731855783566,0.010778114421643448
7401,3.4202237,3.3944241158664985,0.025799584133501696
7402,3.4350913,3.3945493189024107,0.04054198109758911
7403,3.4563992,3.3949648729974986,0.06143432700250129
7404,3.4707434,3.395488228913828,0.07525517108617175
7405,3.4900928,3.3959659138329394,0.09412688616706077
7406,3.5005527,3.3964128803559532,0.10413981964404684
7407,3.5072064,3.3968880831657597,0.1103183168342401
7408,3.5148633,3.397429794236627,0.11743350576337308
7409,3.520195,3.3980111790106706,0.12218382098932956
7410,3.5223923,3.3985135402631372,0.12387875973686269
7411,3.5236676,3.3988206173940565,0.12484698260594351
7412,3.517882,3.39903665249191,0.11884534750809017
7413,3.5130572,3.3991363570638184,0.11392084293618154
7414,3.5132468,3.399113131183991,0.11413366881600906
7415,3.5182736,3.39901267052888,0.11926092947112021
7416,3.5209405,3.398887223725622,0.12205327627437823
7417,3.5189273,3.398784322299037,0.12014297770096327
7418,3.5137384,3.3987016934256866,0.1150367065743132
7419,3.5056546,3.3986541451267978,0.10700045487320242
7420,3.4985461,3.398627785731191,0.09991831426880893
7421,3.4959018,3.398689063407558,0.097212736592442
7422,3.4918725,3.398835021733616,0.09303747826638409
7423,3.4887161,3.3990952992434154,0.08962080075658463
7424,3.482981,3.4003199711012946,0.08266102889870552
7425,3.472412,3.4027974070088085,0.06961459299119133
7426,3.4587893,3.4053332175260795,0.05345608247392031
7427,3.4413562,3.4077236530647346,0.033632546935265406
7428,3.423319,3.41011996251527,0.013199037484729725
7429,3.4056952,3.412333136201223,-0.006637936201223216
7430,3.3913019,3.414368594437245,-0.023066694437244628
7431,3.3885128,3.416192554795505,-0.027679754795505218
7432,3.3933804,3.417502309001812,-0.024121909001812103
7433,3.3992038,3.4180607923516386,-0.018856992351638624
7434,3.4028811,3.418209223575076,-0.015328123575075736
7435,3.4170468,3.4182124114231884,-0.001165611423188384
7436,3.430021,3.4180961715982336,0.01192482840176634
7437,3.4338138,3.4178668092515814,0.015946990748418433
7438,3.4432895,3.4174745794888617,0.02581492051113843
7439,3.461829,3.416881890629507,0.04494710937049273
7440,3.4725668,3.416128662028767,0.05643813797123309
7441,3.490401,3.4153975522189635,0.0750034477810364
7442,3.5113373,3.4145685786690008,0.09676872133099934
7443,3.5251453,3.413580690565536,0.11156460943446422
7444,3.5405567,3.4126810310259508,0.127875668974049
7445,3.5590515,3.41180086573692,0.14725063426307994
7446,3.5718951,3.410975870755524,0.16091922924447566
7447,3.588648,3.4102121730641204,0.17843582693587967
7448,3.6057346,3.4095840117098564,0.19615058829014353
7449,3.6206043,3.4091511164348494,0.21145318356515075
7450,3.6308386,3.4087967985937624,0.22204180140623775
7451,3.6388538,3.408416275698616,0.2304375243013843
7452,3.6472995,3.4081537593041813,0.23914574069581862
7453,3.658179,3.4081118110615582,0.2500671889384418
7454,3.6689715,3.408278960028388,0.260692539971612
7455,3.680433,3.408558881687387,0.271874118312613
7456,3.692641,3.4090202721089002,0.2836207278910998
7457,3.7093866,3.4096777503979974,0.29970884960200284
7458,3.724728,3.410494921172109,0.31423307882789064
7459,3.741721,3.4114463143347153,0.33027468566528473
7460,3.7546747,3.4124990648405906,0.3421756351594092
7461,3.7682898,3.4136424054677055,0.3546473945322943
7462,3.8114624,3.4149186344458746,0.3965437655541253
7463,3.8255908,3.416320989447058,0.4092698105529422
7464,3.8336291,3.417854598709567,0.41577450129043303
7465,3.8398557,3.419560573587444,0.4202951264125563
7466,3.8431451,3.4214333560617423,0.42171174393825783
7467,3.8466873,3.423458523119226,0.4232287768807743
7468,3.848659,3.4256814186084465,0.4229775813915535
7469,3.8445554,3.428128304059691,0.41642709594030913
7470,3.8352225,3.4307188950593295,0.4045036049406705
7471,3.8222253,3.4333658699784273,0.38885943002157264
7472,3.788633,3.4361919422647187,0.3524410577352812
7473,3.784075,3.4392956045463836,0.34477939545361647
7474,3.7849982,3.4426373450442727,0.3423608549557273
7475,3.787772,3.446280934135708,0.3414910658642918
7476,3.7959955,3.450150903916764,0.34584459608323614
7477,3.801106,3.4542667247440373,0.3468392752559626
7478,3.8125293,3.458513926569488,0.3540153734305118
7479,3.8232105,3.462840492995042,0.360370007004958
7480,3.8272738,3.4672841305322994,0.3599896694677005
7481,3.820051,3.472262119557887,0.347788880442113
7482,3.812669,3.4775783173287156,0.3350906826712845
7483,3.8026712,3.4827907339924575,0.3198804660075423
7484,3.7985818,3.4881508555911447,0.3104309444088553
7485,3.8014874,3.4934981709372708,0.3079892290627293
7486,3.8058887,3.4988712885155997,0.3070174114844004
7487,3.8139322,3.504295502562904,0.3096366974370959
7488,3.8227081,3.509737292729331,0.31297080727066895
7489,3.8310504,3.5151652831304085,0.31588511686959153
7490,3.8408673,3.5205870131140906,0.3202802868859096
7491,3.8515942,3.5260236557122084,0.32557054428779164
7492,3.8630905,3.531455546375389,0.33163495362461104
7493,3.8626382,3.536860705648443,0.325777494351557
7494,,3.5422402650204035,
7495,,3.5475914449348656,
7496,,3.5528919027765147,
7497,,3.558116699196159,
7498,,3.5632621430698075,
7499,,3.5682960116111064,
