,Actual pupil,Predicted pupil,residue
0,,5.272803999110495,
1,,5.245382179219275,
2,5.771031,5.217724086325743,0.5533069136742572
3,5.78011,5.190023033607182,0.5900869663928177
4,5.789944,5.162472472776282,0.6274715272237179
5,5.7976313,5.13526180821278,0.6623694917872198
6,5.804621,5.1085725500586205,0.6960484499413795
7,5.8030906,5.0825748807744064,0.7205157192255935
8,5.726217,5.057424605507442,0.6687923944925585
9,5.556768,5.033260439785331,0.5235075602146688
10,5.3551917,5.0102017654583015,0.34498993454169824
11,5.170215,4.988347041816927,0.1818679581830729
12,5.0106735,4.967772932104302,0.04290056789569796
13,4.8868475,4.948534128587463,-0.06168662858746288
14,4.7946844,4.93066384792679,-0.13597944792678973
15,4.7278104,4.9141749868032285,-0.18636458680322843
16,4.680204,4.8990618800548225,-0.21885788005482265
17,4.6547775,4.88530247460562,-0.23052497460562016
18,4.643073,4.872860701212944,-0.22978770121294367
19,4.6447625,4.861688920101501,-0.2169264201015011
20,4.6568856,4.85173036336693,-0.19484476336693035
21,4.6751204,4.842921463366952,-0.16780106336695244
22,4.6932926,4.8351939666560515,-0.14190136665605113
23,4.7227783,4.828476788077001,-0.10569848807700133
24,4.7610946,4.822697574480164,-0.06160297448016383
25,4.8057575,4.817783946188043,-0.012026446188042605
26,4.854284,4.813664391527303,0.04061960847269663
27,4.904185,4.810268829885684,0.09391617011431563
28,4.9529896,4.807528939777164,0.14546066022283632
29,4.998209,4.8053783939722114,0.19283060602778868
30,5.0373588,4.8037531485683616,0.23360565143163825
31,5.0678644,4.8025918848834,0.26527251511660044
32,5.0839868,4.8018366369262955,0.28215016307370444
33,5.0872855,4.801433585903667,0.2858519140963329
34,5.0896945,4.801333947567598,0.288360552432402
35,5.083447,4.801494841224372,0.28195215877562774
36,5.083473,4.801880011157059,0.2815929888429407
37,5.0897446,4.802460286167256,0.28728431383274433
38,5.1034403,4.803213698028973,0.30022660197102713
39,5.122289,4.804125221924725,0.3181637780752755
40,5.143653,4.838336644971047,0.3053163550289524
41,5.165583,4.872882191413781,0.2927008085862184
42,5.183331,4.876533212258882,0.3067977877411181
43,5.190139,4.880637756869197,0.3095012431308035
44,5.206229,4.8849549422312375,0.32127405776876294
45,5.2236395,4.887891087081518,0.33574841291848223
46,5.2458377,4.891269884436579,0.35456781556342065
47,5.2698703,4.908471849688998,0.36139845031100215
48,5.2986374,4.922809461300741,0.3758279386992589
49,5.32833,4.921793368295695,0.4065366317043049
50,5.3591003,4.920082969566042,0.4390173304339573
51,5.378578,4.918123914022884,0.46045408597711646
52,5.370469,4.916438072460758,0.45403092753924224
53,5.326705,4.914956447554298,0.41174855244570185
54,5.2643304,4.919363534476002,0.3449668655239986
55,5.199801,4.924381263402297,0.27541973659770314
56,5.1374807,4.92385062167261,0.21363007832739012
57,5.083445,4.9232286757372155,0.16021632426278476
58,5.0456185,4.9225464763554685,0.12307202364453129
59,5.0234017,4.922204573873631,0.10119712612636889
60,5.0184565,4.922036646700306,0.09641985329969405
61,5.0245886,4.921979838591395,0.10260876140860553
62,5.046839,4.923489244185872,0.12334975581412788
63,5.077107,4.922642858398229,0.15446414160177113
64,5.115411,4.923235105574845,0.19217589442515504
65,5.1577725,4.92183489611352,0.23593760388648022
66,5.2040396,4.9204346083086214,0.2836049916913783
67,5.251541,4.919133070311312,0.3324079296886877
68,5.295182,4.917292623300287,0.3778893766997129
69,5.323448,4.9163276466809585,0.4071203533190415
70,5.3258142,4.915646507029029,0.4101676929709708
71,5.3002744,4.913497478788081,0.3867769212119194
72,5.263733,4.9150596388392485,0.34867336116075176
73,5.231961,4.915332055676864,0.3166289443231358
74,5.2101483,4.91291918402939,0.29722911597060975
75,5.1997495,4.910470995568968,0.2892785044310324
76,5.198846,4.907955725650375,0.2908902743496249
77,5.2042127,4.90565196482429,0.2985607351757107
78,5.2154965,4.903572590809929,0.31192390919007185
79,5.225903,4.902510244257037,0.32339275574296256
80,5.228396,4.902067367656446,0.3263286323435537
81,5.2196174,4.9064858659415425,0.3131315340584573
82,5.181428,4.912098058217053,0.26932994178294756
83,5.133561,4.912874289453321,0.220686710546679
84,5.087531,4.915807019605143,0.17172398039485692
85,5.0486746,4.920085960699817,0.12858863930018316
86,5.0228357,4.924005954947683,0.09882974505231701
87,5.0061517,4.927387496830691,0.07876420316930943
88,4.99417,4.928645870126314,0.06552412987368683
89,4.9863477,4.9305942156856535,0.055753484314346125
90,4.988912,4.934811438952645,0.05410056104735528
91,5.001754,4.938267904435243,0.06348609556475715
92,5.026016,4.939701404503833,0.08631459549616682
93,5.0605187,4.941288846746045,0.1192298532539553
94,5.101169,4.943954247530798,0.15721475246920136
95,5.1443295,4.945811117387421,0.1985183826125798
96,5.188214,4.947211714989578,0.2410022850104223
97,5.215858,4.949713904438669,0.266144095561331
98,5.2363124,4.95267066461706,0.2836417353829397
99,5.2530265,4.957315043745458,0.29571145625454154
100,5.2668757,4.962119436747783,0.3047562632522167
101,5.2787347,4.965939199613844,0.312795500386156
102,5.2894793,4.9697822065230595,0.31969709347694053
103,5.2999845,4.972161657609253,0.32782284239074677
104,5.3111253,4.975590025073204,0.33553527492679525
105,5.3237777,4.978224460290677,0.3455532397093233
106,5.338817,4.981227715308361,0.3575892846916391
107,5.353218,4.984542368369861,0.36867563163013894
108,5.346232,4.988306456627203,0.35792554337279636
109,5.328972,4.9927997070474905,0.3361722929525097
110,5.310636,4.997268888838221,0.31336711116177884
111,5.2947617,5.002188931020546,0.2925727689794533
112,5.2870965,5.00643344281705,0.2806630571829496
113,5.2815714,5.0109293270388005,0.27064207296119935
114,5.2798758,5.014659081327039,0.2652167186729608
115,5.282948,5.016389695032673,0.2665583049673268
116,5.2881494,5.021897512650903,0.2662518873490969
117,5.294637,5.023181422041124,0.27145557795887587
118,5.297771,5.027197609863347,0.2705733901366534
119,5.29215,5.02612555105231,0.2660244489476904
120,5.2795825,5.02517925016984,0.25440324983016005
121,5.265017,5.023804353895927,0.24121264610407334
122,5.2510724,5.021155731481958,0.22991666851804204
123,5.229164,5.018095309894252,0.2110686901057477
124,5.2014475,5.015058446952354,0.18638905304764553
125,5.1695056,5.011821466253398,0.15768413374660195
126,5.1438556,5.007992501842817,0.13586309815718334
127,5.1230392,5.004615882015697,0.11842331798430283
128,5.112064,5.00094767344909,0.11111632655090986
129,5.104854,4.996091911608599,0.10876208839140045
130,5.100001,4.990954276126849,0.10904672387315095
131,5.0969577,4.985524373974947,0.11143332602505307
132,5.0929117,4.980200567844821,0.11271113215517925
133,5.089142,4.974706850576325,0.11443514942367461
134,5.0874057,4.9693024923916855,0.11810320760831416
135,5.085991,4.963888732077054,0.12210226792294598
136,5.0850015,4.95834045520572,0.12666104479427975
137,5.086454,4.952890535284362,0.13356346471563807
138,5.086901,4.947603830831403,0.13929716916859736
139,5.0854,4.942816138089248,0.14258386191075179
140,5.0727735,4.938259714160225,0.13451378583977558
141,5.0517707,4.933636214430237,0.11813448556976258
142,5.0246887,4.929375047586312,0.0953136524136875
143,4.9999337,4.92522860259944,0.07470509740055942
144,4.9794464,4.921357717453448,0.05808868254655142
145,4.9634714,4.917664098993881,0.045807301006119516
146,4.9453955,4.913935685605211,0.03145981439478884
147,4.9180884,4.910542393658207,0.007546006341793365
148,4.8829226,4.907253059905764,-0.0243304599057641
149,4.834295,4.904212144838994,-0.06991714483899436
150,4.775143,4.901790949569313,-0.12664794956931313
151,4.7182593,4.898855204784362,-0.18059590478436238
152,4.6728797,4.895546657910326,-0.22266695791032554
153,4.6402273,4.892138165184704,-0.25191086518470396
154,4.621509,4.8887116578430305,-0.2672026578430309
155,4.614043,4.885309070130828,-0.27126607013082804
156,4.6103983,4.881790285114758,-0.27139198511475815
157,4.6029,4.87806426855405,-0.2751642685540503
158,4.587483,4.874074472975091,-0.2865914729750916
159,4.5586853,4.870268009121875,-0.31158270912187547
160,4.5220423,4.866166497784988,-0.34412419778498826
161,4.4875073,4.861603044930672,-0.3740957449306723
162,4.462725,4.856849634328989,-0.39412463432898903
163,4.4474206,4.851942957619542,-0.40452235761954203
164,4.446545,4.846901979289515,-0.40035697928951475
165,4.4571075,4.842265479605096,-0.3851579796050961
166,4.47789,4.837319869029763,-0.35942986902976237
167,4.509636,4.831865906240971,-0.32222990624097037
168,4.5495224,4.826420783327263,-0.27689838332726335
169,4.594012,4.821285336475794,-0.22727333647579417
170,4.6371646,4.816112925109542,-0.17894832510954206
171,4.6735787,4.810661533602835,-0.13708283360283513
172,4.682664,4.805350233570588,-0.1226862335705885
173,4.7000265,4.800306340844204,-0.1002798408442045
174,4.714147,4.796005099495251,-0.08185809949525158
175,4.7337537,4.793002350302911,-0.05924865030291038
176,4.7528787,4.79044395557954,-0.0375652555795396
177,4.7431817,4.78870210733356,-0.045520407333559554
178,4.7297864,4.790723898596832,-0.060937498596832285
179,4.7191043,4.793705765823379,-0.07460146582337934
180,4.71395,4.7980609732525865,-0.08411097325258687
181,4.7099347,4.802122751423485,-0.09218805142348518
182,4.704904,4.800548544008289,-0.09564454400828915
183,4.700219,4.799366317322935,-0.09914731732293536
184,4.6959147,4.8028382540067,-0.10692355400669928
185,4.692026,4.807208467865372,-0.11518246786537212
186,4.688588,4.807618959453861,-0.11903095945386077
187,4.6856356,4.809246576740296,-0.12361097674029597
188,4.6832037,4.8111078972331365,-0.1279041972331365
189,4.681328,4.814733034887783,-0.1334050348877831
190,4.680043,4.820657678924306,-0.14061467892430546
191,4.679384,4.82549038134441,-0.1461063813444099
192,4.686008,4.8297363445387855,-0.14372834453878536
193,4.6836905,4.834450597878897,-0.150760097878897
194,4.6708,4.83992011057416,-0.16912011057416
195,4.657281,4.8453451008445425,-0.18806410084454228
196,4.6516623,4.850739223258019,-0.19907692325801918
197,4.6515994,4.856611227707988,-0.20501182770798732
198,4.6543384,4.862661124337949,-0.20832272433794863
199,4.66214,4.869435440550339,-0.20729544055033866
200,4.670565,4.876274828847942,-0.20570982884794198
201,4.6806207,4.883002309177586,-0.20238160917758563
202,4.6908374,4.889658057133019,-0.19882065713301866
203,4.6990824,4.897381041758847,-0.19829864175884726
204,4.7054825,4.9055952383825,-0.20011273838250077
205,4.7103815,4.913075857342475,-0.20269435734247487
206,4.715938,4.920179118209919,-0.20424111820991886
207,4.7208276,4.927146269019928,-0.2063186690199279
208,4.7290487,4.933868551997801,-0.20481985199780084
209,4.740108,4.941472238162531,-0.20136423816253046
210,4.7563376,4.949124747528497,-0.19278714752849702
211,4.774897,4.957859855431736,-0.18296285543173596
212,4.7931476,4.964723919025872,-0.17157631902587145
213,4.810768,4.972639887138943,-0.1618718871389424
214,4.8246865,4.986505756154424,-0.16181925615442339
215,4.8370633,4.998471269720692,-0.1614079697206927
216,4.849033,5.003337754972799,-0.15430475497279872
217,4.863116,5.009310148838813,-0.14619414883881365
218,4.8686166,5.0147879091679,-0.1461713091679
219,4.869145,5.018379151212338,-0.14923415121233852
220,4.8646674,5.022601018291684,-0.1579336182916835
221,4.853992,5.026694856661887,-0.17270285666188734
222,4.8421836,5.0302902619123575,-0.18810666191235725
223,4.831519,5.033614554037169,-0.20209555403716895
224,4.825132,5.037101314844731,-0.21196931484473058
225,4.8259115,5.040517066965039,-0.21460556696503907
226,4.8333206,5.043388392970391,-0.21006779297039024
227,4.8522754,5.046192346137013,-0.19391694613701294
228,4.8784585,5.0487397253608775,-0.17028122536087764
229,4.911059,5.0506844928560755,-0.13962549285607562
230,4.9457407,5.052402904050656,-0.1066622040506564
231,4.9798017,5.053471096411359,-0.07366939641135861
232,5.0131464,5.054398249530558,-0.04125184953055783
233,5.042293,5.0550741372192745,-0.012781137219274541
234,5.067371,5.054971664296085,0.012399335703914716
235,5.0878534,5.054799390907353,0.03305400909264744
236,5.0989695,5.054500008297628,0.04446949170237158
237,5.097758,5.054046181832853,0.04371181816714653
238,5.090116,5.053919366934063,0.0361966330659369
239,5.0829444,5.052688583371436,0.03025581662856336
240,5.079118,5.051083101547574,0.028034898452426127
241,5.0803213,5.049487020702311,0.03083427929768856
242,5.0850983,5.047352954190265,0.03774534580973565
243,5.08908,5.045150421281454,0.0439295787185463
244,5.0943103,5.042986419249873,0.05132388075012706
245,5.0995493,5.040966979993679,0.058582320006320465
246,5.1100836,5.040409162438439,0.06967443756156122
247,5.100548,5.039445983980588,0.061102016019411565
248,5.0927134,5.0371120958325015,0.05560130416749853
249,5.0821447,5.035122667681398,0.047022032318602136
250,5.06993,5.0334114279248094,0.036518572075190825
251,5.060914,5.031693403129239,0.029220596870761284
252,5.038101,5.030143429861618,0.007957570138382053
253,5.006185,5.028899875990041,-0.022714875990041072
254,4.979832,5.028285647996371,-0.04845364799637064
255,4.9530573,5.029044155401087,-0.07598685540108718
256,4.9278464,5.030589235182152,-0.10274283518215199
257,4.9058347,5.030976979129828,-0.125142279129828
258,4.89038,5.03188045183233,-0.1415004518323295
259,4.861195,5.032972885077388,-0.1717778850773879
260,4.8371615,5.0342588931167995,-0.19709739311679986
261,4.817617,5.0360399073891875,-0.21842290738918724
262,4.8038635,5.038197633724835,-0.23433413372483436
263,4.793513,5.040875943627049,-0.24736294362704925
264,4.786596,5.045004963676899,-0.2584089636768985
265,4.781223,5.0496211954478545,-0.2683981954478547
266,4.781237,5.052998232739593,-0.27176123273959263
267,4.7848153,5.056613192472099,-0.2717978924720992
268,4.789928,5.060437977164453,-0.270509977164453
269,4.796425,5.064362629895866,-0.267937629895866
270,4.801251,5.068635601365322,-0.2673846013653227
271,4.80588,5.0729171324495015,-0.26703713244950134
272,4.809583,5.077188490888327,-0.26760549088832697
273,4.8147407,5.081473531674027,-0.2667328316740276
274,4.8199267,5.085773454049826,-0.26584675404982594
275,4.8258004,5.090151983450875,-0.2643515834508747
276,4.831567,5.094483254578007,-0.26291625457800727
277,4.834464,5.099093511457633,-0.2646295114576329
278,4.8340573,5.103770633183184,-0.26971333318318447
279,4.8252115,5.1078131573173255,-0.28260165731732556
280,4.815735,5.1117284337529005,-0.29599343375290044
281,4.8120127,5.115492164005437,-0.303479464005437
282,4.813325,5.119004279018867,-0.30567927901886716
283,4.821218,5.122448986512307,-0.30123098651230684
284,4.8297815,5.12781089664947,-0.29802939664947026
285,4.8422723,5.134411542181796,-0.2921392421817961
286,4.8527503,5.138889202303321,-0.2861389023033203
287,4.859557,5.14149945955475,-0.2819424595547506
288,4.8643866,5.1438527886666,-0.2794661886666008
289,4.8661237,5.146137950534791,-0.2800142505347907
290,4.864235,5.15117055946526,-0.2869355594652605
291,4.8659263,5.155734827818099,-0.2898085278180993
292,4.869896,5.157717380589762,-0.2878213805897625
293,4.8800573,5.159249978955279,-0.2791926789552788
294,4.892975,5.160592569840476,-0.2676175698404766
295,4.9091916,5.16192239768606,-0.25273079768606
296,4.931817,5.171379342183901,-0.23956234218390104
297,4.9567957,5.179789649356847,-0.22299394935684713
298,4.9817123,5.179262252891996,-0.19754995289199595
299,5.0098825,5.178747269153468,-0.16886476915346815
300,5.0353055,5.178310246050896,-0.14300474605089608
301,5.0547647,5.177899987203188,-0.1231352872031879
302,5.0662646,5.1772946798080755,-0.11103007980807522
303,5.072274,5.17671116776938,-0.10443716776937961
304,5.0719156,5.176039833398975,-0.10412423339897536
305,5.067856,5.175358948811376,-0.10750294881137634
306,5.0629153,5.174638548567686,-0.111723248567686
307,5.0601697,5.17391849976689,-0.11374879976688934
308,5.0619802,5.172987393971701,-0.11100719397170078
309,5.0703735,5.172231393615701,-0.1018578936157013
310,5.08397,5.171078789108402,-0.08710878910840236
311,5.104249,5.170001811262261,-0.06575281126226074
312,5.1234174,5.168569991052421,-0.04515259105242109
313,5.144723,5.166937223729438,-0.022214223729438487
314,5.1625357,5.165461185877293,-0.0029254858772924663
315,5.1719565,5.163907551025275,0.008048948974725079
316,5.1711054,5.161703639870147,0.009401760129852832
317,5.1613507,5.159261438246896,0.002089261753103422
318,5.1510425,5.156696391675247,-0.0056538916752471025
319,5.1388955,5.153996256083709,-0.015100756083708866
320,5.1278973,5.15137703097125,-0.02347973097124978
321,5.118741,5.149571490827631,-0.030830490827630896
322,5.1110682,5.147148792973946,-0.03608059297394561
323,5.104521,5.144497806319817,-0.03997680631981648
324,5.098739,5.1414913231690065,-0.042752323169006345
325,5.0933647,5.138590431737525,-0.0452257317375242
326,5.0880394,5.135615072921817,-0.04757567292181619
327,5.082404,5.132648444048642,-0.05024444404864159
328,5.076101,5.12973086941855,-0.053629869418549525
329,5.06877,5.128255600880694,-0.0594856008806941
330,5.0600533,5.127079433223087,-0.06702613322308704
331,5.049452,5.124700801159462,-0.07524880115946253
332,4.9978933,5.122539437221623,-0.12464613722162277
333,4.935642,5.120551518457158,-0.1849095184571583
334,4.877036,5.118886033277262,-0.2418500332772613
335,4.826634,5.117441322587059,-0.29080732258705844
336,4.7864795,5.1161463922180825,-0.3296668922180821
337,4.749153,5.114965964343014,-0.36581296434301436
338,4.7146506,5.114199617938026,-0.39954901793802655
339,4.67129,5.113615504426219,-0.4423255044262193
340,4.630694,5.113147204107376,-0.4824532041073759
341,4.6010995,5.1128958317994915,-0.5117963317994914
342,4.5842776,5.112966714716384,-0.5286891147163839
343,4.578742,5.113389316486083,-0.5346473164860832
344,4.58318,5.11485634975136,-0.5316763497513604
345,4.594681,5.116131479981711,-0.521450479981711
346,4.613059,5.116843816769349,-0.5037848167693495
347,4.6411524,5.117503676456005,-0.47635127645600495
348,4.6741834,5.118300849340235,-0.44411744934023467
349,4.7062235,5.119332772087586,-0.41310927208758574
350,4.7376914,5.120453880348525,-0.382762480348525
351,4.7610083,5.121516874520263,-0.36050857452026275
352,4.7699976,5.122453167412077,-0.3524555674120773
353,4.759664,5.123534427499124,-0.36387042749912446
354,4.73816,5.124429496692773,-0.38626949669277355
355,4.710628,5.125453982483294,-0.4148259824832943
356,4.6813974,5.1266469978682245,-0.4452495978682247
357,4.6572747,5.127245856029501,-0.46997115602950057
358,4.640031,5.127872468872157,-0.4878414688721575
359,4.634676,5.128374892682742,-0.49369889268274214
360,4.639322,5.128912674314188,-0.48959067431418823
361,4.6563497,5.1293562948540545,-0.4730065948540547
362,4.682992,5.129452906493297,-0.4464609064932974
363,4.7171936,5.12957776145707,-0.41238416145707024
364,4.7568955,5.129572102255023,-0.37267660225502297
365,4.800041,5.129508762486173,-0.32946776248617304
366,4.8445754,5.1293467511651185,-0.2847713511651184
367,4.888441,5.129190701322526,-0.2407497013225255
368,4.92958,5.128914262072449,-0.19933426207244942
369,4.965936,5.128420558126399,-0.1624845581263985
370,4.9954023,5.132382414957704,-0.13698011495770412
371,5.0258527,5.136099806010517,-0.11024710601051702
372,5.050113,5.134304237931043,-0.08419123793104344
373,5.071131,5.132394935765355,-0.06126393576535438
374,5.0899734,5.130491289283306,-0.04051788928330602
375,5.1094785,5.128316146540196,-0.01883764654019604
376,5.124944,5.129674011773247,-0.004730011773246723
377,5.137568,5.131891126475552,0.005676873524447679
378,5.146058,5.130703269502915,0.015354730497085356
379,5.149859,5.128624647881464,0.02123435211853586
380,5.1488853,5.12642807160291,0.022457228397089857
381,5.148602,5.124166667562569,0.0244353324374309
382,5.1465445,5.121987000458438,0.0245574995415625
383,5.1454587,5.119713705186602,0.025744994813397426
384,5.1454477,5.117455547925364,0.02799215207463579
385,5.1481824,5.115666267479987,0.03251613252001295
386,5.1518664,5.114682818432814,0.03718358156718615
387,5.14967,5.113679175305177,0.03599082469482351
388,5.1316047,5.112259931356405,0.019344768643594357
389,5.0988355,5.110799742865446,-0.01196424286544584
390,5.0652423,5.109337134749619,-0.04409483474961817
391,5.0430884,5.108213561284746,-0.06512516128474566
392,5.036135,5.107217704267307,-0.07108270426730723
393,5.0379715,5.106351530558076,-0.06838003055807551
394,5.0454035,5.105975934981764,-0.06057243498176401
395,5.055396,5.10569397722707,-0.05029797722707041
396,5.0714536,5.10579306360819,-0.03433946360819018
397,5.0905685,5.1060851896815915,-0.0155166896815917
398,5.1120353,5.106199077844749,0.005836222155251036
399,5.1333466,5.106622346286739,0.026724253713261703
400,5.1549478,5.10720894646415,0.04773885353585072
401,5.1734643,5.107993370316681,0.06547092968331913
402,5.193635,5.108948382152769,0.08468661784723075
403,5.2133746,5.110037270012545,0.10333732998745493
404,5.2332373,5.111227126321557,0.12201017367844269
405,5.249322,5.112460816500062,0.13686118349993848
406,5.2613516,5.1138649895377375,0.14748661046226275
407,5.2673655,5.115286552955305,0.1520789470446955
408,5.268279,5.116726892775778,0.15155210722422208
409,5.263866,5.118105083526665,0.14576091647333556
410,5.2591248,5.1196035674271485,0.13952123257285187
411,5.2579355,5.121157920636679,0.13677757936332124
412,5.2599697,5.1223103923031434,0.13765930769685664
413,5.2632675,5.123491488149289,0.13977601185071187
414,5.267492,5.124508657545406,0.14298334245459365
415,5.2723055,5.125820792081431,0.14648470791856916
416,5.277372,5.126597622690019,0.15077437730998078
417,5.2823544,5.128273554459933,0.15408084554006685
418,5.2869153,5.128430251050477,0.1584850489495233
419,5.2907186,5.128375533111103,0.162343066888897
420,5.2934265,5.128197497773817,0.16522900222618286
421,5.294703,5.127947644971143,0.1667553550288572
422,5.2850013,5.128024950453574,0.1569763495464258
423,5.2491326,5.126008352509994,0.12312424749000606
424,5.1971164,5.123819834928139,0.07329656507186044
425,5.14996,5.120999221164668,0.02896077883533188
426,5.1164703,5.1179034995318196,-0.001433199531819973
427,5.0929217,5.114606756084501,-0.02168505608450122
428,5.0822854,5.110910340844513,-0.02862494084451317
429,5.07501,5.10683079023613,-0.03182079023613049
430,5.0683856,5.1027401684642175,-0.03435456846421747
431,5.061399,5.098839123574309,-0.03744012357430915
432,5.0584006,5.094635737800818,-0.03623513780081833
433,5.058559,5.090139601295112,-0.03158060129511231
434,5.0618157,5.085510124192133,-0.023694424192132857
435,5.0668235,5.080839828675927,-0.01401632867592717
436,5.072448,5.075907319391844,-0.0034593193918439624
437,5.075703,5.071027834730089,0.004675165269911297
438,5.0787168,5.066815257918914,0.011901542081085736
439,5.078733,5.062594718547131,0.016138281452868775
440,5.081075,5.057837072239324,0.023237927760676236
441,5.08347,5.053370389995251,0.03009961000474881
442,5.0812225,5.048982332808748,0.03224016719125178
443,5.0619745,5.044653882939287,0.01732061706071253
444,5.0241156,5.040456436206519,-0.016340836206518716
445,4.974239,5.036469800621041,-0.06223080062104103
446,4.932421,5.033373502484659,-0.10095250248465959
447,4.8933496,5.030376270856536,-0.1370266708565362
448,4.8602176,5.026999712633118,-0.16678211263311749
449,4.827942,5.023779462914605,-0.19583746291460447
450,4.809077,5.020727142915806,-0.21165014291580597
451,4.797992,5.01794969547676,-0.21995769547676058
452,4.802513,5.015275650965363,-0.21276265096536306
453,4.8146753,5.012532703035811,-0.1978574030358109
454,4.8363767,5.009969323907512,-0.1735926239075125
455,4.870384,5.00755187963991,-0.13716787963991006
456,4.9082575,5.005211897579942,-0.09695439757994162
457,4.9464297,5.002852088267074,-0.05642238826707402
458,4.9845176,5.000419905553513,-0.015902305553512797
459,5.0165687,4.99805850811234,0.018510191887659566
460,5.0412226,4.995692596994947,0.04553000300505339
461,5.052047,4.99357451597084,0.058472484029159943
462,5.0496564,4.991329311575551,0.058327088424449336
463,5.0396957,4.988594187328633,0.051101512671367644
464,5.0256314,4.985853815507543,0.03977758449245705
465,5.0117154,4.983959116765567,0.027756283234433354
466,4.994097,4.9821475957830295,0.01194940421697055
467,4.978059,4.979593237224143,-0.0015342372241429203
468,4.965245,4.97701014863091,-0.011765148630909827
469,4.9599295,4.9744950235276315,-0.014565523527631186
470,4.966726,4.972222376777076,-0.0054963767770752625
471,4.980846,4.970523204511434,0.010322795488566072
472,4.994773,4.969227296362739,0.025545703637261497
473,4.997172,4.967924336596421,0.029247663403578983
474,4.9785943,4.967062444013598,0.011531855986402384
475,4.9429517,4.969587875528683,-0.026636175528683026
476,4.9081016,4.972638324606149,-0.06453672460614879
477,4.877075,4.9729713350674,-0.09589633506740025
478,4.8549814,4.97340484588861,-0.11842344588861042
479,4.8449697,4.974353069623563,-0.12938336962356267
480,4.8510165,4.975957452995711,-0.12494095299571129
481,4.8596826,4.978836345976492,-0.11915374597649198
482,4.8702817,4.983381848275448,-0.11310014827544812
483,4.886103,4.989035043554375,-0.10293204355437435
484,4.898484,4.9921962117354814,-0.09371221173548161
485,4.9091024,4.994651298090693,-0.08554889809069266
486,4.9207587,4.998400493482052,-0.07764179348205147
487,4.939672,5.0020729532240615,-0.062400953224061695
488,4.9614377,5.0054330051552105,-0.04399530515521022
489,4.9814377,5.009188701424204,-0.02775100142420417
490,5.005822,5.013154679286724,-0.007332679286723653
491,5.02902,5.017630151426316,0.011389848573683636
492,5.050654,5.022195256123806,0.02845874387619407
493,5.065417,5.026859529886552,0.03855747011344768
494,5.068268,5.031771925571017,0.03649607442898262
495,5.0645947,5.036869527976658,0.02772517202334157
496,5.0528455,5.042167475439488,0.010678024560512256
497,5.045132,5.047370922502428,-0.0022389225024284087
498,5.0402274,5.052195844220631,-0.011968444220631369
499,5.0386987,5.057541955886373,-0.018843255886372923
500,5.042489,5.062619730462273,-0.020130730462272872
501,5.0523276,5.067697082343871,-0.015369482343871255
502,5.064854,5.0736718611495615,-0.008817861149561068
503,5.0812902,5.078250346635776,0.0030398533642239656
504,5.104699,5.082613541972919,0.02208545802708084
505,5.1298623,5.095255551554801,0.03460674844519929
506,5.1514564,5.109589136866185,0.04186726313381506
507,5.1696754,5.115779204451865,0.05389619554813496
508,5.1812034,5.120521781524736,0.06068161847526454
509,5.1856003,5.125054874741402,0.06054542525859752
510,5.188058,5.1292395619690545,0.05881843803094533
511,5.1903358,5.1334985645817435,0.05683723541825625
512,5.1941476,5.137232486130113,0.0569151138698869
513,5.1980658,5.140145404089974,0.057920395910025846
514,5.203742,5.143041976507097,0.06070002349290338
515,5.208874,5.149455015493965,0.05941898450603489
516,5.221439,5.155952208805164,0.0654867911948358
517,5.2277493,5.1583498855146805,0.06939941448531961
518,5.2264915,5.1586241969264695,0.0678673030735304
519,5.2126474,5.158716081581867,0.053931318418133145
520,5.191146,5.158708022100966,0.03243797789903358
521,5.171407,5.158936131110057,0.012470868889943532
522,5.1627326,5.159244697609007,0.0034879023909928364
523,5.1244574,5.159695754102263,-0.035238354102263614
524,5.118505,5.159814602969101,-0.041309602969101356
525,5.117518,5.1663489430402425,-0.048830943040242936
526,5.118159,5.17253277297973,-0.054373772979730006
527,5.116101,5.17305503118678,-0.05695403118678044
528,5.100408,5.173151185437367,-0.0727431854373668
529,5.055576,5.173257330581871,-0.11768133058187047
530,4.9903793,5.173363780248759,-0.18298448024875924
531,4.9341855,5.17360939666465,-0.23942389666465047
532,4.888552,5.17403825270328,-0.2854862527032802
533,4.855512,5.177724288620895,-0.3222122886208947
534,4.8385215,5.18268298302787,-0.34416148302786986
535,4.829906,5.183872362748512,-0.3539663627485119
536,4.831649,5.183286576679146,-0.3516375766791464
537,4.843127,5.182329497479716,-0.3392024974797163
538,4.86468,5.181474698575779,-0.31679469857577924
539,4.8875775,5.180293386496199,-0.2927158864961994
540,4.911449,5.179076223170373,-0.2676272231703729
541,4.93367,5.178035284612088,-0.24436528461208784
542,4.9553995,5.1771425045945545,-0.2217430045945541
543,4.977712,5.176149179065132,-0.1984371790651318
544,5.0006933,5.176353550796232,-0.17566025079623238
545,5.025222,5.176926908573108,-0.15170490857310792
546,5.0514045,5.176107301920645,-0.12470280192064465
547,5.0777764,5.17519814104214,-0.09742174104213941
548,5.1074786,5.17419502165181,-0.06671642165180991
549,5.133181,5.173032888695474,-0.03985188869547329
550,5.1569953,5.171979613794459,-0.01498431379445897
551,5.1776714,5.170977817814254,0.006693582185746116
552,5.190526,5.169845002323806,0.02068099767619458
553,5.20278,5.1688018946307315,0.03397810536926826
554,5.2144837,5.168271781087331,0.04621191891266907
555,5.22569,5.167686494206875,0.058003505793124965
556,5.2364507,5.166831980286837,0.06961871971316302
557,5.2468176,5.165802018763859,0.08101558123614083
558,5.2568426,5.164935793370385,0.09190680662961448
559,5.266578,5.164160340430967,0.10241765956903315
560,5.276076,5.165662159755857,0.11041384024414302
561,5.2853875,5.167807722386501,0.11757977761349903
562,5.291054,5.168002383600785,0.12305161639921458
563,5.2751694,5.166886923518039,0.10828247648196143
564,5.2416153,5.165785138590067,0.07583016140993326
565,5.2036753,5.164825241186951,0.038850058813048705
566,5.1712427,5.163939025893185,0.007303674106814206
567,5.150468,5.163263398292721,-0.012795398292721138
568,5.139858,5.162699871483783,-0.022841871483782583
569,5.140041,5.164267307152736,-0.02422630715273577
570,5.147619,5.166688927117782,-0.019069927117782548
571,5.159945,5.167213302502068,-0.007268302502068558
572,5.173913,5.166789651172188,0.0071233488278119594
573,5.186103,5.166429554576298,0.019673445423702418
574,5.194531,5.166189702229097,0.02834129777090233
575,5.201794,5.166131750130118,0.035662249869881535
576,5.209066,5.16645774412798,0.042608255872019996
577,5.2164483,5.167218441303895,0.049229858696104856
578,5.22463,5.167729819771256,0.056900180228744546
579,5.232398,5.168133162191996,0.06426483780800396
580,5.2373166,5.168778694271673,0.06853790572832708
581,5.243903,5.169469490867429,0.07443350913257163
582,5.250646,5.170449762961573,0.08019623703842704
583,5.258351,5.17140222044341,0.08694877955659042
584,5.265507,5.1722995871485695,0.09320741285143086
585,5.271169,5.173212924739868,0.09795607526013228
586,5.275417,5.174557505611658,0.10085949438834163
587,5.280862,5.176181635217807,0.104680364782193
588,5.286242,5.177603107007114,0.10863889299288587
589,5.2916718,5.178755822190608,0.11291597780939178
590,5.2959256,5.179969477860522,0.1159561221394787
591,5.3015876,5.181250941762233,0.1203366582377674
592,5.3068,5.182819517840541,0.12398048215945856
593,5.3162894,5.184409663478083,0.13187973652191687
594,5.327179,5.185840986332888,0.14133801366711207
595,5.337448,5.18732750154642,0.15012049845358
596,5.3455615,5.188851849283877,0.15670965071612297
597,5.3494077,5.190463008507841,0.1589446914921595
598,5.352924,5.191983394310219,0.16094060568978108
599,5.3550687,5.193162624841599,0.16190607515840139
600,5.3543124,5.19424472135581,0.16006767864419036
601,5.355556,5.195154329275518,0.16040167072448241
602,5.354818,5.198253686286559,0.15656431371344048
603,5.351155,5.201005495855645,0.15014950414435546
604,5.3439994,5.201793392317454,0.142206007682546
605,5.3343863,5.202624974985131,0.13176132501486926
606,5.3244147,5.203147817266035,0.12126688273396535
607,5.3160224,5.203988882151927,0.11203351784807225
608,5.3120947,5.204778446162841,0.10731625383715926
609,5.3124824,5.205123620890027,0.10735877910997349
610,5.3193717,5.20521739129147,0.11415430870852994
611,5.3281302,5.205342597097378,0.1227876029026227
612,5.3435254,5.205539371038801,0.1379860289611985
613,5.3554482,5.205683152245647,0.14976504775435284
614,5.3701315,5.205629981373152,0.1645015186268486
615,5.386226,5.20546811509707,0.18075788490292943
616,5.4038873,5.205158226853154,0.19872907314684607
617,5.4201593,5.204897928846825,0.21526137115317479
618,5.43716,5.204797154982409,0.2323628450175912
619,5.431051,5.205882805510235,0.22516819448976477
620,5.444847,5.206606659677004,0.2382403403229958
621,5.4571905,5.20580593438322,0.2513845656167799
622,5.4645243,5.205105554697265,0.25941874530273523
623,5.472201,5.204382261920154,0.26781873807984624
624,5.4858475,5.203287240853787,0.2825602591462131
625,5.4820733,5.2020660941826256,0.28000720581737415
626,5.4867945,5.201890981022583,0.2849035189774174
627,5.4882116,5.2015941587431795,0.2866174412568201
628,5.489249,5.2002848579388194,0.2889641420611806
629,5.4926248,5.198779735749781,0.2938450642502186
630,5.4937034,5.197293801434138,0.29640959856586235
631,5.4877396,5.195601460602055,0.2921381393979452
632,5.4804654,5.194169524281585,0.2862958757184151
633,5.472317,5.192685245865487,0.27963175413451324
634,5.4684067,5.190963281699406,0.27744341830059405
635,5.4702497,5.1894195849697455,0.28083011503025457
636,5.476692,5.187886802892897,0.28880519710710306
637,5.485928,5.186634445374108,0.29929355462589236
638,5.4963846,5.186294088019305,0.3100905119806949
639,5.500071,5.185499805568806,0.31457119443119375
640,5.513722,5.183968338213601,0.3297536617863983
641,5.523904,5.182482934687061,0.3414210653129386
642,5.5316586,5.181218241260084,0.35044035873991586
643,5.535164,5.1799915542422825,0.35517244575771745
644,5.5287256,5.17849518530632,0.3502304146936792
645,5.514762,5.176901926453665,0.3378600735463353
646,5.500158,5.175521491409038,0.32463650859096216
647,5.488015,5.174334767124032,0.313680232875968
648,5.4836316,5.173028154399465,0.31060344560053466
649,5.484637,5.1726727473999325,0.31196425260006766
650,5.4901953,5.172341054504584,0.31785424549541563
651,5.4968143,5.170796861352198,0.32601743864780186
652,5.5063596,5.169485647646695,0.3368739523533044
653,5.5169034,5.168225555283232,0.348677844716768
654,5.525701,5.166950075892915,0.35875092410708476
655,5.527153,5.165752421550178,0.361400578449822
656,5.522701,5.166255840996328,0.35644515900367146
657,5.514706,5.167311960105623,0.3473940398943771
658,5.5072393,5.16705568827424,0.3401836117257604
659,5.5042157,5.165822658985819,0.33839304101418044
660,5.489187,5.164659566136974,0.3245274338630262
661,5.480265,5.1634708747394855,0.31679412526051465
662,5.4687686,5.165496392490331,0.30327220750966877
663,5.457561,5.167291095390715,0.2902699046092847
664,5.4494467,5.166636856905852,0.2828098430941486
665,5.4426126,5.165425421748517,0.2771871782514834
666,5.435076,5.164071767567238,0.2710042324327615
667,5.402804,5.162784116989334,0.24001988301066568
668,5.3790054,5.1614097061298745,0.21759569387012512
669,5.3606515,5.159945979571867,0.2007055204281336
670,5.342768,5.158535068775566,0.18423293122443418
671,5.3272934,5.1569133218423335,0.17038007815766676
672,5.3014593,5.155245332040167,0.14621396795983355
673,5.2682395,5.153350865569327,0.11488863443067299
674,5.231672,5.15123655071258,0.0804354492874193
675,5.2000985,5.148946260979492,0.05115223902050836
676,5.1748743,5.146501893920272,0.02837240607972813
677,5.1572986,5.146752888142473,0.010545711857527174
678,5.1455503,5.146803683965001,-0.001253383965001298
679,5.1355906,5.143381476522855,-0.00779087652285515
680,5.1262054,5.139933463729117,-0.013728063729117501
681,5.11821,5.1363082665174895,-0.018098266517489137
682,5.11078,5.132793465587504,-0.022013465587503944
683,5.1047387,5.1292526974290285,-0.024513997429028045
684,5.102611,5.125447664549959,-0.022836664549959806
685,5.106758,5.1218779038740125,-0.015119903874012408
686,5.1161947,5.119527903808881,-0.0033332038088804694
687,5.1322827,5.116811616885049,0.015471083114951156
688,5.148783,5.1129279377898325,0.03585506221016743
689,5.1662803,5.108835696684956,0.05744460331504442
690,5.182551,5.104659169275863,0.07789183072413675
691,5.1910224,5.100381939767349,0.09064046023265071
692,5.1912885,5.0962969421464805,0.0949915578535192
693,5.180097,5.092015300523362,0.08808169947663824
694,5.1713095,5.087868125201876,0.08344137479812375
695,5.1655664,5.083508311593704,0.08205808840629647
696,5.163802,5.079250378739329,0.08455162126067073
697,5.160704,5.077921977718245,0.08278202228175502
698,5.154534,5.076979905586422,0.07755409441357752
699,5.145634,5.072314281014147,0.07331971898585365
700,5.134347,5.06706322606759,0.06728377393241036
701,5.121015,5.061704780169567,0.05931021983043294
702,5.105981,5.056355175536288,0.04962582446371222
703,5.0895867,5.050960624982076,0.038626075017924144
704,5.0721745,5.048350439666006,0.02382406033399409
705,5.0540876,5.0462617363984625,0.007825863601537364
706,5.035668,5.041423613729956,-0.005755613729955478
707,5.0172586,5.035768813881484,-0.018510213881484106
708,4.9988494,5.03041136220121,-0.031561962201210214
709,4.9743323,5.024799229176403,-0.05046692917640261
710,4.935356,5.0191297101903,-0.08377371019030022
711,4.893994,5.01359100971502,-0.11959700971501963
712,4.8617105,5.008262553568616,-0.146552053568616
713,4.827882,5.003258770954109,-0.17537677095410942
714,4.8001914,4.998536695485546,-0.19834529548554602
715,4.7707443,4.993853916910638,-0.22310961691063813
716,4.737503,4.9894789951419245,-0.25197599514192426
717,4.7040153,4.9855282309536335,-0.2815129309536335
718,4.6721826,4.982872491969402,-0.31068989196940144
719,4.6432776,4.98057374321702,-0.33729614321701984
720,4.62382,4.9777022081873525,-0.3538822081873523
721,4.6155863,4.975091233776948,-0.3595049337769476
722,4.6148105,4.972921115925917,-0.3581106159259173
723,4.6176324,4.971090549826256,-0.3534581498262561
724,4.6230326,4.969639522939626,-0.3466069229396256
725,4.6311994,4.970239298009635,-0.3390398980096352
726,4.633789,4.971111209947151,-0.3373222099471507
727,4.634496,4.970891146462626,-0.3363951464626256
728,4.6200485,4.970964963605813,-0.3509164636058131
729,4.6053195,4.971419654486245,-0.36610015448624456
730,4.5924096,4.972064101994922,-0.37965450199492246
731,4.583303,4.976081915182047,-0.39277891518204733
732,4.5806317,4.980444527577273,-0.3998128275772732
733,4.5852814,4.982078962302613,-0.39679756230261276
734,4.597083,4.98405642588743,-0.38697342588743044
735,4.6139526,4.985920241251199,-0.3719676412511985
736,4.632249,4.987931230048725,-0.3556822300487248
737,4.6497836,4.990049709819649,-0.3402661098196491
738,4.667939,4.992485236787031,-0.32454623678703154
739,4.687054,4.995217551991066,-0.3081635519910666
740,4.706327,4.997538728002205,-0.29121172800220485
741,4.716424,4.9997813164495035,-0.28335731644950357
742,4.715016,5.0020797260883665,-0.28706372608836617
743,4.7015915,5.006053535115783,-0.3044620351157832
744,4.675124,5.009868870711191,-0.33474487071119086
745,4.639304,5.012626539596678,-0.3733225395966775
746,4.6025,5.015322907553711,-0.41282290755371065
747,4.57251,5.018008181195758,-0.4454981811957577
748,4.555104,5.020822117229699,-0.4657181172296987
749,4.546958,5.0235226153078685,-0.4765646153078684
750,4.549046,5.02935073270338,-0.48030473270338003
751,4.5585074,5.035541135325829,-0.47703373532582916
752,4.5770974,5.038527992705878,-0.4614305927058773
753,4.5982003,5.041143532067731,-0.4429432320677309
754,4.622495,5.044511455558011,-0.42201645555801104
755,4.6471305,5.046860740068339,-0.39973024006833846
756,4.672421,5.049480391697736,-0.3770593916977365
757,4.701548,5.052124468610341,-0.350576468610341
758,4.72726,5.054996812857381,-0.3277368128573803
759,4.75133,5.058277940645442,-0.3069479406454416
760,4.774535,5.061951019221627,-0.2874160192216264
761,4.7919726,5.065870109843859,-0.2738975098438585
762,4.8102384,5.069063275202976,-0.2588248752029756
763,4.8245645,5.072990561158086,-0.24842606115808596
764,4.8365088,5.0765433485322315,-0.24003454853223172
765,4.8471146,5.079627214201829,-0.23251261420182878
766,4.8590045,5.084635424169438,-0.22563092416943764
767,4.874139,5.0886162362634435,-0.21447723626344306
768,4.8964453,5.091411204512194,-0.19496590451219387
769,4.918652,5.092107934674974,-0.17345593467497444
770,4.933394,5.0938586876192975,-0.16046468761929766
771,4.947505,5.0941542511743965,-0.14664925117439687
772,4.9608555,5.094466296216941,-0.13361079621694127
773,4.973316,5.095112311127819,-0.1217963111278193
774,4.9847565,5.094124416780273,-0.10936791678027369
775,4.995047,5.0926897522965096,-0.09764275229650998
776,5.0040584,5.090823670077861,-0.08676527007786117
777,5.0116587,5.088631486743323,-0.07697278674332342
778,5.0177207,5.086346528585989,-0.06862582858598909
779,5.0221133,5.083417617896677,-0.061304317896676785
780,5.0247073,5.079776407232869,-0.0550691072328684
781,5.019126,5.076390205130154,-0.057264205130153734
782,4.9734726,5.072328194323077,-0.09885559432307733
783,4.9164557,5.067355308309096,-0.15089960830909543
784,4.8669977,5.061997842107713,-0.19500014210771344
785,4.833083,5.055795629795635,-0.22271262979563478
786,4.817744,5.048669069696612,-0.23092506969661208
787,4.814876,5.040686688237746,-0.22581068823774597
788,4.822657,5.032434163280892,-0.2097771632808918
789,4.8316245,5.023806487510882,-0.19218198751088167
790,4.8434896,5.013988526368725,-0.1704989263687251
791,4.849082,5.0035956168090205,-0.15451361680902043
792,4.8472877,4.992788280575004,-0.14550058057500426
793,4.8379745,4.981724504608782,-0.1437500046087825
794,4.8108063,4.970132658170569,-0.15932635817056884
795,4.7622113,4.958056210900622,-0.19584491090062262
796,4.70749,4.946583792996942,-0.23909379299694233
797,4.6588235,4.935716507452914,-0.2768930074529141
798,4.6252985,4.925986086024404,-0.30068758602440315
799,4.6005936,4.914262376755989,-0.31366877675598914
800,4.5785437,4.899761183422536,-0.32121748342253564
801,4.556389,4.8864502420369655,-0.3300612420369653
802,4.53593,4.8744434012801,-0.33851340128010055
803,4.5229764,4.861812148281497,-0.33883574828149676
804,4.516994,4.850469517004007,-0.3334755170040067
805,4.5127597,4.839656617905741,-0.32689691790574127
806,4.5049753,4.82883923519824,-0.32386393519823997
807,4.496682,4.818881084660399,-0.32219908466039904
808,4.4857635,4.8156253523749175,-0.3298618523749175
809,4.4664636,4.809248921522595,-0.34278532152259533
810,4.438228,4.800961145251111,-0.3627331452511111
811,4.4074163,4.79337565608651,-0.38595935608650933
812,4.381607,4.7880041018484185,-0.4063971018484187
813,4.3669257,4.780326957076389,-0.413401257076389
814,4.363218,4.773329075729588,-0.4101110757295885
815,4.3658,4.766776328338205,-0.4009763283382046
816,4.372494,4.760830672981702,-0.38833667298170216
817,4.3809714,4.755421371366075,-0.37444997136607494
818,4.3783746,4.7510941536662505,-0.37271955366625065
819,4.3516955,4.747117818327971,-0.39542231832797103
820,4.300632,4.743179462576812,-0.44254746257681177
821,4.2450747,4.739689277269006,-0.49461457726900626
822,4.197028,4.737190025484763,-0.5401620254847623
823,4.164201,4.735411474626744,-0.5712104746267439
824,4.147423,4.733710836604368,-0.5862878366043685
825,4.1448627,4.731222380565113,-0.5863596805651126
826,4.1537757,4.729799995575337,-0.576024295575337
827,4.171161,4.728915436714431,-0.5577544367144309
828,4.194361,4.7275853097430565,-0.5332243097430567
829,4.223671,4.726367839812788,-0.5026968398127876
830,4.2472677,4.7246913326507425,-0.4774236326507424
831,4.2647257,4.723167778359852,-0.4584420783598526
832,4.2772827,4.721728541852309,-0.4444458418523096
833,4.2880588,4.721106249706748,-0.43304744970674847
834,4.3032327,4.720651417190232,-0.41741871719023216
835,4.325592,4.720147601844063,-0.394555601844063
836,4.35781,4.720621797846807,-0.36281179784680706
837,4.394577,4.72066359078158,-0.3260865907815802
838,4.430262,4.720182173937462,-0.28992017393746217
839,4.4657736,4.71945244699358,-0.25367884699358
840,4.496559,4.718033708461671,-0.2214747084616704
841,4.5153146,4.71625719611395,-0.2009425961139497
842,4.503575,4.716670648668664,-0.2130956486686646
843,4.46045,4.71665906548316,-0.25620906548316036
844,4.4070816,4.714175952917127,-0.3070943529171277
845,4.360576,4.711248680941094,-0.35067268094109405
846,4.328972,4.7084799084268685,-0.3795079084268682
847,4.313279,4.707318613130032,-0.39403961313003233
848,4.316134,4.708892987386564,-0.39275898738656423
849,4.3347754,4.710043004757683,-0.37526760475768306
850,4.368026,4.709668901607581,-0.3416429016075808
851,4.4111915,4.7135380164867735,-0.30234651648677335
852,4.458191,4.714770817485871,-0.25657981748587044
853,4.4821787,4.7146499874612,-0.23247128746119916
854,4.4829636,4.714868350945214,-0.23190475094521457
855,4.4834723,4.714504757329771,-0.2310324573297713
856,4.483766,4.714223355445638,-0.23045735544563772
857,4.4839063,4.715234909267555,-0.23132860926755505
858,4.483955,4.719185030564578,-0.23523003056457803
859,4.4839735,4.7224152496997975,-0.23844174969979726
860,4.4840226,4.724962915586528,-0.24094031558652773
861,4.4841647,4.727661126067429,-0.24349642606742883
862,4.484461,4.730628550047545,-0.2461675500475451
863,4.4849725,4.734271767000482,-0.24929926700048277
864,4.4857616,4.738144479252819,-0.2523828792528189
865,4.4966574,4.744810765600176,-0.2481533656001762
866,4.502147,4.751443752244494,-0.24929675224449444
867,4.499743,4.756075622128737,-0.2563326221287374
868,4.495952,4.761697676659161,-0.2657456766591615
869,4.489976,4.767872095653707,-0.27789609565370643
870,4.4828973,4.7741555454371465,-0.2912582454371462
871,4.478802,4.781096938983619,-0.3022949389836187
872,4.4750037,4.789495849373149,-0.31449214937314895
873,4.4780173,4.798857066869101,-0.320839766869101
874,4.4892097,4.807008730205442,-0.31779903020544165
875,4.5073056,4.813687557469905,-0.30638195746990515
876,4.534817,4.820143954043275,-0.285326954043275
877,4.565276,4.826365644599723,-0.26108964459972306
878,4.60033,4.831291058841526,-0.23096105884152607
879,4.635888,4.8360836974544,-0.2001956974544008
880,4.6736298,4.840754561534997,-0.1671247615349971
881,4.7097125,4.846099518857983,-0.13638701885798277
882,4.744824,4.850340644121448,-0.10551664412144746
883,4.774897,4.853936602219399,-0.07903960221939865
884,4.797994,4.859659914402531,-0.06166591440253111
885,4.811165,4.867335448400848,-0.05617044840084784
886,4.8076935,4.87338970735351,-0.06569620735351034
887,4.7863355,4.877452958932989,-0.09111745893298906
888,4.7533426,4.880995156498046,-0.1276525564980462
889,4.724205,4.884354415713492,-0.16014941571349173
890,4.7041845,4.886954100848877,-0.18276960084887683
891,4.694942,4.88809329889692,-0.19315129889691995
892,4.6926584,4.88948332234661,-0.1968249223466101
893,4.6959567,4.8909867063317485,-0.1950300063317485
894,4.7003927,4.893848883423466,-0.19345618342346604
895,4.704532,4.89682866288716,-0.1922966628871592
896,4.70297,4.899161674703112,-0.19619167470311272
897,4.6848373,4.902329493502493,-0.21749219350249316
898,4.6511264,4.905099840950138,-0.25397344095013796
899,4.613607,4.906472983055514,-0.29286598305551426
900,4.5873327,4.908873256398375,-0.3215405563983751
901,4.5769,4.911632313047378,-0.33473231304737805
902,4.5793905,4.914305392152084,-0.33491489215208414
903,4.5973444,4.917053257620887,-0.3197088576208875
904,4.622991,4.922652046492553,-0.2996610464925533
905,4.657693,4.926465235471746,-0.26877223547174633
906,4.6949167,4.928534747329618,-0.23361804732961744
907,4.731292,4.931389007879453,-0.20009700787945306
908,4.7628818,4.936409994606761,-0.17352819460676105
909,4.7839804,4.9407305212490265,-0.15675012124902654
910,4.7952642,4.944345430488106,-0.14908123048810573
911,4.7995234,4.947451984591416,-0.14792858459141645
912,4.798307,4.951647979994347,-0.15334097999434704
913,4.800109,4.956167339710657,-0.15605833971065675
914,4.794866,4.961424912421839,-0.16655891242183873
915,4.7705994,4.966742071924679,-0.1961426719246786
916,4.724717,4.970663328629987,-0.24594632862998722
917,4.6783633,4.974506729365804,-0.29614342936580407
918,4.6304474,4.978533227378978,-0.348085827378978
919,4.590832,4.983752443206316,-0.39292044320631625
920,4.580514,4.98963871806429,-0.40912471806429007
921,4.584634,4.994782425291699,-0.41014842529169826
922,4.603593,4.999733357734041,-0.39614035773404055
923,4.6327634,5.004343843729079,-0.37158044372907906
924,4.670275,5.009505664710652,-0.33923066471065155
925,4.7083654,5.013760599385263,-0.3053951993852628
926,4.7422233,5.018063925495388,-0.27584062549538757
927,4.7654614,5.022183446564875,-0.2567220465648745
928,4.769694,5.02570193264049,-0.2560079326404896
929,4.7542853,5.0309816562599945,-0.2766963562599942
930,4.7243958,5.0361665832157705,-0.31177078321577056
931,4.6907916,5.036765484141821,-0.34597388414182095
932,4.657075,5.037430731480455,-0.38035573148045554
933,4.6253324,5.037694165897172,-0.4123617658971721
934,4.5987635,5.038076716428462,-0.4393132164284621
935,4.5831122,5.038361414572714,-0.4552492145727136
936,4.578487,5.038219321130329,-0.45973232113032925
937,4.5822186,5.03777806599747,-0.45555946599747
938,4.591107,5.036782825385994,-0.4456758253859938
939,4.6003823,5.036687618865853,-0.43630531886585366
940,4.6072245,5.037235385226793,-0.43001088522679254
941,4.6116323,5.0372510204229926,-0.4256187204229924
942,4.611908,5.036535348904518,-0.4246273489045187
943,4.612853,5.035589913849615,-0.4227369138496151
944,4.6127405,5.035621377694676,-0.4228808776946762
945,4.608902,5.035759715458697,-0.42685771545869766
946,4.599338,5.034982072497537,-0.4356440724975368
947,4.584731,5.033684230263612,-0.4489532302636121
948,4.571227,5.0318548620095545,-0.4606278620095541
949,4.5546885,5.030258513976948,-0.47557001397694787
950,4.5369544,5.029869530003313,-0.492915130003313
951,4.521287,5.029163140373144,-0.5078761403731438
952,4.5031486,5.026311276247138,-0.5231626762471375
953,4.4870963,5.0234897546518695,-0.5363934546518694
954,4.4769025,5.021759196823277,-0.5448566968232775
955,4.466773,5.019985347829112,-0.5532123478291124
956,4.467744,5.02073867286665,-0.5529946728666504
957,4.470826,5.0213253432374945,-0.5504993432374947
958,4.4746604,5.019327042441245,-0.5446666424412445
959,4.4800687,5.016851830906437,-0.5367831309064366
960,4.4865417,5.014479007470425,-0.5279373074704248
961,4.496921,5.011937778797014,-0.5150167787970137
962,4.510453,5.009610212436093,-0.499157212436093
963,4.5304084,5.00723434930936,-0.47682594930935984
964,4.5506296,5.004988021225015,-0.4543584212250149
965,4.57427,5.002989482269424,-0.4287194822694236
966,4.600797,5.00023048282084,-0.39943348282084035
967,4.6253543,4.997092196309818,-0.3717378963098179
968,4.6475,4.993926590971971,-0.34642659097197104
969,4.65678,4.991228255638052,-0.33444825563805125
970,4.652541,4.988429130217323,-0.3358881302173229
971,4.631594,4.985188336813295,-0.35359433681329566
972,4.609531,4.982596505670777,-0.3730655056707777
973,4.5967035,4.9805483454882005,-0.3838448454882002
974,4.5909677,4.978554128936677,-0.38758642893667705
975,4.595385,4.975964403097868,-0.380579403097868
976,4.60785,4.97312333130912,-0.3652733313091199
977,4.619883,4.971063822600142,-0.35118082260014205
978,4.6266284,4.969116502704223,-0.34248810270422236
979,4.6314917,4.967733344149923,-0.33624164414992297
980,4.63459,4.966296875372153,-0.33170687537215304
981,4.6335626,4.964726732697966,-0.33116413269796574
982,4.61896,4.9637450198811175,-0.3447850198811171
983,4.589035,4.962873066271232,-0.3738380662712322
984,4.5537915,4.964383696224027,-0.41059219622402665
985,4.516906,4.9661999764941855,-0.4492939764941859
986,4.4861655,4.965912310953948,-0.479746810953948
987,4.464569,4.965957934962569,-0.5013889349625691
988,4.4537344,4.966031708505992,-0.5122973085059916
989,4.455318,4.96668517872098,-0.5113671787209801
990,4.467113,4.967577284825719,-0.5004642848257186
991,4.4874334,4.968134932612888,-0.4807015326128887
992,4.515104,4.968740598503043,-0.45363659850304305
993,4.548467,4.97276675874519,-0.42429975874519066
994,4.583361,4.978509391623874,-0.3951483916238736
995,4.6185074,4.980396890794994,-0.36188949079499366
996,4.653678,4.98069095261304,-0.32701295261303986
997,4.68726,4.9811859438082005,-0.29392594380820025
998,4.718995,4.9828056060767105,-0.2638106060767109
999,4.74499,4.985212500873147,-0.24022250087314756
1000,4.765743,4.986450580116344,-0.22070758011634428
1001,4.774993,4.986263594939941,-0.21127059493994071
1002,4.775823,4.985885735470568,-0.21006273547056775
1003,4.7727804,4.985223246796504,-0.21244284679650338
1004,4.770607,4.9841933875758055,-0.2135863875758055
1005,4.771069,4.983680675120011,-0.21261167512001133
1006,4.7734246,4.983600088890787,-0.21017548889078697
1007,4.7777033,4.983702390709242,-0.20599909070924216
1008,4.78386,4.983645246467416,-0.19978524646741658
1009,4.7969623,4.983043681134368,-0.18608138113436823
1010,4.8090515,4.983092532928685,-0.17404103292868545
1011,4.8119245,4.982448496673538,-0.17052399667353768
1012,4.8077765,4.980833035736257,-0.173056535736257
1013,4.800794,4.980192111364792,-0.179398111364792
1014,4.7974463,4.978845468514188,-0.18139916851418825
1015,4.7979736,4.977657353433746,-0.17968375343374632
1016,4.80198,4.976405453785575,-0.17442545378557472
1017,4.8104935,4.975564509215233,-0.1650710092152332
1018,4.820415,4.975498422088525,-0.15508342208852532
1019,4.8251014,4.975939647197031,-0.1508382471970311
1020,4.820148,4.976272414641692,-0.1561244146416927
1021,4.8100195,4.976681878355709,-0.16666237835570907
1022,4.7986145,4.978435755418444,-0.17982125541844418
1023,4.79314,4.98022404648243,-0.18708404648242993
1024,4.794219,4.981707761101131,-0.18748876110113066
1025,4.8028827,4.983977154598769,-0.18109445459876916
1026,4.8099737,4.9864075271093595,-0.17643382710935995
1027,4.808705,4.988757520257419,-0.18005252025741925
1028,4.8004785,4.991596970040136,-0.19111847004013605
1029,4.790828,4.994952195448689,-0.20412419544868854
1030,4.7866635,4.998529264490746,-0.2118657644907458
1031,4.78959,5.0023333052078875,-0.21274330520788798
1032,4.7998633,5.006362165944534,-0.2064988659445337
1033,4.8160586,5.010609373751877,-0.19455077375187724
1034,4.8361945,5.015671215607279,-0.17947671560727851
1035,4.8601236,5.021097259296474,-0.16097365929647456
1036,4.8853903,5.026815140309944,-0.14142484030994407
1037,4.913221,5.031730610814792,-0.11850961081479205
1038,4.941523,5.036674275048777,-0.09515127504877707
1039,4.9686213,5.04137046454719,-0.07274916454719005
1040,4.9956326,5.046032975751435,-0.05040037575143419
1041,5.021815,5.050394554802712,-0.028579554802711904
1042,5.0442243,5.054662760721205,-0.010438460721204912
1043,5.064983,5.058730098021846,0.0062529019781534245
1044,5.081098,5.063231481359251,0.01786651864074873
1045,5.0885653,5.067190224647156,0.021375075352843886
1046,5.0922675,5.071506182003419,0.02076131799658132
1047,5.0977454,5.07669154350469,0.021053856495309553
1048,5.0957513,5.082276310074305,0.013474989925694736
1049,5.096595,5.086201844960241,0.010393155039758462
1050,5.095894,5.089166293033458,0.00672770696654279
1051,5.0955005,5.094256281114867,0.0012442188851329306
1052,5.095243,5.098544928148512,-0.0033019281485122676
1053,5.093432,5.100046121912004,-0.006614121912003945
1054,5.098136,5.101259349776055,-0.0031233497760547735
1055,5.0997553,5.1034190035489395,-0.003663703548939523
1056,5.0993295,5.104134972806254,-0.0048054728062547625
1057,5.094379,5.10321096623458,-0.008831966234580158
1058,5.090623,5.103292723626853,-0.012669723626853369
1059,5.0882,5.102949712325517,-0.014749712325517805
1060,5.0876913,5.1009196716729965,-0.013228371672996175
1061,5.0905237,5.09971040976322,-0.009186709763219447
1062,5.094297,5.097499611952214,-0.0032026119522141627
1063,5.0900855,5.0939980050873075,-0.003912505087307672
1064,5.0828376,5.090411447721507,-0.007573847721507043
1065,5.0738688,5.087026963617671,-0.013158163617671192
1066,5.0673804,5.083492364294725,-0.0161119642947245
1067,5.0639853,5.079200118603337,-0.015214818603337399
1068,5.0646787,5.07481714632621,-0.010138446326210193
1069,5.067048,5.070089091102957,-0.0030410911029568055
1070,5.063152,5.0649365914341,-0.0017845914341005908
1071,5.057423,5.059375447632883,-0.0019524476328829365
1072,5.0540476,5.053478806889138,0.0005687931108617761
1073,5.0551157,5.047084904670108,0.00803079532989237
1074,5.0607095,5.040259575754703,0.020449924245296458
1075,5.0689816,5.033381627698505,0.03559997230149481
1076,5.077096,5.026393662410309,0.05070233758969067
1077,5.08786,5.018888600677465,0.06897139932253538
1078,5.1007614,5.010953797186768,0.08980760281323175
1079,5.1184974,5.0026914931932875,0.11580590680671232
1080,5.1339483,4.9946703680006355,0.13927793199936467
1081,5.1400623,4.986403173166716,0.15365912683328453
1082,5.1365714,4.977882655362604,0.1586887446373959
1083,5.129365,4.96981700385772,0.15954799614227966
1084,5.1185474,4.961706662367526,0.15684073763247408
1085,5.104223,4.95336533675783,0.15085766324216987
1086,5.0864944,4.945724013210764,0.14077038678923603
1087,5.065467,4.938618665334212,0.12684833466578826
1088,5.0412436,4.931956082069476,0.10928751793052349
1089,5.0139294,4.925784903919372,0.08814449608062791
1090,4.9836273,4.918904434702733,0.06472286529726734
1091,4.950442,4.913520542040101,0.03692145795989887
1092,4.914477,4.908070221767308,0.006406778232691757
1093,4.875836,4.903881428502997,-0.028045428502997183
1094,4.834624,4.899766273582187,-0.06514227358218694
1095,4.7868214,4.897118328624526,-0.11029692862452567
1096,4.7115827,4.894499066937141,-0.18291636693714075
1097,4.631158,4.893103235850091,-0.26194523585009133
1098,4.5621066,4.891787525428832,-0.329680925428832
1099,4.5079293,4.890626379600014,-0.382697079600014
1100,4.476338,4.889581875283714,-0.41324387528371354
1101,4.4582224,4.889020881779046,-0.43079848177904534
1102,4.45321,4.888282201872562,-0.43507220187256124
1103,4.4628067,4.887634888941235,-0.42482818894123486
1104,4.4806128,4.887290977066124,-0.40667817706612386
1105,4.5001483,4.8879115601835155,-0.38776326018351526
1106,4.5045514,4.889050652678254,-0.38449925267825336
1107,4.4883246,4.888827279617404,-0.4005026796174036
1108,4.4540863,4.888057840692537,-0.43397154069253663
1109,4.4180503,4.887723851249304,-0.4696735512493042
1110,4.3920646,4.887860312437606,-0.495795712437606
1111,4.3805747,4.890357360250441,-0.5097826602504405
1112,4.383839,4.8922404521285126,-0.5084014521285125
1113,4.4011407,4.8931745336223935,-0.4920338336223935
1114,4.4293356,4.893113713930718,-0.4637781139307178
1115,4.453488,4.893027905542573,-0.4395399055425733
1116,4.4699163,4.893502711260343,-0.42358641126034247
1117,4.478556,4.893678589043099,-0.41512258904309896
1118,4.4785333,4.894451680950693,-0.41591838095069367
1119,4.466605,4.894501469019701,-0.4278964690197009
1120,4.4394464,4.897115584241425,-0.4576691842414258
1121,4.4047556,4.898914518593635,-0.4941589185936355
1122,4.375027,4.900845866582847,-0.5258188665828465
1123,4.351074,4.902937411536869,-0.5518634115368695
1124,4.33254,4.903609702201792,-0.5710697022017923
1125,4.3136377,4.904771091304152,-0.5911333913041519
1126,4.298974,4.906035085663499,-0.6070610856634984
1127,4.285759,4.907331942713753,-0.6215729427137537
1128,4.2776,4.9095227612847,-0.6319227612847005
1129,4.273618,4.911435934613552,-0.637817934613552
1130,4.2806373,4.913049918836774,-0.6324126188367734
1131,4.294904,4.914918644839471,-0.620014644839471
1132,4.3100443,4.916206715515385,-0.6061624155153842
1133,4.3272467,4.917448333543802,-0.5902016335438018
1134,4.34335,4.918213553588616,-0.5748635535886155
1135,4.3572855,4.919779824217484,-0.562494324217484
1136,4.3614554,4.922562702043767,-0.5611073020437676
1137,4.355752,4.923539325559582,-0.567787325559582
1138,4.3452826,4.925837359708061,-0.5805547597080611
1139,4.327529,4.92573316930351,-0.5982041693035098
1140,4.3189273,4.925530915843052,-0.6066036158430519
1141,4.3098416,4.9255957927663525,-0.6157541927663521
1142,4.303432,4.925070714530435,-0.6216387145304347
1143,4.2993784,4.924878135412072,-0.6254997354120722
1144,4.3006506,4.927507934547439,-0.6268573345474389
1145,4.3089447,4.927250033468163,-0.6183053334681636
1146,4.323266,4.926965874447466,-0.6036998744474653
1147,4.344925,4.926125641647697,-0.5812006416476967
1148,4.373192,4.925092875924971,-0.5519008759249706
1149,4.3961673,4.924128746341609,-0.5279614463416085
1150,4.4241495,4.922500942050847,-0.498351442050847
1151,4.4566236,4.920995771028864,-0.46437217102886397
1152,4.491504,4.919958006499817,-0.428454006499817
1153,4.532026,4.917408217307699,-0.38538221730769884
1154,4.5769153,4.914014456772642,-0.33709915677264224
1155,4.6246533,4.910970512009819,-0.28631721200981897
1156,4.672857,4.908324469803357,-0.23546746980335698
1157,4.720691,4.905951760914065,-0.18526076091406463
1158,4.7627707,4.9038855291427375,-0.14111482914273754
1159,4.7935266,4.901957650777309,-0.10843105077730897
1160,4.8149686,4.901120686185089,-0.08615208618508863
1161,4.830875,4.9006567974900745,-0.06978179749007474
1162,4.840815,4.899717520750996,-0.05890252075099589
1163,4.8465095,4.899235724829745,-0.05272622482974487
1164,4.8524203,4.89934343049114,-0.046923130491139275
1165,4.855779,4.900278701980142,-0.04449970198014164
1166,4.8639765,4.901861933580073,-0.03788543358007335
1167,4.875291,4.9038020745523845,-0.028511074552384663
1168,4.8889737,4.908975678719339,-0.020001978719339064
1169,4.902771,4.915614347930772,-0.012843347930771465
1170,4.918217,4.921312742436067,-0.003095742436066473
1171,4.937248,4.927071643171803,0.010176356828197619
1172,4.9557376,4.93264068604365,0.023096913956350384
1173,4.9727054,4.937893805169541,0.034811594830459036
1174,4.990899,4.943019815315546,0.04787918468445351
1175,5.0080566,4.949116361914958,0.05894023808504212
1176,5.021815,4.956195848864646,0.06561915113535388
1177,5.033977,4.965967932760604,0.06800906723939626
1178,5.045995,4.975226044314709,0.07076895568529018
1179,5.059399,4.982194568021326,0.07720443197867422
1180,5.0748725,4.989614574030606,0.08525792596939397
1181,5.0912423,4.99807643303004,0.09316586696996065
1182,5.1084704,5.004669425918734,0.10380097408126598
1183,5.1284103,5.010991401420867,0.11741889857913268
1184,5.1476483,5.017950286095778,0.1296980139042221
1185,5.1642337,5.024197571713375,0.14003612828662426
1186,5.1780405,5.0322226323504,0.14581786764960025
1187,5.1876364,5.045305901816776,0.14233049818322385
1188,5.193044,5.0555414961025695,0.1375025038974309
1189,5.1984296,5.064201084361243,0.13422851563875682
1190,5.203347,5.067205702593133,0.13614129740686653
1191,5.208407,5.074527532735674,0.1338794672643262
1192,5.2142563,5.076228254338055,0.1380280456619447
1193,5.220727,5.077246442744162,0.1434805572558382
1194,5.2219043,5.077224230384697,0.144680069615303
1195,5.2104654,5.077208004975903,0.1332573950240974
1196,5.189099,5.076847959542696,0.11225104045730383
1197,5.165802,5.075173955814562,0.09062804418543813
1198,5.1471076,5.074233873707382,0.07287372629261757
1199,5.134063,5.072763351345034,0.06129964865496618
1200,5.124077,5.070422986578429,0.05365401342157039
1201,5.1185837,5.068213699831082,0.05037000016891824
1202,5.1121054,5.0665246150516,0.04558078494839979
1203,5.0974374,5.064718938362249,0.032718461637750273
1204,5.083036,5.062277207718867,0.020758792281132976
1205,5.0712366,5.060193901026154,0.011042698973845688
1206,5.0679803,5.058423846264992,0.009556453735008574
1207,5.0738873,5.056191929718046,0.017695370281954226
1208,5.087616,5.054106488047491,0.0335095119525084
1209,5.1048474,5.0524850698686254,0.05236233013137426
1210,5.1169553,5.051122829320935,0.06583247067906495
1211,5.117849,5.049927946434089,0.06792105356591094
1212,5.10751,5.048985575594694,0.058524424405306696
1213,5.084948,5.050241333856299,0.03470666614370099
1214,5.050922,5.051351471223936,-0.00042947122393588444
1215,5.009774,5.050861558700631,-0.041087558700630744
1216,4.9634256,5.0509365278739375,-0.08751092787393766
1217,4.9203696,5.051322496603903,-0.13095289660390286
1218,4.888626,5.052208162468238,-0.16358216246823787
1219,4.872647,5.054294419994773,-0.18164741999477307
1220,4.873534,5.056149170076806,-0.18261517007680617
1221,4.8897834,5.057399204103026,-0.16761580410302646
1222,4.921169,5.058518482239384,-0.13734948223938392
1223,4.961114,5.05955370135917,-0.0984397013591698
1224,5.0052686,5.059744318564148,-0.05447571856414779
1225,5.056922,5.06022741082008,-0.00330541082008029
1226,5.100819,5.060989013889429,0.03982998611057109
1227,5.1446433,5.061187473660429,0.08345582633957083
1228,5.1819873,5.061444882070737,0.12054241792926312
1229,5.2136602,5.060751257826336,0.15290894217366358
1230,5.2354574,5.059939632949464,0.17551776705053523
1231,5.2411246,5.0601713902951655,0.18095320970483453
1232,5.2442465,5.059002600488392,0.18524389951160813
1233,5.246972,5.058172407628031,0.18879959237196964
1234,5.2510715,5.055875295717225,0.19519620428277484
1235,5.2606516,5.053107103628906,0.20754449637109396
1236,5.270279,5.0511420651844,0.2191369348156007
1237,5.287713,5.0487918334002435,0.2389211665997566
1238,5.2855935,5.0458092927937805,0.2397842072062195
1239,5.307904,5.042961176124416,0.2649428238755833
1240,5.3288956,5.043621279611214,0.285274320388786
1241,5.3430796,5.041681354197594,0.3013982458024067
1242,5.344188,5.038902994451795,0.30528500554820504
1243,5.327517,5.039908033481491,0.2876089665185093
1244,5.30194,5.0354499323506,0.2664900676494
1245,5.2724204,5.030670200369184,0.24175019963081557
1246,5.242678,5.026308692673654,0.21636930732634596
1247,5.214686,5.021650916304353,0.1930350836956478
1248,5.196955,5.018865650363162,0.17808934963683765
1249,5.184568,5.015536025747744,0.16903197425225525
1250,5.1767993,5.010137049571233,0.16666225042876714
1251,5.166866,5.005610566098782,0.16125543390121777
1252,5.1413727,5.000689133326205,0.1406835666737951
1253,5.0873194,4.995148226440976,0.09217117355902449
1254,5.0164456,4.989180087732702,0.027265512267297787
1255,4.948471,4.982922351270949,-0.034451351270949004
1256,4.8929596,4.97726776486473,-0.08430816486472992
1257,4.8500967,4.971036053986186,-0.12093935398618605
1258,4.805944,4.967404255000101,-0.16146025500010097
1259,4.764885,4.963678273997849,-0.19879327399784952
1260,4.6996307,4.956836959726804,-0.25720625972680367
1261,4.6626806,4.950628079234967,-0.2879474792349672
1262,4.625724,4.944245693859726,-0.31852169385972573
1263,4.6192737,4.939476906168819,-0.32020320616881914
1264,4.612794,4.933863672805352,-0.32106967280535237
1265,4.6064606,4.924554999146538,-0.3180943991465375
1266,4.599351,4.915240923634912,-0.315889923634912
1267,4.5804086,4.905267813417357,-0.3248592134173567
1268,4.5527277,4.894483969551322,-0.3417562695513219
1269,4.5208936,4.882799270405567,-0.36190567040556676
1270,4.4851904,4.871470212890129,-0.38627981289012947
1271,4.4483685,4.859354503031386,-0.4109860030313861
1272,4.411801,4.847192935666772,-0.4353919356667726
1273,4.3803678,4.8360136878479105,-0.4556458878479104
1274,4.3546896,4.8248199993678815,-0.47013039936788115
1275,4.3349686,4.811456740741097,-0.4764881407410968
1276,4.322232,4.796711803828325,-0.47447980382832533
1277,4.3205743,4.781700101752468,-0.461125801752468
1278,4.3276815,4.766732823449794,-0.43905132344979414
1279,4.3401923,4.751224674789439,-0.4110323747894391
1280,4.3618174,4.735884588035562,-0.3740671880355624
1281,4.3764625,4.722107691848966,-0.34564519184896625
1282,4.385934,4.709737954841011,-0.32380395484101143
1283,4.3850164,4.69572542288984,-0.31070902288984037
1284,4.377665,4.683140926934109,-0.3054759269341085
1285,4.3677487,4.668527133976998,-0.30077843397699766
1286,4.359352,4.655573820979963,-0.2962218209799623
1287,4.350853,4.645152963859029,-0.29429996385902957
1288,4.339208,4.633279275290242,-0.2940712752902419
1289,4.3209176,4.621845162823215,-0.3009275628232153
1290,4.287914,4.610804842005555,-0.3228908420055552
1291,4.2402725,4.601927041992764,-0.36165454199276414
1292,4.1947107,4.593508619387803,-0.3987979193878033
1293,4.1585846,4.585506747145267,-0.4269221471452669
1294,4.130956,4.578904513762959,-0.44794851376295863
1295,4.115499,4.57375284521587,-0.45825384521587065
1296,4.101676,4.570208106779913,-0.46853210677991264
1297,4.0920773,4.5695764630912,-0.4774991630912
1298,4.093071,4.578359697870904,-0.4852886978709039
1299,4.0951095,4.5868412253876985,-0.49173172538769805
1300,4.0982475,4.587652338035697,-0.48940483803569634
1301,4.102538,4.590014978081841,-0.4874769780818413
1302,4.1080365,4.593764638737669,-0.4857281387376693
1303,4.1147966,4.598506596795959,-0.48370999679595883
1304,4.122872,4.604460248992001,-0.4815882489920007
1305,4.132317,4.611571175193146,-0.4792541751931463
1306,4.143186,4.619957270627146,-0.47677127062714586
1307,4.1555333,4.6291166906898145,-0.47358339068981437
1308,4.1694126,4.63956403854184,-0.4701514385418397
1309,4.1848783,4.650687915113372,-0.46580961511337193
1310,4.2103586,4.661969273437735,-0.45161067343773453
1311,4.232989,4.674773325510925,-0.44178432551092506
1312,4.2479467,4.687791818084628,-0.43984511808462834
1313,4.2531533,4.700392799737975,-0.44723949973797517
1314,4.2424903,4.713306020461525,-0.4708157204615251
1315,4.2256293,4.72627158423133,-0.5006422842313301
1316,4.2163324,4.7404478206996075,-0.5241154206996077
1317,4.2137275,4.754348853448236,-0.5406213534482358
1318,4.2221856,4.768970436530172,-0.546784836530172
1319,4.238677,4.788210686916975,-0.5495336869169751
1320,4.2586823,4.809106490788316,-0.5504241907883154
1321,4.2828174,4.828644357684752,-0.5458269576847519
1322,4.3115277,4.846628833216448,-0.5351011332164477
1323,4.3383155,4.863257617428121,-0.5249421174281208
1324,4.3623285,4.8754726276262215,-0.5131441276262212
1325,4.3860483,4.8897725792692,-0.5037242792692007
1326,4.410731,4.904902190044658,-0.4941711900446579
1327,4.4368625,4.914402667667321,-0.4775401676673212
1328,4.463807,4.927127912143532,-0.46332091214353177
1329,4.490481,4.939265401753805,-0.4487844017538052
1330,4.5195084,4.945748590078585,-0.4262401900785848
1331,4.561141,4.953163306615163,-0.39202230661516246
1332,4.594563,4.9629966729119985,-0.3684336729119986
1333,4.6246085,4.972758396513551,-0.34814989651355077
1334,4.652819,4.978160504314573,-0.3253415043145731
1335,4.673802,4.98583735556262,-0.3120353555626201
1336,4.696351,4.9931949859257205,-0.2968439859257206
1337,4.718929,5.001680864198828,-0.28275186419882825
1338,4.737371,5.00932978792128,-0.2719587879212799
1339,4.7542562,5.013881887111748,-0.2596256871117477
1340,4.7705154,5.018350207593982,-0.24783480759398202
1341,4.787519,5.023682297437119,-0.23616329743711972
1342,4.8060675,5.030788475027279,-0.22472097502727895
1343,4.82735,5.033455823660466,-0.20610582366046604
1344,4.84831,5.0361736047452395,-0.18786360474523978
1345,4.8667765,5.039922997227005,-0.17314649722700448
1346,4.883036,5.043660788976018,-0.16062478897601817
1347,4.901512,5.046193692362326,-0.14468169236232598
1348,4.904092,5.049290135606516,-0.14519813560651595
1349,4.9154596,5.052418264242,-0.13695866424199998
1350,4.924102,5.0541546479108925,-0.1300526479108921
1351,4.9295144,5.056974432490258,-0.12746003249025772
1352,4.9255033,5.06188711985663,-0.13638381985663006
1353,4.8852115,5.065348876655913,-0.18013737665591378
1354,4.788426,5.0667502338628285,-0.27832423386282823
1355,4.6730456,5.068231021632467,-0.3951854216324673
1356,4.5685,5.07005826898644,-0.5015582689864395
1357,4.487831,5.071427601321195,-0.5835966013211955
1358,4.435735,5.072410428874005,-0.6366754288740051
1359,4.409266,5.073201417589221,-0.6639354175892214
1360,4.4042077,5.074563713887194,-0.6703560138871945
1361,4.4183054,5.075986554084057,-0.6576811540840568
1362,4.448878,5.076077117640841,-0.6271991176408411
1363,4.4910407,5.075756329041612,-0.5847156290416118
1364,4.5415072,5.075124348444481,-0.5336171484444812
1365,4.5958905,5.074161661448936,-0.47827116144893544
1366,4.6486163,5.07321972633209,-0.4246034263320908
1367,4.6986423,5.072049195620181,-0.3734068956201808
1368,4.7427344,5.069991616121897,-0.3272572161218976
1369,4.7731977,5.067967767090049,-0.2947700670900488
1370,4.803833,5.0675104572678835,-0.2636774572678835
1371,4.834159,5.066099649288772,-0.23194064928877278
1372,4.8614697,5.062474836206113,-0.20100513620611338
1373,4.877906,5.05809330347877,-0.18018730347876932
1374,4.8869214,5.053817717029931,-0.16689631702993069
1375,4.881511,5.049656749386298,-0.1681457493862979
1376,4.8647504,5.046911804598842,-0.18216140459884222
1377,4.8428836,5.045790244085518,-0.20290664408551784
1378,4.818027,5.041154872795449,-0.2231278727954491
1379,4.789711,5.034039089285591,-0.2443280892855917
1380,4.7624054,5.0269907666698765,-0.264585366669877
1381,4.7302866,5.0213078603978465,-0.29102126039784615
1382,4.7052917,5.019441023780126,-0.31414932378012583
1383,4.685964,5.023718491432002,-0.3377544914320021
1384,4.6699896,5.02597722905694,-0.3559876290569397
1385,4.6515307,5.02343341587297,-0.3719027158729693
1386,4.628357,5.023845189993377,-0.39548818999337687
1387,4.6006417,5.022773678315026,-0.4221319783150266
1388,4.573822,5.018683849102447,-0.4448618491024474
1389,4.551675,5.014362353071701,-0.4626873530717006
1390,4.5353427,5.010887669542766,-0.47554496954276626
1391,4.52343,5.007012149800111,-0.4835821498001103
1392,4.509067,5.005614558388567,-0.496547558388567
1393,4.4807425,5.004723948228645,-0.5239814482286453
1394,4.44163,5.001631918176932,-0.5600019181769325
1395,4.4003654,4.999414162465769,-0.5990487624657685
1396,4.3668213,4.998580090750025,-0.6317587907500251
1397,4.335958,4.998516689547674,-0.6625586895476738
1398,4.313698,4.9989496618933345,-0.6852516618933349
1399,4.3015966,4.998810866855189,-0.6972142668551893
1400,4.295977,4.998627126320082,-0.7026501263200826
1401,4.2929373,4.998915307159073,-0.7059780071590724
1402,4.287952,5.001219523434965,-0.7132675234349648
1403,4.277199,5.004155163569566,-0.7269561635695654
1404,4.2655063,5.005754536365822,-0.7402482363658214
1405,4.2552543,5.007848936415922,-0.752594636415922
1406,4.2495933,5.01041194564408,-0.76081864564408
1407,4.246411,5.013166878116812,-0.766755878116812
1408,4.243477,5.01652888268719,-0.7730518826871897
1409,4.239807,5.019371509587132,-0.7795645095871322
1410,4.2369637,5.025519428276327,-0.7885557282763269
1411,4.233975,5.03173160543515,-0.7977566054351497
1412,4.2317886,5.035231499182995,-0.8034428991829952
1413,4.22943,5.03890567300811,-0.8094756730081105
1414,4.2315803,5.041743165021214,-0.8101628650212138
1415,4.230735,5.044062429986488,-0.8133274299864874
1416,4.2275534,5.046559139194101,-0.8190057391941012
1417,4.219478,5.049305330842073,-0.8298273308420736
1418,4.210861,5.052132901021433,-0.8412719010214325
1419,4.2070136,5.055734066379971,-0.8487204663799712
1420,4.211599,5.059589288507796,-0.8479902885077966
1421,4.222326,5.062167893872117,-0.8398418938721175
1422,4.240084,5.064713421201196,-0.8246294212011955
1423,4.265881,5.068258419030915,-0.8023774190309148
1424,4.2994666,5.07102217830853,-0.7715555783085302
1425,4.3406024,5.073965811511214,-0.7333634115112142
1426,4.380239,5.07597655099246,-0.6957375509924599
1427,4.4192786,5.077846628158209,-0.6585680281582089
1428,4.456675,5.079903892743585,-0.623228892743585
1429,4.4910026,5.081826883441468,-0.5908242834414681
1430,4.519892,5.083912350414685,-0.564020350414685
1431,4.53361,5.086181334188447,-0.5525713341884471
1432,4.5276423,5.089228073550532,-0.5615857735505321
1433,4.5085177,5.092387089180221,-0.5838693891802214
1434,4.4872046,5.097583178341784,-0.6103785783417841
1435,4.474179,5.103199119909607,-0.6290201199096064
1436,4.475609,5.106773747172094,-0.631164747172094
1437,4.4789004,5.11086818440886,-0.63196778440886
1438,4.490255,5.1151627119370895,-0.6249077119370892
1439,4.5033393,5.119648886231505,-0.6163095862315044
1440,4.521893,5.124729272676405,-0.6028362726764049
1441,4.5469337,5.129495666113455,-0.5825619661134551
1442,4.576354,5.1351321419587626,-0.5587781419587623
1443,4.602772,5.141063780587079,-0.5382917805870795
1444,4.6212945,5.147502386040535,-0.5262078860405346
1445,4.6206155,5.153801155716066,-0.5331856557160659
1446,4.5923157,5.160268324906647,-0.5679526249066464
1447,4.5403833,5.1668799518081086,-0.6264966518081083
1448,4.505173,5.172986058543374,-0.6678130585433735
1449,4.5133467,5.178657748895427,-0.6653110488954272
1450,4.529971,5.184165308726133,-0.654194308726133
1451,4.5534496,5.189810236922934,-0.6363606369229338
1452,4.582184,5.1967967002710855,-0.6146127002710857
1453,4.614579,5.203347073958915,-0.5887680739589154
1454,4.649036,5.208691314923041,-0.5596553149230417
1455,4.6839595,5.213041234694436,-0.5290817346944356
1456,4.7177515,5.217251724650612,-0.4995002246506113
1457,4.748815,5.221473204090706,-0.47265820409070614
1458,4.775553,5.225130650066695,-0.44957765006669437
1459,4.7963696,5.228214195490415,-0.4318445954904151
1460,4.809667,5.230725267834009,-0.4210582678340087
1461,4.813034,5.233189026590846,-0.42015502659084625
1462,4.788304,5.235513245316512,-0.44720924531651196
1463,4.7384973,5.23777747964884,-0.4992801796488404
1464,4.683281,5.239714290802487,-0.5564332908024872
1465,4.6380835,5.241539380565025,-0.6034558805650256
1466,4.6037717,5.242728215130874,-0.6389565151308734
1467,4.5805945,5.24459914636639,-0.66400464636639
1468,4.562054,5.246524147091517,-0.6844701470915169
1469,4.551895,5.247120310299851,-0.6952253102998514
1470,4.5317206,5.247513088004987,-0.7157924880049871
1471,4.500289,5.248120920959975,-0.7478319209599746
1472,4.4661136,5.249093795902974,-0.7829801959029741
1473,4.428008,5.251145306387212,-0.8231373063872116
1474,4.388695,5.253610729990662,-0.8649157299906616
1475,4.3636594,5.259456339970187,-0.8957969399701868
1476,4.347096,5.263926175153532,-0.9168301751535326
1477,4.3399854,5.26738167110396,-0.9273962711039605
1478,4.3491592,5.274090590706473,-0.9249313907064733
1479,4.3700147,5.276879498393482,-0.9068647983934826
1480,4.3858023,5.27635195974864,-0.8905496597486398
1481,4.3958883,5.276122061018246,-0.8802337610182462
1482,4.403025,5.275512374063677,-0.8724873740636765
1483,4.4086456,5.274616610665616,-0.865971010665616
1484,4.423279,5.273483780715168,-0.8502047807151678
1485,4.436347,5.274613196455651,-0.8382661964556517
1486,4.459653,5.276040466581119,-0.8163874665811184
1487,4.4849033,5.275167314241733,-0.7902640142417328
1488,4.511103,5.274941260297823,-0.7638382602978231
1489,4.5375557,5.274707586314373,-0.7371518863143729
1490,4.563564,5.273635361865952,-0.7100713618659515
1491,4.5884304,5.272356831765514,-0.6839264317655136
1492,4.6114593,5.271080821570219,-0.6596215215702195
1493,4.6319537,5.2696024087500515,-0.6376487087500511
1494,4.6492157,5.267633707379191,-0.6184180073791907
1495,4.66255,5.265622169968746,-0.6030721699687458
1496,4.6712594,5.263274280101068,-0.5920148801010674
1497,4.6745563,5.260312976079901,-0.5857566760799013
1498,4.672809,5.257663234401369,-0.5848542344013694
1499,4.6702905,5.254527479495444,-0.5842369794954436
1500,4.669988,5.250299739997578,-0.5803117399975779
1501,4.670979,5.245651833995391,-0.5746728339953906
1502,4.6738257,5.240591209084653,-0.5667655090846528
1503,4.683854,5.235028445569537,-0.5511744455695364
1504,4.695367,5.228952264690546,-0.5335852646905463
1505,4.7042346,5.222502543460002,-0.5182679434600015
1506,4.7266455,5.218109328181478,-0.4914638281814776
1507,4.754353,5.213494348606398,-0.45914134860639777
1508,4.777539,5.205575931955576,-0.42803693195557635
1509,4.792595,5.197055156624481,-0.40446015662448076
1510,4.791468,5.188013757999338,-0.39654575799933767
1511,4.7740903,5.179469604845468,-0.4053793048454679
1512,4.7476883,5.170492754079807,-0.4228044540798068
1513,4.717225,5.160238954449225,-0.4430139544492251
1514,4.6868744,5.1496073639739945,-0.46273296397399477
1515,4.652509,5.138661501882827,-0.48615250188282655
1516,4.6062207,5.127420619779766,-0.5211999197797663
1517,4.541443,5.118181832858436,-0.5767388328584362
1518,4.465248,5.1084399400883225,-0.6431919400883226
1519,4.388675,5.096235844408207,-0.7075608444082073
1520,4.320765,5.083987812167604,-0.7632228121676041
1521,4.261104,5.071512893373553,-0.8104088933735536
1522,4.209382,5.059089689091408,-0.8497076890914084
1523,4.160493,5.046632117899977,-0.8861391178999769
1524,4.114321,5.034097661489068,-0.9197766614890677
1525,4.0703235,5.021941783167692,-0.9516182831676918
1526,4.037986,5.009910257522476,-0.9719242575224758
1527,4.0130615,4.997992651199933,-0.984931151199933
1528,3.9925253,4.986353865715467,-0.9938285657154666
1529,3.9698966,4.974933073757961,-1.0050364737579605
1530,3.944931,4.963636509091168,-1.0187055090911676
1531,3.9227426,4.952420604249478,-1.0296780042494782
1532,3.9050107,4.9407531950419905,-1.0357424950419905
1533,3.8891284,4.929027565778646,-1.0398991657786456
1534,3.8790774,4.917476757044654,-1.0383993570446544
1535,3.871981,4.906407753958907,-1.0344267539589067
1536,3.8640225,4.895742794548389,-1.0317202945483892
1537,3.856962,4.884990163004128,-1.028028163004128
1538,3.8495755,4.8743080932125435,-1.0247325932125437
1539,3.8425915,4.8638086239097404,-1.0212171239097403
1540,3.8394144,4.853638539983938,-1.0142241399839378
1541,3.8398874,4.843757687140963,-1.003870287140963
1542,3.8450503,4.83836374025656,-0.9933134402565602
1543,3.852781,4.833660983302619,-0.9808799833026192
1544,3.8615994,4.825519509712001,-0.9639201097120016
1545,3.8679874,4.818104633587043,-0.9501172335870431
1546,3.8698895,4.81137099320186,-0.9414814932018594
1547,3.8737738,4.8052235229557,-0.9314497229556999
1548,3.8804245,4.80125007080096,-0.9208255708009601
1549,3.8853858,4.798123314638693,-0.9127375146386933
1550,3.892821,4.794554211526875,-0.9017332115268748
1551,3.9064178,4.792170821548942,-0.8857530215489424
1552,3.922979,4.7906422116417,-0.8676632116416996
1553,3.946484,4.790524726632676,-0.8440407266326764
1554,3.9726071,4.7911060179239415,-0.8184989179239417
1555,4.001252,4.7909375890586245,-0.7896855890586245
1556,4.0316586,4.792085797286832,-0.7604271972868322
1557,4.0887003,4.794491359198791,-0.7057910591987913
1558,4.1274347,4.7981059850449705,-0.6706712850449703
1559,4.1483436,4.80182090703463,-0.6534773070346303
1560,4.169196,4.805476456278215,-0.6362804562782145
1561,4.2012644,4.8099134630941185,-0.6086490630941181
1562,4.233579,4.815544017206549,-0.5819650172065494
1563,4.2630014,4.823888884863608,-0.5608874848636081
1564,4.2616043,4.832157252626364,-0.5705529526263637
1565,4.259673,4.839939040063177,-0.5802660400631767
1566,4.258752,4.8482527962350215,-0.5895007962350212
1567,4.264678,4.856884614204167,-0.5922066142041666
1568,4.2793775,4.866106937482737,-0.5867294374827372
1569,4.3019857,4.875654642572609,-0.5736689425726089
1570,4.3287616,4.884580031181241,-0.5558184311812413
1571,4.362275,4.89345533612275,-0.5311803361227501
1572,4.399607,4.902485408781111,-0.5028784087811111
1573,4.440768,4.912317471834361,-0.47154947183436047
1574,4.481674,4.922703714033837,-0.44102971403383684
1575,4.524304,4.932369538395418,-0.4080655383954177
1576,4.5606766,4.941641184429131,-0.3809645844291314
1577,4.5951605,4.95108334161963,-0.3559228416196296
1578,4.623687,4.961157458315456,-0.3374704583154555
1579,4.64602,4.970836163407494,-0.324816163407494
1580,4.668151,4.979061908502978,-0.3109109085029784
1581,4.6862693,4.9865499028240645,-0.3002806028240643
1582,4.702946,4.993424348605642,-0.29047834860564237
1583,4.7156396,5.000880789586491,-0.2852411895864906
1584,4.7277308,5.008469984808574,-0.2807391848085743
1585,4.740532,5.019293576457301,-0.2787615764573008
1586,4.746495,5.030321859396455,-0.2838268593964548
1587,4.744729,5.0350346404526745,-0.29030564045267404
1588,4.741081,5.039108158758528,-0.2980271587585275
1589,4.7375894,5.042882634376743,-0.3052932343767427
1590,4.7365546,5.045619196953995,-0.3090645969539949
1591,4.740374,5.048073621284619,-0.3076996212846188
1592,4.745295,5.050317551644908,-0.30502255164490855
1593,4.7504554,5.0528996757907985,-0.3024442757907986
1594,4.765056,5.055418378932015,-0.29036237893201466
1595,4.7795234,5.0614469463386325,-0.28192354633863204
1596,4.7931857,5.068349742593665,-0.2751640425936648
1597,4.8030753,5.069936797227565,-0.26686149722756536
1598,4.807892,5.070699916967282,-0.2628079169672821
1599,4.8110843,5.071255206465991,-0.2601709064659907
1600,4.8108573,5.070918878410929,-0.26006157841092836
1601,4.814326,5.076031653657873,-0.2617056536578728
1602,4.8192673,5.080498646630821,-0.26123134663082137
1603,4.823784,5.079577599546331,-0.2557935995463314
1604,4.8380957,5.078550224118783,-0.24045452411878276
1605,4.854973,5.077466528393318,-0.2224935283933176
1606,4.8730917,5.076544466230018,-0.2034527662300185
1607,4.896464,5.075882243541504,-0.17941824354150437
1608,4.9092307,5.075435913314221,-0.1662052133142211
1609,4.9080667,5.074991821799287,-0.1669251217992871
1610,4.905742,5.074539970681981,-0.16879797068198066
1611,4.9023795,5.074781928377696,-0.17240242837769593
1612,4.898101,5.07493747309184,-0.17683647309184014
1613,4.8930283,5.074776717042325,-0.18174841704232492
1614,4.887284,5.074748039453418,-0.18746403945341772
1615,4.8809896,5.074703151215294,-0.19371355121529366
1616,4.874268,5.074778798316005,-0.20051079831600482
1617,4.8672414,5.07498924111778,-0.20774784111778022
1618,4.860031,5.07609197075614,-0.21606097075614006
1619,4.8527603,5.077134798187773,-0.2243744981877729
1620,4.84555,5.0775893184844785,-0.23203931848447823
1621,4.8385234,5.07801368589141,-0.23949028589141008
1622,4.8318014,5.078342446724755,-0.2465410467247553
1623,4.8255076,5.078890130666467,-0.25338253066646743
1624,4.819763,5.079392292764435,-0.25962929276443525
1625,4.8146906,5.079622685466825,-0.26493208546682556
1626,4.810412,5.079721724673593,-0.26930972467359293
1627,4.8070493,5.079740388661862,-0.27269108866186187
1628,4.8047247,5.079913825582456,-0.2751891255824557
1629,4.8035607,5.080051463079498,-0.27649076307949816
1630,4.810731,5.07989502710405,-0.2691640271040505
1631,4.825084,5.07959284000896,-0.2545088400089597
1632,4.837644,5.080064629816354,-0.24242062981635382
1633,4.8506417,5.080611134885598,-0.2299694348855983
1634,4.8622446,5.080706622658279,-0.21846202265827852
1635,4.869727,5.080389688370986,-0.21066268837098612
1636,4.872044,5.080226215688139,-0.20818221568813922
1637,4.8678775,5.0799635769964135,-0.2120860769964139
1638,4.8606925,5.079673929588257,-0.21898142958825684
1639,4.852308,5.079330319202478,-0.2270223192024785
1640,4.845011,5.078921596388392,-0.23391059638839184
1641,4.8432345,5.080106574754962,-0.2368720747549613
1642,4.8449445,5.081291594526519,-0.23634709452651848
1643,4.8526416,5.08077446359062,-0.2281328635906199
1644,4.86426,5.080644674467074,-0.21638467446707388
1645,4.8792014,5.080043692777687,-0.20084229277768628
1646,4.901754,5.0794297307441925,-0.17767573074419207
1647,4.9086404,5.078931834110608,-0.17029143411060765
1648,4.9231057,5.078952375757174,-0.15584667575717415
1649,4.936008,5.078916297030449,-0.1429082970304485
1650,4.948649,5.078520583063049,-0.12987158306304902
1651,4.959315,5.078249539159484,-0.1189345391594836
1652,4.967013,5.0780640757491025,-0.11105107574910278
1653,4.9657636,5.078098581937908,-0.11233498193790847
1654,4.956558,5.078191010349694,-0.12163301034969365
1655,4.941523,5.078221524944143,-0.13669852494414325
1656,4.926494,5.078417284158695,-0.15192328415869483
1657,4.91706,5.078728399934941,-0.16166839993494087
1658,4.916492,5.079423906447617,-0.1629319064476169
1659,4.9220176,5.080174671061748,-0.1581570710617477
1660,4.933013,5.080600551706008,-0.14758755170600857
1661,4.9497232,5.081668646342274,-0.13194544634227423
1662,4.9675326,5.082677314538893,-0.11514471453889286
1663,4.9838223,5.083287822507914,-0.09946552250791374
1664,4.997093,5.083846028115611,-0.08675302811561103
1665,5.0027914,5.084194631961539,-0.08140323196153876
1666,5.014004,5.084613001513614,-0.07060900151361427
1667,5.0221076,5.085057090948762,-0.06294949094876223
1668,5.030874,5.085643995382529,-0.05476999538252958
1669,5.0399423,5.086290325069698,-0.04634802506969837
1670,5.0475736,5.086856151985546,-0.0392825519855462
1671,5.0556846,5.087485829743335,-0.03180122974333521
1672,5.065005,5.088107058055922,-0.02310205805592158
1673,5.0743256,5.088943326094542,-0.01461772609454215
1674,5.0865393,5.089589874269614,-0.0030505742696140814
1675,5.099762,5.0899915624915115,0.009770437508488605
1676,5.1136093,5.090626263608077,0.02298303639192323
1677,5.1361337,5.091158871673524,0.04497482832647659
1678,5.1363144,5.092939187508048,0.0433752124919522
1679,5.148518,5.094933379646362,0.053584620353638535
1680,5.159633,5.0956466928339825,0.06398630716601783
1681,5.1635733,5.096326809796333,0.0672464902036678
1682,5.161888,5.09708710090799,0.06480089909201059
1683,5.150065,5.098150982063911,0.051914017936089074
1684,5.1219506,5.099230597240647,0.022720002759353264
1685,5.085762,5.105370159795962,-0.019608159795962088
1686,5.0556574,5.111106557994746,-0.05544915799474559
1687,5.0351825,5.111555769421974,-0.07637326942197387
1688,5.0269513,5.112214882644983,-0.08526358264498235
1689,5.0272326,5.112721545615348,-0.08548894561534848
1690,5.034741,5.113253794664926,-0.07851279466492578
1691,5.0479116,5.113878969550758,-0.06596736955075766
1692,5.0601196,5.114601841500978,-0.05448224150097758
1693,5.0755134,5.1160089296891025,-0.040495529689102305
1694,5.0904126,5.11780606402784,-0.027393464027840153
1695,5.1002645,5.119414503686573,-0.01915000368657349
1696,5.1041684,5.120866524259605,-0.01669812425960515
1697,5.102184,5.12237342489259,-0.02018942489258979
1698,5.098188,5.1243221609570595,-0.026134160957059116
1699,5.103747,5.1268244742306415,-0.023077474230641215
1700,5.091474,5.129181633886498,-0.037707633886498115
1701,5.0943594,5.131188537603788,-0.03682913760378792
1702,5.101012,5.133204854081214,-0.03219285408121397
1703,5.1098,5.138315377936926,-0.028515377936925823
1704,5.1196094,5.143408588600857,-0.023799188600857057
1705,5.1310782,5.145332505594532,-0.014254305594532113
1706,5.1428246,5.147545857570519,-0.004721257570518667
1707,5.153094,5.149948066461714,0.003145933538286627
1708,5.1623764,5.152705206259717,0.009671193740283357
1709,5.1738586,5.1556498578143115,0.018208742185688465
1710,5.184955,5.158082014075163,0.026872985924837778
1711,5.193607,5.160369929838613,0.03323707016138666
1712,5.199394,5.162809767691967,0.03658423230803276
1713,5.2016077,5.164979931566736,0.036627768433263874
1714,5.2027793,5.16698199113458,0.035797308865420874
1715,5.2048545,5.173791834595622,0.0310626654043773
1716,5.199328,5.181017862143685,0.0183101378563153
1717,5.196166,5.181697687348321,0.014468312651678694
1718,5.189842,5.181005806190139,0.008836193809860227
1719,5.177523,5.1804434128069055,-0.0029204128069055812
1720,5.145022,5.179763005156113,-0.034741005156113225
1721,5.0846853,5.178383572295847,-0.09369827229584704
1722,5.0121264,5.176652587507899,-0.16452618750789938
1723,4.948155,5.174718542728183,-0.2265635427281829
1724,4.901769,5.173295832206412,-0.27152683220641194
1725,4.8740716,5.171543583889676,-0.2974719838896762
1726,4.8610663,5.168861647192388,-0.3077953471923882
1727,4.8554087,5.166081797842729,-0.310673097842729
1728,4.8539953,5.1652080117475965,-0.31121271174759624
1729,4.8554416,5.164206635170875,-0.3087650351708753
1730,4.8535886,5.161120454697089,-0.3075318546970891
1731,4.8404975,5.158008890062279,-0.317511390062279
1732,4.8104424,5.154641202395101,-0.34419880239510103
1733,4.773736,5.151178351744407,-0.3774423517444063
1734,4.7381124,5.148564262619248,-0.41045186261924727
1735,4.7075205,5.1461035477184,-0.4385830477183994
1736,4.6844482,5.1425719709334885,-0.4581237709334882
1737,4.667572,5.141597565335242,-0.47402556533524187
1738,4.657608,5.142675855740293,-0.48506785574029365
1739,4.6527457,5.14003231699557,-0.4872866169955703
1740,4.647428,5.136776436093874,-0.48934843609387446
1741,4.64277,5.133372720780324,-0.4906027207803243
1742,4.638153,5.130048608221464,-0.49189560822146383
1743,4.638009,5.127136717715562,-0.4891277177155615
1744,4.6408277,5.125370076512585,-0.4845423765125849
1745,4.6497965,5.123958574898385,-0.474162074898385
1746,4.668264,5.1220409746576525,-0.45377697465765277
1747,4.696093,5.120121302443433,-0.4240283024434328
1748,4.7285376,5.118640379437808,-0.39010277943780824
1749,4.764985,5.118538211191975,-0.3535532111919748
1750,4.798923,5.118624598176764,-0.31970159817676347
1751,4.826183,5.11862556539165,-0.29244256539164937
1752,4.8413196,5.119231819383628,-0.2779122193836274
1753,4.846606,5.120356054380334,-0.27375005438033373
1754,4.8466253,5.12307359191857,-0.27644829191856957
1755,4.8462152,5.1254861603357575,-0.27927096033575793
1756,4.8518167,5.12748441265313,-0.2756677126531306
1757,4.86238,5.129834553072586,-0.2674545530725858
1758,4.8761163,5.131706523839574,-0.2555902238395742
1759,4.892774,5.134958153013758,-0.24218415301375806
1760,4.914093,5.138596148289998,-0.2245031482899975
1761,4.935595,5.141610888692436,-0.20601588869243592
1762,4.956494,5.145076038951775,-0.1885820389517745
1763,4.973069,5.149089492541101,-0.17602049254110153
1764,4.9886146,5.1531719647555025,-0.16455736475550253
1765,4.9998965,5.157200276998921,-0.15730377699892095
1766,5.011079,5.160785741323229,-0.1497067413232296
1767,5.018463,5.16453870661147,-0.1460757066114704
1768,5.0167627,5.1683225103623265,-0.15155981036232635
1769,5.0109744,5.173222353041017,-0.16224795304101658
1770,5.006196,5.178418507307815,-0.17222250730781496
1771,5.004873,5.182549647545233,-0.17767664754523338
1772,5.007444,5.187455780983324,-0.1800117809833246
1773,5.0133066,5.192822707300751,-0.17951610730075096
1774,5.0157113,5.197783648323586,-0.18207234832358576
1775,5.0111933,5.203128189758403,-0.19193488975840278
1776,4.999827,5.206509125790492,-0.2066821257904925
1777,4.9902854,5.209341179287393,-0.21905577928739284
1778,4.984604,5.2120610731350006,-0.22745707313500052
1779,4.985126,5.215237711801919,-0.2301117118019187
1780,4.988545,5.218569328425507,-0.23002432842550657
1781,4.99484,5.222416469373996,-0.22757646937399567
1782,5.001114,5.225017977378144,-0.22390397737814371
1783,5.0079093,5.227508064906717,-0.21959876490671704
1784,5.014645,5.228201274609083,-0.21355627460908355
1785,5.021674,5.2283453465265834,-0.20667134652658348
1786,5.025431,5.227678741906112,-0.2022477419061115
1787,5.027309,5.2263686686539526,-0.19905966865395275
1788,5.027392,5.224296791543705,-0.19690479154370522
1789,5.02467,5.221576002401898,-0.1969060024018976
1790,5.0178943,5.218333985522774,-0.2004396855227739
1791,5.0068502,5.21434388377399,-0.2074936837739907
1792,4.9859595,5.211940322250882,-0.22598082225088234
1793,4.958285,5.2088993617782435,-0.2506143617782435
1794,4.927937,5.203646497929308,-0.27570949792930755
1795,4.899811,5.197521415560084,-0.2977104155600845
1796,4.874271,5.190982548678383,-0.31671154867838247
1797,4.847617,5.183582401279861,-0.33596540127986163
1798,4.818734,5.1760559976002956,-0.3573219976002955
1799,4.7902308,5.167820090070034,-0.37758929007003417
1800,4.759124,5.159618753017166,-0.4004947530171661
1801,4.7265854,5.151549587979912,-0.42496418797991176
1802,4.6925683,5.1426025943475775,-0.4500342943475779
1803,4.6593924,5.132569497002974,-0.4731770970029743
1804,4.6325793,5.122407862888782,-0.48982856288878196
1805,4.6060114,5.111840674385261,-0.5058292743852615
1806,4.5908465,5.102339360741599,-0.5114928607415994
1807,4.58009,5.091924013018034,-0.5118340130180341
1808,4.5719886,5.079669958928278,-0.507681358928278
1809,4.561164,5.067104580112837,-0.5059405801128376
1810,4.5458,5.054264315199402,-0.5084643151994017
1811,4.533783,5.0408729987436045,-0.5070899987436048
1812,4.5209036,5.027434620675105,-0.506531020675105
1813,4.5137253,5.013430608042,-0.4997053080420004
1814,4.515468,4.998926249287208,-0.4834582492872075
1815,4.5228186,4.98547913240833,-0.4626605324083304
1816,4.5322657,4.971528483085796,-0.43926278308579647
1817,4.5360837,4.954784150636574,-0.4187004506365746
1818,4.5252185,4.9375221506604525,-0.41230365066045227
1819,4.501827,4.919722084945481,-0.41789508494548144
1820,4.473356,4.901406021844424,-0.42805002184442387
1821,4.4503684,4.882341440783559,-0.4319730407835589
1822,4.438157,4.862838267072426,-0.42468126707242604
1823,4.4305778,4.842448796894337,-0.41187099689433726
1824,4.430904,4.8215923794096405,-0.3906883794096405
1825,4.432696,4.800235181620787,-0.3675391816207867
1826,4.438029,4.778001672818705,-0.33997267281870514
1827,4.4405584,4.75538059027836,-0.31482219027836056
1828,4.4328384,4.732121476344438,-0.2992830763444383
1829,4.404686,4.708428195258177,-0.30374219525817736
1830,4.36571,4.683989169565771,-0.31827916956577074
1831,4.3217916,4.659273729654801,-0.3374821296548012
1832,4.28194,4.633872586430286,-0.35193258643028624
1833,4.2463446,4.608357101896109,-0.36201250189610956
1834,4.210663,4.58325812714138,-0.37259512714137966
1835,4.163586,4.558488971850408,-0.39490297185040824
1836,4.1222568,4.533636617996246,-0.411379817996246
1837,4.084492,4.509106214660404,-0.42461421466040417
1838,4.0534844,4.484802295560623,-0.43131789556062294
1839,4.028354,4.461923471443998,-0.43356947144399793
1840,4.012535,4.439736010656167,-0.42720101065616767
1841,3.9995792,4.418215060471529,-0.41863586047152923
1842,4.0021873,4.397677002315421,-0.39548970231542047
1843,4.005796,4.382435542054472,-0.3766395420544715
1844,4.0075226,4.367883939981029,-0.36036133998102926
1845,4.012497,4.352138268868626,-0.33964126886862633
1846,4.015175,4.3373293913292095,-0.3221543913292093
1847,4.010254,4.324210828846844,-0.3139568288468446
1848,3.994884,4.312746190362743,-0.3178621903627432
1849,3.971962,4.306528567977949,-0.33456656797794926
1850,3.947525,4.30211666849552,-0.35459166849551993
1851,3.927742,4.294995323216178,-0.36725332321617854
1852,3.914116,4.289691713301163,-0.37557571330116346
1853,3.9032516,4.285788908087701,-0.38253730808770126
1854,3.8950207,4.284452704045327,-0.38943200404532696
1855,3.8881924,4.2844506005729075,-0.3962582005729076
1856,3.8828964,4.285387993661095,-0.4024915936610949
1857,3.8784888,4.28814892928945,-0.4096601292894504
1858,3.8765445,4.292674574296907,-0.41613007429690674
1859,3.871619,4.298626574821129,-0.42700757482112905
1860,3.8699493,4.3061359740137926,-0.4361866740137925
1861,3.8707407,4.319938270840863,-0.4491975708408633
1862,3.874042,4.33403681448772,-0.45999481448771995
1863,3.8794873,4.345853772004728,-0.4663664720047276
1864,3.8885586,4.3596306684356785,-0.4710720684356784
1865,3.8989868,4.374519638220534,-0.4755328382205337
1866,3.9107547,4.389692003969072,-0.4789373039690723
1867,3.9298587,4.406534381945874,-0.47667568194587373
1868,3.9531186,4.424560224851384,-0.4714416248513844
1869,3.9803925,4.443526167212514,-0.4631336672125146
1870,4.0174375,4.462921652125186,-0.44548415212518666
1871,4.0584683,4.482702383948217,-0.4242340839482166
1872,4.1000476,4.504099842870364,-0.4040522428703639
1873,4.1434608,4.532838488561925,-0.38937768856192534
1874,4.199868,4.56263829377783,-0.3627702937778299
1875,4.237675,4.587299715110005,-0.3496247151100045
1876,4.2681055,4.610897929858666,-0.3427924298586662
1877,4.300822,4.635914312882545,-0.33509231288254515
1878,4.337837,4.660133466226798,-0.3222964662267973
1879,4.3752313,4.683070051115583,-0.30783875111558245
1880,4.405009,4.7113919198854255,-0.30638291988542576
1881,4.433909,4.751695591170227,-0.31778659117022734
1882,4.4611382,4.786309538168815,-0.3251713381688157
1883,4.483996,4.806754338700373,-0.32275833870037296
1884,4.508158,4.828338913026776,-0.32018091302677654
1885,4.53354,4.852355487207273,-0.3188154872072726
1886,4.5589666,4.875390251842573,-0.31642365184257315
1887,4.5892496,4.895069296723461,-0.30581969672346165
1888,4.6160617,4.916217472046077,-0.300155772046077
1889,4.64614,4.937572406623242,-0.2914324066232421
1890,4.678406,4.960801347198068,-0.2823953471980678
1891,4.706773,4.984027989674225,-0.27725498967422446
1892,4.736399,5.0017775384018535,-0.2653785384018539
1893,4.756374,5.019938550450413,-0.26356455045041294
1894,4.7736597,5.036934899770461,-0.26327519977046165
1895,4.7887964,5.054680201784078,-0.2658838017840779
1896,4.803328,5.071385834578752,-0.26805783457875254
1897,4.8179502,5.084645666629393,-0.26669546662939236
1898,4.832789,5.098722706063841,-0.2659337060638407
1899,4.8479815,5.112507368533377,-0.2645258685333767
1900,4.8636646,5.12837796114431,-0.26471336114431043
1901,4.8799753,5.1452630949239495,-0.2652877949239496
1902,4.8970485,5.157004367449055,-0.2599558674490545
1903,4.915024,5.169982600524588,-0.2549586005245885
1904,4.934038,5.179541059382279,-0.2455030593822789
1905,4.954145,5.189079686972832,-0.23493468697283237
1906,4.9688416,5.197643679200713,-0.2288020792007126
1907,4.9787726,5.206383016451393,-0.2276104164513928
1908,4.9896293,5.214621210250053,-0.22499191025005327
1909,4.994449,5.222026665801971,-0.22757766580197103
1910,5.006498,5.230209467755607,-0.22371146775560735
1911,5.014483,5.238055483239907,-0.22357248323990664
1912,5.0228543,5.250709049407122,-0.22785474940712191
1913,5.03074,5.262913514696747,-0.23217351469674696
1914,5.0397906,5.267288471857412,-0.22749787185741166
1915,5.050161,5.2705797776842696,-0.22041877768426943
1916,5.061503,5.2731430594263955,-0.2116400594263954
1917,5.0705957,5.275127880669559,-0.2045321806695588
1918,5.0802145,5.276944592520194,-0.1967300925201938
1919,5.0880094,5.278493380531399,-0.1904839805313996
1920,5.0957685,5.280169044842845,-0.18440054484284474
1921,5.0937743,5.28144418005073,-0.1876698800507306
1922,5.0897865,5.28203894074034,-0.1922524407403401
1923,5.0858707,5.282219084188039,-0.19634838418803913
1924,5.0817957,5.281902634127702,-0.2001069341277022
1925,5.077331,5.281862935581923,-0.20453193558192329
1926,5.072246,5.281425144013363,-0.2091791440133628
1927,5.06631,5.280145953614754,-0.21383595361475471
1928,5.0592923,5.278891574921171,-0.21959927492117082
1929,5.050962,5.278005360459993,-0.22704336045999263
1930,5.041088,5.276686010228141,-0.23559801022814053
1931,5.0294404,5.273754124585966,-0.24431372458596545
1932,5.015788,5.271257267532576,-0.25546926753257626
1933,4.9999,5.26818364706914,-0.2682836470691399
1934,4.981546,5.264009215245304,-0.28246321524530416
1935,4.9604945,5.259248457686653,-0.29875395768665314
1936,4.922335,5.25393903380486,-0.3316040338048598
1937,4.837703,5.247945625353789,-0.4102426253537885
1938,4.7504034,5.241564042480857,-0.49116064248085767
1939,4.6875067,5.234227492170457,-0.5467207921704569
1940,4.6417913,5.226637125314997,-0.5848458253149964
1941,4.620175,5.218563084244383,-0.598388084244383
1942,4.6126337,5.210038572809934,-0.5974048728099337
1943,4.6107974,5.201295218202388,-0.5904978182023877
1944,4.6100683,5.192462609572447,-0.5823943095724466
1945,4.601794,5.1837037306573555,-0.5819097306573555
1946,4.5836062,5.174665936436132,-0.5910597364361321
1947,4.5585775,5.1652560435897446,-0.6066785435897444
1948,4.533882,5.156002880603001,-0.622120880603001
1949,4.507464,5.14840307643947,-0.6409390764394702
1950,4.4902334,5.140065712697356,-0.649832312697356
1951,4.4774237,5.131600484424102,-0.6541767844241022
1952,4.4714594,5.122892290627712,-0.6514328906277127
1953,4.4619684,5.114510417594794,-0.6525420175947945
1954,4.4482074,5.106457862638257,-0.6582504626382564
1955,4.4235687,5.09916553881285,-0.6755968388128499
1956,4.4113092,5.093237405176092,-0.6819282051760922
1957,4.405988,5.08713378771542,-0.6811457877154199
1958,4.4012027,5.081139030106979,-0.6799363301069796
1959,4.401463,5.075311976607656,-0.6738489766076565
1960,4.40567,5.069433985574921,-0.6637639855749216
1961,4.395438,5.0639197650523196,-0.6684817650523192
1962,4.398452,5.058711211133847,-0.6602592111338472
1963,4.407658,5.053915555205257,-0.6462575552052572
1964,4.4230814,5.049648762419839,-0.6265673624198387
1965,4.4433355,5.0455655191579725,-0.6022300191579726
1966,4.4647098,5.04180897149945,-0.5770991714994507
1967,4.4829874,5.038103197228268,-0.5551157972282681
1968,4.498922,5.03456812994303,-0.5356461299430295
1969,4.5174875,5.0311084868324265,-0.5136209868324269
1970,4.5392957,5.027990531841299,-0.4886948318412987
1971,4.565623,5.025108223631687,-0.4594852236316864
1972,4.588874,5.022252260835616,-0.4333782608356165
1973,4.6105347,5.019368989792318,-0.40883428979231873
1974,4.625724,5.016659200081683,-0.3909352000816835
1975,4.6318884,5.014216393426602,-0.3823279934266015
1976,4.61587,5.020617124790218,-0.4047471247902177
1977,4.5716934,5.027877496507404,-0.4561840965074042
1978,4.5155215,5.02596990252708,-0.5104484025270795
1979,4.4642158,5.023820730980715,-0.559604930980715
1980,4.425002,5.02189970442896,-0.5968977044289598
1981,4.407799,5.020389012501396,-0.6125900125013963
1982,4.4059806,5.018777896390005,-0.6127972963900046
1983,4.41476,5.017410186113334,-0.6026501861133333
1984,4.428993,5.016287419637184,-0.5872944196371837
1985,4.441028,5.015945529307227,-0.5749175293072266
1986,4.4401245,5.017598416168204,-0.5774739161682048
1987,4.42644,5.02135068007585,-0.5949106800758495
1988,4.406362,5.023350266054382,-0.6169882660543822
1989,4.394471,5.0240503674855885,-0.6295793674855883
1990,4.394538,5.025325303404642,-0.6307873034046425
1991,4.4056354,5.026559711896061,-0.6209243118960606
1992,4.4265704,5.027559975293948,-0.6009895752939478
1993,4.4635444,5.028866643311461,-0.5653222433114609
1994,4.499077,5.030747449664377,-0.5316704496643769
1995,4.538353,5.033818679895554,-0.49546567989555435
1996,4.578292,5.037052043642166,-0.45876004364216616
1997,4.6143756,5.040428256058199,-0.4260526560581992
1998,4.646395,5.049800513644129,-0.40340551364412924
1999,4.676249,5.0565525023307405,-0.3803035023307402
2000,4.7042074,5.060405475793391,-0.35619807579339113
2001,4.7294364,5.0634329141309316,-0.33399651413093157
2002,4.752983,5.0661176269165065,-0.31313462691650606
2003,4.766632,5.06854572709848,-0.30191372709847997
2004,4.7753873,5.07129788094924,-0.29591058094923994
2005,4.7795258,5.075686375146677,-0.2961605751466774
2006,4.7850714,5.079883939775054,-0.2948125397750543
2007,4.7889547,5.082674624435797,-0.29371992443579753
2008,4.798257,5.084780625292181,-0.28652362529218056
2009,4.808536,5.087565773915535,-0.27902977391553474
2010,4.8194175,5.090801354486984,-0.27138385448698354
2011,4.8269916,5.093262186788989,-0.2662705867889885
2012,4.839944,5.0950155180172905,-0.25507151801729044
2013,4.8546805,5.09669724571243,-0.24201674571243004
2014,4.8705335,5.0985779007689995,-0.2280444007689999
2015,4.889362,5.100432050768791,-0.21107005076879037
2016,4.9068875,5.101587854468424,-0.19470035446842449
2017,4.92438,5.102157220644683,-0.17777722064468282
2018,4.9397616,5.10350208906848,-0.1637404890684806
2019,4.9537287,5.104625326533083,-0.15089662653308267
2020,4.9578314,5.1051535186430375,-0.14732211864303757
2021,4.953382,5.104654002643974,-0.15127200264397356
2022,4.941718,5.104371062462549,-0.1626530624625495
2023,4.934666,5.102733046082762,-0.16806704608276224
2024,4.9342356,5.101227275811314,-0.1669916758113139
2025,4.9411325,5.0989275464997705,-0.15779504649977039
2026,4.956187,5.096355961288911,-0.14016896128891077
2027,4.976955,5.093056251951352,-0.11610125195135179
2028,5.000791,5.088759148883204,-0.08796814888320359
2029,5.024157,5.084533367483922,-0.060376367483922166
2030,5.046512,5.080343278014769,-0.033831278014768706
2031,5.0644727,5.079317639608949,-0.014844939608949836
2032,5.076916,5.076677181825035,0.00023881817496462787
2033,5.08335,5.071957298934035,0.011392701065965127
2034,5.0852237,5.066798075214677,0.018425624785323613
2035,5.084511,5.061703758065534,0.022807241934465594
2036,5.085736,5.055657741371252,0.030078258628748245
2037,5.0892725,5.049124906655146,0.04014759334485429
2038,5.0958734,5.0424843285739,0.05338907142610072
2039,5.1055503,5.0360977777443425,0.06945252225565746
2040,5.1145434,5.02970560148126,0.0848377985187394
2041,5.1221533,5.023078666718287,0.09907463328171318
2042,5.137281,5.016143483820476,0.12113751617952406
2043,5.12707,5.009032139513929,0.11803786048607101
2044,5.1313825,5.002241280528254,0.12914121947174628
2045,5.134856,4.996313651228131,0.13854234877186933
2046,5.13507,4.990516315063453,0.14455368493654674
2047,5.1277933,4.983801356642148,0.14399194335785204
2048,5.1094327,4.977466263482,0.13196643651799977
2049,5.084492,4.971810651740241,0.11268134825975906
2050,5.0608225,4.966381453574019,0.09444104642598017
2051,5.041481,4.961082027421631,0.0803989725783687
2052,5.027738,4.955336904217574,0.0724010957824266
2053,5.0224786,4.950873160558678,0.07160543944132236
2054,5.023308,4.945980251417271,0.0773277485827295
2055,5.030787,4.940401091446175,0.09038590855382544
2056,5.043651,4.934060187194237,0.109590812805763
2057,5.0586905,4.927186344744957,0.1315041552550431
2058,5.0697546,4.920850305208633,0.14890429479136724
2059,5.083286,4.914228055285012,0.16905794471498847
2060,5.095977,4.907073837094259,0.18890316290574116
2061,5.107375,4.900065132578039,0.20730986742196134
2062,5.1136713,4.893802978230209,0.2198683217697912
2063,5.1211295,4.886943638814916,0.23418586118508422
2064,5.110616,4.879324635923426,0.2312913640765739
2065,5.1045175,4.8717589887986446,0.2327585112013555
2066,5.099083,4.863925932929116,0.23515706707088402
2067,5.095326,4.8560957448353905,0.2392302551646095
2068,5.0946503,4.847282385787605,0.24736791421239435
2069,5.1053967,4.838260384473764,0.26713631552623607
2070,5.113723,4.828939973695498,0.2847830263045026
2071,5.1157675,4.819570524572925,0.29619697542707435
2072,5.106719,4.809809165736481,0.296909834263519
2073,5.0722756,4.798617363392712,0.2736582366072886
2074,5.0043573,4.786801838869238,0.21755546113076196
2075,4.9103665,4.774865955351489,0.13550054464851158
2076,4.8249197,4.762889856969237,0.06202984303076242
2077,4.7484446,4.750883733874045,-0.002439133874045041
2078,4.6882935,4.738294930297745,-0.05000143029774495
2079,4.639182,4.725852700853953,-0.08667070085395334
2080,4.601403,4.716305542824555,-0.11490254282455492
2081,4.5664053,4.708898823318943,-0.14249352331894372
2082,4.5313983,4.69882884358628,-0.1674305435862795
2083,4.494767,4.687286904486301,-0.19251990448630085
2084,4.4603043,4.6758929025938745,-0.2155886025938747
2085,4.4312887,4.664814990580953,-0.23352629058095342
2086,4.4091754,4.655039912031823,-0.24586451203182325
2087,4.392101,4.646400510709037,-0.25429951070903645
2088,4.3790884,4.637814961380154,-0.25872656138015415
2089,4.371181,4.631863683044384,-0.2606826830443838
2090,4.375412,4.627218422855091,-0.2518064228550916
2091,4.386831,4.622282891435309,-0.23545189143530898
2092,4.4070425,4.618622613136685,-0.21158011313668457
2093,4.435695,4.615893070809159,-0.18019807080915928
2094,4.4758387,4.6145343490594195,-0.13869564905941978
2095,4.5163355,4.6147045585253075,-0.0983690585253072
2096,4.5590014,4.618812385221891,-0.05981098522189132
2097,4.600066,4.62366966955261,-0.023603669552610285
2098,4.633072,4.626368331845803,0.006703668154197651
2099,4.651801,4.6305763128729005,0.02122468712709935
2100,4.657813,4.636233418694647,0.0215795813053532
2101,4.649389,4.64455413318462,0.0048348668153801455
2102,4.6331983,4.655519632983004,-0.02232133298300365
2103,4.615071,4.668542653553745,-0.0534716535537445
2104,4.6029696,4.67854573773739,-0.07557613773739025
2105,4.595276,4.6898714936441745,-0.09459549364417441
2106,4.59689,4.703001649372327,-0.10611164937232687
2107,4.601339,4.716864237249988,-0.11552523724998753
2108,4.6125784,4.730235492579093,-0.11765709257909229
2109,4.626925,4.744093033179,-0.11716803317900037
2110,4.650226,4.758456651694733,-0.10823065169473267
2111,4.676612,4.7755958311595235,-0.09898383115952303
2112,4.7060614,4.793842523266304,-0.0877811232663035
2113,4.740426,4.811332381740663,-0.070906381740663
2114,4.7771964,4.827455500180564,-0.0502591001805639
2115,4.8106513,4.842376705102023,-0.03172540510202282
2116,4.8486185,4.857557567919142,-0.008939067919142119
2117,4.88403,4.872690157236656,0.011339842763343988
2118,4.9165397,4.88608962704036,0.030450072959640195
2119,4.943099,4.898748320846569,0.04435067915343094
2120,4.9648514,4.9107521950497075,0.05409920495029219
2121,4.9834213,4.923477018685571,0.059944281314428416
2122,5.001492,4.936732660922502,0.06475933907749809
2123,5.0174155,4.948744672069267,0.06867082793073287
2124,5.034144,4.959732401136526,0.07441159886347481
2125,5.0525317,4.970976084163582,0.08155561583641813
2126,5.0723224,4.982688055976282,0.08963434402371817
2127,5.091616,4.993370648002445,0.09824535199755502
2128,5.1105227,5.0023368766000935,0.10818582339990623
2129,5.1293283,5.010919341746514,0.11840895825348596
2130,5.150506,5.019067546980619,0.13143845301938129
2131,5.164627,5.028365948336622,0.13626105166337865
2132,5.1762357,5.038659206771735,0.13757649322826548
2133,5.176339,5.046446991983159,0.12989200801684042
2134,5.164237,5.052007769940258,0.11222923005974206
2135,5.1449075,5.057378658791997,0.08752884120800353
2136,5.1161337,5.0626888555256695,0.05344484447433029
2137,5.1030817,5.067572684298187,0.03550901570181253
2138,5.090852,5.071081089869565,0.019770910130435304
2139,5.0810328,5.0734194273649456,0.007613372635054461
2140,5.075978,5.0755930020862845,0.0003849979137156012
2141,5.075498,5.078043144486331,-0.0025451444863318073
2142,5.080587,5.0805519547368405,3.504526315989409e-05
2143,5.0888815,5.082263149933538,0.006618350066462497
2144,5.101363,5.084160979258288,0.01720202074171251
2145,5.119593,5.085865684463725,0.03372731553627517
2146,5.1327066,5.0867453163499965,0.04596128365000318
2147,5.142431,5.0871216966776664,0.05530930332233375
2148,5.145124,5.086977886481389,0.05814611351861121
2149,5.14568,5.08662473582477,0.05905526417522999
2150,5.145908,5.086117375144176,0.059790624855824426
2151,5.149087,5.08567592496273,0.06341107503727006
2152,5.1499734,5.084798641251244,0.06517475874875611
2153,5.146566,5.083135240623635,0.06343075937636478
2154,5.1425576,5.081178226238413,0.06137937376158664
2155,5.136455,5.0782855882114575,0.05816941178854229
2156,5.1376715,5.075358665245331,0.06231283475466842
2157,5.137837,5.07252539144591,0.06531160855409013
2158,5.132344,5.068882794523918,0.0634612054760817
2159,5.125362,5.065066308543283,0.06029569145671676
2160,5.116017,5.0612006970012615,0.05481630299873874
2161,5.106565,5.057569521753106,0.04899547824689421
2162,5.096601,5.053264819123499,0.043336180876500485
2163,5.087899,5.047606898032152,0.04029210196784838
2164,5.08833,5.041282303298242,0.04704769670175768
2165,5.08859,5.034430772299432,0.054159227700568024
2166,5.089565,5.027628015855289,0.061936984144711715
2167,5.0899615,5.020188963410657,0.06977253658934313
2168,5.0921884,5.012216592041605,0.07997180795839576
2169,5.0933805,5.0036487164825445,0.08973178351745581
2170,5.093712,4.993580172185468,0.10013182781453178
2171,5.0853567,4.9833154557551325,0.10204124424486771
2172,5.0621176,4.972594758756252,0.0895228412437481
2173,5.027314,4.961108719431041,0.06620528056895836
2174,4.9861426,4.9513349752577165,0.034807624742283494
2175,4.9475055,4.941123797198972,0.006381702801028233
2176,4.9148264,4.928893915398807,-0.014067515398807018
2177,4.882653,4.916144686155154,-0.033491686155153744
2178,4.8541217,4.902847224740362,-0.048725524740361514
2179,4.822089,4.8894881416377665,-0.06739914163776639
2180,4.7884393,4.876182334020225,-0.08774303402022454
2181,4.754319,4.86310135596521,-0.10878235596520991
2182,4.721066,4.850216487400435,-0.12915048740043478
2183,4.6852503,4.841188597291218,-0.15593829729121822
2184,4.646409,4.8320362813986035,-0.1856272813986033
2185,4.602261,4.8195786860925605,-0.21731768609256008
2186,4.5607095,4.808036623683734,-0.24732712368373466
2187,4.507369,4.796851019847598,-0.2894820198475987
2188,4.482898,4.784917646816882,-0.3020196468168823
2189,4.463828,4.773344782521955,-0.30951678252195425
2190,4.447051,4.761365993311536,-0.3143149933115357
2191,4.4399743,4.749799509478196,-0.3098252094781957
2192,4.4690313,4.738248051987575,-0.26921675198757455
2193,4.4693675,4.727262559027644,-0.25789505902764454
2194,4.4900866,4.716432122953607,-0.22634552295360688
2195,4.508482,4.704961508642495,-0.1964795086424953
2196,4.5249834,4.694325694415747,-0.16934229441574722
2197,4.54002,4.684244130908482,-0.14422413090848174
2198,4.5540214,4.673851356251416,-0.11982995625141601
2199,4.567417,4.663692736209466,-0.09627573620946617
2200,4.5806365,4.653881089280681,-0.073244589280681
2201,4.5941086,4.645699798146428,-0.05159119814642743
2202,4.6082635,4.638232420088188,-0.029968920088188078
2203,4.6235304,4.630227552933567,-0.0066971529335670965
2204,4.650746,4.622459344928666,0.028286655071333655
2205,4.683341,4.615478364197997,0.0678626358020038
2206,4.7122626,4.609783828729757,0.10247877127024285
2207,4.7360306,4.604463473794582,0.1315671262054181
2208,4.757324,4.599130659917429,0.1581933400825708
2209,4.7737303,4.594450747391284,0.1792795526087163
2210,4.785301,4.5902983895716405,0.1950026104283591
2211,4.7968917,4.586936504057155,0.20995519594284495
2212,4.808317,4.584320156741109,0.2239968432588908
2213,4.819393,4.583640902715464,0.23575209728453572
2214,4.8299365,4.5839149133609425,0.24602158663905715
2215,4.8397617,4.583777051236268,0.2559846487637323
2216,4.8486853,4.5844392669063065,0.2642460330936931
2217,4.8565226,4.586033227024689,0.2704893729753106
2218,4.8630896,4.588106393550588,0.274983206449412
2219,4.8682017,4.5913317824721664,0.27686991752783374
2220,4.871675,4.59548314383576,0.2761918561642398
2221,4.873325,4.5997335150114464,0.2735914849885539
2222,4.822213,4.604603780497119,0.21760921950288026
2223,4.737672,4.609984081327281,0.12768791867271911
2224,4.66244,4.615719166187298,0.04672083381270209
2225,4.608926,4.630156516242315,-0.021230516242314756
2226,4.564669,4.64416348266022,-0.07949448266021975
2227,4.557034,4.651684142211458,-0.09465014221145829
2228,4.555854,4.659603113345509,-0.10374911334550863
2229,4.5628805,4.667637842799121,-0.10475734279912086
2230,4.5724835,4.683810938228484,-0.1113274382284839
2231,4.586852,4.700774663091361,-0.11392266309136101
2232,4.603619,4.7109705528789005,-0.10735155287890041
2233,4.614987,4.7210896719220035,-0.10610267192200329
2234,4.6335983,4.729886797647541,-0.09628849764754133
2235,4.660749,4.738438709033955,-0.07768970903395456
2236,4.687053,4.746994523235834,-0.05994152323583446
2237,4.7230563,4.755959139421245,-0.03290283942124539
2238,4.7640033,4.764838120091758,-0.0008348200917582815
2239,4.808175,4.772931119626532,0.035243880373468706
2240,4.856051,4.780146428032902,0.0759045719670981
2241,4.9047046,4.7880541680571636,0.11665043194283609
2242,4.9487042,4.797421592445767,0.15128260755423284
2243,4.991844,4.805789251460437,0.18605474853956316
2244,5.0306582,4.815081460639615,0.2155767393603858
2245,5.0654864,4.8219755570622596,0.2435108429377406
2246,5.09782,4.829936724487641,0.26788327551235813
2247,5.129827,4.837810874277261,0.2920161257227383
2248,5.160239,4.844517910163141,0.31572108983685876
2249,5.188151,4.851815774556757,0.3363352254432437
2250,5.2120175,4.859501623804047,0.3525158761959526
2251,5.232447,4.86747524815221,0.36497175184778996
2252,5.2489066,4.877232360810739,0.3716742391892609
2253,5.2589774,4.887837893481705,0.3711395065182952
2254,5.2622952,4.898235270402316,0.3640599295976834
2255,5.2616143,4.908082073217625,0.3535322267823746
2256,5.2592034,4.917276324176025,0.34192707582397475
2257,5.260058,4.924778858938185,0.33527914106181456
2258,5.264254,4.930249468110361,0.3340045318896392
2259,5.2732368,4.934281135526577,0.3389556644734233
2260,5.2849503,4.937202102353481,0.3477481976465189
2261,5.2981863,4.93981613801935,0.3583701619806501
2262,5.3151016,4.9428361203697,0.37226547963030043
2263,5.3187494,4.9462467786710285,0.3725026213289713
2264,5.329117,4.95462258683334,0.3744944131666603
2265,5.338947,4.963523020418547,0.3754239795814529
2266,5.346377,4.965763066787899,0.3806139332121017
2267,5.3565207,4.967668061832085,0.38885263816791493
2268,5.353931,4.96998349493084,0.38394750506915987
2269,5.357145,4.9715269024587965,0.3856180975412036
2270,5.3578196,4.973315086596579,0.38450451340342084
2271,5.3593955,4.974852418760289,0.3845430812397108
2272,5.3645673,4.976276849935879,0.38829045006412066
2273,5.3707275,4.980658382795843,0.39006911720415705
2274,5.3785105,4.988631391218413,0.38987910878158694
2275,5.386646,4.99187444047417,0.39477155952582965
2276,5.393692,4.991809937954616,0.40188206204538357
2277,5.402793,4.991843648042891,0.41094935195710924
2278,5.4129114,4.9921304851497075,0.4207809148502921
2279,5.421363,4.992086251251052,0.42927674874894794
2280,5.4266214,4.991964355018702,0.4346570449812983
2281,5.427671,4.991666209892624,0.43600479010737647
2282,5.4307513,4.991799967756418,0.4389513322435814
2283,5.4238563,4.992011440274125,0.4318448597258744
2284,5.426734,4.991662424110643,0.4350715758893564
2285,5.428409,4.991212880335357,0.43719611966464367
2286,5.429484,4.9911238148893355,0.4383601851106649
2287,5.424565,4.992267399462553,0.4322976005374475
2288,5.4260125,4.993538913056721,0.43247358694327875
2289,5.4123645,4.993734145804193,0.4186303541958072
2290,5.3999457,4.994132614455271,0.40581308554472884
2291,5.4005466,4.994783313317755,0.40576328668224537
2292,5.402332,4.995881097052534,0.40645090294746655
2293,5.4018393,4.9976973780228535,0.40414192197714627
2294,5.4033117,4.999623161676445,0.40368853832355445
2295,5.4059,5.001152251250524,0.40474774874947617
2296,5.409195,5.002798209693297,0.4063967903067036
2297,5.413984,5.004240522968845,0.40974347703115477
2298,5.4189706,5.005945050897332,0.41302554910266753
2299,5.42116,5.007774222450611,0.4133857775493892
2300,5.4170303,5.011439451993077,0.40559084800692347
2301,5.3970284,5.0171014842387365,0.3799269157612635
2302,5.381024,5.019958507384551,0.36106549261544885
2303,5.3708167,5.022498175130373,0.3483185248696268
2304,5.3734345,5.024190626825827,0.3492438731741734
2305,5.3759913,5.026942144036437,0.3490491559635629
2306,5.378345,5.031017029731229,0.34732797026877105
2307,5.3805027,5.033519422686726,0.3469832773132744
2308,5.382472,5.0345208726369055,0.3479511273630944
2309,5.384259,5.035296168073011,0.34896283192698885
2310,5.3858724,5.035890365355567,0.3499820346444329
2311,5.3873186,5.036693107876513,0.3506254921234877
2312,5.3886046,5.03800435403722,0.35060024596277994
2313,5.3897376,5.0394024803409625,0.35033511965903763
2314,5.390725,5.040461696301186,0.35026330369881364
2315,5.3915744,5.041652540483931,0.34992185951606825
2316,5.392292,5.043130706342916,0.34916129365708404
2317,5.3928857,5.045269784973852,0.3476159150261475
2318,5.393363,5.04734717237948,0.3460158276205201
2319,5.39373,5.048586959358247,0.3451430406417524
2320,5.393995,5.049987371906228,0.34400762809377206
2321,5.394164,5.05263375591339,0.34153024408661015
2322,5.3942456,5.053818079829711,0.3404275201702882
2323,5.341324,5.055181338179759,0.2861426618202412
2324,5.1973443,5.057758690472226,0.13958560952777432
2325,5.0455575,5.059920986869907,-0.014363486869906517
2326,4.9133387,5.060868446306114,-0.14752974630611426
2327,4.8138037,5.063197056859547,-0.24939335685954678
2328,4.749615,5.066263192926022,-0.31664819292602164
2329,4.7119055,5.068515439452942,-0.35660993945294184
2330,4.695048,5.069459935272564,-0.37441193527256456
2331,4.6815405,5.070378492553067,-0.38883799255306695
2332,4.694786,5.071523717704532,-0.37673771770453257
2333,4.716254,5.072666877924529,-0.35641287792452925
2334,4.749015,5.07378163660113,-0.32476663660113037
2335,4.78931,5.074928627865782,-0.28561862786578196
2336,4.8325415,5.07608209936289,-0.2435405993628903
2337,4.874705,5.077464468451706,-0.20275946845170623
2338,4.916517,5.079428669820414,-0.1629116698204145
2339,4.951988,5.0813169986281,-0.12932899862810032
2340,4.9822497,5.082276617418776,-0.10002691741877623
2341,5.0072827,5.083316820237792,-0.0760341202377921
2342,5.0257416,5.0845623692996895,-0.0588207692996896
2343,5.0398984,5.085791935454063,-0.04589353545406283
2344,5.051697,5.086807442012629,-0.035110442012628695
2345,5.062803,5.08774929094897,-0.024946290948970606
2346,5.0754614,5.0886038212644,-0.013142421264399573
2347,5.0926666,5.089344302347401,0.003322297652599282
2348,5.1040726,5.089991303087754,0.01408129691224591
2349,5.1203985,5.090452616718465,0.02994588328153558
2350,5.135241,5.09093987647617,0.04430112352382931
2351,5.1486545,5.09142403978205,0.05723046021795053
2352,5.159139,5.091920065640584,0.06721893435941606
2353,5.1690598,5.092409379157499,0.07665042084250118
2354,5.1770806,5.092774264518038,0.08430633548196198
2355,5.1838183,5.093180572449061,0.09063772755093957
2356,5.1894684,5.093586009770206,0.09588239022979383
2357,5.1931634,5.094149005624272,0.09901439437572801
2358,5.195098,5.094597383993806,0.10050061600619387
2359,5.1858497,5.094786778268119,0.09106292173188102
2360,5.1617627,5.094935049115867,0.06682765088413234
2361,5.12386,5.095396718267187,0.02846328173281254
2362,5.086709,5.0960270614720855,-0.009318061472085581
2363,5.0566,5.09662247408987,-0.04002247408986914
2364,5.033661,5.09692535325151,-0.06326435325151003
2365,5.016688,5.097009292524053,-0.08032129252405262
2366,5.00429,5.09718682396355,-0.09289682396354948
2367,4.9970975,5.097957876121553,-0.10086037612155341
2368,4.995248,5.098684079392768,-0.10343607939276822
2369,4.997975,5.102324143881674,-0.10434914388167371
2370,5.0037155,5.106101584113032,-0.10238608411303218
2371,5.011625,5.106372533652313,-0.09474753365231248
2372,5.0192227,5.107222184678819,-0.0879994846788188
2373,5.028378,5.108227330539115,-0.07984933053911458
2374,5.038085,5.108998748829375,-0.0709137488293754
2375,5.0468163,5.110014808104071,-0.06319850810407157
2376,5.0501227,5.112687256702037,-0.06256455670203653
2377,5.048427,5.114979680137981,-0.06655268013798121
2378,5.0433097,5.116109704305867,-0.07280000430586675
2379,5.036122,5.117486407513561,-0.08136440751356133
2380,5.031457,5.119000680199552,-0.08754368019955194
2381,5.029105,5.120746553486963,-0.09164155348696301
2382,5.037011,5.122567588987524,-0.08555658898752405
2383,5.0190396,5.1247549512554285,-0.1057153512554283
2384,5.016377,5.1269542551488625,-0.11057725514886219
2385,5.0192556,5.1290356047894825,-0.10978000478948235
2386,5.023846,5.1316631843564116,-0.10781718435641174
2387,5.033214,5.134055593386878,-0.10084159338687826
2388,5.042595,5.1368681996018495,-0.0942731996018491
2389,5.0523877,5.139480615144723,-0.08709291514472373
2390,5.0599647,5.141296364903314,-0.08133166490331423
2391,5.0711017,5.1430549708015825,-0.07195327080158265
2392,5.083059,5.144850327845674,-0.06179132784567365
2393,5.096453,5.1468378380302315,-0.050384838030231194
2394,5.108512,5.1484853983815535,-0.03997339838155334
2395,5.122719,5.14979836073406,-0.027079360734060032
2396,5.1368527,5.150809596989446,-0.013956896989445688
2397,5.151061,5.151623038551515,-0.0005620385515143766
2398,5.166856,5.152333090597442,0.01452290940255807
2399,5.178922,5.152770784417753,0.026151215582246756
2400,5.187607,5.1528575469971445,0.03474945300285537
2401,5.192906,5.153343067276243,0.039562932723756994
2402,5.195295,5.153784751587058,0.041510248412941486
2403,5.1950006,5.153402972311753,0.041597627688247485
2404,5.188857,5.152833320561439,0.03602367943856066
2405,5.180702,5.1517369710912,0.02896502890880015
2406,5.167499,5.150516598446495,0.01698240155350561
2407,5.1507254,5.14901232690508,0.0017130730949199702
2408,5.130399,5.1474634462382864,-0.017064446238286735
2409,5.114819,5.145910524074794,-0.031091524074794208
2410,5.103022,5.14394367597222,-0.04092167597221952
2411,5.0928965,5.1420438858410655,-0.04914738584106537
2412,5.083702,5.140051162057763,-0.056349162057763635
2413,5.0714316,5.139184186835039,-0.06775258683503882
2414,5.056928,5.13812620971197,-0.08119820971197012
2415,5.0389743,5.1358501068056945,-0.09687580680569496
2416,5.0188675,5.133544489809059,-0.11467698980905894
2417,4.999275,5.131297827619363,-0.13202282761936335
2418,4.9770694,5.1295051625889405,-0.1524357625889401
2419,4.960037,5.127878609300194,-0.16784160930019443
2420,4.947648,5.127877032385962,-0.1802290323859621
2421,4.9410105,5.127640673475907,-0.1866301734759066
2422,4.9386096,5.126952597767895,-0.18834299776789454
2423,4.9411545,5.124435591709493,-0.18328109170949336
2424,4.946172,5.1219163028596935,-0.17574430285969367
2425,4.952479,5.1191574412127565,-0.1666784412127562
2426,4.958686,5.116548288757588,-0.15786228875758823
2427,4.9643807,5.113876137673455,-0.14949543767345475
2428,4.9711084,5.111465495862407,-0.14035709586240674
2429,4.976655,5.1089942697698145,-0.13233926976981447
2430,4.98286,5.106987052406719,-0.1241270524067195
2431,4.9895697,5.104565191543688,-0.11499549154368793
2432,4.9926095,5.101857750857704,-0.10924825085770351
2433,4.9979334,5.0993944847702295,-0.10146108477022953
2434,5.002799,5.096826394541099,-0.09402739454109899
2435,4.9987726,5.0938252916818385,-0.09505269168183883
2436,4.9808373,5.090844251044719,-0.1100069510447188
2437,4.9520698,5.0878880797867145,-0.13581827978671424
2438,4.94388,5.085179421156766,-0.14129942115676553
2439,4.9454775,5.082459500889897,-0.13698200088989676
2440,4.9484572,5.079335243580916,-0.13087804358091581
2441,4.9528317,5.0757967871319,-0.12296508713189969
2442,4.9586134,5.072172383297141,-0.11355898329714087
2443,4.965815,5.068766699786058,-0.10295169978605756
2444,4.974448,5.065280317246485,-0.09083231724648488
2445,4.9845266,5.061077339365718,-0.0765507393657181
2446,4.9960623,5.056500326318099,-0.06043802631809925
2447,5.009068,5.052226564929771,-0.04315856492977055
2448,5.0235558,5.047772590740055,-0.02421679074005567
2449,5.0400753,5.04296372248921,-0.002888422489210285
2450,5.064632,5.037665424890241,0.02696657510975875
2451,5.08456,5.032245514598398,0.05231448540160155
2452,5.102061,5.0266291969920305,0.07543180300796948
2453,5.1144614,5.021314081241572,0.09314731875842774
2454,5.1221194,5.015874168152842,0.10624523184715784
2455,5.1268497,5.009976522109591,0.11687317789040907
2456,5.129667,5.004357903887332,0.1253090961126686
2457,5.132615,4.998511742073833,0.13410325792616717
2458,5.138432,4.993286274485613,0.14514572551438665
2459,5.140408,4.989058872735136,0.15134912726486416
2460,5.1360617,4.983416857790912,0.1526448422090878
2461,5.12602,4.976179107046339,0.14984089295366054
2462,5.115047,4.969464789838354,0.14558221016164552
2463,5.10505,4.963018363053774,0.14203163694622667
2464,5.0803027,4.956730253500841,0.12357244649915877
2465,5.028645,4.950337157344847,0.07830784265515334
2466,4.9616446,4.94427110329568,0.017373496704319535
2467,4.89899,4.9374763835972715,-0.03848638359727108
2468,4.853328,4.9312581153576955,-0.07793011535769523
2469,4.8236847,4.924623308218619,-0.10093860821861877
2470,4.8107376,4.917978096772653,-0.10724049677265235
2471,4.810378,4.911259575145664,-0.10088157514566376
2472,4.821763,4.9042665109740184,-0.08250351097401865
2473,4.843844,4.898057473391407,-0.05421347339140681
2474,4.8739724,4.8920800029004505,-0.018107602900450104
2475,4.899402,4.885825041089132,0.01357695891086852
2476,4.891683,4.880109350669162,0.011573649330837377
2477,4.8424063,4.874633142217681,-0.03222684221768102
2478,4.775602,4.869688537900399,-0.09408653790039878
2479,4.7134604,4.864815951617523,-0.1513555516175229
2480,4.663123,4.859860397121484,-0.19673739712148475
2481,4.6261926,4.855595945709485,-0.22940334570948462
2482,4.600283,4.852120260202757,-0.2518372602027572
2483,4.5855966,4.850360522860445,-0.26476392286044526
2484,4.5785947,4.8493810932383346,-0.27078639323833453
2485,4.5820727,4.849116920520268,-0.2670442205202681
2486,4.595895,4.849340344152196,-0.25344534415219666
2487,4.6194816,4.8493516000918495,-0.2298700000918492
2488,4.6517715,4.854591379153122,-0.2028198791531226
2489,4.6842947,4.85868299727386,-0.17438829727386018
2490,4.711498,4.8601173345872315,-0.14861933458723176
2491,4.724206,4.861398965757925,-0.13719296575792495
2492,4.7253265,4.862660690772609,-0.13733419077260844
2493,4.7205734,4.866760027613925,-0.14618662761392454
2494,4.7139196,4.874193273050564,-0.16027367305056472
2495,4.7094245,4.879270930244468,-0.16984643024446822
2496,4.71305,4.881400731687477,-0.16835073168747705
2497,4.7269235,4.883486806275126,-0.15656330627512638
2498,4.7528872,4.886126691933338,-0.13323949193333817
2499,4.7856565,4.888792286107838,-0.10313578610783836
2500,4.820853,4.890544874009223,-0.06969187400922383
2501,4.855568,4.8939999316462055,-0.03843193164620562
2502,4.875376,4.897323988175868,-0.021947988175868183
2503,4.8606925,4.8995325314773694,-0.038840031477369585
2504,4.7993155,4.901153073727942,-0.10183757372794222
2505,4.7166104,4.905187298802983,-0.18857689880298256
2506,4.6436844,4.909611420546934,-0.2659270205469344
2507,4.593351,4.911943257515654,-0.3185922575156539
2508,4.565928,4.915529919333382,-0.3496019193333817
2509,4.5606165,4.919019284365289,-0.35840278436528905
2510,4.5724344,4.92126990410881,-0.34883550410881004
2511,4.5995297,4.923584775118949,-0.3240550751189497
2512,4.6401334,4.926532767667819,-0.28639936766781915
2513,4.6839395,4.930296936301079,-0.24635743630107854
2514,4.71613,4.933304109379805,-0.21717410937980564
2515,4.722239,4.937750516293894,-0.2155115162938941
2516,4.705185,4.94189555099385,-0.23671055099385008
2517,4.6779513,4.944188060232339,-0.26623676023233855
2518,4.6535544,4.946526205216752,-0.2929718052167516
2519,4.638821,4.94960638099536,-0.3107853809953598
2520,4.6332254,4.952224337156003,-0.31899893715600314
2521,4.639814,4.954801427074127,-0.31498742707412664
2522,4.6587687,4.956848287901479,-0.29807958790147815
2523,4.6885962,4.959170179283233,-0.2705739792832329
2524,4.7225637,4.96147110302892,-0.23890740302891977
2525,4.746666,4.966219908212506,-0.21955390821250553
2526,4.735148,4.973423535067369,-0.23827553506736887
2527,4.687513,4.977304645534803,-0.28979164553480263
2528,4.6286893,4.977944874623417,-0.3492555746234176
2529,4.5795736,4.978449149130896,-0.3988755491308966
2530,4.54929,4.979623878742914,-0.43033387874291407
2531,4.544,4.981520506138921,-0.43752050613892113
2532,4.555607,4.985661714121337,-0.43005471412133645
2533,4.5760665,4.992195722504873,-0.41612922250487383
2534,4.6034985,4.995595512904869,-0.39209701290486887
2535,4.636022,4.9980645203476834,-0.3620425203476838
2536,4.671757,4.998782933762675,-0.3270259337626742
2537,4.7088246,4.9979990119317215,-0.28917441193172166
2538,4.7453437,4.997324791371428,-0.25198109137142755
2539,4.779434,4.996066698719321,-0.21663269871932123
2540,4.809216,4.994447194781067,-0.18523119478106675
2541,4.832809,4.993088792349326,-0.16027979234932577
2542,4.848333,4.991517306595124,-0.14318430659512416
2543,4.852798,4.990721437172969,-0.13792343717296873
2544,4.8222537,4.990282903649704,-0.16802920364970397
2545,4.776568,4.988017185967915,-0.21144918596791484
2546,4.737454,4.984700509468757,-0.24724650946875748
2547,4.7125006,4.981225252866374,-0.26872465286637404
2548,4.705219,4.977894469352396,-0.2726754693523965
2549,4.7094564,4.976325421933155,-0.26686902193315554
2550,4.7207437,4.973492970847122,-0.2527492708471222
2551,4.7359467,4.969807382411224,-0.23386068241122349
2552,4.755443,4.965377712420131,-0.2099347124201314
2553,4.773457,4.9596907490298205,-0.18623374902982093
2554,4.7843595,4.954966611499188,-0.17060711149918806
2555,4.783749,4.950671474040762,-0.16692247404076177
2556,4.758255,4.9454477573742786,-0.18719275737427843
2557,4.7092156,4.93949051810704,-0.23027491810703982
2558,4.6494513,4.932781420581273,-0.28333012058127327
2559,4.592625,4.926454483555252,-0.33382948355525244
2560,4.541364,4.919528126491759,-0.37816412649175923
2561,4.493092,4.912909812824228,-0.4198178128242285
2562,4.4525366,4.905791057370877,-0.45325445737087655
2563,4.4175086,4.89824052103452,-0.4807319210345202
2564,4.3948646,4.891496728189388,-0.49663212818938796
2565,4.381374,4.884621783368351,-0.5032477833683506
2566,4.374004,4.877332085982086,-0.5033280859820861
2567,4.3735514,4.870576915556701,-0.49702551555670116
2568,4.375268,4.864203162658453,-0.4889351626584526
2569,4.376369,4.858534882927201,-0.48216588292720086
2570,4.375695,4.8527666846684046,-0.4770716846684042
2571,4.3722816,4.84710418666748,-0.47482258666748045
2572,4.368383,4.841791355834944,-0.47340835583494467
2573,4.365948,4.83637838998661,-0.4704303899866096
2574,4.3650775,4.831969042053403,-0.46689154205340344
2575,4.367268,4.827825061316624,-0.46055706131662344
2576,4.363849,4.823204551565766,-0.4593555515657659
2577,4.3468347,4.819469898895236,-0.47263519889523664
2578,4.3150644,4.815876891706366,-0.5008124917063661
2579,4.2799706,4.813045655365946,-0.5330750553659458
2580,4.2526016,4.810541703927046,-0.557940103927046
2581,4.233546,4.808016199368202,-0.5744701993682026
2582,4.216532,4.806236945879222,-0.5897049458792223
2583,4.219575,4.804794427682171,-0.585219427682171
2584,4.2224436,4.804004888828115,-0.581561288828115
2585,4.2381525,4.805175849159452,-0.5670233491594523
2586,4.2586756,4.805634919168957,-0.5469593191689572
2587,4.279441,4.806189675622323,-0.526748675622323
2588,4.29439,4.807595178428298,-0.513205178428298
2589,4.2991824,4.810190851318199,-0.5110084513181983
2590,4.29792,4.81202731578356,-0.5141073157835594
2591,4.2933774,4.813543913537271,-0.5201665135372711
2592,4.2917175,4.81577614142543,-0.5240586414254302
2593,4.2939944,4.818182054510101,-0.5241876545101007
2594,4.304354,4.8226023668616325,-0.5182483668616324
2595,4.3209414,4.8290383437881435,-0.5080969437881437
2596,4.330575,4.833166639921965,-0.502591639921965
2597,4.3350906,4.837677017778105,-0.5025864177781054
2598,4.333435,4.8438384269188495,-0.5104034269188498
2599,4.3264585,4.852161760180141,-0.5257032601801406
2600,4.316474,4.8593871343169965,-0.5429131343169962
2601,4.307903,4.866427042927942,-0.5585240429279423
2602,4.309806,4.873699105381822,-0.5638931053818217
2603,4.3174744,4.878966674782435,-0.5614922747824354
2604,4.331588,4.885606311262462,-0.5540183112624621
2605,4.3483834,4.89375943271541,-0.54537603271541
2606,4.365638,4.903747981439188,-0.5381099814391881
2607,4.3673553,4.913539389923321,-0.5461840899233215
2608,4.367919,4.921908566367624,-0.5539895663676244
2609,4.37416,4.930847330517829,-0.5566873305178293
2610,4.383677,4.939624358879545,-0.5559473588795454
2611,4.402165,4.949445013172871,-0.5472800131728706
2612,4.4279904,4.9630658955458005,-0.5350754955458008
2613,4.456628,4.973675581130283,-0.5170475811302824
2614,4.4847455,4.985259884656458,-0.5005143846564586
2615,4.515475,4.997107741614698,-0.48163274161469793
2616,4.547465,5.005316953345429,-0.45785195334542905
2617,4.58171,5.0129454229581984,-0.4312354229581983
2618,4.6161413,5.020240651966066,-0.4040993519660665
2619,4.648127,5.029157823001298,-0.3810308230012982
2620,4.6768637,5.039316203852309,-0.36245250385230854
2621,4.6964755,5.047916782361855,-0.3514412823618551
2622,4.7122736,5.055717459855098,-0.34344385985509795
2623,4.723999,5.062815942941451,-0.3388169429414507
2624,4.732049,5.070532278302167,-0.3384832783021672
2625,4.738666,5.077007739415801,-0.33834173941580037
2626,4.744802,5.082594296133622,-0.33779229613362194
2627,4.7423673,5.08768161100019,-0.34531431100019017
2628,4.723259,5.092734989108382,-0.3694759891083823
2629,4.690288,5.0973858416457185,-0.4070978416457187
2630,4.6560845,5.101546337618079,-0.4454618376180788
2631,4.631051,5.104393579585983,-0.47334257958598247
2632,4.6174273,5.106111132202814,-0.4886838322028142
2633,4.616964,5.107817353956849,-0.49085335395684915
2634,4.6285357,5.108025057213858,-0.47948935721385855
2635,4.6468987,5.106417562870831,-0.4595188628708309
2636,4.6657114,5.103744474803019,-0.4380330748030188
2637,4.6660876,5.100715762130356,-0.43462816213035627
2638,4.636419,5.097429951319649,-0.46101095131964875
2639,4.582572,5.0952684047748,-0.5126964047748004
2640,4.528388,5.0911525637433925,-0.5627645637433929
2641,4.4840765,5.084965885669802,-0.6008893856698023
2642,4.4539022,5.077998194964398,-0.6240959949643985
2643,4.4334464,5.070343685481911,-0.6368972854819104
2644,4.4085956,5.062119684636829,-0.6535240846368291
2645,4.370646,5.054942697328526,-0.6842966973285263
2646,4.328175,5.046831265626641,-0.7186562656266409
2647,4.2926025,5.036214077734488,-0.7436115777344883
2648,4.26211,5.025141208552404,-0.7630312085524045
2649,4.2355947,5.014760914185668,-0.7791662141856683
2650,4.2122245,5.00357436246136,-0.7913498624613604
2651,4.20156,4.990560476062295,-0.7890004760622951
2652,4.220822,4.977269920050926,-0.7564479200509258
2653,4.2317886,4.963021098212239,-0.7312324982122389
2654,4.258487,4.948226538136273,-0.6897395381362736
2655,4.2957892,4.93358918160772,-0.6377999816077207
2656,4.341083,4.918432200472955,-0.5773492004729546
2657,4.390247,4.902621548212779,-0.5123745482127795
2658,4.4393725,4.886869619568915,-0.447497119568915
2659,4.4852743,4.870860174945982,-0.3855858749459813
2660,4.5273385,4.854635349186713,-0.3272968491867134
2661,4.5655365,4.837318226535274,-0.27178172653527355
2662,4.602828,4.818915041290489,-0.21608704129048917
2663,4.641521,4.800088026525041,-0.1585670265250414
2664,4.6776547,4.781920860179875,-0.10426616017987556
2665,4.7089105,4.764587379397966,-0.05567687939796606
2666,4.743406,4.74949051051413,-0.006084510514130059
2667,4.7376633,4.734148039542644,0.003515260457356284
2668,4.7423487,4.718012439465485,0.024336260534514764
2669,4.74183,4.7027546173348,0.03907538266520039
2670,4.7297397,4.686346977532775,0.04339272246722459
2671,4.708302,4.669636709362411,0.03866529063758861
2672,4.686688,4.6537037705519,0.03298422944810042
2673,4.6604233,4.642528972376686,0.017894327623313444
2674,4.6367416,4.631668622873323,0.005072977126676648
2675,4.6071405,4.620545088267283,-0.013404588267283302
2676,4.583481,4.610962262553826,-0.02748126255382566
2677,4.5569425,4.604633753976603,-0.04769125397660279
2678,4.519154,4.598271346133754,-0.07911734613375376
2679,4.4702573,4.5923240370170095,-0.12206673701700943
2680,4.4122577,4.587862699913989,-0.1756049999139897
2681,4.366709,4.584804349516077,-0.21809534951607645
2682,4.3290863,4.582761429834526,-0.25367512983452567
2683,4.304824,4.582635325111435,-0.27781132511143536
2684,4.2865567,4.584248316619398,-0.2976916166193977
2685,4.2727456,4.587192380790406,-0.3144467807904059
2686,4.259952,4.591940315516805,-0.33198831551680463
2687,4.265241,4.598023214345901,-0.33278221434590183
2688,4.2689853,4.606157110089987,-0.33717181008998764
2689,4.2812357,4.613856031512017,-0.3326203315120173
2690,4.3042197,4.628143599933855,-0.3239238999338552
2691,4.3321404,4.643152663426333,-0.31101226342633304
2692,4.3643045,4.652573005865463,-0.2882685058654628
2693,4.3935556,4.663125141207342,-0.2695695412073418
2694,4.4163675,4.674341806760315,-0.25797430676031485
2695,4.43344,4.685652949845745,-0.25221294984574527
2696,4.446458,4.697823065828588,-0.25136506582858864
2697,4.460021,4.70961717290732,-0.24959617290731995
2698,4.476023,4.722503846775374,-0.2464808467753743
2699,4.4967685,4.736658006875908,-0.23988950687590815
2700,4.5169516,4.750808742767339,-0.2338571427673397
2701,4.53562,4.7654505019573845,-0.22983050195738475
2702,4.5531344,4.778959142678493,-0.22582474267849317
2703,4.5698547,4.790719502391071,-0.22086480239107154
2704,4.5861416,4.816261672359308,-0.23012007235930731
2705,4.602354,4.843400710303824,-0.24104671030382363
2706,4.618853,4.856709597500205,-0.2378565975002056
2707,4.6359982,4.864377715622111,-0.22837951562211067
2708,4.6541505,4.8709689171130135,-0.21681841711301342
2709,4.6736693,4.877732850272231,-0.204063550272231
2710,4.694915,4.8846479025955585,-0.18973290259555853
2711,4.718034,4.893377319487337,-0.17534331948733684
2712,4.7426095,4.904497827281804,-0.1618883272818037
2713,4.763068,4.917702339648987,-0.15463433964898776
2714,4.782501,4.9253086722158885,-0.14280767221588864
2715,4.8028555,4.93578584253136,-0.1329303425313606
2716,4.8214426,4.944761955196636,-0.12331935519663606
2717,4.840403,4.957698624260467,-0.1172956242604668
2718,4.856286,4.970156013893826,-0.113870013893826
2719,4.8656363,4.971368065909748,-0.10573176590974764
2720,4.849629,4.97278998749722,-0.12316098749721949
2721,4.7940903,4.974504937127053,-0.1804146371270532
2722,4.7171807,4.977874039840493,-0.2606933398404925
2723,4.6433935,4.981481869680383,-0.33808836968038314
2724,4.5903177,4.981958515951962,-0.39164081595196176
2725,4.559115,4.9882212302655775,-0.42910623026557726
2726,4.550088,4.997757009807154,-0.4476690098071545
2727,4.559956,5.000339403220407,-0.44038340322040703
2728,4.584295,5.002255094916157,-0.4179600949161566
2729,4.621838,5.0042600811483515,-0.3824220811483512
2730,4.665281,5.006394272039676,-0.3411132720396761
2731,4.712278,5.007551517963236,-0.29527351796323575
2732,4.7607007,5.008063458809983,-0.2473627588099827
2733,4.8070908,5.008637734884597,-0.20154693488459685
2734,4.850491,5.0089473274724945,-0.1584563274724946
2735,4.890335,5.009577380829851,-0.11924238082985106
2736,4.9232,5.009433287227179,-0.08623328722717982
2737,4.949366,5.008942767497566,-0.0595767674975658
2738,4.9612393,5.008151326953256,-0.04691202695325636
2739,4.9531336,5.007100492302454,-0.053966892302454106
2740,4.931916,5.006486392674827,-0.07457039267482646
2741,4.902576,5.005412602949275,-0.10283660294927532
2742,4.8712006,5.003521880391394,-0.1323212803913938
2743,4.836368,5.003015033374492,-0.16664703337449183
2744,4.8026624,5.0023368895225575,-0.1996744895225575
2745,4.7748632,5.002685812750612,-0.22782261275061177
2746,4.750884,5.003460346210507,-0.25257634621050684
2747,4.7334857,5.001434008309235,-0.26794830830923466
2748,4.720536,4.999794391018542,-0.27925839101854155
2749,4.7105722,5.000809767900277,-0.2902375679002773
2750,4.7089047,5.002709505095145,-0.29380480509514495
2751,4.7146955,5.002912040458242,-0.28821654045824197
2752,4.727389,5.001639710481674,-0.2742507104816747
2753,4.747211,5.000135449427181,-0.25292444942718095
2754,4.7729297,4.998581255389023,-0.2256515553890237
2755,4.7999616,4.997249991285581,-0.19728839128558118
2756,4.8276596,4.996742734893441,-0.16908313489344096
2757,4.8546534,4.997754114544811,-0.14310071454481132
2758,4.8800135,4.997628172916577,-0.11761467291657723
2759,4.902348,4.996290036785257,-0.09394203678525681
2760,4.922251,4.995676485230362,-0.07342548523036196
2761,4.937745,4.992840316294937,-0.05509531629493747
2762,4.953571,4.988666586778001,-0.03509558677800051
2763,4.9692535,4.98478463848392,-0.015531138483920515
2764,4.9821906,4.981222876634016,0.0009677233659841633
2765,4.990197,4.978249616321828,0.011947383678172052
2766,4.9885983,4.976012112527801,0.012586187472198418
2767,4.980517,4.973789227641971,0.006727772358028794
2768,4.9678125,4.9722745016095224,-0.004462001609522481
2769,4.9538736,4.971469016323616,-0.017595416323616497
2770,4.936481,4.971530837400015,-0.035049837400014994
2771,4.918493,4.971653607665529,-0.05316060766552955
2772,4.908192,4.971711603741968,-0.06351960374196874
2773,4.908877,4.972321613885979,-0.063444613885979
2774,4.9190598,4.9733179659566895,-0.0542581659566892
2775,4.9368386,4.975379821572493,-0.03854122157249318
2776,4.9595065,4.97774325869462,-0.018236758694619937
2777,4.981866,4.979952403154577,0.0019135968454229157
2778,5.0064774,4.982713845425714,0.023763554574285806
2779,5.0302515,4.985625051086312,0.0446264489136885
2780,5.053529,4.9886033402725625,0.06492565972743769
2781,5.074624,4.991864317310918,0.0827596826890824
2782,5.093845,4.9952573730509195,0.09858762694908041
2783,5.108587,4.9989094338611,0.10967756613889978
2784,5.118454,5.002566914685129,0.11588708531487057
2785,5.1231875,5.006495172252185,0.11669232774781513
2786,5.1232886,5.010606098510708,0.11268250148929226
2787,5.1224604,5.014664879782585,0.10779552021741434
2788,5.123107,5.018838851276766,0.10426814872323398
2789,5.128657,5.022896517258921,0.1057604827410783
2790,5.1391807,5.027491659300945,0.11168904069905494
2791,5.151997,5.0320100916429285,0.11998690835707126
2792,5.167806,5.0362083973691565,0.1315976026308432
2793,5.1814346,5.040434098492909,0.14100050150709098
2794,5.191938,5.044340234288118,0.14759776571188254
2795,5.198578,5.048462081627607,0.1501159183723937
2796,5.2039785,5.0524347897792445,0.1515437102207553
2797,5.213488,5.056612552301883,0.15687544769811712
2798,5.2239184,5.060691484840684,0.1632269151593153
2799,5.2340765,5.06400220324271,0.17007429675728947
2800,5.247102,5.068905295087896,0.1781967049121036
2801,5.257064,5.07396992856539,0.18309407143460987
2802,5.265785,5.077143117173291,0.18864188282670913
2803,5.2766953,5.079190395851349,0.1975049041486514
2804,5.2873034,5.081101684946061,0.2062017150539388
2805,5.296173,5.083369181970054,0.2128038180299452
2806,5.298911,5.085619390372424,0.21329160962757676
2807,5.2969947,5.087537753333785,0.20945694666621506
2808,5.2924695,5.088600076274104,0.20386942372589623
2809,5.2869687,5.089966466500109,0.19700223349989088
2810,5.2835245,5.091527701161119,0.19199679883888177
2811,5.2781906,5.092655040515825,0.18553555948417522
2812,5.276374,5.093199184890847,0.1831748151091528
2813,5.2760873,5.093501835967727,0.1825854640322735
2814,5.2733274,5.093540203163321,0.17978719683667954
2815,5.2694855,5.093913795535492,0.17557170446450776
2816,5.2657022,5.094198500271994,0.17150369972800572
2817,5.2598977,5.093925401993264,0.16597229800673574
2818,5.254809,5.094000862855603,0.16080813714439657
2819,5.249964,5.093703052814841,0.15626094718515926
2820,5.2488065,5.093425336828785,0.15538116317121453
2821,5.2529364,5.0931467206275745,0.15978967937242583
2822,5.2584634,5.09285554826966,0.1656078517303401
2823,5.259163,5.092878632309649,0.16628436769035115
2824,5.254008,5.092636778141004,0.161371221858996
2825,5.243783,5.093134852747956,0.15064814725204378
2826,5.2345557,5.09360678061141,0.14094891938859
2827,5.2352357,5.093515765809916,0.14171993419008366
2828,5.23668,5.0933273129667676,0.14335268703323223
2829,5.238711,5.093228704292679,0.14548229570732119
2830,5.241149,5.093403255258251,0.14774574474174873
2831,5.243818,5.093711773004917,0.15010622699508325
2832,5.246538,5.094036504835901,0.15250149516409905
2833,5.249132,5.094700243427612,0.1544317565723885
2834,5.2514224,5.095638024458132,0.15578437554186841
2835,5.2532306,5.0966414648900695,0.15658913510993067
2836,5.254378,5.097506722457623,0.15687127754237729
2837,5.247214,5.0985324964744505,0.1486815035255491
2838,5.199612,5.10030376383885,0.09930823616114992
2839,5.136733,5.101608222766829,0.035124777233171756
2840,5.0821633,5.102871862851448,-0.020708562851447176
2841,5.0401764,5.10426516587953,-0.06408876587953038
2842,5.0126886,5.105551184067825,-0.09286258406782544
2843,4.9957514,5.107010854894872,-0.11125945489487243
2844,4.987087,5.108439537526863,-0.12135253752686292
2845,4.9862714,5.110250918316547,-0.1239795183165473
2846,4.9935074,5.112320229734429,-0.11881282973442886
2847,5.006519,5.1144175256556625,-0.1078985256556626
2848,5.0211563,5.116413977133659,-0.09525767713365862
2849,5.031735,5.119226143706914,-0.08749114370691391
2850,5.0398145,5.122703196053542,-0.08288869605354154
2851,5.0468063,5.1253873107319095,-0.07858101073190937
2852,5.049029,5.127725252140403,-0.07869625214040266
2853,5.054452,5.13019952149857,-0.07574752149856945
2854,5.064816,5.132621936239004,-0.06780593623900355
2855,5.0748835,5.135341300250225,-0.060457800250224736
2856,5.087884,5.138265226982399,-0.050381226982398886
2857,5.1013556,5.14123395268224,-0.0398783526822406
2858,5.115169,5.144257509886707,-0.02908850988670686
2859,5.1273217,5.1471679189861685,-0.019846218986168118
2860,5.1396475,5.150178828686875,-0.01053132868687534
2861,5.1520743,5.153309493397015,-0.0012351933970151663
2862,5.165439,5.156364785873386,0.009074214126614244
2863,5.1784067,5.159779756599013,0.018626943400986917
2864,5.189549,5.163048639393345,0.02650036060665517
2865,5.196378,5.166674354834041,0.029703645165959358
2866,5.1984525,5.170319831052908,0.028132668947091766
2867,5.191865,5.173318326645349,0.018546673354650878
2868,5.181042,5.1763284716363405,0.004713528363659236
2869,5.166966,5.1793372184403115,-0.012371218440311083
2870,5.159101,5.18240698610495,-0.02330598610495027
2871,5.1554174,5.185197744808625,-0.029780344808624903
2872,5.1571994,5.1879076934745925,-0.030708293474592807
2873,5.1654577,5.190544900476663,-0.025087200476662908
2874,5.178677,5.1930764450318545,-0.014399445031854086
2875,5.195872,5.195755074212742,0.00011692578725774894
2876,5.216385,5.198120977977591,0.018264022022409065
2877,5.238827,5.200693145109923,0.03813385489007626
2878,5.2624335,5.202804926952159,0.059628573047841193
2879,5.285169,5.204092236175996,0.08107676382400353
2880,5.3058724,5.205131859185095,0.10074054081490491
2881,5.3267703,5.205912954009926,0.12085734599007392
2882,5.345571,5.206497503945728,0.13907349605427122
2883,5.3628626,5.206509726150472,0.1563528738495279
2884,5.378335,5.206383866779254,0.1719511332207455
2885,5.3927426,5.2061531703054005,0.18658942969459957
2886,5.403257,5.205425773747301,0.1978312262526991
2887,5.4107175,5.2042855278753795,0.20643197212462017
2888,5.4110894,5.2029764914948595,0.2081129085051403
2889,5.4073215,5.201535247718531,0.2057862522814693
2890,5.3995667,5.199620625117172,0.19994607488282856
2891,5.3869314,5.197212144240429,0.18971925575957105
2892,5.3655787,5.194379040301292,0.17119965969870865
2893,5.337821,5.191242666952971,0.14657833304702894
2894,5.3101096,5.187787271889972,0.12232232811002763
2895,5.285938,5.184032146976628,0.1019058530233714
2896,5.2646246,5.179724693295817,0.0848999067041829
2897,5.241709,5.17499581674481,0.0667131832551906
2898,5.207623,5.1697885539579165,0.037834446042083414
2899,5.160335,5.164112230433915,-0.00377723043391498
2900,5.1089425,5.157823309350755,-0.048880809350754895
2901,5.0643363,5.1511638587089665,-0.08682755870896663
2902,5.0289807,5.144696602029212,-0.115715902029212
2903,5.0019946,5.137519959640787,-0.13552535964078682
2904,4.9858966,5.129542829885819,-0.1436462298858192
2905,4.972474,5.121011586336955,-0.14853758633695513
2906,4.9634805,5.1122376378733625,-0.1487571378733623
2907,4.9548373,5.103082900607336,-0.1482456006073356
2908,4.9415197,5.093387337592407,-0.1518676375924075
2909,4.9218063,5.083305893178811,-0.16149959317881102
2910,4.8925223,5.072962001432721,-0.1804397014327206
2911,4.8533816,5.0623496262335275,-0.20896802623352784
2912,4.80626,5.051371561841624,-0.24511156184162441
2913,4.7589135,5.040068932122668,-0.28115543212266747
2914,4.721298,5.028446885820471,-0.30714888582047095
2915,4.693661,5.016749581766998,-0.3230885817669984
2916,4.6763043,5.004925249033725,-0.3286209490337253
2917,4.667451,4.992813078513441,-0.32536207851344123
2918,4.663875,4.980379217797065,-0.31650421779706495
2919,4.664809,4.967965351976081,-0.3031563519760807
2920,4.666772,4.955497058631271,-0.28872505863127085
2921,4.6712484,4.942998263822897,-0.27174986382289745
2922,4.672845,4.930400406783571,-0.25755540678357125
2923,4.677213,4.918495877766902,-0.24128287776690183
2924,4.6836658,4.906691404265687,-0.22302560426568707
2925,4.6890783,4.894028396570333,-0.20495009657033236
2926,4.6926475,4.881883457402243,-0.18923595740224375
2927,4.694432,4.870485729884388,-0.17605372988438805
2928,4.695588,4.858923946212164,-0.16333594621216374
2929,4.692399,4.847130812450254,-0.1547318124502537
2930,4.6933618,4.835614612252057,-0.14225281225205677
2931,4.6929483,4.824614406387291,-0.13166610638729104
2932,4.6974344,4.814024837038846,-0.11659043703884642
2933,4.7023063,4.803872431428501,-0.10156613142850102
2934,4.705952,4.794200605573238,-0.08824860557323788
2935,4.7068624,4.7850470865925745,-0.07818468659257416
2936,4.707271,4.776604841234631,-0.06933384123463071
2937,4.7109146,4.768770372552567,-0.057855772552567686
2938,4.7210803,4.761349365020233,-0.040269065020233086
2939,4.738544,4.754767687225912,-0.01622368722591183
2940,4.7615695,4.749541364440738,0.01202813555926241
2941,4.7902274,4.745259865806664,0.044967534193336434
2942,4.822498,4.741364273786649,0.08113372621335113
2943,4.8520484,4.738982104687752,0.11306629531224832
2944,4.863919,4.7375413593601055,0.12637764063989465
2945,4.838813,4.736167665948766,0.10264533405123366
2946,4.789762,4.735610380041889,0.054151619958110686
2947,4.7344284,4.735863002875346,-0.001434602875346691
2948,4.6954117,4.736181567136766,-0.040769867136766
2949,4.6753016,4.73701193005749,-0.06171033005749038
2950,4.6718097,4.738419678510846,-0.06660997851084627
2951,4.68316,4.74075009533916,-0.05759009533915993
2952,4.7057595,4.743765550106426,-0.03800605010642588
2953,4.735357,4.747000143046779,-0.011643143046779159
2954,4.7658563,4.751077794744511,0.014778505255489627
2955,4.7928424,4.755655386098109,0.03718701390189061
2956,4.810402,4.761139141861677,0.04926285813832276
2957,4.8165393,4.7670825879014345,0.04945671209856517
2958,4.8183017,4.773272098221126,0.04502960177887427
2959,4.814705,4.783025515230452,0.03167948476954763
2960,4.8094873,4.793755943035457,0.015731356964542975
2961,4.799347,4.80316285455325,-0.0038158545532498422
2962,4.7867093,4.811140732787352,-0.024431432787351604
2963,4.772461,4.819849751021438,-0.04738875102143858
2964,4.755248,4.827925995191191,-0.07267799519119134
2965,4.733864,4.835804257984872,-0.1019402579848725
2966,4.719416,4.844331204330786,-0.12491520433078573
2967,4.7080145,4.8535223427542435,-0.14550784275424355
2968,4.7027783,4.862160218009433,-0.1593819180094327
2969,4.7000055,4.872444583025744,-0.1724390830257443
2970,4.700093,4.8821452827436715,-0.1820522827436717
2971,4.702245,4.89023845249773,-0.18799345249773047
2972,4.703559,4.8978773300870175,-0.19431833008701727
2973,4.6979675,4.9068076806565815,-0.2088401806565816
2974,4.690072,4.9156556950895265,-0.2255836950895267
2975,4.6786695,4.923458709823876,-0.24478920982387642
2976,4.6678553,4.931613273502244,-0.26375797350224417
2977,4.6581125,4.939880179671905,-0.28176767967190575
2978,4.6509347,4.947176142379098,-0.296241442379098
2979,4.6468267,4.952813381889744,-0.30598668188974365
2980,4.6500974,4.958140848786469,-0.30804344878646894
2981,4.663521,4.963525819671112,-0.3000048196711118
2982,4.686882,4.969725289036944,-0.28284328903694433
2983,4.715961,4.974773682008358,-0.25881268200835805
2984,4.745176,4.979827157110377,-0.23465115711037754
2985,4.7684226,4.984850497664862,-0.21642789766486192
2986,4.7749305,4.990416042233501,-0.21548554223350092
2987,4.757577,4.995312120378568,-0.23773512037856737
2988,4.7232003,5.000054267852445,-0.2768539678524444
2989,4.6876016,5.004248250570768,-0.31664665057076835
2990,4.657964,5.0086097672401095,-0.35064576724010976
2991,4.641037,5.012154124456556,-0.3711171244565561
2992,4.634707,5.015214985424574,-0.38050798542457454
2993,4.6374793,5.0180965076095605,-0.38061720760956064
2994,4.649348,5.021362614748404,-0.37201461474840425
2995,4.664131,5.024647401461713,-0.3605164014617124
2996,4.670952,5.028123055125291,-0.3571710551252911
2997,4.6646967,5.0316108871502045,-0.3669141871502042
2998,4.6440406,5.035222820601154,-0.39118222060115393
2999,4.619703,5.038880176990637,-0.4191771769906367
3000,4.596812,5.04296470298069,-0.4461527029806902
3001,4.581097,5.047081075442794,-0.46598407544279397
3002,4.576327,5.051373134206649,-0.4750461342066492
3003,4.579639,5.055607055610818,-0.4759680556108181
3004,4.5953116,5.059180088093758,-0.463868488093758
3005,4.617813,5.063443986725155,-0.44563098672515533
3006,4.646407,5.068191279488934,-0.42178427948893393
3007,4.677087,5.072965134977568,-0.3958781349775675
3008,4.707599,5.0771478807575585,-0.36954888075755843
3009,4.7348533,5.081187005756282,-0.3463337057562814
3010,4.755796,5.085167682584204,-0.32937168258420346
3011,4.773652,5.08812156833809,-0.31446956833808937
3012,4.7910876,5.091116534892697,-0.3000289348926968
3013,4.809688,5.093110574318139,-0.28342257431813866
3014,4.827523,5.0947512263229795,-0.26722822632297927
3015,4.8402677,5.096368740015874,-0.2561010400158743
3016,4.846961,5.097975807864672,-0.2510148078646717
3017,4.854721,5.098720623369102,-0.24399962336910264
3018,4.8618536,5.098306548760737,-0.2364529487607374
3019,4.8734403,5.097486926817911,-0.22404662681791088
3020,4.88459,5.096084091223362,-0.21149409122336138
3021,4.894904,5.094503232505114,-0.1995992325051139
3022,4.9054794,5.092296474894778,-0.18681707489477795
3023,4.918374,5.089851144850929,-0.1714771448509289
3024,4.928904,5.087607053222366,-0.1587030532223661
3025,4.938914,5.084760872879926,-0.14584687287992626
3026,4.9452505,5.080488950024631,-0.13523845002463109
3027,4.9426084,5.07571166530041,-0.13310326530041028
3028,4.9138694,5.070637242456326,-0.15676784245632547
3029,4.8639383,5.065325601082153,-0.20138730108215253
3030,4.8090158,5.059562458927904,-0.2505466589279042
3031,4.757988,5.053456538979647,-0.2954685389796472
3032,4.7149973,5.047247978808445,-0.3322506788084443
3033,4.675839,5.040322882113491,-0.3644838821134915
3034,4.6460595,5.033934344412491,-0.3878748444124911
3035,4.6289587,5.027593992846572,-0.3986352928465715
3036,4.6239057,5.021128936621661,-0.39722323662166126
3037,4.6333117,5.015122348345257,-0.38181064834525724
3038,4.651458,5.008787811341467,-0.3573298113414669
3039,4.6749597,5.002281661519593,-0.32732196151959325
3040,4.702919,4.995463558682753,-0.29254455868275375
3041,4.7305155,4.98969665299949,-0.2591811529994903
3042,4.7528405,4.984305591575302,-0.23146509157530204
3043,4.764109,4.978134822910391,-0.21402582291039085
3044,4.756269,4.971838971794283,-0.2155699717942836
3045,4.733272,4.966022689044399,-0.23275068904439866
3046,4.7045984,4.960296647755103,-0.2556982477551033
3047,4.6802683,4.955716827848408,-0.27544852784840845
3048,4.6670456,4.951189756735544,-0.28414415673554405
3049,4.6641245,4.946516457462833,-0.2823919574628331
3050,4.671874,4.942238917132099,-0.270364917132099
3051,4.6891394,4.937813082864182,-0.24867368286418223
3052,4.7113485,4.934284725336402,-0.22293622533640267
3053,4.7366943,4.931269562494284,-0.19457526249428447
3054,4.7595367,4.9279264015331865,-0.16838970153318655
3055,4.766883,4.924558743963087,-0.15767574396308692
3056,4.7585135,4.921873211590907,-0.1633597115909069
3057,4.735333,4.9201134027835405,-0.1847804027835407
3058,4.71437,4.918151219400992,-0.2037812194009927
3059,4.6994805,4.916605955137879,-0.21712545513787873
3060,4.690823,4.915463061504281,-0.22464006150428073
3061,4.693061,4.913324874940416,-0.22026387494041622
3062,4.700882,4.9120050326068965,-0.21112303260689647
3063,4.7140646,4.910449735807474,-0.19638513580747397
3064,4.7306876,4.907871013525472,-0.17718341352547196
3065,4.747367,4.905753263057308,-0.15838626305730852
3066,4.7631803,4.903760438017261,-0.14058013801726066
3067,4.778283,4.903083526547854,-0.12480052654785379
3068,4.7833242,4.901979747332951,-0.11865554733295092
3069,4.7702985,4.900411672064082,-0.1301131720640818
3070,4.7438126,4.898599670689935,-0.15478707068993458
3071,4.716641,4.897050688546126,-0.18040968854612593
3072,4.6917367,4.896130006291321,-0.2043933062913208
3073,4.670807,4.895501917131073,-0.2246949171310728
3074,4.647266,4.894779561858119,-0.2475135618581188
3075,4.6218023,4.894100614432783,-0.2722983144327831
3076,4.6000724,4.893413248127751,-0.29334084812775085
3077,4.5849924,4.893712785499704,-0.30872038549970426
3078,4.5785522,4.894648028630179,-0.3160958286301794
3079,4.576928,4.894820920126747,-0.31789292012674775
3080,4.5794744,4.895924870701224,-0.31645047070122434
3081,4.582851,4.896854229098041,-0.31400322909804146
3082,4.584977,4.898625000583447,-0.3136480005834468
3083,4.5876193,4.900282304743225,-0.31266300474322506
3084,4.5901,4.901177180639181,-0.311077180639181
3085,4.5927396,4.902384575784755,-0.3096449757847548
3086,4.5954385,4.9041538448298745,-0.3087153448298743
3087,4.6002307,4.906601735373509,-0.30637103537350896
3088,4.605701,4.909040881928194,-0.30333988192819383
3089,4.612891,4.910861800439418,-0.29797080043941726
3090,4.618955,4.9132033236617,-0.2942483236617006
3091,4.618748,4.915563787218403,-0.29681578721840296
3092,4.6161313,4.9188193804087055,-0.3026880804087053
3093,4.6144605,4.921727108897926,-0.3072666088979261
3094,4.6147103,4.924377010256298,-0.3096667102562982
3095,4.6174173,4.927071288269098,-0.3096539882690985
3096,4.623629,4.929735629899128,-0.3061066298991282
3097,4.6306067,4.932965635799443,-0.3023589357994423
3098,4.6410775,4.935851037291106,-0.294773537291106
3099,4.6515756,4.9383661839073545,-0.28679058390735435
3100,4.6638694,4.94041683613698,-0.27654743613697974
3101,4.6812873,4.9426499635464465,-0.2613626635464463
3102,4.7047095,4.944712359745768,-0.2400028597457684
3103,4.72681,4.947433183413009,-0.22062318341300902
3104,4.7348094,4.948869727970334,-0.21406032797033436
3105,4.733289,4.950270480872156,-0.21698148087215596
3106,4.7304945,4.951480752731009,-0.22098625273100936
3107,4.7265577,4.952415576681661,-0.22585787668166102
3108,4.721609,4.953048386126154,-0.2314393861261541
3109,4.715781,4.953263292900949,-0.2374822929009488
3110,4.709204,4.953683043480055,-0.24447904348005522
3111,4.7020097,4.9540837081768645,-0.25207400817686487
3112,4.694329,4.954174525978959,-0.2598455259789594
3113,4.6862926,4.953901844609176,-0.2676092446091758
3114,4.678033,4.952786325499491,-0.27475332549949094
3115,4.669584,4.951773503129881,-0.28218950312988067
3116,4.6615524,4.950322899212538,-0.2887704992125384
3117,4.6474,4.948798322289707,-0.30139832228970675
3118,4.617181,4.947352172851669,-0.33017117285166897
3119,4.602393,4.946285383792476,-0.34389238379247544
3120,4.588282,4.944762644556428,-0.35648064455642725
3121,4.5732303,4.942824364195726,-0.36959406419572627
3122,4.555555,4.940856404856004,-0.38530140485600395
3123,4.5386167,4.938393227601226,-0.39977652760122595
3124,4.5195966,4.93545793437732,-0.4158613343773201
3125,4.503141,4.932859110146416,-0.4297181101464158
3126,4.4916434,4.929889940602737,-0.43824654060273716
3127,4.4868064,4.927087395487446,-0.4402809954874458
3128,4.4858313,4.924502972522222,-0.43867167252222217
3129,4.488644,4.9214129913753935,-0.4327689913753936
3130,4.4936304,4.917987019006025,-0.4243566190060255
3131,4.501576,4.914361714352816,-0.4127857143528164
3132,4.513369,4.910593217216833,-0.39722421721683343
3133,4.5250015,4.906876159755149,-0.381874659755149
3134,4.5385904,4.902764299190229,-0.364173899190229
3135,4.554913,4.898179294018152,-0.3432662940181519
3136,4.570004,4.893140964673472,-0.32313696467347164
3137,4.569674,4.888142449116226,-0.3184684491162262
3138,4.5653796,4.882877591295962,-0.3174979912959621
3139,4.547169,4.877028751693632,-0.3298597516936317
3140,4.523951,4.871250449591667,-0.3472994495916666
3141,4.4971,4.865172991707424,-0.36807299170742436
3142,4.4745154,4.858572036992223,-0.3840566369922236
3143,4.455039,4.851408002542,-0.39636900254199947
3144,4.4358497,4.843883269750828,-0.4080335697508275
3145,4.421328,4.836131196020881,-0.41480319602088134
3146,4.408448,4.828165960654085,-0.4197179606540855
3147,4.3848166,4.820289575474374,-0.435472975474374
3148,4.343315,4.812220942303941,-0.468905942303941
3149,4.296779,4.8039327635121705,-0.5071537635121706
3150,4.2543283,4.79627188480105,-0.5419435848010501
3151,4.216956,4.787795660019644,-0.5708396600196446
3152,4.191479,4.779203759401543,-0.5877247594015431
3153,4.1716766,4.770579654315918,-0.598903054315918
3154,4.1544366,4.761277854566393,-0.606841254566393
3155,4.1355796,4.7530651948784115,-0.6174855948784117
3156,4.1142797,4.75012522499387,-0.6358455249938704
3157,4.086292,4.746149592677103,-0.6598575926771026
3158,4.0555115,4.7376473500721685,-0.6821358500721688
3159,4.0212708,4.729299022823473,-0.7080282228234731
3160,3.9894147,4.720890868713643,-0.7314761687136428
3161,3.9601767,4.713427937907144,-0.7532512379071443
3162,3.941088,4.7057201791082015,-0.7646321791082014
3163,3.9277039,4.698108663842507,-0.7704047638425067
3164,3.9225278,4.690074134703351,-0.7675463347033507
3165,3.9224625,4.682150347236633,-0.7596878472366333
3166,3.9297888,4.675008857692868,-0.745220057692868
3167,3.947925,4.668515668022581,-0.7205906680225813
3168,3.9680426,4.662133673175119,-0.6940910731751191
3169,3.9875958,4.656192994809736,-0.668597194809736
3170,4.000655,4.651305218587763,-0.6506502185877627
3171,4.009636,4.646904002377906,-0.6372680023779056
3172,4.0132117,4.644144264358806,-0.6309325643588055
3173,4.022755,4.64181363062556,-0.6190586306255597
3174,4.037501,4.638086575575138,-0.6005855755751384
3175,4.058904,4.635364857225719,-0.5764608572257188
3176,4.081363,4.635936572798937,-0.5545735727989376
3177,4.1153784,4.636855650347359,-0.5214772503473588
3178,4.154977,4.635424451397334,-0.48044745139733447
3179,4.1962466,4.634957389511952,-0.4387107895119513
3180,4.2362847,4.6350403008498935,-0.3987556008498938
3181,4.287151,4.635181036858208,-0.34803003685820855
3182,4.319871,4.636536699078032,-0.3166656990780323
3183,4.337565,4.638210145967898,-0.3006451459678985
3184,4.3517575,4.639349960723351,-0.2875924607233511
3185,4.3644586,4.640973388591299,-0.2765147885912995
3186,4.3744836,4.643248255974129,-0.26876465597412924
3187,4.37196,4.647346930574336,-0.27538693057433594
3188,4.354415,4.65156378837539,-0.2971487883753898
3189,4.3263516,4.655682278110627,-0.3293306781106269
3190,4.3033957,4.660123593102288,-0.3567278931022875
3191,4.289406,4.665060684125747,-0.3756546841257471
3192,4.2844596,4.670506327514304,-0.38604672751430424
3193,4.285331,4.676036563750525,-0.390705563750525
3194,4.2873187,4.681635655772535,-0.3943169557725348
3195,4.284139,4.687735420900832,-0.4035964209008327
3196,4.2959223,4.6943095470232725,-0.39838724702327255
3197,4.3143616,4.701393644161575,-0.38703204416157533
3198,4.3409295,4.708869424841172,-0.36793992484117233
3199,4.3724875,4.716404164496591,-0.3439166644965912
3200,4.4022326,4.724463710014508,-0.3222311100145081
3201,4.4300714,4.732353425616053,-0.3022820256160532
3202,4.4582205,4.740584177518135,-0.28236367751813507
3203,4.4834695,4.749217556712642,-0.265748056712642
3204,4.4937253,4.757738233925384,-0.2640129339253834
3205,4.505227,4.766366184021628,-0.26113918402162817
3206,4.5163965,4.7752749789828925,-0.2588784789828926
3207,4.5215735,4.785496547327825,-0.26392304732782534
3208,4.5272775,4.795394842928164,-0.26811734292816336
3209,4.5307074,4.804645489968844,-0.27393808996884417
3210,4.530754,4.814109670531981,-0.2833556705319813
3211,4.5250726,4.82304621050636,-0.29797361050635995
3212,4.5079064,4.831905146117239,-0.32399874611723867
3213,4.483345,4.8411814765718875,-0.35783647657188755
3214,4.4606314,4.850365417382221,-0.3897340173822217
3215,4.443401,4.858894019298096,-0.4154930192980961
3216,4.432468,4.867250013401575,-0.4347820134015752
3217,4.424686,4.875114813136372,-0.45042881313637206
3218,4.419376,4.882238604887693,-0.46286260488769315
3219,4.417899,4.892677174674929,-0.47477817467492844
3220,4.4187207,4.905144637976158,-0.48642393797615835
3221,4.423332,4.913028747545316,-0.4896967475453158
3222,4.4301996,4.917069899262966,-0.4868702992629661
3223,4.437936,4.9209471186400755,-0.48301111864007584
3224,4.4451294,4.923794153637122,-0.4786647536371218
3225,4.4474053,4.925393121825691,-0.4779878218256908
3226,4.447719,4.926871686904897,-0.47915268690489654
3227,4.4486313,4.927095197149427,-0.4784638971494273
3228,4.448653,4.926357149971548,-0.4777041499715482
3229,4.4487023,4.9247263360830935,-0.4760240360830936
3230,4.445063,4.921720051668567,-0.47665705166856664
3231,4.4369016,4.917517541198573,-0.48061594119857354
3232,4.426188,4.912477634358617,-0.4862896343586174
3233,4.4101386,4.91218453713198,-0.5020459371319799
3234,4.3817782,4.910331003784356,-0.5285528037843559
3235,4.338004,4.901191143281883,-0.5631871432818834
3236,4.2904487,4.891853581071655,-0.6014048810716552
3237,4.2480807,4.88197713533304,-0.6338964353330399
3238,4.2125983,4.871412960346124,-0.658814660346124
3239,4.1877694,4.860517117745457,-0.672747717745457
3240,4.1719403,4.848993480277661,-0.6770531802776611
3241,4.1660504,4.840971210818559,-0.6749208108185591
3242,4.1696754,4.832104085689367,-0.6624286856893669
3243,4.17329,4.820974863494755,-0.6476848634947556
3244,4.170072,4.810107169584861,-0.640035169584861
3245,4.1590433,4.7986626740955804,-0.63961937409558
3246,4.1399655,4.788120185176889,-0.6481546851768893
3247,4.121231,4.77821687994098,-0.6569858799409802
3248,4.1033053,4.76803980258176,-0.6647345025817604
3249,4.082246,4.758701799797756,-0.6764557997977567
3250,4.0614634,4.7500928561381865,-0.6886294561381865
3251,4.0465436,4.74234589269195,-0.6958022926919503
3252,4.0391836,4.735228748779898,-0.6960451487798975
3253,4.0433273,4.729254240654127,-0.6859269406541273
3254,4.0597434,4.723772266873793,-0.6640288668737924
3255,4.085263,4.718640277072631,-0.6333772770726309
3256,4.116926,4.714613841901642,-0.5976878419016414
3257,4.1509676,4.711887669267561,-0.5609200692675609
3258,4.1861753,4.710991479854819,-0.5248161798548185
3259,4.221697,4.710744760251304,-0.4890477602513039
3260,4.256678,4.710556580822465,-0.45387858082246524
3261,4.290266,4.710997467229034,-0.4207314672290341
3262,4.321608,4.712329149375246,-0.3907211493752456
3263,4.3498516,4.71515637480538,-0.36530477480537993
3264,4.374143,4.718549480054249,-0.344406480054249
3265,4.393629,4.7220973517436615,-0.32846835174366174
3266,4.4074574,4.727147164272485,-0.31968976427248474
3267,4.414774,4.732541808978351,-0.3177678089783509
3268,4.4013543,4.738833152148558,-0.3374788521485579
3269,4.363232,4.746155078851455,-0.38292307885145505
3270,4.321172,4.752800298853183,-0.431628298853183
3271,4.288798,4.759268545041425,-0.47047054504142505
3272,4.2669525,4.765994199332332,-0.49904169933233167
3273,4.2579856,4.77385891190515,-0.5158733119051506
3274,4.25463,4.781996628078076,-0.5273666280780764
3275,4.2606378,4.789266473621009,-0.5286286736210091
3276,4.2739725,4.796720659116145,-0.5227481591161451
3277,4.293481,4.804917324953241,-0.511436324953241
3278,4.317843,4.8142797327043105,-0.49643673270431066
3279,4.3410916,4.823348747593042,-0.4822571475930415
3280,4.3610086,4.830951999202609,-0.4699433992026094
3281,4.380562,4.838048515070813,-0.45748651507081295
3282,4.394866,4.844512147867634,-0.44964614786763324
3283,4.40743,4.850930341163202,-0.4435003411632019
3284,4.4114814,4.85711742428091,-0.4456360242809092
3285,4.402868,4.862676088450252,-0.45980808845025223
3286,4.3862143,4.869625140675571,-0.48341084067557105
3287,4.369654,4.875639061036646,-0.5059850610366459
3288,4.363389,4.879995660995781,-0.5166066609957811
3289,4.3648596,4.885121929418427,-0.5202623294184274
3290,4.374966,4.889165873217154,-0.5141998732171542
3291,4.3911123,4.893033632260928,-0.5019213322609284
3292,4.4109397,4.89684070275172,-0.4859010027517199
3293,4.432072,4.900806492517296,-0.4687344925172958
3294,4.4528317,4.905340463818576,-0.4525087638185763
3295,4.4698615,4.908916118622325,-0.43905461862232453
3296,4.479623,4.912381405522496,-0.4327584055224962
3297,4.4840927,4.915960551334146,-0.43186785133414585
3298,4.483818,4.920103908029083,-0.43628590802908285
3299,4.4840264,4.92413470503421,-0.44010830503420983
3300,4.488387,4.928353734717623,-0.4399667347176228
3301,4.4973407,4.932100027464058,-0.4347593274640582
3302,4.5104523,4.936308428374944,-0.425856128374944
3303,4.525662,4.940863026406636,-0.4152010264066366
3304,4.5413218,4.945604704992918,-0.4042829049929173
3305,4.5591254,4.949628220644207,-0.3905028206442065
3306,4.5742373,4.954098679400925,-0.3798613794009249
3307,4.5885653,4.958624278666091,-0.3700589786660906
3308,4.599834,4.962938106623468,-0.36310410662346726
3309,4.606224,4.967207053321907,-0.36098305332190694
3310,4.607082,4.971330293511913,-0.36424829351191246
3311,4.606866,4.976031606419645,-0.3691656064196449
3312,4.607157,4.9807733667027545,-0.37361636670275455
3313,4.6115146,4.985103994224128,-0.37358939422412885
3314,4.6199365,4.9896467872041255,-0.3697102872041258
3315,4.6318045,4.993676981316106,-0.36187248131610605
3316,4.6392584,4.997906750674589,-0.35864835067458856
3317,4.64593,5.0016184252890845,-0.3556884252890846
3318,4.647727,5.0056183485167365,-0.35789134851673676
3319,4.645498,5.00968782730731,-0.3641898273073103
3320,4.6374598,5.013841366906378,-0.37638156690637814
3321,4.6063147,5.017601937391149,-0.41128723739114825
3322,4.590828,5.021121907246744,-0.4302939072467442
3323,4.576309,5.024469821914714,-0.44816082191471374
3324,4.5679693,5.028035215867144,-0.46006591586714407
3325,4.568646,5.031001985762685,-0.46235598576268444
3326,4.5744696,5.0342678876760445,-0.4597982876760449
3327,4.587857,5.037416102438881,-0.4495591024388812
3328,4.607412,5.04040591263554,-0.4329939126355402
3329,4.632468,5.043350283542052,-0.41088228354205203
3330,4.6614184,5.046140104936775,-0.3847217049367755
3331,4.692878,5.049045521879966,-0.35616752187996603
3332,4.7255216,5.052482971843176,-0.32696137184317564
3333,4.758071,5.055990469241677,-0.2979194692416769
3334,4.7883368,5.059031904401975,-0.270695104401975
3335,4.8143125,5.061741340122851,-0.2474288401228515
3336,4.835955,5.064650914527829,-0.22869591452782867
3337,4.853892,5.067849643794361,-0.21395764379436066
3338,4.8669214,5.071459138477757,-0.20453773847775736
3339,4.8774743,5.075190469923209,-0.19771616992320862
3340,4.8879776,5.078622680950851,-0.19064508095085042
3341,4.8998837,5.0818254679722585,-0.18194176797225836
3342,4.913173,5.085170055553042,-0.17199705555304234
3343,4.931466,5.087860584244101,-0.1563945842441008
3344,4.9487567,5.090544806671111,-0.14178810667111108
3345,4.969467,5.093274676141225,-0.12380767614122501
3346,4.988011,5.096177817358752,-0.108166817358752
3347,5.0043488,5.099244507914013,-0.09489570791401292
3348,5.021408,5.102028437366364,-0.08062043736636415
3349,5.0368676,5.104922245717048,-0.06805464571704789
3350,5.0517654,5.107475920879953,-0.055710520879952874
3351,5.061181,5.109914821589802,-0.048733821589801884
3352,5.0646853,5.11240317577484,-0.04771787577483977
3353,5.0640607,5.115157319123885,-0.05109661912388486
3354,5.05844,5.117843642840148,-0.059403642840147874
3355,5.048707,5.1195920260029935,-0.07088502600299318
3356,5.0350623,5.121467447351619,-0.08640514735161897
3357,5.0165687,5.123220031029752,-0.10665133102975233
3358,5.0002203,5.124560180660811,-0.12433988066081181
3359,4.9844503,5.126098397037747,-0.1416480970377476
3360,4.972451,5.127576140735846,-0.15512514073584605
3361,4.956092,5.128845895613466,-0.1727538956134662
3362,4.934058,5.130164344019587,-0.1961063440195865
3363,4.9060864,5.131985946846006,-0.22589954684600588
3364,4.875385,5.13360502993133,-0.25822002993133
3365,4.8450036,5.134839968098509,-0.2898363680985092
3366,4.817058,5.135901872071899,-0.31884387207189846
3367,4.794726,5.136872585980811,-0.34214658598081105
3368,4.778678,5.138518281707632,-0.3598402817076316
3369,4.7680793,5.139892586841061,-0.37181328684106063
3370,4.759774,5.141069480076725,-0.38129548007672476
3371,4.755707,5.142139655612583,-0.386432655612583
3372,4.758654,5.143219392142406,-0.3845653921424059
3373,4.764037,5.144579436470129,-0.38054243647012864
3374,4.7730985,5.145859630165495,-0.37276113016549495
3375,4.78243,5.146890053813537,-0.36446005381353697
3376,4.7904053,5.147890325710514,-0.3574850257105142
3377,4.7965665,5.148837236942422,-0.3522707369424216
3378,4.802787,5.149737949177078,-0.3469509491770779
3379,4.8062057,5.1511915164878275,-0.3449858164878279
3380,4.809822,5.152975963626672,-0.3431539636266727
3381,4.8097425,5.153981052640886,-0.34423855264088665
3382,4.8114905,5.154924253987307,-0.34343375398730736
3383,4.814088,5.155699733554036,-0.3416117335540365
3384,4.8092403,5.156715493156797,-0.3474751931567974
3385,4.801476,5.157864549323936,-0.3563885493239356
3386,4.7934976,5.158974472838464,-0.36547687283846386
3387,4.7853847,5.160075736895015,-0.3746910368950154
3388,4.7772155,5.161163644300895,-0.38394814430089497
3389,4.769069,5.162705210926939,-0.3936362109269389
3390,4.7610254,5.164331496366628,-0.4033060963666273
3391,4.7531633,5.165619438625842,-0.4124561386258421
3392,4.745561,5.166986923934097,-0.4214259239340965
3393,4.738299,5.168193107876945,-0.4298941078769456
3394,4.7314553,5.169376614427371,-0.4379213144273706
3395,4.7251096,5.170527831526765,-0.44541823152676496
3396,4.719341,5.17160556582462,-0.4522645658246196
3397,4.714228,5.172746294608302,-0.45851829460830196
3398,4.709851,5.173726206388056,-0.4638752063880567
3399,4.706288,5.1746783152380464,-0.46839031523804664
3400,4.703618,5.1757068864329865,-0.47208888643298685
3401,4.701921,5.176267190615599,-0.47434619061559946
3402,4.70135,5.176607600358695,-0.47525760035869524
3403,4.6915436,5.176707181841002,-0.48516358184100206
3404,4.663098,5.176781708800375,-0.5136837088003752
3405,4.635259,5.176486174180576,-0.5412271741805768
3406,4.609195,5.175734015740555,-0.5665390157405552
3407,4.594741,5.174597558841968,-0.5798565588419677
3408,4.588595,5.173218000405312,-0.5846230004053119
3409,4.5916147,5.171644820320134,-0.5800301203201341
3410,4.601495,5.169456325424036,-0.5679613254240365
3411,4.614685,5.166399982945865,-0.5517149829458656
3412,4.624929,5.163022895140102,-0.5380938951401024
3413,4.63511,5.15917833890766,-0.5240683389076599
3414,4.6422553,5.15510770467523,-0.5128524046752299
3415,4.648263,5.150523231874262,-0.5022602318742617
3416,4.650902,5.145585846056455,-0.49468384605645443
3417,4.642528,5.140214459151622,-0.49768645915162146
3418,4.6165695,5.134094245422384,-0.5175247454223841
3419,4.578658,5.128038820138781,-0.5493808201387811
3420,4.535008,5.1213944562007505,-0.5863864562007501
3421,4.50079,5.114376028361797,-0.6135860283617971
3422,4.4757056,5.107046885443647,-0.6313412854436464
3423,4.456736,5.099844744631549,-0.6431087446315491
3424,4.446881,5.092713650366358,-0.6458326503663576
3425,4.4404364,5.085471214746272,-0.6450348147462721
3426,4.4308786,5.077966659346749,-0.647088059346749
3427,4.4161615,5.070535199437286,-0.6543736994372855
3428,4.394843,5.063211135197762,-0.6683681351977624
3429,4.365476,5.05617707424782,-0.6907010742478201
3430,4.328778,5.0491537178379495,-0.7203757178379497
3431,4.2940903,5.04208988549991,-0.74799958549991
3432,4.26961,5.035303627803967,-0.7656936278039668
3433,4.255912,5.028720880858281,-0.7728088808582809
3434,4.254981,5.022775440798563,-0.7677944407985633
3435,4.2632623,5.017038697086664,-0.7537763970866642
3436,4.2770877,5.0114500200764285,-0.7343623200764284
3437,4.288836,5.006149441229523,-0.717313441229523
3438,4.299117,5.001220028624218,-0.7021030286242178
3439,4.3092628,4.996916844450853,-0.687654044450853
3440,4.3152566,4.99314277900908,-0.6778861790090804
3441,4.3174276,4.98962471980626,-0.6721971198062597
3442,4.318512,4.986470276963332,-0.6679582769633319
3443,4.319541,4.983575653226669,-0.6640346532266692
3444,4.3231397,4.981250965677284,-0.6581112656772845
3445,4.3330994,4.978826945943984,-0.6457275459439842
3446,4.349363,4.976622601335678,-0.6272596013356777
3447,4.369601,4.9750449545153534,-0.6054439545153532
3448,4.3903775,4.973775788283573,-0.5833982882835738
3449,4.4173355,4.9740717707199575,-0.5567362707199575
3450,4.4399905,4.974168407681834,-0.5341779076818334
3451,4.461452,4.97361464471552,-0.5121626447155192
3452,4.4804044,4.973642965107023,-0.49323856510702235
3453,4.4945874,4.973408510779363,-0.4788211107793625
3454,4.5042505,4.97403319106595,-0.4697826910659497
3455,4.51298,4.974740592782612,-0.4617605927826123
3456,4.5183673,4.9747340585606965,-0.4563667585606961
3457,4.522099,4.975521452503726,-0.4534224525037258
3458,4.520802,4.976153806843734,-0.45535180684373433
3459,4.5166373,4.976195211325401,-0.45955791132540114
3460,4.511916,4.975740601987582,-0.46382460198758135
3461,4.5085244,4.974784880159727,-0.4662604801597272
3462,4.510617,4.973877263677591,-0.4632602636775909
3463,4.5174646,4.973662707382219,-0.45619810738221833
3464,4.5318604,4.973731062931931,-0.44187066293193045
3465,4.549117,4.972640721707333,-0.4235237217073333
3466,4.570371,4.972190937877921,-0.4018199378779217
3467,4.5925446,4.971083352699953,-0.37853875269995285
3468,4.6150336,4.970001076203892,-0.3549674762038917
3469,4.63489,4.96960843768455,-0.33471843768454956
3470,4.6579776,4.969002974964534,-0.311025374964534
3471,4.67693,4.967689557744571,-0.29075955774457185
3472,4.695488,4.96649937709197,-0.27101137709196976
3473,4.7118726,4.965294000085373,-0.2534214000853723
3474,4.723041,4.964073318670182,-0.2410323186701815
3475,4.731067,4.962827315785862,-0.23176031578586187
3476,4.723091,4.961474772145035,-0.2383837721450348
3477,4.7173038,4.960278056910854,-0.2429742569108546
3478,4.711608,4.958882350430077,-0.24727435043007695
3479,4.70898,4.957535308754977,-0.24855530875497678
3480,4.709694,4.956259120539493,-0.24656512053949342
3481,4.7171817,4.955113419374457,-0.23793171937445656
3482,4.7250986,4.953952534432311,-0.22885393443231106
3483,4.734809,4.952879123296948,-0.21807012329694775
3484,4.7453985,4.952263503955362,-0.2068650039553619
3485,4.7513723,4.9516354164791965,-0.2002631164791966
3486,4.7486596,4.950857826131595,-0.20219822613159533
3487,4.7380195,4.951253880206678,-0.21323438020667762
3488,4.7223053,4.951486463589524,-0.22918116358952378
3489,4.7045035,4.9510359834417565,-0.24653248344175616
3490,4.683559,4.950712756258055,-0.2671537562580548
3491,4.65854,4.949955250425238,-0.29141525042523764
3492,4.6318994,4.949444082807007,-0.3175446828070072
3493,4.604214,4.949036062914566,-0.34482206291456663
3494,4.5784235,4.948955741951523,-0.3705322419515227
3495,4.5531955,4.949002551676512,-0.39580705167651153
3496,4.5301843,4.948879159382307,-0.418694859382307
3497,4.509786,4.948792263332625,-0.43900626333262505
3498,4.492852,4.948579083871718,-0.455727083871718
3499,4.4771934,4.948868941115473,-0.4716755411154727
3500,4.46167,4.949115867255349,-0.48744586725534944
3501,4.450772,4.949046888196963,-0.4982748881969634
3502,4.4418664,4.948803707383959,-0.5069373073839589
3503,4.4301476,4.9484614440551375,-0.5183138440551378
3504,4.4152026,4.948182450866445,-0.532979850866445
3505,4.3942404,4.947788465477615,-0.5535480654776146
3506,4.368953,4.9471156245412296,-0.5781626245412292
3507,4.341195,4.9474343030138135,-0.6062393030138136
3508,4.318334,4.947690991242447,-0.6293569912424468
3509,4.298074,4.946248007607594,-0.6481740076075946
3510,4.2803016,4.944402732940514,-0.6641011329405142
3511,4.2634625,4.9423175459459285,-0.6788550459459284
3512,4.2424917,4.94008963026451,-0.6975979302645099
3513,4.2159543,4.9376839715649306,-0.7217296715649306
3514,4.178215,4.936863090763723,-0.7586480907637236
3515,4.145925,4.93609737395786,-0.7901723739578603
3516,4.114202,4.933402700950396,-0.8192007009503959
3517,4.083458,4.930401608145521,-0.846943608145521
3518,4.05822,4.927166224116261,-0.8689462241162609
3519,4.0333023,4.924124848204929,-0.8908225482049295
3520,4.0137405,4.920918063488151,-0.9071775634881512
3521,3.9925525,4.917399119796734,-0.924846619796734
3522,3.976278,4.913831207517811,-0.9375532075178108
3523,3.9612415,4.910751136370542,-0.949509636370542
3524,3.9446127,4.907253649143701,-0.9626409491437014
3525,3.93116,4.903080605784027,-0.9719206057840264
3526,3.927901,4.898386515789273,-0.9704855157892731
3527,3.9248135,4.893637458509652,-0.9688239585096516
3528,3.9137933,4.888733535095969,-0.9749402350959686
3529,3.903571,4.8838429595656825,-0.9802719595656826
3530,3.894224,4.87864725554881,-0.9844232555488097
3531,3.8827832,4.873251298774286,-0.990468098774286
3532,3.8652725,4.867422694093211,-1.0021501940932107
3533,3.8416333,4.8610345245941335,-1.0194012245941337
3534,3.8195453,4.854943768236239,-1.0353984682362385
3535,3.8032892,4.8485871440549655,-1.0452979440549655
3536,3.7939868,4.8418417418249255,-1.0478549418249257
3537,3.791275,4.834981617586553,-1.0437066175865533
3538,3.7982788,4.8289422951129914,-1.0306634951129916
3539,3.8076346,4.823019619614087,-1.0153850196140866
3540,3.819968,4.816586981277165,-0.9966189812771655
3541,3.8320477,4.810270624513241,-0.9782229245132412
3542,3.8394284,4.804229565290495,-0.9648011652904946
3543,3.8421543,4.7985591439335975,-0.9564048439335977
3544,3.8432312,4.7933754620559,-0.9501442620559004
3545,3.8448575,4.788816280336427,-0.9439587803364269
3546,3.8589914,4.784577032942773,-0.9255856329427727
3547,3.8688595,4.781011263501452,-0.912151763501452
3548,3.8933399,4.778969468598156,-0.8856295685981559
3549,3.9221594,4.7773488899494,-0.8551894899494004
3550,3.953186,4.776152795422864,-0.8229667954228641
3551,3.9810748,4.775873467436593,-0.7947986674365932
3552,3.992485,4.777849455385871,-0.7853644553858712
3553,3.9853625,4.780361592960008,-0.7949990929600084
3554,3.9499762,4.7817867398680844,-0.8318105398680844
3555,3.9260602,4.7839451511909665,-0.8578849511909667
3556,3.9108624,4.786662170201775,-0.875799770201775
3557,3.9076953,4.790206382208531,-0.8825110822085311
3558,3.911281,4.79460706394408,-0.8833260639440805
3559,3.912031,4.799247538744471,-0.8872165387444708
3560,3.8951678,4.804331647593231,-0.9091638475932311
3561,3.8772016,4.8098395951418,-0.9326379951418002
3562,3.855047,4.815578957373438,-0.9605319573734379
3563,3.8391528,4.821814242619245,-0.9826614426192455
3564,3.836562,4.828400580432164,-0.9918385804321641
3565,3.8429074,4.845171418293891,-1.0022640182938907
3566,3.8609226,4.861567700568112,-1.000645100568112
3567,3.8831143,4.868067601433328,-0.984953301433328
3568,3.9105453,4.87396255814183,-0.9634172581418303
3569,3.9448483,4.8798093867024495,-0.9349610867024496
3570,3.983504,4.885480677732572,-0.9019766777325717
3571,4.021103,4.892337905647287,-0.8712349056472872
3572,4.0573044,4.8990810310571105,-0.8417766310571109
3573,4.090844,4.904097365589086,-0.8132533655890866
3574,4.110904,4.908401687006273,-0.7974976870062731
3575,4.114138,4.912399978710818,-0.7982619787108183
3576,4.099666,4.916020689337507,-0.8163546893375067
3577,4.081019,4.919317567031082,-0.8382985670310816
3578,4.0600805,4.922410910790651,-0.8623304107906513
3579,4.0402527,4.92506990098006,-0.8848172009800601
3580,4.019276,4.927106387631551,-0.9078303876315514
3581,4.00256,4.92895765774605,-0.9263976577460502
3582,3.9907749,4.930013694801874,-0.9392387948018737
3583,3.9844882,4.930946319053853,-0.9464581190538532
3584,3.9772742,4.933024629956814,-0.9557504299568143
3585,3.9687402,4.939298823871738,-0.9705586238717379
3586,3.9616208,4.943234070874518,-0.9816132708745182
3587,3.9620993,4.942029290470214,-0.9799299904702137
3588,3.9475446,4.940677254024417,-0.9931326540244165
3589,3.9349823,4.93895316377591,-1.0039708637759097
3590,3.932034,4.937530251306154,-1.0054962513061545
3591,3.9303665,4.94524099049984,-1.0148744904998397
3592,3.9256504,4.956777431785546,-1.0311270317855459
3593,3.9204974,4.9582931526566085,-1.0377957526566086
3594,3.9157398,4.953461108448699,-1.037721308448699
3595,3.912106,4.948510830888667,-1.0364048308886669
3596,3.9263098,4.943034736228354,-1.016724936228354
3597,3.9307086,4.937510955155518,-1.0068023551555179
3598,3.9348896,4.932012783251852,-0.9971231832518521
3599,3.941305,4.928379931150174,-0.9870749311501745
3600,3.9443545,4.924771942903604,-0.9804174429036037
3601,3.9345996,4.918632497082396,-0.9840328970823964
3602,3.9133563,4.912470768239513,-0.999114468239513
3603,3.8972332,4.906488697779309,-1.0092554977793093
3604,3.866077,4.900166828020645,-1.0340898280206452
3605,3.8535287,4.8948948254546725,-1.0413661254546724
3606,3.8491004,4.889504752257787,-1.040404352257787
3607,3.856731,4.883298650796207,-1.0265676507962072
3608,3.8666818,4.877143886303874,-1.0104620863038742
3609,3.8782556,4.871098202670282,-0.9928426026702821
3610,3.8947012,4.865411836338154,-0.9707106363381541
3611,3.9145224,4.859716723113513,-0.9451943231135127
3612,3.9372265,4.854171735229241,-0.9169452352292411
3613,3.9604077,4.848986055701857,-0.8885783557018572
3614,3.9846737,4.8439566631689,-0.8592829631688996
3615,4.003842,4.8393377369242705,-0.8354957369242708
3616,4.0191607,4.834856207397884,-0.8156955073978844
3617,4.040513,4.830571932494151,-0.7900589324941514
3618,4.016838,4.827882569804638,-0.811044569804638
3619,4.0228457,4.825572494459811,-0.8027267944598107
3620,4.034836,4.822146903426654,-0.7873109034266541
3621,4.0510383,4.8191078676405885,-0.7680695676405884
3622,4.0736,4.816369083051597,-0.7427690830515967
3623,4.097485,4.813946626711213,-0.7164616267112134
3624,4.1111875,4.811958953737615,-0.7007714537376151
3625,4.1130285,4.814095422728284,-0.701066922728284
3626,4.1117578,4.817733286000055,-0.7059754860000549
3627,4.11881,4.818467589694197,-0.6996575896941968
3628,4.132128,4.81759597930678,-0.6854679793067806
3629,4.1528807,4.817345800533439,-0.6644651005334392
3630,4.1793694,4.817742400991634,-0.638373000991634
3631,4.209895,4.818549499163854,-0.6086544991638538
3632,4.242759,4.8193622971137104,-0.5766032971137101
3633,4.2762628,4.820735075651289,-0.5444722756512892
3634,4.3087063,4.831494214011211,-0.5227879140112108
3635,4.3383913,4.842361260442138,-0.5039699604421388
3636,4.3636193,4.845927676344679,-0.4823083763446787
3637,4.3826914,4.848012390573982,-0.46532099057398213
3638,4.3939085,4.852824323172828,-0.45891582317282786
3639,4.386846,4.857558950267128,-0.4707129502671279
3640,4.3443756,4.860103227604593,-0.5157276276045923
3641,4.2871933,4.86637268954708,-0.5791793895470798
3642,4.224725,4.8738865961762405,-0.6491615961762403
3643,4.187589,4.877514362798936,-0.6899253627989363
3644,4.1682086,4.879434582412931,-0.7112259824129312
3645,4.1592755,4.881551739628194,-0.7222762396281945
3646,4.1601324,4.883450857417598,-0.7233184574175979
3647,4.163523,4.885308899402874,-0.7217858994028745
3648,4.1640863,4.886819227579374,-0.7227329275793739
3649,4.1631765,4.888287384077456,-0.7251108840774565
3650,4.16731,4.889812389209676,-0.7225023892096765
3651,4.1807566,4.891299585311532,-0.7105429853115321
3652,4.207522,4.892674092800292,-0.6851520928002923
3653,4.228557,4.893668962623407,-0.6651119626234063
3654,4.2505198,4.894342762073769,-0.6438229620737692
3655,4.274381,4.8999264336277735,-0.6255454336277735
3656,4.299373,4.909662019742485,-0.6102890197424848
3657,4.3193445,4.914552811525392,-0.5952083115253926
3658,4.3317847,4.913182882360074,-0.5813981823600738
3659,4.3373556,4.911183538218054,-0.573827938218054
3660,4.3361487,4.909288753949097,-0.5731400539490972
3661,4.3324227,4.907271111105928,-0.5748484111059273
3662,4.327556,4.9049455177498205,-0.5773895177498201
3663,4.3212423,4.903432109688175,-0.5821898096881748
3664,4.3138657,4.901915915580176,-0.5880502155801759
3665,4.3076935,4.8991446793497735,-0.5914511793497734
3666,4.3063006,4.897252259017762,-0.5909516590177617
3667,4.3093033,4.896172544232365,-0.5868692442323651
3668,4.3134003,4.89488275346427,-0.58148245346427
3669,4.318696,4.893362735598203,-0.5746667355982025
3670,4.323951,4.8917365568258,-0.5677855568258003
3671,4.3218756,4.890172188717351,-0.5682965887173506
3672,4.3178253,4.888935751329636,-0.5711104513296359
3673,4.3124456,4.887557660842495,-0.5751120608424944
3674,4.308619,4.88549643976587,-0.5768774397658696
3675,4.309277,4.882935766435978,-0.5736587664359778
3676,4.3094473,4.8804172242617,-0.5709699242616999
3677,4.3048205,4.877078150679693,-0.5722576506796928
3678,4.296569,4.873217606288148,-0.5766486062881482
3679,4.2895713,4.8771350564693225,-0.5875637564693221
3680,4.2794375,4.881812976880123,-0.6023754768801224
3681,4.2628913,4.880794836021904,-0.6179035360219043
3682,4.254482,4.876906222729855,-0.6224242227298546
3683,4.249904,4.873325329405811,-0.6234213294058115
3684,4.2508163,4.86983541376235,-0.6190191137623495
3685,4.2537546,4.866641911598612,-0.6128873115986124
3686,4.253507,4.863625586669308,-0.6101185866693077
3687,4.233563,4.860632704212594,-0.6270697042125937
3688,4.211477,4.857876650402715,-0.6463996504027145
3689,4.190483,4.855418542122312,-0.6649355421223113
3690,4.1744547,4.854288241860545,-0.6798335418605452
3691,4.181473,4.853346823951081,-0.6718738239510804
3692,4.1729856,4.851408619384889,-0.6784230193848897
3693,4.1549115,4.849436231146877,-0.6945247311468767
3694,4.136928,4.850238602185709,-0.7133106021857092
3695,4.1231656,4.851259696236938,-0.728094096236938
3696,4.1141043,4.849686205267984,-0.735581905267984
3697,4.1088433,4.848097209009645,-0.739253909009645
3698,4.107783,4.84597971547556,-0.73819671547556
3699,4.111675,4.8438215757714955,-0.7321465757714956
3700,4.1185966,4.8417839025515725,-0.7231873025515725
3701,4.1341453,4.8394178121955385,-0.7052725121955383
3702,4.1525564,4.836915161709228,-0.6843587617092277
3703,4.1704187,4.834241887239952,-0.6638231872399523
3704,4.192883,4.831435167211993,-0.6385521672119925
3705,4.215308,4.828418538102619,-0.6131105381026183
3706,4.235852,4.825170619218272,-0.5893186192182718
3707,4.242943,4.821297793965799,-0.5783547939657989
3708,4.252444,4.816965844600553,-0.5645218446005531
3709,4.2588677,4.812443905262284,-0.5535762052622841
3710,4.2729306,4.808127478514102,-0.5351968785141024
3711,4.283115,4.803969526480959,-0.5208545264809592
3712,4.2937384,4.799553587956436,-0.5058151879564363
3713,4.2861915,4.795374517527663,-0.509183017527663
3714,4.262748,4.791706293577139,-0.5289582935771389
3715,4.2305603,4.787562198176614,-0.5570018981766145
3716,4.1908765,4.783362779942992,-0.5924862799429924
3717,4.1570153,4.779630656773306,-0.6226153567733057
3718,4.132053,4.776934781297592,-0.6448817812975918
3719,4.1014686,4.775947525231847,-0.6744789252318473
3720,4.0728583,4.773097704217186,-0.7002394042171858
3721,4.0524206,4.768688412656804,-0.7162678126568043
3722,4.0332828,4.764377843598868,-0.7310950435988675
3723,4.0231466,4.76004312119693,-0.7368965211969307
3724,4.007854,4.756051516361835,-0.7481975163618353
3725,3.9870899,4.755239902641909,-0.7681500026419092
3726,3.9658258,4.753787128988219,-0.787961328988219
3727,3.9461615,4.751866823200148,-0.8057053232001476
3728,3.9278805,4.749367781831624,-0.8214872818316237
3729,3.9126422,4.752439874457246,-0.839797674457246
3730,3.9066641,4.7558060378617775,-0.8491419378617775
3731,3.8999329,4.754941775297489,-0.8550088752974889
3732,3.8969738,4.754307785885542,-0.8573339858855422
3733,3.8953488,4.75362054603619,-0.8582717460361904
3734,3.8968637,4.753425521332235,-0.8565618213322352
3735,3.9026053,4.753455529038715,-0.850850229038715
3736,3.9072635,4.756139055861693,-0.8488755558616932
3737,3.9210293,4.75892290767602,-0.83789360767602
3738,3.9350827,4.759576762431025,-0.8244940624310249
3739,3.9497724,4.761084727005088,-0.8113123270050875
3740,3.9628503,4.763572611679347,-0.8007223116793472
3741,3.9769897,4.766985241523085,-0.7899955415230853
3742,3.994169,4.770977576805226,-0.7768085768052262
3743,3.9897952,4.774682552706834,-0.7848873527068343
3744,4.007276,4.778660530849168,-0.7713845308491676
3745,4.0305457,4.78308938448221,-0.7525436844822098
3746,4.0618796,4.788881753601595,-0.7270021536015951
3747,4.0958896,4.795127995131818,-0.6992383951318182
3748,4.1200037,4.800727220990002,-0.6807235209900018
3749,4.1233716,4.806336600407523,-0.6829650004075232
3750,4.113957,4.811987492318772,-0.6980304923187717
3751,4.1023602,4.817626015609957,-0.715265815609957
3752,4.0945597,4.823642221563504,-0.7290825215635044
3753,4.096395,4.829788562511472,-0.7333935625114716
3754,4.109464,4.838223586324823,-0.7287595863248226
3755,4.127849,4.846737136252175,-0.7188881362521746
3756,4.153434,4.853353929071291,-0.6999199290712914
3757,4.1747413,4.859686928312602,-0.6849456283126019
3758,4.1979837,4.865561030680279,-0.6675773306802792
3759,4.221711,4.8716064806772,-0.6498954806772002
3760,4.248925,4.878184042690976,-0.6292590426909763
3761,4.276936,4.884696422744986,-0.6077604227449855
3762,4.29317,4.890114798320279,-0.5969447983202789
3763,4.309509,4.895714820762882,-0.5862058207628813
3764,4.327666,4.900758845474425,-0.5730928454744255
3765,4.347075,4.904850316046786,-0.5577753160467855
3766,4.36717,4.909049350647851,-0.541879350647851
3767,4.387385,4.914078226359696,-0.5266932263596962
3768,4.407154,4.917860924226987,-0.5107069242269864
3769,4.425912,4.921210434255245,-0.4952984342552451
3770,4.4430914,4.925213088553045,-0.48212168855304505
3771,4.458128,4.928612032280082,-0.4704840322800816
3772,4.470455,4.9312036251235325,-0.4607486251235322
3773,4.479507,4.933493816000261,-0.4539868160002607
3774,4.4721155,4.935468810008161,-0.46335331000816105
3775,4.453982,4.937402709453108,-0.48342070945310844
3776,4.4363074,4.939192781022998,-0.5028853810229981
3777,4.425547,4.940318651850005,-0.5147716518500047
3778,4.4289746,4.941405527161304,-0.5124309271613043
3779,4.436288,4.942273288842413,-0.505985288842413
3780,4.454531,4.951337636322744,-0.49680663632274413
3781,4.4770823,4.962083555040165,-0.48500125504016456
3782,4.5023093,4.962510388427422,-0.46020108842742147
3783,4.5228925,4.960280066554365,-0.4373875665543645
3784,4.5312,4.958037213986708,-0.42683721398670826
3785,4.5301275,4.955880089877694,-0.4257525898776944
3786,4.517434,4.953948704439086,-0.43651470443908647
3787,4.507336,4.952064016810432,-0.4447280168104326
3788,4.4994073,4.950090755049389,-0.450683455049389
3789,4.497149,4.948515156278298,-0.451366156278298
3790,4.5030017,4.948314231122468,-0.44531253112246727
3791,4.507881,4.947723941020244,-0.43984294102024357
3792,4.5208774,4.9464361336103,-0.42555873361030017
3793,4.53812,4.945511578763351,-0.40739157876335064
3794,4.5576944,4.947587581565816,-0.3898931815658164
3795,4.5771484,4.949125736150248,-0.3719773361502483
3796,4.594341,4.94809149724672,-0.35375049724672003
3797,4.6033697,4.947176863925858,-0.34380716392585775
3798,4.6046805,4.945816657908525,-0.34113615790852503
3799,4.601715,4.944882738497013,-0.3431677384970122
3800,4.5943155,4.944009038548216,-0.34969353854821517
3801,4.5837173,4.9437110439803735,-0.35999374398037354
3802,4.57021,4.943737757999319,-0.3735277579993186
3803,4.557017,4.943835503295312,-0.386818503295312
3804,4.5467825,4.944130384781506,-0.39734788478150573
3805,4.5406733,4.944699109756676,-0.4040258097566758
3806,4.539104,4.945783189073925,-0.406679189073925
3807,4.545104,4.946964451702306,-0.4018604517023059
3808,4.5504923,4.948345914896046,-0.39785361489604565
3809,4.5572977,4.950052648182605,-0.3927549481826045
3810,4.5647473,4.9518935662508765,-0.3871462662508769
3811,4.5740094,4.954038068540212,-0.3800286685402128
3812,4.580344,4.9563632616479865,-0.37601926164798627
3813,4.58232,4.958777278772206,-0.3764572787722056
3814,4.5849595,4.961410818793293,-0.3764513187932925
3815,4.5881763,4.964178509752389,-0.3760022097523894
3816,4.591886,4.967899707189187,-0.3760137071891876
3817,4.596004,4.973664515770832,-0.37766051577083193
3818,4.6004453,4.978397091989877,-0.3779517919898776
3819,4.6051245,4.981218649151671,-0.3760941491516716
3820,4.6099577,4.984092476434057,-0.37413477643405724
3821,4.61486,4.987334267998544,-0.3724742679985438
3822,4.6197457,4.990862251516381,-0.3711165515163808
3823,4.6245303,4.994518543140781,-0.3699882431407806
3824,4.6269574,4.999794629708991,-0.372837229708991
3825,4.6182065,5.005342808841555,-0.3871363088415549
3826,4.6019516,5.009993779396173,-0.4080421793961735
3827,4.5931964,5.0146202344523205,-0.42142383445232046
3828,4.5925927,5.019973751153374,-0.42738105115337444
3829,4.600758,5.027098760950087,-0.42634076095008666
3830,4.617202,5.032200885275068,-0.4149988852750681
3831,4.643716,5.035784775443342,-0.3920687754433416
3832,4.6700177,5.039435640961141,-0.36941794096114133
3833,4.702529,5.042281843507398,-0.339752843507398
3834,4.7303367,5.0451653260019205,-0.31482862600192085
3835,4.7545633,5.048693398118725,-0.2941300981187247
3836,4.7745295,5.052441505854042,-0.2779120058540423
3837,4.790194,5.055613866842117,-0.2654198668421177
3838,4.801361,5.057836740937875,-0.2564757409378746
3839,4.8087974,5.0599783270554965,-0.2511809270554961
3840,4.816417,5.062013271333419,-0.24559627133341877
3841,4.8231626,5.064217964438787,-0.24105536443878695
3842,4.837907,5.06625793053675,-0.2283509305367497
3843,4.855494,5.0676473410748,-0.21215334107480022
3844,4.8764257,5.068774812742379,-0.1923491127423782
3845,4.9002924,5.069805154162751,-0.16951275416275102
3846,4.9254727,5.071217148547316,-0.14574444854731539
3847,4.950325,5.0722373255877296,-0.12191232558772924
3848,4.9737844,5.0725110118049335,-0.09872661180493303
3849,4.9899955,5.072693266317991,-0.08269776631799086
3850,5.007274,5.072589034396892,-0.06531503439689246
3851,5.020559,5.072764591854033,-0.052205591854032285
3852,5.0295615,5.073016110655195,-0.0434546106551954
3853,5.033749,5.0730826241279185,-0.0393336241279183
3854,5.0345435,5.073103877669582,-0.0385603776695822
3855,5.0284686,5.073037258568285,-0.04456865856828518
3856,5.0211434,5.073329066165504,-0.052185666165504685
3857,5.0162163,5.0733561781551755,-0.057139878155175516
3858,5.0152435,5.072914787452488,-0.05767128745248762
3859,5.0130734,5.072435520115676,-0.05936212011567665
3860,5.0096693,5.071898522121686,-0.06222922212168669
3861,5.004995,5.071474377983242,-0.06647937798324222
3862,4.999014,5.0709112480859595,-0.07189724808595965
3863,4.99169,5.070579014796084,-0.07888901479608368
3864,4.982987,5.07107321847626,-0.08808621847626075
3865,4.972869,5.07192262276055,-0.09905362276054941
3866,4.961299,5.0720632282525955,-0.11076422825259513
3867,4.948241,5.07141221184141,-0.12317121184140944
3868,4.936009,5.070567222723847,-0.13455822272384665
3869,4.900327,5.069685612317644,-0.16935861231764449
3870,4.84552,5.068758390836426,-0.2232383908364266
3871,4.789735,5.068438287678668,-0.2787032876786677
3872,4.743141,5.067564744596439,-0.3244237445964391
3873,4.710067,5.066829479268585,-0.3567624792685855
3874,4.689597,5.066204520516204,-0.3766075205162043
3875,4.6749735,5.0655367553286075,-0.39056325532860736
3876,4.6670847,5.06555968431173,-0.3984749843117301
3877,4.6687436,5.065955983843864,-0.3972123838438639
3878,4.67933,5.066143033515885,-0.38681303351588436
3879,4.697642,5.067821560035374,-0.3701795600353739
3880,4.7220883,5.068701187784131,-0.346612887784131
3881,4.749377,5.068232052248218,-0.3188550522482183
3882,4.777249,5.067995799235889,-0.29074679923588853
3883,4.8018494,5.0679346212324,-0.26608522123239986
3884,4.8202634,5.067996006913808,-0.24773260691380816
3885,4.8316336,5.068011269536431,-0.2363776695364308
3886,4.8349643,5.067984520395668,-0.23302022039566772
3887,4.8304486,5.070744002709633,-0.24029540270963246
3888,4.829267,5.0735955086943605,-0.24432850869436074
3889,4.8313174,5.073359180962164,-0.24204178096216467
3890,4.83462,5.073250450622464,-0.23863045062246346
3891,4.838922,5.073257827427791,-0.2343358274277909
3892,4.843969,5.073791616003211,-0.22982261600321063
3893,4.8495073,5.074194512938673,-0.22468721293867322
3894,4.855284,5.074262107723333,-0.21897810772333326
3895,4.861045,5.074475002843763,-0.21343000284376323
3896,4.8665366,5.074752919065418,-0.20821631906541782
3897,4.8715053,5.075110688452652,-0.20360538845265186
3898,4.8756976,5.075347851545753,-0.19965025154575322
3899,4.8788996,5.075135374173316,-0.19623577417331628
3900,4.87329,5.074976931696007,-0.20168693169600704
3901,4.855289,5.074985455910425,-0.21969645591042486
3902,4.8377194,5.074953940891442,-0.2372345408914418
3903,4.8242917,5.075268426272716,-0.2509767262727163
3904,4.8152413,5.075461373610808,-0.26022007361080757
3905,4.8098,5.075677509362198,-0.26587750936219834
3906,4.8052773,5.075720966329347,-0.2704436663293466
3907,4.802768,5.075439024535502,-0.2726710245355015
3908,4.804062,5.075164587062455,-0.2711025870624546
3909,4.8090844,5.074863903744932,-0.2657795037449322
3910,4.8181205,5.074571774820428,-0.25645127482042795
3911,4.8319244,5.074302830452597,-0.24237843045259666
3912,4.8484855,5.0742689543470325,-0.22578345434703273
3913,4.8677106,5.074160041417801,-0.20644944141780108
3914,4.8886924,5.073982630958203,-0.18529023095820296
3915,4.9100103,5.073489867427722,-0.1634795674277223
3916,4.9279523,5.072513416992664,-0.14456111699266394
3917,4.94613,5.071848236579382,-0.12571823657938186
3918,4.963538,5.071551808747253,-0.10801380874725286
3919,4.978678,5.071121276854414,-0.09244327685441345
3920,4.991975,5.0703661514209735,-0.07839115142097342
3921,5.003005,5.069656261134654,-0.0666512611346537
3922,5.012426,5.0684522889064585,-0.05602628890645889
3923,5.021238,5.066733864316568,-0.04549586431656749
3924,5.0272675,5.064597760048426,-0.03733026004842621
3925,5.037791,5.062401757433657,-0.02461075743365626
3926,5.049129,5.059910973099357,-0.010781973099357245
3927,5.061042,5.057578756000505,0.003463243999494381
3928,5.0742407,5.054797095802997,0.01944360419700253
3929,5.0887604,5.050959916261646,0.037800483738354096
3930,5.104037,5.0468068433136075,0.05723015668639242
3931,5.1199374,5.042381279335414,0.07755612066458628
3932,5.136009,5.037955485207631,0.0980535147923689
3933,5.1481466,5.0332750276087594,0.11487157239124013
3934,5.1557794,5.0280318249569245,0.12774757504307566
3935,5.148473,5.022775127326644,0.12569787267335641
3936,5.133924,5.017503263641002,0.11642073635899841
3937,5.1147676,5.012646381592505,0.1021212184074951
3938,5.0917025,5.007344331190665,0.08435816880933533
3939,5.065427,5.001686232603093,0.06374076739690704
3940,5.03664,4.996008583738888,0.04063141626111211
3941,5.006041,4.9901834613255005,0.01585753867449924
3942,4.9743285,4.9848953614773555,-0.010566861477355083
3943,4.942202,4.979775576356724,-0.0375735763567242
3944,4.91036,4.9744734912994195,-0.06411349129941968
3945,4.8795004,4.969487746025295,-0.08998734602529446
3946,4.850323,4.965001762531415,-0.11467876253141451
3947,4.8237863,4.960932506992968,-0.1371462069929681
3948,4.7828608,4.957278380581553,-0.17441758058155266
3949,4.7147098,4.954036497277294,-0.23932669727729472
3950,4.6527143,4.951316720543962,-0.29860242054396124
3951,4.6022677,4.949159380501592,-0.34689168050159225
3952,4.5653906,4.947921802927065,-0.38253120292706555
3953,4.539192,4.947297212974031,-0.40810521297403124
3954,4.5210156,4.947273495869344,-0.4262578958693437
3955,4.505417,4.9475242800227495,-0.4421072800227499
3956,4.4915595,4.948000503548923,-0.4564410035489228
3957,4.4845114,4.949202762685679,-0.464691362685679
3958,4.480934,4.950920727075068,-0.4699867270750673
3959,4.487552,4.952579821855354,-0.46502782185535363
3960,4.493548,4.954561747941922,-0.46101374794192207
3961,4.499649,4.956832549842269,-0.45718354984226917
3962,4.513059,4.960103254727837,-0.44704425472783704
3963,4.5318866,4.963717208911203,-0.43183060891120295
3964,4.557641,4.967410316045933,-0.40976931604593236
3965,4.584911,4.971178015452676,-0.3862670154526757
3966,4.6118426,4.974804301672936,-0.36296170167293607
3967,4.637485,4.979379845319939,-0.3418948453199393
3968,4.6637216,4.98400831874897,-0.32028671874896997
3969,4.6885595,4.988019466566673,-0.2994599665666726
3970,4.711757,4.992667817852596,-0.28091081785259586
3971,4.7367606,4.997455192188894,-0.26069459218889346
3972,4.7557883,5.002407460221074,-0.24661916022107455
3973,4.774184,5.00726468687462,-0.23308068687461958
3974,4.7885046,5.011322984149273,-0.22281838414927257
3975,4.7979116,5.015044097455753,-0.21713249745575336
3976,4.803044,5.018769829102814,-0.2157258291028139
3977,4.803277,5.023427535908294,-0.22015053590829403
3978,4.8025928,5.027990518805267,-0.22539771880526693
3979,4.8017664,5.031780582739716,-0.2300141827397164
3980,4.804863,5.035507403835281,-0.23064440383528062
3981,4.811786,5.039086369914866,-0.22730036991486635
3982,4.824329,5.042830170249201,-0.21850117024920124
3983,4.8237524,5.046560568932215,-0.22280816893221456
3984,4.836006,5.049790196858516,-0.21378419685851568
3985,4.84867,5.053099605640806,-0.20442960564080614
3986,4.862332,5.060369905005234,-0.19803790500523366
3987,4.875585,5.067733503299651,-0.19214850329965127
3988,4.888633,5.070890258876994,-0.1822572588769944
3989,4.8995175,5.073537775738198,-0.17402027573819812
3990,4.908409,5.076089356073107,-0.16768035607310683
3991,4.915077,5.078406420390638,-0.1633294203906379
3992,4.920735,5.0817178663697335,-0.1609828663697339
3993,4.9309225,5.084873648559252,-0.1539511485592513
3994,4.9377975,5.08717064813584,-0.14937314813583935
3995,4.945493,5.089611013165411,-0.14411801316541073
3996,4.951379,5.092175079253646,-0.14079607925364623
3997,4.9520645,5.0949530812245145,-0.14288858122451487
3998,4.946651,5.0977420241820575,-0.15109102418205733
3999,4.9371448,5.100610797452438,-0.1634659974524384
4000,4.9250817,5.103553377472893,-0.17847167747289294
4001,4.9137115,5.1063682945369635,-0.19265679453696372
4002,4.9061737,5.1103858468136885,-0.20421214681368838
4003,4.9065895,5.114521012779861,-0.20793151277986066
4004,4.9109716,5.117532750309171,-0.2065611503091711
4005,4.9160852,5.120709784629113,-0.20462458462911304
4006,4.9220524,5.123778362201989,-0.2017259622019889
4007,4.928645,5.126795014891899,-0.19815001489189843
4008,4.935634,5.129536198291827,-0.19390219829182698
4009,4.9427924,5.13390607100861,-0.1911136710086101
4010,4.9498906,5.138114172714854,-0.18822357271485401
4011,4.956701,5.139931231910806,-0.18323023191080612
4012,4.9629946,5.1416511555406315,-0.17865655554063142
4013,4.9685435,5.143034723616414,-0.174491223616414
4014,4.973119,5.143823259547579,-0.17070425954757962
4015,4.9764934,5.14430370466926,-0.16781030466925984
4016,4.9784374,5.144346676938867,-0.16590927693886748
4017,4.9759836,5.14420670742767,-0.16822310742766966
4018,4.9548874,5.143380303357217,-0.18849290335721758
4019,4.923594,5.141672095300894,-0.2180780953008945
4020,4.896337,5.13957346680401,-0.24323646680401012
4021,4.8769493,5.140294604154509,-0.26334530415450885
4022,4.861389,5.140228618663675,-0.27883961866367546
4023,4.848736,5.135878512663389,-0.2871425126633893
4024,4.8380685,5.13094637343967,-0.29287787343966976
4025,4.828465,5.125666148422623,-0.2972011484226238
4026,4.819006,5.119876549617555,-0.30087054961755477
4027,4.80877,5.113934794916529,-0.3051647949165286
4028,4.7968354,5.107689153132844,-0.3108537531328439
4029,4.7822804,5.101025223711302,-0.31874482371130153
4030,4.7641854,5.094405675044866,-0.3302202750448666
4031,4.741628,5.089973208149239,-0.3483452081492384
4032,4.7109528,5.084943663910683,-0.3739908639106826
4033,4.6722913,5.077438387186334,-0.4051470871863332
4034,4.633171,5.069731984718433,-0.4365609847184331
4035,4.601621,5.062026217272988,-0.46040521727298866
4036,4.5719986,5.054354729311515,-0.4823561293115155
4037,4.54343,5.046947565978351,-0.5035175659783508
4038,4.512301,5.03970190022924,-0.5274009002292397
4039,4.4794517,5.032465400354185,-0.5530137003541844
4040,4.4490685,5.025485181132897,-0.5764166811328968
4041,4.421212,5.018609008276032,-0.5973970082760323
4042,4.397762,5.012515246687583,-0.6147532466875827
4043,4.37946,5.00643621088158,-0.6269762108815797
4044,4.3713465,4.99988563821862,-0.6285391382186205
4045,4.3683877,4.993676352977841,-0.625288652977841
4046,4.3702307,4.987733692600424,-0.6175029926004241
4047,4.3802447,4.981951327251783,-0.6017066272517821
4048,4.3866067,4.976521824827867,-0.5899151248278676
4049,4.3942294,4.9713267658604945,-0.5770973658604941
4050,4.3953595,4.966322899860117,-0.5709633998601173
4051,4.3904877,4.96092089312252,-0.5704331931225193
4052,4.379865,4.955230259633762,-0.5753652596337622
4053,4.3650928,4.949954442545304,-0.5848616425453042
4054,4.352539,4.944702400315303,-0.5921634003153029
4055,4.3439975,4.940288429669991,-0.5962909296699905
4056,4.338061,4.93767593550861,-0.59961493550861
4057,4.3464203,4.93419364145616,-0.5877733414561597
4058,4.3604965,4.929445904721173,-0.568949404721173
4059,4.378685,4.924453415660673,-0.5457684156606728
4060,4.398091,4.919447478883316,-0.521356478883316
4061,4.417968,4.914970259639361,-0.49700225963936084
4062,4.4359183,4.910209902897309,-0.474291602897309
4063,4.455898,4.904859011010196,-0.44896101101019603
4064,4.475175,4.899459233494254,-0.42428423349425426
4065,4.489503,4.893493533797177,-0.4039905337971774
4066,4.5011063,4.890309243271493,-0.38920294327149296
4067,4.5070333,4.886958654787513,-0.3799253547875132
4068,4.5077353,4.882517296558825,-0.3747819965588244
4069,4.5041647,4.87764052058402,-0.3734758205840203
4070,4.4993353,4.871701266377147,-0.3723659663771466
4071,4.497144,4.86549268462597,-0.36834868462597026
4072,4.4935174,4.859347614152991,-0.3658302141529912
4073,4.4885406,4.853539497164966,-0.36499889716496536
4074,4.4810724,4.849679696687075,-0.3686072966870748
4075,4.474788,4.8448867227092345,-0.3700987227092343
4076,4.465369,4.838037259676534,-0.3726682596765345
4077,4.4573474,4.831020593072056,-0.37367319307205626
4078,4.451795,4.8243880352623,-0.3725930352622999
4079,4.449596,4.817952429077393,-0.3683564290773935
4080,4.4477057,4.811211077463294,-0.3635053774632935
4081,4.4465866,4.805077952982286,-0.35849135298228596
4082,4.4484253,4.7994828297704855,-0.3510575297704852
4083,4.457367,4.795432981105206,-0.33806598110520625
4084,4.4698005,4.7910179940537345,-0.3212174940537347
4085,4.4831815,4.787894702118877,-0.30471320211887765
4086,4.491733,4.785063610891164,-0.2933306108911644
4087,4.494695,4.781970177142812,-0.2872751771428117
4088,4.491611,4.779974371613278,-0.2883633716132783
4089,4.487966,4.778308011873012,-0.2903420118730118
4090,4.4821115,4.777494725535296,-0.2953832255352955
4091,4.4764047,4.777611119498284,-0.30120641949828464
4092,4.4705157,4.778137355787535,-0.30762165578753464
4093,4.462387,4.781233709700225,-0.31884670970022544
4094,4.4516864,4.785135589915358,-0.333449189915358
4095,4.4414444,4.788557193384805,-0.34711279338480505
4096,4.4293747,4.792533872555419,-0.3631591725554184
4097,4.4204297,4.797192367110998,-0.3767626671109987
4098,4.4156528,4.802972089024634,-0.3873192890246342
4099,4.4196296,4.809047256908703,-0.38941765690870245
4100,4.431899,4.815193576697425,-0.38329457669742517
4101,4.4524283,4.821931850839187,-0.3695035508391866
4102,4.478436,4.829181443760193,-0.3507454437601929
4103,4.5089045,4.838381828852653,-0.32947732885265335
4104,4.5426526,4.847343266404512,-0.3046906664045119
4105,4.5782785,4.8557310601666295,-0.2774525601666298
4106,4.610684,4.864598232448219,-0.25391423244821887
4107,4.646504,4.8735951744386625,-0.22709117443866234
4108,4.6820397,4.883224971433551,-0.20118527143355092
4109,4.7175403,4.892631653655543,-0.17509135365554318
4110,4.750447,4.902169459570885,-0.15172245957088482
4111,4.781434,4.9109515120404765,-0.12951751204047657
4112,4.80953,4.920180252624703,-0.11065025262470307
4113,4.8354025,4.929837773123853,-0.09443527312385314
4114,4.8576126,4.939109253893889,-0.08149665389388883
4115,4.877472,4.948186664027059,-0.07071466402705884
4116,4.8945956,4.957146208168795,-0.06255060816879521
4117,4.902604,4.965486716346762,-0.06288271634676157
4118,4.888493,4.975096482933237,-0.08660348293323672
4119,4.856819,4.984174423745399,-0.12735542374539932
4120,4.820249,4.99184249609453,-0.17159349609453045
4121,4.792254,5.000830694954512,-0.20857669495451248
4122,4.776464,5.01003407653935,-0.23357007653935025
4123,4.772666,5.0181939334584875,-0.24552793345848745
4124,4.7764893,5.026066041121049,-0.24957674112104922
4125,4.7846417,5.032908470581345,-0.2482667705813455
4126,4.7937036,5.038719515561466,-0.24501591556146618
4127,4.808889,5.044767289013356,-0.23587828901335595
4128,4.826246,5.051208661711929,-0.22496266171192847
4129,4.8437586,5.055899387063916,-0.21214078706391604
4130,4.8620615,5.061110971781668,-0.19904947178166754
4131,4.8756833,5.068041674512894,-0.19235837451289317
4132,4.893632,5.071905432879365,-0.17827343287936515
4133,4.906104,5.074048065682567,-0.16794406568256726
4134,4.9123178,5.075870184128358,-0.1635523841283577
4135,4.908553,5.0761554930118855,-0.16760249301188512
4136,4.8941092,5.076245578232656,-0.18213637823265572
4137,4.875036,5.076331661595648,-0.2012956615956485
4138,4.8565164,5.076693959546447,-0.22017755954644702
4139,4.8388104,5.076210895271914,-0.2374004952719142
4140,4.825335,5.075083382925991,-0.24974838292599078
4141,4.812634,5.073918287803087,-0.261284287803087
4142,4.7991986,5.072853379106201,-0.2736547791062005
4143,4.788269,5.07255829381322,-0.2842892938132202
4144,4.783578,5.073090817521467,-0.28951281752146674
4145,4.7882867,5.073319386742002,-0.2850326867420021
4146,4.7967443,5.072392860422695,-0.27564856042269437
4147,4.809807,5.071998811367283,-0.2621918113672832
4148,4.821278,5.071425478126502,-0.2501474781265012
4149,4.829217,5.070254226865695,-0.2410372268656955
4150,4.833425,5.068242641398826,-0.2348176413988261
4151,4.833603,5.066291637321594,-0.23268863732159417
4152,4.834716,5.064666357963217,-0.22995035796321694
4153,4.8371973,5.0633281580497655,-0.22613085804976585
4154,4.8402853,5.061760042124566,-0.22147474212456597
4155,4.8444214,5.0596686103536985,-0.21524721035369865
4156,4.847763,5.057801839437777,-0.21003883943777701
4157,4.8534,5.0557137564325565,-0.20231375643255678
4158,4.862018,5.054091715585686,-0.19207371558568642
4159,4.8703103,5.0522857033911475,-0.1819754033911476
4160,4.878987,5.049431391000972,-0.17044439100097186
4161,4.8841195,5.046187489049523,-0.16206798904952358
4162,4.8843374,5.042907374790212,-0.15856997479021206
4163,4.883088,5.041027861961062,-0.15793986196106236
4164,4.880684,5.038494061558771,-0.15781006155877186
4165,4.8747025,5.035660709294974,-0.16095820929497417
4166,4.866656,5.031806789862593,-0.1651507898625928
4167,4.849879,5.027625318433213,-0.1777463184332131
4168,4.835372,5.024211936396613,-0.18883993639661334
4169,4.817504,5.020644577193157,-0.2031405771931576
4170,4.7931147,5.017006447749055,-0.22389174774905474
4171,4.771731,5.013485546917803,-0.24175454691780285
4172,4.7459207,5.008841610261929,-0.2629209102619292
4173,4.711513,5.003931948666542,-0.2924189486665423
4174,4.673145,4.9991380137410975,-0.32599301374109757
4175,4.633012,4.993599420434034,-0.360587420434034
4176,4.596189,4.9874298035823905,-0.39124080358239066
4177,4.5666842,4.981173867444911,-0.41448966744491056
4178,4.540179,4.9749744437248165,-0.43479544372481627
4179,4.520228,4.968554101824083,-0.4483261018240823
4180,4.506824,4.961086174756418,-0.45426217475641817
4181,4.498893,4.953760639719029,-0.454867639719029
4182,4.499187,4.945867180736316,-0.4466801807363163
4183,4.5024567,4.937738008323462,-0.43528130832346257
4184,4.50756,4.929325479716002,-0.42176547971600264
4185,4.5083137,4.920664853629437,-0.4123511536294364
4186,4.504069,4.912383849268077,-0.40831484926807704
4187,4.488777,4.903161825982827,-0.4143848259828271
4188,4.468375,4.894317407007048,-0.42594240700704766
4189,4.4426074,4.88570081940521,-0.4430934194052103
4190,4.4157233,4.877082099197544,-0.4613587991975443
4191,4.3899713,4.868869498345916,-0.47889819834591574
4192,4.3635755,4.8612107137577665,-0.49763521375776687
4193,4.337109,4.853969691058267,-0.5168606910582669
4194,4.3103375,4.847304779951967,-0.5369672799519671
4195,4.2813654,4.840811080634849,-0.5594456806348491
4196,4.2502723,4.835196537375719,-0.5849242373757191
4197,4.220982,4.829892439999191,-0.6089104399991907
4198,4.1960244,4.826462592889038,-0.6304381928890379
4199,4.1788287,4.8233500166419665,-0.6445213166419661
4200,4.163224,4.819764872937376,-0.6565408729373763
4201,4.151113,4.816805604528804,-0.6656926045288047
4202,4.144334,4.814485250369877,-0.6701512503698774
4203,4.143853,4.81354737682339,-0.6696943768233901
4204,4.149013,4.813088833526377,-0.6640758335263772
4205,4.1570697,4.81500374208104,-0.65793404208104
4206,4.1639786,4.817727751206974,-0.6537491512069735
4207,4.1676517,4.8180863285289215,-0.6504346285289211
4208,4.170872,4.8190930119490405,-0.6482210119490404
4209,4.1730294,4.820411593880559,-0.6473821938805591
4210,4.1773715,4.82214916992888,-0.6447776699288807
4211,4.182299,4.824080611928198,-0.6417816119281978
4212,4.187343,4.826178886382883,-0.6388358863828829
4213,4.1957846,4.828237515954471,-0.6324529159544712
4214,4.2004495,4.830547284881656,-0.6300977848816558
4215,4.202674,4.833055586642503,-0.6303815866425033
4216,4.192431,4.835996573529034,-0.6435655735290338
4217,4.1785398,4.838520664650032,-0.6599808646500316
4218,4.165139,4.842431997987116,-0.6772929979871165
4219,4.156211,4.846283572704328,-0.6900725727043282
4220,4.1503787,4.849475069431392,-0.6990963694313921
4221,4.143815,4.852073951270476,-0.7082589512704756
4222,4.128589,4.85480808423286,-0.7262190842328602
4223,4.105088,4.8574713331833275,-0.7523833331833272
4224,4.0815787,4.861232756226605,-0.7796540562266054
4225,4.0586495,4.865061008288941,-0.8064115082889414
4226,4.043771,4.867898076491866,-0.824127076491866
4227,4.031153,4.871294373105435,-0.8401413731054355
4228,4.027287,4.874243499168242,-0.8469564991682415
4229,4.0243354,4.876725340913742,-0.8523899409137421
4230,4.0255713,4.879794068577458,-0.8542227685774577
4231,4.0294757,4.882618073044662,-0.8531423730446619
4232,4.0320992,4.884873737759155,-0.8527745377591547
4233,4.033103,4.887212479395096,-0.8541094793950963
4234,4.025418,4.889363224862481,-0.8639452248624808
4235,4.020457,4.8918741781594735,-0.8714171781594731
4236,4.01178,4.893832413739874,-0.8820524137398742
4237,4.004618,4.8963485375202165,-0.8917305375202167
4238,3.9977078,4.898981232794539,-0.9012734327945391
4239,3.9906464,4.902290274796394,-0.9116438747963942
4240,3.9889548,4.90600064044204,-0.9170458404420403
4241,3.988933,4.909737515835722,-0.9208045158357225
4242,3.994484,4.9124136024309735,-0.9179296024309735
4243,4.0068445,4.915420439883787,-0.9085759398837876
4244,4.0195966,4.918643054887326,-0.8990464548873263
4245,4.0323324,4.921929149810598,-0.8895967498105986
4246,4.0468435,4.92500099872108,-0.8781574987210803
4247,4.0589514,4.928869855200011,-0.8699184552000112
4248,4.0648007,4.934284147484963,-0.8694834474849626
4249,4.0753446,4.938836227647934,-0.8634916276479334
4250,4.0843406,4.943430872175151,-0.859090272175151
4251,4.1005096,4.9477229631979815,-0.8472133631979819
4252,4.1237726,4.9518104330298005,-0.8280378330298008
4253,4.1510644,4.956390643067044,-0.8053262430670438
4254,4.1864285,4.962613428606902,-0.7761849286069022
4255,4.222726,4.968248160121811,-0.7455221601218112
4256,4.256084,4.972521137660733,-0.7164371376607326
4257,4.280619,4.977242394289739,-0.6966233942897393
4258,4.295577,4.981787120601232,-0.6862101206012321
4259,4.3111825,4.986774507843045,-0.6755920078430453
4260,4.3309793,4.991751699909326,-0.6607723999093258
4261,4.3521805,4.997096720197681,-0.6449162201976808
4262,4.3801847,5.001898606918564,-0.621713906918564
4263,4.4137487,5.005496808887869,-0.5917481088878684
4264,4.4481606,5.0090113704629955,-0.5608507704629959
4265,4.482026,5.012885552018919,-0.530859552018919
4266,4.5181427,5.016612339913826,-0.498469639913826
4267,4.5507736,5.0189679202874675,-0.4681943202874672
4268,4.5807953,5.021005288942085,-0.44020998894208496
4269,4.6064715,5.0241675103911945,-0.41769601039119486
4270,4.62865,5.026584645935296,-0.3979346459352957
4271,4.647778,5.027174740019669,-0.3793967400196694
4272,4.660358,5.027499670657564,-0.3671416706575643
4273,4.6684275,5.02918758979902,-0.36076008979901975
4274,4.662211,5.030375101864111,-0.3681641018641111
4275,4.6607556,5.029986424715835,-0.3692308247158351
4276,4.656472,5.029015823817097,-0.3725438238170975
4277,4.648977,5.027948531713954,-0.3789715317139537
4278,4.630589,5.026642963436502,-0.39605396343650234
4279,4.59699,5.025828605684002,-0.42883860568400234
4280,4.553895,5.024828589987064,-0.47093358998706414
4281,4.5055747,5.023392789551879,-0.5178180895518789
4282,4.466943,5.022706595689448,-0.5557635956894487
4283,4.4447885,5.0216677563371475,-0.5768792563371479
4284,4.437523,5.020374007597659,-0.5828510075976592
4285,4.439379,5.019282861690437,-0.5799038616904371
4286,4.441708,5.018058400017239,-0.5763504000172386
4287,4.447175,5.017015922754259,-0.5698409227542589
4288,4.451794,5.018967776993997,-0.5671737769939975
4289,4.4580307,5.020995783378979,-0.5629650833789785
4290,4.46281,5.020467771044386,-0.5576577710443855
4291,4.4729257,5.020036828711832,-0.5471111287118315
4292,4.4801254,5.019827015937969,-0.5397016159379691
4293,4.4898386,5.020027650856113,-0.5301890508561131
4294,4.5043893,5.021288344260374,-0.5168990442603745
4295,4.518229,5.023626905128257,-0.5053979051282571
4296,4.531823,5.025112764813972,-0.493289764813972
4297,4.542817,5.026508462678073,-0.48369146267807306
4298,4.553457,5.028074712345411,-0.4746177123454114
4299,4.568897,5.030201430063655,-0.46130443006365507
4300,4.580902,5.0323788489934955,-0.4514768489934955
4301,4.592839,5.034309760766991,-0.44147076076699143
4302,4.6080933,5.03655938051499,-0.4284660805149896
4303,4.6208243,5.039059684758282,-0.41823538475828226
4304,4.6359506,5.04215437001259,-0.4062037700125902
4305,4.648252,5.045696930584349,-0.3974449305843484
4306,4.664494,5.049534150898442,-0.38504015089844135
4307,4.6827884,5.053313613554796,-0.37052521355479584
4308,4.702518,5.056843743828783,-0.3543257438287828
4309,4.722631,5.061101183651603,-0.3384701836516033
4310,4.735114,5.065796775567087,-0.3306827755670865
4311,4.7484283,5.070066713074026,-0.32163841307402663
4312,4.7620215,5.077052756117694,-0.31503125611769356
4313,4.7753196,5.083582277976807,-0.3082626779768063
4314,4.7821155,5.088415349367077,-0.3062998493670772
4315,4.7772217,5.092961754329198,-0.31574005432919794
4316,4.7585382,5.096618494631653,-0.338080294631653
4317,4.7280393,5.100015701300817,-0.37197640130081755
4318,4.6973114,5.103570098198499,-0.40625869819849836
4319,4.666819,5.107211776126314,-0.44039277612631356
4320,4.6424866,5.110737846415513,-0.4682512464155133
4321,4.622829,5.114431388783167,-0.49160238878316687
4322,4.6114383,5.118095857174214,-0.506657557174214
4323,4.6076255,5.120883701493999,-0.5132582014939988
4324,4.612481,5.123209867638806,-0.5107288676388064
4325,4.625352,5.124951518780823,-0.49959951878082265
4326,4.6418753,5.127052961118244,-0.4851776611182439
4327,4.660965,5.128817282235374,-0.46785228223537434
4328,4.678968,5.129806403534102,-0.4508384035341022
4329,4.693101,5.132070064138708,-0.43896906413870784
4330,4.703631,5.13391860945579,-0.4302876094557906
4331,4.710595,5.134750007860187,-0.424155007860187
4332,4.709382,5.135384965911472,-0.42600296591147213
4333,4.701259,5.135667498757444,-0.4344084987574437
4334,4.6932373,5.135996273605146,-0.44275897360514627
4335,4.6820245,5.136337181680632,-0.45431268168063177
4336,4.675054,5.136361311558366,-0.46130731155836546
4337,4.6697965,5.136408766743487,-0.46661226674348644
4338,4.6680865,5.136488553116066,-0.46840205311606553
4339,4.666253,5.136546732633545,-0.4702937326335448
4340,4.6668267,5.136384733259719,-0.46955803325971956
4341,4.6659284,5.13630284586305,-0.4703744458630501
4342,4.6660647,5.136253352081003,-0.4701886520810037
4343,4.667694,5.1357596235018175,-0.46806562350181746
4344,4.6705465,5.135420984010439,-0.46487448401043885
4345,4.6722217,5.1349306802144845,-0.4627089802144848
4346,4.6722193,5.134271876482877,-0.46205257648287734
4347,4.671695,5.134982939765177,-0.463287939765177
4348,4.6721683,5.135202415178642,-0.4630341151786421
4349,4.674153,5.1344264551409395,-0.46027345514094
4350,4.678733,5.133754965536736,-0.45502196553673535
4351,4.6803565,5.132726978551048,-0.45237047855104784
4352,4.6811576,5.131596449691585,-0.45043884969158565
4353,4.6810346,5.130457256164968,-0.4494226561649679
4354,4.68209,5.130262020167513,-0.44817202016751345
4355,4.6857824,5.129859346114792,-0.44407694611479176
4356,4.6877484,5.1287998414151,-0.4410514414150999
4357,4.685631,5.127664815926013,-0.4420338159260133
4358,4.6836905,5.126285096335135,-0.44259459633513476
4359,4.681607,5.125013263917451,-0.44340626391745097
4360,4.68077,5.123747571457391,-0.4429775714573907
4361,4.682491,5.12236468972115,-0.43987368972114993
4362,4.6835504,5.121059005394332,-0.43750860539433223
4363,4.685139,5.1197608239432455,-0.4346218239432451
4364,4.686168,5.118547395183817,-0.4323793951838164
4365,4.6841745,5.117126309726696,-0.43295180972669556
4366,4.6746683,5.115424950738256,-0.44075665073825565
4367,4.657998,5.113767306315745,-0.4557693063157453
4368,4.6379995,5.11195620780447,-0.4739567078044695
4369,4.620115,5.11021223483198,-0.4900972348319801
4370,4.6080694,5.108362656226263,-0.5002932562262634
4371,4.603325,5.106208852902983,-0.5028838529029835
4372,4.6042676,5.104047334739223,-0.49977973473922255
4373,4.610539,5.10180248389868,-0.49126348389868024
4374,4.624259,5.09977247181069,-0.4755134718106895
4375,4.6397357,5.09762356574609,-0.4578878657460903
4376,4.6552725,5.095280209821707,-0.44000770982170767
4377,4.670845,5.094391128046338,-0.42354612804633796
4378,4.685501,5.093376255055462,-0.40787525505546185
4379,4.700287,5.090801176863962,-0.3905141768639613
4380,4.7158594,5.088430503966946,-0.3725711039669459
4381,4.7317634,5.086069909097375,-0.35430650909737516
4382,4.744712,5.08323206942941,-0.3385200694294106
4383,4.74738,5.080227279976463,-0.33284727997646346
4384,4.7386975,5.077120480290127,-0.33842298029012685
4385,4.725091,5.07408861575104,-0.34899761575104016
4386,4.7124186,5.070913488946815,-0.35849488894681425
4387,4.7000327,5.067581565188065,-0.3675488651880645
4388,4.685815,5.064207930755697,-0.37839293075569724
4389,4.671913,5.060842332212356,-0.38892933221235637
4390,4.6609583,5.057605935137967,-0.39664763513796686
4391,4.653498,5.054300801098525,-0.40080280109852495
4392,4.651195,5.050780501132223,-0.3995855011322229
4393,4.6482425,5.047188394984369,-0.3989458949843687
4394,4.6432962,5.043682647739095,-0.4003864477390948
4395,4.6394577,5.040355181234174,-0.4008974812341739
4396,4.6341085,5.036905839278427,-0.4027973392784272
4397,4.631196,5.033048732224836,-0.4018527322248362
4398,4.6287713,5.029298514267955,-0.4005272142679548
4399,4.6273575,5.0268983957978834,-0.3995408957978839
4400,4.630088,5.025115123982234,-0.39502712398223405
4401,4.6359153,5.021900871171835,-0.38598557117183496
4402,4.6431417,5.018424269582376,-0.37528256958237627
4403,4.6513605,5.015073842113065,-0.3637133421130647
4404,4.6602893,5.011838439719777,-0.3515491397197774
4405,4.671668,5.009027928017664,-0.3373599280176638
4406,4.686043,5.006238172894353,-0.32019517289435306
4407,4.6992984,5.00323019379146,-0.3039317937914596
4408,4.7034836,5.00020592669723,-0.2967223266972301
4409,4.697234,4.997313010989621,-0.300079010989621
4410,4.6818686,4.994721901764223,-0.312853301764223
4411,4.662446,4.992484214568028,-0.3300382145680283
4412,4.6390676,4.989974454982961,-0.35090685498296104
4413,4.6124005,4.987411007176327,-0.3750105071763272
4414,4.5838046,4.985776319187656,-0.4019717191876566
4415,4.5607758,4.983982801014861,-0.42320700101486075
4416,4.5417066,4.98138467688221,-0.4396780768822097
4417,4.532235,4.9784205624632145,-0.4461855624632145
4418,4.5335484,4.9756921451193605,-0.4421437451193606
4419,4.5362186,4.972738730070816,-0.43652013007081614
4420,4.5399866,4.970107409188196,-0.43012080918819606
4421,4.5445943,4.966615036108694,-0.42202073610869384
4422,4.5497837,4.9626005996679625,-0.41281689966796264
4423,4.555296,4.958386006048893,-0.40309000604889267
4424,4.5608726,4.953906720545027,-0.3930341205450274
4425,4.5662556,4.949550758842696,-0.3832951588426958
4426,4.5711865,4.944750713307939,-0.3735642133079393
4427,4.5754066,4.939152443891119,-0.3637458438911194
4428,4.578658,4.933380596073652,-0.3547225960736524
4429,4.580682,4.927504329369746,-0.3468223293697452
4430,4.571432,4.922491848473432,-0.3510598484734322
4431,4.498591,4.917705056165168,-0.41911405616516806
4432,4.408856,4.912447210567897,-0.5035912105678966
4433,4.3240304,4.906372914367729,-0.5823425143677294
4434,4.2567554,4.900139319980452,-0.6433839199804519
4435,4.2050486,4.894654469447639,-0.6896058694476395
4436,4.1648154,4.889422571704543,-0.7246071717045428
4437,4.132333,4.884502046531214,-0.7521690465312139
4438,4.106903,4.879791661630261,-0.7728886616302608
4439,4.085566,4.875247991820268,-0.7896819918202675
4440,4.059466,4.8712916079498285,-0.8118256079498289
4441,4.0382895,4.868362210111666,-0.8300727101116658
4442,4.020702,4.86479183255834,-0.8440898325583399
4443,3.9966311,4.861778451622339,-0.8651473516223387
4444,3.9817712,4.859815324956142,-0.8780441249561424
4445,3.962738,4.8576022789163575,-0.8948642789163577
4446,3.948747,4.855484557182896,-0.906737557182896
4447,3.9401584,4.853327559412162,-0.913169159412162
4448,3.9366367,4.851691708774445,-0.9150550087744449
4449,3.9367392,4.8511824454820465,-0.9144432454820466
4450,3.938274,4.852041109655303,-0.9137671096553035
4451,3.943342,4.85285369324831,-0.90951169324831
4452,3.9526575,4.85392062576468,-0.9012631257646797
4453,3.9665515,4.855167904325314,-0.888616404325314
4454,3.983164,4.856233206885492,-0.8730692068854924
4455,4.001746,4.858287773837727,-0.8565417738377272
4456,4.0306907,4.860911975238794,-0.8302212752387943
4457,4.0611353,4.863533252659534,-0.8023979526595335
4458,4.094574,4.865294803124992,-0.7707208031249921
4459,4.1318717,4.868015683325799,-0.7361439833257997
4460,4.171087,4.8712656045585385,-0.7001786045585385
4461,4.2113376,4.874876181831506,-0.6635385818315056
4462,4.2536926,4.87816937620703,-0.6244767762070298
4463,4.296212,4.880183579544864,-0.5839715795448646
4464,4.3408804,4.88211128799883,-0.5412308879988306
4465,4.383415,4.884850717764501,-0.501435717764501
4466,4.42463,4.88704932503156,-0.46241932503156047
4467,4.4641504,4.888278899519801,-0.42412849951980114
4468,4.5030694,4.889555595679051,-0.3864861956790504
4469,4.5397925,4.891137779051883,-0.3513452790518832
4470,4.5761514,4.89390449880737,-0.31775309880737
4471,4.6113544,4.897708823513428,-0.2863544235134281
4472,4.638187,4.900179628145192,-0.2619926281451921
4473,4.6628537,4.901980078295896,-0.23912637829589567
4474,4.683707,4.903608382362833,-0.21990138236283308
4475,4.6959534,4.906291561792974,-0.2103381617929747
4476,4.6984177,4.909779415699382,-0.21136171569938167
4477,4.6933966,4.9128798203862045,-0.2194832203862047
4478,4.6822467,4.916141167486952,-0.23389446748695164
4479,4.670421,4.919342668300174,-0.2489216683001736
4480,4.663353,4.9235753783953236,-0.2602223783953237
4481,4.6665387,4.929070309675806,-0.2625316096758059
4482,4.6805935,4.932817697282373,-0.25222419728237355
4483,4.6955485,4.935690659990647,-0.24014215999064703
4484,4.710653,4.93898317779775,-0.22833017779775044
4485,4.7256413,4.942937963833115,-0.21729666383311486
4486,4.740249,4.946841363977778,-0.20659236397777736
4487,4.7542114,4.950499766724556,-0.19628836672455563
4488,4.7672634,4.954000815561284,-0.18673741556128398
4489,4.779141,4.958028539485801,-0.1788875394858005
4490,4.789579,4.962373812549825,-0.17279481254982532
4491,4.7983127,4.96725074201178,-0.16893804201177964
4492,4.8050776,4.971943832493992,-0.16686623249399268
4493,4.8096085,4.9779929402865655,-0.16838444028656507
4494,4.8116417,4.9841377222062,-0.1724960222062002
4495,4.766366,4.989672388747452,-0.223306388747452
4496,4.6934533,4.995490028977643,-0.3020367289776429
4497,4.6208844,5.000673045861799,-0.37978864586179917
4498,4.5657544,5.0060145113381145,-0.44026011133811416
4499,4.531468,5.011549802501457,-0.4800818025014566
4500,4.51455,5.016922569086132,-0.5023725690861323
4501,4.509857,5.022355341587557,-0.5124983415875564
4502,4.5150223,5.02688276525345,-0.5118604652534495
4503,4.527541,5.031024682430226,-0.5034836824302253
4504,4.549398,5.035296841965781,-0.48589884196578126
4505,4.560935,5.040682033841684,-0.4797470338416838
4506,4.5748706,5.046022381452621,-0.4711517814526216
4507,4.5848236,5.050156550559393,-0.46533295055939305
4508,4.589275,5.053612209815174,-0.46433720981517457
4509,4.5907416,5.057555506395504,-0.4668139063955037
4510,4.5862308,5.062440372636106,-0.4762095726361055
4511,4.580184,5.066798709456987,-0.4866147094569868
4512,4.5711474,5.069538741361285,-0.4983913413612848
4513,4.565322,5.072702041341339,-0.5073800413413387
4514,4.5633435,5.075620860294757,-0.5122773602947568
4515,4.568006,5.077666890560567,-0.5096608905605677
4516,4.5711813,5.079608011429842,-0.5084267114298422
4517,4.567894,5.081848316404834,-0.5139543164048339
4518,4.5575204,5.084162062904296,-0.5266416629042965
4519,4.545095,5.08706600766933,-0.5419710076693303
4520,4.531092,5.08917113315232,-0.5580791331523196
4521,4.5203714,5.090610948336209,-0.5702395483362093
4522,4.5151596,5.092242718385349,-0.5770831183853495
4523,4.5139837,5.093803424682083,-0.5798197246820829
4524,4.520678,5.095230848327346,-0.5745528483273459
4525,4.5318213,5.096751322908801,-0.5649300229088015
4526,4.545216,5.0982346025399945,-0.5530186025399946
4527,4.556623,5.099542017935612,-0.5429190179356116
4528,4.570161,5.100786344978807,-0.530625344978807
4529,4.5827627,5.1020527133030065,-0.5192900133030065
4530,4.5976977,5.103348574661706,-0.5056508746617059
4531,4.6165466,5.10446165226925,-0.48791505226924947
4532,4.639446,5.105241045997188,-0.46579504599718735
4533,4.662831,5.105965282863478,-0.4431342828634781
4534,4.6853876,5.108679430617955,-0.4232918306179547
4535,4.7076764,5.111345087712326,-0.4036686877123259
4536,4.7307153,5.112230766024002,-0.3815154660240019
4537,4.7524076,5.112678774847261,-0.3602711748472611
4538,4.777677,5.113205866239374,-0.3355288662393745
4539,4.8040476,5.113837405978977,-0.3097898059789772
4540,4.8296194,5.114789512335316,-0.2851701123353161
4541,4.854171,5.115814992570964,-0.2616439925709644
4542,4.878444,5.117132577643696,-0.23868857764369622
4543,4.9015536,5.119989800879496,-0.21843620087949667
4544,4.923279,5.122198726952951,-0.19891972695295124
4545,4.9441614,5.123189854760819,-0.17902845476081897
4546,4.963839,5.124432122773203,-0.1605931227732027
4547,4.9833646,5.125836798456936,-0.14247219845693593
4548,5.003222,5.128118129650316,-0.12489612965031593
4549,5.0216684,5.1303377142623985,-0.10866931426239823
4550,5.04559,5.132013321951579,-0.08642332195157909
4551,5.0535617,5.133996159246198,-0.08043445924619785
4552,5.0696597,5.136319840261927,-0.06666014026192713
4553,5.0862317,5.138859793341182,-0.052628093341182236
4554,5.099869,5.141400475907522,-0.041531475907522264
4555,5.1125894,5.144012503346158,-0.03142310334615761
4556,5.121522,5.1468142602144,-0.025292260214400564
4557,5.114741,5.1497486334357205,-0.03500763343572011
4558,5.1003013,5.152599004679651,-0.05229770467965089
4559,5.0801215,5.155711240886863,-0.07558974088686288
4560,5.059882,5.158958989200026,-0.09907698920002606
4561,5.0465646,5.163450343571482,-0.11688574357148163
4562,5.0382147,5.16813127577881,-0.1299165757788101
4563,5.033732,5.17135714643341,-0.13762514643341017
4564,5.0357895,5.174291342080594,-0.13850184208059435
4565,5.0444922,5.177254036445384,-0.13276183644538442
4566,5.058848,5.180264131942758,-0.12141613194275802
4567,5.077239,5.183234455259913,-0.10599545525991338
4568,5.0975866,5.185922366553106,-0.08833576655310615
4569,5.1177216,5.188463258180594,-0.07074165818059353
4570,5.1365476,5.190922517318809,-0.05437491731880861
4571,5.153984,5.1934774313572465,-0.039493431357246145
4572,5.167866,5.195826284400642,-0.02796028440064191
4573,5.1802835,5.197824128002838,-0.01754062800283851
4574,5.188131,5.199697739638668,-0.011566739638667833
4575,5.1944146,5.201955688306693,-0.007541088306693311
4576,5.200639,5.203960009531682,-0.0033210095316817956
4577,5.206342,5.204841845418066,0.0015001545819339768
4578,5.211487,5.205335244278885,0.0061517557211150375
4579,5.214268,5.205538783323908,0.008729216676091944
4580,5.2154694,5.205201191451456,0.010268208548543711
4581,5.217426,5.204446881233231,0.012979118766768494
4582,5.2166924,5.203309307298393,0.013383092701607424
4583,5.2136993,5.201547764245014,0.012151535754986398
4584,5.212326,5.199240953081884,0.01308504691811585
4585,5.2115073,5.196273849121107,0.015233450878892718
4586,5.211938,5.192730451781616,0.01920754821838422
4587,5.212655,5.188767289425778,0.0238877105742219
4588,5.2107086,5.187763563813865,0.02294503618613497
4589,5.206492,5.186161338723752,0.020330661276247497
4590,5.2016873,5.179548929525649,0.022138370474350744
4591,5.201939,5.1718707177002585,0.03006828229974179
4592,5.1992373,5.163574899635769,0.03566240036423096
4593,5.199453,5.154590035409517,0.04486296459048322
4594,5.201984,5.146312921999378,0.05567107800062221
4595,5.209876,5.137377264576818,0.0724987354231823
4596,5.2229395,5.126862629353619,0.09607687064638082
4597,5.236819,5.115766369390797,0.1210526306092028
4598,5.232437,5.104063739189366,0.12837326081063427
4599,5.2006106,5.09208504456605,0.1085255554339497
4600,5.152332,5.079830513793624,0.07250148620637642
4601,5.1029325,5.0674823677394265,0.03545013226057314
4602,5.0637283,5.055099351370722,0.0086289486292781
4603,5.0344586,5.042643925768499,-0.008185325768499396
4604,5.010076,5.03030282492651,-0.02022682492651029
4605,4.994097,5.018064799389967,-0.023967799389967404
4606,4.983608,5.00668690201236,-0.023078902012359848
4607,4.9831967,4.995759612171313,-0.012562912171313556
4608,4.9864645,4.984986995094538,0.0014775049054627232
4609,4.9946704,4.974697648661386,0.019972751338614536
4610,5.009992,4.965211835525416,0.04478016447458355
4611,5.020373,4.956885830264856,0.06348716973514446
4612,5.008315,4.949245056811031,0.05906994318896874
4613,4.971105,4.942166126369187,0.028938873630812267
4614,4.9245944,4.936222885678835,-0.011628485678834899
4615,4.8849487,4.931276121736454,-0.04632742173645443
4616,4.860005,4.927764533829214,-0.06775953382921429
4617,4.847491,4.925022556014425,-0.07753155601442518
4618,4.8411202,4.922543289397325,-0.08142308939732512
4619,4.846128,4.921150559108346,-0.07502255910834599
4620,4.85883,4.921090192818568,-0.06226019281856754
4621,4.883305,4.9225785529341755,-0.03927355293417545
4622,4.9134226,4.924909896899166,-0.011487296899166388
4623,4.9446054,4.927965421014121,0.016639978985879544
4624,4.980607,4.932535443351391,0.04807155664860918
4625,5.0097632,4.937406713170487,0.07235648682951279
4626,5.0399814,4.94204932942826,0.09793207057174058
4627,5.063882,4.950692236014338,0.1131897639856625
4628,5.0858436,4.960067226861628,0.12577637313837187
4629,5.106196,4.96672989467031,0.1394661053296895
4630,5.125396,4.973733573528011,0.15166242647198924
4631,5.142112,4.981547695659014,0.16056430434098612
4632,5.1548743,4.9903896102344145,0.16448468976558583
4633,5.165691,4.99797115037516,0.16771984962483977
4634,5.173536,5.0041071251127445,0.1694288748872559
4635,5.1795526,5.010179166020206,0.16937343397979365
4636,5.1862617,5.015932899550369,0.1703288004496315
4637,5.196822,5.021534645332503,0.17528735466749712
4638,5.2042456,5.0266207182203875,0.17762488177961266
4639,5.20853,5.0315302235115,0.17699977648849963
4640,5.2129254,5.036294504982435,0.17663089501756435
4641,5.2171707,5.042335601094406,0.1748350989055938
4642,5.22145,5.04793024514158,0.17351975485841997
4643,5.2255087,5.051245481845488,0.17426321815451207
4644,5.227755,5.053769077186095,0.17398592281390535
4645,5.2258673,5.055185452884395,0.1706818471156053
4646,5.2171197,5.056110192734398,0.16100950726560193
4647,5.2073364,5.056136989245603,0.1511994107543968
4648,5.198278,5.055184976302924,0.14309302369707577
4649,5.193282,5.053554481884738,0.13972751811526152
4650,5.1947546,5.052156449096656,0.1425981509033445
4651,5.1976657,5.050793033838748,0.1468726661612516
4652,5.188552,5.048274724787613,0.14027727521238642
4653,5.1555643,5.045076127013971,0.1104881729860292
4654,5.1013556,5.041200354231091,0.06015524576890918
4655,5.039785,5.036244377197247,0.003540622802753468
4656,4.984348,5.032808065821494,-0.048460065821494425
4657,4.9427905,5.0294085135782955,-0.08661801357829546
4658,4.9115396,5.0236540589918555,-0.11211445899185524
4659,4.8892636,5.016002050381903,-0.1267384503819038
4660,4.88203,5.008518517948335,-0.12648851794833504
4661,4.8793902,5.0013619417229975,-0.12197174172299796
4662,4.8804736,4.9944623909780965,-0.11398879097809633
4663,4.8764386,4.986839841549901,-0.1104012415499005
4664,4.8630424,4.979952034697291,-0.11690963469729088
4665,4.8433533,4.972303170720191,-0.1289498707201906
4666,4.82557,4.9649880172000875,-0.13941801720008762
4667,4.811216,4.957379417815806,-0.14616341781580644
4668,4.7993,4.949062356779445,-0.14976235677944505
4669,4.7913327,4.941218212845807,-0.14988551284580698
4670,4.784741,4.9328705444162715,-0.14812954441627113
4671,4.7845087,4.924916590513337,-0.14040789051333746
4672,4.788791,4.916951420716004,-0.12816042071600453
4673,4.7975845,4.910135644239188,-0.11255114423918755
4674,4.8062644,4.903628876236518,-0.09736447623651845
4675,4.815822,4.896939070276292,-0.08111707027629222
4676,4.812393,4.8907041905499025,-0.07831119054990232
4677,4.7748327,4.884999224688135,-0.11016652468813515
4678,4.7131915,4.878967293285288,-0.16577579328528813
4679,4.649781,4.872755809440817,-0.22297480944081727
4680,4.6006274,4.867311041638518,-0.26668364163851876
4681,4.568768,4.863176193386236,-0.2944081933862357
4682,4.5567822,4.8601279655552005,-0.30334576555520076
4683,4.5603027,4.857001221748715,-0.2966985217487146
4684,4.5747757,4.853974687588707,-0.27919898758870687
4685,4.5966654,4.850684205460476,-0.2540188054604764
4686,4.6118536,4.848342445684556,-0.23648884568455575
4687,4.6024957,4.846480754564054,-0.24398505456405317
4688,4.565957,4.844505865941447,-0.27854886594144723
4689,4.520024,4.843019918861715,-0.3229959188617144
4690,4.481118,4.842227744624831,-0.36110974462483103
4691,4.457389,4.841747494931833,-0.38435849493183305
4692,4.45017,4.841463846173648,-0.3912938461736477
4693,4.457949,4.84084575088339,-0.3828967508833898
4694,4.4796405,4.840672430019935,-0.3610319300199345
4695,4.5120444,4.841722226864799,-0.3296778268647991
4696,4.5518394,4.842841501398305,-0.2910021013983046
4697,4.581182,4.843966585663758,-0.2627845856637583
4698,4.574963,4.846483124525705,-0.27152012452570506
4699,4.534426,4.8492610494646105,-0.3148350494646106
4700,4.483784,4.851473984544665,-0.36768998454466484
4701,4.4417605,4.8541864643246715,-0.4124259643246715
4702,4.418163,4.857521718321013,-0.4393587183210128
4703,4.4108386,4.860223114417202,-0.4493845144172024
4704,4.4164658,4.863190811844976,-0.4467250118449755
4705,4.434094,4.86744556477158,-0.43335156477157977
4706,4.461004,4.8739422217804735,-0.41293822178047357
4707,4.4979053,4.879446257395769,-0.3815409573957691
4708,4.5397873,4.884303805713872,-0.34451650571387127
4709,4.5821795,4.88919177672911,-0.30701227672911013
4710,4.622586,4.894371977971206,-0.27178597797120574
4711,4.658721,4.900710092272622,-0.24198909227262178
4712,4.6869693,4.907278332276129,-0.22030903227612875
4713,4.6883187,4.912117248893098,-0.22379854889309847
4714,4.6601615,4.917378361068677,-0.25721686106867736
4715,4.6174545,4.923798106086368,-0.3063436060863678
4716,4.5790753,4.930986031954918,-0.3519107319549173
4717,4.553979,4.937370825778522,-0.3833918257785216
4718,4.54217,4.942813404368905,-0.4006434043689051
4719,4.5438275,4.947889282522303,-0.4040617825223034
4720,4.557373,4.954941271514016,-0.3975682715140163
4721,4.5810776,4.961040003323788,-0.3799624033237876
4722,4.6131997,4.964771093728061,-0.3515713937280607
4723,4.6516013,4.968699639377325,-0.317098339377325
4724,4.695633,4.971169643877724,-0.27553664387772425
4725,4.7398047,4.97352974549665,-0.23372504549665063
4726,4.7791967,4.975201744861067,-0.1960050448610673
4727,4.813215,4.980507546099471,-0.1672925460994712
4728,4.8391724,4.98513021136784,-0.14595781136784058
4729,4.8561945,4.985954474626695,-0.12975997462669486
4730,4.870576,4.98828198873356,-0.11770598873355986
4731,4.878867,4.988957148387278,-0.11009014838727804
4732,4.882683,4.98799990819201,-0.10531690819200978
4733,4.86511,4.9865954915341355,-0.1214854915341359
4734,4.8011703,4.983833758806424,-0.18266345880642376
4735,4.706845,4.980616391588702,-0.2737713915887019
4736,4.614695,4.97734844112612,-0.3626534411261195
4737,4.5409064,4.9746825502222,-0.43377615022219995
4738,4.4896035,4.9722186194958065,-0.48261511949580616
4739,4.460868,4.969128113804755,-0.5082601138047558
4740,4.445926,4.965602543584788,-0.5196765435847883
4741,4.4406695,4.961645665708781,-0.520976165708781
4742,4.438895,4.9593885493618695,-0.5204935493618699
4743,4.437184,4.958149871962042,-0.5209658719620416
4744,4.4350076,4.955695098891611,-0.5206874988916113
4745,4.435351,4.952673831544796,-0.5173228315447957
4746,4.445099,4.949447718752715,-0.5043487187527154
4747,4.4652643,4.947592923105915,-0.4823286231059143
4748,4.494801,4.9456184822618505,-0.4508174822618507
4749,4.5256467,4.942129626053624,-0.41648292605362336
4750,4.54107,4.938627714928294,-0.3975577149282934
4751,4.5231442,4.9349479645233645,-0.41180376452336453
4752,4.4823456,4.93142295556358,-0.4490773555635794
4753,4.438785,4.927489604322118,-0.48870460432211793
4754,4.4096045,4.922304324700991,-0.5126998247009906
4755,4.396531,4.916284405291535,-0.5197534052915342
4756,4.3996496,4.909648634119108,-0.5099990341191081
4757,4.4159417,4.902714797664271,-0.4867730976642708
4758,4.4427958,4.895567544796014,-0.45277174479601445
4759,4.477299,4.8894486595231,-0.41214965952309957
4760,4.519187,4.884729178217146,-0.3655421782171464
4761,4.560765,4.877874281117676,-0.3171092811176761
4762,4.598391,4.868472382542006,-0.2700813825420054
4763,4.620261,4.863385515934945,-0.24312451593494444
4764,4.6175537,4.8585971753310035,-0.24104347533100334
4765,4.594124,4.849455027461333,-0.25533102746133274
4766,4.560491,4.840654476473418,-0.280163476473418
4767,4.5286026,4.832819515382568,-0.30421691538256823
4768,4.5021067,4.825049313059588,-0.32294261305958827
4769,4.4772882,4.816651387645043,-0.33936318764504314
4770,4.4578867,4.808787061331441,-0.35090036133144054
4771,4.444085,4.801483848513694,-0.35739884851369386
4772,4.4343286,4.79538777008141,-0.3610591700814103
4773,4.4311337,4.7889924934251775,-0.35785879342517735
4774,4.4304504,4.78319191153869,-0.3527415115386905
4775,4.430819,4.777523030950022,-0.346704030950022
4776,4.42306,4.771804428582181,-0.34874442858218035
4777,4.4070077,4.76665163082451,-0.35964393082451007
4778,4.3911743,4.763021190257658,-0.3718468902576575
4779,4.3846183,4.7633553677047,-0.3787370677047006
4780,4.3829217,4.7641751584655765,-0.3812534584655767
4781,4.3927426,4.763968408261222,-0.3712258082612223
4782,4.4088035,4.766532243724563,-0.35772874372456265
4783,4.42567,4.768252342882117,-0.34258234288211664
4784,4.431256,4.767010355585349,-0.3357543555853484
4785,4.4243503,4.766890937954054,-0.34254063795405365
4786,4.4129715,4.767204114455878,-0.35423261445587784
4787,4.404296,4.768683585828215,-0.3643875858282142
4788,4.4059873,4.7706559767865855,-0.3646686767865859
4789,4.41858,4.772478565455437,-0.3538985654554363
4790,4.441487,4.775202408996341,-0.33371540899634056
4791,4.47288,4.778516373556333,-0.3056363735563332
4792,4.5093427,4.782993443194037,-0.2736507431940369
4793,4.543845,4.788248222985718,-0.24440322298571804
4794,4.572747,4.793893240170046,-0.22114624017004658
4795,4.597289,4.800509926017269,-0.20322092601726904
4796,4.619947,4.8076209362951055,-0.18767393629510565
4797,4.6425476,4.815815240497627,-0.17326764049762655
4798,4.666169,4.824465446442695,-0.15829644644269525
4799,4.687304,4.83203925124169,-0.1447352512416895
4800,4.6987677,4.839762482804759,-0.14099478280475886
4801,4.7013407,4.848058864015513,-0.14671816401551308
4802,4.697174,4.858112539429536,-0.1609385394295355
4803,4.693502,4.869099146126619,-0.17559714612661903
4804,4.695732,4.8792105259254335,-0.1834785259254339
4805,4.703294,4.8885963530362355,-0.18530235303623588
4806,4.713803,4.896731652079485,-0.18292865207948417
4807,4.7264752,4.90408277273893,-0.17760757273892924
4808,4.742196,4.910535209793146,-0.16833920979314598
4809,4.7599597,4.916600597607253,-0.15664089760725375
4810,4.783398,4.922893376956583,-0.13949537695658254
4811,4.8062177,4.928911330697482,-0.12269363069748174
4812,4.8281336,4.935624479335991,-0.107490879335991
4813,4.85191,4.941732957186775,-0.08982295718677502
4814,4.8741326,4.944018565898871,-0.06988596589887042
4815,4.8937554,4.945345426144149,-0.05159002614414909
4816,4.9063416,4.947245072118731,-0.04090347211873091
4817,4.9121714,4.953123160260184,-0.04095176026018432
4818,4.9132986,4.95752663721944,-0.04422803721944035
4819,4.912163,4.958063380753021,-0.04590038075302161
4820,4.910676,4.96025672739282,-0.04958072739282038
4821,4.912188,4.963151480216614,-0.050963480216613455
4822,4.9117584,4.966548835452675,-0.05479043545267448
4823,4.89722,4.969847271152736,-0.07262727115273648
4824,4.8643517,4.970903937749535,-0.10655223774953448
4825,4.827351,4.971968826600404,-0.14461782660040345
4826,4.7951007,4.973190516850575,-0.17808981685057468
4827,4.775964,4.975471752895932,-0.19950775289593192
4828,4.7689657,4.979422818438493,-0.21045711843849357
4829,4.772632,4.982961774012617,-0.21032977401261732
4830,4.784778,4.986042987932608,-0.20126498793260783
4831,4.809918,4.989058929205103,-0.17914092920510338
4832,4.837847,4.992944953237843,-0.15509795323784292
4833,4.870936,4.996684162421019,-0.1257481624210186
4834,4.90459,4.998439039570518,-0.09384903957051804
4835,4.9399543,5.0000212174629945,-0.06006691746299442
4836,4.9714704,5.002225316192158,-0.030754916192157644
4837,5.0029144,5.005485499385103,-0.0025710993851033592
4838,5.030065,5.006957621703467,0.02310737829653231
4839,5.054488,5.006825244911964,0.04766275508803641
4840,5.071943,5.007406976851508,0.06453602314849238
4841,5.0830927,5.0070926349447475,0.07600006505525236
4842,5.087024,5.005911707982402,0.08111229201759862
4843,5.0894876,5.004674234625151,0.08481336537484907
4844,5.093632,5.002886796165179,0.0907452038348211
4845,5.098973,5.000915622848862,0.09805737715113771
4846,5.10839,4.998564512368693,0.10982548763130673
4847,5.1172767,4.995556139100378,0.12172056089962169
4848,5.113918,4.9919462940705985,0.12197170592940143
4849,5.0972943,4.987791888930824,0.10950241106917602
4850,5.0697927,4.983634803865714,0.08615789613428593
4851,5.0288568,4.979052609172763,0.04980419082723664
4852,4.97909,4.974968989926712,0.004121010073288467
4853,4.9261026,4.971036391469506,-0.04493379146950627
4854,4.8731265,4.965507369803883,-0.09238086980388349
4855,4.8311563,4.959577847885389,-0.12842154788538895
4856,4.793225,4.953576869069131,-0.16035186906913168
4857,4.7589145,4.948196876384839,-0.18928237638483836
4858,4.7236643,4.942443516350216,-0.21877921635021558
4859,4.688395,4.9357607430712225,-0.2473657430712226
4860,4.6518903,4.929022787589507,-0.27713248758950737
4861,4.6145706,4.923911319493701,-0.3093407194937008
4862,4.5808597,4.918306790385912,-0.33744709038591125
4863,4.548121,4.914454950832338,-0.3663339508323382
4864,4.515542,4.910489785901501,-0.39494778590150137
4865,4.4698596,4.904016739892069,-0.4341571398920685
4866,4.4062586,4.897912121963963,-0.49165352196396306
4867,4.334306,4.892942595431884,-0.5586365954318842
4868,4.26827,4.887704413150348,-0.6194344131503478
4869,4.2205048,4.8817505640984615,-0.6612457640984619
4870,4.191602,4.8776970411941525,-0.6860950411941529
4871,4.1788135,4.872881611596562,-0.6940681115965619
4872,4.1790705,4.868990186537597,-0.6899196865375972
4873,4.180808,4.864561161169348,-0.6837531611693484
4874,4.1756015,4.8589727081135425,-0.6833712081135426
4875,4.162154,4.854049285420378,-0.6918952854203777
4876,4.1432333,4.84975207276423,-0.7065187727642295
4877,4.1244073,4.846933736046509,-0.7225264360465093
4878,4.102502,4.844444743328044,-0.7419427433280434
4879,4.079652,4.840831660009814,-0.7611796600098133
4880,4.0530295,4.83879053742361,-0.7857610374236099
4881,4.03518,4.836985116228002,-0.8018051162280013
4882,4.025337,4.835200308668551,-0.8098633086685503
4883,4.019578,4.835114276940626,-0.8155362769406258
4884,4.0126963,4.835328718731308,-0.8226324187313079
4885,4.00388,4.833446523780528,-0.8295665237805281
4886,3.9989407,4.8325708530295,-0.8336301530295
4887,3.98268,4.831683960810887,-0.8490039608108866
4888,3.9670606,4.831925134873406,-0.8648645348734059
4889,3.9514487,4.832658109636272,-0.8812094096362721
4890,3.9423175,4.8328952996771655,-0.8905777996771653
4891,3.9359643,4.833394565362042,-0.8974302653620416
4892,3.9418042,4.834323238517481,-0.8925190385174808
4893,3.958021,4.8363765626119175,-0.8783555626119175
4894,3.979466,4.839765536645308,-0.8602995366453077
4895,4.003669,4.846011537126706,-0.8423425371267053
4896,4.0295157,4.850567691281608,-0.8210519912816077
4897,4.0599365,4.855341107215663,-0.7954046072156631
4898,4.0945554,4.857477521018783,-0.7629221210187831
4899,4.133405,4.858542984017812,-0.7251379840178123
4900,4.1674447,4.858281222556293,-0.6908365225562934
4901,4.1885104,4.857896098398308,-0.6693856983983082
4902,4.188981,4.857903273224112,-0.668922273224112
4903,4.1736865,4.857623170977088,-0.6839366709770882
4904,4.1505027,4.857816911113786,-0.7073142111137862
4905,4.133433,4.855970059147842,-0.7225370591478422
4906,4.1291776,4.853318428185044,-0.7241408281850434
4907,4.1385293,4.851623597291545,-0.713094297291545
4908,4.1631536,4.8486985628823716,-0.6855449628823713
4909,4.199662,4.846422966422457,-0.6467609664224572
4910,4.244506,4.841666863825666,-0.5971608638256658
4911,4.2862115,4.8352976870660305,-0.5490861870660302
4912,4.3061295,4.828166668174324,-0.5220371681743243
4913,4.288415,4.8208770424380285,-0.5324620424380289
4914,4.2315283,4.813880141502757,-0.5823518415027573
4915,4.164811,4.807039153697378,-0.6422281536973777
4916,4.1043024,4.799385288443227,-0.6950828884432267
4917,4.0582514,4.792771166501619,-0.7345197665016192
4918,4.0235343,4.786066859849109,-0.7625325598491095
4919,3.995915,4.780210795626566,-0.7842957956265657
4920,3.9735217,4.772608694728037,-0.7990869947280368
4921,3.9572525,4.764947186127796,-0.807694686127796
4922,3.9454968,4.759473881713653,-0.8139770817136531
4923,3.9398978,4.755162823129923,-0.815265023129923
4924,3.9349408,4.750275976599714,-0.8153351765997141
4925,3.9343185,4.74626489906589,-0.8119463990658904
4926,3.9322925,4.741793179991406,-0.8095006799914062
4927,3.9308972,4.738074950430645,-0.8071777504306454
4928,3.9261127,4.735049728148713,-0.8089370281487129
4929,3.9152179,4.732440643604369,-0.8172227436043693
4930,3.9025433,4.730426387839817,-0.8278830878398167
4931,3.8959033,4.731544674550084,-0.8356413745500837
4932,3.8972614,4.732334350253105,-0.8350729502531045
4933,3.9030805,4.7324340646232415,-0.8293535646232413
4934,3.914931,4.734574085842073,-0.8196430858420731
4935,3.9238718,4.738241337998986,-0.8143695379989855
4936,3.9348624,4.743122279200047,-0.8082598792000466
4937,3.9518344,4.7460995970616615,-0.7942651970616614
4938,3.966969,4.748007991343557,-0.7810389913435567
4939,3.9875476,4.750136930896607,-0.7625893308966072
4940,4.0105886,4.753862992830394,-0.7432743928303935
4941,4.0359216,4.759006559086979,-0.7230849590869788
4942,4.0647397,4.764026268676742,-0.699286568676742
4943,4.092271,4.772060700626547,-0.6797897006265465
4944,4.1051636,4.7809448804075565,-0.6757812804075565
4945,4.0965447,4.786609062122319,-0.6900643621223193
4946,4.076659,4.7919543307031365,-0.7152953307031362
4947,4.0581613,4.796990054729704,-0.7388287547297043
4948,4.04981,4.802333353180412,-0.7525233531804121
4949,4.0516095,4.807139236301481,-0.7555297363014812
4950,4.063275,4.811343539811768,-0.7480685398117677
4951,4.0840507,4.815241672594075,-0.7311909725940753
4952,4.109787,4.818742366241358,-0.7089553662413586
4953,4.1396756,4.822124956404089,-0.6824493564040885
4954,4.170808,4.826076251156333,-0.6552682511563326
4955,4.204522,4.830101204011299,-0.6255792040112995
4956,4.2378454,4.83385875133114,-0.5960133513311394
4957,4.265406,4.837646412872694,-0.5722404128726941
4958,4.2652674,4.843687325096377,-0.5784199250963766
4959,4.2269397,4.847608176768276,-0.6206684767682757
4960,4.1750064,4.853339489091058,-0.6783330890910584
4961,4.1295514,4.856627345933261,-0.7270759459332607
4962,4.0966144,4.85753041319168,-0.7609160131916797
4963,4.0757513,4.858867192450397,-0.7831158924503967
4964,4.0661,4.859876263181991,-0.7937762631819911
4965,4.066146,4.8596792405086635,-0.7935332405086637
4966,4.071737,4.859563463519241,-0.7878264635192416
4967,4.0830927,4.85930591548427,-0.7762132154842698
4968,4.0985436,4.859640514913037,-0.7610969149130371
4969,4.1170087,4.859690359783898,-0.7426816597838979
4970,4.136783,4.860138877059431,-0.723355877059431
4971,4.1570272,4.860124726858576,-0.703097526858576
4972,4.1706314,4.858858269759984,-0.6882268697599834
4973,4.176238,4.859001967280595,-0.6827639672805956
4974,4.1726346,4.85791352755164,-0.6852789275516393
4975,4.157111,4.854393295760631,-0.6972822957606315
4976,4.134553,4.850604064220143,-0.7160510642201423
4977,4.116154,4.846827756925084,-0.7306737569250839
4978,4.1089487,4.842319466121481,-0.7333707661214808
4979,4.117234,4.836393528151119,-0.7191595281511187
4980,4.1382685,4.829789491060567,-0.6915209910605675
4981,4.1656547,4.824233527785937,-0.658578827785937
4982,4.196423,4.819513294874348,-0.6230902948743475
4983,4.222622,4.813201791069055,-0.5905797910690547
4984,4.226563,4.806260306339252,-0.5796973063392521
4985,4.2304435,4.798248170635165,-0.5678046706351649
4986,4.236692,4.789612648574124,-0.5529206485741245
4987,4.2448273,4.785310189654468,-0.5404828896544682
4988,4.254368,4.781684188167512,-0.5273161881675117
4989,4.264831,4.775016966125975,-0.5101859661259747
4990,4.2757363,4.768740492277745,-0.49300419227774483
4991,4.286601,4.76332753860546,-0.47672653860546
4992,4.296944,4.757677605060668,-0.4607336050606685
4993,4.3062835,4.753124070043694,-0.44684057004369393
4994,4.314138,4.748693502851438,-0.4345555028514383
4995,4.3200254,4.743826352295387,-0.4238009522953874
4996,4.323464,4.7397646195730925,-0.41630061957309206
4997,4.3181796,4.736171076870887,-0.41799147687088745
4998,4.282317,4.7336037661056825,-0.4512867661056825
4999,4.2349887,4.730950999236812,-0.4959622992368127
5000,4.187935,4.728499796786749,-0.5405647967867484
5001,4.1477203,4.727052552846949,-0.5793322528469496
5002,4.113121,4.726376614968556,-0.6132556149685566
5003,4.0843115,4.727009859951915,-0.6426983599519147
5004,4.0644684,4.729712104474507,-0.6652437044745074
5005,4.0522256,4.733600515145869,-0.6813749151458692
5006,4.047916,4.7376679154708725,-0.6897519154708727
5007,4.053093,4.742410615989524,-0.6893176159895242
5008,4.06182,4.748066966501421,-0.6862469665014208
5009,4.0719943,4.753559134992408,-0.6815648349924075
5010,4.08476,4.7613668852850255,-0.6766068852850253
5011,4.1046915,4.768865473759563,-0.6641739737595627
5012,4.1305456,4.77660392957783,-0.6460583295778308
5013,4.1641684,4.7849754756457825,-0.6208070756457822
5014,4.200042,4.793805628782316,-0.593763628782316
5015,4.2425027,4.802198403911447,-0.559695703911447
5016,4.2885065,4.811174940436574,-0.5226684404365738
5017,4.3316565,4.820490543652691,-0.488834043652691
5018,4.3757586,4.830661039662948,-0.4549024396629475
5019,4.4151263,4.842717266665851,-0.42759096666585084
5020,4.4501963,4.854665462747906,-0.40446916274790556
5021,4.4840035,4.865958129934751,-0.38195462993475093
5022,4.5123377,4.877110136759801,-0.3647724367598011
5023,4.5350537,4.888652660520401,-0.35359896052040085
5024,4.5498037,4.900567912069108,-0.3507642120691079
5025,4.555503,4.911863312250734,-0.35636031225073417
5026,4.5570855,4.923134805117435,-0.3660493051174347
5027,4.5534406,4.934409908121401,-0.38096930812140073
5028,4.5449777,4.947219039047942,-0.4022413390479427
5029,4.5319705,4.960278447465886,-0.4283079474658864
5030,4.520707,4.971569159485674,-0.4508621594856743
5031,4.5186496,4.981843231206435,-0.4631936312064351
5032,4.5255866,4.992258554321546,-0.46667195432154607
5033,4.5427604,5.003435148416362,-0.4606747484163627
5034,4.5650506,5.014586423586621,-0.44953582358662114
5035,4.5917883,5.024847959693982,-0.4330596596939822
5036,4.620118,5.0340621355566935,-0.41394413555669374
5037,4.647082,5.0423023506243245,-0.39522035062432437
5038,4.6692853,5.049613699141847,-0.38032839914184713
5039,4.6844745,5.056590134426461,-0.3721156344264607
5040,4.6915426,5.068705963362136,-0.3771633633621363
5041,4.693279,5.079488207315374,-0.3862092073153738
5042,4.6948743,5.0837122069962914,-0.38883790699629106
5043,4.7003293,5.0882369171001764,-0.3879076171001765
5044,4.7090673,5.092684903835887,-0.38361760383588717
5045,4.7198997,5.096101568689874,-0.3762018686898738
5046,4.72921,5.09933461935838,-0.37012461935838026
5047,4.7372613,5.102304821360374,-0.36504352136037355
5048,4.7453437,5.105196147284803,-0.35985244728480303
5049,4.747991,5.108155794394991,-0.36016479439499083
5050,4.743006,5.110826365374373,-0.36782036537437257
5051,4.7290573,5.112421757768217,-0.38336445776821737
5052,4.709599,5.113598436836928,-0.4039994368369282
5053,4.693512,5.114341378532931,-0.4208293785329307
5054,4.687172,5.115068317987702,-0.42789631798770156
5055,4.6862803,5.114903583166979,-0.42862328316697873
5056,4.6888404,5.114230131263515,-0.42538973126351465
5057,4.690685,5.113220679190616,-0.42253567919061563
5058,4.689016,5.111598014242003,-0.42258201424200337
5059,4.683587,5.109540496163106,-0.42595349616310596
5060,4.680047,5.1066234308804255,-0.4265764308804254
5061,4.6798806,5.104065985312194,-0.4241853853121942
5062,4.686191,5.100467936326366,-0.41427693632636586
5063,4.6978235,5.095741688629332,-0.3979181886293315
5064,4.713901,5.0902074977764284,-0.37630649777642855
5065,4.7282104,5.084446138417555,-0.3562357384175554
5066,4.73532,5.077224807648853,-0.3419048076488531
5067,4.73054,5.069214379299993,-0.33867437929999245
5068,4.704869,5.060990166528262,-0.3561211665282613
5069,4.6530075,5.0532181489045,-0.4002106489044994
5070,4.585021,5.044998255920925,-0.45997725592092475
5071,4.517896,5.035819362607213,-0.5179233626072124
5072,4.4613395,5.02639977998889,-0.5650602799888897
5073,4.415679,5.016681023201542,-0.6010020232015423
5074,4.3808985,5.006360204150383,-0.6254617041503829
5075,4.3495736,4.995922476643918,-0.646348876643918
5076,4.3171244,4.985305360976119,-0.6681809609761187
5077,4.282232,4.974711263532447,-0.692479263532447
5078,4.2442374,4.964143193880444,-0.7199057938804438
5079,4.205497,4.954120587764814,-0.748623587764814
5080,4.168444,4.944533433026656,-0.7760894330266561
5081,4.13501,4.935021219226386,-0.800011219226386
5082,4.105995,4.925580022684894,-0.819585022684894
5083,4.0853524,4.916490727482903,-0.8311383274829032
5084,4.07179,4.908461537605789,-0.8366715376057892
5085,4.0634503,4.900423064642242,-0.8369727646422414
5086,4.057011,4.891824248657857,-0.8348132486578566
5087,4.0524664,4.8837621371056645,-0.8312957371056644
5088,4.052386,4.876023327953483,-0.8236373279534828
5089,4.0519757,4.8684961534970075,-0.8165204534970076
5090,4.052597,4.8608410334169045,-0.808244033416905
5091,4.050716,4.854470505616585,-0.8037545056165847
5092,4.0330963,4.848368200365753,-0.8152719003657527
5093,4.013665,4.841819332638407,-0.8281543326384071
5094,3.988399,4.833995383740601,-0.8455963837406011
5095,3.9661267,4.826877200250109,-0.8607505002501088
5096,3.9545648,4.8196638995193055,-0.8650990995193055
5097,3.9514346,4.814839827729764,-0.8634052277297641
5098,3.95789,4.8095104724456545,-0.8516204724456546
5099,3.974898,4.8020892738745555,-0.8271912738745555
5100,4.0052347,4.795287689865075,-0.7900529898650754
5101,4.040891,4.7887536230385415,-0.7478626230385412
5102,4.0709143,4.781702768102407,-0.7107884681024066
5103,4.0952277,4.774459783193879,-0.6792320831938792
5104,4.1153564,4.768135263787452,-0.6527788637874528
5105,4.127861,4.762151106858478,-0.6342901068584776
5106,4.1281323,4.755825744194361,-0.6276934441943611
5107,4.111546,4.7501047762081505,-0.6385587762081508
5108,4.080985,4.744756563949366,-0.663771563949366
5109,4.0459695,4.740432354910394,-0.6944628549103937
5110,4.012073,4.736721037255811,-0.7246480372558111
5111,3.9845526,4.733106147073846,-0.7485535470738456
5112,3.9630978,4.730426658591679,-0.7673288585916795
5113,3.9584155,4.7290135457662625,-0.7705980457662625
5114,3.9652078,4.728676250577498,-0.7634684505774985
5115,3.9751935,4.72867712259015,-0.7534836225901498
5116,3.9820697,4.729210336484123,-0.7471406364841235
5117,3.9747586,4.730677535363602,-0.7559189353636024
5118,3.9589984,4.733121697436209,-0.7741232974362089
5119,3.9426541,4.737078990481615,-0.7944248904816154
5120,3.9317682,4.743065121367421,-0.8112969213674206
5121,3.9298847,4.74910511269367,-0.8192204126936695
5122,3.9368625,4.754999179410671,-0.8181366794106708
5123,3.9513605,4.760904337768254,-0.8095438377682544
5124,3.9660556,4.7690893315277565,-0.8030337315277567
5125,3.983682,4.778868394492883,-0.795186394492883
5126,4.0009375,4.788615190186946,-0.7876776901869462
5127,4.018669,4.79765488680646,-0.7789858868064599
5128,4.0320163,4.806189174340174,-0.7741728743401737
5129,4.0489492,4.815222549689465,-0.7662733496894649
5130,4.0728846,4.825389254675286,-0.7525046546752856
5131,4.095676,4.835089878179261,-0.7394138781792607
5132,4.1251035,4.845344729137375,-0.7202412291373754
5133,4.155668,4.857024493378364,-0.7013564933783636
5134,4.1862283,4.870444398058154,-0.6842160980581546
5135,4.22239,4.882401370361614,-0.6600113703616142
5136,4.252227,4.893767254635967,-0.6415402546359665
5137,4.2802625,4.905146058383621,-0.6248835583836208
5138,4.303951,4.916778430054994,-0.6128274300549945
5139,4.3212805,4.928639685403615,-0.6073591854036149
5140,4.3292923,4.9399965941911805,-0.6107042941911809
5141,4.32959,4.950463909128604,-0.620873909128604
5142,4.3209653,4.960862284380888,-0.6398969843808882
5143,4.31132,4.970729791564784,-0.6594097915647836
5144,4.2987103,4.981968996389643,-0.6832586963896432
5145,4.287116,4.993646193336726,-0.7065301933367261
5146,4.277868,5.003770195987395,-0.7259021959873948
5147,4.268519,5.014215648050945,-0.745696648050945
5148,4.2637277,5.02387306516699,-0.7601453651669905
5149,4.265446,5.032715083560068,-0.767269083560068
5150,4.2699,5.043110916595592,-0.773210916595592
5151,4.27925,5.051938006157143,-0.7726880061571428
5152,4.293575,5.05870634240383,-0.76513134240383
5153,4.3051867,5.065411125667824,-0.7602244256678237
5154,4.313044,5.073550756939131,-0.7605067569391313
5155,4.3167367,5.08088625194401,-0.7641495519440102
5156,4.3191867,5.085645085074214,-0.7664583850742135
5157,4.3164163,5.090640830398236,-0.7742245303982358
5158,4.3128715,5.094956299893681,-0.7820847998936813
5159,4.3051276,5.098833831842887,-0.7937062318428874
5160,4.2942767,5.102528597231371,-0.8082518972313713
5161,4.281735,5.106001279529165,-0.8242662795291649
5162,4.274781,5.1079530517061755,-0.8331720517061756
5163,4.2742944,5.109389773082443,-0.8350953730824431
5164,4.275895,5.111091017733341,-0.8351960177333408
5165,4.2794333,5.113228263579396,-0.833794963579396
5166,4.2814765,5.114305379928533,-0.8328288799285328
5167,4.2787356,5.114461823141571,-0.8357262231415712
5168,4.2771387,5.114748685651843,-0.8376099856518433
5169,4.270797,5.114672308907288,-0.8438753089072879
5170,4.260041,5.1140581252360215,-0.8540171252360214
5171,4.2523074,5.112167945491697,-0.8598605454916965
5172,4.250835,5.1101915400779525,-0.8593565400779521
5173,4.236423,5.1089627652554555,-0.8725397652554552
5174,4.2569222,5.1074727324334015,-0.8505505324334015
5175,4.282039,5.104121114086945,-0.8220821140869452
5176,4.310624,5.100729024565489,-0.7901050245654888
5177,4.341935,5.097045037374134,-0.7551100373741333
5178,4.3684607,5.093265039019015,-0.7248043390190153
5179,4.386089,5.089577817576803,-0.7034888175768028
5180,4.3830194,5.085618622247726,-0.7025992222477262
5181,4.3585553,5.081868798853336,-0.7233134988533365
5182,4.323566,5.07802830183939,-0.7544623018393901
5183,4.2965817,5.074536909664109,-0.7779552096641087
5184,4.2829614,5.071301449252499,-0.7883400492524997
5185,4.282932,5.068201162193442,-0.7852691621934422
5186,4.2957196,5.065225741710888,-0.7695061417108882
5187,4.3186884,5.062481233679195,-0.743792833679195
5188,4.3488717,5.060449611862864,-0.7115779118628636
5189,4.385098,5.059009316382872,-0.6739113163828723
5190,4.4210663,5.058451607774978,-0.637385307774978
5191,4.442521,5.057958080211607,-0.6154370802116071
5192,4.4368396,5.057360572444954,-0.6205209724449539
5193,4.4022574,5.057322464501161,-0.6550650645011613
5194,4.377083,5.05842370542362,-0.6813407054236205
5195,4.3637085,5.059996348141054,-0.6962878481410533
5196,4.360832,5.061606380062677,-0.7007743800626764
5197,4.3686438,5.063717777351848,-0.6950739773518482
5198,4.380054,5.066216833122984,-0.6861628331229834
5199,4.3932943,5.069514943606404,-0.6762206436064044
5200,4.4077377,5.073309716081416,-0.6655720160814154
5201,4.421534,5.07726705533493,-0.6557330553349301
5202,4.4381356,5.0822118449111695,-0.6440762449111697
5203,4.455196,5.087240721879036,-0.6320447218790362
5204,4.474134,5.092021899465387,-0.6178878994653871
5205,4.4955664,5.0971104748005205,-0.6015440748005201
5206,4.520303,5.101640403087551,-0.5813374030875504
5207,4.5482855,5.106239227305123,-0.5579537273051223
5208,4.5786633,5.110727663852573,-0.532064363852573
5209,4.6118326,5.115719428355109,-0.5038868283551095
5210,4.6422095,5.1209273027194895,-0.4787178027194896
5211,4.6718683,5.126136370996036,-0.4542680709960365
5212,4.6994653,5.131373265565944,-0.43190796556594435
5213,4.7245483,5.136029855897502,-0.41148155589750157
5214,4.7469754,5.140126825105346,-0.39315142510534606
5215,4.7674713,5.143963676545695,-0.3764923765456949
5216,4.7831826,5.147668773184991,-0.3644861731849911
5217,4.794543,5.151178844039804,-0.3566358440398041
5218,4.8054395,5.154462271482238,-0.3490227714822378
5219,4.809617,5.157892252013009,-0.3482752520130088
5220,4.8107004,5.162499697260534,-0.35179929726053416
5221,4.810559,5.166038364385437,-0.35547936438543726
5222,4.815057,5.168462876572433,-0.35340587657243283
5223,4.822499,5.17054744167224,-0.34804844167224047
5224,4.821819,5.1723153829730295,-0.3504963829730299
5225,4.8048315,5.173307279633924,-0.36847577963392464
5226,4.7645535,5.173894132847657,-0.4093406328476572
5227,4.716047,5.174332124901109,-0.45828512490110906
5228,4.6759753,5.174757527234893,-0.4987822272348925
5229,4.6539893,5.174816513696572,-0.5208272136965721
5230,4.648394,5.1754478191545195,-0.5270538191545198
5231,4.656612,5.178339999023681,-0.5217279990236809
5232,4.6779504,5.180456262017981,-0.5025058620179808
5233,4.706393,5.1785242871577735,-0.4721312871577732
5234,4.738288,5.1769325246146325,-0.43864452461463266
5235,4.774331,5.1752815812018556,-0.40095058120185545
5236,4.8078156,5.173087197438898,-0.36527159743889825
5237,4.8384314,5.170197609405188,-0.3317662094051874
5238,4.8647547,5.167179109200703,-0.3024244092007029
5239,4.887168,5.1639959742338615,-0.2768279742338615
5240,4.9077888,5.160876381621254,-0.2530875816212541
5241,4.919803,5.158698342694975,-0.23889534269497492
5242,4.9310846,5.155378953428715,-0.22429435342871518
5243,4.9383698,5.152173737314419,-0.2138039373144185
5244,4.948566,5.148539479418509,-0.1999734794185093
5245,4.9565473,5.1446242142942245,-0.18807691429422402
5246,4.961396,5.140436858849395,-0.1790408588493957
5247,4.9675317,5.136468132980532,-0.16893643298053185
5248,4.976833,5.1317892682084,-0.1549562682083998
5249,4.9897614,5.126845057378428,-0.13708365737842776
5250,5.005504,5.121723418011696,-0.11621941801169555
5251,5.018353,5.116613471544552,-0.09826047154455164
5252,5.0208673,5.110572070094872,-0.08970477009487166
5253,5.0125327,5.104675520992765,-0.09214282099276438
5254,4.994355,5.099158313542783,-0.10480331354278327
5255,4.9655294,5.0935571176072205,-0.1280277176072202
5256,4.9340177,5.0864292706773115,-0.15241157067731148
5257,4.897487,5.0790500446321545,-0.18156304463215456
5258,4.8606043,5.071215920097051,-0.21061162009705026
5259,4.8236823,5.063350544343548,-0.23966824434354805
5260,4.7946777,5.055546194100922,-0.2608684941009214
5261,4.7753625,5.047918420212154,-0.27255592021215413
5262,4.7686124,5.040154680339261,-0.2715422803392604
5263,4.768949,5.0326485603106415,-0.26369956031064135
5264,4.766288,5.025316695327878,-0.25902869532787776
5265,4.747212,5.018482124548673,-0.27127012454867305
5266,4.6986814,5.011934551688336,-0.3132531516883361
5267,4.6258883,5.005916418559721,-0.3800281185597214
5268,4.545588,5.0005361242344195,-0.4549481242344191
5269,4.469073,4.9954689311299205,-0.5263959311299207
5270,4.405291,4.991002053125226,-0.5857110531252259
5271,4.3551025,4.987376835543337,-0.6322743355433369
5272,4.323589,4.9840758205249145,-0.6604868205249144
5273,4.3031287,4.981264717244049,-0.6781360172440491
5274,4.2989035,4.979127337983434,-0.6802238379834344
5275,4.310138,4.977965127543662,-0.6678271275436618
5276,4.3384476,4.977336496389544,-0.6388888963895436
5277,4.3747864,4.976977238786068,-0.6021908387860684
5278,4.416179,4.977965964685165,-0.5617869646851652
5279,4.456943,4.979421269415891,-0.5224782694158909
5280,4.499431,4.980599044760412,-0.48116804476041164
5281,4.537406,4.982216817628288,-0.4448108176282881
5282,4.573577,4.983652620044357,-0.41007562004435716
5283,4.608384,4.985680480374384,-0.3772964803743841
5284,4.6436877,4.989014195888265,-0.3453264958882647
5285,4.680649,4.991784760529956,-0.3111357605299565
5286,4.717974,4.993694267990316,-0.2757202679903159
5287,4.7540054,4.996082548574731,-0.24207714857473128
5288,4.7920337,4.997002614111555,-0.2049689141115545
5289,4.8246655,4.996793879651369,-0.17212837965136885
5290,4.857532,4.996818500952668,-0.13928650095266804
5291,4.8880715,4.99611681684742,-0.10804531684742003
5292,4.91524,4.994309954612835,-0.0790699546128355
5293,4.94168,4.9923721164715005,-0.050692116471500626
5294,4.9666824,4.990687501308567,-0.02400510130856759
5295,4.990556,4.989529369726739,0.0010266302732606647
5296,5.013253,4.990489199076145,0.02276380092385466
5297,5.030875,4.989940139770801,0.04093486022919901
5298,5.028279,4.984623869863654,0.043655130136346365
5299,4.9956613,4.97860794453477,0.017053355465230347
5300,4.948231,4.972329313609443,-0.024098313609442812
5301,4.8981543,4.965818057471618,-0.06766375747161835
5302,4.8538785,4.958852027840737,-0.10497352784073666
5303,4.815796,4.953185145988354,-0.1373891459883545
5304,4.779397,4.947166415423993,-0.16776941542399282
5305,4.7415857,4.941481050836047,-0.19989535083604704
5306,4.7004437,4.9356083808156574,-0.23516468081565733
5307,4.661255,4.929614550373584,-0.2683595503735843
5308,4.632018,4.924242278697259,-0.2922242786972582
5309,4.613983,4.9195779261416615,-0.3055949261416613
5310,4.6048083,4.915810120072126,-0.31100182007212585
5311,4.5988693,4.91167519904041,-0.3128058990404101
5312,4.593845,4.907696636716598,-0.3138516367165982
5313,4.592942,4.904420989288138,-0.3114789892881378
5314,4.5971384,4.902390724058519,-0.305252324058519
5315,4.600658,4.902078290976505,-0.30142029097650447
5316,4.608625,4.902027317696989,-0.2934023176969891
5317,4.6145487,4.901804381797099,-0.2872556817970988
5318,4.6155725,4.902339092363575,-0.28676659236357516
5319,4.613995,4.903566266387974,-0.28957126638797437
5320,4.6078024,4.905687325933953,-0.2978849259339533
5321,4.60083,4.908684065660686,-0.3078540656606856
5322,4.5966907,4.912498991532853,-0.3158082915328535
5323,4.5951385,4.918252062462055,-0.3231135624620549
5324,4.5977206,4.925955056866758,-0.3282344568667579
5325,4.603257,4.933195920507313,-0.32993892050731244
5326,4.6131897,4.938791447694325,-0.32560174769432493
5327,4.625529,4.9481533270132925,-0.32262432701329224
5328,4.6436944,4.958594427409265,-0.3149000274092648
5329,4.665302,4.965348985267482,-0.30004698526748275
5330,4.68971,4.973707902329177,-0.283997902329177
5331,4.720353,4.982556444240521,-0.26220344424052033
5332,4.7500873,4.990211158075879,-0.24012385807587933
5333,4.7813187,4.998318983039289,-0.21700028303928942
5334,4.811399,5.009393264862428,-0.19799426486242844
5335,4.8361883,5.020180127546084,-0.1839918275460839
5336,4.854464,5.028264719391191,-0.17380071939119102
5337,4.8653665,5.034847166073115,-0.16948066607311496
5338,4.869766,5.042780710370056,-0.17301471037005545
5339,4.8695397,5.050368898377225,-0.180829198377225
5340,4.8560767,5.057559053322058,-0.20148235332205822
5341,4.8265586,5.0636699775428085,-0.2371113775428082
5342,4.788331,5.068657331243841,-0.2803263312438409
5343,4.750222,5.073760248914588,-0.3235382489145877
5344,4.7201114,5.07854578140838,-0.35843438140837947
5345,4.7004046,5.08369958001576,-0.38329498001576034
5346,4.693111,5.089040283106101,-0.395929283106101
5347,4.693328,5.0932305509900395,-0.39990255099003935
5348,4.698652,5.095961276421827,-0.3973092764218267
5349,4.70876,5.099047738829024,-0.39028773882902446
5350,4.7189264,5.102492056069942,-0.3835656560699423
5351,4.72994,5.106209440607442,-0.37626944060744183
5352,4.74092,5.108205841284295,-0.36728584128429453
5353,4.7549124,5.1099435102761905,-0.3550311102761903
5354,4.772851,5.111833717214412,-0.338982717214412
5355,4.793856,5.114155742986074,-0.3202997429860739
5356,4.8166776,5.115477638082451,-0.2988000380824509
5357,4.838613,5.117453766246768,-0.278840766246768
5358,4.8510385,5.116804731899977,-0.2657662318999776
5359,4.8573813,5.115661810337269,-0.2582805103372685
5360,4.8554306,5.114623095401391,-0.25919249540139067
5361,4.8499002,5.113330014163507,-0.26342981416350675
5362,4.841714,5.1124211465002,-0.2707071465002002
5363,4.8343973,5.112283485751309,-0.2778861857513091
5364,4.830224,5.112683994028381,-0.28245999402838073
5365,4.833107,5.112504186755506,-0.2793971867555056
5366,4.840345,5.1101537011672695,-0.2698087011672694
5367,4.848005,5.107616641244634,-0.25961164124463476
5368,4.862843,5.105417639051982,-0.2425746390519823
5369,4.871559,5.102951083613512,-0.23139208361351127
5370,4.881017,5.101584912614888,-0.22056791261488762
5371,4.870054,5.101014720526858,-0.23096072052685823
5372,4.835859,5.099876388995665,-0.26401738899566496
5373,4.786962,5.097847782893332,-0.31088578289333224
5374,4.7426224,5.096111017361214,-0.3534886173612142
5375,4.7059555,5.095852617256263,-0.38989711725626286
5376,4.683271,5.095201043384824,-0.41193004338482364
5377,4.6715927,5.09340702459636,-0.4218143245963599
5378,4.6655927,5.091859252106003,-0.4262665521060027
5379,4.6644187,5.090066441833317,-0.4256477418333171
5380,4.665642,5.0882398594223925,-0.4225978594223925
5381,4.6705585,5.08673569490901,-0.41617719490901006
5382,4.674298,5.085352272195225,-0.4110542721952246
5383,4.679194,5.082931689739613,-0.40373768973961344
5384,4.6803885,5.079830072182462,-0.3994415721824618
5385,4.6763153,5.076962241856497,-0.40064694185649685
5386,4.6716657,5.073654592058019,-0.4019888920580188
5387,4.6687512,5.07036230026509,-0.4016111002650904
5388,4.6662903,5.066472007755666,-0.4001817077556664
5389,4.669764,5.062214254403083,-0.3924502544030828
5390,4.674093,5.057710874738369,-0.38361787473836895
5391,4.6774435,5.053330704802672,-0.37588720480267224
5392,4.6799045,5.048394078359941,-0.3684895783599407
5393,4.6737647,5.042674235767767,-0.3689095357677665
5394,4.657196,5.036880424859569,-0.379684424859569
5395,4.6299767,5.030408453633723,-0.40043175363372274
5396,4.5904517,5.024044725312131,-0.4335930253121312
5397,4.550051,5.017562351024507,-0.46751135102450725
5398,4.5151544,5.010338784218024,-0.4951843842180237
5399,4.4872904,5.003143487435721,-0.5158530874357208
5400,4.47434,4.995645525092319,-0.5213055250923189
5401,4.4634433,4.988128294733813,-0.5246849947338132
5402,4.462916,4.981582297495587,-0.5186662974955869
5403,4.461587,4.974404975312339,-0.5128179753123394
5404,4.460439,4.966249691635349,-0.5058106916353493
5405,4.4545417,4.958064043376882,-0.5035223433768818
5406,4.439621,4.950844487417081,-0.5112234874170811
5407,4.4151306,4.944108878785631,-0.5289782787856305
5408,4.3757977,4.93670981023965,-0.5609121102396504
5409,4.3362174,4.929823893530083,-0.5936064935300829
5410,4.2990646,4.922615943000172,-0.6235513430001713
5411,4.2679586,4.916864024117564,-0.6489054241175642
5412,4.2414246,4.910984443751402,-0.6695598437514017
5413,4.223827,4.904101610661258,-0.6802746106612583
5414,4.206699,4.896848673176267,-0.6901496731762666
5415,4.196193,4.890067786594656,-0.6938747865946562
5416,4.19252,4.883924544555166,-0.6914045445551658
5417,4.1970935,4.878191422047522,-0.6810979220475222
5418,4.205996,4.872458884515644,-0.666462884515644
5419,4.2183585,4.866463345817226,-0.648104845817226
5420,4.232895,4.860848686195683,-0.6279536861956831
5421,4.2453527,4.856002559365366,-0.610649859365366
5422,4.263817,4.851383952094572,-0.5875669520945719
5423,4.287094,4.846356242791727,-0.5592622427917275
5424,4.318757,4.8416437980377705,-0.5228867980377707
5425,4.357966,4.837511862468661,-0.4795458624686608
5426,4.400032,4.834798087460576,-0.43476608746057543
5427,4.442592,4.833701832516311,-0.39110983251631026
5428,4.4837003,4.831836605968727,-0.348136305968727
5429,4.5195413,4.829402217663427,-0.3098609176634266
5430,4.551834,4.826884349024308,-0.27505034902430747
5431,4.576878,4.825477597643455,-0.24859959764345518
5432,4.5678406,4.824515408007604,-0.25667480800760334
5433,4.569698,4.8240090213797355,-0.2543110213797357
5434,4.56338,4.824925448667723,-0.26154544866772245
5435,4.567849,4.8260940485236565,-0.2582450485236567
5436,4.5734644,4.828617323038189,-0.2551529230381888
5437,4.576355,4.830590970779265,-0.2542359707792645
5438,4.579036,4.8307571317525815,-0.25172113175258115
5439,4.5807886,4.831344707432443,-0.25055610743244294
5440,4.588839,4.831959600144895,-0.2431206001448949
5441,4.5979867,4.833796274077578,-0.23580957407757808
5442,4.609486,4.835965608319373,-0.22647960831937297
5443,4.618247,4.8370604829509976,-0.21881348295099734
5444,4.6288705,4.837780403149882,-0.20890990314988223
5445,4.6338468,4.83829266095016,-0.2044458609501607
5446,4.6336136,4.838498350627873,-0.2048847506278726
5447,4.6321726,4.838547329842673,-0.2063747298426737
5448,4.6278086,4.839100159397477,-0.2112915593974769
5449,4.6118765,4.839452908854836,-0.2275764088548362
5450,4.5897064,4.839280529267603,-0.2495741292676028
5451,4.568852,4.84051493253754,-0.2716629325375406
5452,4.55257,4.8423865484181015,-0.2898165484181012
5453,4.538852,4.8442554612155595,-0.30540346121555917
5454,4.52908,4.841903312177909,-0.31282331217790826
5455,4.517034,4.839181970890842,-0.32214797089084257
5456,4.511178,4.837362093661493,-0.32618409366149326
5457,4.5022254,4.835257529528697,-0.33303212952869643
5458,4.489202,4.832109353961085,-0.3429073539610856
5459,4.4748993,4.830748172901327,-0.35584887290132716
5460,4.460193,4.829587281344209,-0.36939428134420904
5461,4.4514804,4.826270369065636,-0.37478996906563555
5462,4.4539227,4.823097568431341,-0.3691748684313412
5463,4.46345,4.819015137618621,-0.35556513761862085
5464,4.4742193,4.814841803569601,-0.3406225035696009
5465,4.4849024,4.811206139809193,-0.3263037398091928
5466,4.4871073,4.808341900973783,-0.3212346009737832
5467,4.4853354,4.804954650252671,-0.31961925025267046
5468,4.4775414,4.802957044445683,-0.32541564444568305
5469,4.4675956,4.800085561795086,-0.33248996179508605
5470,4.45416,4.794665341624613,-0.3405053416246133
5471,4.4332757,4.789407682957305,-0.3561319829573044
5472,4.4029083,4.783991034965426,-0.38108273496542644
5473,4.367726,4.777586832564337,-0.4098608325643367
5474,4.3327127,4.771501815889845,-0.43878911588984515
5475,4.302769,4.764975102784081,-0.4622061027840818
5476,4.2772055,4.75866736252565,-0.4814618625256504
5477,4.253989,4.752708669697773,-0.49871966969777315
5478,4.2304797,4.746465290972571,-0.515985590972571
5479,4.2113442,4.740297727736488,-0.5289535277364878
5480,4.198327,4.736617600259492,-0.5382906002594918
5481,4.1923227,4.733273906029354,-0.5409512060293542
5482,4.1893725,4.728264253537465,-0.5388917535374649
5483,4.188858,4.723431113743726,-0.5345731137437264
5484,4.1917734,4.719309255467077,-0.527535855467077
5485,4.1993365,4.715618129891305,-0.5162816298913047
5486,4.211953,4.713276216830275,-0.5013232168302748
5487,4.2229505,4.711634988790092,-0.4886844887900921
5488,4.2312446,4.710199690261363,-0.47895509026136285
5489,4.233731,4.7095003174167,-0.4757693174167006
5490,4.233123,4.709605557239712,-0.476482557239712
5491,4.2272024,4.711153451579958,-0.48395105157995744
5492,4.2165213,4.713905862704844,-0.4973845627048439
5493,4.2053733,4.717370264778735,-0.511996964778735
5494,4.197975,4.719883044073112,-0.5219080440731121
5495,4.190067,4.723630092045836,-0.5335630920458359
5496,4.1826224,4.728236496020484,-0.5456140960204845
5497,4.175064,4.733475980642656,-0.5584119806426564
5498,4.176461,4.737929095013015,-0.5614680950130149
5499,4.1823306,4.7427224677582505,-0.5603918677582502
5500,4.189588,4.748036417112811,-0.5584484171128112
5501,4.191158,4.754085321605125,-0.5629273216051249
5502,4.1849213,4.760210107995997,-0.5752888079959968
5503,4.1764603,4.7655914857226795,-0.58913118572268
5504,4.174145,4.7711263178895225,-0.5969813178895222
5505,4.180369,4.776505213038915,-0.596136213038915
5506,4.19645,4.782016650769187,-0.585566650769187
5507,4.217575,4.787035093958207,-0.5694600939582068
5508,4.239782,4.791570073789727,-0.5517880737897274
5509,4.266186,4.796532285571392,-0.5303462855713921
5510,4.295068,4.80121805263219,-0.50615005263219
5511,4.330056,4.804667709855565,-0.4746117098555649
5512,4.367133,4.807391906530039,-0.44025890653003863
5513,4.406429,4.808913300077844,-0.40248430007784375
5514,4.4442925,4.809837659604685,-0.36554515960468414
5515,4.4803085,4.810244166664751,-0.3299356666647517
5516,4.5142713,4.811809099055242,-0.2975377990552417
5517,4.5436096,4.8127897462303,-0.2691801462303003
5518,4.566231,4.8108952962111,-0.24466429621109942
5519,4.58688,4.808701670385126,-0.22182167038512635
5520,4.5995016,4.806649296007211,-0.20714769600721095
5521,4.609921,4.805030056036451,-0.19510905603645146
5522,4.6216745,4.8028806982940315,-0.1812061982940314
5523,4.631678,4.799008019448949,-0.16733001944894887
5524,4.631436,4.794788179071817,-0.16335217907181754
5525,4.617704,4.790275444787323,-0.172571444787323
5526,4.5543647,4.786678832544851,-0.23231413254485123
5527,4.504087,4.7835182355258015,-0.2794312355258013
5528,4.462011,4.779266955543112,-0.3172559555431116
5529,4.431392,4.774017844120819,-0.3426258441208194
5530,4.405097,4.768497058833098,-0.3634000588330988
5531,4.382053,4.764842573106494,-0.38278957310649364
5532,4.344002,4.761303384711067,-0.4173013847110676
5533,4.297358,4.755293995994503,-0.45793599599450285
5534,4.2542396,4.7517516435195875,-0.49751204351958744
5535,4.21264,4.748667950156147,-0.5360279501561465
5536,4.1757507,4.74589414436852,-0.5701434443685196
5537,4.140095,4.742065210554181,-0.6019702105541818
5538,4.1058187,4.737657143430895,-0.6318384434308948
5539,4.076405,4.733906951069507,-0.6575019510695066
5540,4.054584,4.730663353456556,-0.6760793534565561
5541,4.0407705,4.728173333681549,-0.6874028336815492
5542,4.0344553,4.726941611194815,-0.6924863111948145
5543,4.053402,4.725825706186631,-0.6724237061866312
5544,4.085049,4.725077948164966,-0.6400289481649661
5545,4.120746,4.725055795563365,-0.6043097955633652
5546,4.1598063,4.72556048459211,-0.5657541845921106
5547,4.2015433,4.726649120487381,-0.5251058204873811
5548,4.2452703,4.728329820937112,-0.483059520937112
5549,4.2903004,4.730185530984482,-0.43988513098448223
5550,4.3359466,4.732493454660595,-0.39654685466059547
5551,4.381523,4.735075889299059,-0.3535528892990598
5552,4.426343,4.738633250159615,-0.31229025015961476
5553,4.46972,4.742708342733739,-0.27298834273373895
5554,4.513903,4.747015819513342,-0.23311281951334184
5555,4.55673,4.751905491312797,-0.19517549131279743
5556,4.5951877,4.757576964814011,-0.16238926481401084
5557,4.6289115,4.764163869347522,-0.13525236934752183
5558,4.6627417,4.7706029861435475,-0.10786128614354773
5559,4.6929407,4.7768660167273005,-0.08392531672730019
5560,4.7206063,4.783175212214113,-0.06256891221411287
5561,4.7460074,4.789682324124574,-0.04367492412457441
5562,4.76675,4.796895204493581,-0.030145204493581268
5563,4.782402,4.806830189015714,-0.02442818901571364
5564,4.795327,4.822570861740347,-0.027243861740346986
5565,4.8060303,4.836528145937929,-0.030497845937929036
5566,4.8160663,4.843615709501487,-0.027549409501486544
5567,4.8235483,4.849846200130396,-0.026297900130396457
5568,4.8342447,4.855820403600818,-0.021575703600817953
5569,4.8450174,4.863080680871574,-0.018063280871574605
5570,4.8540606,4.869904950652639,-0.015844350652638894
5571,4.863328,4.875799566066419,-0.012471566066419193
5572,4.8696594,4.881768172262887,-0.01210877226288698
5573,4.868421,4.8862139676175005,-0.01779296761750082
5574,4.8623176,4.890029665040275,-0.02771206504027468
5575,4.8543057,4.893861399794062,-0.039555699794061816
5576,4.8476214,4.898047348037567,-0.05042594803756639
5577,4.8430667,4.902688324132956,-0.059621624132956796
5578,4.838552,4.906737578600752,-0.06818557860075192
5579,4.835729,4.911861397954106,-0.07613239795410642
5580,4.834393,4.915955358390268,-0.0815623583902676
5581,4.8375907,4.919185990012916,-0.08159529001291599
5582,4.845504,4.923985203230613,-0.0784812032306128
5583,4.8565335,4.927440580449225,-0.07090708044922511
5584,4.8686056,4.931609610652587,-0.06300401065258665
5585,4.884019,4.936839738591,-0.05282073859099956
5586,4.9018207,4.940797549967745,-0.038976849967744975
5587,4.919851,4.9445219460943495,-0.024670946094349055
5588,4.9362435,4.947413951058184,-0.011170451058184483
5589,4.952385,4.949231258586333,0.003153741413666644
5590,4.9689364,4.949821698183119,0.019114701816880242
5591,4.9827795,4.949588063129345,0.03319143687065562
5592,4.994457,4.94852606437796,0.04593093562203965
5593,5.004415,4.947344458379992,0.05707054162000791
5594,5.0135117,4.947063547141308,0.06644815285869132
5595,5.0203543,4.94690212812817,0.07345217187183017
5596,5.0243726,4.945615302125815,0.07875729787418528
5597,5.0266147,4.944527550353035,0.08208714964696462
5598,5.0269785,4.943804812204189,0.08317368779581091
5599,5.028112,4.942808696609881,0.08530330339011893
5600,5.0306964,4.942060738796238,0.08863566120376198
5601,5.032799,4.941587477328984,0.09121152267101618
5602,5.034757,4.941433104029523,0.09332389597047719
5603,5.0365896,4.941408625161931,0.09518097483806898
5604,5.0345426,4.941555796816626,0.09298680318337382
5605,5.033709,4.942196108054192,0.0915128919458077
5606,5.033671,4.942840603584445,0.09083039641555501
5607,5.031651,4.943651779172325,0.0879992208276752
5608,5.0271277,4.94466427261848,0.08246342738152013
5609,5.0209756,4.945407296452757,0.07556830354724298
5610,5.0117393,4.946424522547146,0.06531477745285397
5611,4.9998374,4.947748594385408,0.052088805614591394
5612,4.9905024,4.9502578770112615,0.04024452298873804
5613,4.982145,4.952482517211795,0.029662482788205047
5614,4.974021,4.953966690398447,0.02005430960155241
5615,4.967475,4.9554582588214275,0.012016741178572765
5616,4.959779,4.956675324840168,0.003103675159832342
5617,4.9492865,4.957907781061606,-0.008621281061605757
5618,4.9383044,4.958952432513949,-0.02064803251394931
5619,4.9248123,4.959365989702095,-0.03455368970209527
5620,4.90969,4.959680686418998,-0.0499906864189974
5621,4.8904963,4.959575055670522,-0.06907875567052191
5622,4.878936,4.959278140358905,-0.08034214035890486
5623,4.8652463,4.958947747358058,-0.09370144735805841
5624,4.8546166,4.958078204688314,-0.10346160468831389
5625,4.8402076,4.956817809591537,-0.11661020959153667
5626,4.825152,4.95541315399055,-0.13026115399055005
5627,4.801234,4.953945385458673,-0.15271138545867302
5628,4.776937,4.952462019005738,-0.1755250190057378
5629,4.7563453,4.951785153284125,-0.1954398532841246
5630,4.740981,4.950748574424029,-0.2097675744240295
5631,4.7300315,4.948232874851436,-0.21820137485143576
5632,4.720086,4.945976226514289,-0.2258902265142888
5633,4.7118444,4.943648696072189,-0.23180429607218844
5634,4.7048264,4.941062231028825,-0.23623583102882506
5635,4.7006006,4.938410783642857,-0.237810183642857
5636,4.6988516,4.935804201512581,-0.23695260151258069
5637,4.6981235,4.933196723332854,-0.2350732233328534
5638,4.6964264,4.93088218068195,-0.23445578068194983
5639,4.6938586,4.929104997100729,-0.23524639710072837
5640,4.6909266,4.927294785677607,-0.2363681856776072
5641,4.689342,4.925672362841596,-0.23633036284159648
5642,4.6837964,4.924618818575419,-0.24082241857541842
5643,4.6775436,4.923258971931,-0.24571537193100035
5644,4.6597476,4.921421257632826,-0.2616736576328256
5645,4.636818,4.920228807607464,-0.2834108076074644
5646,4.61021,4.919865960833028,-0.3096559608330276
5647,4.584893,4.919026013210521,-0.33413301321052113
5648,4.5668283,4.918969292720888,-0.35214099272088806
5649,4.5510473,4.919029671068816,-0.36798237106881615
5650,4.539543,4.920492181568131,-0.3809491815681305
5651,4.531989,4.921790052177238,-0.38980105217723793
5652,4.531216,4.923530834545719,-0.39231483454571947
5653,4.5372686,4.925968397863535,-0.38869979786353515
5654,4.5520816,4.92742810747015,-0.37534650747014986
5655,4.569468,4.9288278935874565,-0.3593598935874569
5656,4.590706,4.930476835751688,-0.339770835751688
5657,4.616371,4.932591459063896,-0.31622045906389573
5658,4.6452985,4.934822070210335,-0.2895235702103349
5659,4.6733203,4.937585467202137,-0.26426516720213655
5660,4.692265,4.940754191290292,-0.24848919129029223
5661,4.6989713,4.943638392471513,-0.24466709247151286
5662,4.700082,4.9468936911695005,-0.2468116911695004
5663,4.674189,4.9504906111849465,-0.27630161118494634
5664,4.669742,4.953788808377477,-0.284046808377477
5665,4.6634064,4.957128426672359,-0.29372202667235836
5666,4.6553683,4.960610347396882,-0.30524204739688177
5667,4.6509333,4.964614312379909,-0.31368101237990853
5668,4.6478357,4.968815131944437,-0.320979431944437
5669,4.645035,4.973184329762694,-0.3281493297626943
5670,4.6433454,4.977497783789082,-0.33415238378908185
5671,4.636901,4.981397873437612,-0.34449687343761237
5672,4.636892,4.9859765996843946,-0.349084599684395
5673,4.63648,4.9904874701483894,-0.35400747014838974
5674,4.6390533,4.99464064268109,-0.3555873426810905
5675,4.6410894,4.998793107064614,-0.35770370706461385
5676,4.6387057,5.0029229644473,-0.3642172644472996
5677,4.6282163,5.007088524896809,-0.37887222489680905
5678,4.6106133,5.010866624948486,-0.4002533249484861
5679,4.5873117,5.013941472672213,-0.42662977267221347
5680,4.5672803,5.016906122819622,-0.4496258228196215
5681,4.5505686,5.020646530959657,-0.4700779309596568
5682,4.538984,5.023421809451446,-0.4844378094514461
5683,4.5372443,5.02624390653086,-0.48899960653085994
5684,4.543626,5.028247096846258,-0.48462109684625787
5685,4.5582175,5.03056099671135,-0.4723434967113507
5686,4.5750165,5.0326555789159935,-0.4576390789159932
5687,4.5936356,5.034427745585333,-0.4407921455853332
5688,4.606941,5.0365698196049165,-0.4296288196049165
5689,4.612432,5.038539130714798,-0.4261071307147981
5690,4.609922,5.040499238070321,-0.4305772380703212
5691,4.6040006,5.042978809428296,-0.4389782094282957
5692,4.5968323,5.046234994528034,-0.4494026945280343
5693,4.590648,5.049349604221354,-0.4587016042213543
5694,4.5858436,5.0519754842858156,-0.466131884285816
5695,4.58171,5.054625548652616,-0.4729155486526162
5696,4.578271,5.057461538947323,-0.4791905389473232
5697,4.579678,5.060940366442256,-0.4812623664422553
5698,4.580854,5.064575332370495,-0.48372133237049475
5699,4.5845947,5.06828310150061,-0.48368840150060954
5700,4.5893106,5.072351042103311,-0.4830404421033112
5701,4.5962873,5.077557066614493,-0.48126976661449294
5702,4.605484,5.082671174386173,-0.47718717438617375
5703,4.619945,5.087072162861993,-0.46712716286199285
5704,4.644857,5.0915875545552165,-0.4467305545552165
5705,4.6630316,5.0963260707529265,-0.4332944707529265
5706,4.682433,5.101029683567556,-0.4185966835675563
5707,4.706833,5.105590896626324,-0.3987578966263241
5708,4.7301874,5.110191300207074,-0.38000390020707364
5709,4.7516046,5.117188530039166,-0.36558393003916567
5710,4.7652597,5.123818318093895,-0.35855861809389555
5711,4.7709317,5.127267219304887,-0.3563355193048867
5712,4.7678885,5.13079127436693,-0.36290277436693064
5713,4.764814,5.134271263103679,-0.369457263103679
5714,4.760615,5.137428219556139,-0.3768132195561398
5715,4.763053,5.140426028401076,-0.37737302840107567
5716,4.767011,5.1431485951445115,-0.3761375951445114
5717,4.7724957,5.145625950250332,-0.3731302502503313
5718,4.7750506,5.148020943542535,-0.37297034354253444
5719,4.772209,5.149957803978554,-0.3777488039785535
5720,4.7661767,5.15217720416389,-0.3860005041638903
5721,4.7577786,5.155534583433406,-0.3977559834334059
5722,4.752158,5.1573944995101115,-0.40523649951011187
5723,4.7507105,5.157663400082777,-0.40695290008277674
5724,4.750109,5.157600459107302,-0.4074914591073018
5725,4.7532654,5.156767199338617,-0.40350179933861696
5726,4.7559915,5.155490050419935,-0.3994985504199349
5727,4.7643595,5.153516040355429,-0.3891565403554287
5728,4.7752914,5.151334684424762,-0.3760432844247612
5729,4.7880936,5.148549419976621,-0.3604558199766208
5730,4.7987833,5.144812314339876,-0.34602901433987565
5731,4.8102036,5.140589311037626,-0.3303857110376258
5732,4.8209076,5.135497657366866,-0.31459005736686585
5733,4.833279,5.131707215549189,-0.29842821554918864
5734,4.8450403,5.126977553572152,-0.2819372535721518
5735,4.853752,5.1196842927586745,-0.26593229275867447
5736,4.855655,5.111731961228593,-0.2560769612285938
5737,4.855607,5.103046166010836,-0.24743916601083615
5738,4.852839,5.094108851008723,-0.241269851008723
5739,4.8486414,5.084699980588365,-0.23605858058836482
5740,4.841253,5.07474123974254,-0.23348823974253996
5741,4.8243966,5.064535427362202,-0.24013882736220182
5742,4.798546,5.056272233068546,-0.2577262330685457
5743,4.768182,5.0480363844193885,-0.27985438441938815
5744,4.74002,5.037364967324778,-0.29734496732477744
5745,4.7171392,5.026014832820986,-0.3088756328209863
5746,4.707513,5.0147123576838215,-0.3071993576838219
5747,4.699891,5.003465292133361,-0.3035742921333613
5748,4.693415,4.993100397012738,-0.29968539701273844
5749,4.685125,4.983138549482176,-0.2980135494821754
5750,4.6647253,4.9729057746670895,-0.30818047466708975
5751,4.6316733,4.964102350446282,-0.3324290504462821
5752,4.5919547,4.955643218616763,-0.36368851861676355
5753,4.556501,4.947182113232468,-0.3906811132324677
5754,4.523917,4.939715326028725,-0.41579832602872546
5755,4.494027,4.932816243530399,-0.4387892435303993
5756,4.46807,4.926816826861756,-0.4587468268617556
5757,4.446874,4.922059815590401,-0.4751858155904012
5758,4.431405,4.919264224465433,-0.48785922446543317
5759,4.420089,4.917362614392765,-0.49727361439276496
5760,4.4097137,4.915912084303204,-0.5061983843032039
5761,4.395463,4.915784369462108,-0.520321369462108
5762,4.3764877,4.916976291424209,-0.540488591424209
5763,4.358684,4.919929729294095,-0.5612457292940949
5764,4.349797,4.92372331392821,-0.5739263139282107
5765,4.352018,4.928861484691672,-0.5768434846916719
5766,4.362674,4.934440481691242,-0.5717664816912418
5767,4.382043,4.940650685283574,-0.5586076852835733
5768,4.4049835,4.9489873066564645,-0.5440038066564643
5769,4.4314523,4.958422278756309,-0.5269699787563091
5770,4.463261,4.967817730712562,-0.5045567307125616
5771,4.4957514,4.979636115031872,-0.4838847150318726
5772,4.526753,4.990875519348098,-0.46412251934809756
5773,4.5527277,5.0038839120209015,-0.4511562120209014
5774,4.574842,5.015729771825878,-0.4408877718258779
5775,4.5920267,5.026237155270164,-0.434210455270164
5776,4.605377,5.036921755602468,-0.4315447556024683
5777,4.613828,5.047413904274363,-0.43358590427436283
5778,4.6199765,5.058835750228893,-0.4388592502288935
5779,4.6278,5.070215302015104,-0.44241530201510404
5780,4.6345954,5.080421166416409,-0.4458257664164087
5781,4.6414905,5.0906427359734465,-0.4491522359734468
5782,4.65019,5.099749057798356,-0.44955905779835614
5783,4.658517,5.109862821844372,-0.451345821844372
5784,4.6671753,5.1200782246323975,-0.45290292463239723
5785,4.6748395,5.12832096707171,-0.4534814670717102
5786,4.6794696,5.134174087905439,-0.45470448790543916
5787,4.6855173,5.13928499573167,-0.45376769573167053
5788,4.692179,5.144850881205464,-0.45267188120546376
5789,4.703135,5.149846768955931,-0.44671176895593145
5790,4.714413,5.152369234880969,-0.4379562348809687
5791,4.725442,5.153338338836209,-0.4278963388362085
5792,4.7317557,5.153482450957319,-0.42172675095731904
5793,4.724873,5.153951428787827,-0.4290784287878271
5794,4.696941,5.154429230203258,-0.4574882302032579
5795,4.6520877,5.15309222639401,-0.5010045263940102
5796,4.6066537,5.150168830868793,-0.5435151308687933
5797,4.569967,5.146917435568514,-0.5769504355685138
5798,4.54549,5.144813356316161,-0.5993233563161606
5799,4.525747,5.142001810555935,-0.6162548105559349
5800,4.500106,5.137361746911622,-0.637255746911622
5801,4.4721365,5.132709289808481,-0.660572789808481
5802,4.4497986,5.12791721432709,-0.6781186143270901
5803,4.4385505,5.123356473814999,-0.6848059738149992
5804,4.4403567,5.118695843339079,-0.6783391433390795
5805,4.44762,5.112507635730382,-0.6648876357303823
5806,4.456287,5.106318999407735,-0.6500319994077355
5807,4.463802,5.100325229950668,-0.6365232299506678
5808,4.4724526,5.09494152302918,-0.6224889230291808
5809,4.4909616,5.0895131310222235,-0.5985515310222231
5810,4.515023,5.084597752890083,-0.569574752890083
5811,4.5419683,5.079540377832315,-0.5375720778323156
5812,4.567626,5.073303380076424,-0.505677380076424
5813,4.588135,5.066568027217906,-0.47843302721790604
5814,4.6030383,5.059416622011225,-0.45637832201122563
5815,4.6190567,5.051723366191062,-0.43266666619106253
5816,4.6309934,5.0440892298480895,-0.4130958298480891
5817,4.638213,5.036586941846938,-0.39837394184693764
5818,4.6400833,5.0296849888035045,-0.38960168880350476
5819,4.6430817,5.022401355812077,-0.37931965581207727
5820,4.643788,5.015066174367842,-0.37127817436784216
5821,4.6409063,5.007587317828511,-0.3666810178285109
5822,4.626781,4.998820170035611,-0.3720391700356105
5823,4.6074667,4.99168428819369,-0.3842175881936898
5824,4.582501,4.984221890468298,-0.4017208904682983
5825,4.5479975,4.9752326548862005,-0.42723515488620034
5826,4.5104012,4.965370930193154,-0.45496973019315323
5827,4.474111,4.955305729803358,-0.48119472980335853
5828,4.4468055,4.945192812613313,-0.49838731261331315
5829,4.4291153,4.934313556235403,-0.5051982562354027
5830,4.4147406,4.923015820556964,-0.5082752205569641
5831,4.4023895,4.911515240060507,-0.5091257400605071
5832,4.3895407,4.90014334569532,-0.5106026456953199
5833,4.3749824,4.888181552928292,-0.5131991529282915
5834,4.3496017,4.875245081624943,-0.5256433816249428
5835,4.311068,4.862709839153466,-0.5516418391534668
5836,4.2763324,4.849343975880059,-0.5730115758800585
5837,4.2427063,4.836655684353461,-0.5939493843534613
5838,4.2207456,4.823348382727801,-0.6026027827278009
5839,4.2070365,4.809965310860566,-0.6029288108605657
5840,4.194954,4.796298653280353,-0.6013446532803526
5841,4.1822314,4.78285717280907,-0.60062577280907
5842,4.1675863,4.76949541159887,-0.6019091115988697
5843,4.153922,4.756069170599515,-0.6021471705995154
5844,4.1436462,4.743298440121827,-0.5996522401218272
5845,4.1364236,4.73071873741722,-0.5942951374172205
5846,4.130779,4.718539508426358,-0.5877605084263573
5847,4.1190915,4.707132179210792,-0.588040679210792
5848,4.1107154,4.696949300156374,-0.5862339001563734
5849,4.096537,4.687620901729958,-0.5910839017299585
5850,4.0806723,4.679006211630205,-0.5983339116302053
5851,4.065651,4.67124873578509,-0.6055977357850901
5852,4.0443616,4.664226322072728,-0.6198647220727276
5853,4.0172033,4.659486336812497,-0.642283036812497
5854,3.9913037,4.6557677967421345,-0.6644640967421345
5855,3.9667435,4.652482619942071,-0.6857391199420708
5856,3.9470422,4.650737563986013,-0.7036953639860131
5857,3.9328253,4.64944831234562,-0.7166230123456199
5858,3.9241278,4.6491420959295136,-0.7250142959295136
5859,3.9185116,4.650116488996457,-0.7316048889964573
5860,3.915814,4.65167154454034,-0.7358575445403401
5861,3.9156778,4.654430812919425,-0.7387530129194246
5862,3.91671,4.658242746607219,-0.741532746607219
5863,3.9140604,4.66503073702999,-0.7509703370299898
5864,3.919875,4.672428847518872,-0.7525538475188718
5865,3.9242837,4.679697208440039,-0.7554135084400384
5866,3.9387906,4.686834332784744,-0.748043732784744
5867,3.9547849,4.694291999108391,-0.7395070991083914
5868,3.9697833,4.702961822789991,-0.733178522789991
5869,3.9859827,4.712538308875278,-0.7265556088752776
5870,3.9938257,4.7209546059383545,-0.7271289059383546
5871,3.993273,4.729962510832619,-0.7366895108326195
5872,3.984895,4.738830618161698,-0.7539356181616981
5873,3.9710605,4.748230353816994,-0.7771698538169938
5874,3.9609146,4.757869614784128,-0.7969550147841278
5875,3.9525342,4.767336751142111,-0.8148025511421113
5876,3.9551294,4.776981386503262,-0.8218519865032623
5877,3.957887,4.786052800680945,-0.8281658006809454
5878,3.9575915,4.795899793319735,-0.8383082933197348
5879,3.9560993,4.805371854096078,-0.8492725540960784
5880,3.9501746,4.814096566891918,-0.8639219668919176
5881,3.9468515,4.8223042402210075,-0.8754527402210073
5882,3.9482105,4.829750627600527,-0.8815401276005268
5883,3.967732,4.837157223443591,-0.8694252234435913
5884,3.9930453,4.845460097594013,-0.8524147975940131
5885,4.022166,4.85421922714292,-0.8320532271429197
5886,4.05986,4.861842515971234,-0.8019825159712344
5887,4.098214,4.867151840164029,-0.7689378401640292
5888,4.1368494,4.87198298914129,-0.7351335891412898
5889,4.1770196,4.876340642777683,-0.699321042777683
5890,4.216897,4.8806557771857335,-0.6637587771857332
5891,4.248519,4.884932204067649,-0.6364132040676491
5892,4.2730613,4.888706796625572,-0.6156454966255716
5893,4.286128,4.892017514142222,-0.6058895141422225
5894,4.2872877,4.896049079540726,-0.6087613795407254
5895,4.288073,4.900184327293703,-0.6121113272937029
5896,4.28856,4.902907668069291,-0.614347668069291
5897,4.288824,4.905686115497508,-0.6168621154975078
5898,4.2889414,4.909871140099563,-0.6209297400995633
5899,4.2889876,4.91356105935826,-0.6245734593582606
5900,4.2890377,4.915787168096284,-0.6267494680962846
5901,4.289168,4.917679665508498,-0.6285116655084977
5902,4.289454,4.920107441981812,-0.6306534419818117
5903,4.289971,4.9231509593210765,-0.6331799593210761
5904,4.2907953,4.926109484553413,-0.6353141845534127
5905,4.292002,4.929036614505816,-0.6370346145058159
5906,4.2995725,4.931576738906034,-0.6320042389060339
5907,4.3018537,4.935083111403101,-0.633229411403101
5908,4.3008347,4.93833204156528,-0.6374973415652798
5909,4.3050714,4.9424603874229724,-0.6373889874229723
5910,4.317143,4.947462613702663,-0.630319613702663
5911,4.3251486,4.9515616303607475,-0.6264130303607471
5912,4.334513,4.955258857104818,-0.6207458571048177
5913,4.342065,4.959510828175805,-0.6174458281758053
5914,4.349326,4.964662526357946,-0.6153365263579467
5915,4.356126,4.970245257812978,-0.6141192578129786
5916,4.3567896,4.975222597830172,-0.6184329978301717
5917,4.351315,4.98263877003634,-0.6313237700363405
5918,4.3439126,4.990425644715055,-0.6465130447150544
5919,4.338914,4.996295621470351,-0.6573816214703507
5920,4.3384748,5.002736123960657,-0.6642613239606572
5921,4.342405,5.009066188665467,-0.6666611886654668
5922,4.3513007,5.015266013154747,-0.6639653131547467
5923,4.3596573,5.021929607377418,-0.6622723073774175
5924,4.3736115,5.02866870263208,-0.6550572026320802
5925,4.391761,5.035456662296685,-0.6436956622966852
5926,4.410542,5.042254485350975,-0.6317124853509748
5927,4.427635,5.049466314876351,-0.6218313148763501
5928,4.439878,5.05682430186693,-0.6169463018669301
5929,4.447223,5.0646930211486225,-0.6174700211486224
5930,4.4474936,5.072361640053157,-0.6248680400531574
5931,4.4410334,5.07888865283929,-0.63785525283929
5932,4.4324417,5.085737537132472,-0.6532958371324717
5933,4.4259,5.09269102758168,-0.66679102758168
5934,4.4244885,5.099600245891841,-0.675111745891841
5935,4.427282,5.106762633776128,-0.6794806337761283
5936,4.436982,5.113074733743039,-0.6760927337430385
5937,4.451866,5.119140281591703,-0.6672742815917028
5938,4.469134,5.124967818752297,-0.6558338187522965
5939,4.487954,5.131040827698559,-0.6430868276985588
5940,4.5063934,5.1369765687064275,-0.6305831687064272
5941,4.5220075,5.141906550663423,-0.619899050663423
5942,4.536293,5.1461007416958315,-0.6098077416958319
5943,4.544803,5.149648526004869,-0.6048455260048691
5944,4.550049,5.153279489530412,-0.6032304895304126
5945,4.5526953,5.156179828559105,-0.6034845285591048
5946,4.552028,5.157828775865155,-0.6058007758651547
5947,4.5537295,5.159114131398198,-0.6053846313981976
5948,4.5544662,5.160512055837052,-0.6060458558370518
5949,4.565543,5.164989646717557,-0.5994466467175572
5950,4.5789175,5.167599602080955,-0.5886821020809547
5951,4.599334,5.165267695568019,-0.5659336955680194
5952,4.6224356,5.162289981515121,-0.5398543815151209
5953,4.6478143,5.158541417631752,-0.5107271176317516
5954,4.670556,5.154539815966133,-0.48398381596613227
5955,4.693596,5.149917134295903,-0.4563211342959024
5956,4.7098804,5.144324850654376,-0.4344444506543761
5957,4.719073,5.138022387277326,-0.4189493872773262
5958,4.720943,5.131243863158396,-0.41030086315839576
5959,4.703549,5.124022878614201,-0.42047387861420127
5960,4.6823096,5.115976273243376,-0.43366667324337627
5961,4.667075,5.108506854838844,-0.44143185483884473
5962,4.6537223,5.100586574725506,-0.44686427472550605
5963,4.6444745,5.090833450766045,-0.4463589507660446
5964,4.639946,5.081152933921084,-0.4412069339210838
5965,4.6392145,5.0712737463653,-0.43205924636530035
5966,4.642395,5.06071797423749,-0.41832297423749054
5967,4.647671,5.049946681311132,-0.40227568131113234
5968,4.6521683,5.0389794198913895,-0.38681111989138994
5969,4.6471276,5.027894502405485,-0.38076690240548494
5970,4.6194186,5.0178958775124025,-0.39847727751240214
5971,4.572219,5.007393273513464,-0.43517427351346427
5972,4.5176797,4.995787063037675,-0.4781073630376742
5973,4.470364,4.984870935874143,-0.5145069358741434
5974,4.4449997,4.974191022529651,-0.529191322529651
5975,4.427944,4.963283115137294,-0.5353391151372939
5976,4.4122806,4.952293489256882,-0.5400128892568823
5977,4.3975554,4.941725307457424,-0.544169907457424
5978,4.383317,4.931772819512157,-0.5484558195121574
5979,4.3691125,4.922550657828376,-0.553438157828376
5980,4.354489,4.913127768295514,-0.5586387682955136
5981,4.3389935,4.903670013347152,-0.5646765133471519
5982,4.322174,4.894097100625274,-0.5719231006252734
5983,4.303578,4.884791727826678,-0.581213727826678
5984,4.282752,4.876289731913232,-0.5935377319132318
5985,4.259245,4.868807071056533,-0.6095620710565335
5986,4.232603,4.8612161736197494,-0.6286131736197493
5987,4.202374,4.85404828898948,-0.6516742889894802
5988,4.1652236,4.8478793845211685,-0.6826557845211685
5989,4.101743,4.840747114915527,-0.7390041149155273
5990,4.037585,4.83432291179939,-0.79673791179939
5991,3.9854028,4.8282242863894655,-0.8428214863894654
5992,3.945052,4.821919753340298,-0.876867753340298
5993,3.9174173,4.815491354365823,-0.8980740543658228
5994,3.8993106,4.809647134263991,-0.9103365342639909
5995,3.8890195,4.804319033471291,-0.9152995334712912
5996,3.8926501,4.798624548644218,-0.9059744486442183
5997,3.8987699,4.794956765989089,-0.896186865989089
5998,3.902954,4.7922932290363685,-0.8893392290363686
5999,3.9066532,4.788388347021354,-0.8817351470213541
6000,3.9095056,4.78362463854355,-0.87411903854355
6001,3.9099252,4.779456366805608,-0.8695311668056078
6002,3.9116495,4.775690763367969,-0.864041263367969
6003,3.9078174,4.772323470010015,-0.8645060700100151
6004,3.9044964,4.769648284885026,-0.8651518848850257
6005,3.8965695,4.7675449195560295,-0.8709754195560295
6006,3.8877652,4.7657473082015525,-0.8779821082015524
6007,3.887231,4.764379895030859,-0.8771488950308592
6008,3.890382,4.768262940693041,-0.877880940693041
6009,3.8962653,4.772041541135638,-0.8757762411356382
6010,3.9090402,4.771495219374547,-0.8624550193745466
6011,3.925791,4.771650845730737,-0.8458598457307374
6012,3.9425137,4.772725152647903,-0.8302114526479025
6013,3.9615064,4.77433453337504,-0.8128281333750396
6014,3.9769473,4.776981419760023,-0.8000341197600234
6015,3.98298,4.780752249367565,-0.7977722493675654
6016,3.9756122,4.7849835820887305,-0.8093713820887305
6017,3.9600284,4.789739573058168,-0.8297111730581679
6018,3.948713,4.795470619054072,-0.8467576190540718
6019,3.9446847,4.801589304029134,-0.8569046040291344
6020,3.948095,4.807962926154708,-0.8598679261547084
6021,3.9597735,4.815101796737729,-0.8553282967377296
6022,3.972884,4.8226878555930845,-0.8498038555930845
6023,3.989781,4.8302133974548696,-0.8404323974548698
6024,4.0095987,4.83824636805842,-0.8286476680584203
6025,4.0275946,4.846604514902146,-0.8190099149021464
6026,4.0463443,4.854296679326674,-0.8079523793266734
6027,4.0676727,4.862072406647768,-0.7943997066477682
6028,4.087751,4.869380083510982,-0.7816290835109818
6029,4.1040726,4.877640665937147,-0.7735680659371464
6030,4.1167197,4.885928566465628,-0.769208866465628
6031,4.129777,4.893845208622862,-0.7640682086228621
6032,4.141934,4.901639389795078,-0.7597053897950783
6033,4.152275,4.909843318850679,-0.7575683188506783
6034,4.1636863,4.918335482745274,-0.7546491827452737
6035,4.171656,4.926631789087632,-0.7549757890876325
6036,4.1828494,4.9346033190363014,-0.7517539190363012
6037,4.199333,4.942532460299672,-0.7431994602996719
6038,4.2172785,4.950081681395524,-0.732803181395524
6039,4.250239,4.958217060338427,-0.7079780603384274
6040,4.284417,4.966085954183239,-0.6816689541832384
6041,4.320916,4.973162434867033,-0.6522464348670329
6042,4.3583603,4.9799875783482745,-0.6216272783482744
6043,4.396502,4.986400259067453,-0.5898982590674535
6044,4.44679,4.993265971429438,-0.5464759714294383
6045,4.4708414,4.999806330714765,-0.528964930714765
6046,4.4894114,5.00447759480427,-0.5150661948042705
6047,4.4922767,5.008551996880809,-0.5162752968808091
6048,4.4845495,5.012671671770092,-0.5281221717700921
6049,4.4774194,5.017049845028982,-0.5396304450289824
6050,4.4733615,5.020023593093298,-0.5466620930932979
6051,4.47052,5.022104157046135,-0.5515841570461353
6052,4.463173,5.023465928111241,-0.5602929281112408
6053,4.4572797,5.023846675226908,-0.566566975226908
6054,4.459333,5.02350154466244,-0.56416854466244
6055,4.468834,5.023527144497712,-0.5546931444977119
6056,4.484447,5.023528919963035,-0.539081919963035
6057,4.503868,5.022814038088124,-0.5189460380881243
6058,4.5235662,5.02152545359144,-0.4979592535914401
6059,4.54633,5.019378571437485,-0.47304857143748436
6060,4.56648,5.016781590373183,-0.45030159037318285
6061,4.5878973,5.01440036789386,-0.4265030678938597
6062,4.608262,5.01078100578825,-0.40251900578824973
6063,4.6285577,5.006099304692517,-0.3775416046925173
6064,4.647438,5.001108341139622,-0.3536703411396216
6065,4.6571155,4.996465650038681,-0.3393501500386815
6066,4.653267,4.991284046470936,-0.3380170464709362
6067,4.6461716,4.9859842697619,-0.3398126697619004
6068,4.6185718,4.980751142820296,-0.36217934282029596
6069,4.5960135,4.975896309083524,-0.379882809083524
6070,4.5691094,4.971367484879373,-0.40225808487937265
6071,4.536739,4.966458570449542,-0.42971957044954223
6072,4.5040317,4.961276300941091,-0.45724460094109176
6073,4.4714355,4.956780791296722,-0.48534529129672155
6074,4.4418607,4.953093701488345,-0.5112330014883444
6075,4.4234805,4.9516327415558665,-0.5281522415558664
6076,4.4135504,4.950021410096824,-0.5364710100968235
6077,4.414666,4.947295809603032,-0.5326298096030317
6078,4.428983,4.94558285993627,-0.51659985993627
6079,4.4514194,4.944287905596384,-0.49286850559638395
6080,4.480374,4.943670088866661,-0.4632960888666604
6081,4.5128107,4.9440954847791305,-0.43128478477913035
6082,4.549023,4.947128296081784,-0.39810529608178413
6083,4.5817575,4.952131458491141,-0.3703739584911405
6084,4.6143146,4.957787621377532,-0.3434730213775321
6085,4.640599,4.961171761132657,-0.32057276113265676
6086,4.6602554,4.96489134013821,-0.30463594013821016
6087,4.6717496,4.968754277562714,-0.29700467756271376
6088,4.673812,4.973191018926544,-0.29937901892654395
6089,4.6706085,4.978394444674332,-0.3077859446743316
6090,4.663647,4.984435957269997,-0.3207889572699969
6091,4.6575327,4.991321193467927,-0.33378849346792716
6092,4.652859,4.998671664953964,-0.34581266495396346
6093,4.651356,5.006219908482516,-0.3548639084825158
6094,4.649947,5.0141073846366595,-0.36416038463665945
6095,4.645374,5.022542109008644,-0.37716810900864406
6096,4.6386347,5.030960427141542,-0.3923257271415421
6097,4.62284,5.044350266231322,-0.42151026623132193
6098,4.601738,5.05752075782729,-0.45578275782728994
6099,4.5841227,5.065590094688416,-0.4814673946884156
6100,4.5614676,5.074704690450067,-0.5132370904500663
6101,4.5496445,5.083806330467566,-0.5341618304675659
6102,4.5468955,5.091639041428478,-0.5447435414284785
6103,4.5495334,5.098656888505073,-0.5491234885050735
6104,4.557688,5.104970603535773,-0.5472826035357734
6105,4.5711637,5.1113956000828695,-0.5402319000828699
6106,4.586586,5.121819327366171,-0.5352333273661714
6107,4.6034436,5.130431581461178,-0.5269879814611773
6108,4.6233344,5.133568534374336,-0.5102341343743362
6109,4.644153,5.135923491029157,-0.4917704910291567
6110,4.6668754,5.138355299712608,-0.47147989971260795
6111,4.693089,5.139389943914965,-0.44630094391496566
6112,4.719975,5.138606285279402,-0.4186312852794023
6113,4.744389,5.136907623206109,-0.39251862320610886
6114,4.7725034,5.134457067905143,-0.3619536679051434
6115,4.793625,5.1319975768153325,-0.33837257681533295
6116,4.8153253,5.128534956694013,-0.31320965669401346
6117,4.8305783,5.123405381338395,-0.29282708133839463
6118,4.8414407,5.117784810611449,-0.2763441106114497
6119,4.8414164,5.111575139603611,-0.2701587396036107
6120,4.8212204,5.106002411664907,-0.28478201166490713
6121,4.7873144,5.099206138723723,-0.3118917387237232
6122,4.7505546,5.090314960786804,-0.33976036078680405
6123,4.722192,5.080828132455226,-0.3586361324552261
6124,4.6959023,5.07121441167805,-0.37531211167805
6125,4.666302,5.0616707737078395,-0.3953687737078395
6126,4.6293235,5.051578489562005,-0.42225498956200536
6127,4.583518,5.040103824644557,-0.45658582464455755
6128,4.5392175,5.028577024586011,-0.4893595245860105
6129,4.498203,5.016754243047951,-0.5185512430479511
6130,4.4628243,5.004754475622663,-0.5419301756226629
6131,4.43131,4.992326365881272,-0.5610163658812723
6132,4.4048953,4.980415573410484,-0.5755202734104845
6133,4.3805423,4.968365942222775,-0.5878236422227747
6134,4.357693,4.955594950954959,-0.5979019509549586
6135,4.342212,4.943894748891044,-0.6016827488910437
6136,4.3294244,4.933524544290998,-0.6041001442909986
6137,4.3094625,4.923271561201738,-0.6138090612017377
6138,4.278535,4.913602204764781,-0.6350672047647814
6139,4.2393622,4.904198766179828,-0.6648365661798277
6140,4.1998367,4.8944654494633895,-0.6946287494633898
6141,4.164544,4.885658728897422,-0.7211147288974216
6142,4.1370306,4.877777164383815,-0.7407465643838149
6143,4.120731,4.870455257274302,-0.7497242572743019
6144,4.1146293,4.864144358151218,-0.7495150581512178
6145,4.1177487,4.859578932424699,-0.7418302324246993
6146,4.1290536,4.856084492077464,-0.7270308920774644
6147,4.144773,4.853567294038731,-0.7087942940387313
6148,4.159681,4.852378543506918,-0.6926975435069185
6149,4.168262,4.852705753947824,-0.6844437539478241
6150,4.1652017,4.853306843244671,-0.6881051432446714
6151,4.155766,4.853991913545924,-0.6982259135459241
6152,4.1434445,4.855671975508078,-0.7122274755080777
6153,4.1299767,4.858115173203289,-0.7281384732032885
6154,4.1150413,4.861456160676062,-0.7464148606760626
6155,4.100986,4.866297710237215,-0.7653117102372153
6156,4.0832815,4.872144091013763,-0.7888625910137632
6157,4.062805,4.877583020174073,-0.8147780201740726
6158,4.034124,4.883483881379072,-0.8493598813790717
6159,3.9947488,4.890002411966197,-0.8952536119661971
6160,3.9651544,4.89709799305794,-0.9319435930579405
6161,3.9350848,4.904270088486252,-0.9691852884862517
6162,3.9123917,4.911310140326583,-0.9989184403265825
6163,3.8886218,4.918925725809606,-1.0303039258096058
6164,3.8852408,4.926846422782541,-1.0416056227825408
6165,3.8885944,4.935869232290339,-1.0472748322903391
6166,3.8903372,4.945362478588299,-1.0550252785882992
6167,3.8955426,4.954916825937408,-1.059374225937408
6168,3.9049594,4.964160021087428,-1.0592006210874283
6169,3.9200702,4.9735123784913275,-1.0534421784913275
6170,3.9292767,4.984237425547646,-1.0549607255476463
6171,3.9388797,4.994440733861952,-1.0555610338619514
6172,3.9510214,5.0043714693898265,-1.0533500693898263
6173,3.9569702,5.0134714258677855,-1.0565012258677853
6174,3.9664862,5.021920664060712,-1.055434464060712
6175,3.9779685,5.030984263516527,-1.0530157635165271
6176,3.9946246,5.039683013583561,-1.0450584135835612
6177,4.0195084,5.0481478824649395,-1.0286394824649392
6178,4.037163,5.056036034268847,-1.0188730342688475
6179,4.0602036,5.062888594810683,-1.002684994810683
6180,4.0814004,5.069925748291115,-0.9885253482911152
6181,4.103907,5.076790840365553,-0.9728838403655526
6182,4.121104,5.0824537687260705,-0.9613497687260706
6183,4.133361,5.08782588944434,-0.9544648894443402
6184,4.1515374,5.093354881280636,-0.9418174812806361
6185,4.1744223,5.099386868187425,-0.9249645681874252
6186,4.1973624,5.1049108014659454,-0.9075484014659452
6187,4.2194705,5.108924039998493,-0.8894535399984935
6188,4.2478986,5.112757144515601,-0.8648585445156005
6189,4.2750726,5.115569028693045,-0.8404964286930454
6190,4.3010383,5.118101307494576,-0.8170630074945757
6191,4.325047,5.1208606822863,-0.7958136822863002
6192,4.3492084,5.123082412730211,-0.7738740127302108
6193,4.366744,5.122670227116185,-0.7559262271161851
6194,4.3884025,5.122022438755027,-0.7336199387550275
6195,4.4147635,5.122197892202273,-0.7074343922022726
6196,4.4371176,5.121832318615359,-0.6847147186153597
6197,4.45451,5.119905550175247,-0.6653955501752469
6198,4.473415,5.117501543483472,-0.6440865434834722
6199,4.488499,5.114944892712119,-0.6264458927121188
6200,4.5007453,5.1113105886883545,-0.6105652886883544
6201,4.510476,5.106887707459247,-0.5964117074592474
6202,4.519138,5.101913755277358,-0.5827757552773578
6203,4.516558,5.096786460512744,-0.5802284605127443
6204,4.508559,5.091162558288412,-0.5826035582884117
6205,4.4939966,5.085795938870851,-0.5917993388708513
6206,4.473731,5.080248562422055,-0.6065175624220549
6207,4.454206,5.074099430628186,-0.6198934306281858
6208,4.4261093,5.067622482018409,-0.641513182018409
6209,4.4070587,5.060914648258141,-0.6538559482581405
6210,4.3790445,5.054395449493162,-0.6753509494931622
6211,4.3630624,5.0479073330315805,-0.6848449330315809
6212,4.3549933,5.040947270070163,-0.6859539700701625
6213,4.357099,5.033784030394991,-0.6766850303949914
6214,4.360077,5.026603006162171,-0.6665260061621705
6215,4.361387,5.020532062176044,-0.6591450621760444
6216,4.362844,5.014346078695718,-0.6515020786957182
6217,4.360428,5.007159818284697,-0.6467318182846968
6218,4.3590674,4.999792098029635,-0.6407246980296355
6219,4.3699393,4.992504126430868,-0.6225648264308674
6220,4.3834176,4.985422057770465,-0.6020044577704651
6221,4.403054,4.978506443938951,-0.5754524439389508
6222,4.426638,4.971806199989512,-0.5451681999895124
6223,4.4452972,4.969677099852671,-0.5243798998526712
6224,4.4650497,4.967383647497766,-0.5023339474977666
6225,4.479866,4.960894158386531,-0.4810281583865308
6226,4.494761,4.954911863693896,-0.46015086369389646
6227,4.4947815,4.949438899583425,-0.4546573995834251
6228,4.4794374,4.944491757603799,-0.4650543576037993
6229,4.480023,4.9402347659887065,-0.4602117659887064
6230,4.4813185,4.938790522514566,-0.4574720225145654
6231,4.4832335,4.937882302005577,-0.4546488020055772
6232,4.4856787,4.935968374369593,-0.4502896743695928
6233,4.488564,4.9346576173039445,-0.44609361730394426
6234,4.491801,4.934137116438389,-0.44233611643838966
6235,4.495299,4.9345091356508535,-0.4392101356508533
6236,4.4989686,4.935870411156786,-0.43690181115678595
6237,4.502721,4.93777177592581,-0.4350507759258102
6238,4.506465,4.940333398704324,-0.43386839870432325
6239,4.510113,4.943712026711048,-0.43359902671104855
6240,4.513573,4.9528239718340465,-0.4392509718340465
6241,4.5167575,4.96322425801485,-0.44646675801485003
6242,4.519576,4.969340925394777,-0.44976492539477686
6243,4.5219393,4.975997074576341,-0.45405777457634144
6244,4.523757,4.98338934648932,-0.45963234648931994
6245,4.5249405,4.99089319661687,-0.46595269661687055
6246,4.524671,4.999573601505783,-0.4749026015057831
6247,4.4995575,5.009892850493984,-0.5103353504939845
6248,4.467809,5.0228895536372145,-0.5550805536372145
6249,4.4420023,5.036346309788516,-0.5943440097885153
6250,4.428228,5.046337349445476,-0.6181093494454766
6251,4.4228415,5.0581285882409865,-0.6352870882409869
6252,4.4283624,5.070809894342285,-0.6424474943422851
6253,4.440616,5.082422414428965,-0.6418064144289648
6254,4.458463,5.09223384101009,-0.6337708410100902
6255,4.4795294,5.1013981506703345,-0.6218687506703349
6256,4.50353,5.111880573685017,-0.6083505736850174
6257,4.5254855,5.125647596189811,-0.6001620961898109
6258,4.545758,5.138376616856796,-0.5926186168567957
6259,4.5683584,5.148418562411539,-0.5800601624115389
6260,4.585471,5.158891452499062,-0.5734204524990618
6261,4.609413,5.17074489253059,-0.5613318925305899
6262,4.6280584,5.1808777893300375,-0.5528193893300379
6263,4.645182,5.187758155161216,-0.5425761551612158
6264,4.6627383,5.193599866630747,-0.5308615666307466
6265,4.682218,5.199070996670368,-0.5168529966703685
6266,4.696276,5.205489882542611,-0.5092138825426105
6267,4.71099,5.212131252065746,-0.5011412520657466
6268,4.72229,5.217384386709717,-0.4950943867097166
6269,4.7270746,5.221694632534757,-0.4946200325347574
6270,4.729636,5.225809302439002,-0.4961733024390016
6271,4.7284164,5.22978245924605,-0.5013660592460498
6272,4.7186193,5.232312745939312,-0.5136934459393121
6273,4.7035947,5.234797718339069,-0.5312030183390686
6274,4.674442,5.236598951722097,-0.5621569517220975
6275,4.64298,5.236895341756066,-0.5939153417560661
6276,4.6099167,5.23708448040595,-0.6271677804059497
6277,4.5781317,5.2368128380311685,-0.6586811380311683
6278,4.544376,5.234919240680992,-0.6905432406809924
6279,4.5250907,5.233023627550516,-0.707932927550516
6280,4.5104074,5.230539173697099,-0.7201317736970987
6281,4.5025907,5.2287036048248865,-0.7261129048248867
6282,4.49538,5.226503910915591,-0.7311239109155911
6283,4.488984,5.223139350694176,-0.7341553506941754
6284,4.4783835,5.220168495572151,-0.7417849955721509
6285,4.468811,5.216660007650672,-0.7478490076506725
6286,4.46108,5.212812262311089,-0.7517322623110889
6287,4.443913,5.209274199898068,-0.7653611998980674
6288,4.4315195,5.205746953113161,-0.774227453113161
6289,4.4159064,5.202171610793272,-0.7862652107932719
6290,4.4146185,5.198798575845094,-0.7841800758450947
6291,4.404213,5.195896878630746,-0.7916838786307459
6292,4.394843,5.193637890830364,-0.7987948908303641
6293,4.3945336,5.190006631741056,-0.7954730317410563
6294,4.3960843,5.1861242171853235,-0.7900399171853234
6295,4.389713,5.182915095351395,-0.7932020953513943
6296,4.372718,5.179936493693001,-0.8072184936930009
6297,4.34758,5.177434308636121,-0.8298543086361212
6298,4.320333,5.174952640213406,-0.8546196402134063
6299,4.2984533,5.1732788652542006,-0.8748255652542003
6300,4.2922397,5.17171175562989,-0.8794720556298907
6301,4.291018,5.169756568013697,-0.8787385680136968
6302,4.2962976,5.167620873297485,-0.8713232732974854
6303,4.3030047,5.16494399803871,-0.8619392980387106
6304,4.3155813,5.162448750819506,-0.8468674508195058
6305,4.326922,5.160171424063658,-0.8332494240636583
6306,4.337037,5.158611878308842,-0.8215748783088426
6307,4.340584,5.1571117622961555,-0.8165277622961558
6308,4.347713,5.155708567198826,-0.8079955671988266
6309,4.35032,5.154983923766225,-0.804663923766225
6310,4.3409314,5.152921407867262,-0.8119900078672622
6311,4.3224673,5.15150829254411,-0.82904099254411
6312,4.3039637,5.1510046274599866,-0.8470409274599868
6313,4.2833643,5.149699315387302,-0.8663350153873024
6314,4.275201,5.148890976372866,-0.8736899763728658
6315,4.2707953,5.146885084610845,-0.8760897846108451
6316,4.2652445,5.144795306714323,-0.879550806714323
6317,4.269409,5.142721866544533,-0.8733128665445333
6318,4.273406,5.140120937604353,-0.8667149376043533
6319,4.28124,5.137423332018193,-0.8561833320181922
6320,4.2975135,5.13522495618442,-0.8377114561844197
6321,4.318513,5.132855578328968,-0.8143425783289677
6322,4.343593,5.130731218318458,-0.7871382183184581
6323,4.3706827,5.128227089998396,-0.7575443899983965
6324,4.3957725,5.12575293330692,-0.7299804333069204
6325,4.419065,5.12294178322621,-0.7038767832262103
6326,4.4383707,5.1204601183060365,-0.6820894183060364
6327,4.4589124,5.117974831972979,-0.6590624319729788
6328,4.4684796,5.117385357036641,-0.6489057570366406
6329,4.4656262,5.117276862133108,-0.6516506621331084
6330,4.4538474,5.115954825742897,-0.6621074257428967
6331,4.441826,5.113607722534362,-0.6717817225343623
6332,4.4355197,5.111216341849736,-0.6756966418497354
6333,4.438267,5.108328449137001,-0.6700614491370009
6334,4.4494348,5.105787470480727,-0.656352670480727
6335,4.4706125,5.103655643432081,-0.6330431434320811
6336,4.498146,5.105163561266324,-0.607017561266324
6337,4.5331116,5.1070597418510975,-0.5739481418510977
6338,4.5700684,5.106880735316041,-0.536812335316041
6339,4.6048074,5.105589329212992,-0.5007819292129918
6340,4.6386743,5.104320530175747,-0.46564623017574736
6341,4.667582,5.1034629471496995,-0.43588094714969916
6342,4.696917,5.10484794391308,-0.4079309439130796
6343,4.7185245,5.10619984974522,-0.3876753497452201
6344,4.741551,5.106027142270221,-0.3644761422702203
6345,4.762219,5.106418480299247,-0.3441994802992472
6346,4.780886,5.10742218544745,-0.3265361854474502
6347,4.7991204,5.10811630854012,-0.3089959085401208
6348,4.8212466,5.109570724010127,-0.28832412401012686
6349,4.8396597,5.110897523563339,-0.2712378235633386
6350,4.8551583,5.111412960487312,-0.25625466048731216
6351,4.870528,5.1119728706853955,-0.24144487068539533
6352,4.870901,5.112744443152868,-0.24184344315286843
6353,4.870283,5.113554625141867,-0.24327162514186718
6354,4.8692245,5.114360942893502,-0.24513644289350278
6355,4.867683,5.115721516977078,-0.24803851697707735
6356,4.8656178,5.117000848468339,-0.25138304846833925
6357,4.862988,5.11785867945839,-0.25487067945839037
6358,4.859753,5.118890425436979,-0.25913742543697893
6359,4.8558717,5.119978945217881,-0.26410724521788165
6360,4.851303,5.12086654749846,-0.26956354749846057
6361,4.8460064,5.122462784473522,-0.27645638447352194
6362,4.83994,5.123655731254733,-0.28371573125473226
6363,4.8330636,5.1248038810272964,-0.29174028102729643
6364,4.8241143,5.126613102856922,-0.3024988028569222
6365,4.799446,5.128721943111315,-0.32927594311131525
6366,4.760241,5.13154660028432,-0.37130560028432047
6367,4.717053,5.133776061691094,-0.4167230616910942
6368,4.677758,5.136350345233885,-0.45859234523388537
6369,4.647331,5.138306003857065,-0.4909750038570646
6370,4.6260977,5.139719082291626,-0.5136213822916265
6371,4.611924,5.1415268648527945,-0.5296028648527944
6372,4.603061,5.14401043813791,-0.5409494381379094
6373,4.578831,5.144458644105498,-0.5656276441054979
6374,4.5741043,5.144993894830464,-0.5708895948304642
6375,4.566273,5.145363479865029,-0.5790904798650294
6376,4.5563855,5.145521005087642,-0.5891355050876417
6377,4.5433273,5.144892705117989,-0.6015654051179897
6378,4.535251,5.144368146814162,-0.6091171468141621
6379,4.534402,5.144129989848528,-0.6097279898485279
6380,4.5373435,5.144242760711903,-0.6068992607119021
6381,4.5432215,5.145205994749778,-0.6019844947497788
6382,4.5442405,5.145883882513785,-0.6016433825137852
6383,4.538453,5.146294267324621,-0.6078412673246216
6384,4.525115,5.145286131696842,-0.6201711316968419
6385,4.510192,5.144020988084803,-0.6338289880848027
6386,4.4974103,5.143420408689273,-0.6460101086892731
6387,4.4853635,5.142153521545092,-0.6567900215450919
6388,4.4729767,5.141010942033295,-0.6680342420332943
6389,4.4597397,5.13944681239612,-0.6797071123961196
6390,4.44921,5.138035802224392,-0.6888258022243923
6391,4.4441113,5.135804420862243,-0.6916931208622428
6392,4.447863,5.133975890942904,-0.686112890942904
6393,4.455974,5.131937169690223,-0.6759631696902231
6394,4.473742,5.129459266687148,-0.655717266687148
6395,4.492086,5.12719080109562,-0.6351048010956202
6396,4.51416,5.124779892867346,-0.6106198928673452
6397,4.534269,5.122616060929061,-0.5883470609290606
6398,4.5512686,5.120545452192992,-0.5692768521929921
6399,4.566392,5.117907462165344,-0.5515154621653444
6400,4.5793185,5.115584044805323,-0.5362655448053228
6401,4.59567,5.1135032716742845,-0.5178332716742844
6402,4.6110306,5.1109382379520545,-0.4999076379520542
6403,4.6284976,5.108529526025598,-0.48003192602559785
6404,4.649119,5.1056885057845705,-0.4565695057845707
6405,4.6724634,5.1031276801095595,-0.4306642801095597
6406,4.6966257,5.100437740518335,-0.40381204051833475
6407,4.7221537,5.099714180833993,-0.37756048083399296
6408,4.7476883,5.098926839143619,-0.351238539143619
6409,4.7704096,5.095418599367627,-0.3250089993676273
6410,4.795445,5.092085321303286,-0.2966403213032862
6411,4.8169565,5.088573499028719,-0.27161699902871916
6412,4.839045,5.08523075376261,-0.2461857537626102
6413,4.8558817,5.081551208154832,-0.2256695081548319
6414,4.871193,5.077758337160231,-0.20656533716023073
6415,4.8835645,5.075983442501675,-0.1924189425016749
6416,4.8945413,5.0738427295222,-0.17930142952219974
6417,4.908105,5.069723934890376,-0.1616189348903765
6418,4.9200974,5.065445827007008,-0.14534842700700779
6419,4.9295197,5.061181782943298,-0.13166208294329795
6420,4.937522,5.056478591586518,-0.11895659158651739
6421,4.9459524,5.052094326616129,-0.10614192661612876
6422,4.95396,5.047557976062051,-0.09359797606205067
6423,4.964724,5.043152786146859,-0.07842878614685844
6424,4.9782357,5.038264565210641,-0.06002886521064088
6425,4.9946103,5.033421487140875,-0.03881118714087517
6426,5.011805,5.028632814699816,-0.0168278146998162
6427,5.0294147,5.024114341307368,0.005300358692632123
6428,5.043625,5.019851211052107,0.02377378894789217
6429,5.054734,5.015582242943335,0.03915175705666485
6430,5.0602593,5.011290957772171,0.04896834222782953
6431,5.0545096,5.007402013292504,0.047107586707496374
6432,5.0122867,5.003672582907894,0.008614117092105467
6433,4.929868,4.999903260707424,-0.07003526070742438
6434,4.8397226,4.997800301834527,-0.15807770183452696
6435,4.761977,4.995674780369948,-0.23369778036994848
6436,4.705125,4.992359004736899,-0.28723400473689953
6437,4.674433,4.989756903112607,-0.31532390311260716
6438,4.6632037,4.987469512313408,-0.32426581231340723
6439,4.6648417,4.984981481971537,-0.3201397819715366
6440,4.671908,4.982755933468432,-0.3108479334684322
6441,4.684048,4.980710420638877,-0.29666242063887704
6442,4.6993704,4.979359495672717,-0.27998909567271646
6443,4.705781,4.97802510986327,-0.2722441098632702
6444,4.702687,4.976762292834039,-0.27407529283403864
6445,4.692482,4.97562146791844,-0.28313946791844025
6446,4.6841483,4.974882383973113,-0.2907340839731125
6447,4.6827993,4.9746583544144,-0.29185905441439974
6448,4.6882715,4.974676838088008,-0.2864053380880085
6449,4.696673,4.975136000240839,-0.2784630002408397
6450,4.7069116,4.976880184003725,-0.2699685840037249
6451,4.713635,4.978383342361624,-0.26474834236162437
6452,4.713078,4.980067458553901,-0.2669894585539003
6453,4.707873,4.982756896834715,-0.2748838968347149
6454,4.7084146,4.984469804699131,-0.2760552046991309
6455,4.711353,4.986713677743609,-0.27536067774360884
6456,4.7199087,4.989313142170774,-0.26940444217077353
6457,4.732946,4.99217838233941,-0.2592323823394098
6458,4.749767,4.994619089006509,-0.24485208900650868
6459,4.7673993,4.997000539242942,-0.22960123924294162
6460,4.7866244,4.999467017187928,-0.21284261718792763
6461,4.8037925,5.002815140486759,-0.199022640486759
6462,4.8207846,5.0065715823223655,-0.1857869823223659
6463,4.835384,5.010473593480732,-0.17508959348073194
6464,4.8463798,5.013972294596055,-0.16759249459605474
6465,4.853217,5.0169205296398625,-0.16370352963986257
6466,4.8618402,5.019823528295943,-0.15798332829594308
6467,4.8718686,5.022912001510261,-0.15104340151026108
6468,4.882682,5.0261755121428,-0.1434935121427996
6469,4.895449,5.029363763021921,-0.13391476302192107
6470,4.9118805,5.032161098607716,-0.12028059860771645
6471,4.9306726,5.034883790857118,-0.10421119085711794
6472,4.9501834,5.038649709210394,-0.08846630921039367
6473,4.96858,5.042449337854773,-0.07386933785477279
6474,4.98821,5.047252934852429,-0.05904293485242906
6475,5.0066147,5.0513884195370755,-0.04477371953707543
6476,5.0231423,5.053646422696434,-0.03050412269643399
6477,5.037396,5.055787789732902,-0.018391789732901564
6478,5.049431,5.057371435098963,-0.007940435098962695
6479,5.061236,5.059000929729862,0.0022350702701379177
6480,5.071919,5.060588744009355,0.011330255990645632
6481,5.08101,5.062156177086591,0.018853822913409424
6482,5.0924597,5.063364170957419,0.02909552904258117
6483,5.1031766,5.063821204432576,0.03935539556742462
6484,5.11114,5.064055390184708,0.0470846098152915
6485,5.118928,5.064358539960642,0.054569460039358475
6486,5.1276846,5.063596807028447,0.06408779297155309
6487,5.1357737,5.062365168768227,0.07340853123177293
6488,5.1407895,5.06069026084794,0.08009923915206052
6489,5.1437707,5.058406991272168,0.08536370872783205
6490,5.1439795,5.056878850080469,0.08710064991953104
6491,5.1462393,5.054891244623099,0.09134805537690127
6492,5.147004,5.053308224514253,0.09369577548574703
6493,5.1488395,5.05112880006834,0.09771069993166037
6494,5.14643,5.0477320063562665,0.0986979936437331
6495,5.140563,5.043799949927915,0.0967630500720853
6496,5.130961,5.038725757907381,0.09223524209261935
6497,5.12003,5.0340200553602426,0.08600994463975731
6498,5.111459,5.028859890475959,0.08259910952404059
6499,5.097169,5.022586984206003,0.0745820157939967
6500,5.0784454,5.0159561673828605,0.06248923261713912
6501,5.058393,5.008797838920247,0.04959516107975226
6502,5.035337,5.001620767128653,0.033716232871347174
6503,5.013047,4.994754783015307,0.018292216984693077
6504,4.988923,4.987106513162687,0.0018164868373125032
6505,4.95942,4.978628461312062,-0.01920846131206222
6506,4.9216332,4.969613708480285,-0.047980508480285344
6507,4.8833094,4.959957549642867,-0.07664814964286748
6508,4.847713,4.949841768256989,-0.10212876825698913
6509,4.816877,4.939085152136655,-0.12220815213665492
6510,4.7945447,4.927981352075758,-0.1334366520757575
6511,4.7785974,4.916734663376497,-0.138137263376497
6512,4.7683215,4.9056191120756045,-0.13729761207560465
6513,4.76007,4.894320908859158,-0.13425090885915836
6514,4.744886,4.882225801667667,-0.13733980166766724
6515,4.7304425,4.870065257082057,-0.13962275708205762
6516,4.71168,4.858065965517062,-0.1463859655170614
6517,4.6892853,4.846895676152985,-0.15761037615298523
6518,4.6623664,4.835601302291908,-0.17323490229190863
6519,4.633656,4.823942639412516,-0.19028663941251622
6520,4.604027,4.812847683581903,-0.20882068358190242
6521,4.574127,4.801402531403247,-0.2272755314032473
6522,4.5415444,4.790617130867725,-0.24907273086772452
6523,4.508762,4.78037581253047,-0.2716138125304699
6524,4.4785333,4.76967855386889,-0.29114525386889056
6525,4.4535174,4.759613672820224,-0.30609627282022434
6526,4.4329834,4.750312875239662,-0.3173294752396618
6527,4.415706,4.742234126468666,-0.32652812646866547
6528,4.3962564,4.735072352313577,-0.33881595231357675
6529,4.3770685,4.728303769146616,-0.35123526914661607
6530,4.353051,4.722216850885686,-0.3691658508856861
6531,4.334152,4.717010902814515,-0.3828589028145153
6532,4.314214,4.713091767164866,-0.39887776716486645
6533,4.3035626,4.710038003482854,-0.4064754034828537
6534,4.2965674,4.70791263931906,-0.4113452393190604
6535,4.292451,4.706702839030511,-0.414251839030511
6536,4.2898645,4.706591414961154,-0.41672691496115366
6537,4.2877917,4.707903862962961,-0.42011216296296094
6538,4.2843475,4.710308414813206,-0.4259609148132064
6539,4.27828,4.71321973036464,-0.43493973036464073
6540,4.278682,4.717196740261148,-0.438514740261148
6541,4.2884116,4.722235425935796,-0.4338238259357965
6542,4.306462,4.727636102381382,-0.4211741023813822
6543,4.331204,4.734222676489082,-0.40301867648908196
6544,4.355616,4.740571722579562,-0.38495572257956123
6545,4.371193,4.74707602466595,-0.37588302466595014
6546,4.3844995,4.754292766002216,-0.3697932660022154
6547,4.397692,4.762344525239596,-0.36465252523959624
6548,4.412552,4.771391922624086,-0.35883992262408615
6549,4.427981,4.779478922901568,-0.3514979229015678
6550,4.4483,4.787428921116904,-0.3391289211169042
6551,4.473209,4.7952687101965505,-0.3220597101965508
6552,4.502372,4.805286337731819,-0.30291433773181886
6553,4.53213,4.814394488598147,-0.28226448859814646
6554,4.552207,4.822013570261755,-0.26980657026175514
6555,4.5636725,4.828324400666443,-0.2646519006664434
6556,4.5639853,4.833904094450503,-0.26991879445050326
6557,4.5580335,4.838434311756819,-0.2804008117568193
6558,4.55494,4.843318694533423,-0.2883786945334226
6559,4.560775,4.847224557928789,-0.28644955792878957
6560,4.57438,4.84959189427702,-0.2752118942770201
6561,4.5948005,4.851318168413475,-0.25651766841347534
6562,4.6219516,4.852560354608561,-0.23060875460856067
6563,4.650845,4.853802831485205,-0.20295783148520474
6564,4.681256,4.854096826640401,-0.17284082664040046
6565,4.709684,4.852918027329599,-0.14323402732959867
6566,4.7345963,4.8504577059739145,-0.1158614059739147
6567,4.756959,4.847146450220478,-0.09018745022047803
6568,4.774136,4.844707356403345,-0.07057135640334433
6569,4.7884707,4.840955761123753,-0.052485061123752175
6570,4.8027887,4.832793587795636,-0.030004887795636037
6571,4.8142014,4.8233955927259675,-0.009194192725967554
6572,4.82106,4.812031356397587,0.009028643602412956
6573,4.823167,4.800022323110933,0.02314467688906685
6574,4.8132467,4.786442799484735,0.026803900515264267
6575,4.793958,4.771361766410746,0.022596233589253778
6576,4.786026,4.753976930163652,0.03204906983634803
6577,4.750579,4.735174969201715,0.015404030798285007
6578,4.7218323,4.715789167589202,0.006043132410797902
6579,4.6932383,4.694925440618737,-0.0016871406187366489
6580,4.663665,4.673568882297589,-0.009903882297589206
6581,4.616757,4.6517225197750385,-0.0349655197750387
6582,4.5630517,4.626826511504703,-0.06377481150470299
6583,4.492882,4.600659756996036,-0.10777775699603609
6584,4.425621,4.574850266629637,-0.14922926662963754
6585,4.3615746,4.548186884750564,-0.1866122847505638
6586,4.3162274,4.521635838453185,-0.20540843845318513
6587,4.276391,4.494875293082016,-0.21848429308201567
6588,4.2391653,4.469017601780985,-0.22985230178098526
6589,4.2058597,4.443197692824773,-0.23733799282477275
6590,4.1721673,4.417696574105673,-0.2455292741056727
6591,4.139875,4.393140206825347,-0.2532652068253469
6592,4.109118,4.369553218546753,-0.26043521854675333
6593,4.081263,4.347582321512562,-0.26631932151256255
6594,4.052474,4.326721002237529,-0.2742470022375292
6595,4.0278363,4.306362359360324,-0.27852605936032404
6596,4.007275,4.2875865041331584,-0.28031150413315853
6597,3.9913876,4.270488391259962,-0.2791007912599617
6598,3.9762857,4.255744649471673,-0.2794589494716728
6599,3.9467044,4.242576951190905,-0.2958725511909055
6600,3.9288156,4.230310856483738,-0.3014952564837383
6601,3.9250696,4.21999714863278,-0.29492754863278003
6602,3.9318335,4.211165255037906,-0.2793317550379055
6603,3.9446979,4.204426489579312,-0.259728589579312
6604,3.9581637,4.199024005673351,-0.24086030567335115
6605,3.9558585,4.194983329830979,-0.23912482983097894
6606,3.9395719,4.192959819434835,-0.25338791943483496
6607,3.9199054,4.19304308525001,-0.2731376852500098
6608,3.9050412,4.195325503069485,-0.29028430306948527
6609,3.8962872,4.199049705814568,-0.302762505814568
6610,3.8865216,4.205526711008647,-0.31900511100864737
6611,3.8790784,4.213128019639433,-0.33404961963943336
6612,3.8670185,4.220953341077145,-0.353934841077145
6613,3.8676856,4.230315215649309,-0.36262961564930896
6614,3.8612115,4.2572298088791625,-0.39601830887916245
6615,3.8606012,4.292616487162205,-0.4320152871622045
6616,3.8653717,4.3132958498044385,-0.4479241498044386
6617,3.8732398,4.327560790612485,-0.454320990612485
6618,3.8813794,4.343407869376673,-0.46202846937667275
6619,3.8919406,4.3621246290079005,-0.4701840290079007
6620,3.9011862,4.381087606871672,-0.4799014068716718
6621,3.9170346,4.398668925017706,-0.48163432501770576
6622,3.933572,4.416994622219933,-0.4834226222199334
6623,3.956907,4.4365970798989,-0.47969007989889967
6624,3.9850857,4.4595860735107635,-0.4745003735107636
6625,4.012836,4.482946406967853,-0.4701104069678532
6626,4.034963,4.504338352777566,-0.4693753527775657
6627,4.049497,4.523443013377376,-0.4739460133773763
6628,4.0539594,4.543331648824885,-0.4893722488248846
6629,4.053738,4.563124861104372,-0.5093868611043719
6630,4.056244,4.582854462991705,-0.5266104629917043
6631,4.0668607,4.6050856885662315,-0.5382249885662311
6632,4.087188,4.627501220071876,-0.5403132200718757
6633,4.115119,4.647398438615571,-0.5322794386155714
6634,4.1526437,4.667380880316629,-0.5147371803166294
6635,4.1946564,4.6868604642953695,-0.4922040642953691
6636,4.2345667,4.7065919837477574,-0.4720252837477572
6637,4.270652,4.739778051590103,-0.469126051590103
6638,4.3029284,4.771611372777358,-0.4686829727773585
6639,4.3292594,4.7882108453078605,-0.4589514453078607
6640,4.352879,4.802285181979068,-0.449406181979068
6641,4.3758035,4.815685777356075,-0.4398822773560749
6642,4.4015536,4.828925301911019,-0.42737170191101903
6643,4.4270453,4.842589779349382,-0.4155444793493821
6644,4.4553595,4.856007553231225,-0.4006480532312251
6645,4.477526,4.867516571089246,-0.3899905710892462
6646,4.5016513,4.878507117825241,-0.37685581782524125
6647,4.5280447,4.8894298972309045,-0.3613851972309048
6648,4.5508356,4.903093553511106,-0.35225795351110634
6649,4.5675244,4.9160174091830875,-0.34849300918308757
6650,4.5784326,4.925568686275412,-0.3471360862754116
6651,4.576585,4.941873328056008,-0.36528832805600864
6652,4.5626516,4.958086090989002,-0.3954344909890022
6653,4.5382333,4.965415612761876,-0.4271823127618761
6654,4.5137787,4.973092230763185,-0.45931353076318526
6655,4.491517,4.979858895002392,-0.48834189500239233
6656,4.479367,4.986028728958974,-0.5066617289589743
6657,4.4730096,4.991604095784498,-0.5185944957844981
6658,4.4742074,4.997350784432235,-0.5231433844322346
6659,4.4793344,5.011139143108811,-0.5318047431088111
6660,4.488706,5.024273793558977,-0.5355677935589771
6661,4.4997177,5.030389300217079,-0.5306716002170795
6662,4.507273,5.035308996617434,-0.528035996617434
6663,4.5135446,5.04150468205046,-0.52796008205046
6664,4.5117135,5.047846249793139,-0.536132749793139
6665,4.5055923,5.053744294255521,-0.5481519942555213
6666,4.4989114,5.060151928199983,-0.561240528199983
6667,4.4891424,5.067659635041765,-0.5785172350417644
6668,4.482979,5.075007016286853,-0.5920280162868528
6669,4.4836173,5.082797574913299,-0.5991802749132997
6670,4.4824195,5.090797688246713,-0.6083781882467134
6671,4.4848013,5.099423947840196,-0.6146226478401964
6672,4.4897866,5.108003176730118,-0.6182165767301173
6673,4.4984655,5.117119202004316,-0.6186537020043161
6674,4.503587,5.127191908389308,-0.623604908389308
6675,4.5105896,5.136732841266988,-0.6261432412669876
6676,4.5130625,5.145886259070336,-0.6328237590703356
6677,4.5158453,5.155048346497205,-0.6392030464972054
6678,4.5134125,5.164680063272553,-0.6512675632725529
6679,4.5058126,5.174734851007028,-0.6689222510070287
6680,4.497419,5.184727002458036,-0.6873080024580362
6681,4.49302,5.19432726070306,-0.7013072607030608
6682,4.495463,5.204267029762845,-0.7088040297628453
6683,4.5014462,5.213219757632333,-0.7117735576323332
6684,4.51224,5.2218624227439205,-0.7096224227439203
6685,4.5280695,5.230160055870467,-0.7020905558704671
6686,4.5424466,5.238446038545943,-0.6959994385459431
6687,4.556277,5.2462365601561425,-0.6899595601561428
6688,4.5670266,5.253918455983099,-0.6868918559830988
6689,4.577919,5.260820306464633,-0.6829013064646334
6690,4.588478,5.267949329479951,-0.6794713294799504
6691,4.5996695,5.274212806348835,-0.6745433063488351
6692,4.6197424,5.278854671699843,-0.6591122716998434
6693,4.6339865,5.282940045079725,-0.648953545079725
6694,4.654153,5.286655270006049,-0.6325022700060492
6695,4.662278,5.28969083757901,-0.6274128375790102
6696,4.664388,5.292329267445101,-0.6279412674451015
6697,4.6606226,5.2946010922447595,-0.6339784922447596
6698,4.6508484,5.296976730063105,-0.6461283300631049
6699,4.6281705,5.299078830660897,-0.6709083306608967
6700,4.593282,5.300615138053768,-0.7073331380537677
6701,4.552281,5.301921062541461,-0.7496400625414612
6702,4.5197372,5.302894721856101,-0.7831575218561015
6703,4.4977984,5.304444872136731,-0.8066464721367312
6704,4.4881034,5.306315155031612,-0.8182117550316121
6705,4.483312,5.312162041429546,-0.8288500414295461
6706,4.492301,5.317358790836771,-0.8250577908367704
6707,4.505841,5.316808233137445,-0.8109672331374451
6708,4.5259976,5.316382479551478,-0.7903848795514774
6709,4.5523615,5.316024787968478,-0.7636632879684777
6710,4.582114,5.31538026721791,-0.7332662672179104
6711,4.6159244,5.314872982641402,-0.6989485826414024
6712,4.648358,5.314615730801641,-0.6662577308016413
6713,4.682288,5.314913090772275,-0.632625090772275
6714,4.716568,5.315458646578156,-0.5988906465781563
6715,4.748887,5.315974765241361,-0.5670877652413608
6716,4.7800727,5.316708712590371,-0.5366360125903711
6717,4.8101153,5.317610497963207,-0.5074951979632072
6718,4.83867,5.318676260889139,-0.4800062608891391
6719,4.866779,5.320535167035457,-0.45375616703545685
6720,4.887292,5.3237698837178415,-0.43647788371784113
6721,4.912907,5.326871753808146,-0.41396475380814657
6722,4.932942,5.328213294581483,-0.3952712945814829
6723,4.9567294,5.329781856784747,-0.3730524567847464
6724,4.9783163,5.332026176935819,-0.35370987693581846
6725,4.99977,5.334446330767821,-0.3346763307678211
6726,5.0204797,5.3363600577345105,-0.3158803577345104
6727,5.0411706,5.338398705786045,-0.2972281057860453
6728,5.058186,5.341427816527099,-0.2832418165270987
6729,5.0758023,5.344580604008523,-0.26877830400852254
6730,5.093044,5.347059491651648,-0.25401549165164816
6731,5.1062207,5.350456538349022,-0.24423583834902196
6732,5.120067,5.353786297979927,-0.23371929797992763
6733,5.132226,5.355852324650214,-0.2236263246502137
6734,5.138839,5.357858441652814,-0.21901944165281417
6735,5.148152,5.35982661361288,-0.21167461361287998
6736,5.153477,5.361314956848878,-0.20783795684887796
6737,5.153908,5.362807026788944,-0.20889902678894323
6738,5.1550794,5.364279117819175,-0.20919971781917468
6739,5.1511636,5.3657706026332805,-0.21460700263328025
6740,5.1470532,5.367065239330913,-0.2200120393309124
6741,5.139272,5.3678407550532015,-0.2285687550532014
6742,5.130367,5.3685808647118,-0.23821386471179995
6743,5.122406,5.369083165447443,-0.24667716544744334
6744,5.1138687,5.369866547250127,-0.25599784725012675
6745,5.1062536,5.370370292481966,-0.26411669248196645
6746,5.0986066,5.370244548930072,-0.27163794893007154
6747,5.092838,5.370058085556114,-0.277220085556114
6748,5.0889325,5.370070174284921,-0.28113767428492054
6749,5.088912,5.370302954029389,-0.28139095402938974
6750,5.0887613,5.370311631488981,-0.28155033148898134
6751,5.0874076,5.369782764141053,-0.2823751641410537
6752,5.0850406,5.369107816119142,-0.28406721611914154
6753,5.0796695,5.368887719216635,-0.28921821921663504
6754,5.0653424,5.3684548331961945,-0.30311243319619496
6755,5.0468345,5.368118988083753,-0.3212844880837533
6756,5.0217276,5.3675339585716495,-0.3458063585716493
6757,4.995926,5.369047147250675,-0.373121147250675
6758,4.975937,5.3704121424520075,-0.39447514245200743
6759,4.9629297,5.369402790004711,-0.4064730900047113
6760,4.955091,5.368530207446405,-0.4134392074464044
6761,4.9491796,5.367491078095052,-0.41831147809505254
6762,4.9366937,5.366478292598305,-0.42978459259830526
6763,4.915874,5.3655023116369,-0.4496283116369
6764,4.886483,5.364671510198211,-0.47818851019821107
6765,4.852345,5.363889428090717,-0.5115444280907173
6766,4.8176737,5.363035778486578,-0.545362078486578
6767,4.79914,5.362170577944195,-0.5630305779441942
6768,4.78665,5.361331359783454,-0.5746813597834546
6769,4.7750306,5.361029604387558,-0.585999004387558
6770,4.764256,5.360552138309685,-0.5962961383096852
6771,4.7542996,5.359713339606787,-0.6054137396067869
6772,4.7451363,5.359100736097128,-0.6139644360971275
6773,4.73674,5.358544131812996,-0.6218041318129961
6774,4.7290845,5.357732809792832,-0.6286483097928324
6775,4.7221446,5.356974754214264,-0.6348301542142636
6776,4.7158937,5.356164973784631,-0.6402712737846317
6777,4.710306,5.355244434334427,-0.6449384343344269
6778,4.7053556,5.354634897907421,-0.6492792979074213
6779,4.701017,5.354029906650135,-0.6530129066501349
6780,4.6972632,5.353549705773055,-0.6562865057730551
6781,4.6940694,5.352662724111997,-0.6585933241119966
6782,4.6914096,5.351889741010932,-0.6604801410109316
6783,4.689257,5.351138201452528,-0.6618812014525286
6784,4.6875873,5.350356739380331,-0.6627694393803312
6785,4.686373,5.349473883682824,-0.6631008836828247
6786,4.685589,5.348408371981645,-0.6628193719816444
6787,4.6852093,5.3473802572275755,-0.6621709572275751
6788,4.6868167,5.346344586729772,-0.659527886729772
6789,4.68007,5.34541844031154,-0.66534844031154
6790,4.668952,5.344568328438536,-0.6756163284385357
6791,4.6589727,5.343555207077926,-0.6845825070779261
6792,4.654855,5.34253049648321,-0.6876754964832097
6793,4.6558237,5.34195600931651,-0.6861323093165099
6794,4.6585627,5.34156275683642,-0.6830000568364198
6795,4.665173,5.340710341480753,-0.6755373414807524
6796,4.6723285,5.339349399250552,-0.6670208992505522
6797,4.6803107,5.337907093769289,-0.657596393769289
6798,4.6886497,5.336534558217082,-0.6478848582170817
6799,4.694846,5.335758272149602,-0.6409122721496017
6800,4.6982203,5.335013328984517,-0.636793028984517
6801,4.6964426,5.333631802165959,-0.6371892021659589
6802,4.690328,5.332324532755134,-0.641996532755134
6803,4.6841083,5.331096674110917,-0.6469883741109168
6804,4.6776037,5.329921229788305,-0.6523175297883057
6805,4.672288,5.328890640447635,-0.6566026404476348
6806,4.6665344,5.327906388749469,-0.6613719887494689
6807,4.66346,5.327074394165839,-0.6636143941658394
6808,4.663531,5.326367556652078,-0.6628365566520777
6809,4.659305,5.3257999384229135,-0.6664949384229137
6810,4.66235,5.325370673422972,-0.663020673422972
6811,4.661887,5.324967214393656,-0.6630802143936556
6812,4.6573205,5.324742518734414,-0.6674220187344142
6813,4.652587,5.324696732985233,-0.6721097329852332
6814,4.6468277,5.324920668106276,-0.6780929681062755
6815,4.641656,5.325417239207895,-0.6837612392078949
6816,4.635499,5.32589146170849,-0.6903924617084893
6817,4.626031,5.326442952424274,-0.7004119524242736
6818,4.622246,5.327215105819921,-0.704969105819921
6819,4.6238947,5.3283471343305475,-0.7044524343305474
6820,4.6322684,5.329568391873097,-0.6972999918730967
6821,4.643193,5.330643436438218,-0.6874504364382181
6822,4.654927,5.331858891832779,-0.6769318918327789
6823,4.6670117,5.333165820113902,-0.6661541201139025
6824,4.6810336,5.334650327648762,-0.6536167276487621
6825,4.6974335,5.336250083773416,-0.6388165837734165
6826,4.7172885,5.337787495435796,-0.6204989954357956
6827,4.7364044,5.339278803724942,-0.6028744037249423
6828,4.756701,5.340722147358383,-0.5840211473583832
6829,4.773987,5.342260503131679,-0.568273503131679
6830,4.7876663,5.343766217251362,-0.5560999172513625
6831,4.807612,5.3452215382315815,-0.5376095382315818
6832,4.8264093,5.346625369032285,-0.5202160690322852
6833,4.846137,5.347926689637831,-0.5017896896378309
6834,4.8652835,5.349313253011507,-0.48402975301150697
6835,4.8828363,5.350513319647073,-0.46767701964707253
6836,4.8976417,5.3515521127936285,-0.4539104127936282
6837,4.9108276,5.35270816767539,-0.44188056767538963
6838,4.9168973,5.353657142359919,-0.43675984235991905
6839,4.9227533,5.354362634263785,-0.43160933426378456
6840,4.928544,5.3549631437130945,-0.42641914371309486
6841,4.9365134,5.355347635418471,-0.41883423541847087
6842,4.9435816,5.355526181485036,-0.4119445814850362
6843,4.9486346,5.355575272676058,-0.4069406726760576
6844,4.9577036,5.355689917406926,-0.397986317406926
6845,4.9666114,5.355583600064856,-0.3889722000648561
6846,4.9794626,5.355150517610001,-0.3756879176100014
6847,4.9929037,5.3560412771896155,-0.36313757718961526
6848,5.0046964,5.356502270186712,-0.3518058701867117
6849,5.0106745,5.355805665109452,-0.34513116510945174
6850,5.0115304,5.354879529335031,-0.3433491293350315
6851,5.009069,5.353757108676085,-0.3446881086760847
6852,5.0061975,5.352465083157283,-0.34626758315728345
6853,5.005021,5.35102926317899,-0.34600826317899
6854,5.0062156,5.3502715911810235,-0.3440559911810235
6855,5.011117,5.349353008195935,-0.3382360081959357
6856,5.0205755,5.347604463878984,-0.32702896387898406
6857,5.031132,5.345834837767351,-0.3147028377673502
6858,5.0418024,5.343873053437053,-0.3020706534370534
6859,5.054401,5.341920993737461,-0.28751999373746084
6860,5.06679,5.33993231402942,-0.27314231402942024
6861,5.077517,5.337775259389648,-0.26025825938964786
6862,5.088077,5.335567288644091,-0.24749028864409084
6863,5.1004224,5.333309157021135,-0.23288675702113437
6864,5.1111856,5.331065297355137,-0.2198796973551369
6865,5.1241584,5.3286930786517726,-0.20453467865177277
6866,5.1336255,5.3261735012565605,-0.19254800125656057
6867,5.148164,5.3241185012766294,-0.17595450127662904
6868,5.1620297,5.321995854219868,-0.1599661542198687
6869,5.175576,5.319630498751968,-0.1440544987519674
6870,5.1893973,5.317350353929834,-0.1279530539298337
6871,5.206855,5.314994710143047,-0.10813971014304702
6872,5.223019,5.312709797560509,-0.08969079756050924
6873,5.238595,5.310495396724006,-0.07190039672400594
6874,5.2556696,5.308366401794338,-0.05269680179433767
6875,5.2708764,5.3065796048110085,-0.03570320481100886
6876,5.2846856,5.305131017309218,-0.020445417309217895
6877,5.291626,5.3033684515714175,-0.011742451571417512
6878,5.282487,5.301489719819984,-0.01900271981998447
6879,5.261106,5.299842537430937,-0.03873653743093719
6880,5.236173,5.2986897575936185,-0.06251675759361852
6881,5.2167196,5.29749329676749,-0.08077369676748969
6882,5.2052274,5.29639327077945,-0.0911658707794496
6883,5.201678,5.295226266867534,-0.09354826686753359
6884,5.2032743,5.294027500144224,-0.09075320014422328
6885,5.208847,5.293041210851418,-0.0841942108514182
6886,5.216117,5.292130725170535,-0.07601372517053573
6887,5.2187524,5.2911834770760375,-0.07243107707603791
6888,5.216241,5.2903256484010885,-0.07408464840108842
6889,5.207756,5.2897006995008375,-0.08194469950083771
6890,5.196568,5.289205545202879,-0.09263754520287915
6891,5.1847587,5.288603286985406,-0.10384458698540655
6892,5.171983,5.287947308920567,-0.1159643089205673
6893,5.156068,5.287892330662952,-0.13182433066295207
6894,5.148782,5.287738983890224,-0.13895698389022382
6895,5.1407733,5.287271731383222,-0.14649843138322183
6896,5.132737,5.286728693833096,-0.1539916938330963
6897,5.124759,5.286274764667247,-0.16151576466724737
6898,5.116795,5.285985511739643,-0.16919051173964306
6899,5.1049814,5.285563229674187,-0.18058182967418723
6900,5.091871,5.285336182633404,-0.19346518263340418
6901,5.0801826,5.284844640904377,-0.20466204090437756
6902,5.073918,5.284519723444779,-0.21060172344477923
6903,5.0749316,5.28434133214709,-0.20940973214708958
6904,5.081754,5.284137760755501,-0.20238376075550057
6905,5.092938,5.284154489381591,-0.19121648938159108
6906,5.1070514,5.28431714262208,-0.1772657426220805
6907,5.1208615,5.283856292371576,-0.16299479237157577
6908,5.137519,5.283594500790117,-0.14607550079011666
6909,5.1527176,5.282837005225018,-0.13011940522501853
6910,5.1637397,5.28209818635407,-0.11835848635407054
6911,5.1722903,5.28141403034785,-0.10912373034785006
6912,5.179174,5.2808793685046895,-0.10170536850468981
6913,5.188857,5.280226906478027,-0.09136990647802712
6914,5.1937356,5.279537605469391,-0.08580200546939132
6915,5.198289,5.279645788462815,-0.08135678846281547
6916,5.191402,5.279165564293375,-0.08776356429337451
6917,5.1752954,5.278655608493313,-0.10336020849331273
6918,5.1562915,5.278341779961595,-0.12205027996159501
6919,5.140615,5.27771389263676,-0.13709889263676
6920,5.1310315,5.276973575704507,-0.14594207570450735
6921,5.124671,5.276776536064954,-0.15210553606495392
6922,5.1199493,5.276027549805804,-0.15607824980580354
6923,5.115536,5.275490220112275,-0.159954220112275
6924,5.1085553,5.27497098277078,-0.16641568277078012
6925,5.0924683,5.274671564848034,-0.18220326484803362
6926,5.0696096,5.273842477338578,-0.20423287733857798
6927,5.0378275,5.272270937284965,-0.2344434372849653
6928,5.0080895,5.270730789725252,-0.26264128972525214
6929,4.9872284,5.269259803286369,-0.28203140328636866
6930,4.9688897,5.268015625924473,-0.2991259259244732
6931,4.9528537,5.27035453433962,-0.3175008343396195
6932,4.94192,5.272875352063888,-0.3309553520638886
6933,4.9374967,5.2712032270160485,-0.33370652701604886
6934,4.941552,5.269400899297399,-0.3278488992973996
6935,4.9516244,5.267703915073579,-0.3160795150735787
6936,4.9682107,5.266039971370335,-0.2978292713703352
6937,4.9836426,5.264301771755931,-0.28065917175593125
6938,5.000773,5.262476010693615,-0.26170301069361557
6939,5.016158,5.260704469755135,-0.24454646975513494
6940,5.0293,5.259032711254102,-0.2297327112541021
6941,5.0397263,5.257521679592904,-0.2177953795929044
6942,5.04976,5.256019668815082,-0.20625966881508173
6943,5.0532446,5.254388860805851,-0.2011442608058509
6944,5.050731,5.252620512174834,-0.20188951217483453
6945,5.038574,5.2509534533697915,-0.2123794533697918
6946,5.0250025,5.24910736294468,-0.2241048629446798
6947,5.014362,5.247519181040989,-0.2331571810409887
6948,5.009046,5.245937043023209,-0.23689104302320896
6949,5.0084906,5.243536015836996,-0.23504541583699634
6950,5.011494,5.240846842235566,-0.22935284223556618
6951,5.0151825,5.237804602314317,-0.22262210231431734
6952,5.0194736,5.234420835095414,-0.2149472350954138
6953,5.0264807,5.231029541969273,-0.2045488419692738
6954,5.031858,5.227386308890674,-0.1955283088906743
6955,5.029663,5.223591035775753,-0.19392803577575268
6956,5.0166726,5.2196084759354235,-0.20293587593542384
6957,4.9959893,5.215258925853043,-0.21926962585304288
6958,4.9731293,5.210676677040287,-0.23754737704028717
6959,4.9515862,5.205580069376068,-0.2539938693760675
6960,4.9340177,5.200435338660082,-0.26641763866008183
6961,4.9169836,5.195075928749504,-0.27809232874950407
6962,4.9027143,5.1893759419516785,-0.2866616419516781
6963,4.885364,5.1834866154436705,-0.29812261544367047
6964,4.8635736,5.177487265938983,-0.3139136659389834
6965,4.8371253,5.1714180587087855,-0.33429275870878516
6966,4.8084097,5.165357059031035,-0.356947359031035
6967,4.7789536,5.159234441034688,-0.38028084103468807
6968,4.7522397,5.153464493476595,-0.40122479347659556
6969,4.7282867,5.147634462892567,-0.41934776289256703
6970,4.704322,5.141404293612669,-0.4370822936126686
6971,4.680496,5.135287625606207,-0.454791625606207
6972,4.650551,5.129244696884848,-0.4786936968848483
6973,4.6235003,5.123463838107001,-0.4999635381070009
6974,4.5927787,5.11834826610126,-0.52556956610126
6975,4.565023,5.113533079136422,-0.5485100791364221
6976,4.5255914,5.108450257226854,-0.5828588572268547
6977,4.484359,5.103433387199439,-0.6190743871994382
6978,4.440717,5.0984667660070055,-0.6577497660070053
6979,4.3969455,5.093483539540338,-0.6965380395403376
6980,4.360601,5.088618262161688,-0.7280172621616883
6981,4.331784,5.083769429278156,-0.7519854292781565
6982,4.3063517,5.079173244113188,-0.7728215441131887
6983,4.2817273,5.075459480765248,-0.7937321807652484
6984,4.263883,5.071669114973202,-0.8077861149732017
6985,4.254621,5.06758445801511,-0.8129634580151102
6986,4.2558374,5.063053084684177,-0.8072156846841771
6987,4.2638516,5.058070684278352,-0.7942190842783523
6988,4.2701163,5.05299242253174,-0.7828761225317402
6989,4.270023,5.0478561934188475,-0.7778331934188474
6990,4.2630844,5.042610551686817,-0.7795261516868166
6991,4.2494006,5.037166854047327,-0.7877662540473267
6992,4.2306476,5.0315953605038155,-0.8009477605038153
6993,4.216267,5.025775894643527,-0.8095088946435265
6994,4.204449,5.019838510364709,-0.8153895103647084
6995,4.196818,5.0141338155119,-0.8173158155118996
6996,4.18899,5.00861763377164,-0.8196276337716393
6997,4.183271,5.00276813338862,-0.8194971333886194
6998,4.184522,4.996248374407711,-0.8117263744077103
6999,4.189026,4.989697318614441,-0.800671318614441
7000,4.1921844,4.983548841797059,-0.7913644417970582
7001,4.1923227,4.977096276466077,-0.784773576466077
7002,4.1866355,4.969818698367057,-0.7831831983670563
7003,4.1760306,4.962561077381207,-0.7865304773812074
7004,4.161133,4.955131207412548,-0.7939982074125478
7005,4.142588,4.948413239715856,-0.8058252397158556
7006,4.1267014,4.941905937510134,-0.8152045375101338
7007,4.1129956,4.934722831117287,-0.8217272311172872
7008,4.1019983,4.9278198807177755,-0.8258215807177756
7009,4.090393,4.92102051132458,-0.8306275113245807
7010,4.0858893,4.915614821744601,-0.8297255217446011
7011,4.0836225,4.9096825769218775,-0.8260600769218778
7012,4.0973806,4.901658165583512,-0.8042775655835115
7013,4.120997,4.897640234733746,-0.7766432347337462
7014,4.150021,4.893610431850358,-0.7435894318503582
7015,4.180663,4.886283989515985,-0.7056209895159853
7016,4.1979,4.877676126654216,-0.6797761266542164
7017,4.207767,4.868260753281564,-0.660493753281564
7018,4.21069,4.858839508533645,-0.6481495085336455
7019,4.221328,4.850256507710321,-0.628928507710321
7020,4.234434,4.841925354130583,-0.6074913541305831
7021,4.2483263,4.832578983237828,-0.5842526832378274
7022,4.262894,4.8226930099895995,-0.5597990099895993
7023,4.2780256,4.8126203449086455,-0.5345947449086452
7024,4.293609,4.802695578053309,-0.5090865780533091
7025,4.3095336,4.793117714901166,-0.4835841149011664
7026,4.3256865,4.783279004422093,-0.4575925044220934
7027,4.3419576,4.772991775766837,-0.431034175766837
7028,4.3582363,4.762888241498756,-0.4046519414987566
7029,4.374411,4.753732722862991,-0.3793217228629908
7030,4.3903694,4.745858055645699,-0.35548865564569887
7031,4.4060006,4.737162604854447,-0.33116200485444747
7032,4.4211926,4.728232314878811,-0.3070397148788109
7033,4.435835,4.719466038125254,-0.2836310381252538
7034,4.4498153,4.711146493047027,-0.26133119304702657
7035,4.463023,4.7039113858087935,-0.2408883858087938
7036,4.475346,4.697468730853544,-0.22212273085354362
7037,4.4866743,4.691207985529616,-0.20453368552961582
7038,4.496895,4.685647244997366,-0.18875224499736554
7039,4.505897,4.680995822440472,-0.17509882244047237
7040,4.5135694,4.677560977180002,-0.16399157718000268
7041,4.5198007,4.674770290728687,-0.15496959072868677
7042,4.5244794,4.672205354181818,-0.14772595418181833
7043,4.527494,4.670179889980313,-0.14268588998031273
7044,4.5269446,4.668811474327757,-0.14186687432775713
7045,4.4641547,4.668262827669483,-0.20410812766948272
7046,4.3726077,4.66859676317687,-0.29598906317687046
7047,4.284765,4.668952399100168,-0.38418739910016786
7048,4.2152505,4.685814106882018,-0.4705636068820178
7049,4.157923,4.702792434643444,-0.5448694346434442
7050,4.1084943,4.7040177001900885,-0.5955234001900882
7051,4.060622,4.706999116931004,-0.6463771169310037
7052,4.015018,4.710810133147457,-0.6957921331474566
7053,3.9715304,4.71488920172653,-0.7433588017265302
7054,3.9357922,4.719977786974008,-0.784185586974008
7055,3.9139972,4.72636820062606,-0.8123710006260598
7056,3.896685,4.732870204372446,-0.836185204372446
7057,3.882539,4.741382885872618,-0.8588438858726177
7058,3.8806763,4.750188035470465,-0.8695117354704651
7059,3.8816562,4.759714180313782,-0.8780579803137822
7060,3.8968418,4.7695152604417945,-0.8726734604417947
7061,3.914349,4.780471373758824,-0.8661223737588242
7062,3.930277,4.791992013857008,-0.8617150138570078
7063,3.9469464,4.803551058412755,-0.8566046584127553
7064,3.9665735,4.815867058381364,-0.8492935583813637
7065,3.9874713,4.828825781650275,-0.8413544816502752
7066,4.012133,4.843265937346815,-0.8311329373468146
7067,4.0357294,4.8572577234255085,-0.8215283234255084
7068,4.051542,4.86908452436851,-0.8175425243685099
7069,4.064937,4.880179646277067,-0.815242646277067
7070,4.0708313,4.89154230593212,-0.8207110059321199
7071,4.076594,4.90368907498438,-0.8270950749843795
7072,4.0771585,4.915564738684554,-0.8384062386845539
7073,4.080024,4.9262931316954495,-0.8462691316954496
7074,4.0838614,4.936407996108088,-0.8525465961080876
7075,4.090454,4.945667100436673,-0.8552131004366723
7076,4.1031866,4.955325984788421,-0.8521393847884209
7077,4.114164,4.965098647206926,-0.8509346472069259
7078,4.1281195,4.973918710917264,-0.8457992109172636
7079,4.1414914,4.983236830263697,-0.8417454302636971
7080,4.1526523,4.992634625748995,-0.8399823257489949
7081,4.168224,5.001820949398031,-0.8335969493980304
7082,4.184165,5.009418048752465,-0.8252530487524652
7083,4.2033777,5.01401794003232,-0.8106402400323205
7084,4.226496,5.017552914833996,-0.7910569148339963
7085,4.253067,5.019183089211304,-0.7661160892113044
7086,4.2811203,5.020540556481166,-0.7394202564811652
7087,4.3066263,5.020964126700911,-0.7143378267009117
7088,4.3267527,5.020334759815942,-0.6935820598159417
7089,4.340916,5.018951628693083,-0.6780356286930829
7090,4.348162,5.017401938465878,-0.6692399384658776
7091,4.3488455,5.015959601792113,-0.6671141017921123
7092,4.3432565,5.013561485749723,-0.6703049857497234
7093,4.330779,5.0098664465022,-0.6790874465022005
7094,4.3098626,5.006133534330933,-0.6962709343309337
7095,4.281867,5.002971256248593,-0.7211042562485925
7096,4.2585187,4.999564884695568,-0.741046184695568
7097,4.240799,4.995111519238201,-0.7543125192382014
7098,4.235171,4.990773788847942,-0.7556027888479422
7099,4.231936,4.98640131537967,-0.7544653153796697
7100,4.2273865,4.981448723934898,-0.7540622239348984
7101,4.2198486,4.977533822518524,-0.757685222518524
7102,4.2154574,4.973786497917447,-0.7583290979174473
7103,4.2169724,4.969394977637314,-0.7524225776373132
7104,4.2212777,4.965076409879396,-0.7437987098793961
7105,4.2278376,4.960960960857811,-0.7331233608578112
7106,4.2311172,4.957499743904873,-0.7263825439048732
7107,4.232473,4.954184588333695,-0.7217115883336955
7108,4.230952,4.950787029752597,-0.7198350297525966
7109,4.228702,4.948243834595476,-0.7195418345954758
7110,4.229186,4.946054549622461,-0.7168685496224603
7111,4.233222,4.9434285913269616,-0.710206591326962
7112,4.236735,4.941093019764036,-0.7043580197640358
7113,4.2375116,4.938653111388618,-0.7011415113886175
7114,4.233936,4.936405871871145,-0.7024698718711448
7115,4.2210913,4.934447196235989,-0.7133558962359885
7116,4.206454,4.932819900748904,-0.7263659007489043
7117,4.1895776,4.931392236837766,-0.7418146368377663
7118,4.169148,4.929680965002365,-0.7605329650023656
7119,4.1456146,4.928588568220296,-0.7829739682202961
7120,4.125873,4.9274249431624355,-0.8015519431624352
7121,4.106893,4.925917399715253,-0.8190243997152526
7122,4.094334,4.924096917965811,-0.8297629179658115
7123,4.0826697,4.921888831666235,-0.8392191316662343
7124,4.0806603,4.919671773767532,-0.839011473767532
7125,4.0776052,4.918333434962543,-0.8407282349625431
7126,4.076511,4.9165935925095905,-0.8400825925095905
7127,4.074767,4.914117433633451,-0.8393504336334514
7128,4.0709686,4.91114242011882,-0.84017382011882
7129,4.061507,4.908098724913485,-0.8465917249134849
7130,4.0487237,4.9049190809282,-0.8561953809281997
7131,4.031162,4.9019752501403655,-0.8708132501403654
7132,4.017492,4.899021245108479,-0.8815292451084789
7133,4.008364,4.896440508383141,-0.8880765083831408
7134,4.000193,4.893466023680859,-0.8932730236808588
7135,3.9882355,4.890184340284208,-0.9019488402842075
7136,3.9823096,4.8872465334515836,-0.9049369334515838
7137,3.973549,4.884525890715425,-0.9109768907154248
7138,3.9653244,4.8811199761099395,-0.9157955761099394
7139,3.955089,4.877896930326753,-0.9228079303267531
7140,3.949016,4.875099096855502,-0.926083096855502
7141,3.9386706,4.874271060269166,-0.9356004602691659
7142,3.9249027,4.873252873363815,-0.9483501733638149
7143,3.9126782,4.871056276823107,-0.9583780768231067
7144,3.8989813,4.868956603415166,-0.9699753034151657
7145,3.8962445,4.8670955270536505,-0.9708510270536506
7146,3.8938053,4.865544301997999,-0.971739001997999
7147,3.897257,4.863447962416109,-0.9661909624161091
7148,3.9053311,4.86068001153228,-0.9553489115322802
7149,3.9147937,4.8573758788822055,-0.9425821788822053
7150,3.9277158,4.854341069747756,-0.9266252697477557
7151,3.9464352,4.851201523346972,-0.9047663233469718
7152,3.960799,4.847778562205231,-0.8869795622052306
7153,3.9738605,4.843879162539016,-0.8700186625390165
7154,3.9856207,4.839914442405169,-0.8542937424051686
7155,3.9991925,4.83574648254775,-0.8365539825477497
7156,4.006519,4.831620425726673,-0.8251014257266727
7157,4.0082297,4.827244871268524,-0.8190151712685241
7158,4.0129294,4.82214165651145,-0.8092122565114499
7159,4.0180783,4.816639039792167,-0.7985607397921672
7160,4.0340652,4.810864693493601,-0.7767994934936011
7161,4.056682,4.805193556974815,-0.7485115569748144
7162,4.089374,4.7994139308584005,-0.7100399308584002
7163,4.12539,4.793090164241121,-0.6677001642411211
7164,4.1621127,4.787132403367189,-0.6250197033671894
7165,4.199392,4.781204437959196,-0.5818124379591962
7166,4.2331815,4.775673285276263,-0.5424917852762636
7167,4.261234,4.770048594051394,-0.508814594051394
7168,4.2820435,4.763706306994729,-0.48166280699472885
7169,4.293452,4.757754081210885,-0.4643020812108851
7170,4.2977304,4.75189915522285,-0.4541687552228497
7171,4.297714,4.746291983654001,-0.44857798365400114
7172,4.2980313,4.740855489070994,-0.4428241890709943
7173,4.301456,4.7364402981948786,-0.4349842981948786
7174,4.3105655,4.732187904357925,-0.4216224043579251
7175,4.323301,4.728192983638539,-0.40489198363853873
7176,4.3461194,4.725218413673054,-0.3790990136730539
7177,4.3753552,4.7242294869026225,-0.348874286902622
7178,4.4059243,4.7234051441877725,-0.3174808441877728
7179,4.434109,4.722566689092087,-0.2884576890920867
7180,4.460446,4.722753916340636,-0.2623079163406361
7181,4.4818683,4.7246386289159314,-0.2427703289159311
7182,4.492574,4.7274495342040375,-0.23487553420403717
7183,4.484597,4.730876338875478,-0.24627933887547826
7184,4.4617453,4.735223522889205,-0.27347822288920565
7185,4.4330783,4.740794422992911,-0.30771612299291107
7186,4.4096427,4.747754186902964,-0.3381114869029638
7187,4.3943286,4.755623097982916,-0.36129449798291624
7188,4.3886237,4.76442039552529,-0.37579669552529005
7189,4.3925443,4.77420266174489,-0.3816583617448899
7190,4.400422,4.784385099957654,-0.3839630999576542
7191,4.4144373,4.795543497122474,-0.38110619712247384
7192,4.4330573,4.807248538990739,-0.3741912389907389
7193,4.4535117,4.818678242005836,-0.3651665420058361
7194,4.4736133,4.830432904466625,-0.356819604466625
7195,4.4919305,4.84285425074353,-0.3509237507435303
7196,4.5041885,4.85591506778744,-0.3517265677874404
7197,4.517718,4.868786641591479,-0.3510686415914783
7198,4.5305395,4.880364015803182,-0.3498245158031823
7199,4.5456543,4.891792953144261,-0.3461386531442612
7200,4.5629306,4.902973834938854,-0.3400432349388547
7201,4.5818963,4.913838136397459,-0.33194183639745845
7202,4.602346,4.924389894278363,-0.3220438942783632
7203,4.6164026,4.933104851658092,-0.31670225165809196
7204,4.615832,4.940935676069484,-0.3251036760694834
7205,4.606295,4.947718596201002,-0.34142359620100216
7206,4.594863,4.953589312919156,-0.35872631291915624
7207,4.582801,4.9583289639046795,-0.3755279639046796
7208,4.5638604,4.961213471157299,-0.39735307115729857
7209,4.523708,4.96289107594128,-0.4391830759412798
7210,4.4630713,4.963302360411484,-0.5002310604114841
7211,4.403343,4.964267346580278,-0.5609243465802782
7212,4.3515778,4.964602869569841,-0.6130250695698409
7213,4.316674,4.963402595052763,-0.646728595052763
7214,4.296547,4.960686562062107,-0.6641395620621067
7215,4.286451,4.955072475632329,-0.6686214756323299
7216,4.2845926,4.94874971179558,-0.6641571117955802
7217,4.287759,4.940676666015373,-0.652917666015373
7218,4.2919126,4.932692225338634,-0.6407796253386344
7219,4.2959113,4.922251757456547,-0.6263404574565472
7220,4.297605,4.910337582230464,-0.6127325822304641
7221,4.2975616,4.897287426195565,-0.5997258261955647
7222,4.2982397,4.884395388475467,-0.5861556884754675
7223,4.2998886,4.871505187155738,-0.5716165871557379
7224,4.3038535,4.856314544196012,-0.5524610441960123
7225,4.3082395,4.841007785291093,-0.5327682852910929
7226,4.317153,4.825885674415762,-0.5087326744157616
7227,4.3311105,4.8115616773059955,-0.4804511773059952
7228,4.3477597,4.798573357440512,-0.45081365744051194
7229,4.363375,4.785495093246894,-0.42212009324689426
7230,4.3725944,4.772417240359687,-0.39982284035968707
7231,4.3792005,4.759849276285828,-0.3806487762858284
7232,4.378492,4.749345888619781,-0.37085388861978164
7233,4.3668246,4.740312220604691,-0.3734876206046911
7234,4.3449435,4.731987702886769,-0.3870442028867691
7235,4.320038,4.724314165623185,-0.4042761656231848
7236,4.300573,4.718297783189158,-0.41772478318915773
7237,4.293406,4.7136083752188815,-0.4202023752188815
7238,4.2968926,4.711837071521324,-0.4149444715213244
7239,4.3115225,4.7115815732732775,-0.40005907327327783
7240,4.3320346,4.71172345760146,-0.3796888576014599
7241,4.3531375,4.712837531260563,-0.35970003126056316
7242,4.373545,4.715691034459738,-0.3421460344597378
7243,4.3835483,4.718888923245566,-0.3353406232455658
7244,4.3888855,4.722624219224895,-0.33373871922489506
7245,4.3933377,4.727775486434408,-0.3344377864344077
7246,4.399474,4.73356481079968,-0.3340908107996805
7247,4.4085793,4.740188811432141,-0.33160951143214046
7248,4.419838,4.747024181956483,-0.32718618195648297
7249,4.432702,4.753956173171357,-0.32125417317135696
7250,4.443451,4.761135285094621,-0.31768428509462154
7251,4.4588385,4.768046849983244,-0.3092083499832441
7252,4.478315,4.775490148520646,-0.29717514852064575
7253,4.497177,4.783150112299424,-0.28597311229942424
7254,4.5057044,4.789504830185621,-0.28380043018562073
7255,4.5098114,4.7955282291848285,-0.2857168291848282
7256,4.5009756,4.8021079369356094,-0.30113233693560915
7257,4.474885,4.809138893241914,-0.33425389324191457
7258,4.4364014,4.815920375487748,-0.3795189754877475
7259,4.397266,4.8225028341208995,-0.4252368341208994
7260,4.3655066,4.8291578356871625,-0.4636512356871627
7261,4.3249564,4.835785185757169,-0.5108287857571696
7262,4.305692,4.844163388535813,-0.5384713885358137
7263,4.2924533,4.852127140205544,-0.5596738402055443
7264,4.2834134,4.858901053697515,-0.5754876536975155
7265,4.2751617,4.86802622105526,-0.5928645210552599
7266,4.255126,4.876961391812541,-0.6218353918125414
7267,4.2174826,4.885938818289425,-0.6684562182894247
7268,4.1692777,4.895533286449643,-0.7262555864496427
7269,4.126536,4.903478411633752,-0.776942411633752
7270,4.0933805,4.912040143499517,-0.818659643499517
7271,4.066537,4.920946319168676,-0.8544093191686759
7272,4.046947,4.930258266343974,-0.8833112663439735
7273,4.034279,4.9399092248173,-0.9056302248173003
7274,4.022377,4.947096961428303,-0.9247199614283037
7275,4.012269,4.9542185651364505,-0.9419495651364507
7276,4.0067477,4.963736260000207,-0.956988560000207
7277,4.001003,4.97587590570688,-0.9748729057068806
7278,3.9967694,4.985584474755632,-0.9888150747556326
7279,3.9902594,4.992810821718623,-1.0025514217186235
7280,3.983624,4.999882813204604,-1.0162588132046038
7281,3.976473,5.006378654031483,-1.029905654031483
7282,3.9743555,5.013651375328014,-1.0392958753280142
7283,3.9790585,5.021372717954196,-1.0423142179541962
7284,3.98978,5.028410500364503,-1.0386305003645027
7285,3.9991543,5.034783735537259,-1.0356294355372588
7286,4.0106473,5.0416794414770605,-1.031032141477061
7287,4.019212,5.049088736192732,-1.0298767361927323
7288,4.0240455,5.056277000296047,-1.0322315002960476
7289,4.0288596,5.063837782239125,-1.0349781822391257
7290,4.033361,5.0715484292553095,-1.0381874292553093
7291,4.036778,5.078356558627894,-1.0415785586278936
7292,4.0441155,5.086152559058211,-1.0420370590582104
7293,4.0528913,5.093687179189334,-1.040795879189334
7294,4.068138,5.09912658827923,-1.0309885882792296
7295,4.0918164,5.104089810322271,-1.0122734103222708
7296,4.101606,5.109541927621113,-1.007935927621113
7297,4.1150293,5.115542563677165,-1.0005132636771652
7298,4.124165,5.120536213412076,-0.9963712134120764
7299,4.131061,5.130342410461624,-0.9992814104616246
7300,4.137647,5.138576554658217,-1.0009295546582164
7301,4.13528,5.138495387029346,-1.0032153870293463
7302,4.124282,5.138269337279255,-1.0139873372792554
7303,4.1108365,5.137572522446284,-1.0267360224462845
7304,4.1011224,5.135814370724317,-1.0346919707243165
7305,4.0983996,5.133303724717676,-1.0349041247176762
7306,4.0975876,5.130481609544327,-1.0328940095443269
7307,4.095001,5.127524403129867,-1.0325234031298667
7308,4.087198,5.1237859217911526,-1.0365879217911527
7309,4.0834565,5.119088159049669,-1.0356316590496695
7310,4.079983,5.113865871936888,-1.0338828719368873
7311,4.076778,5.109122601654102,-1.0323446016541018
7312,4.0738406,5.104004915745336,-1.0301643157453366
7313,4.0711713,5.096883087674415,-1.0257117876744157
7314,4.0687704,5.0885634197369525,-1.0197930197369525
7315,4.0666385,5.08006284460515,-1.0134243446051503
7316,4.064775,5.071322210646625,-1.006547210646625
7317,4.06318,5.0629343006915475,-0.9997543006915475
7318,4.0618544,5.054478072199684,-0.9926236721996844
7319,4.060798,5.045822239190965,-0.9850242391909649
7320,4.0600114,5.037289952662497,-0.9772785526624972
7321,4.059494,5.029166716613043,-0.9696727166130428
7322,4.0592465,5.021515252342205,-0.9622687523422044
7323,4.06117,5.013997202178779,-0.9528272021787796
7324,4.0554404,5.006222008469522,-0.950781608469522
7325,4.04683,5.000422862385895,-0.9535928623858947
7326,4.039939,4.994923238578437,-0.9549842385784366
7327,4.0310974,4.9884706986796905,-0.9573732986796903
7328,4.0188303,4.9821380604008,-0.9633077604007996
7329,4.009852,4.975535819094917,-0.9656838190949166
7330,4.0076685,4.969113444850301,-0.9614449448503004
7331,3.9920175,4.9628460304072215,-0.9708285304072213
7332,3.9833124,4.957018634856633,-0.9737062348566328
7333,3.9864535,4.957153105620929,-0.9706996056209287
7334,3.9942245,4.957312379618858,-0.963087879618858
7335,4.003802,4.951527256904911,-0.9477252569049108
7336,4.006376,4.945861400185213,-0.9394854001852124
7337,4.0074744,4.940302175924098,-0.9328277759240979
7338,4.001682,4.934556944472193,-0.9328749444721929
7339,3.9907138,4.928981862140245,-0.9382680621402448
7340,3.9855206,4.923316129368451,-0.9377955293684508
7341,3.979067,4.916955099066446,-0.9378880990664462
7342,3.9624786,4.910962628752713,-0.9484840287527128
7343,3.9338706,4.904749874947258,-0.9708792749472575
7344,3.9006588,4.8977360905631055,-0.9970772905631056
7345,3.8704114,4.890386619613266,-1.0199752196132659
7346,3.8482983,4.884480306518488,-1.0361820065184877
7347,3.828657,4.878723118043921,-1.050066118043921
7348,3.8180728,4.870489731940099,-1.0524169319400989
7349,3.8078396,4.861880696313116,-1.054041096313116
7350,3.794437,4.852823879338046,-1.058386879338046
7351,3.780195,4.843091885047785,-1.0628968850477847
7352,3.7684925,4.833277674255559,-1.064785174255559
7353,3.7656217,4.823516327794983,-1.0578946277949828
7354,3.7561624,4.813680649785936,-1.057518249785936
7355,3.7489407,4.803906163685179,-1.0549654636851789
7356,3.748352,4.794468863448642,-1.0461168634486415
7357,3.7442365,4.785709784063585,-1.0414732840635854
7358,3.73961,4.777892124987605,-1.0382821249876049
7359,3.7295947,4.769839734553796,-1.040245034553796
7360,3.7147586,4.762540426380561,-1.0477818263805605
7361,3.7006595,4.756015589742002,-1.0553560897420016
7362,3.6994324,4.751552020987214,-1.052119620987214
7363,3.710095,4.7477471259953825,-1.0376521259953826
7364,3.7336502,4.743526039800908,-1.0098758398009076
7365,3.7662637,4.739883140778738,-0.9736194407787377
7366,3.7981656,4.737130472801331,-0.9389648728013311
7367,3.8228977,4.7356279650604165,-0.9127302650604165
7368,3.8380444,4.736306183589033,-0.898261783589033
7369,3.8541772,4.739947773496438,-0.8857705734964383
7370,3.8697095,4.743936188369315,-0.8742266883693155
7371,3.889728,4.745043776696032,-0.855315776696032
7372,3.906503,4.74729276999517,-0.8407897699951699
7373,3.9164603,4.75061513599138,-0.83415483599138
7374,3.9096756,4.754448106404118,-0.8447725064041185
7375,3.8984473,4.761524082214725,-0.8630767822147254
7376,3.890987,4.772114549915776,-0.8811275499157762
7377,3.8942664,4.7808643926215435,-0.8865979926215437
7378,3.9056778,4.787228175593973,-0.8815503755939731
7379,3.9300702,4.793892835372087,-0.8638226353720868
7380,3.9648144,4.801201076217996,-0.8363866762179963
7381,4.0014987,4.808687850482663,-0.8071891504826629
7382,4.0424705,4.81646830321145,-0.7739978032114498
7383,4.082283,4.824902933631875,-0.7426199336318744
7384,4.1192727,4.8335848013397005,-0.7143121013397007
7385,4.1508093,4.84268108329751,-0.6918717832975103
7386,4.1717706,4.851334252863935,-0.6795636528639344
7387,4.1949167,4.860243393195539,-0.6653266931955386
7388,4.2200723,4.8698391268492935,-0.6497668268492935
7389,4.244423,4.879453412541997,-0.6350304125419965
7390,4.2662954,4.888219243964559,-0.6219238439645594
7391,4.281551,4.903973241146494,-0.6224222411464932
7392,4.28263,4.922796412612138,-0.640166412612138
7393,4.273736,4.9349267681062186,-0.6611907681062181
7394,4.259151,4.943091316655518,-0.6839403166555176
7395,4.246826,4.950191016170582,-0.703365016170582
7396,4.2352686,4.957288984583959,-0.722020384583959
7397,4.2260766,4.964033457630713,-0.7379568576307127
7398,4.2223487,4.975823900918012,-0.7534752009180119
7399,4.2257047,4.988792408816166,-0.7630877088161663
7400,4.232011,4.99508167513881,-0.7630706751388097
7401,4.2404947,4.998295716434483,-0.7578010164344828
7402,4.2534094,5.00190653247751,-0.7484971324775103
7403,4.2677526,5.006503028145931,-0.7387504281459316
7404,4.2811246,5.010640500117641,-0.729515900117641
7405,4.2946386,5.01558688216512,-0.7209482821651205
7406,4.3047714,5.019213875325804,-0.7144424753258045
7407,4.312177,5.020080439740193,-0.7079034397401927
7408,4.3200083,5.021885225631117,-0.701876925631117
7409,4.322777,5.022938286629284,-0.7001612866292835
7410,4.32741,5.022333965470678,-0.6949239654706778
7411,4.332535,5.021687953451867,-0.6891529534518668
7412,4.338463,5.02069370082138,-0.6822307008213802
7413,4.340795,5.019606184382713,-0.6788111843827132
7414,4.3382773,5.0181072523477965,-0.6798299523477969
7415,4.332161,5.015478454091724,-0.683317454091724
7416,4.324322,5.012176267695464,-0.6878542676954638
7417,4.3178625,5.00862309510433,-0.6907605951043294
7418,4.3114066,5.0047545806135165,-0.6933479806135168
7419,4.3060074,5.000988936359935,-0.6949815363599345
7420,4.3020935,4.996964935316425,-0.6948714353164256
7421,4.2935386,4.992907402637072,-0.6993688026370721
7422,4.272293,4.988965559509217,-0.7166725595092167
7423,4.2377067,4.986204865416809,-0.7484981654168088
7424,4.197281,4.985052062924955,-0.7877710629249544
7425,4.160459,4.982830586099831,-0.8223715860998304
7426,4.130067,4.979914489330748,-0.8498474893307479
7427,4.1052866,4.977829195571253,-0.8725425955712529
7428,4.0885186,4.975803076889923,-0.8872844768899233
7429,4.077358,4.973847344615962,-0.8964893446159614
7430,4.065305,4.971838930822385,-0.906533930822385
7431,4.0590625,4.97013554636559,-0.9110730463655905
7432,4.0613656,4.968579559463219,-0.9072139594632187
7433,4.073531,4.968658730169318,-0.8951277301693183
7434,4.092998,4.968944560567064,-0.8759465605670647
7435,4.122378,4.9683169078973295,-0.8459389078973292
7436,4.159388,4.967805596430479,-0.8084175964304787
7437,4.19595,4.967560597996285,-0.7716105979962853
7438,4.2335076,4.968634308180313,-0.7351267081803128
7439,4.2691073,4.970437736935067,-0.7013304369350672
7440,4.3059397,4.971625397610824,-0.6656856976108241
7441,4.3394036,4.972530538805863,-0.6331269388058631
7442,4.367072,4.973678622125076,-0.6066066221250761
7443,4.388626,4.975709175152076,-0.5870831751520758
7444,4.4073987,4.977596836953104,-0.5701981369531044
7445,4.4233956,4.979096939272248,-0.5557013392722476
7446,4.444285,4.981086069697261,-0.5368010696972609
7447,4.464011,4.98301069176332,-0.5189996917633195
7448,4.483803,4.985500514635413,-0.5016975146354135
7449,4.505795,4.988061930784523,-0.4822669307845233
7450,4.528366,4.990329415757847,-0.4619634157578467
7451,4.553677,4.992966495387532,-0.4392894953875315
7452,4.580356,4.995768443043039,-0.4154124430430386
7453,4.601365,4.999253934574878,-0.39788893457487795
7454,4.6225476,5.003036306239348,-0.3804887062393485
7455,4.6435294,5.007544848517535,-0.3640154485175344
7456,4.6645594,5.01300803027065,-0.3484486302706502
7457,4.6809278,5.016670986209492,-0.3357431862094922
7458,4.6948404,5.02028644786897,-0.3254460478689696
7459,4.706353,5.023534643724732,-0.3171816437247319
7460,4.71894,5.0261377161524745,-0.3071977161524746
7461,4.7360187,5.028888380322641,-0.2928696803226414
7462,4.75222,5.031352676477057,-0.2791326764770563
7463,4.768451,5.034880835178963,-0.2664298351789629
7464,4.7816978,5.038150517699288,-0.2564527176992879
7465,4.7930536,5.040832554980165,-0.24777895498016456
7466,4.806317,5.043289272330846,-0.2369722723308456
7467,4.8181863,5.04808990018336,-0.2299036001833601
7468,4.823821,5.053653121137153,-0.22983212113715368
7469,4.8242035,5.05730003002983,-0.23309653002982955
7470,4.8211823,5.059982831546586,-0.23880053154658576
7471,4.81663,5.062012221243991,-0.24538222124399134
7472,4.807975,5.063184706261374,-0.2552097062613745
7473,4.803664,5.065121823459554,-0.26145782345955393
7474,4.8029895,5.067586632837858,-0.26459713283785824
7475,4.797193,5.069559417351849,-0.27236641735184897
7476,4.801749,5.071313530446481,-0.2695645304464813
7477,4.8025284,5.07280183483414,-0.2702734348341398
7478,4.8038964,5.074058219824947,-0.27016181982494647
7479,4.8057632,5.0752442283240065,-0.2694810283240061
7480,4.8119607,5.0758727819072735,-0.26391208190727333
7481,4.815201,5.076850294795281,-0.2616492947952809
7482,4.7885566,5.078860513943142,-0.29030391394314226
7483,4.780376,5.081407686182358,-0.3010316861823572
7484,4.770373,5.084845409240383,-0.3144724092403832
7485,4.7609015,5.0874987245273395,-0.3265972245273394
7486,4.755155,5.090468719286239,-0.33531371928623876
7487,4.750108,5.094141249177354,-0.3440332491773539
7488,4.748752,5.098966982688486,-0.3502149826884864
7489,4.749878,5.104553972640818,-0.35467597264081796
7490,4.7521133,5.111552553639861,-0.3594392536398603
7491,4.7542224,5.119934506414241,-0.36571210641424123
7492,4.758122,5.126191502891747,-0.3680695028917471
7493,4.763358,5.133678946267446,-0.37032094626744616
7494,4.767567,5.141518826209895,-0.3739518262098951
7495,4.7747397,5.14974008920916,-0.37500038920916
7496,4.7792,5.158607986028847,-0.3794079860288466
7497,4.780926,5.16795557349195,-0.38702957349195
7498,4.7885413,5.178661239898829,-0.3901199398988284
7499,4.7996063,5.189746883272066,-0.3901405832720659
