,Actual pupil,Predicted pupil,residue
0,,5.338847015360671,
1,,5.3349599150466975,
2,5.513443,5.331391699168601,0.18205130083139842
3,5.5280843,5.327672797356764,0.20041150264323537
4,5.5275292,5.323244670635678,0.20428452936432162
5,5.526378,5.317835354587141,0.2085426454128596
6,5.524641,5.31144357509426,0.21319742490574
7,5.5223284,5.304219837482504,0.21810856251749655
8,5.5194497,5.296380078643136,0.22306962135686437
9,5.5160155,5.288176146866603,0.22783935313339665
10,5.5120363,5.27989947976157,0.23213682023842974
11,5.5075216,5.271803756899208,0.23571784310079114
12,5.5024824,5.264027411845929,0.2384549881540705
13,5.4969277,5.25666014963996,0.24026755036003955
14,5.490869,5.2496840302294405,0.24118496977055948
15,5.4843154,5.243062354854045,0.24125304514595491
16,5.4772773,5.236804053888784,0.24047324611121557
17,5.4555435,5.230949876629222,0.2245936233707777
18,5.442398,5.2255500069189225,0.21684799308107738
19,5.4397564,5.22061767244778,0.2191387275522203
20,5.4404545,5.216124960933948,0.22432953906605224
21,5.4418893,5.212015719338576,0.22987358066142338
22,5.444035,5.208224660730995,0.23581033926900563
23,5.4468646,5.204687506219925,0.24217709378007424
24,5.450352,5.201326694538207,0.24902530546179236
25,5.45447,5.1980550119510065,0.2564149880489932
26,5.459193,5.194796289651613,0.26439671034838685
27,5.4644938,5.1914864199651936,0.27300738003480607
28,5.470346,5.18806651049062,0.28227948950938053
29,5.4767237,5.184458070706312,0.2922656292936878
30,5.483599,5.18057439563448,0.30302460436552003
31,5.4909472,5.176352870430764,0.3145943295692355
32,5.49874,5.171757004409663,0.3269829955903365
33,5.512829,5.166766766659961,0.3460622333400387
34,5.5276775,5.161360332368953,0.36631716763104727
35,5.5429835,5.155542343511716,0.3874411564882845
36,5.558441,5.149353961516814,0.40908703848318595
37,5.573747,5.142849951095988,0.43089704890401226
38,5.5885963,5.136080179983374,0.4525161200166261
39,5.6019397,5.12907199284487,0.47286770715512993
40,5.6110106,5.124749530226485,0.4862610697735148
41,5.6197877,5.123072909923879,0.49671479007612085
42,5.628221,5.1211460728002365,0.5070749271997634
43,5.6362586,5.119110511640964,0.5171480883590354
44,5.64385,5.117026617853377,0.5268233821466222
45,5.650944,5.115094580828775,0.5358494191712246
46,5.6574903,5.113267485697768,0.5442228143022323
47,5.663437,5.112077569043353,0.551359430956647
48,5.668734,5.111831697764196,0.5569023022358035
49,5.6733303,5.1114913310051415,0.5618389689948584
50,5.6771746,5.109981647419844,0.5671929525801556
51,5.680216,5.107535882000228,0.5726801179997718
52,5.6824036,5.104893451048099,0.5775101489519008
53,5.683687,5.102023193161058,0.5816638068389421
54,5.6685333,5.098956925875881,0.5695763741241189
55,5.5916595,5.0957677540095485,0.49589174599045105
56,5.5076065,5.09253921282047,0.41506728717952956
57,5.4154663,5.089384682077096,0.32608161792290424
58,5.329994,5.086452669566995,0.24354133043300497
59,5.2471848,5.083811771734502,0.16337302826549838
60,5.167984,5.08141758513048,0.08656641486951955
61,5.0989075,5.078758829655156,0.020148670344844355
62,5.0407486,5.072453500265234,-0.031704900265234315
63,4.993553,5.063038455910233,-0.06948545591023247
64,4.9603195,5.053969114830255,-0.09364961483025525
65,4.9282684,5.045260933022684,-0.11699253302268353
66,4.9061203,5.036929082168044,-0.13080878216804326
67,4.8871765,5.028992508472835,-0.14181600847283526
68,4.8762436,5.021450139938343,-0.14520653993834376
69,4.872757,5.014256886441741,-0.14149988644174094
70,4.874542,5.0073471528575695,-0.13280515285756955
71,4.8861084,5.0006754422321835,-0.11456704223218317
72,4.893242,4.994233315803442,-0.10099131580344256
73,4.9051895,4.9880432004944195,-0.08285370049441987
74,4.919464,4.982136859391563,-0.06267285939156331
75,4.9248734,4.976535370101069,-0.05166197010106899
76,4.925166,4.971241395119174,-0.04607539511917391
77,4.9262133,4.968557189100118,-0.04234388910011866
78,4.9282684,4.968951353275248,-0.04068295327524751
79,4.9315853,4.970392872825191,-0.038807572825191095
80,4.9364176,4.972509395939054,-0.036091795939053206
81,4.943019,4.975024805111735,-0.03200580511173534
82,4.951642,4.977719018823812,-0.026077018823812637
83,4.966461,4.9804284002685275,-0.013967400268527719
84,4.993904,4.983380129700468,0.010523870299532057
85,5.014122,4.9865842350487535,0.027537764951246935
86,5.038185,4.989847849635776,0.04833715036422426
87,5.0639725,4.993395349934122,0.07057715006587806
88,5.0946274,4.997307141108111,0.09732025889188911
89,5.1380234,5.001391757546353,0.13663164245364712
90,5.162155,5.005688037493585,0.156466962506415
91,5.193489,5.010316288091165,0.18317271190883488
92,5.198479,5.015048926736619,0.18343007326338068
93,5.203801,5.019523264693207,0.18427773530679303
94,5.212567,5.023721839505544,0.18884516049445565
95,5.224916,5.02769577101407,0.1972202289859304
96,5.240989,5.03148463753198,0.20950436246801996
97,5.260928,5.035259283181341,0.2256687168186584
98,5.2848716,5.039162468588197,0.24570913141180295
99,5.3129606,5.043190722801041,0.26976987719895895
100,5.3533936,5.047222226858661,0.30617137314133913
101,5.3728943,5.051257796402782,0.32163650359721796
102,5.3903656,5.055275901799086,0.33508969820091394
103,5.393898,5.059128796385423,0.3347692036145773
104,5.4020996,5.062758480986205,0.3393411190137945
105,5.405205,5.066186889053701,0.33901811094629863
106,5.400879,5.069353470177344,0.33152552982265604
107,5.3745728,5.072247458523351,0.30232534147664936
108,5.315928,5.074758118328615,0.24116988167138587
109,5.2461486,5.076917322277908,0.16923127772209146
110,5.1709733,5.078973979475272,0.09199932052472803
111,5.0961466,5.08098252553412,0.015164074465880084
112,5.0274115,5.082884240925425,-0.05547274092542498
113,4.9705067,5.084471243151281,-0.11396454315128146
114,4.9311776,5.0856483837455055,-0.1544707837455057
115,4.915164,5.086551645519787,-0.17138764551978714
116,4.919838,5.0871321595782195,-0.16729415957821914
117,4.901184,5.087438083812449,-0.18625408381244934
118,4.89534,5.087626411534696,-0.19228641153469628
119,4.8981705,5.087657706641457,-0.18948720664145657
120,4.9116364,5.087372631632211,-0.17573623163221086
121,4.9312515,5.086759942070129,-0.15550844207012915
122,4.9551086,5.0859279026915996,-0.13081930269159958
123,4.9837875,5.084767208193461,-0.10097970819346092
124,5.010208,5.083380078071861,-0.07317207807186055
125,5.040558,5.081991297899835,-0.041433297899835075
126,5.070427,5.080626035961167,-0.010199035961167446
127,5.095436,5.079266209465149,0.016169790534851458
128,5.1181564,5.077887154888045,0.040269245111955065
129,5.1370697,5.076556683525699,0.06051301647430041
130,5.1462374,5.075312176541609,0.07092522345839125
131,5.146313,5.07415922346896,0.07215377653104049
132,5.146352,5.073133989844342,0.07321801015565832
133,5.146367,5.072300587256455,0.07406641274354442
134,5.146371,5.071710723101771,0.0746602768982294
135,5.1463757,5.071102367061094,0.07527333293890592
136,5.146394,5.070353480732443,0.07604051926755684
137,5.146438,5.069601096068453,0.07683690393154663
138,5.146521,5.068913715841898,0.07760728415810192
139,5.144455,5.068256342011338,0.07619865798866154
140,5.1448746,5.067493941987766,0.07738065801223382
141,5.1488113,5.066569789369127,0.08224151063087337
142,5.1603394,5.065456572571789,0.09488282742821053
143,5.177765,5.063859273164205,0.11390572683579503
144,5.1974716,5.06175850426287,0.1357130957371302
145,5.216675,5.059258709096314,0.15741629090368647
146,5.239525,5.056495005096482,0.18302999490351812
147,5.2553177,5.053747185533121,0.20157051446687912
148,5.2757416,5.050983524805489,0.22475807519451063
149,5.2772293,5.048271458393235,0.22895784160676502
150,5.2614517,5.045653327870402,0.21579837212959863
151,5.214905,5.043204920470738,0.1717000795292618
152,5.1444244,5.040768967887411,0.1036554321125891
153,5.072899,5.038129869098246,0.034769130901753265
154,5.01181,5.035331391306327,-0.023521391306327466
155,4.96052,5.03244802610751,-0.07192802610751059
156,4.912197,5.029461697722069,-0.11726469772206904
157,4.8680882,5.026312113694046,-0.1582239136940462
158,4.8294325,5.0231463766607805,-0.19371387666078022
159,4.7974777,5.0200446582235925,-0.22256695822359251
160,4.773467,5.016896009214779,-0.24342900921477906
161,4.7586455,5.013612853074175,-0.25496735307417495
162,4.754524,5.010148395161179,-0.2556243951611794
163,4.7709045,5.006562931248225,-0.2356584312482246
164,4.7907333,5.002980640436744,-0.21224734043674331
165,4.8154755,4.999528897998756,-0.1840533979987562
166,4.845787,4.996243245919407,-0.15045624591940765
167,4.8816605,4.993052235973942,-0.11139173597394247
168,4.9206085,4.989914125494544,-0.06930562549454411
169,4.9545126,4.9866803325916536,-0.0321677325916534
170,4.9837317,4.9833479670714524,0.00038373292854743113
171,5.009792,4.980020782025583,0.029771217974417397
172,5.0342216,4.976732071100212,0.05748952889978831
173,5.0585485,4.973528196423237,0.08502030357676293
174,5.084301,4.970408808678335,0.11389219132166506
175,5.113006,4.967440302096988,0.14556569790301221
176,5.1422577,4.964607501365315,0.17765019863468545
177,5.153679,4.961938022155864,0.19174097784413657
178,5.158966,4.959659800496264,0.19930619950373618
179,5.1645813,4.957479920238304,0.20710137976169563
180,5.1717987,4.955379441711335,0.21641925828866526
181,5.182907,4.953548378406983,0.22935862159301745
182,5.194107,4.951734311250138,0.24237268874986206
183,5.2101135,4.949889370931081,0.2602241290689191
184,5.230011,4.948013717292554,0.2819972827074464
185,5.253662,4.946115541312482,0.3075464586875185
186,5.2760773,4.944379413392069,0.3316978866079312
187,5.300644,4.942768667518125,0.35787533248187486
188,5.320709,4.9411638236831115,0.37954517631688844
189,5.3283143,4.939778770701131,0.3885355292988688
190,5.327612,4.938691015333339,0.3889209846666608
191,5.3264613,4.937824843687401,0.38863645631259924
192,5.3250613,4.937057323340363,0.38800397665963704
193,5.3236113,4.936362110781634,0.38724918921836604
194,5.322311,4.935536962536269,0.38677403746373074
195,5.3213596,4.934529471940505,0.38683012805949524
196,5.320956,4.933620802456586,0.38733519754341383
197,5.352249,4.932838057104535,0.4194109428954649
198,5.353119,4.932166064158323,0.4209529358416777
199,5.3547516,4.931608967952044,0.42314263204795655
200,5.3610153,4.931218055430641,0.4297972445693592
201,5.369858,4.931046215782403,0.4388117842175969
202,5.3775406,4.9310984977136645,0.4464421022863352
203,5.3799286,4.9313896507119805,0.44853894928801985
204,5.3701553,4.931970220560901,0.43818507943909957
205,5.3515854,4.932814501734609,0.41877089826539127
206,5.329155,4.933892664742064,0.39526233525793586
207,5.3075867,4.93521571627438,0.37237098372562016
208,5.292183,4.936758769512574,0.3554242304874258
209,5.285057,4.938586990262155,0.34647000973784525
210,5.2806015,4.940663699868342,0.33993780013165864
211,5.281151,4.942870515694701,0.3382804843052991
212,5.283127,4.945197553481093,0.3379294465189071
213,5.2822676,4.947681602873743,0.3345859971262568
214,5.282312,4.950510797155245,0.3318012028447548
215,5.282454,4.953730744183957,0.3287232558160431
216,5.2827487,4.95720681426911,0.3255418857308898
217,5.283252,4.9608895190547955,0.3223624809452046
218,5.2840185,4.96476662215884,0.31925187784116016
219,5.2851043,4.968914336766805,0.31618996323319504
220,5.286565,4.973247442396667,0.3133175576033338
221,5.341667,4.977593651161979,0.364073348838021
222,5.3736725,4.981921055638903,0.39175144436109655
223,5.3999557,4.986282347314212,0.4136733526857874
224,5.4211273,4.99067595184659,0.4304513481534098
225,5.4452515,4.995124464849789,0.4501270351502118
226,5.465042,4.999662392817669,0.4653796071823315
227,5.4802322,5.004313857693887,0.4759183423061124
228,5.4899826,5.009173247925793,0.48080935207420694
229,5.4951324,5.01442038725598,0.48071201274402053
230,5.496773,5.020098369808886,0.47667463019111445
231,5.4922028,5.025964757184507,0.4662380428154931
232,5.475708,5.031878411073079,0.4438295889269206
233,5.4450912,5.037787907756663,0.40730329224333683
234,5.399925,5.043045780807535,0.35687921919246435
235,5.3527374,5.047644485336522,0.30509291466347754
236,5.3023834,5.052079765861905,0.25030363413809464
237,5.255005,5.056255174328358,0.19874982567164157
238,5.211775,5.060251774543242,0.15152322545675823
239,5.1825056,5.0641595255014265,0.11834607449857337
240,5.1568317,5.067960055254675,0.08887164474532483
241,5.1349306,5.071688170433734,0.06324242956626591
242,5.1169796,5.075425370560942,0.04155422943905762
243,5.1031547,5.079316782012466,0.02383791798753432
244,5.0936317,5.0831667999996935,0.010464900000306976
245,5.0885878,5.086789426048783,0.0017983739512166252
246,5.1082687,5.090220327967434,0.01804837203256593
247,5.1340485,5.093452627757049,0.04059587224295047
248,5.1614456,5.096566899884967,0.06487870011503372
249,5.1897964,5.099505163791736,0.09029123620826329
250,5.2231903,5.102276729093896,0.12091357090610355
251,5.252083,5.104940214849995,0.14714278515000512
252,5.2621565,5.107485382247296,0.15467111775270403
253,5.268825,5.109904398979451,0.15892060102054906
254,5.274099,5.112176093700039,0.16192290629996098
255,5.2781177,5.114281783982105,0.16383591601789504
256,5.281021,5.116226233778146,0.16479476622185363
257,5.282948,5.1180338709587945,0.16491412904120573
258,5.2840385,5.119735733445524,0.16430276655447607
259,5.2844315,5.1213902588426965,0.16304124115730367
260,5.282013,5.123045853545122,0.15896714645487808
261,5.2730026,5.124708344158563,0.14829425584143685
262,5.2705307,5.126358379493296,0.14417232050670403
263,5.273979,5.127973587212717,0.14600541278728318
264,5.2805786,5.12957137682116,0.15100722317883974
265,5.2859726,5.131160102152731,0.15481249784726892
266,5.292755,5.132703725693823,0.16005127430617705
267,5.3006744,5.134182919463844,0.16649148053615637
268,5.305397,5.135612472180444,0.169784527819556
269,5.30822,5.136917034602971,0.17130296539702972
270,5.3070526,5.138091499235421,0.16896110076457838
271,5.303131,5.1391727748720815,0.16395822512791813
272,5.288498,5.140128844685248,0.14836915531475192
273,5.2706985,5.140963085982039,0.12973541401796052
274,5.2455673,5.141817157853071,0.10375014214692957
275,5.2187653,5.142784616133335,0.07598068386666501
276,5.189583,5.1437767539956765,0.04580624600432337
277,5.1557693,5.144762610327872,0.011006689672128367
278,5.1289215,5.145745589726312,-0.01682408972631233
279,5.105461,5.146724498903443,-0.04126349890344283
280,5.0838165,5.147687202051969,-0.0638707020519691
281,5.065048,5.148664069736732,-0.08361606973673208
282,5.0498505,5.149612628828825,-0.09976212882882507
283,5.037178,5.150542293396213,-0.1133642933962129
284,5.027313,5.151337099349381,-0.12402409934938063
285,5.023018,5.151989397656751,-0.12897139765675014
286,5.015648,5.152684066550087,-0.13703606655008738
287,5.0122375,5.153395858750799,-0.14115835875079874
288,5.0086975,5.154119067284937,-0.14542156728493705
289,5.008911,5.154859441198083,-0.14594844119808226
290,5.0090866,5.155587889404285,-0.1465012894042852
291,5.014145,5.156204825074261,-0.14205982507426107
292,5.0164795,5.156662403794974,-0.14018290379497422
293,5.021202,5.1570334395190445,-0.13583143951904475
294,5.0239944,5.157376530562568,-0.13338213056256798
295,5.022255,5.1577200415594,-0.13546504155939942
296,5.017433,5.158096790498072,-0.14066379049807232
297,5.0093155,5.158503978389288,-0.14918847838928873
298,4.99971,5.158913618665641,-0.15920361866564026
299,4.994545,5.159323085886547,-0.16477808588654774
300,4.99498,5.159722003478437,-0.1647420034784366
301,4.998665,5.160064591566482,-0.16139959156648231
302,5.013916,5.160336976987275,-0.14642097698727508
303,5.033127,5.160543376030432,-0.12741637603043188
304,5.0545044,5.160707332349247,-0.10620293234924727
305,5.0752563,5.160836407082593,-0.08558010708259278
306,5.0964203,5.160940128667619,-0.06451982866761874
307,5.1134567,5.161037352534234,-0.047580652534233714
308,5.1273193,5.161219971277725,-0.033900671277725
309,5.1374817,5.161496084701587,-0.024014384701586344
310,5.1404953,5.161866265363132,-0.021370965363131766
311,5.140671,5.162333002779876,-0.021662002779875955
312,5.141281,5.162809931966366,-0.021528931966365406
313,5.1416397,5.163242375694335,-0.021602675694334827
314,5.1451645,5.163573906570849,-0.018409406570849107
315,5.1503677,5.163784602371746,-0.013416902371745643
316,5.1555743,5.163882754757258,-0.008308454757258055
317,5.157182,5.163888024956772,-0.006706024956772083
318,5.160583,5.163828615621029,-0.0032456156210294296
319,5.1656194,5.163751201946684,0.0018681980533159503
320,5.172135,5.163604558009794,0.008530441990205695
321,5.1799717,5.163339324033128,0.01663237596687228
322,5.188973,5.162977427780838,0.025995572219161822
323,5.198982,5.162548063875102,0.0364339361248982
324,5.2001266,5.162018897281801,0.0381077027181993
325,5.188446,5.161459645349516,0.026986354650484046
326,5.18412,5.160908152362027,0.023211847637973015
327,5.183464,5.160182974003916,0.02328102599608428
328,5.1886115,5.159188165704334,0.029423334295666237
329,5.1984763,5.1579396399493485,0.04053666005065182
330,5.2121525,5.1565197758789365,0.05563272412106368
331,5.2283483,5.1550107972516805,0.07333750274831985
332,5.245771,5.153407953164293,0.09236304683570751
333,5.26313,5.1516894550994055,0.11144054490059485
334,5.279133,5.149807422810268,0.12932557718973214
335,5.292487,5.147873303147528,0.14461369685247227
336,5.292366,5.145973455249839,0.14639254475016106
337,5.2728195,5.144025561068675,0.12879393893132463
338,5.2522507,5.1420425273247,0.11020817267529992
339,5.234398,5.140048317163367,0.09434968283663281
340,5.220146,5.137918475964204,0.0822275240357957
341,5.2114716,5.135574705109453,0.07589689489054763
342,5.2014008,5.13317526804859,0.06822553195141001
343,5.1904907,5.130852509911243,0.059638190088756815
344,5.1874466,5.128698754410109,0.05874784558989177
345,5.1818814,5.1266947266364875,0.05518667336351246
346,5.183482,5.124853023385053,0.058628976614946815
347,5.184694,5.123187637711603,0.06150636228839712
348,5.1855764,5.121499142706466,0.0640772572935342
349,5.1861916,5.119633307293574,0.06655829270642588
350,5.1866,5.117414166419271,0.06918583358072894
351,5.186863,5.114926801368076,0.07193619863192335
352,5.187041,5.1124156874519135,0.07462531254808624
353,5.1871943,5.109926840381892,0.07726745961810799
354,5.187385,5.107474262191725,0.07991073780827485
355,5.187674,5.105068364706182,0.08260563529381848
356,5.1881213,5.102761790753163,0.0853595092468371
357,5.1887884,5.100526180392377,0.08826221960762304
358,5.1897364,5.098302803307934,0.09143359669206585
359,5.1910257,5.096063912389472,0.09496178761052754
360,5.1927176,5.093729961378336,0.09898763862166415
361,5.201935,5.091276242506026,0.11065875749397414
362,5.2086334,5.088721976817974,0.11991142318202641
363,5.2151794,5.086179176570187,0.12900022342981288
364,5.212845,5.084006009120745,0.1288389908792551
365,5.2068787,5.082125110982101,0.12475358901789857
366,5.197113,5.080214985305748,0.11689801469425198
367,5.175537,5.078280214579466,0.09725678542053462
368,5.1450195,5.076329441137785,0.0686900588622148
369,5.104721,5.074376580663453,0.030344419336546302
370,5.0593567,5.072394786646685,-0.013038086646684377
371,5.005501,5.070376438523206,-0.06487543852320599
372,4.952408,5.068337177814831,-0.11592917781483081
373,4.903534,5.066205291008725,-0.16267129100872513
374,4.864105,5.063895911810281,-0.19979091181028075
375,4.834503,5.061245137092035,-0.22674213709203528
376,4.812706,5.058291528000556,-0.24558552800055544
377,4.7990494,5.055209206572193,-0.2561598065721924
378,4.785858,5.051853309274602,-0.2659953092746017
379,4.773308,5.0481075712544685,-0.2747995712544684
380,4.7610397,5.044003710085979,-0.28296401008597893
381,4.7510605,5.03950973221883,-0.2884492322188299
382,4.746521,5.034620544891674,-0.2880995448916739
383,4.747795,5.029411844030939,-0.281616844030939
384,4.754898,5.024116548195095,-0.26921854819509505
385,4.7699738,5.018885537986161,-0.24891173798616162
386,4.789894,5.013677889394251,-0.22378388939425076
387,4.815262,5.008592294900769,-0.19333029490076914
388,4.8424454,5.003849045163594,-0.1614036451635945
389,4.872093,4.999455342598945,-0.1273623425989454
390,4.8815637,4.9954172336730664,-0.11385353367306639
391,4.878512,4.9918587736035605,-0.11334677360356071
392,4.872977,4.988812592594476,-0.11583559259447629
393,4.8650866,4.986301403111466,-0.12121480311146637
394,4.854969,4.98429028187576,-0.12932128187576009
395,4.8427505,4.982759084163757,-0.1400085841637564
396,4.8285594,4.9816413220036075,-0.15308192200360793
397,4.812523,4.980904964070205,-0.16838196407020511
398,4.7505493,4.980492294595366,-0.2299429945953655
399,4.693886,4.980216206210412,-0.28633020621041183
400,4.653351,4.979574404607004,-0.3262234046070045
401,4.6281204,4.977997994733606,-0.3498775947336057
402,4.617424,4.97524530908057,-0.3578213090805704
403,4.616226,4.971472786877159,-0.35524678687715916
404,4.623146,4.967163095211049,-0.34401709521104884
405,4.6379623,4.962870699460388,-0.3249083994603881
406,4.652191,4.958900708179758,-0.30670970817975807
407,4.673691,4.95537657155611,-0.2816855715561104
408,4.6958313,4.952411556272816,-0.2565802562728159
409,4.7169495,4.949893689687865,-0.23294418968786523
410,4.7352448,4.947907037469451,-0.21266223746945112
411,4.748352,4.946658694242097,-0.19830669424209724
412,4.757248,4.946046430903307,-0.18879843090330706
413,4.764908,4.9459881667047165,-0.18108016670471638
414,4.782841,4.946400624917851,-0.16355962491785103
415,4.8013644,4.94718021666374,-0.14581581666374
416,4.819633,4.948235705084581,-0.12860270508458171
417,4.8368034,4.949463579423636,-0.11266017942363593
418,4.8520317,4.950835162018208,-0.09880346201820789
419,4.864474,4.952340871675496,-0.08786687167549534
420,4.873286,4.954152737275434,-0.08086673727543392
421,4.877624,4.95661677743064,-0.07899277743064026
422,4.9228287,4.959519649165975,-0.03669094916597526
423,4.9046097,4.962452300033988,-0.05784260003398778
424,4.8979797,4.965338816785629,-0.06735911678562978
425,4.9004364,4.968163833303557,-0.06772743330355713
426,4.9052124,4.970964724209095,-0.06575232420909494
427,4.917183,4.973691188044968,-0.056508188044968044
428,4.9301605,4.976266422353614,-0.04610592235361377
429,4.9481506,4.978743578330838,-0.030592978330838072
430,4.970543,4.981144071433935,-0.010601071433934628
431,4.99382,4.983486272401758,0.010333727598242248
432,5.0197525,4.985829631991201,0.03392286800879862
433,5.045601,4.9880190045930215,0.05758199540697806
434,5.071213,4.989674145668513,0.08153885433148744
435,5.0945206,4.991089405139848,0.10343119486015251
436,5.1545715,4.992651914133784,0.16191958586621613
437,5.168419,4.994212113949438,0.17420688605056167
438,5.159416,4.995752299658327,0.1636637003416732
439,5.171501,4.997274002933647,0.17422699706635303
440,5.185585,4.99871315896931,0.18687184103068954
441,5.196251,5.000072776811067,0.19617822318893285
442,5.2050934,5.001427123411823,0.20366627658817738
443,5.205368,5.002682147689149,0.202685852310851
444,5.187271,5.003869801857984,0.1834011981420156
445,5.139412,5.005151419532056,0.1342605804679442
446,5.072342,5.006577925806334,0.06576407419366603
447,5.0048065,5.00803079746908,-0.0032242974690799286
448,4.9413147,5.009409443725139,-0.06809474372513868
449,4.892761,5.010767595978515,-0.11800659597851482
450,4.851944,5.012054409449871,-0.16011040944987176
451,4.825363,5.013377189001354,-0.18801418900135403
452,4.8041077,5.014923014400467,-0.21081531440046675
453,4.793808,5.016795587528143,-0.2229875875281424
454,4.7915344,5.019134659618455,-0.22760025961845542
455,4.795784,5.021990349281767,-0.22620634928176653
456,4.808655,5.025280158582909,-0.2166251585829091
457,4.825302,5.028900274910087,-0.20359827491008708
458,4.84655,5.032734225603632,-0.18618422560363257
459,4.86512,5.036637686200168,-0.1715176862001675
460,4.88575,5.040467845999176,-0.15471784599917626
461,4.90007,5.044148353406361,-0.14407835340636055
462,4.910103,5.047668566264047,-0.1375655662640467
463,4.9166565,5.051034506278649,-0.1343780062786486
464,4.9240036,5.054269305619055,-0.13026570561905526
465,4.92984,5.057416769821492,-0.12757676982149135
466,4.940384,5.060479735061306,-0.12009573506130611
467,4.950981,5.063430810487088,-0.1124498104870888
468,4.9626236,5.066264497042643,-0.10364089704264323
469,4.9778214,5.068979312943914,-0.09115791294391418
470,5.0003357,5.071573968081676,-0.0712382680816761
471,5.021904,5.074081766491403,-0.052177766491403155
472,5.040851,5.07653381482503,-0.03568281482503011
473,5.0619497,5.078870200706112,-0.01692050070611195
474,5.0841293,5.081453810678079,0.002675489321920743
475,5.1063175,5.0833920874351834,0.02292541256481684
476,5.127451,5.084365545566353,0.04308545443364675
477,5.146441,5.085349334330645,0.06109166566935542
478,5.162225,5.086335349803267,0.075889650196733
479,5.1697464,5.087345472722095,0.08240092727790493
480,5.160248,5.088391178475674,0.07185682152432626
481,5.1457596,5.089475553977406,0.056284046022593515
482,5.135849,5.090611006777467,0.045237993222533746
483,5.12854,5.091802603503329,0.036737396496671515
484,5.123848,5.093068694772409,0.030779305227590648
485,5.1207733,5.094406859721513,0.02636644027848689
486,5.121849,5.095769422869503,0.026079577130497356
487,5.1295395,5.0971426813735174,0.03239681862648247
488,5.1441727,5.098514791653575,0.045657908346425025
489,5.1617813,5.099874106453767,0.061907193546232975
490,5.1819654,5.101225784274294,0.08073961572570632
491,5.193589,5.102535948057235,0.09105305194276525
492,5.200503,5.10380596385052,0.09669703614948055
493,5.2048044,5.105018205600919,0.09978619439908165
494,5.2085915,5.106140033038617,0.10245146696138274
495,5.2139626,5.107166428634226,0.10679617136577413
496,5.223015,5.10801286527201,0.11500213472799015
497,5.237846,5.108690515525121,0.1291554844748788
498,5.2846756,5.109294816774498,0.17538078322550188
499,5.308174,5.1098649994722845,0.19830900052771572
500,5.31456,5.110426190953718,0.2041338090462821
501,5.314926,5.110992694662237,0.20393330533776322
502,5.314621,5.111575774238184,0.20304522576181583
503,5.313347,5.112196822939489,0.2011501770605113
504,5.310753,5.112868929140308,0.19788407085969162
505,5.311493,5.1135918424474225,0.1979011575525771
506,5.314682,5.114398919706688,0.2002830802933122
507,5.3166885,5.115272975357683,0.20141552464231705
508,5.3246994,5.116182476404515,0.2085169235954849
509,5.3285065,5.117146717911548,0.21135978208845163
510,5.331314,5.11815520245749,0.21315879754251021
511,5.331642,5.119192348374181,0.2124496516258194
512,5.3232346,5.120240085456731,0.20299451454326878
513,5.3126144,5.12127931312131,0.1913350868786905
514,5.3024063,5.1222891579579555,0.18011714204204488
515,5.2910614,5.123241824736887,0.1678195752631133
516,5.2812805,5.124095564914768,0.15718493508523235
517,5.264389,5.124865762565588,0.1395232374344122
518,5.2406616,5.125621580145628,0.11504001985437196
519,5.2104797,5.126304435150803,0.0841752648491969
520,5.168312,5.126611622077141,0.041700377922858856
521,5.1240387,5.1262024374414334,-0.002163737441433611
522,5.0802765,5.1250755805043,-0.04479908050429948
523,5.0461807,5.123421226829697,-0.07724052682969695
524,5.023361,5.121450137274565,-0.09808913727456492
525,5.013977,5.119408704959086,-0.10543170495908605
526,5.0104523,5.117491757481246,-0.1070394574812461
527,5.0162888,5.115846477973297,-0.09955767797329695
528,5.0255814,5.1145429658885835,-0.0889615658885834
529,5.033212,5.113592816349252,-0.0803808163492521
530,5.037764,5.112980326119685,-0.0752163261196852
531,5.040604,5.112567990840968,-0.07196399084096772
532,5.0424414,5.112117938347475,-0.06967653834747445
533,5.043985,5.11146114108175,-0.06747614108174993
534,5.045943,5.110651003315756,-0.0647080033157561
535,5.0490246,5.109778040515526,-0.060753440515526336
536,5.0539384,5.108873122847401,-0.05493472284740086
537,5.06147,5.108031686767064,-0.04656168676706418
538,5.059082,5.107330256965927,-0.04824825696592683
539,5.057495,5.1067801534940545,-0.04928515349405416
540,5.058708,5.106381291699776,-0.047673291699775966
541,5.0661926,5.10604825198761,-0.039855651987609875
542,5.077217,5.1057239247715165,-0.028506924771516395
543,5.089948,5.105439864534728,-0.015491864534728172
544,5.103831,5.1051947165032985,-0.0013637165032989174
545,5.11831,5.104980996127918,0.013329003872081913
546,5.1328297,5.104840037274303,0.02798966272569725
547,5.1468353,5.104762985683234,0.0420723143167665
548,5.159771,5.104684702292838,0.055086297707162224
549,5.1660385,5.104576440238029,0.061462059761971055
550,5.150696,5.104315981667758,0.04638001833224159
551,5.1293488,5.103881133970623,0.025467666029376446
552,5.1151047,5.103302033802853,0.01180266619714665
553,5.1033325,5.102500112872659,0.0008323871273407946
554,5.0994034,5.101448503761232,-0.0020451037612323475
555,5.100403,5.10012795630293,0.0002750436970702097
556,5.11866,5.098592476260987,0.020067523739013104
557,5.1317215,5.096885183521505,0.03483631647849528
558,5.1406555,5.094994694246643,0.04566080575335718
559,5.1508408,5.092982628004794,0.05785817199520604
560,5.1588745,5.090857475269363,0.06801702473063642
561,5.160881,5.0886220145825085,0.07225898541749132
562,5.1534805,5.086323629206512,0.06715687079348776
563,5.1351776,5.08396329424292,0.05121430575707997
564,5.1100082,5.081500882686683,0.028507317313317238
565,5.0811768,5.078930195543481,0.00224660445651903
566,5.0519333,5.076223438977018,-0.02429013897701804
567,5.0319138,5.073342032458334,-0.04142823245833416
568,4.993881,5.070362169899767,-0.07648116989976739
569,4.9608994,5.067351436337755,-0.10645203633775502
570,4.926544,5.06440111480104,-0.13785711480104013
571,4.8898773,5.061583338090223,-0.1717060380902229
572,4.8553543,5.058902297841964,-0.2035479978419641
573,4.8301773,5.056426607122105,-0.22624930712210478
574,4.809044,5.05416948614379,-0.24512548614378993
575,4.793068,5.052133242193605,-0.25906524219360527
576,4.780632,5.050430769928416,-0.2697987699284159
577,4.772217,5.048936881669916,-0.2767198816699157
578,4.7699966,5.047460484548071,-0.27746388454807125
579,4.7729874,5.0460185855716615,-0.2730311855716616
580,4.77726,5.0446311025865604,-0.2673711025865604
581,4.7841263,5.043268881575453,-0.25914258157545333
582,4.7846375,5.041909853627029,-0.2572723536270294
583,4.781784,5.040545664293418,-0.2587616642934183
584,4.773178,5.0392359001119855,-0.2660579001119858
585,4.7624435,5.0380549204209535,-0.27561142042095366
586,4.755806,5.037038000229451,-0.2812320002294513
587,4.759323,5.036146320647504,-0.2768233206475035
588,4.7660217,5.0353026413670525,-0.26928094136705294
589,4.7789917,5.034509420625343,-0.2555177206253436
590,4.7935867,5.033779612417815,-0.24019291241781549
591,4.818283,5.033175161283269,-0.21489216128326927
592,4.8381805,5.032735239570615,-0.19455473957061464
593,4.853859,5.032459692143411,-0.17860069214341134
594,4.863983,5.032257387425726,-0.16827438742572554
595,4.875786,5.032043008285183,-0.1562570082851833
596,4.883827,5.031902432365776,-0.14807543236577558
597,4.893425,5.032007677999789,-0.13858267799978918
598,4.8992157,5.032205315762631,-0.13298961576263135
599,4.8935623,5.032363441970967,-0.1388011419709665
600,4.891144,5.032606307926395,-0.14146230792639525
601,4.8864975,5.033098313210373,-0.1466008132103731
602,4.881935,5.034020681991707,-0.15208568199170625
603,4.878639,5.035260841605687,-0.1566218416056877
604,4.8779755,5.036656053689548,-0.15868055368954792
605,4.8804398,5.038400675789688,-0.15796087578968798
606,4.8885345,5.040355482366564,-0.15182098236656483
607,4.897995,5.0422784044133895,-0.1442834044133896
608,4.911339,5.044332732992199,-0.1329937329921993
609,4.927643,5.0466013993215935,-0.11895839932159369
610,4.9459,5.049021954772549,-0.10312195477254882
611,4.967972,5.051475832458374,-0.08350383245837456
612,4.9941483,5.053934339824387,-0.05978603982438724
613,5.0238876,5.056409834760137,-0.032522234760136826
614,5.053047,5.058969209118739,-0.005922209118738309
615,5.076856,5.061587164456517,0.015268835543483128
616,5.094445,5.0642371047993056,0.03020789520069478
617,5.1082253,5.066954324597857,0.04127097540214297
618,5.1206074,5.069696290578438,0.05091110942156174
619,5.1340027,5.0724536542633265,0.06154904573667341
620,5.150823,5.07524257889484,0.07558042110516006
621,5.173479,5.078048071848803,0.09543092815119714
622,5.2043824,5.080832104398635,0.12355029560136543
623,5.2396774,5.083555284523328,0.15612211547667165
624,5.2571793,5.086181436441403,0.17099786355859692
625,5.2719574,5.088752253029762,0.18320514697023782
626,5.286133,5.091302820400745,0.19483017959925508
627,5.2996063,5.093756491125833,0.20584980887416648
628,5.3123245,5.096053228248946,0.21627127175105354
629,5.324692,5.09818314876624,0.22650885123375986
630,5.335457,5.10025082323082,0.23520617676917954
631,5.3474274,5.102146233870135,0.24528116612986484
632,5.3542023,5.103748189548141,0.2504541104518587
633,5.3625107,5.105240506328615,0.2572701936713848
634,5.3668976,5.106662732221709,0.26023486777829063
635,5.370407,5.108008573215776,0.2623984267842241
636,5.3696365,5.1093081505419295,0.2603283494580708
637,5.370697,5.110573877875439,0.26012312212456123
638,5.37146,5.111844772755327,0.259615227244673
639,5.3628006,5.113090551999826,0.24971004800017393
640,5.3544497,5.114280351071819,0.24016934892818131
641,5.3350472,5.115436958664191,0.21961024133580942
642,5.304817,5.1165431928778,0.18827380712219988
643,5.266672,5.117582102879901,0.14908989712009912
644,5.2235208,5.1185770658835335,0.10494373411646674
645,5.1782765,5.119531303961571,0.05874519603842909
646,5.133848,5.120461307315307,0.01338669268469328
647,5.0959625,5.121310566702885,-0.02534806670288514
648,5.081337,5.122066736230017,-0.0407297362300163
649,5.0773163,5.122767906762574,-0.045451606762574315
650,5.0816956,5.123402151497475,-0.04170655149747482
651,5.0940323,5.123983972466002,-0.02995167246600161
652,5.114456,5.124508380435221,-0.010052380435221053
653,5.135254,5.124969438026435,0.010284561973564976
654,5.1615524,5.125374228513338,0.0361781714866618
655,5.187668,5.125719578497369,0.061948421502631135
656,5.210823,5.1259891796226205,0.08483382037737996
657,5.2379456,5.126156722837318,0.11178887716268182
658,5.256729,5.126213332542054,0.13051566745794574
659,5.271385,5.126176301925199,0.14520869807480175
660,5.285492,5.12606446316093,0.15942753683907007
661,5.293625,5.125879418108391,0.1677455818916087
662,5.29673,5.125596837762238,0.1711331622377621
663,5.293846,5.125234199225701,0.1686118007742996
664,5.289482,5.124822381624245,0.1646596183757545
665,5.279007,5.1244146576522525,0.15459234234774755
666,5.2742386,5.124040610272017,0.15019798972798348
667,5.2723923,5.123672085717274,0.14872021428272575
668,5.2752914,5.123233848953002,0.15205755104699836
669,5.2796783,5.122695142128333,0.15698315787166628
670,5.2871475,5.122107997572659,0.16503950242734078
671,5.2947464,5.121497279436357,0.17324912056364283
672,5.303879,5.120898551574485,0.18298044842551509
673,5.3119507,5.1202592108125025,0.19169148918749723
674,5.3179016,5.119512760808584,0.19838883919141548
675,5.3234406,5.118673037099397,0.20476756290060294
676,5.332077,5.117757806703041,0.2143191932969586
677,5.342842,5.1168014908222075,0.22604050917779261
678,5.3545,5.115816050538365,0.23868394946163463
679,5.366783,5.114795178249406,0.25198782175059353
680,5.378807,5.113754122930053,0.2650528770699472
681,5.3927,5.1126926235167955,0.28000737648320406
682,5.4029083,5.11162888137869,0.29127941862131035
683,5.408737,5.110596184680461,0.29814081531953907
684,5.404457,5.109589468929787,0.2948675310702127
685,5.398056,5.108608200764421,0.28944779923557906
686,5.3854523,5.107631626445578,0.2778206735544222
687,5.3690033,5.1066243350452964,0.2623789649547037
688,5.349243,5.105589800242181,0.2436531997578193
689,5.319351,5.104531167435482,0.2148198325645181
690,5.298256,5.103472519485519,0.1947834805144817
691,5.283554,5.1024331714734235,0.18112082852657618
692,5.2819505,5.101404576940934,0.18054592305906603
693,5.284806,5.100385030771311,0.18442096922868867
694,5.2895417,5.099306854285991,0.19023484571400928
695,5.2959294,5.098047667284359,0.1978817327156417
696,5.30374,5.096617622261119,0.2071223777388811
697,5.3127437,5.095041996063676,0.21770170393632426
698,5.3227115,5.093340045983358,0.2293714540166416
699,5.3352356,5.0916072906331316,0.2436283093668683
700,5.3528595,5.089858251796764,0.2630012482032358
701,5.370125,5.088006387801893,0.28211861219810697
702,5.388733,5.086015666241569,0.302717333758431
703,5.412842,5.08393204341597,0.3289099565840301
704,5.43869,5.0817984848153905,0.3568915151846097
705,5.464218,5.079635978525911,0.38458202147408915
706,5.4917526,5.077449997240018,0.41430260275998165
707,5.5175934,5.075359802587678,0.44223359741232215
708,5.5420685,5.073370872114279,0.4686976278857209
709,5.570717,5.071518077315675,0.4991989226843252
710,5.584999,5.069950641614874,0.5150483583851262
711,5.6046143,5.06853018553895,0.5360841144610493
712,5.6139145,5.067110867035727,0.5468036329642727
713,5.6180778,5.065797003543074,0.5522807964569258
714,5.612687,5.064628241036091,0.5480587589639088
715,5.603762,5.063530738073436,0.5402312619265635
716,5.5927415,5.062435060993857,0.5303064390061429
717,5.581062,5.061260465035224,0.5198015349647758
718,5.5701604,5.059975205972476,0.5101851940275237
719,5.5614758,5.058603669280696,0.5028721307193038
720,5.556444,5.0571749585671535,0.49926904143284645
721,5.576729,5.0556973538911425,0.5210316461088578
722,5.5925674,5.054194303359976,0.538373096640024
723,5.588196,5.0527125572438045,0.5354834427561954
724,5.5835495,5.05124752271486,0.5323019772851403
725,5.578285,5.049730176859446,0.5285548231405546
726,5.5741196,5.048205638861352,0.5259139611386487
727,5.5648193,5.046745471514335,0.5180738284856652
728,5.5534134,5.045334217012552,0.5080791829874478
729,5.536484,5.04400740202295,0.49247659797705
730,5.516556,5.042724254583468,0.4738317454165317
731,5.4956284,5.041442610191519,0.45418578980848157
732,5.4781265,5.040158527636928,0.4379679723630723
733,5.4643784,5.038887159071445,0.4254912409285554
734,5.4531326,5.037689402460349,0.4154431975396511
735,5.44738,5.0366546926093125,0.41072530739068736
736,5.4460373,5.035842989929266,0.41019431007073415
737,5.447983,5.035306807407141,0.41267619259285837
738,5.4458275,5.035098175744607,0.4107293242553931
739,5.4440804,5.035120835509406,0.4089595644905941
740,5.4412527,5.035273778827886,0.40597892117211387
741,5.4375463,5.035509583092039,0.4020367169079613
742,5.433164,5.035875736209831,0.3972882637901689
743,5.4283075,5.036367504216435,0.39193999578356475
744,5.4231796,5.03677060922977,0.3864089907702297
745,5.4499435,5.036937123111504,0.41300637688849573
746,5.4476166,5.0368786420821445,0.4107379579178554
747,5.441078,5.036890436593382,0.40418756340661766
748,5.4385986,5.037133020666408,0.4014655793335917
749,5.438507,5.037529840628695,0.4009771593713056
750,5.4428253,5.038210276814417,0.40461502318558296
751,5.450653,5.039270568425085,0.41138243157491505
752,5.4549713,5.040900705262177,0.41407059473782315
753,5.466858,5.043094061765329,0.4237639382346714
754,5.4764404,5.045560154472075,0.43088024552792525
755,5.4873505,5.048101127942055,0.4392493720579447
756,5.4930573,5.050531802820893,0.4425254971791075
757,5.4969254,5.052868193857626,0.4440572061423742
758,5.4918933,5.055085470724087,0.4368078292759128
759,5.474597,5.057087140737065,0.4175098592629354
760,5.4472733,5.058797636697241,0.38847566330275907
761,5.414166,5.060209247205965,0.3539567527940344
762,5.3795195,5.061406215439647,0.3181132845603525
763,5.347575,5.062382889777146,0.2851921102228543
764,5.322577,5.0631854643483765,0.25939153565162343
765,5.308769,5.063833541252004,0.24493545874799594
766,5.3462067,5.064375204290692,0.28183149570930777
767,5.3615994,5.06491517901644,0.2966842209835603
768,5.3591423,5.065541481495249,0.2936008185047516
769,5.353891,5.066267074799682,0.2876239252003181
770,5.347001,5.067028980240888,0.27997201975911157
771,5.339629,5.067691716433062,0.27193728356693825
772,5.3329325,5.067956843343399,0.26497565665660083
773,5.3280663,5.06773411255015,0.26033218744984943
774,5.326187,5.067115965452701,0.25907103454729885
775,5.3925095,5.066201203082733,0.3263082969172668
776,5.41243,5.065179571700763,0.3472504282992368
777,5.4288025,5.064152489836849,0.36465001016315046
778,5.445961,5.0632151537549035,0.3827458462450961
779,5.4591904,5.0624551306585435,0.3967352693414563
780,5.477661,5.061872938911356,0.4157880610886444
781,5.4761124,5.061423031730267,0.414689368269733
782,5.4718933,5.061045537664682,0.41084776233531795
783,5.466057,5.060752707952602,0.40530429204739793
784,5.460182,5.060489693218957,0.3996923067810423
785,5.4540253,5.060057339183428,0.39396796081657204
786,5.451256,5.059420246628109,0.3918357533718906
787,5.4447937,5.058638796222255,0.38615490377774453
788,5.435585,5.057760629024833,0.3778243709751665
789,5.4251404,5.056839042702272,0.36830135729772806
790,5.4149246,5.0559384194359085,0.3589861805640915
791,5.4051056,5.055109472570581,0.349996127429419
792,5.392044,5.054362224820723,0.3376817751792771
793,5.3722687,5.053771038864597,0.3184976611354031
794,5.3444138,5.053389996476739,0.2910238035232613
795,5.308712,5.053202014927542,0.25550998507245826
796,5.264655,5.0531391691263705,0.2115158308736298
797,5.2162023,5.053141781864678,0.16306051813532196
798,5.1670003,5.053162046760829,0.1138382532391704
799,5.1206975,5.053144712872534,0.06755278712746637
800,5.080937,5.053059669926098,0.027877330073901696
801,5.0513663,5.052960152340168,-0.001593852340167956
802,5.0356326,5.052879403518385,-0.017246803518385256
803,5.033737,5.052791072926578,-0.019054072926577348
804,4.9958115,5.052568244061806,-0.056756744061805975
805,4.9628525,5.052261622685098,-0.08940912268509749
806,4.941452,5.052061620227677,-0.1106096202276774
807,4.9410095,5.052141783437753,-0.11113228343775283
808,4.9477158,5.0523262823050015,-0.10461048230500136
809,4.9522552,5.05230323604539,-0.10004803604538992
810,4.9738235,5.0520922851411685,-0.07826878514116853
811,5.0010147,5.051681719020086,-0.050667019020085746
812,5.0329666,5.051127148621002,-0.018160548621001915
813,5.063553,5.050418608134296,0.013134391865703421
814,5.095207,5.049574523089022,0.0456324769109786
815,5.115223,5.048737580288059,0.06648541971194089
816,5.119469,5.047965579909107,0.07150342009089261
817,5.121624,5.047290123189447,0.07433387681055237
818,5.1225033,5.046558687385039,0.07594461261496122
819,5.1229234,5.045727238260391,0.07719616173960908
820,5.1237,5.044963738949398,0.07873626105060261
821,5.125649,5.044198027899126,0.08145097210087382
822,5.129586,5.04338256659422,0.08620343340577996
823,5.1652374,5.042568493558143,0.12266890644185668
824,5.1877747,5.041809796767887,0.1459649032321133
825,5.1863327,5.041162339039878,0.14517036096012248
826,5.1878357,5.040617608781752,0.1472180912182477
827,5.188553,5.040210351475614,0.14834264852438572
828,5.1956177,5.04002321025732,0.15559448974267998
829,5.2044373,5.040040681414655,0.1643966185853456
830,5.2188263,5.040168323982798,0.17865797601720157
831,5.2366333,5.040381452043702,0.19625184795629824
832,5.255661,5.04069258967243,0.21496841032756997
833,5.2761917,5.041214732181007,0.23497696781899347
834,5.2946854,5.041689700393463,0.25299569960653656
835,5.311508,5.041784235699165,0.269723764300835
836,5.3328476,5.041534780797449,0.2913128192025507
837,5.3469925,5.040920413671379,0.30607208632862104
838,5.359482,5.03990645241771,0.3195755475822901
839,5.3641863,5.038570440097225,0.32561585990277475
840,5.362748,5.037038547637221,0.32570945236277904
841,5.3604784,5.035317617091892,0.32516078290810757
842,5.3577614,5.0334338947385415,0.3243275052614587
843,5.3549805,5.0313485707881505,0.32363192921184947
844,5.3525195,5.029116519855884,0.32340298014411584
845,5.3507614,5.026934858498499,0.3238265415015009
846,5.35009,5.024582156469333,0.32550784353066664
847,5.37204,5.022074611204136,0.34996538879586403
848,5.3624496,5.019679754779749,0.3427698452202508
849,5.353348,5.017441607346012,0.33590639265398803
850,5.3518066,5.0153983071649915,0.3364082928350083
851,5.3541794,5.013494526072813,0.34068487392718616
852,5.3621597,5.011695835734377,0.35046386426562304
853,5.3700867,5.010066769556812,0.3600199304431877
854,5.3775787,5.008629600076754,0.3689490999232463
855,5.379387,5.0073610643898405,0.37202593561015984
856,5.3761673,5.006320716754187,0.36984658324581243
857,5.375725,5.005582477004285,0.3701425229957147
858,5.3729935,5.005128423569081,0.3678650764309186
859,5.372566,5.004810940583239,0.3677550594167611
860,5.376152,5.004511981628292,0.3716400183717079
861,5.3802032,5.004188786437014,0.37601441356298615
862,5.3828125,5.003780854942729,0.37903164505727105
863,5.386444,5.0032057147787405,0.38323828522125947
864,5.391922,5.002514801435529,0.3894071985644709
865,5.3978653,5.001835561689342,0.39602973831065835
866,5.404167,5.00124172242684,0.40292527757315977
867,5.4129486,5.000774979501342,0.4121736204986579
868,5.411441,5.000509421903843,0.4109315780961573
869,5.399717,5.000488573989208,0.3992284260107919
870,5.3872433,5.000706845497287,0.38653645450271235
871,5.3748493,5.0011544452317,0.3736948547683001
872,5.363362,5.001814834521165,0.3615471654788358
873,5.3536086,5.002819627046832,0.35078897295316835
874,5.3464184,5.004081676815117,0.34233672318488306
875,5.342618,5.0053785450832144,0.3372394549167854
876,5.379196,5.006692295778144,0.37250370422185597
877,5.399742,5.008007578274979,0.3917344217250207
878,5.3886642,5.009342280192318,0.3793219198076816
879,5.3767776,5.010668238895626,0.36610936110437375
880,5.3670807,5.011914481651239,0.35516621834876094
881,5.361923,5.013029142545463,0.34889385745453705
882,5.3578568,5.013983181643669,0.3438736183563318
883,5.356827,5.014738853769282,0.3420881462307177
884,5.356949,5.015347476446511,0.3416015235534893
885,5.355797,5.015918087422079,0.33987891257792135
886,5.3567886,5.016519487265165,0.34026911273483496
887,5.3468704,5.017249104674053,0.3296212953259472
888,5.3378677,5.01817649428891,0.31969120571109055
889,5.332596,5.019305647448364,0.3132903525516353
890,5.328583,5.020582539487602,0.3080004605123978
891,5.3274307,5.021970740706838,0.30545995929316216
892,5.3269043,5.023439949847895,0.3034643501521046
893,5.328987,5.024923523094405,0.3040634769055943
894,5.3304596,5.026419425643257,0.3040401743567429
895,5.324402,5.02795944014743,0.2964425598525704
896,5.314827,5.029516243091142,0.2853107569088582
897,5.303215,5.031058911765276,0.27215608823472337
898,5.293976,5.032519538318403,0.26145646168159686
899,5.288292,5.033804093679743,0.2544879063202572
900,5.289795,5.034912379670054,0.2548826203299459
901,5.291725,5.035913640166468,0.2558113598335314
902,5.2947006,5.036855208843833,0.25784539115616667
903,5.3026123,5.037790238808756,0.26482206119124374
904,5.303543,5.038757660938861,0.264785339061139
905,5.3102417,5.039768022792312,0.2704736772076881
906,5.3145294,5.04083783532863,0.27369156467136957
907,5.32428,5.041968547487747,0.28231145251225254
908,5.336812,5.043123810734351,0.2936881892656489
909,5.3402443,5.044317547165258,0.2959267528347418
910,5.348475,5.045478140203213,0.3029968597967869
911,5.361054,5.046558838344252,0.3144951616557483
912,5.3775287,5.047640797854788,0.32988790214521213
913,5.3974476,5.048726361216347,0.3487212387836527
914,5.4203587,5.049809515633416,0.3705491843665847
915,5.4458113,5.050933591007492,0.3948777089925075
916,5.474823,5.052142175783324,0.42268082421667597
917,5.499359,5.053444050352185,0.44591494964781475
918,5.512085,5.054787178473559,0.45729782152644116
919,5.523285,5.056176440040542,0.467108559959458
920,5.533638,5.057640785792813,0.47599721420718666
921,5.543503,5.059144559149518,0.48435844085048263
922,5.553406,5.060663672106115,0.49274232789388517
923,5.561943,5.062096110388299,0.49984688961170143
924,5.570648,5.063423652829883,0.5072243471701174
925,5.581787,5.064747473618228,0.5170395263817724
926,5.5892334,5.066113222060559,0.5231201779394414
927,5.5966263,5.067456172393459,0.529170127606541
928,5.6028366,5.068705191752776,0.5341314082472239
929,5.606308,5.069891662846891,0.536416337153109
930,5.6109543,5.071010435534435,0.539943864465565
931,5.6138916,5.07203443262252,0.5418571673774792
932,5.6225815,5.072947294123509,0.5496342058764911
933,5.6287003,5.0736766085802,0.5550236914197999
934,5.625519,5.07420457485998,0.5513144251400197
935,5.6283493,5.074485687449386,0.5538636125506136
936,5.6310344,5.074638852645297,0.5563955473547031
937,5.627895,5.0748704615690094,0.5530245384309902
938,5.6256757,5.075163142120379,0.5505125578796211
939,5.625709,5.075549153455292,0.550159846544708
940,5.6258073,5.076069178883245,0.5497381211167554
941,5.626003,5.076674802023043,0.5493281979769566
942,5.6263294,5.077334704688078,0.5489946953119222
943,5.62682,5.0780122996734285,0.5488077003265719
944,5.627508,5.078694602787067,0.5488133972129328
945,5.628426,5.0794252246460685,0.5490007753539317
946,5.6296086,5.080273086049022,0.5493355139509779
947,5.6310873,5.081244560120272,0.5498427398797281
948,5.632897,5.082285952215333,0.5506110477846669
949,5.6350694,5.08335982690731,0.5517095730926895
950,5.6376386,5.084340523612856,0.5532980763871436
951,5.6496277,5.085188623359862,0.5644390766401379
952,5.6555634,5.0859334362224375,0.5696299637775626
953,5.624672,5.086532023146288,0.5381399768537127
954,5.586355,5.086984900093702,0.4993700999062982
955,5.553707,5.087327382584232,0.46637961741576817
956,5.5267315,5.087590312797583,0.43914118720241735
957,5.5054297,5.087778944616901,0.41765075538309837
958,5.4898047,5.087886782033034,0.40191791796696563
959,5.479859,5.087954635880788,0.39190436411921237
960,5.475596,5.088021818703919,0.3875741812960811
961,5.5486755,5.088104470484438,0.4605710295155623
962,5.5950546,5.088215626048324,0.5068389739516759
963,5.604683,5.088345928542862,0.516337071457138
964,5.6099854,5.08848772148211,0.52149767851789
965,5.609192,5.088642794855859,0.5205492051441416
966,5.609726,5.088840792811799,0.5208852071882015
967,5.6075516,5.089093272034658,0.5184583279653419
968,5.6100616,5.089397360530101,0.520664239469899
969,5.607994,5.089724192373317,0.518269807626683
970,5.602318,5.090076884692432,0.5122411153075683
971,5.588196,5.090521506017782,0.49767449398221775
972,5.570793,5.091006049665815,0.4797869503341854
973,5.54924,5.091506912798387,0.4577330872016132
974,5.527603,5.092056857272631,0.435546142727369
975,5.5041275,5.092624740199278,0.4115027598007224
976,5.4799957,5.09319039665771,0.3868053033422898
977,5.4630966,5.093747990182713,0.3693486098172869
978,5.4499817,5.094276412306142,0.35570528769385845
979,5.4430695,5.094781751971114,0.34828774802888596
980,5.4467163,5.095355122334021,0.3513611776659795
981,5.4526825,5.096035865197798,0.3566466348022015
982,5.456642,5.096794244369954,0.3598477556300468
983,5.4585342,5.0975361621770565,0.3609980378229434
984,5.4566193,5.098212309640229,0.35840699035977064
985,5.4536667,5.098905373433021,0.35476132656697956
986,5.446541,5.099563672760217,0.3469773272397827
987,5.44201,5.100090109082177,0.34191989091782293
988,5.442889,5.100543337072529,0.34234566292747104
989,5.444898,5.101016654772593,0.3438813452274072
990,5.448225,5.101481006672748,0.3467439933272516
991,5.453056,5.101912492882553,0.35114350711744713
992,5.459579,5.102356935606221,0.35722206439377846
993,5.4679813,5.10286424622308,0.3651170537769195
994,5.4784503,5.103503399408992,0.37494690059100844
995,5.4911733,5.104298159229822,0.3868751407701776
996,5.5207443,5.105226351974659,0.41551794802534037
997,5.553108,5.106274645707564,0.4468333542924361
998,5.565346,5.107442123703648,0.4579038762963519
999,5.581749,5.108738229048939,0.4730107709510616
1000,5.5979996,5.110126417403513,0.4878731825964868
1001,5.6153564,5.111544460546719,0.5038119394532803
1002,5.631462,5.1129703235011865,0.5184916764988134
1003,5.6488647,5.114387196358929,0.5344775036410709
1004,5.663063,5.115640828566422,0.5474221714335785
1005,5.6790466,5.1166062667158325,0.5624403332841679
1006,5.6942596,5.117475031717098,0.5767845682829016
1007,5.704094,5.11836238247902,0.5857316175209801
1008,5.7144623,5.11925002107791,0.5952122789220899
1009,5.7213745,5.120269042348647,0.6011054576513528
1010,5.7277527,5.121428115956518,0.6063245840434819
1011,5.7321243,5.122615708467152,0.6095085915328475
1012,5.735428,5.123824859961842,0.6116031400381576
1013,5.735756,5.125097129160253,0.6106588708397469
1014,5.734552,5.12643173121914,0.6081202687808602
1015,5.7326326,5.127849221016974,0.6047833789830257
1016,5.728243,5.129380935098303,0.5988620649016969
1017,5.7205944,5.1310397950530415,0.5895546049469589
1018,5.7088995,5.13280010014739,0.5760993998526098
1019,5.6923704,5.13460221602336,0.5577681839766395
1020,5.6702194,5.136418222887122,0.5338011771128777
1021,5.641658,5.1382227428136975,0.5034352571863021
1022,5.600769,5.13997331728054,0.4607956827194597
1023,5.6546707,5.141605031201101,0.513065668798899
1024,5.677841,5.143146101611675,0.5346948983883246
1025,5.7003098,5.144661120084735,0.5556486799152651
1026,5.7157516,5.1461541043689145,0.5695974956310854
1027,5.7205963,5.147651629452165,0.5729446705478356
1028,5.733757,5.149182397773216,0.5845746022267839
1029,5.74366,5.150733413161818,0.5929265868381819
1030,5.7529297,5.152303487612021,0.6006262123879793
1031,5.764534,5.1538917625067215,0.6106422374932787
1032,5.738141,5.1554951367366915,0.5826458632633083
1033,5.7108035,5.157087257323153,0.5537162426768472
1034,5.703075,5.158603916509881,0.5444710834901194
1035,5.696286,5.160013020185379,0.5362729798146209
1036,5.69038,5.16136187306821,0.5290181269317902
1037,5.6852994,5.162700882590517,0.5225985174094827
1038,5.680987,5.164033241204945,0.5169537587950552
1039,5.677386,5.165347783354239,0.5120382166457613
1040,5.6744385,5.1666918677461,0.5077466322538999
1041,5.672089,5.168088162196949,0.5040008378030505
1042,5.6702795,5.169485934836293,0.5007935651637077
1043,5.6689534,5.170826313302935,0.49812708669706574
1044,5.668053,5.172028813548969,0.49602418645103086
1045,5.667522,5.1730935962611975,0.4944284037388025
1046,5.667303,5.17408170427744,0.49322129572256035
1047,5.677658,5.175044839396127,0.5026131606038735
1048,5.68631,5.176051208106803,0.5102587918931967
1049,5.696747,5.1771130494620845,0.5196339505379157
1050,5.7087326,5.1782421493854836,0.5304904506145167
1051,5.7188873,5.179482530816102,0.5394047691838972
1052,5.7270813,5.180832685780018,0.5462486142199818
1053,5.7321396,5.182283118384007,0.5498564816159934
1054,5.734474,5.183809673386123,0.5506643266138767
1055,5.732521,5.185415068178546,0.547105931821454
1056,5.729782,5.187136229888945,0.5426457701110552
1057,5.726326,5.189015098963659,0.5373109010363413
1058,5.7254333,5.191012083879188,0.534421216120812
1059,5.723152,5.193084227623924,0.5300677723760758
1060,5.722969,5.195274034938464,0.5276949650615359
1061,5.723152,5.197503453869048,0.5256485461309515
1062,5.724922,5.199708057073405,0.5252139429265954
1063,5.727234,5.201904630887056,0.5253293691129439
1064,5.7329164,5.204114564387678,0.5288018356123221
1065,5.732898,5.206338560566949,0.5265594394330506
1066,5.734057,5.208495289803945,0.5255617101960546
1067,5.7364354,5.210506052227009,0.5259293477729914
1068,5.739986,5.212349126120601,0.5276368738793993
1069,5.7446594,5.213904948403997,0.5307544515960023
1070,5.750408,5.215257843541817,0.5351501564581831
1071,5.757184,5.216566483104644,0.540617516895356
1072,5.7649384,5.217852412097405,0.5470859879025953
1073,5.7743883,5.219172335848617,0.5552159641513832
1074,5.784027,5.220576778767707,0.5634502212322934
1075,5.794496,5.222063842709303,0.572432157290697
1076,5.805747,5.223550355859592,0.5821966441404083
1077,5.817733,5.224990338740407,0.5927426612595923
1078,5.8304033,5.226322307557289,0.6040809924427117
1079,5.8437104,5.227502594673497,0.6162078053265025
1080,5.8601837,5.228607268363553,0.6315764316364474
1081,5.865486,5.2297592059581195,0.6357267940418803
1082,5.867302,5.2309973011305235,0.636304698869476
1083,5.8667755,5.232382014568778,0.6343934854312225
1084,5.8654327,5.233958165402415,0.6314745345975856
1085,5.860962,5.235713336009713,0.6252486639902868
1086,5.8405437,5.2375716927838205,0.602972007216179
1087,5.813893,5.239431316644227,0.5744616833557732
1088,5.797987,5.241235420805968,0.5567515791940316
1089,5.7992105,5.242963043356516,0.5562474566434839
1090,5.8017015,5.244585414770764,0.5571160852292358
1091,5.8052273,5.246068206460014,0.5591590935399866
1092,5.809556,5.24737809137221,0.56217790862779
1093,5.8144555,5.248494554026515,0.5659609459734849
1094,5.8196936,5.249431173639251,0.570262426360749
1095,5.8250384,5.250169315531232,0.5748690844687685
1096,5.8302574,5.250845205715381,0.5794121942846191
1097,5.8351183,5.251533968729819,0.5835843312701812
1098,5.8393893,5.252146259747446,0.5872430402525533
1099,5.8428383,5.252631601101884,0.5902066988981165
1100,5.845233,5.252955722601904,0.5922772773980967
1101,5.846341,5.253144991415186,0.5931960085848136
1102,5.849724,5.253204067825399,0.5965199321746013
1103,5.860985,5.253148993013112,0.6078360069868882
1104,5.8726273,5.253005107207425,0.6196221927925754
1105,5.8792496,5.252827392953257,0.6264222070467422
1106,5.889702,5.252645988309014,0.6370560116909854
1107,5.897339,5.252450950173594,0.644888049826406
1108,5.8968353,5.252231569536027,0.6446037304639729
1109,5.898781,5.251960212792343,0.6468207872076563
1110,5.8933105,5.2516258567313745,0.6416846432686256
1111,5.8884506,5.251241167195628,0.6372094328043714
1112,5.878235,5.2508208078129295,0.6274141921870706
1113,5.8637466,5.25036864048536,0.61337795951464
1114,5.851921,5.24979041749479,0.6021305825052101
1115,5.8392563,5.249062988554023,0.5901933114459768
1116,5.829376,5.248225096053095,0.5811509039469049
1117,5.819969,5.247135116527962,0.5728338834720388
1118,5.817192,5.245798547208518,0.5713934527914821
1119,5.8210907,5.244359505600307,0.5767311943996933
1120,5.8217545,5.242868662885938,0.5788858371140622
1121,5.827408,5.241348513421608,0.5860594865783924
1122,5.8324356,5.239791119377049,0.5926444806229512
1123,5.8402634,5.238254026987935,0.6020093730120655
1124,5.8340607,5.236764295905873,0.5972964040941271
1125,5.825386,5.235325213821051,0.5900607861789489
1126,5.8132706,5.233939516896578,0.5793310831034217
1127,5.7991104,5.232573054053561,0.5665373459464389
1128,5.7729874,5.231183533380205,0.5418038666197953
1129,5.7294235,5.229744350708394,0.4996791492916062
1130,5.6687164,5.228239474978679,0.4404769250213212
1131,5.596924,5.226594962776515,0.37032903722348465
1132,5.5237045,5.224829737448538,0.2988747625514616
1133,5.4536896,5.222971497420214,0.23071810257978598
1134,5.410385,5.220929067488559,0.1894559325114411
1135,5.37236,5.21875141936935,0.15360858063064953
1136,5.3456497,5.216615761437915,0.12903393856208467
1137,5.329605,5.2146551829596515,0.11494981704034846
1138,5.3177567,5.212890349025721,0.10486635097427932
1139,5.3131027,5.211252305145138,0.10185039485486236
1140,5.3031693,5.209761971883934,0.09340732811606678
1141,5.287674,5.208351736395813,0.07932226360418682
1142,5.2798843,5.206816263326099,0.07306803667390138
1143,5.263237,5.204971212248922,0.05826578775107816
1144,5.2635098,5.2027916711056665,0.060718128894333034
1145,5.264642,5.200379260460514,0.06426273953948591
1146,5.2667828,5.197727990500775,0.06905480949922449
1147,5.270111,5.1949083711535815,0.07520262884641848
1148,5.274805,5.192104328680877,0.08270067131912295
1149,5.281042,5.189320557637663,0.09172144236233759
1150,5.2890015,5.186590841149348,0.10241065885065215
1151,5.298861,5.18403678157275,0.11482421842724921
1152,5.321686,5.181579541271077,0.1401064587289227
1153,5.363205,5.179149862078161,0.18405513792183914
1154,5.395523,5.1767497098907835,0.2187732901092163
1155,5.4192505,5.174355488215598,0.24489501178440243
1156,5.446274,5.171929259743974,0.2743447402560255
1157,5.471718,5.1694688715530095,0.3022491284469906
1158,5.496559,5.166956470175487,0.32960252982451355
1159,5.522011,5.164361888412562,0.3576491115874383
1160,5.546974,5.161663724421532,0.3853102755784672
1161,5.5648804,5.158910919682771,0.40596948031722846
1162,5.5775833,5.156128926887928,0.4214543731120717
1163,5.5863876,5.153261848553146,0.4331257514468545
1164,5.583267,5.150312468348065,0.4329545316519354
1165,5.574066,5.147338668735217,0.42672733126478324
1166,5.566574,5.14432296932674,0.42225103067326053
1167,5.5544357,5.141248185118984,0.4131875148810158
1168,5.543968,5.138115932663067,0.4058520673369328
1169,5.52845,5.134850057008359,0.39359994299164125
1170,5.5032196,5.131392418012733,0.3718271819872676
1171,5.4733353,5.12774736897668,0.34558793102331986
1172,5.4336243,5.124027846409419,0.3095964535905811
1173,5.396538,5.120292386342254,0.27624561365774536
1174,5.367714,5.116476610100194,0.2512373898998064
1175,5.341934,5.112639196885559,0.22929480311444106
1176,5.317894,5.108790501163537,0.20910349883646262
1177,5.2991257,5.104817513982175,0.1943081860178255
1178,5.283737,5.100636207598667,0.18310079240133348
1179,5.2666397,5.096363577187964,0.17027612281203552
1180,5.262909,5.0921997851581295,0.17070921484187007
1181,5.256096,5.088182425689587,0.16791357431041298
1182,5.2575684,5.084337292965414,0.173231107034586
1183,5.26416,5.080617688658639,0.18354231134136167
1184,5.262726,5.076980871644756,0.1857451283552436
1185,5.261162,5.073421918018864,0.18774008198113545
1186,5.258156,5.069916903259954,0.18823909674004558
1187,5.241188,5.066342166387837,0.17484583361216277
1188,5.2107925,5.062678998216081,0.1481135017839188
1189,5.1581726,5.059076523467107,0.09909607653289321
1190,5.093689,5.055518922589661,0.03817007741033951
1191,5.02092,5.051980132560526,-0.03106013256052531
1192,4.9521713,5.048542464290898,-0.09637116429089776
1193,4.888771,5.045133606186197,-0.1563626061861969
1194,4.8407593,5.041632725616965,-0.20087342561696442
1195,4.791336,5.038203265739929,-0.24686726573992868
1196,4.7638397,5.034974809685324,-0.27113510968532406
1197,4.7368164,5.031917993087637,-0.2951015930876366
1198,4.723961,5.029021403452711,-0.30506040345271135
1199,4.7222824,5.026237733290654,-0.30395533329065394
1200,4.713394,5.023630403595415,-0.3102364035954146
1201,4.7299623,5.021254975043021,-0.2912926750430209
1202,4.7425704,5.01914156277937,-0.2765711627793701
1203,4.750382,5.017240922346041,-0.2668589223460405
1204,4.756087,5.015441758954829,-0.25935475895482885
1205,4.762374,5.013794348198126,-0.25142034819812586
1206,4.771932,5.012310720899269,-0.24037872089926982
1207,4.787451,5.010979014509097,-0.22352801450909698
1208,4.814659,5.0098277541230924,-0.19516875412309265
1209,4.833931,5.008864945279481,-0.17493394527948158
1210,4.8467636,5.008086624564266,-0.16132302456426562
1211,4.8699646,5.007471655119234,-0.1375070551192339
1212,4.8923492,5.006957833183469,-0.11460863318346881
1213,4.9209366,5.006492506636714,-0.08555590663671353
1214,4.9551163,5.006099144098346,-0.05098284409834619
1215,4.9894867,5.005842818065313,-0.01635611806531312
1216,5.028351,5.005797056985813,0.022553943014187006
1217,5.0671234,5.005980310143981,0.06114308985601902
1218,5.0814333,5.006370850127513,0.07506244987248678
1219,5.0863223,5.006808892571757,0.07951340742824264
1220,5.08869,5.007363068427213,0.0813269315727867
1221,5.089665,5.008188515258071,0.0814764847419287
1222,5.090376,5.009190498067441,0.08118550193255913
1223,5.091953,5.01038322687164,0.08156977312836045
1224,5.095525,5.0117563788569655,0.08376862114303485
1225,5.10222,5.013271631705881,0.088948368294119
1226,5.14769,5.014932672858475,0.13275732714152522
1227,5.138069,5.01670749664995,0.12136150335004992
1228,5.109474,5.018594701275103,0.09087929872489653
1229,5.0903015,5.020580085798569,0.06972141420143085
1230,5.0757675,5.022703973058315,0.0530635269416857
1231,5.069603,5.024886147922562,0.04471685207743814
1232,5.067642,5.027049055249068,0.04059294475093189
1233,5.072731,5.02910224502708,0.04362875497291974
1234,5.0805435,5.031060344873225,0.049483155126774925
1235,5.096382,5.033126070829043,0.0632559291709569
1236,5.1166763,5.035245094895868,0.08143120510413215
1237,5.133713,5.0373973115874495,0.09631568841255067
1238,5.15316,5.0397020320075505,0.11345796799244923
1239,5.1579285,5.042140300850867,0.11578819914913296
1240,5.164665,5.044689954532757,0.11997504546724347
1241,5.168663,5.047243838340983,0.12141916165901634
1242,5.173958,5.049717803690122,0.12424019630987804
1243,5.1712646,5.052235937749481,0.11902866225051856
1244,5.170273,5.054806050811989,0.11546694918801048
1245,5.1696153,5.057382993766067,0.11223230623393299
1246,5.1694927,5.060025249749472,0.10946745025052795
1247,5.1691847,5.062795396017571,0.10638930398242863
1248,5.168614,5.06568061538364,0.10293338461636026
1249,5.167704,5.068643723197914,0.09906027680208584
1250,5.166378,5.071667462342845,0.09471053765715531
1251,5.164559,5.074734432521846,0.08982456747815348
1252,5.1621704,5.0778087869507464,0.08436161304925349
1253,5.1845703,5.080874631545365,0.10369566845463485
1254,5.1937637,5.083943734944144,0.10981996505585556
1255,5.195221,5.087032385144218,0.10818861485578246
1256,5.202629,5.090213037190547,0.11241596280945299
1257,5.2130966,5.093451172529065,0.11964542747093532
1258,5.225403,5.096579156453884,0.1288238435461162
1259,5.240349,5.09948625567221,0.1408627443277899
1260,5.259369,5.1021101212143725,0.15725887878562794
1261,5.2785187,5.104435070574826,0.17408362942517464
1262,5.2955246,5.1065384344320295,0.18898616556797077
1263,5.311569,5.10855060716899,0.20301839283101053
1264,5.3271637,5.110504371988701,0.21665932801129895
1265,5.3419952,5.112371697451015,0.22962350254898567
1266,5.344018,5.1141603505833935,0.2298576494166067
1267,5.339265,5.115921798376951,0.22334320162304877
1268,5.3321137,5.117693580865043,0.21442011913495662
1269,5.3235927,5.119511228285438,0.20408147171456203
1270,5.3147287,5.121384493127511,0.19334420687248866
1271,5.30655,5.123227037989205,0.183322962010795
1272,5.300084,5.1250388133570155,0.17504518664298452
1273,5.296359,5.12692864232372,0.1694303576762799
1274,5.3066406,5.128650194139849,0.17799040586015114
1275,5.2978897,5.130164914812109,0.16772478518789047
1276,5.2714157,5.131923426756005,0.13949227324399516
1277,5.245941,5.1340039611007935,0.1119370388992067
1278,5.230049,5.136181540192701,0.09386745980729927
1279,5.2236404,5.138356760920502,0.08528363907949821
1280,5.2257156,5.140489246169178,0.085226353830822
1281,5.2353745,5.142620445745919,0.09275405425408056
1282,5.250801,5.144809650762208,0.10599134923779197
1283,5.2710495,5.1470490461560425,0.12400045384395764
1284,5.292183,5.149395866390001,0.14278713360999884
1285,5.3119583,5.15172174716374,0.1602365528362597
1286,5.3301315,5.153784894929752,0.17634660507024869
1287,5.343788,5.15573737553072,0.18805062446928034
1288,5.3470078,5.15776550983768,0.18924229016232008
1289,5.3465347,5.159818677196702,0.18671602280329846
1290,5.3390555,5.161804616825005,0.17725088317499438
1291,5.319909,5.163690959710681,0.1562180402893194
1292,5.294451,5.1655344521421265,0.1289165478578731
1293,5.268067,5.167328468219042,0.1007385317809586
1294,5.246139,5.1690767962093735,0.07706220379062678
1295,5.234051,5.170796353384289,0.0632546466157109
1296,5.267273,5.172517219217928,0.09475578078207203
1297,5.291733,5.174279011123817,0.11745398887618297
1298,5.3010545,5.1760864760382725,0.12496802396172768
1299,5.309771,5.177940485313256,0.13183051468674378
1300,5.319531,5.1798663799176055,0.1396646200823941
1301,5.331235,5.181910439582126,0.14932456041787479
1302,5.345784,5.184060960885763,0.16172303911423747
1303,5.3640785,5.186254845596972,0.17782365440302783
1304,5.3870187,5.188472484267857,0.1985462157321427
1305,5.4155054,5.190730219713097,0.2247751802869029
1306,5.4576263,5.193048023426931,0.26457827657306954
1307,5.4803696,5.195400725813389,0.2849688741866112
1308,5.5001907,5.197731021093035,0.3024596789069651
1309,5.5188293,5.200014326235024,0.3188149737649759
1310,5.535919,5.202229477752554,0.33368952224744586
1311,5.5496597,5.204346655189903,0.34531304481009695
1312,5.5604477,5.206291816107615,0.3541558838923855
1313,5.5743866,5.207962380620722,0.3664242193792786
1314,5.5834274,5.209373884592094,0.37405351540790566
1315,5.5907135,5.210606321952681,0.38010717804731886
1316,5.5989,5.211654196040889,0.3872458039591118
1317,5.593605,5.212486508863407,0.38111849113659346
1318,5.592575,5.21303842659312,0.3795365734068801
1319,5.5924377,5.213275961319764,0.37916173868023595
1320,5.585457,5.213220142573912,0.3722368574260875
1321,5.5790253,5.212724503125438,0.36630079687456174
1322,5.574913,5.211550134011717,0.3633628659882824
1323,5.56929,5.20962760470178,0.3596623952982192
1324,5.561821,5.207061146982145,0.35475985301785506
1325,5.5560913,5.204034246989663,0.35205705301033685
1326,5.548324,5.20073400595259,0.34758999404740987
1327,5.5416355,5.197308080851037,0.34432741914896337
1328,5.5266376,5.193882394823161,0.33275520517683876
1329,5.5095296,5.1905207180489,0.3190088819510999
1330,5.497846,5.187248946384373,0.31059705361562706
1331,5.486941,5.184046199182273,0.302894800817727
1332,5.4768424,5.180896287918546,0.29594611208145416
1333,5.4675765,5.177804515931431,0.28977198406856886
1334,5.45917,5.174737494925668,0.2844325050743324
1335,5.451652,5.171662787559334,0.27998921244066644
1336,5.4450483,5.1685270205304095,0.2765212794695904
1337,5.439386,5.16533044964819,0.27405555035181006
1338,5.4346924,5.1620963849999315,0.2725960150000688
1339,5.4309945,5.158786014987932,0.27220848501206785
1340,5.42832,5.155378920180904,0.27294107981909654
1341,5.426695,5.151811421425723,0.2748835785742765
1342,5.4261475,5.148071163824964,0.2780763361750358
1343,5.432411,5.14422768516619,0.28818331483380977
1344,5.441162,5.140320364476401,0.3008416355235992
1345,5.4393616,5.136352966193328,0.3030086338066722
1346,5.435974,5.132305278394492,0.30366872160550784
1347,5.4269333,5.128255612089024,0.2986776879109758
1348,5.4063263,5.124195559940197,0.2821307400598032
1349,5.3703766,5.1201060127043965,0.2502705872956037
1350,5.3282547,5.1160953711801955,0.21215932881980404
1351,5.2850723,5.1122646230780475,0.17280767692195287
1352,5.2440567,5.108640779690478,0.135415920309522
1353,5.2118835,5.105197065093954,0.10668643490604612
1354,5.184082,5.101883993040348,0.0821980069596524
1355,5.1597214,5.098716164421311,0.061005235578688755
1356,5.141205,5.095800049036428,0.04540495096357233
1357,5.157387,5.09311654533344,0.06427045466656
1358,5.1092834,5.090605320803104,0.01867807919689568
1359,5.0987167,5.088254065558381,0.010462634441618768
1360,5.088417,5.08608275170489,0.0023342482951100862
1361,5.066269,5.0841660587388375,-0.0178970587388374
1362,5.0457535,5.082544956673722,-0.03679145667372197
1363,5.022835,5.0812383028462405,-0.058403302846240734
1364,5.000099,5.0803105413047405,-0.08021154130474084
1365,4.977478,5.079794401641839,-0.10231640164183897
1366,4.9617615,5.079743645166721,-0.1179821451667209
1367,4.960495,5.080102726987854,-0.11960772698785416
1368,4.968445,5.0807890448117385,-0.11234404481173854
1369,4.983536,5.08180192868674,-0.09826592868674044
1370,5.0034485,5.083111966719356,-0.07966346671935565
1371,5.0261164,5.084750731760044,-0.058634331760043956
1372,5.0379424,5.086674886767888,-0.04873248676788755
1373,5.046131,5.088796858947566,-0.042665858947565916
1374,5.052957,5.0911047166482035,-0.03814771664820338
1375,5.060696,5.093581676367365,-0.03288567636736506
1376,5.0716224,5.096296132807699,-0.02467373280769891
1377,5.0880113,5.099313097724673,-0.011301797724673435
1378,5.112138,5.102596870946995,0.009541129053005193
1379,5.1846237,5.106140526092856,0.0784831739071441
1380,5.240921,5.109944700816552,0.13097629918344822
1381,5.2768326,5.113996783548575,0.16283581645142498
1382,5.312401,5.118260229900396,0.1941407700996045
1383,5.330101,5.122740230727079,0.20736076927292135
1384,5.3510666,5.1273880222311,0.22367857776889988
1385,5.370682,5.132227694298028,0.23845430570197212
1386,5.3911743,5.137352038327986,0.25382226167201427
1387,5.4091034,5.142695718940216,0.26640768105978463
1388,5.4233627,5.1482435262301625,0.27511917376983774
1389,5.4353485,5.153990164437312,0.28135833556268786
1390,5.4463043,5.159902031112721,0.2864022688872794
1391,5.448517,5.166033092156925,0.28248390784307453
1392,5.447998,5.172407815074669,0.27559018492533127
1393,5.4560547,5.178967907859924,0.2770867921400759
1394,5.450226,5.185687313911562,0.26453868608843756
1395,5.450226,5.19233962030424,0.2578863796957602
1396,5.4496384,5.198347789046167,0.2512906109538333
1397,5.4431763,5.2039369332691745,0.2392393667308257
1398,5.431633,5.20959249036814,0.22204050963186006
1399,5.4205933,5.215112305383559,0.20548099461644131
1400,5.404129,5.2204656899570105,0.18366331004298964
1401,5.376602,5.225758763842137,0.1508432361578631
1402,5.3454056,5.230995455286859,0.11441014471314137
1403,5.3182297,5.236179053763229,0.0820506462367705
1404,5.287224,5.241304356498028,0.045919643501972196
1405,5.2651367,5.24636670223203,0.01876999776797028
1406,5.245308,5.251352862764126,-0.00604486276412608
1407,5.230522,5.2562553137801595,-0.02573331378015986
1408,5.225456,5.2610858816410015,-0.035629881641001226
1409,5.2237015,5.265827782368785,-0.042126282368784906
1410,5.2224045,5.270479784410628,-0.04807528441062825
1411,5.227684,5.274955375946675,-0.047271375946674965
1412,5.234932,5.279237317237817,-0.044305317237816944
1413,5.24617,5.283394583152512,-0.0372245831525122
1414,5.2603226,5.28741508140422,-0.02709248140421927
1415,5.272621,5.291292679477516,-0.018671679477516356
1416,5.2837753,5.295001831248882,-0.011226531248881955
1417,5.292427,5.298501104938136,-0.0060741049381363155
1418,5.3005524,5.301764042018654,-0.001211642018653869
1419,5.3082514,5.304732658937624,0.0035187410623755966
1420,5.313897,5.30738640656138,0.006510593438619594
1421,5.3174214,5.309726117111886,0.00769528288811383
1422,5.3200035,5.31178949773334,0.008214002266660358
1423,5.3228216,5.313669465121699,0.0091521348783008
1424,5.3270545,5.315433148089995,0.011621351910005018
1425,5.3338804,5.317061680098073,0.01681871990192718
1426,5.344479,5.3183792697873695,0.026099730212630234
1427,5.3908386,5.319249915011444,0.07158868498855675
1428,5.43174,5.319648505508301,0.11209149449169864
1429,5.4514923,5.319686050508861,0.13180624949113895
1430,5.4605713,5.319495533444076,0.14107576655592347
1431,5.4823303,5.319062539164687,0.16326776083531325
1432,5.492401,5.3185148841493595,0.17388611585064062
1433,5.5050507,5.3180648368104375,0.18698586318956245
1434,5.5166397,5.317660054294894,0.19897964570510585
1435,5.533272,5.3172704819078564,0.21600151809214374
1436,5.5344467,5.31690532671266,0.21754137328734036
1437,5.540077,5.316549653818483,0.22352734618151704
1438,5.5418625,5.316193207523946,0.22566929247605394
1439,5.5432434,5.315772906454717,0.22747049354528315
1440,5.5414505,5.315246654701245,0.22620384529875448
1441,5.541748,5.314440661341948,0.22730733865805242
1442,5.5439377,5.3133100555258785,0.23062764447412132
1443,5.5404243,5.311904021896876,0.22852027810312414
1444,5.533412,5.310192168284625,0.22321983171537507
1445,5.534586,5.308166389966854,0.2264196100331457
1446,5.5369506,5.305809663472895,0.23114093652710466
1447,5.540408,5.30314591857679,0.23726208142320981
1448,5.5448604,5.300228557763919,0.24463184223608092
1449,5.5502086,5.297161147443605,0.2530474525563955
1450,5.5563545,5.294025472899389,0.2623290271006109
1451,5.5631995,5.290868130549298,0.27233136945070147
1452,5.5706463,5.287733556989364,0.28291274301063574
1453,5.5785956,5.2845760905886765,0.2940195094113234
1454,5.5869503,5.28138479873852,0.30556550126147997
1455,5.5956106,5.27821065981761,0.3173999401823897
1456,5.604479,5.275102280788083,0.32937671921191747
1457,5.6134567,5.2720966774387374,0.34136002256126297
1458,5.6271133,5.269172988149669,0.3579403118503315
1459,5.644188,5.266280994091908,0.37790700590809134
1460,5.6621933,5.263277058730916,0.39891624126908454
1461,5.6782684,5.2599855182527655,0.4182828817472348
1462,5.687683,5.256323049063616,0.43135995093638346
1463,5.7026215,5.252327891901394,0.4502936080986064
1464,5.6834717,5.248130642553218,0.43534105744678175
1465,5.646492,5.2438789559221535,0.4026130440778468
1466,5.5751114,5.239712500296336,0.3353988997036641
1467,5.500572,5.235702405664054,0.2648695943359458
1468,5.4303894,5.231915046434079,0.19847435356592147
1469,5.3633347,5.22838695664294,0.13494774335705984
1470,5.300087,5.225077063871284,0.07500993612871643
1471,5.2462845,5.22175680723704,0.024527692762959852
1472,5.2032776,5.218154680596019,-0.014877080596018999
1473,5.175377,5.2143330820713665,-0.03895608207136636
1474,5.157486,5.210406304819424,-0.052920304819424224
1475,5.146492,5.206404240487853,-0.059912240487852486
1476,5.142227,5.202439996462615,-0.060212996462614576
1477,5.139168,5.198620226152378,-0.059452226152377996
1478,5.138932,5.19502612149123,-0.056094121491230275
1479,5.139037,5.191717032123017,-0.05268003212301675
1480,5.139465,5.188711327679417,-0.04924632767941617
1481,5.14043,5.185998716499164,-0.045568716499163386
1482,5.1421475,5.183510101462354,-0.04136260146235404
1483,5.1448326,5.1811199515602855,-0.03628735156028551
1484,5.1486998,5.178705587085512,-0.030005787085511493
1485,5.2072296,5.17614069998552,0.031088900014479393
1486,5.244484,5.173195534371549,0.07128846562845048
1487,5.260063,5.16967461977502,0.09038838022497941
1488,5.2746353,5.165544783799691,0.1090905162003093
1489,5.290329,5.160836721365379,0.1294922786346211
1490,5.3040314,5.155633127457232,0.14839827254276816
1491,5.3173065,5.150003071570436,0.16730342842956425
1492,5.330765,5.1443523082486955,0.18641269175130493
1493,5.342041,5.138842544919573,0.2031984550804271
1494,5.3507004,5.13328548629865,0.2174149137013499
1495,5.3564377,5.1278331285656575,0.22860457143434232
1496,5.3584824,5.122697302896824,0.23578509710317608
1497,5.352165,5.118023450593841,0.23414154940615894
1498,5.3319473,5.113867652676584,0.21807964732341656
1499,5.3102493,5.110165078665693,0.2000842213343068
1500,5.292267,5.10679032768703,0.18547667231297016
1501,5.2784195,5.10346937112022,0.17495012887977968
1502,5.2669907,5.099775237565896,0.167215462434104
1503,5.253174,5.095437264560581,0.15773673543941857
1504,5.2350006,5.090329351622469,0.14467124837753165
1505,5.2179794,5.084537634943832,0.13344176505616812
1506,5.2048874,5.078379655087155,0.12650774491284444
1507,5.191986,5.072237157119148,0.11974884288085175
1508,5.184868,5.0665488745969895,0.11831912540301026
1509,5.185974,5.061564869389772,0.12440913061022751
1510,5.192337,5.057363725460939,0.13497327453906127
1511,5.20063,5.053982547235249,0.14664745276475166
1512,5.2149734,5.051350774608235,0.1636226253917652
1513,5.230774,5.049384704491193,0.181389295508807
1514,5.2441254,5.047991155894791,0.19613424410520874
1515,5.2574615,5.047050209311057,0.21041129068894282
1516,5.2682266,5.046456160916709,0.22177043908329086
1517,5.2779007,5.046064214126278,0.23183648587372208
1518,5.2936172,5.045622591196082,0.24799460880391777
1519,5.305481,5.044965920219278,0.2605150797807223
1520,5.3239136,5.04408206090276,0.27983153909724034
1521,5.341202,5.04298152494049,0.29822047505950966
1522,5.3592453,5.041660642837824,0.3175846571621763
1523,5.378351,5.04013645748878,0.33821454251122063
1524,5.394915,5.038466630932402,0.35644836906759814
1525,5.4079094,5.036687958357361,0.37122144164263915
1526,5.418401,5.034814979819611,0.3835860201803891
1527,5.427456,5.032892225292871,0.39456377470712933
1528,5.436142,5.03095581152624,0.40518618847376064
1529,5.445525,5.028993245980808,0.41653175401919196
1530,5.4566727,5.026975249363396,0.42969745063660447
1531,5.462166,5.024886152620913,0.4372798473790871
1532,5.4634247,5.022718293458224,0.44070640654177584
1533,5.4632397,5.020477596622627,0.44276210337737254
1534,5.4517293,5.018638179113336,0.43309112088666435
1535,5.436173,5.01721378238262,0.4189592176173802
1536,5.4171867,5.015694276367251,0.4014924236327495
1537,5.3953857,5.014032583704478,0.3813531162955224
1538,5.371386,5.012206000521569,0.3591799994784308
1539,5.345804,5.010143873224165,0.335660126775835
1540,5.3192544,5.00782924381594,0.3114251561840602
1541,5.2923536,5.005270340889073,0.28708325911092736
1542,5.264183,5.002517487042746,0.26166551295725426
1543,5.228546,4.99968883346918,0.2288571665308199
1544,5.200447,4.9968868800294635,0.20356011997053614
1545,5.1823883,4.993590669465864,0.18879763053413612
1546,5.175606,4.989814504030436,0.18579149596956412
1547,5.1762238,4.9861423540129595,0.19008144598704035
1548,5.184967,4.982564990407428,0.20240200959257226
1549,5.194519,4.979049221264396,0.2154697787356037
1550,5.204216,4.975608238854006,0.22860776114599357
1551,5.2119904,4.972269477563656,0.23972092243634435
1552,5.2053757,4.969009556390443,0.23636614360955743
1553,5.1819763,4.965812540796749,0.21616375920325037
1554,5.136261,4.96270721802184,0.17355378197816052
1555,5.0854797,4.959755010492855,0.12572468950714466
1556,5.03743,4.95700201263783,0.08042798736217005
1557,4.999031,4.954637402673395,0.04439359732660453
1558,4.9656143,4.952748730530222,0.01286556946977857
1559,4.935066,4.951250801660834,-0.016184801660833692
1560,4.908493,4.95023397438149,-0.04174097438149005
1561,4.887497,4.949915532113661,-0.06241853211366166
1562,4.877968,4.950447114518647,-0.07247911451864653
1563,4.8831153,4.951651435582706,-0.06853613558270588
1564,4.8972683,4.953202307506548,-0.05593400750654798
1565,4.9184914,4.954801626679329,-0.03631022667932893
1566,4.944851,4.956205690365397,-0.011354690365396714
1567,4.974411,4.957369775920744,0.017041224079256345
1568,5.0052366,4.958331114101169,0.046905485898831145
1569,5.035394,4.959123079289997,0.07627092071000341
1570,5.0669556,4.959805303979918,0.10715029602008208
1571,5.0956955,4.960399890846265,0.13529560915373473
1572,5.119629,4.961051324569965,0.15857767543003476
1573,5.1443253,4.961893898424566,0.18243140157543447
1574,5.1664352,4.9628368828885305,0.20359831711146903
1575,5.188904,4.963551061469447,0.22535293853055283
1576,5.208008,4.963573202537453,0.2444347974625476
1577,5.225876,4.962704521678635,0.26317147832136545
1578,5.236809,4.961366644243991,0.2754423557560086
1579,5.241234,4.960151055283785,0.2810829447162151
1580,5.2376328,4.959166626267815,0.27846617373218496
1581,5.229515,4.958324382046692,0.2711906179533079
1582,5.2192535,4.957652914277917,0.2616005857220829
1583,5.2144165,4.957224340912901,0.2571921590870989
1584,5.2119827,4.957073242921847,0.2549094570781527
1585,5.206238,4.957220227309907,0.24901777269009262
1586,5.2048416,4.9577064122547885,0.24713518774521148
1587,5.2029953,4.958582126043159,0.2444131739568416
1588,5.1982727,4.959848362004377,0.23842433799562368
1589,5.185379,4.9614569850232355,0.22392201497676467
1590,5.1656265,4.963380326805425,0.20224617319457483
1591,5.140175,4.965590803834222,0.17458419616577814
1592,5.129347,4.9680967211417295,0.1612502788582706
1593,5.129616,4.970890163625723,0.15872583637427784
1594,5.130259,4.973930129654118,0.15632887034588183
1595,5.1313868,4.977208252627962,0.1541785473720374
1596,5.1331086,4.980723631722559,0.15238496827744097
1597,5.135534,4.984544675928493,0.15098932407150656
1598,5.138773,4.988642532446003,0.15013046755399628
1599,5.153946,4.992944980960398,0.1610010190396025
1600,5.183571,4.997440381425523,0.18613061857447644
1601,5.210541,5.002095636943638,0.20844536305636208
1602,5.2384415,5.006919331970046,0.2315221680299544
1603,5.2649536,5.011895474910839,0.2530581250891615
1604,5.2865524,5.01696722053093,0.26958517946907
1605,5.303383,5.022072292580994,0.28131070741900643
1606,5.311638,5.027207765168469,0.2844302348315315
1607,5.3138123,5.032337087015733,0.28147521298426703
1608,5.317238,5.037400866829533,0.2798371331704663
1609,5.298332,5.04223745265151,0.25609454734849013
1610,5.281784,5.0469404455706455,0.23484355442935456
1611,5.2647247,5.051776511588707,0.2129481884112936
1612,5.2502136,5.056851909216485,0.19336169078351517
1613,5.2431335,5.062107720774573,0.18102577922542729
1614,5.243149,5.067406715701381,0.17574228429861893
1615,5.250778,5.072764576294482,0.17801342370551865
1616,5.268112,5.078119315506746,0.18999268449325424
1617,5.279976,5.083485177539824,0.19649082246017535
1618,5.3014145,5.088862857286167,0.21255164271383276
1619,5.323761,5.094196173323318,0.22956482667668254
1620,5.3447876,5.099416734528419,0.24537086547158093
1621,5.367012,5.104489477581559,0.26252252241844065
1622,5.388153,5.109420189236326,0.27873281076367373
1623,5.408928,5.11422859109572,0.2946994089042807
1624,5.4284744,5.118874559198572,0.309599840801428
1625,5.4458237,5.123359180228836,0.32246451977116397
1626,5.460617,5.127764944715799,0.33285205528420114
1627,5.4729004,5.132005429430651,0.3408949705693489
1628,5.4866867,5.1360535110381225,0.35063318896187745
1629,5.4972687,5.1399410819498375,0.3573276180501628
1630,5.506439,5.143616091895507,0.36282290810449336
1631,5.515724,5.147070188793368,0.36865381120663177
1632,5.5213547,5.150350828474419,0.37100387152558056
1633,5.5193176,5.153393505185722,0.3659240948142779
1634,5.516617,5.156186529569149,0.36043047043085075
1635,5.50523,5.158795327763405,0.34643467223659474
1636,5.4938145,5.161216943443116,0.33259755655688394
1637,5.482871,5.1633888909136125,0.31948210908638774
1638,5.4728994,5.165277690537339,0.3076217094626612
1639,5.4644003,5.166944994336042,0.2974553056639584
1640,5.4578733,5.168403533296282,0.2894697667037178
1641,5.453819,5.169573881171693,0.2842451188283075
1642,5.452408,5.1704491955468,0.28195880445320043
1643,5.44487,5.171052357223427,0.2738176427765726
1644,5.429802,5.171388923404754,0.2584130765952457
1645,5.418083,5.171452722085007,0.24663027791499292
1646,5.412056,5.171249199017489,0.24080680098251062
1647,5.4118347,5.170753353193208,0.2410813468067916
1648,5.411377,5.169844241331284,0.2415327586687157
1649,5.4170685,5.1685441927727,0.24852430722730023
1650,5.4254303,5.166908423121713,0.2585218768782873
1651,5.438446,5.165090898048589,0.27335510195141133
1652,5.453163,5.1632985068738595,0.2898644931261405
1653,5.4654465,5.161550277748266,0.3038962222517334
1654,5.4781647,5.159766394844795,0.3183983051552044
1655,5.488014,5.15797797334244,0.3300360266575595
1656,5.496956,5.156260606156374,0.34069539384362635
1657,5.5027313,5.154592201390236,0.34813909860976366
1658,5.504631,5.152943484109162,0.3516875158908377
1659,5.502838,5.151288731711741,0.3515492682882586
1660,5.494438,5.14961741749503,0.34482058250496994
1661,5.4717865,5.147914721198505,0.32387177880149576
1662,5.447983,5.146149836672021,0.30183316332797894
1663,5.419113,5.144271959777864,0.2748410402221362
1664,5.3904037,5.142263016471514,0.2481406835284865
1665,5.3601074,5.140143068393317,0.2199643316066835
1666,5.3429923,5.137888023900549,0.20510427609945037
1667,5.343924,5.13548799703775,0.20843600296225073
1668,5.346565,5.132947432910857,0.21361756708914292
1669,5.3510723,5.130295244846015,0.22077705515398538
1670,5.3576035,5.127585877208555,0.23001762279144433
1671,5.3663144,5.124851155621751,0.24146324437824962
1672,5.3773623,5.122117055709366,0.25524524429063344
1673,5.3909035,5.1193788865662055,0.27152461343379475
1674,5.412163,5.11665891297575,0.29550408702424935
1675,5.4325714,5.113977386668912,0.3185940133310874
1676,5.453354,5.111310918486549,0.3420430815134514
1677,5.4737167,5.1086417497388865,0.36507495026111325
1678,5.4913864,5.105992529305568,0.38539387069443176
1679,5.505234,5.103349246746577,0.4018847532534231
1680,5.51989,5.100689921681376,0.4192000783186245
1681,5.5266113,5.098076180258929,0.4285351197410705
1682,5.541809,5.095527423463869,0.44628157653613076
1683,5.528534,5.09302757284201,0.43550642715799004
1684,5.511009,5.090367184554639,0.42064181544536083
1685,5.488205,5.087812622403896,0.4003923775961038
1686,5.4629974,5.08561312743749,0.3773842725625096
1687,5.4383163,5.083516636865278,0.3547996631347221
1688,5.4154663,5.081591146061189,0.33387515393881095
1689,5.394356,5.079843677738406,0.314512322261594
1690,5.370636,5.078200426701124,0.29243557329887615
1691,5.3467636,5.076698792584989,0.27006480741501093
1692,5.325095,5.0752885757702115,0.2498064242297886
1693,5.303176,5.073874153941319,0.22930184605868043
1694,5.2820187,5.072466741720847,0.20955195827915318
1695,5.2626386,5.071105259866065,0.19153334013393497
1696,5.2460504,5.06983912352544,0.17621127647456003
1697,5.233268,5.068710506050017,0.16455749394998254
1698,5.225305,5.067742524966696,0.15756247503330378
1699,5.2330093,5.066904715353672,0.1661045846463276
1700,5.257225,5.066145363469302,0.1910796365306977
1701,5.264923,5.065458770347386,0.19946422965261323
1702,5.269264,5.064849713938776,0.20441428606122347
1703,5.276764,5.064321724570331,0.21244227542966865
1704,5.285919,5.0638705361238046,0.22204846387619526
1705,5.2982254,5.063499866763639,0.23472553323636092
1706,5.306778,5.063203579248321,0.24357442075167945
1707,5.314392,5.062986021688487,0.2514059783115128
1708,5.316513,5.062837834567366,0.25367516543263324
1709,5.3107834,5.0626824970607585,0.24810090293924159
1710,5.2972107,5.062435417456326,0.23477528254367375
1711,5.2783737,5.062045079827651,0.21632862017234977
1712,5.256874,5.061496834818304,0.19537716518169557
1713,5.2390137,5.060826058417466,0.17818764158253408
1714,5.2213593,5.060102919603495,0.16125638039650436
1715,5.208641,5.059377919279296,0.14926308072070427
1716,5.198723,5.0586814439422945,0.14004155605770574
1717,5.193077,5.058045337017522,0.13503166298247749
1718,5.1899414,5.057527653150132,0.13241374684986873
1719,5.19133,5.057179594203055,0.13415040579694448
1720,5.1947403,5.057309901554071,0.13743039844592975
1721,5.20208,5.057740007243449,0.1443399927565503
1722,5.210434,5.05793857027826,0.15249542972174002
1723,5.2173767,5.057903548279151,0.15947315172084942
1724,5.2262726,5.057714516989492,0.1685580830105078
1725,5.234413,5.057435421895612,0.1769775781043883
1726,5.246208,5.057172613267197,0.18903538673280362
1727,5.258728,5.057047365792583,0.2016806342074169
1728,5.2714005,5.0571362259555706,0.21426427404442983
1729,5.288849,5.057478305473547,0.2313706945264533
1730,5.3045273,5.058053973583076,0.24647332641692454
1731,5.3178787,5.058820618030181,0.25905808196981894
1732,5.33313,5.059760553230645,0.2733694467693546
1733,5.3471985,5.060863839912668,0.28633466008733244
1734,5.3612137,5.062076784357857,0.2991369156421433
1735,5.3764343,5.063319294094844,0.3131150059051553
1736,5.3812256,5.064539765754059,0.31668583424594043
1737,5.389694,5.065715181749511,0.323978818250489
1738,5.3880997,5.06679215570501,0.32130754429498953
1739,5.382622,5.067762355147516,0.31485964485248363
1740,5.37236,5.068651833625903,0.30370816637409614
1741,5.362564,5.069433246103404,0.2931307538965955
1742,5.3516846,5.070089025502238,0.2815955744977616
1743,5.3424454,5.070614073950525,0.27183132604947513
1744,5.339401,5.070983557149618,0.2684174428503816
1745,5.3395915,5.071238880314592,0.268352619685408
1746,5.340113,5.071429691752493,0.26868330824750686
1747,5.341126,5.071559248890555,0.26956675110944506
1748,5.34279,5.071630497220855,0.27115950277914536
1749,5.3452654,5.071611408942618,0.2736539910573814
1750,5.3487115,5.0714551285914835,0.2772563714085168
1751,5.353289,5.071376574234976,0.2819124257650243
1752,5.3787994,5.071201034316002,0.30759836568399823
1753,5.40506,5.070672300794457,0.3343876992055428
1754,5.419281,5.0700607618055376,0.34922023819446224
1755,5.4284134,5.069485521945489,0.3589278780545113
1756,5.4382553,5.068959474255215,0.3692958257447847
1757,5.454788,5.0684763661057035,0.38631163389429624
1758,5.467697,5.068043926711152,0.3996530732888486
1759,5.478691,5.067680274144044,0.41101072585595677
1760,5.491768,5.067398551903409,0.4243694480965914
1761,5.503189,5.06723360080438,0.43595539919561954
1762,5.5146103,5.067223300710229,0.44738699928977077
1763,5.5160294,5.067382802109237,0.4486465978907628
1764,5.50943,5.067724349943839,0.4417056500561607
1765,5.49131,5.068257649958071,0.423052350041929
1766,5.46933,5.068955000737888,0.4003749992621124
1767,5.4427795,5.069811723747019,0.37296777625298105
1768,5.4127874,5.070859203145753,0.3419281968542469
1769,5.3664885,5.072089422598902,0.2943990774010983
1770,5.309764,5.0734501523339475,0.2363138476660529
1771,5.2478185,5.074803617903408,0.17301488209659244
1772,5.185858,5.07601441396652,0.10984358603347921
1773,5.129083,5.077084894645365,0.05199810535463456
1774,5.0827007,5.078078034838722,0.004622665161278405
1775,5.0519147,5.079054412781,-0.02713971278099958
1776,5.0466843,5.0801031353642045,-0.033418835364204647
1777,5.1217957,5.081318352761877,0.040477347238122796
1778,5.1089096,5.0827669790581895,0.02614262094181008
1779,5.0816956,5.084463049478026,-0.002767449478025874
1780,5.066231,5.086384452233093,-0.020153452233093283
1781,5.0614014,5.088507441838278,-0.027106041838277584
1782,5.064125,5.090772662262101,-0.026647662262100802
1783,5.0774155,5.093112200150143,-0.01569670015014335
1784,5.0894775,5.095452706077548,-0.005975206077548201
1785,5.101906,5.097758362185312,0.0041476378146878545
1786,5.1129913,5.100052061104768,0.012939238895231853
1787,5.122017,5.102368887590688,0.019648112409311302
1788,5.12796,5.1047381481927045,0.023221851807295302
1789,5.1337433,5.107164131646472,0.02657916835352747
1790,5.13517,5.109678840003425,0.025491159996574808
1791,5.131981,5.11223861238269,0.01974238761730973
1792,5.127495,5.114779480201473,0.01271551979852692
1793,5.1289825,5.11731644235643,0.011666057643569872
1794,5.123871,5.119804810033944,0.004066189966056122
1795,5.1211243,5.122160064674806,-0.001035764674806039
1796,5.1177063,5.124301799168095,-0.006595499168095209
1797,5.1148605,5.126256655750236,-0.011396155750236225
1798,5.1084747,5.128121135751116,-0.01964643575111591
1799,5.105278,5.129940213166117,-0.024662213166116942
1800,5.1043015,5.131728603096217,-0.02742710309621721
1801,5.108612,5.133542720484125,-0.024930720484125146
1802,5.1154633,5.135422407137174,-0.01995910713717386
1803,5.127014,5.137386251624502,-0.01037225162450195
1804,5.1454926,5.139418056649123,0.006074543350877093
1805,5.1668854,5.141500970062796,0.02538442993720391
1806,5.191124,5.143582666465522,0.04754133353447809
1807,5.228073,5.145541331586967,0.08253166841303283
1808,5.244789,5.1473497359673335,0.09743926403266645
1809,5.265976,5.149017312639517,0.11695868736048354
1810,5.286812,5.150572473522674,0.1362395264773264
1811,5.3052444,5.152077795209044,0.15316660479095656
1812,5.3202972,5.153575011288375,0.16672218871162503
1813,5.3348465,5.155073939764256,0.17977256023574384
1814,5.348358,5.15659787532225,0.19176012467775028
1815,5.3574677,5.158125962550242,0.1993417374497577
1816,5.3630753,5.159603530960297,0.20347176903970343
1817,5.366577,5.161014703424256,0.20556229657574399
1818,5.365393,5.162368708233609,0.2030242917663907
1819,5.3598585,5.163657961112541,0.19620053888745836
1820,5.350876,5.164842445369174,0.18603355463082671
1821,5.3400993,5.165906714093806,0.17419258590619435
1822,5.3291855,5.166842457070683,0.16234304292931778
1823,5.3197885,5.1676518639694,0.15213663603059935
1824,5.3135643,5.16827185880722,0.1452924411927805
1825,5.351555,5.168665534768084,0.1828894652319164
1826,5.4237747,5.168882225834403,0.25489247416559735
1827,5.4438477,5.168934230488826,0.2749134695111737
1828,5.45829,5.168846841570501,0.2894431584294992
1829,5.4759827,5.168654320901014,0.307328379098986
1830,5.490761,5.168356374703772,0.3224046252962278
1831,5.504364,5.168118062832059,0.3362459371679405
1832,5.5143127,5.167938194421451,0.34637450557854876
1833,5.5237274,5.167630857477193,0.3560965425228071
1834,5.5298233,5.1672028128066545,0.36262048719334583
1835,5.5333023,5.166687827485944,0.36661447251405566
1836,5.533066,5.166094817137131,0.3669711828628692
1837,5.535164,5.1654163680975005,0.3697476319024995
1838,5.5342484,5.1646613661114005,0.3695870338885996
1839,5.5337143,5.16383665462474,0.3698776453752597
1840,5.52964,5.162954016252639,0.3666859837473604
1841,5.5277786,5.161992582368481,0.3657860176315193
1842,5.5292435,5.160923967182678,0.36831953281732144
1843,5.5283203,5.159747284901474,0.3685730150985256
1844,5.5296783,5.158464291858593,0.3712140081414068
1845,5.530266,5.157363322646707,0.3729026773532933
1846,5.5341873,5.15637803933446,0.3778092606655399
1847,5.536209,5.1551647412368276,0.3810442587631728
1848,5.538925,5.1537377810584175,0.38518721894158237
1849,5.53743,5.152039245410095,0.38539075458990446
1850,5.53714,5.15006778497128,0.38707221502872
1851,5.532112,5.14792880712342,0.38418319287657976
1852,5.52861,5.145676079252509,0.3829339207474902
1853,5.5235443,5.143342650022349,0.3802016499776508
1854,5.508655,5.140890151400774,0.36776484859922576
1855,5.4781494,5.138341247894644,0.3398081521053564
1856,5.4396086,5.135798033788247,0.3038105662117525
1857,5.3967614,5.1332723030758975,0.2634890969241024
1858,5.353341,5.1307393339380996,0.2226016660619008
1859,5.3130774,5.128121331355816,0.18495606864418423
1860,5.279699,5.125411630263558,0.15428736973644153
1861,5.256936,5.122643269480438,0.1342927305195616
1862,5.24852,5.119818779525163,0.128701220474837
1863,5.325218,5.117015922853785,0.20820207714621475
1864,5.3546295,5.114249942048467,0.24037955795153287
1865,5.358139,5.111454087082591,0.24668491291740935
1866,5.364044,5.108600955461135,0.2554430445388647
1867,5.369972,5.105683059527692,0.26428894047230767
1868,5.3825455,5.1027239214452225,0.2798215785547775
1869,5.398056,5.100004635989735,0.29805136401026555
1870,5.4161377,5.097516618134332,0.3186210818656683
1871,5.4355927,5.095016155513347,0.34057654448665264
1872,5.4522934,5.0924925503881795,0.3598008496118208
1873,5.4662323,5.089894209430374,0.3763380905696261
1874,5.4767,5.087218217989892,0.3894817820101082
1875,5.482834,5.084513609852574,0.3983203901474264
1876,5.483246,5.08178305765646,0.4014629423435405
1877,5.4805374,5.0790183532833115,0.4015190467166887
1878,5.4793015,5.076235162667786,0.40306633733221364
1879,5.477104,5.073500122208092,0.403603877791908
1880,5.478096,5.070823714576151,0.40727228542384886
1881,5.4767075,5.0681661475779824,0.4085413524220174
1882,5.4762115,5.065569947535124,0.41064155246487566
1883,5.476433,5.063059875459856,0.4133731245401444
1884,5.472679,5.060649026987567,0.4120299730124337
1885,5.471443,5.058325064928977,0.413117935071023
1886,5.469635,5.056059163046454,0.41357583695354627
1887,5.4682465,5.053850378662926,0.4143961213370746
1888,5.4652863,5.051750388121689,0.41353591187831107
1889,5.4667435,5.04972211825985,0.4170213817401498
1890,5.4676666,5.047652323921051,0.42001427607894914
1891,5.4697266,5.045523227688097,0.4242033723119034
1892,5.4742813,5.0433738375365875,0.4309074624634128
1893,5.475253,5.041256391367908,0.4339966086320928
1894,5.47805,5.039308295530758,0.43874170446924143
1895,5.482873,5.037536384625644,0.4453366153743561
1896,5.4895277,5.035850706643528,0.4536769933564724
1897,5.497821,5.034271627187327,0.4635493728126727
1898,5.507559,5.032795073044565,0.47476392695543446
1899,5.518547,5.0314326343910585,0.4871143656089414
1900,5.530592,5.0302157302728014,0.500376269727199
1901,5.5435004,5.029088417005101,0.5144119829948988
1902,5.5570774,5.0279969637812965,0.5290804362187034
1903,5.5711327,5.026999713114294,0.5441329868857059
1904,5.5854673,5.02616904986977,0.5592982501302304
1905,5.599889,5.025529894655092,0.5743591053449082
1906,5.614205,5.025053390934134,0.5891516090658664
1907,5.6201477,5.024676267771593,0.5954714322284076
1908,5.623871,5.024326363166381,0.5995446368336195
1909,5.6259766,5.023994991891178,0.6019816081088223
1910,5.62899,5.0237326806659235,0.6052573193340764
1911,5.6256638,5.023580974830739,0.6020828251692611
1912,5.6262207,5.023555345769426,0.6026653542305738
1913,5.6214294,5.023665380993729,0.597764019006271
1914,5.613243,5.023876059708162,0.5893669402918373
1915,5.6042023,5.024182251131751,0.5800200488682492
1916,5.5900345,5.024613390302622,0.565421109697378
1917,5.5766525,5.025097964185474,0.5515545358145255
1918,5.5601883,5.025581894086491,0.5346064059135092
1919,5.542877,5.025867993403418,0.5170090065965818
1920,5.5264893,5.026086838259652,0.5004024617403475
1921,5.5060196,5.026559414394049,0.4794601856059515
1922,5.4891205,5.027368261387426,0.46175223861257386
1923,5.4699554,5.028578245748387,0.4413771542516125
1924,5.4543,5.030102994662215,0.4241970053377848
1925,5.442116,5.031900190995875,0.410215809004125
1926,5.4313507,5.033909962325626,0.3974407376743745
1927,5.4224014,5.036047744565253,0.3863536554347471
1928,5.4143677,5.038316685156556,0.3760510148434433
1929,5.4057236,5.040728923312135,0.3649946766878651
1930,5.398552,5.043243369941527,0.3553086300584729
1931,5.3906403,5.045803226151917,0.34483707384808326
1932,5.3833923,5.048419807819094,0.3349724921809054
1933,5.3777924,5.0511187507608275,0.3266736492391722
1934,5.3768387,5.053916350650833,0.3229223493491675
1935,5.3809814,5.05681800464227,0.3241633953577292
1936,5.3870087,5.0598272588104365,0.3271814411895635
1937,5.399994,5.062946395802594,0.337047604197406
1938,5.4094315,5.066144692975673,0.34328680702432735
1939,5.420578,5.069411227196963,0.35116677280303676
1940,5.429558,5.072758924375595,0.35679907562440505
1941,5.43293,5.076178116341819,0.35675188365818045
1942,5.4302597,5.079642998614566,0.35061670138543377
1943,5.4264145,5.083138990308078,0.3432755096919218
1944,5.4201355,5.086639278106138,0.33349622189386174
1945,5.4182053,5.090129543190287,0.3280757568097137
1946,5.4187164,5.0936569387243305,0.32505946127566965
1947,5.4235,5.097259688919354,0.326240311080646
1948,5.4301147,5.10089612602255,0.3292185739774496
1949,5.4408264,5.104493997266172,0.33633240273382814
1950,5.45047,5.1080153648041104,0.3424546351958897
1951,5.4602814,5.111472227125012,0.34880917287498825
1952,5.469681,5.114927002165208,0.35475399783479133
1953,5.4739075,5.118419263222684,0.3554882367773162
1954,5.472267,5.121974012531491,0.35029298746850923
1955,5.4706497,5.125609539994989,0.34504016000501103
1956,5.4705505,5.129327659488855,0.34122284051114526
1957,5.4738007,5.13314976990121,0.3406509300987901
1958,5.4800415,5.137068253628204,0.3429732463717956
1959,5.4821014,5.141058774722069,0.3410426252779315
1960,5.4907227,5.145098349446445,0.345624350553555
1961,5.499527,5.14917259483419,0.3503544051658096
1962,5.506195,5.1532710672546065,0.35292393274539346
1963,5.5099564,5.1572671422838114,0.35268925771618864
1964,5.517395,5.161197706841711,0.35619729315828863
1965,5.514534,5.165198591218932,0.3493354087810685
1966,5.514206,5.169254300353739,0.34495169964626093
1967,5.5150146,5.173324388758783,0.34169021124121635
1968,5.5162735,5.177351957397427,0.3389215426025727
1969,5.5199966,5.181304980012323,0.33869161998767705
1970,5.5271835,5.185083248123913,0.3421002518760865
1971,5.53804,5.188679744021803,0.34936025597819675
1972,5.5516663,5.192183734421876,0.35948256557812375
1973,5.556899,5.195504804328515,0.361394195671485
1974,5.5584908,5.19864379115683,0.35984700884317
1975,5.562008,5.20163700380386,0.36037099619613944
1976,5.5679073,5.2045381474987575,0.36336915250124235
1977,5.576638,5.207472443287178,0.36916555671282225
1978,5.588658,5.210431887449647,0.37822611255035277
1979,5.6044197,5.213410427250981,0.3910092727490193
1980,5.629959,5.216357442081289,0.4136015579187111
1981,5.669838,5.219250150648265,0.45058784935173524
1982,5.680107,5.222117629278222,0.45798937072177726
1983,5.6912994,5.224943706836841,0.46635569316315895
1984,5.6949463,5.227726442012583,0.46721985798741716
1985,5.694702,5.230417558830113,0.46428444116988743
1986,5.6941147,5.232971853418943,0.4611428465810574
1987,5.699814,5.235382676091303,0.46443132390869657
1988,5.7052383,5.237591295112076,0.4676470048879242
1989,5.7112274,5.239611229681708,0.47161617031829195
1990,5.7151566,5.241423664238739,0.4737329357612614
1991,5.7225037,5.243046351345526,0.4794573486544742
1992,5.731903,5.2445661639824275,0.4873368360175725
1993,5.7388306,5.246000780690038,0.4928298193099616
1994,5.7421722,5.2473896712493815,0.49478252875061823
1995,5.749634,5.248706882894127,0.5009271171058733
1996,5.753662,5.249935750830376,0.5037262491696239
1997,5.7546463,5.251136821467243,0.5035094785327567
1998,5.7563477,5.252336809365604,0.5040108906343956
1999,5.7590256,5.253554635647038,0.5054709643529618
2000,5.7593994,5.2548165948388235,0.5045828051611769
2001,5.760483,5.256112136728648,0.5043708632713519
2002,5.7607346,5.257424686787023,0.503309913212977
2003,5.762985,5.2587138096868875,0.5042711903131121
2004,5.7687073,5.25998067350062,0.5087266264993797
2005,5.7673416,5.261236484458518,0.506105115541482
2006,5.768013,5.262438008919615,0.5055749910803851
2007,5.7712555,5.263567487600065,0.5076880123999343
2008,5.7742157,5.2646297636368,0.5095859363631998
2009,5.7816467,5.265617505792506,0.5160291942074933
2010,5.7767944,5.266527469557039,0.5102669304429606
2011,5.7819138,5.267372577821341,0.5145412221786589
2012,5.7847595,5.26816648896671,0.5165930110332901
2013,5.786743,5.268898368658871,0.5178446313411298
2014,5.7874603,5.269551983352422,0.5179083166475786
2015,5.788086,5.270096058991794,0.5179899410082056
2016,5.7896805,5.270515182124794,0.5191653178752063
2017,5.792679,5.2708370587554425,0.5218419412445572
2018,5.7927322,5.27105263150383,0.5216795684961699
2019,5.8036346,5.271121792376815,0.5325128076231849
2020,5.8025436,5.271017513671562,0.5315260863284381
2021,5.8095093,5.270804713287053,0.5387045867129476
2022,5.8144684,5.270554383459851,0.5439140165401488
2023,5.8188705,5.270279356236386,0.5485911437636144
2024,5.825905,5.269912426246082,0.555992573753918
2025,5.830017,5.269316825234306,0.5607001747656941
2026,5.8334427,5.268502672719821,0.564940027280179
2027,5.8395233,5.2675820059672755,0.5719412940327242
2028,5.8484573,5.266646147517697,0.5818111524823024
2029,5.848984,5.265778002645634,0.5832059973543657
2030,5.853035,5.265030166451341,0.5880048335486592
2031,5.8612137,5.264441445805065,0.5967722541949358
2032,5.8651276,5.2640570425036275,0.6010705574963726
2033,5.8718185,5.263862268706115,0.6079562312938851
2034,5.8809967,5.263822150964434,0.6171745490355658
2035,5.8891907,5.26392755372838,0.62526314627162
2036,5.8964005,5.264160807958704,0.6322396920412965
2037,5.90374,5.264456235715855,0.6392837642841451
2038,5.910019,5.264639858709554,0.6453791412904462
2039,5.91951,5.264554279347376,0.654955720652624
2040,5.926361,5.264207251726403,0.6621537482735969
2041,5.93264,5.263670654058494,0.6689693459415063
2042,5.9384537,5.263003331258357,0.6754503687416431
2043,5.943039,5.2623204549359865,0.6807185450640132
2044,5.9460144,5.261732519895948,0.6842818801040522
2045,5.9498444,5.261325303140519,0.6885190968594808
2046,5.9531937,5.261130105913417,0.6920635940865827
2047,5.953865,5.26113949991068,0.6927255000893204
2048,5.9541397,5.261354886475419,0.6927848135245807
2049,5.9508133,5.261740153649642,0.6890731463503581
2050,5.94989,5.262299687667794,0.6875903123322056
2051,5.9494095,5.262896972063772,0.6865125279362276
2052,5.946419,5.263261105425729,0.6831578945742711
2053,5.944786,5.263258406624255,0.681527593375745
2054,5.9459076,5.26292112698031,0.6829864730196897
2055,5.940216,5.262317763835926,0.677898236164074
2056,5.9640656,5.261557316679023,0.7025082833209764
2057,5.963501,5.260739655075984,0.7027613449240162
2058,5.963555,5.259935672444284,0.7036193275557165
2059,5.961131,5.25919311587671,0.7019378841232902
2060,5.9548316,5.258446581307063,0.6963850186929372
2061,5.945043,5.257593156146033,0.6874498438539671
2062,5.9321527,5.256539458786638,0.6756132412133615
2063,5.916547,5.255274208078156,0.661272791921844
2064,5.8986125,5.2538130903836295,0.6447994096163701
2065,5.878738,5.252413934006971,0.6263240659930291
2066,5.8573084,5.2512360619460665,0.6060723380539335
2067,5.834712,5.250160509478996,0.5845514905210036
2068,5.8113356,5.249199699872455,0.5621359001275446
2069,5.787565,5.2483483805099915,0.5392166194900083
2070,5.7637887,5.247566506011164,0.5162221939888365
2071,5.7383575,5.246811680913333,0.4915458190866673
2072,5.7093735,5.246055988778508,0.4633175112214918
2073,5.6810074,5.245281368234703,0.4357260317652978
2074,5.648941,5.244509624528401,0.40443137547159846
2075,5.6023407,5.243856215034841,0.3584844849651594
2076,5.568474,5.243256151450356,0.3252178485496442
2077,5.541313,5.2425265183339045,0.2987864816660952
2078,5.5179443,5.241758768765735,0.2761855312342645
2079,5.5019684,5.24095830512621,0.26101009487379034
2080,5.4960938,5.240006708190138,0.2560870918098619
2081,5.4917526,5.238925429308478,0.25282717069152216
2082,5.492073,5.2376978516725945,0.25437514832740593
2083,5.4931946,5.236300400232376,0.25689419976762373
2084,5.4990234,5.234733035821489,0.2642903641785104
2085,5.5059433,5.2330171085966715,0.27292619140332874
2086,5.518387,5.231178351017103,0.28720864898289644
2087,5.559677,5.229219924446169,0.33045707555383075
2088,5.5633774,5.227033844034462,0.3363435559655379
2089,5.5688553,5.22455732365347,0.3442979763465299
2090,5.5764923,5.221944416487993,0.35454788351200683
2091,5.5799637,5.219364490234164,0.36059920976583637
2092,5.5810776,5.216891400733941,0.3641861992660598
2093,5.5787125,5.214445141148269,0.36426735885173134
2094,5.568779,5.211953147063144,0.356825852936856
2095,5.552292,5.2094112682769245,0.3428807317230751
2096,5.5285797,5.206810413798606,0.3217692862013939
2097,5.508583,5.204157715825443,0.30442528417455694
2098,5.481018,5.2012605342237705,0.2797574657762292
2099,5.463112,5.198074253639265,0.2650377463607345
2100,5.44516,5.194880583949239,0.2502794160507609
2101,5.426697,5.191700549432712,0.23499645056728813
2102,5.408119,5.188396350361221,0.2197226496387792
2103,5.3906326,5.184938380519371,0.2056942194806286
2104,5.3747635,5.181314885634253,0.19344861436574767
2105,5.3638,5.177563098363526,0.186236901636474
2106,5.360306,5.1737525752462785,0.18655342475372105
2107,5.362549,5.1699259163902065,0.19262308360979308
2108,5.369385,5.166139928554851,0.20324507144514925
2109,5.3806915,5.162441440832997,0.21825005916700313
2110,5.39608,5.158863662719279,0.23721633728072167
2111,5.4103394,5.155422153128806,0.25491724687119355
2112,5.420738,5.15196031814218,0.26877768185782
2113,5.4301605,5.148456917044405,0.28170358295559517
2114,5.4390564,5.145004776511044,0.2940516234889561
2115,5.446678,5.141599321438935,0.3050786785610651
2116,5.452713,5.138270556371685,0.3144424436283151
2117,5.460182,5.135046483930323,0.3251355160696763
2118,5.468788,5.131962184087906,0.3368258159120936
2119,5.4696198,5.129012916771284,0.34060688322871613
2120,5.474861,5.126185449276008,0.3486755507239918
2121,5.478457,5.123502090609804,0.35495490939019536
2122,5.4806247,5.120948561952568,0.3596761380474316
2123,5.4852676,5.1184883875209986,0.3667792124790017
2124,5.492242,5.1161103920244075,0.37613160797559253
2125,5.5014024,5.11399996656987,0.3874024334301298
2126,5.5126038,5.112222804933816,0.4003809950661843
2127,5.525702,5.110553092101838,0.4151489078981623
2128,5.5405526,5.10890144627252,0.4316511537274801
2129,5.558029,5.107285423613999,0.45074357638600127
2130,5.5681915,5.105709545434957,0.4624819545650434
2131,5.5773544,5.104188224313539,0.4731661756864609
2132,5.586441,5.102706152272204,0.4837348477277956
2133,5.5956345,5.101230944043401,0.49440355595659913
2134,5.6068573,5.099763521768487,0.5070937782315124
2135,5.6190796,5.098309984411573,0.5207696155884269
2136,5.6348267,5.096836147439529,0.5379905525604709
2137,5.646744,5.095345575537245,0.5513984244627546
2138,5.6564865,5.093860562255966,0.5626259377440341
2139,5.6583557,5.092424802097995,0.565930897902005
2140,5.6557083,5.091059996199465,0.564648303800535
2141,5.645012,5.089731785208102,0.5552802147918987
2142,5.629059,5.088405152563945,0.5406538474360545
2143,5.607933,5.087028003552058,0.5209049964479417
2144,5.582039,5.085609593891646,0.49642940610835407
2145,5.558113,5.084186991109338,0.47392600889066205
2146,5.5374756,5.082842800370421,0.4546327996295787
2147,5.5177917,5.081624961635809,0.4361667383641912
2148,5.500969,5.080517832957517,0.42045116704248375
2149,5.486435,5.07953424075737,0.4069007592426299
2150,5.4727097,5.0786920835885265,0.3940176164114737
2151,5.4624634,5.07792760026181,0.38453579973818997
2152,5.455391,5.07714248306778,0.37824851693221984
2153,5.4452972,5.076394309650438,0.3689028903495615
2154,5.440338,5.075852056165028,0.36448594383497124
2155,5.437523,5.075483118624658,0.3620398813753418
2156,5.4351654,5.075260611655087,0.35990478834491313
2157,5.437355,5.075185561573243,0.36216943842675686
2158,5.4409866,5.075167267926965,0.36581933207303496
2159,5.4406433,5.075207778510366,0.36543552148963343
2160,5.430603,5.075321235836112,0.35528176416388746
2161,5.414665,5.0755124686502,0.33915253134980006
2162,5.397476,5.075769617916898,0.32170638208310187
2163,5.3775253,5.076065043213363,0.3014602567866369
2164,5.361641,5.076423873203778,0.2852171267962218
2165,5.3498993,5.076862979029021,0.27303632097097896
2166,5.3453064,5.0773417832299526,0.26796461677004757
2167,5.3441544,5.077837792482023,0.26631660751797703
2168,5.348648,5.078380020529403,0.27026797947059666
2169,5.352791,5.078981977027575,0.2738090229724248
2170,5.3591843,5.07965314161658,0.2795311583834197
2171,5.3594666,5.080394313672104,0.2790722863278958
2172,5.36129,5.081251104515532,0.28003889548446814
2173,5.3575897,5.0822675379938715,0.2753221620061286
2174,5.3546295,5.083403030234345,0.27122646976565434
2175,5.3494034,5.084565242973821,0.26483815702617886
2176,5.344002,5.085409454629433,0.25859254537056664
2177,5.335144,5.085897837826468,0.2492461621735318
2178,5.329056,5.086295980553659,0.24276001944634018
2179,5.32164,5.086677816822731,0.23496218317726925
2180,5.3181763,5.087138948527772,0.23103735147222793
2181,5.317505,5.087667043719513,0.22983795628048664
2182,5.3162003,5.088287030452038,0.22791326954796265
2183,5.3173904,5.089075135019253,0.22831526498074695
2184,5.324829,5.089962682998354,0.2348663170016465
2185,5.3363266,5.090906513697332,0.24542008630266743
2186,5.3512955,5.091989710537737,0.259305789462263
2187,5.36837,5.093353806489247,0.27501619351075224
2188,5.3864594,5.094904032906346,0.2915553670936539
2189,5.4031906,5.096499755345753,0.30669084465424756
2190,5.4164963,5.0981064911930645,0.3183898088069359
2191,5.426056,5.099614113953539,0.32644188604646107
2192,5.435364,5.100917948434452,0.3344460515655481
2193,5.442894,5.102021911152033,0.34087208884796727
2194,5.45002,5.103028483203657,0.34699151679634355
2195,5.4566708,5.104047474034311,0.35262332596568946
2196,5.4550047,5.104992035131585,0.350012664868415
2197,5.457435,5.105841824293393,0.35159317570660686
2198,5.4621625,5.1067698023481976,0.35539269765180226
2199,5.4688015,5.107781395103293,0.36102010489670633
2200,5.476961,5.108883821813722,0.3680771781862786
2201,5.486254,5.1100774424546795,0.3761765575453202
2202,5.4962945,5.111347790429288,0.38494670957071264
2203,5.5066924,5.1127167158139875,0.3939756841860129
2204,5.5170617,5.114168003725964,0.4028936962740364
2205,5.5270143,5.115630348893032,0.4113839511069681
2206,5.5361614,5.11710125310638,0.4190601468936199
2207,5.5441165,5.118598219324876,0.4255182806751243
2208,5.5504913,5.120027344252855,0.430463955747145
2209,5.5548983,5.121387896969673,0.4335104030303265
2210,5.555565,5.122706959931823,0.43285804006817674
2211,5.5496902,5.123832163287669,0.4258580367123308
2212,5.543976,5.124505264957413,0.41947073504258636
2213,5.538109,5.124661314338549,0.41344768566145174
2214,5.5292816,5.124336829227272,0.40494477077272784
2215,5.5211105,5.123896698624923,0.3972138013750772
2216,5.5115204,5.123264698628368,0.3882557013716319
2217,5.5004272,5.122325716104025,0.37810148389597487
2218,5.4896774,5.121468788713487,0.36820861128651305
2219,5.476227,5.120774662464805,0.355452337535195
2220,5.459564,5.120184243476687,0.3393797565233134
2221,5.4380417,5.119556548944043,0.318485151055957
2222,5.410118,5.118831541400231,0.2912864585997683
2223,5.383789,5.11805399657222,0.2657350034277801
2224,5.361122,5.1173292025638935,0.2437927974361065
2225,5.338684,5.116758675869418,0.22192532413058164
2226,5.328041,5.1164400203458165,0.21160097965418334
2227,5.3227615,5.116382555121603,0.2063789448783977
2228,5.3212967,5.116567283381317,0.20472941661868305
2229,5.3328094,5.116994377234661,0.21581502276533904
2230,5.346985,5.117648673414929,0.22933632658507097
2231,5.36602,5.118500267683911,0.24751973231608915
2232,5.388687,5.1195054022128215,0.26918159778717854
2233,5.4125977,5.120619854787566,0.2919778452124344
2234,5.438156,5.121805776565471,0.31635022343452945
2235,5.4624557,5.123016743719487,0.3394389562805129
2236,5.4860306,5.124207104434672,0.36182349556532856
2237,5.5085754,5.125333510028699,0.38324188997130104
2238,5.526085,5.126357714476742,0.39972728552325787
2239,5.5429764,5.127260205421695,0.41571619457830433
2240,5.559128,5.128066542222839,0.43106145777716165
2241,5.570984,5.1288239596661755,0.4421600403338246
2242,5.5830383,5.1295532957791075,0.45348500422089266
2243,5.582985,5.130239059346411,0.452745940653589
2244,5.589554,5.130722265217682,0.45883173478231765
2245,5.591667,5.130789323125061,0.4608776768749392
2246,5.5945435,5.130383466841205,0.4641600331587954
2247,5.626648,5.129594617115792,0.4970533828842081
2248,5.6114197,5.128590935943243,0.482828764056757
2249,5.6082687,5.127551007457568,0.4807176925424317
2250,5.608162,5.126634572115975,0.4815274278840249
2251,5.6019287,5.125971459623303,0.4759572403766974
2252,5.598198,5.125631626922707,0.4725663730772931
2253,5.5946884,5.125659533717849,0.4690288662821507
2254,5.588646,5.126047325166209,0.46259867483379047
2255,5.5781097,5.126755961936824,0.451353738063176
2256,5.5603027,5.127742162614709,0.43256053738529143
2257,5.5316696,5.128949340437154,0.4027202595628463
2258,5.511383,5.130275673093688,0.38110732690631277
2259,5.499794,5.131385403607915,0.3684085963920847
2260,5.4922104,5.1320198436424,0.3601905563576002
2261,5.490242,5.1322364244637,0.35800557553629986
2262,5.489357,5.1321557907025,0.3572012092975001
2263,5.4904327,5.131903049690972,0.3585296503090287
2264,5.489197,5.131587520580151,0.3576094794198488
2265,5.4890976,5.131206897703673,0.35789070229632713
2266,5.4860077,5.1308227942016424,0.3551849057983576
2267,5.4835434,5.1305742686268365,0.35296913137316377
2268,5.4800797,5.130460042181856,0.3496196578181445
2269,5.4752197,5.130470004968108,0.3447496950318927
2270,5.4695206,5.1306036815616025,0.33891691843839755
2271,5.46402,5.130857636319493,0.3331623636805068
2272,5.4639587,5.131227749007997,0.3327309509920031
2273,5.46846,5.131689593052665,0.33677040694733495
2274,5.473076,5.132230198155954,0.3408458018440461
2275,5.479103,5.132857501451194,0.3462454985488064
2276,5.4901657,5.133555282714967,0.35661041728503307
2277,5.502548,5.134305659675782,0.3682423403242181
2278,5.5151825,5.135095086125486,0.38008741387451384
2279,5.527588,5.13589211299619,0.3916958870038094
2280,5.569641,5.136654061166777,0.43298693883322326
2281,5.567609,5.13725319228814,0.43035580771185966
2282,5.5615287,5.13760466184359,0.42392403815641
2283,5.557934,5.137733464961332,0.42020053503866794
2284,5.5560255,5.13769682363874,0.41832867636125926
2285,5.555008,5.13775786574693,0.4172501342530701
2286,5.554084,5.137975432314014,0.4161085676859857
2287,5.552456,5.138206682627735,0.4142493173722652
2288,5.549327,5.138516283184826,0.410810716815174
2289,5.5438995,5.138930025406459,0.4049694745935408
2290,5.536995,5.139432726712025,0.3975622732879751
2291,5.522827,5.1399043201823025,0.3829226798176979
2292,5.512207,5.140190191973506,0.37201680802649406
2293,5.504715,5.140267816163016,0.36444718383698405
2294,5.5007477,5.140288897430783,0.3604588025692168
2295,5.497078,5.140254847275438,0.3568231527245622
2296,5.4880524,5.140135909171834,0.3479164908281662
2297,5.486084,5.140056773715882,0.346027226284118
2298,5.487816,5.14005485675165,0.3477611432483494
2299,5.489212,5.140140606766271,0.3490713932337295
2300,5.4899063,5.1402888455212254,0.3496174544787749
2301,5.4926376,5.140460853296594,0.3521767467034058
2302,5.492119,5.14067075518552,0.35144824481447934
2303,5.489662,5.140957409162251,0.3487045908377491
2304,5.485634,5.1413010870781735,0.34433291292182666
2305,5.4774857,5.141657720062344,0.33582797993765556
2306,5.471283,5.141996620336883,0.3292863796631167
2307,5.4658813,5.142273328328702,0.32360797167129807
2308,5.4594955,5.142462167103446,0.3170333328965542
2309,5.4518356,5.142558446255292,0.3092771537447083
2310,5.4452667,5.142563332677917,0.30270336732208314
2311,5.442978,5.142496618604005,0.30048138139599523
2312,5.4462967,5.1423494531854645,0.3039472468145359
2313,5.452835,5.142127219404599,0.3107077805954015
2314,5.465416,5.141872315438159,0.3235436845618409
2315,5.4782867,5.141577401556732,0.33670929844326825
2316,5.4963913,5.141214760756006,0.3551765392439936
2317,5.522232,5.140749810082617,0.38148218991738236
2318,5.531288,5.140101746553107,0.39118625344689306
2319,5.5448837,5.139331312962421,0.405552387037579
2320,5.555153,5.138462212852059,0.4166907871479406
2321,5.5682907,5.137379160829471,0.4309115391705296
2322,5.5770416,5.13604535371536,0.44099624628463996
2323,5.588478,5.134458124792654,0.4540198752073463
2324,5.5970993,5.132591842604968,0.4645074573950323
2325,5.6057816,5.130344988047774,0.475436611952226
2326,5.6116943,5.127604493248017,0.48408980675198254
2327,5.610428,5.12441520409789,0.4860127959021101
2328,5.6175766,5.120987258611868,0.49658934138813127
2329,5.6233673,5.117511580807423,0.505855719192577
2330,5.631874,5.11415755325707,0.5177164467429298
2331,5.641342,5.111067501712446,0.5302744982875538
2332,5.6478424,5.108304747647928,0.5395376523520721
2333,5.6545715,5.105793220715728,0.5487782792842726
2334,5.6567993,5.103506349798103,0.5532929502018975
2335,5.652199,5.101278807442553,0.5509201925574478
2336,5.65345,5.098741523942342,0.5547084760576579
2337,5.646118,5.095739038388524,0.550378961611476
2338,5.640915,5.092395880686637,0.5485191193133625
2339,5.630432,5.0889521524572,0.5414798475428002
2340,5.615326,5.085658482249996,0.5296675177500036
2341,5.5891953,5.08273471620971,0.5064605837902905
2342,5.5626297,5.080240497757537,0.4823892022424623
2343,5.5336227,5.078258862278763,0.45536383772123656
2344,5.5083466,5.076884835326056,0.43146176467394426
2345,5.48555,5.076076991645205,0.4094730083547953
2346,5.4676743,5.075740217854506,0.39193408214549397
2347,5.4571075,5.075791297243055,0.38131620275694544
2348,5.451041,5.0761411071719245,0.37489989282807556
2349,5.4470973,5.076682438654074,0.3704148613459264
2350,5.4403615,5.077371848563373,0.3629896514366271
2351,5.4317966,5.078177730842508,0.35361886915749263
2352,5.422375,5.079071596800977,0.3433034031990223
2353,5.41306,5.0800000505054355,0.3330599494945643
2354,5.4048176,5.080933533771134,0.32388406622886645
2355,5.398613,5.081673228524227,0.3169397714757727
2356,5.395412,5.082145386154322,0.3132666138456779
2357,5.4112854,5.08247547544378,0.3288099245562197
2358,5.427246,5.082667274166077,0.344578725833923
2359,5.421318,5.082734981448485,0.33858301855151574
2360,5.415474,5.082690791330147,0.332783208669853
2361,5.424591,5.082563145875668,0.342027854124332
2362,5.427803,5.082367123770736,0.3454358762292635
2363,5.4202957,5.0821115335692,0.33818416643079985
2364,5.42321,5.081837336407286,0.3413726635927139
2365,5.4262695,5.081771788656373,0.34449771134362717
2366,5.4271774,5.081899930667907,0.3452774693320926
2367,5.4106674,5.0819962193838855,0.3286711806161149
2368,5.3803177,5.0820578081472085,0.29825989185279145
2369,5.3335114,5.082109572484942,0.2514018275150578
2370,5.287697,5.082138564801326,0.20555843519867345
2371,5.2524414,5.082164209068372,0.1702771909316283
2372,5.201866,5.082143214736272,0.11972278526372815
2373,5.1701584,5.082034215263903,0.08812418473609718
2374,5.1475754,5.081887291476949,0.06568810852305074
2375,5.133316,5.081724653642349,0.05159134635765117
2376,5.125099,5.081573077267612,0.0435259227323872
2377,5.1198425,5.081291815228847,0.03855068477115253
2378,5.1168365,5.08101021219212,0.035826287807879886
2379,5.1156464,5.080919419701307,0.03472698029869292
2380,5.1177216,5.080902070949218,0.03681952905078223
2381,5.1247787,5.080935905548689,0.04384279445131156
2382,5.137192,5.081059143078862,0.05613285692113745
2383,5.144203,5.081268944850381,0.06293405514961936
2384,5.157654,5.081521269606125,0.07613273039387458
2385,5.172615,5.081811805265596,0.09080319473440479
2386,5.187851,5.082136338237028,0.10571466176297228
2387,5.205963,5.082486699698543,0.12347630030145673
2388,5.2266617,5.082872604075785,0.14378909592421518
2389,5.245529,5.083327024227943,0.16220197577205742
2390,5.265335,5.0838585210100335,0.18147647898996677
2391,5.2851257,5.084455451135428,0.2006702488645722
2392,5.303711,5.085143236649246,0.21856776335075345
2393,5.321739,5.085915253331493,0.23582374666850736
2394,5.340004,5.08669419396087,0.25330980603913034
2395,5.356415,5.0874070008799395,0.2690079991200607
2396,5.370285,5.087963374725249,0.2823216252747507
2397,5.38179,5.088254998227745,0.29353500177225467
2398,5.3882675,5.088139590814495,0.30012790918550536
2399,5.387764,5.087582926837262,0.30018107316273746
2400,5.377617,5.08671258258857,0.29090441741143014
2401,5.3624573,5.085723650646079,0.276733649353921
2402,5.345009,5.084787127614841,0.26022187238515926
2403,5.3292084,5.083939450764768,0.24526894923523201
2404,5.3163376,5.083195834388573,0.23314176561142652
2405,5.3094025,5.082585168121365,0.2268173318786353
2406,5.305336,5.0821066767675465,0.22322932323245315
2407,5.3085327,5.08176012285097,0.22677257714902943
2408,5.314316,5.081532433566515,0.23278356643348452
2409,5.322632,5.082273117284567,0.24035888271543282
2410,5.3369827,5.083647962778627,0.25333473722137345
2411,5.3490143,5.084761141845907,0.26425315815409345
2412,5.36042,5.085861349548154,0.274558650451846
2413,5.374489,5.0868242498961065,0.28766475010389314
2414,5.3871613,5.087554866335246,0.2996064336647537
2415,5.398842,5.088055588373257,0.3107864116267427
2416,5.4195786,5.0883882487516665,0.33119035124833385
2417,5.4277725,5.08863993764037,0.3391325623596293
2418,5.4344025,5.088888733877691,0.3455137661223091
2419,5.435108,5.089180483494222,0.34592751650577735
2420,5.435517,5.089488604462167,0.34602839553783316
2421,5.4356985,5.08983699797428,0.34586150202571986
2422,5.4357905,5.0902753206895515,0.34551517931044895
2423,5.4359303,5.09076549094345,0.3451648090565502
2424,5.4362555,5.091284931621419,0.34497056837858064
2425,5.436904,5.091792292379098,0.3451117076209025
2426,5.460228,5.092182581466252,0.3680454185337476
2427,5.5046387,5.092340071191785,0.4122986288082151
2428,5.5305176,5.092287183208776,0.43823041679122365
2429,5.5475845,5.092120797968477,0.45546370203152353
2430,5.5644608,5.09191464095922,0.47254615904078
2431,5.584511,5.091751461984369,0.49275953801563066
2432,5.598549,5.091692163603884,0.5068568363961159
2433,5.616623,5.091775320861174,0.5248476791388255
2434,5.6328125,5.092005771198007,0.5408067288019929
2435,5.648102,5.092370770955661,0.5557312290443388
2436,5.661621,5.092864056924208,0.5687569430757922
2437,5.675499,5.093476156241295,0.5820228437587049
2438,5.6872787,5.094178550572135,0.5931001494278654
2439,5.693268,5.094828491695932,0.5984395083040681
2440,5.6935425,5.095282561460739,0.5982599385392611
2441,5.692566,5.09553991602075,0.5970260839792498
2442,5.690262,5.095666847457728,0.5945951525422721
2443,5.684105,5.095735165967935,0.5883698340320649
2444,5.677246,5.095796964003397,0.5814490359966031
2445,5.6688995,5.095889354014599,0.5730101459854016
2446,5.6625443,5.095942693980835,0.566601606019165
2447,5.654503,5.095851849588186,0.5586511504118139
2448,5.6494293,5.095634152193949,0.553795147806051
2449,5.6374817,5.095326529206478,0.5421551707935226
2450,5.6344376,5.094848694315212,0.5395889056847878
2451,5.625207,5.094030037113565,0.5311769628864349
2452,5.6011176,5.092758804284778,0.508358795715222
2453,5.5675735,5.091129543915288,0.4764439560847116
2454,5.5299764,5.089346543500539,0.44062985649946107
2455,5.4937286,5.087606529337411,0.40612207066258854
2456,5.4642367,5.086032156770336,0.3782045432296641
2457,5.4469013,5.08452756167993,0.3623737383200707
2458,5.486267,5.082916591962135,0.4033504080378645
2459,5.5007095,5.081180011367972,0.419529488632028
2460,5.507889,5.079431871068816,0.4284571289311838
2461,5.5075455,5.077827561808981,0.4297179381910192
2462,5.51606,5.076504956756762,0.4395550432432387
2463,5.518326,5.0755575855918,0.44276841440820025
2464,5.5285873,5.075040986517154,0.45354631348284613
2465,5.5411377,5.0749690860043,0.4661686139957002
2466,5.5550613,5.075305790882301,0.47975550911769904
2467,5.5707016,5.075990789795838,0.49471081020416197
2468,5.5858765,5.076942037383842,0.5089344626161587
2469,5.60273,5.078072229936645,0.5246577700633548
2470,5.6120377,5.079306884992737,0.5327308150072634
2471,5.6181564,5.080582254071102,0.5375741459288985
2472,5.6248016,5.081817726913121,0.5429838730868788
2473,5.6261597,5.0829334628539105,0.5432262371460892
2474,5.6267548,5.083908477673436,0.5428463223265636
2475,5.6219635,5.084758102384851,0.537205397615149
2476,5.6224136,5.0855019141278675,0.5369116858721323
2477,5.616249,5.08616706943516,0.5300819305648394
2478,5.6131363,5.086773117796436,0.5263631822035642
2479,5.603859,5.087323086806729,0.5165359131932705
2480,5.588272,5.087769369813711,0.5005026301862889
2481,5.576309,5.088053832531735,0.4882551674682656
2482,5.557701,5.0881868011614,0.4695141988386
2483,5.533516,5.088183428449042,0.4453325715509573
2484,5.511406,5.088049163867842,0.42335683613215824
2485,5.495323,5.087711824973564,0.4076111750264362
2486,5.5201645,5.087067300773962,0.4330971992260375
2487,5.5002136,5.086311920196538,0.4139016798034625
2488,5.4880676,5.085554214129143,0.40251338587085694
2489,5.4945755,5.084732308769987,0.40984319123001267
2490,5.507889,5.08392392734046,0.42396507265953964
2491,5.5234146,5.083147639937459,0.44026696006254085
2492,5.543251,5.08241001435924,0.46084098564075937
2493,5.57679,5.081755904900578,0.4950340950994221
2494,5.576729,5.081195764871065,0.495533235128935
2495,5.58609,5.080579382677401,0.5055106173225994
2496,5.5956497,5.07979585350798,0.5158538464920204
2497,5.600102,5.078861684945724,0.5212403150542757
2498,5.6039624,5.077828862189046,0.5261335378109546
2499,5.605785,5.076786901748059,0.5289980982519413
2500,5.606676,5.075554189749771,0.5311218102502293
2501,5.607743,5.074229348824535,0.5335136511754648
2502,5.610092,5.073160636976521,0.5369313630234789
2503,5.6148314,5.0723747515537365,0.5424566484462634
2504,5.643852,5.071855466871021,0.5719965331289787
2505,5.6697083,5.071558805799118,0.5981494942008823
2506,5.685257,5.071432816535717,0.613824183464283
2507,5.699791,5.0713782503094365,0.6284127496905638
2508,5.7061157,5.071336517893132,0.6347791821068682
2509,5.7166595,5.0713097691190665,0.6453497308809331
2510,5.7272263,5.071271032186094,0.6559552678139058
2511,5.736107,5.071201002266664,0.664905997733336
2512,5.7428055,5.071101274284902,0.6717042257150982
2513,5.7485733,5.071298279498229,0.6772750205017717
2514,5.75354,5.0717694260728345,0.6817705739271656
2515,5.7553253,5.072201474816379,0.6831238251836211
2516,5.756157,5.072643242928168,0.6835137570718324
2517,5.747734,5.073027584078315,0.6747064159216851
2518,5.741806,5.0732539951262225,0.6685520048737779
2519,5.7246094,5.073335895823234,0.6512735041767659
2520,5.709816,5.073009728572876,0.6368062714271243
2521,5.716263,5.072238763308513,0.6440242366914868
2522,5.678772,5.071142057272031,0.6076299427279697
2523,5.652275,5.069561608580357,0.5827133914196434
2524,5.625717,5.067776365200454,0.5579406347995457
2525,5.5897903,5.065937518492199,0.5238527815078005
2526,5.5562134,5.064036407425395,0.49217699257460445
2527,5.512192,5.062293677926245,0.44989832207375446
2528,5.469536,5.060853099801484,0.4086829001985155
2529,5.4206924,5.059792120505671,0.360900279494329
2530,5.3726044,5.059114116560384,0.3134902834396165
2531,5.3250732,5.058882633794313,0.2661905662056876
2532,5.293358,5.058944492403814,0.2344135075961855
2533,5.276222,5.059172420952245,0.2170495790477549
2534,5.2686386,5.05965520077956,0.20898339922043974
2535,5.273369,5.0603507292442975,0.21301827075570223
2536,5.2895584,5.061228612884072,0.22832978711592755
2537,5.3115997,5.062225100182373,0.2493745998176271
2538,5.3424454,5.063154074984717,0.27929132501528287
2539,5.355751,5.063834332824064,0.29191666717593545
2540,5.3743362,5.064259402848193,0.31007679715180725
2541,5.383866,5.0645134273167685,0.3193525726832318
2542,5.3738894,5.064697009773392,0.3091923902266087
2543,5.3548775,5.064913181837535,0.2899643181624647
2544,5.3302197,5.065216500166566,0.26500319983343346
2545,5.3033023,5.065640827909834,0.2376614720901662
2546,5.2775145,5.0662918667611985,0.2112226332388012
2547,5.2562447,5.067168572975325,0.18907612702467524
2548,5.2428803,5.068192831091641,0.17468746890835973
2549,5.253517,5.069343555188157,0.18417344481184372
2550,5.271126,5.070589603972419,0.200536396027581
2551,5.271263,5.071891457806803,0.1993715421931972
2552,5.2744675,5.0732130602956875,0.20125443970431256
2553,5.2939453,5.074559060065082,0.21938623993491824
2554,5.305107,5.0758427461277,0.22926425387229976
2555,5.3242493,5.077029923482919,0.24721937651708092
2556,5.345978,5.078199276597588,0.2677787234024116
2557,5.392662,5.0793538548402175,0.3133081451597821
2558,5.4150696,5.080481136239475,0.3345884637605252
2559,5.419304,5.081711974313569,0.33759202568643154
2560,5.4367523,5.0829974150873385,0.3537548849126617
2561,5.449707,5.084210773054971,0.36549622694502926
2562,5.4622955,5.085414537322554,0.3768809626774461
2563,5.471939,5.08658168436442,0.38535731563557984
2564,5.478142,5.0876954234968865,0.39044657650311354
2565,5.4743805,5.088877634178592,0.38550286582140725
2566,5.462784,5.090131287783547,0.37265271221645335
2567,5.43557,5.091364385026206,0.3442056149737942
2568,5.3975906,5.092557793927964,0.3050328060720364
2569,5.3511047,5.093491376710912,0.25761332328908804
2570,5.299652,5.093993096213339,0.20565890378666118
2571,5.2455215,5.0941187282855855,0.15140277171441419
2572,5.1932297,5.093935701627103,0.09929399837289665
2573,5.1462784,5.093527725794001,0.052750674205999104
2574,5.1038437,5.0929856680972705,0.01085803190272916
2575,5.075241,5.092383245677686,-0.017142245677685963
2576,5.0594788,5.091796873787892,-0.03231807378789231
2577,5.0545807,5.091297769731466,-0.03671706973146627
2578,5.059967,5.0909232293956785,-0.030956229395678214
2579,5.070137,5.090692474299434,-0.020555474299434273
2580,5.0824356,5.090638175362993,-0.008202575362992626
2581,5.0898438,5.090792133168703,-0.0009483331687034635
2582,5.093094,5.09115588090979,0.001938119090209689
2583,5.093025,5.091658885794013,0.001366114205986868
2584,5.089653,5.09212433647138,-0.002471336471379537
2585,5.0869064,5.092377513488682,-0.005471113488681567
2586,5.088173,5.092361103655806,-0.004188103655805797
2587,5.0848083,5.092152951633361,-0.007344651633361288
2588,5.0813065,5.091886203139185,-0.010579703139184993
2589,5.0723267,5.0916514251053036,-0.01932472510530392
2590,5.058441,5.091390526292672,-0.032949526292672005
2591,5.0417786,5.0911158238583445,-0.049337223858344714
2592,5.0207367,5.090920305984757,-0.07018360598475759
2593,4.9984283,5.090786622166287,-0.09235832216628737
2594,4.9691772,5.090531220572669,-0.12135402057266909
2595,4.938553,5.089999374093343,-0.15144637409334294
2596,4.9100876,5.088960455850824,-0.17887285585082413
2597,4.888771,5.087591511392676,-0.1988205113926762
2598,4.8704224,5.086416990857266,-0.21599459085726647
2599,4.8582535,5.085614760384926,-0.2273612603849262
2600,4.8522186,5.085326828216312,-0.23310822821631216
2601,4.846916,5.08565588991275,-0.23873988991274953
2602,4.849037,5.086633949985347,-0.2375969499853472
2603,4.8546524,5.088230704995083,-0.23357830499508303
2604,4.865303,5.090438875295604,-0.22513587529560386
2605,4.890663,5.093169850500716,-0.2025068505007157
2606,4.895645,5.096270652211774,-0.20062565221177397
2607,4.90683,5.099650070967384,-0.19282007096738418
2608,4.913292,5.103234936683256,-0.18994293668325568
2609,4.918358,5.106954478593666,-0.18859647859366646
2610,4.9242554,5.110733188209434,-0.18647778820943373
2611,4.927971,5.114522569510093,-0.186551569510093
2612,4.934807,5.118039608929475,-0.18323260892947513
2613,4.9413986,5.121257609362828,-0.1798590093628274
2614,4.9509506,5.124369587072914,-0.17341898707291392
2615,4.963028,5.127129917669095,-0.164101917669095
2616,4.979431,5.129251678790685,-0.14982067879068506
2617,4.997406,5.130702517954035,-0.13329651795403485
2618,5.0144806,5.131580427997194,-0.11709982799719398
2619,5.0428543,5.132075064278606,-0.08922076427860581
2620,5.049652,5.1323907838239435,-0.08273878382394351
2621,5.0667114,5.132668919133863,-0.06595751913386305
2622,5.084137,5.133001486705297,-0.04886448670529653
2623,5.1123843,5.133451387920057,-0.021067087920056515
2624,5.1427994,5.134051161494103,0.008748238505897454
2625,5.1696043,5.134657245457975,0.03494705454202496
2626,5.1931243,5.1350746928764375,0.05804960712356255
2627,5.2136846,5.135267246722548,0.0784173532774517
2628,5.231611,5.135281636263506,0.09632936373649414
2629,5.247232,5.135200030121464,0.11203196987853659
2630,5.260867,5.135115237593964,0.12575176240603625
2631,5.272845,5.135084280058836,0.13776071994116457
2632,5.2834916,5.135109729585932,0.14838187041406758
2633,5.2931323,5.135199116965826,0.15793318303417347
2634,5.3020926,5.135351849570502,0.16674075042949799
2635,5.310698,5.135530945862946,0.17516705413705402
2636,5.319006,5.135699002141667,0.18330699785833282
2637,5.3305187,5.13582349361429,0.1946952063857097
2638,5.3451915,5.135864607824845,0.209326892175155
2639,5.3588104,5.135811691102799,0.22299870889720097
2640,5.367163,5.135638816432248,0.2315241835677515
2641,5.368271,5.135302546423939,0.23296845357606077
2642,5.3744354,5.134793285172535,0.23964211482746567
2643,5.3830566,5.134230817834834,0.2488257821651656
2644,5.3945146,5.13364045337332,0.26087414662667996
2645,5.4077444,5.132789311784505,0.27495508821549564
2646,5.422357,5.1316137027276545,0.2907432972723454
2647,5.437937,5.130123887552708,0.3078131124472918
2648,5.454067,5.128386984163534,0.32568001583646655
2649,5.470331,5.126473763683083,0.343857236316917
2650,5.486313,5.124366932861301,0.3619460671386987
2651,5.501599,5.122159645031334,0.37943935496866565
2652,5.515766,5.119850842346949,0.3959151576530511
2653,5.528402,5.117381591205305,0.4110204087946947
2654,5.5390897,5.1147456803032485,0.4243440196967514
2655,5.547413,5.111950226200276,0.4354627737997241
2656,5.552955,5.109012082572662,0.4439429174273375
2657,5.5553,5.1060009602715635,0.44929903972843643
2658,5.557831,5.103177565226395,0.4546534347736051
2659,5.562935,5.1005910084616986,0.46234399153830186
2660,5.5643463,5.098092181013709,0.4662541189862912
2661,5.574585,5.095702651699169,0.4788823483008313
2662,5.5658646,5.093442692885452,0.47242190711454857
2663,5.56443,5.0912886225185385,0.47314137748146123
2664,5.5655823,5.08904093059208,0.47654136940792036
2665,5.5709,5.08672607524233,0.48417392475766974
2666,5.5741425,5.084440865412372,0.48970163458762794
2667,5.5773544,5.082041625417805,0.495312774582195
2668,5.582176,5.080014394286336,0.5021616057136633
2669,5.5805893,5.078476465614748,0.5021128343852519
2670,5.5755005,5.077033451710362,0.4984670482896387
2671,5.5785446,5.075712335715286,0.5028322642847138
2672,5.5781403,5.074548262454472,0.5035920375455278
2673,5.579582,5.0736370683483125,0.5059449316516877
2674,5.5665107,5.0730282266211475,0.49348247337885276
2675,5.5504785,5.072679285841327,0.4777992141586722
2676,5.532288,5.0726077527094375,0.4596802472905628
2677,5.5136633,5.072865982854895,0.44079731714510473
2678,5.496328,5.073449823394435,0.4228781766055647
2679,5.4820046,5.074256613067112,0.40774798693288794
2680,5.471886,5.075160928708558,0.3967250712914412
2681,5.4772263,5.07611029188271,0.40111600811729
2682,5.478798,5.077101711699364,0.4016962883006361
2683,5.4699554,5.078159830761574,0.3917955692384263
2684,5.4577255,5.079281577678781,0.3784439223212184
2685,5.4448853,5.080426516866525,0.36445878313347535
2686,5.4276505,5.081588825549447,0.3460616744505538
2687,5.4032516,5.082801566319376,0.32045003368062375
2688,5.375107,5.084126684155383,0.2909803158446165
2689,5.3544006,5.084977223994798,0.26942337600520183
2690,5.321846,5.085252449863792,0.23659355013620775
2691,5.296585,5.085604420702648,0.21098057929735248
2692,5.2724304,5.086172762716066,0.1862576372839344
2693,5.244484,5.087007015161329,0.157476984838671
2694,5.2201614,5.08813620156445,0.13202519843555027
2695,5.1933746,5.089577517009671,0.10379708299032941
2696,5.170067,5.091343172887063,0.07872382711293735
2697,5.153137,5.093430080406403,0.059706919593597085
2698,5.138672,5.095854155688571,0.0428178443114291
2699,5.128563,5.098327298483842,0.0302357015161574
2700,5.1248093,5.100795955322549,0.024013344677451087
2701,5.132057,5.1034787115843265,0.028578288415673114
2702,5.1528625,5.106350572347717,0.046511927652283624
2703,5.1490555,5.109437646135008,0.03961785386499184
2704,5.1509705,5.112704535499131,0.0382659645008685
2705,5.1503143,5.11607083113076,0.03424346886923946
2706,5.154709,5.119468535296175,0.03524046470382558
2707,5.1576996,5.122923089383599,0.034776510616400635
2708,5.1655045,5.126462812783589,0.03904168721641099
2709,5.176216,5.130063349882692,0.046152650117307736
2710,5.193962,5.133756014914122,0.0602059850858776
2711,5.2097855,5.137540535835133,0.07224496416486659
2712,5.2321243,5.14135999164476,0.09076430835524008
2713,5.2539825,5.1451491985463305,0.10883330145366976
2714,5.2785187,5.148847462065688,0.12967123793431234
2715,5.3028564,5.152402364400768,0.15045403559923187
2716,5.3260803,5.155839285805509,0.17024101419449078
2717,5.3583527,5.1592268616267605,0.19912583837323972
2718,5.375084,5.162562802746861,0.2125211972531389
2719,5.383522,5.165866401171249,0.21765559882875074
2720,5.384728,5.169176108179251,0.2155518918207493
2721,5.3812428,5.172461434486016,0.20878136551398363
2722,5.37609,5.175674009900436,0.20041599009956368
2723,5.3701034,5.178750657826541,0.19135274217345888
2724,5.3641167,5.1816135119094655,0.18250318809053478
2725,5.3589625,5.184313623097506,0.1746488769024932
2726,5.355476,5.186930333209881,0.16854566679011906
2727,5.372902,5.189585482020985,0.18331651797901483
2728,5.4340286,5.192340917872908,0.24168768212709235
2729,5.45681,5.195137113581253,0.2616728864187472
2730,5.4772415,5.197931158966325,0.2793103410336748
2731,5.4852753,5.200701524550351,0.28457377544964846
2732,5.4888763,5.203391982557234,0.2854843174427666
2733,5.4918594,5.205819833010806,0.28603956698919397
2734,5.492279,5.2078696120385946,0.28440938796140536
2735,5.496147,5.209531985890066,0.28661501410993395
2736,5.499008,5.210862127370483,0.2881458726295172
2737,5.503517,5.211931648903413,0.2915853510965878
2738,5.511589,5.21278755443841,0.2988014455615895
2739,5.51857,5.213479344897803,0.30509065510219724
2740,5.5267944,5.2138613454417735,0.3129330545582265
2741,5.5363846,5.213810605942279,0.3225739940577208
2742,5.54377,5.213547509917157,0.33022249008284366
2743,5.5482483,5.2132020181417555,0.3350462818582445
2744,5.545452,5.212795549840785,0.33265645015921486
2745,5.540485,5.212357192484128,0.3281278075158722
2746,5.5357966,5.2118632085930265,0.32393339140697375
2747,5.5313234,5.21127176055888,0.3200516394411199
2748,5.527,5.210430289226654,0.3165697107733463
2749,5.5227633,5.209241759627584,0.31352154037241586
2750,5.518549,5.207745096502092,0.31080390349790843
2751,5.5142922,5.205996043077657,0.308296156922343
2752,5.5099297,5.204064127920025,0.3058655720799752
2753,5.5053964,5.201972447231179,0.3034239527688216
2754,5.5006285,5.19975292469585,0.30087557530415054
2755,5.4955616,5.19745152085298,0.2981100791470199
2756,5.4901314,5.195049958224373,0.29508144177562734
2757,5.484192,5.1925614874180726,0.2916305125819276
2758,5.49572,5.1899101463051585,0.3058098536948419
2759,5.5078735,5.187073215466034,0.3208002845339655
2760,5.5217514,5.184134497152661,0.3376169028473397
2761,5.5322876,5.181028646393186,0.3512589536068145
2762,5.5416794,5.177795717897516,0.36388368210248334
2763,5.5433044,5.174506192371823,0.36879820762817683
2764,5.538391,5.1711687839363485,0.36722221606365135
2765,5.522911,5.167804863446286,0.35510613655371337
2766,5.4979935,5.164426373397465,0.33356712660253507
2767,5.4666977,5.161033820576393,0.30566387942360684
2768,5.4319,5.157633233975987,0.274266766024013
2769,5.3970337,5.154267724229325,0.24276597577067438
2770,5.3501587,5.150960605941131,0.19919809405886912
2771,5.3101273,5.147735449781305,0.16239185021869584
2772,5.2701416,5.144592389246872,0.1255492107531273
2773,5.2323685,5.141533846969732,0.09083465303026816
2774,5.199898,5.138544453458329,0.06135354654167102
2775,5.1691513,5.135603273885079,0.03354802611492147
2776,5.147888,5.132728012003452,0.015159987996548274
2777,5.1306,5.129950733924564,0.0006492660754364721
2778,5.125778,5.12728846554223,-0.0015104655422293334
2779,5.131981,5.124506441950784,0.007474558049215929
2780,5.145645,5.121243607235723,0.02440139276427722
2781,5.16761,5.117416881780884,0.05019311821911554
2782,5.19326,5.1131647679330205,0.08009523206697988
2783,5.224083,5.108731800640966,0.1153511993590346
2784,5.249138,5.104380204811884,0.1447577951881165
2785,5.272194,5.100254216907245,0.17193978309275515
2786,5.2955017,5.0962572965306,0.1992444034694003
2787,5.312378,5.092196041563456,0.22018195843654365
2788,5.3243866,5.0881631802346305,0.23622341976536987
2789,5.3279266,5.084349466700885,0.243577133299115
2790,5.3248367,5.0809225686248825,0.2439141313751172
2791,5.316017,5.078074409212144,0.2379425907878563
2792,5.302559,5.075930519759847,0.22662848024015236
2793,5.3013,5.074571902670302,0.22672809732969856
2794,5.2842865,5.074002367954684,0.2102841320453166
2795,5.2813797,5.074086651343774,0.20729304865622566
2796,5.2867103,5.074673383411514,0.21203691658848633
2797,5.292231,5.075680687240301,0.21655031275969883
2798,5.2979894,5.077121325294002,0.22086807470599723
2799,5.3040714,5.078913513484481,0.22515788651551905
2800,5.310563,5.080791637053086,0.2297713629469138
2801,5.31755,5.082513765844047,0.23503623415595243
2802,5.3251195,5.08396520805745,0.24115429194255
2803,5.333357,5.085194761796291,0.24816223820370897
2804,5.337166,5.086274818917982,0.250891181082018
2805,5.3287354,5.087320238823131,0.24141516117686912
2806,5.321686,5.088422168229339,0.23326383177066035
2807,5.3176804,5.089398498607546,0.22828190139245486
2808,5.320503,5.0902025195857625,0.2303004804142379
2809,5.324692,5.0908788413084185,0.23381315869158126
2810,5.329117,5.091407440056632,0.23770955994336784
2811,5.3354263,5.091888858261804,0.24353744173819614
2812,5.34639,5.092471795359192,0.25391820464080883
2813,5.358246,5.09330114003906,0.2649448599609405
2814,5.3722305,5.094433018797119,0.2777974812028807
2815,5.3975754,5.095871154034979,0.30170424596502077
2816,5.390648,5.097611008771562,0.29303699122843785
2817,5.394478,5.099641133034487,0.2948368669655137
2818,5.391411,5.101896451843237,0.28951454815676314
2819,5.39122,5.104295963077627,0.28692403692237267
2820,5.387253,5.1068328722233565,0.2804201277766438
2821,5.384781,5.109491794571849,0.27528920542815083
2822,5.3737183,5.112341880481464,0.26137641951853574
2823,5.349365,5.115283671305302,0.2340813286946979
2824,5.3245316,5.11806268029865,0.20646891970134984
2825,5.3039093,5.1206716720260586,0.18323762797394139
2826,5.2943726,5.123134087536317,0.17123851246368282
2827,5.291168,5.125485587110131,0.1656824128898693
2828,5.2951202,5.127753051423238,0.16736714857676205
2829,5.305313,5.1299459600732655,0.1753670399267344
2830,5.3224945,5.132104707969105,0.19038979203089568
2831,5.33976,5.134254892110869,0.205505107889131
2832,5.3647156,5.136359473080766,0.22835612691923401
2833,5.387764,5.138422671386501,0.24934132861349845
2834,5.4117737,5.140474906737956,0.2712987932620443
2835,5.432831,5.142496501262494,0.29033449873750605
2836,5.4816284,5.144475548030632,0.3371528519693676
2837,5.4713974,5.146391583278158,0.32500581672184214
2838,5.475418,5.148215995252229,0.3272020047477717
2839,5.478256,5.1499095722873,0.32834642771269973
2840,5.4761505,5.151458663459195,0.32469183654080513
2841,5.471138,5.15286537042865,0.31827262957135005
2842,5.4655075,5.1541282982517,0.31137920174830036
2843,5.488922,5.155246941925151,0.33367505807484843
2844,5.470726,5.156200668369881,0.31452533163011864
2845,5.4686127,5.156993105311201,0.31161959468879985
2846,5.4715576,5.157648522364345,0.313909077635655
2847,5.4810333,5.158167559165555,0.32286574083444464
2848,5.493454,5.158587727103848,0.3348662728961518
2849,5.50914,5.1588868215099435,0.3502531784900569
2850,5.5244217,5.159019417778929,0.36540228222107185
2851,5.540146,5.159011969663463,0.38113403033653714
2852,5.554764,5.158885499783688,0.39587850021631166
2853,5.567375,5.158376452755154,0.4089985472448463
2854,5.574745,5.157719822851432,0.41702517714856846
2855,5.583359,5.157244335962624,0.4261146640373754
2856,5.5892334,5.156771129841688,0.43246227015831273
2857,5.591591,5.156303554575502,0.43528744542449793
2858,5.587631,5.155847055806635,0.43178394419336463
2859,5.5820465,5.155388582239331,0.42665791776066886
2860,5.5710754,5.154960226833933,0.41611517316606683
2861,5.5566177,5.154664320343497,0.40195337965650335
2862,5.5341644,5.154469422144911,0.3796949778550891
2863,5.505768,5.154318123750132,0.3514498762498679
2864,5.4757767,5.1541487303440165,0.3216279696559834
2865,5.4440536,5.15376826945588,0.29028533054412
2866,5.4156113,5.153017648633245,0.26259365136675505
2867,5.3938065,5.151876417574634,0.24193008242536607
2868,5.3789825,5.150465366711141,0.22851713328885914
2869,5.372635,5.148908582714109,0.22372641728589127
2870,5.3672714,5.147341113026782,0.21993028697321826
2871,5.373076,5.145910235090881,0.22716576490911944
2872,5.376921,5.144657072267926,0.23226392773207394
2873,5.380029,5.1435187138715746,0.23651028612842584
2874,5.383623,5.142374577468588,0.2412484225314122
2875,5.3889256,5.141120464860316,0.24780513513968394
2876,5.3971586,5.13963350005414,0.2575250999458598
2877,5.409546,5.137813153577773,0.2717328464222266
2878,5.437805,5.135691209048885,0.3021137909511147
2879,5.4613266,5.133418052362403,0.32790854763759647
2880,5.4880066,5.131131241689989,0.3568753583100115
2881,5.513771,5.128902423502303,0.38486857649769757
2882,5.54126,5.126890676403336,0.4143693235966639
2883,5.5552363,5.1252591974449375,0.4299771025550623
2884,5.562714,5.124079892520417,0.438634107479583
2885,5.567107,5.123431082421982,0.44367591757801783
2886,5.5705943,5.123359198757405,0.4472351012425948
2887,5.575353,5.1238459811748225,0.4515070188251773
2888,5.5835614,5.1247539874902035,0.4588074125097963
2889,5.5973973,5.125917303319123,0.4714799966808769
2890,5.634659,5.127267720697905,0.5073912793020954
2891,5.6990967,5.1287547576130885,0.5703419423869116
2892,5.7219696,5.130371009747701,0.5915985902522998
2893,5.7335052,5.132146835600402,0.6013583643995979
2894,5.743599,5.134092561394055,0.609506438605945
2895,5.751915,5.136189985684703,0.6157250143152977
2896,5.7571716,5.138297958610768,0.6188736413892322
2897,5.7635727,5.140333228634015,0.6232394713659852
2898,5.769905,5.1422643659976925,0.6276406340023071
2899,5.777298,5.144087725768984,0.6332102742310157
2900,5.781296,5.145839444815866,0.6354565551841338
2901,5.785858,5.147533830707079,0.6383241692929209
2902,5.7906723,5.149203136454402,0.6414691635455974
2903,5.7946243,5.150880336120676,0.6437439638793236
2904,5.798851,5.1526490604908375,0.6462019395091625
2905,5.7975616,5.154487589803299,0.6430740101967007
2906,5.793892,5.156250047992723,0.6376419520072769
2907,5.790792,5.157809651368085,0.6329823486319146
2908,5.777364,5.159185352170838,0.6181786478291622
2909,5.77065,5.160456448869298,0.6101935511307017
2910,5.7674837,5.161675420148972,0.6058082798510274
2911,5.764752,5.162889938483522,0.6018620615164778
2912,5.762423,5.164156008751342,0.598266991248658
2913,5.7604666,5.165513345089165,0.594953254910835
2914,5.7588506,5.166948017002055,0.5919025829979443
2915,5.757545,5.168485842191737,0.5890591578082631
2916,5.7565184,5.170156812102423,0.586361587897577
2917,5.755739,5.171947398866781,0.5837916011332194
2918,5.7551765,5.1738268682198685,0.5813496317801317
2919,5.7547994,5.175802580504027,0.5789968194959725
2920,5.7545767,5.177882781810409,0.5766939181895916
2921,5.754477,5.180015089627877,0.5744619103721229
2922,5.7560654,5.182169999409998,0.5738954005900014
2923,5.755028,5.184316196458083,0.5707118035419176
2924,5.753105,5.186454495813641,0.5666505041863585
2925,5.7543106,5.188611379169995,0.5656992208300053
2926,5.748993,5.190782336677681,0.5582106633223187
2927,5.7422943,5.192946027354559,0.5493482726454415
2928,5.7269363,5.195088096481353,0.5318482035186474
2929,5.7025986,5.197107376622274,0.5054912233777262
2930,5.667389,5.198761155858826,0.4686278441411744
2931,5.6243973,5.199831104463374,0.42456619553662645
2932,5.58136,5.200204328555565,0.38115567144443485
2933,5.555725,5.200016811785183,0.355708188214817
2934,5.5106964,5.199465378706819,0.3112310212931808
2935,5.4899597,5.198762575738752,0.2911971242612479
2936,5.480644,5.198114968624407,0.28252903137559304
2937,5.4766235,5.197608962081751,0.2790145379182487
2938,5.4770203,5.197319943008416,0.2797003569915848
2939,5.4829254,5.197375883153357,0.2855495168466433
2940,5.4875565,5.197809576955593,0.2897469230444072
2941,5.4962845,5.198493405465703,0.297791094534297
2942,5.498062,5.199226727002081,0.2988352729979189
2943,5.5086746,5.199693326336897,0.308981273663103
2944,5.5200806,5.1996800980642695,0.32040050193573055
2945,5.5320587,5.199250508695772,0.33280819130422845
2946,5.551956,5.198520444456209,0.3534355555437907
2947,5.5663757,5.197565125328726,0.368810574671274
2948,5.5767884,5.196584178513745,0.3802042214862551
2949,5.5831084,5.195964753539369,0.3871436464606317
2950,5.586456,5.196072847301448,0.3903831526985524
2951,5.588247,5.19700915930917,0.3912378406908301
2952,5.589898,5.1984836387100986,0.39141436128990126
2953,5.592826,5.200303812071942,0.3925221879280576
2954,5.598447,5.2023229886834494,0.39612401131655073
2955,5.608177,5.204365602497009,0.40381139750299155
2956,5.672882,5.206489675538357,0.46639232446164325
2957,5.703026,5.208742675042275,0.494283324957725
2958,5.716675,5.210964522651515,0.5057104773484857
2959,5.729042,5.212962627225737,0.5160793727742625
2960,5.7365265,5.214693032038826,0.5218334679611738
2961,5.743515,5.216132966957541,0.5273820330424597
2962,5.752182,5.217048113296808,0.5351338867031927
2963,5.760147,5.217460287506579,0.5426867124934205
2964,5.7623706,5.217650706235842,0.5447198937641575
2965,5.762233,5.217660748581471,0.5445722514185292
2966,5.761922,5.2175137907173665,0.5444082092826337
2967,5.761376,5.217231887805937,0.5441441121940631
2968,5.7605333,5.216866601870409,0.5436666981295906
2969,5.759333,5.216465028588522,0.5428679714114777
2970,5.7577133,5.21604756828482,0.5416657317151801
2971,5.755613,5.215241216747634,0.5403717832523665
2972,5.7529697,5.213796046496311,0.5391736535036893
2973,5.7497225,5.211943959456745,0.5377785405432549
2974,5.745809,5.209856905839652,0.535952094160348
2975,5.741169,5.207653806077672,0.5335151939223284
2976,5.7357383,5.205427226462593,0.5303110735374075
2977,5.72946,5.203193827925148,0.5262661720748527
2978,5.722269,5.200867424488326,0.5214015755116739
2979,5.690193,5.198373965927584,0.49181903407241556
2980,5.6848373,5.195735310492615,0.48910198950738515
2981,5.6788406,5.193041541632282,0.48579905836771786
2982,5.6800995,5.190381088364612,0.4897184116353879
2983,5.682007,5.187826911140138,0.49418008885986175
2984,5.6871033,5.185436762316616,0.5016665376833842
2985,5.6903,5.1832481802657835,0.5070518197342162
2986,5.69442,5.181281430859306,0.5131385691406942
2987,5.6964417,5.179525038167977,0.5169166618320231
2988,5.696892,5.1779209305319265,0.5189710694680736
2989,5.6960297,5.176295310759625,0.5197343892403756
2990,5.6999817,5.174497881955227,0.5254838180447736
2991,5.6957703,5.172512676659365,0.5232576233406352
2992,5.688469,5.170457436322936,0.5180115636770646
2993,5.676262,5.1684091115742765,0.5078528884257238
2994,5.666855,5.166409758626515,0.5004452413734848
2995,5.6561127,5.1645746149564795,0.4915380850435209
2996,5.651642,5.162899330767194,0.4887426692328054
2997,5.6511917,5.161273365915317,0.4899183340846829
2998,5.6554184,5.159654137621363,0.49576426237863735
2999,5.658821,5.158083732604132,0.5007372673958672
3000,5.6677246,5.156653986243661,0.5110706137563383
3001,5.6881332,5.155438104011237,0.5326950959887631
3002,5.6870346,5.1543956391895644,0.5326389608104352
3003,5.6909866,5.153485116428476,0.5375014835715239
3004,5.6921387,5.152961035532144,0.5391776644678563
3005,5.6899033,5.152774521449882,0.5371287785501178
3006,5.682228,5.152573784755437,0.5296542152445634
3007,5.6702576,5.152295645393618,0.5179619546063821
3008,5.661438,5.151661394252759,0.5097766057472413
3009,5.6376877,5.150853435822056,0.4868342641779435
3010,5.6267776,5.150325618375717,0.47645198162428226
3011,5.620865,5.150001785597967,0.4708632144020335
3012,5.613182,5.149872132787706,0.4633098672122937
3013,5.6491776,5.149901230940334,0.49927636905966555
3014,5.6287003,5.149895525896514,0.47880477410348643
3015,5.6249847,5.149823544039263,0.4751611559607367
3016,5.6278152,5.149621474075898,0.47819372592410136
3017,5.632721,5.1491476431759144,0.48357335682408564
3018,5.640953,5.148544685290859,0.4924083147091407
3019,5.6489944,5.147981092042863,0.5010133079571375
3020,5.6621475,5.147476506000622,0.5146709939993777
3021,5.6742554,5.147036121508134,0.5272192784918657
3022,5.6827927,5.146713074938069,0.5360796250619311
3023,5.696907,5.146556643420602,0.5503503565793988
3024,5.7213135,5.146550236455871,0.5747632635441287
3025,5.7178574,5.146633387132349,0.5712240128676509
3026,5.726288,5.146804405655081,0.5794835943449197
3027,5.734886,5.147104506571901,0.5877814934280989
3028,5.7428513,5.1475336168001835,0.5953176831998164
3029,5.7460785,5.148050390507642,0.5980281094923585
3030,5.7541275,5.14865450632464,0.6054729936753604
3031,5.763603,5.149340050329748,0.6142629496702519
3032,5.7729874,5.150029673085366,0.6229577269146338
3033,5.7852554,5.150721183249736,0.6345342167502634
3034,5.7858353,5.151379862501219,0.6344554374987803
3035,5.793831,5.151927948788645,0.6419030512113553
3036,5.7967606,5.152387544043498,0.6443730559565015
3037,5.802429,5.152812438623093,0.6496165613769067
3038,5.807274,5.153230229442874,0.6540437705571254
3039,5.8107147,5.15361866466896,0.6570960353310404
3040,5.8154755,5.154185278525222,0.6612902214747782
3041,5.8186417,5.155019806600535,0.6636218933994646
3042,5.845833,5.155929873219718,0.6899031267802815
3043,5.831749,5.156827449641183,0.6749215503588175
3044,5.8323364,5.1576682721084035,0.6746681278915965
3045,5.8343506,5.15833225798173,0.6760183420182697
3046,5.8349304,5.1585362292500445,0.6763941707499557
3047,5.835495,5.158412790025668,0.6770822099743317
3048,5.830597,5.1582537897255,0.6723432102744997
3049,5.820244,5.158092067747861,0.6621519322521383
3050,5.8065033,5.15795663908442,0.6485466609155806
3051,5.8010406,5.157807811152123,0.643232788847877
3052,5.7922287,5.157768772810339,0.6344599271896607
3053,5.784973,5.157801427311683,0.6271715726883169
3054,5.7829056,5.157747721562903,0.625157878437097
3055,5.7834167,5.1576554398852075,0.6257612601147926
3056,5.785515,5.157583321072702,0.6279316789272986
3057,5.781128,5.1576015360079275,0.6235264639920723
3058,5.779869,5.157742933583142,0.6221260664168575
3059,5.7808914,5.158016470869436,0.622874929130564
3060,5.771187,5.158439250132447,0.6127477498675535
3061,5.7683105,5.15901876411254,0.6092917358874601
3062,5.7613907,5.159739730870257,0.6016509691297429
3063,5.7522507,5.160583066330062,0.591667633669938
3064,5.7470856,5.161497033501172,0.5855885664988278
3065,5.7411804,5.162424321790286,0.5787560782097145
3066,5.7395935,5.163348951314221,0.5762445486857786
3067,5.7346573,5.164232820213187,0.570424479786813
3068,5.727852,5.165056558439518,0.5627954415604828
3069,5.722328,5.165835654348256,0.5564923456517441
3070,5.7223663,5.166171839189048,0.5561944608109517
3071,5.7216415,5.16606490065377,0.5555765993462298
3072,5.723152,5.165963736264056,0.5571882637359442
3073,5.721451,5.165911533361455,0.5555394666385451
3074,5.72229,5.165910623818837,0.5563793761811633
3075,5.7254333,5.165982337590348,0.5594509624096515
3076,5.727936,5.166111652816738,0.5618243471832614
3077,5.7315903,5.166257791403798,0.5653325085962013
3078,5.7329254,5.166382693301267,0.5665427066987334
3079,5.7243805,5.166444182115417,0.5579363178845824
3080,5.716484,5.166138160115977,0.5503458398840237
3081,5.6970215,5.1653524647639,0.5316690352361002
3082,5.670288,5.164386118337049,0.5059018816629512
3083,5.638115,5.1634072438052545,0.4747077561947455
3084,5.603134,5.162456612678606,0.4406773873213936
3085,5.564514,5.161525852250744,0.40298814774925606
3086,5.5272293,5.160666952927181,0.3665623470728194
3087,5.483818,5.159919097550815,0.3238989024491854
3088,5.4457397,5.158830732397129,0.2869089676028711
3089,5.419159,5.157328253366371,0.2618307466336285
3090,5.3969193,5.155665894712743,0.24125340528725747
3091,5.38739,5.153811056687186,0.23357894331281415
3092,5.3848877,5.15184866821937,0.23303903178063035
3093,5.388397,5.149833992797214,0.238563007202786
3094,5.3972473,5.147841832691905,0.24940546730809476
3095,5.4107895,5.145853985666562,0.26493551433343754
3096,5.427574,5.14393820698403,0.28363579301596964
3097,5.4494553,5.142181354021519,0.3072739459784817
3098,5.4731293,5.140541315522792,0.3325879844772084
3099,5.4954376,5.13901000053854,0.3564275994614601
3100,5.525284,5.137524023387192,0.38775997661280837
3101,5.5414395,5.136067223524841,0.40537227647515905
3102,5.5473733,5.134674512288163,0.4126987877118369
3103,5.5515575,5.133324815995009,0.41823268400499103
3104,5.5549107,5.132013129125417,0.422897570874583
3105,5.5583525,5.1307268003214945,0.4276256996785053
3106,5.5628023,5.129483355408351,0.4333189445916492
3107,5.5691795,5.128291820260787,0.4408876797392125
3108,5.578403,5.127296677890271,0.45110632210972845
3109,5.5913925,5.126529889086926,0.464862610913074
3110,5.6247787,5.125809011158518,0.4989696888414823
3111,5.6473007,5.125100095122007,0.5222006048779928
3112,5.657875,5.124407006451206,0.5334679935487934
3113,5.668396,5.123714578271248,0.5446814217287521
3114,5.6790085,5.1230279272804955,0.5559805727195046
3115,5.6850433,5.122353330091408,0.5626899699085923
3116,5.6809464,5.121710566428921,0.559235833571079
3117,5.6668854,5.121158977422679,0.5457264225773208
3118,5.642441,5.120582143959192,0.521858856040808
3119,5.612236,5.119823470782503,0.49241252921749723
3120,5.5822754,5.118878807830165,0.4633965921698353
3121,5.554863,5.117839511437379,0.4370234885626214
3122,5.532791,5.116819583968606,0.4159714160313932
3123,5.513855,5.1158594954530665,0.3979955045469339
3124,5.501274,5.114946319263966,0.3863276807360343
3125,5.494728,5.113947625049824,0.38078037495017636
3126,5.483391,5.112864519821252,0.37052648017874823
3127,5.4820404,5.111807379243264,0.3702330207567357
3128,5.481682,5.110811789606673,0.3708702103933268
3129,5.4821396,5.1099331603208515,0.37220643967914846
3130,5.483322,5.109177340842033,0.3741446591579676
3131,5.475796,5.108540604934555,0.36725539506544447
3132,5.46394,5.108047202281926,0.3558927977180737
3133,5.4527364,5.107709212086389,0.34502718791361087
3134,5.442557,5.107519725333949,0.3350372746660506
3135,5.433774,5.107517008004772,0.32625699199522806
3136,5.426759,5.107721255556699,0.3190377444433006
3137,5.4218845,5.10808699858492,0.3137975014150802
3138,5.4195223,5.108638929668798,0.3108833703312017
3139,5.4566956,5.109342859769546,0.3473527402304537
3140,5.4874496,5.110156190195718,0.37729340980428194
3141,5.504326,5.111084795231877,0.3932412047681231
3142,5.5117493,5.112088088637646,0.39966121136235433
3143,5.518387,5.113117185434922,0.40526981456507727
3144,5.5219727,5.114128681920131,0.40784401807986903
3145,5.524803,5.115081387119121,0.4097216128808796
3146,5.5285034,5.115910191731195,0.4125932082688051
3147,5.5308914,5.116575379340898,0.41431602065910145
3148,5.5294266,5.117146155292244,0.41228044470775593
3149,5.526375,5.117730597429418,0.408644402570582
3150,5.518669,5.11846740063935,0.40020159936065003
3151,5.511963,5.1193853291246345,0.3925776708753652
3152,5.503441,5.1203641761079535,0.3830768238920461
3153,5.4916306,5.121372343044628,0.3702582569553714
3154,5.4804688,5.122277523779178,0.3581912762208219
3155,5.467148,5.123059753066941,0.34408824693305906
3156,5.454468,5.123805428760566,0.33066257123943466
3157,5.4385834,5.124421214260678,0.3141621857393213
3158,5.424301,5.124830726120607,0.2994702738793924
3159,5.4119873,5.1250424556057395,0.2869448443942604
3160,5.4318542,5.1250982707355535,0.3067559292644466
3161,5.4214935,5.125013681605362,0.296479818394638
3162,5.4202194,5.124854122511892,0.2953652774881075
3163,5.421913,5.124814794552769,0.29709820544723087
3164,5.428421,5.124923831913191,0.3034971680868095
3165,5.438156,5.125137467982385,0.3130185320176153
3166,5.448784,5.12551221731647,0.32327178268352963
3167,5.459244,5.126034199069521,0.33320980093047936
3168,5.4685516,5.126669595508425,0.34188200449157424
3169,5.4744644,5.127354464095942,0.3471099359040579
3170,5.4805374,5.127972854420993,0.35256454557900696
3171,5.4869843,5.128448873333407,0.35853542666659255
3172,5.4908767,5.128793064967226,0.3620836350327741
3173,5.491715,5.12904329793625,0.36267170206375
3174,5.4933233,5.129263408990219,0.36405989100978076
3175,5.4956293,5.129502369098867,0.36612693090113346
3176,5.498562,5.129710335117332,0.3688516648826674
3177,5.502048,5.129776492342322,0.37227150765767814
3178,5.5060167,5.129631690404319,0.37638500959568066
3179,5.510397,5.129282239092453,0.3811147609075469
3180,5.515115,5.128820301754986,0.38629469824501417
3181,5.5200996,5.128343996566526,0.3917556034334737
3182,5.5252795,5.127875062613354,0.3974044373866459
3183,5.5305824,5.12745257968453,0.4031298203154705
3184,5.535937,5.127096287915818,0.4088407120841815
3185,5.5412703,5.126774168134946,0.41449613186505374
3186,5.5464706,5.126536209069454,0.4199343909305462
3187,5.5507584,5.1263605255818385,0.4243978744181618
3188,5.5573807,5.1262190408704225,0.43116165912957793
3189,5.5590515,5.126168384696769,0.4328831153032304
3190,5.560005,5.126205130530207,0.43379986946979354
3191,5.558548,5.125979347734435,0.43256865226556496
3192,5.5544662,5.12548485226483,0.4289813477351698
3193,5.5388412,5.125007495045516,0.41383370495448446
3194,5.5234833,5.12452885373438,0.3989544462656198
3195,5.508209,5.124070416722844,0.38413858327715555
3196,5.492401,5.123647712774007,0.3687532872259931
3197,5.473755,5.12326645557032,0.35048854442967947
3198,5.45105,5.122858665996696,0.32819133400330447
3199,5.429077,5.122432974160557,0.30664402583944295
3200,5.4117203,5.122042985028389,0.28967731497161076
3201,5.392433,5.121679030551459,0.270753969448541
3202,5.3776855,5.121284786166569,0.25640071383343077
3203,5.3632507,5.120809957469481,0.24244074253051906
3204,5.3548737,5.120261738561184,0.2346119614388158
3205,5.353401,5.119657160162744,0.23374383983725622
3206,5.3519287,5.119026649709372,0.23290205029062783
3207,5.3490677,5.1183536231609414,0.23071407683905854
3208,5.3493805,5.117608125617887,0.2317723743821123
3209,5.3535004,5.116765166454626,0.23673523354537362
3210,5.356003,5.115818060353033,0.24018493964696752
3211,5.3551025,5.11479215765968,0.24031034234031967
3212,5.348549,5.113710577434814,0.23483842256518628
3213,5.337982,5.1125766271007045,0.22540537289929574
3214,5.3234787,5.11136713653035,0.21211156346964977
3215,5.3050003,5.109998766670697,0.19500153332930292
3216,5.288513,5.108355739166536,0.18015726083346362
3217,5.273506,5.106440462643867,0.16706553735613294
3218,5.2521057,5.104347087069447,0.14775861293055303
3219,5.223976,5.102148751830805,0.1218272481691951
3220,5.1933517,5.0998557938050855,0.09349590619491455
3221,5.142311,5.097508932332014,0.044802067667986556
3222,5.0975494,5.095188031373628,0.002361368626371707
3223,5.057907,5.092900028913416,-0.034993028913415714
3224,5.0255356,5.090650540980076,-0.06511494098007553
3225,4.9922714,5.088448845832346,-0.09617744583234611
3226,4.9640045,5.086254436233237,-0.12224993623323765
3227,4.9336777,5.0840164180535465,-0.15033871805354693
3228,4.902237,5.081720257111805,-0.17948325711180502
3229,4.87751,5.079321394826251,-0.201811394826251
3230,4.8608856,5.076616515471546,-0.21573091547154633
3231,4.85392,5.073511947937248,-0.21959194793724812
3232,4.853119,5.069953289758107,-0.2168342897581068
3233,4.8625183,5.06597542996346,-0.20345712996346066
3234,4.8766403,5.061792072074267,-0.18515177207426703
3235,4.8951416,5.057605427273148,-0.16246382727314845
3236,4.9152527,5.053628684420175,-0.1383759844201755
3237,4.938751,5.049982804156851,-0.11123180415685141
3238,4.95533,5.046694727571056,-0.09136472757105629
3239,4.96949,5.043784068986611,-0.07429406898661028
3240,4.9760895,5.041276281287748,-0.06518678128774802
3241,4.980751,5.039232992327396,-0.058481992327396704
3242,4.977043,5.037623585229476,-0.06058058522947629
3243,4.9722214,5.0362843265840045,-0.06406292658400492
3244,4.961281,5.035230274191842,-0.07394927419184238
3245,4.95002,5.034401758496302,-0.0843817584963018
3246,4.9454575,5.033658820906714,-0.08820132090671429
3247,4.946472,5.033012763649913,-0.08654076364991337
3248,4.9538574,5.0324841594876855,-0.07862675948768505
3249,4.9651337,5.032085882795304,-0.0669521827953039
3250,4.986534,5.031823038973623,-0.04528903897362291
3251,5.0304413,5.03150095893252,-0.0010596589325206907
3252,5.053787,5.031129014298081,0.022657985701918903
3253,5.0858994,5.030919685653071,0.05497971434692861
3254,5.1180496,5.030861526597852,0.08718807340214774
3255,5.1519165,5.030951828883478,0.12096467111652132
3256,5.1851273,5.031205839514553,0.15392146048544753
3257,5.215927,5.031613209076597,0.18431379092340272
3258,5.2476883,5.031996442824434,0.21569185717556572
3259,5.275963,5.03232143978681,0.24364156021318983
3260,5.3007126,5.032775237051705,0.2679373629482944
3261,5.328163,5.033453835031892,0.29470916496810773
3262,5.3534164,5.034390172587856,0.31902622741214426
3263,5.3733063,5.035565267976978,0.33774103202302275
3264,5.3928146,5.036948697553765,0.3558659024462356
3265,5.41082,5.038539999924997,0.37228000007500306
3266,5.434273,5.040444915419927,0.3938280845800728
3267,5.430725,5.042661659151659,0.3880633408483405
3268,5.4189224,5.045046832302592,0.37387556769740726
3269,5.4027557,5.047546446818469,0.3552092531815312
3270,5.383011,5.05018529933707,0.33282570066293005
3271,5.3641434,5.053022940984854,0.31112045901514573
3272,5.3411255,5.056078623634234,0.2850468763657661
3273,5.317215,5.059334167966442,0.2578808320335577
3274,5.2935944,5.06273525948345,0.2308591405165501
3275,5.271019,5.066208113950917,0.20481088604908315
3276,5.25576,5.069615671414205,0.18614432858579555
3277,5.246254,5.072915976200623,0.1733380237993778
3278,5.2448273,5.0761698302366085,0.16865746976339135
3279,5.24601,5.079403504101452,0.1666064958985478
3280,5.260231,5.082647613441492,0.17758338655850814
3281,5.2706375,5.085858237228225,0.1847792627717757
3282,5.2827606,5.088931392467514,0.19382920753248545
3283,5.292267,5.091937439776,0.20032956022399961
3284,5.308403,5.09499761618974,0.21340538381025986
3285,5.3166504,5.098101956477147,0.2185484435228533
3286,5.3271866,5.101230430014071,0.22595616998592938
3287,5.341324,5.104387997055668,0.23693600294433192
3288,5.341629,5.1075926187375575,0.23403638126244264
3289,5.345207,5.11091698753981,0.23429001246018988
3290,5.3551865,5.114326540375394,0.24085995962460593
3291,5.3563995,5.117665294721566,0.23873420527843425
3292,5.3607635,5.120939401613442,0.23982409838655805
3293,5.362953,5.12418127012785,0.23877172987215012
3294,5.3609543,5.127364188395418,0.23359011160458198
3295,5.352051,5.130443157564684,0.22160784243531673
3296,5.336479,5.133418655191671,0.20306034480832835
3297,5.319031,5.136326161182344,0.18270483881765553
3298,5.2963104,5.139170318950563,0.15714008104943744
3299,5.2793503,5.141957206688749,0.1373930933112506
3300,5.2626343,5.144680406335662,0.11795389366433806
3301,5.257469,5.147358377385447,0.1101106226145534
3302,5.252907,5.1500248431258395,0.10288215687416091
3303,5.250244,5.152649837587419,0.09759416241258112
3304,5.249901,5.15452415118257,0.09537684881743047
3305,5.24778,5.155518061467769,0.0922619385322303
3306,5.2451096,5.156302359015164,0.08880724098483572
3307,5.24308,5.157026938565924,0.0860530614340762
3308,5.245537,5.157656148583255,0.0878808514167444
3309,5.2410126,5.158103814501942,0.08290878549805836
3310,5.2472687,5.1584089344501205,0.08885976554987973
3311,5.2544937,5.158681529074393,0.09581217092560745
3312,5.2652206,5.158973069732079,0.10624753026792089
3313,5.276932,5.159267475239263,0.11766452476073752
3314,5.2887497,5.1595398499828065,0.12920985001719387
3315,5.3011856,5.159744231210287,0.14144136878971292
3316,5.317047,5.159809899262697,0.15723710073730235
3317,5.3327103,5.159439681114277,0.1732706188857227
3318,5.3377457,5.1586345003937115,0.17911119960628863
3319,5.3432007,5.157758500013594,0.18544219998640532
3320,5.344887,5.156866321783748,0.1880206782162519
3321,5.344986,5.15596755380118,0.18901844619881913
3322,5.346634,5.155196357568112,0.19143764243188777
3323,5.3488617,5.154506516224141,0.19435518377585836
3324,5.3532715,5.1537776927371395,0.19949380726286048
3325,5.3556747,5.152989095409412,0.20268560459058804
3326,5.350754,5.15216221260883,0.19859178739117045
3327,5.334381,5.151242534836388,0.1831384651636112
3328,5.3111954,5.150207533189478,0.16098786681052157
3329,5.2893906,5.149160030142574,0.140230569857426
3330,5.274414,5.1481360507922265,0.1262779492077737
3331,5.2664185,5.147170525790199,0.11924797420980138
3332,5.2660217,5.146213084462038,0.11980861553796185
3333,5.2700577,5.1451524279036285,0.12490527209637126
3334,5.282463,5.1440519471631,0.1384110528368998
3335,5.294716,5.143007689514724,0.1517083104852759
3336,5.3083725,5.141983252162658,0.16638924783734232
3337,5.3258057,5.140891597226867,0.18491410277313314
3338,5.3342056,5.139766894228183,0.19443870577181688
3339,5.343666,5.1386871660902695,0.20497883390973026
3340,5.3498917,5.137594367772753,0.212297332227247
3341,5.3563766,5.136463314103709,0.21991328589629067
3342,5.360359,5.135409957805069,0.22494904219493073
3343,5.364418,5.134417975045953,0.23000002495404637
3344,5.3719177,5.133395657250008,0.23852204274999167
3345,5.3818893,5.132388202004057,0.24950109799594333
3346,5.391548,5.131443449796344,0.2601045502036561
3347,5.40625,5.130747156685462,0.27550284331453767
3348,5.4199066,5.130288572903635,0.2896180270963651
3349,5.4344587,5.129889690906808,0.30456900909319273
3350,5.4523535,5.129630032315165,0.32272346768483473
3351,5.4695315,5.129489174477731,0.3400423255222691
3352,5.485861,5.12938262075944,0.3564783792405599
3353,5.501231,5.129360888527007,0.371870111472993
3354,5.515523,5.12942136166457,0.3861016383354299
3355,5.528619,5.129558133555478,0.3990608664445219
3356,5.5404,5.129789502034526,0.41061049796547433
3357,5.5507483,5.13015834814578,0.42058995185422
3358,5.5595455,5.130634498786411,0.4289110012135886
3359,5.5666738,5.1311293724559075,0.4355444275440927
3360,5.572014,5.131616691006351,0.44039730899364926
3361,5.5754495,5.132083175876785,0.4433663241232155
3362,5.576859,5.1325019470951885,0.4443570529048113
3363,5.572281,5.132861176779228,0.43941982322077244
3364,5.5656967,5.133184268970998,0.43251243102900183
3365,5.557541,5.133496524223902,0.42404447577609794
3366,5.5540967,5.13382699832138,0.42026970167861943
3367,5.5467,5.134187291163423,0.4125127088365774
3368,5.5309997,5.134564782939988,0.3964349170600121
3369,5.510619,5.1349483913883445,0.3756706086116557
3370,5.489182,5.135312324522896,0.35386967547710313
3371,5.4703116,5.135582262575512,0.33472933742448774
3372,5.4576306,5.135792763577827,0.3218378364221728
3373,5.459305,5.136011058285247,0.3232939417147529
3374,5.5160294,5.136181763492005,0.3798476365079946
3375,5.5384293,5.136295183551036,0.4021341164489636
3376,5.5362244,5.13636249966239,0.39986190033761027
3377,5.530548,5.136366063547649,0.3941819364523509
3378,5.521866,5.136332766807127,0.3855332331928736
3379,5.5153503,5.136304228144575,0.3790460718554245
3380,5.5106506,5.136296172196137,0.37435442780386285
3381,5.5127487,5.13628910378387,0.37645959621613034
3382,5.5150604,5.136253702597118,0.3788066974028821
3383,5.5191345,5.13611580842043,0.38301869157956947
3384,5.527382,5.135829305396937,0.39155269460306297
3385,5.534149,5.135384088724631,0.39876491127536884
3386,5.536171,5.1346762138951805,0.4014947861048199
3387,5.538109,5.133671007034605,0.40443799296539495
3388,5.545265,5.13238961678219,0.41287538321781003
3389,5.536316,5.130812092315217,0.40550390768478284
3390,5.5295715,5.128982517127783,0.40058898287221734
3391,5.519623,5.127068941993783,0.39255405800621723
3392,5.508789,5.1252366557637545,0.3835523442362456
3393,5.495178,5.123533085342419,0.37164491465758154
3394,5.486122,5.12196125550828,0.36416074449171987
3395,5.4751434,5.120519018351635,0.3546243816483656
3396,5.465378,5.119153463638139,0.346224536361861
3397,5.4627686,5.11782769566973,0.34494090433027047
3398,5.4649887,5.1165588228227215,0.3484298771772787
3399,5.4680176,5.115343815759645,0.35267378424035467
3400,5.4714785,5.114161576704425,0.3573169232955751
3401,5.47258,5.1130003360172385,0.3595796639827613
3402,5.4731016,5.111905449742038,0.36119615025796126
3403,5.473357,5.110870948184901,0.3624860518150994
3404,5.473661,5.109832518158578,0.3638284818414217
3405,5.4743276,5.108780359119111,0.36554724088088886
3406,5.4756703,5.107709702016131,0.3679605979838687
3407,5.4938354,5.1066147923470275,0.3872206076529725
3408,5.5145493,5.105449959659886,0.40909934034011375
3409,5.509987,5.104200802307154,0.4057861976928461
3410,5.5053253,5.102896293334658,0.40242900666534176
3411,5.4999924,5.101555923373943,0.3984364766260571
3412,5.4964676,5.100233332616467,0.39623426738353285
3413,5.4917297,5.098954188512545,0.3927755114874545
3414,5.4860992,5.097665346760683,0.38843385323931656
3415,5.477051,5.09633824482198,0.3807127551780205
3416,5.46447,5.094946295693548,0.3695237043064523
3417,5.4456787,5.0934586246479014,0.35222007535209876
3418,5.4225845,5.091891356920749,0.3306931430792508
3419,5.3966293,5.090245485980036,0.30638381401996373
3420,5.3663254,5.088523507972859,0.27780189202714123
3421,5.3539352,5.086733809395448,0.2672013906045514
3422,5.3281403,5.084799817580543,0.24334048241945716
3423,5.3145294,5.08301230130315,0.23151709869685
3424,5.3007355,5.081464623941695,0.21927087605830486
3425,5.293274,5.079929766730036,0.21334423326996443
3426,5.2881165,5.078434103362248,0.2096823966377519
3427,5.2879944,5.076961750812711,0.21103264918728826
3428,5.2973022,5.075545019665367,0.22175718033463276
3429,5.294403,5.074206578320827,0.22019642167917297
3430,5.289734,5.072967469709699,0.21676653029030124
3431,5.2894135,5.071872580591992,0.21754091940800802
3432,5.290703,5.070856591496891,0.2198464085031091
3433,5.293046,5.069849130215139,0.22319686978486164
3434,5.2941947,5.068912749795217,0.22528195020478314
3435,5.29662,5.068066977972545,0.2285530220274552
3436,5.300347,5.067298911757424,0.23304808824257606
3437,5.3054023,5.066600262495307,0.2388020375046933
3438,5.3118114,5.065962139151283,0.2458492608487166
3439,5.3196,5.065451757990812,0.2541482420091885
3440,5.3287945,5.065101036356262,0.2636934636437376
3441,5.33942,5.064952346404675,0.274467653595325
3442,5.3515024,5.065064649629517,0.28643775037048336
3443,5.365068,5.065435886685306,0.2996321133146935
3444,5.3801413,5.066040781026939,0.3141005189730608
3445,5.39675,5.0668365102911395,0.3299134897088605
3446,5.4149184,5.067734821154029,0.3471835788459714
3447,5.4346724,5.068763135666535,0.3659092643334656
3448,5.456038,5.069974406780834,0.3860635932191663
3449,5.479042,5.071328280420095,0.4077137195799043
3450,5.503709,5.072837309031422,0.43087169096857814
3451,5.5300646,5.074496665358142,0.4555679346418584
3452,5.558136,5.076194790836309,0.48194120916369076
3453,5.5808206,5.077803334097523,0.5030172659024768
3454,5.586134,5.079283529091792,0.5068504709082085
3455,5.590295,5.08067297060213,0.5096220293978702
3456,5.5934587,5.082018136370908,0.5114405636290922
3457,5.595782,5.083343242997002,0.5124387570029976
3458,5.597421,5.0846278329962535,0.5127931670037462
3459,5.598533,5.0860297845748095,0.5125032154251903
3460,5.599274,5.087889813222203,0.5113841867777973
3461,5.5998,5.090094528768325,0.5097054712316753
3462,5.600268,5.09243290595911,0.5078350940408898
3463,5.6008334,5.094894405640971,0.5059389943590293
3464,5.6016536,5.097416811683272,0.504236788316728
3465,5.6028237,5.100044042446401,0.5027796575535994
3466,5.604595,5.1027866435681295,0.5018083564318703
3467,5.607084,5.105654338350868,0.5014296616491327
3468,5.610446,5.108653997914818,0.5017920020851818
3469,5.614839,5.111710446726817,0.5031285532731831
3470,5.622055,5.114797158671449,0.5072578413285509
3471,5.6256256,5.11783597892221,0.5077896210777899
3472,5.6140985,5.120841784535178,0.4932567154648222
3473,5.6012173,5.123868306600506,0.4773489933994943
3474,5.588098,5.126840177847389,0.4612578221526107
3475,5.5758543,5.129753868693524,0.44610043130647536
3476,5.565601,5.1326246168213245,0.4329763831786755
3477,5.558452,5.1354888338061935,0.4229631661938065
3478,5.5555224,5.1383444350785625,0.41717796492143755
3479,5.6016846,5.1411459797438015,0.4605386202561981
3480,5.6572723,5.14380190387271,0.51347039612729
3481,5.6829987,5.146179061827684,0.5368196381723154
3482,5.697174,5.148213526635233,0.548960473364767
3483,5.7106247,5.149886929417651,0.5607377705823495
3484,5.718025,5.151306109256384,0.5667188907436156
3485,5.7263412,5.152623516321442,0.5737176836785585
3486,5.734314,5.153860188718795,0.5804538112812052
3487,5.7406387,5.155016273927615,0.5856224260723852
3488,5.7287827,5.156119996750975,0.5726627032490246
3489,5.740082,5.157162488723563,0.5829195112764367
3490,5.7370987,5.1581700989399675,0.5789286010600323
3491,5.7313385,5.159171360987121,0.5721671390128789
3492,5.7270813,5.160218338217249,0.5668629617827508
3493,5.720047,5.161333028296803,0.558713971703197
3494,5.7038116,5.162571755341569,0.5412398446584312
3495,5.692398,5.164005742836167,0.5283922571638326
3496,5.6648483,5.165637372650577,0.49921092734942274
3497,5.639633,5.167466098823548,0.4721669011764522
3498,5.622549,5.169490128027727,0.45305887197227346
3499,5.602196,5.171661950016729,0.4305340499832715
3500,5.576711,5.17384129311723,0.40286970688277
3501,5.5489335,5.175768846376173,0.3731646536238271
3502,5.5217032,5.177189149587632,0.3445140504123678
3503,5.497861,5.1780545293956655,0.31980647060433487
3504,5.480247,5.178482437411374,0.3017645625886267
3505,5.4717,5.178644967583498,0.2930550324165022
3506,5.5145645,5.178685129938941,0.3358793700610585
3507,5.5491867,5.1786482383171455,0.3705384616828544
3508,5.561455,5.178615462793575,0.38283953720642483
3509,5.574608,5.178618985342438,0.39598901465756153
3510,5.5752563,5.178625262604403,0.396631037395597
3511,5.570956,5.17865599064967,0.39230000935032994
3512,5.5671873,5.178710880076616,0.3884764199233839
3513,5.5639186,5.178812313003184,0.38510628699681604
3514,5.5611176,5.178994526486352,0.3821230735136485
3515,5.558753,5.179265848525268,0.37948715147473244
3516,5.556792,5.17964532643311,0.37714667356689
3517,5.555202,5.1801246863875505,0.3750773136124499
3518,5.553953,5.18068676640963,0.37326623359037026
3519,5.5530124,5.181357668538576,0.37165473146142425
3520,5.5523477,5.182155338158639,0.3701923618413616
3521,5.5519266,5.183051295639853,0.3688753043601469
3522,5.551718,5.184009191842242,0.36770880815775797
3523,5.5528946,5.18504800782421,0.3678465921757903
3524,5.540947,5.186175600083997,0.3547713999160029
3525,5.531418,5.187335332282973,0.34408266771702767
3526,5.5216904,5.188018390132055,0.33367200986794465
3527,5.5142746,5.18820325975052,0.3260713402494799
3528,5.5085526,5.188325558868735,0.32022704113126466
3529,5.5032806,5.188378661448687,0.314901938551313
3530,5.5039062,5.188366531329236,0.31553966867076433
3531,5.4993668,5.188321646056285,0.3110451539437147
3532,5.4986954,5.188270873139647,0.31042452686035293
3533,5.499481,5.188186237170325,0.31129476282967516
3534,5.4989014,5.188085567268614,0.3108158327313859
3535,5.495987,5.188003523751053,0.30798347624894706
3536,5.489868,5.187912203019541,0.3019557969804598
3537,5.4881363,5.187793643244809,0.30034265675519123
3538,5.457136,5.187672865081791,0.26946313491820906
3539,5.4371634,5.1875659078999,0.24959749210009985
3540,5.419533,5.187492351294173,0.2320406487058273
3541,5.4040494,5.187454240531273,0.21659515946872698
3542,5.3905277,5.187413854460014,0.20311384553998568
3543,5.378782,5.187335661728291,0.19144633827170932
3544,5.368625,5.187199272857807,0.18142572714219263
3545,5.3598723,5.186947354858473,0.1729249451415269
3546,5.352337,5.186477621887338,0.16585937811266227
3547,5.3458333,5.185792664248816,0.16004063575118366
3548,5.3401756,5.184949992248243,0.1552256077517571
3549,5.335177,5.183996634572934,0.1511803654270656
3550,5.3306527,5.1829608702221455,0.14769182977785444
3551,5.3264155,5.181906984111924,0.14450851588807634
3552,5.3230844,5.18088613093377,0.14219826906623023
3553,5.321,5.1798846348827015,0.14111536511729827
3554,5.320056,5.178601854374305,0.14145414562569503
3555,5.3436356,5.176766978445769,0.1668686215542312
3556,5.363945,5.174717132931695,0.18922786706830497
3557,5.383728,5.172745098401682,0.21098290159831734
3558,5.4027557,5.170838839372239,0.23191686062776107
3559,5.4167404,5.169000817544265,0.24773958245573535
3560,5.4395294,5.167017190573689,0.2725122094263108
3561,5.456314,5.1649164694938055,0.29139753050619444
3562,5.4703827,5.162949239066045,0.3074334609339546
3563,5.467369,5.161109759304334,0.3062592406956659
3564,5.4599304,5.1593494597349405,0.30058094026505966
3565,5.461952,5.157583260443181,0.30436873955681953
3566,5.452807,5.155779569527737,0.2970274304722631
3567,5.4537992,5.153963462270507,0.29983573772949246
3568,5.455752,5.152185807452995,0.303566192547005
3569,5.458885,5.150526044867137,0.3083589551328636
3570,5.4634204,5.1490358331528485,0.3143845668471519
3571,5.469577,5.147741115334531,0.321835884665469
3572,5.477576,5.146629582534482,0.3309464174655181
3573,5.487638,5.145646849570863,0.34199115042913686
3574,5.5159225,5.144805813774958,0.3711166862250419
3575,5.527664,5.14489556495811,0.38276843504189006
3576,5.5314026,5.145968136921049,0.38543446307895124
3577,5.538948,5.147314171010672,0.3916338289893284
3578,5.543602,5.1488962693094535,0.3947057306905464
3579,5.547142,5.150816500570132,0.39632549942986817
3580,5.549919,5.153013564017442,0.3969054359825579
3581,5.5592194,5.15528783963698,0.40393156036302
3582,5.5518494,5.157628070593129,0.3942213294068706
3583,5.553459,5.160020161812943,0.39343883818705727
3584,5.5538254,5.16242563785831,0.39139976214169003
3585,5.5498657,5.1647939973091175,0.3850717026908823
3586,5.543236,5.167089920450898,0.37614607954910184
3587,5.529106,5.169329515211037,0.35977648478896285
3588,5.517914,5.171514730663432,0.34639926933656806
3589,5.50251,5.173670158353377,0.32883984164662294
3590,5.4875336,5.175823183239998,0.3117104167600022
3591,5.4703827,5.177976672846727,0.29240602715327313
3592,5.4543304,5.1801659155721325,0.27416448442786745
3593,5.439171,5.1823915598444374,0.25677944015556253
3594,5.4265823,5.184585664074165,0.24199663592583498
3595,5.419533,5.186609317068238,0.23292368293176224
3596,5.4169617,5.188380275051187,0.22858142494881317
3597,5.417618,5.189958850005269,0.22765914999473136
3598,5.422249,5.191409771250667,0.23083922874933283
3599,5.4317245,5.192799431668752,0.23892506833124738
3600,5.4671936,5.194204600357809,0.27298899964219103
3601,5.467964,5.195657431370624,0.27230656862937597
3602,5.476143,5.197198830981367,0.27894416901863384
3603,5.490593,5.1988358544320965,0.2917571455679031
3604,5.50354,5.2005285406727335,0.3030114593272666
3605,5.5153427,5.20223692585594,0.31310577414405927
3606,5.529457,5.2039236674055465,0.3255333325944534
3607,5.537468,5.2055479722718285,0.3319200277281711
3608,5.548378,5.2070309330287134,0.34134706697128614
3609,5.558159,5.208364462851409,0.34979453714859066
3610,5.563614,5.209602446382503,0.3540115536174975
3611,5.57296,5.210768711104836,0.36219128889516394
3612,5.581192,5.211946406012349,0.36924559398765044
3613,5.5965347,5.213229872354444,0.3833048276455564
3614,5.612686,5.2147031231381105,0.3979828768618896
3615,5.6313477,5.2164320288827914,0.4149156711172086
3616,5.647751,5.218436944669566,0.4293140553304342
3617,5.665306,5.2207111975387,0.44459480246130045
3618,5.6816635,5.223218384662862,0.4584451153371383
3619,5.69989,5.225839485091523,0.4740505149084768
3620,5.7178955,5.228525581758472,0.4893699182415281
3621,5.731819,5.231282699246156,0.5005363007538435
3622,5.748619,5.233993499092878,0.5146255009071217
3623,5.7611237,5.2365298744534226,0.5245938255465772
3624,5.76598,5.238865058747092,0.5271149412529077
3625,5.7660356,5.2410229551539,0.5250126448461003
3626,5.766082,5.243010239124375,0.5230717608756246
3627,5.7661204,5.244851461929427,0.5212689380705733
3628,5.7661514,5.24657316367981,0.5195782363201902
3629,5.766176,5.248183826938644,0.5179921730613559
3630,5.7661953,5.249697612750482,0.516497687249518
3631,5.766209,5.251149615323042,0.5150593846769578
3632,5.766219,5.252462185450753,0.5137568145492475
3633,5.7662253,5.253664689055017,0.5125606109449832
3634,5.766229,5.254847853272833,0.5113811467271674
3635,5.7662306,5.255933765190929,0.5102968348090711
3636,5.766231,5.256870708129757,0.5093602918702436
3637,5.7662315,5.257633463231121,0.5085980367688787
3638,5.766232,5.258064404835423,0.5081675951645765
3639,5.766234,5.258040918317135,0.5081930816828653
3640,5.7662373,5.257726036332152,0.5085112636678479
3641,5.766244,5.257226897327339,0.5090171026726615
3642,5.7662535,5.2565242155189935,0.5097292844810069
3643,5.7662673,5.255659959044169,0.5106073409558309
3644,5.7662864,5.254652686391729,0.5116337136082709
3645,5.766311,5.2535439755006,0.5127670244994
3646,5.7663426,5.252407170265984,0.5139354297340155
3647,5.7663813,5.251206640569113,0.5151746594308868
3648,5.7664275,5.24985148347367,0.5165760165263302
3649,5.766483,5.248366683178076,0.5181163168219243
3650,5.766205,5.246816112481297,0.5193888875187032
3651,5.7590256,5.245209126441412,0.5138164735585882
3652,5.75898,5.243578473902221,0.5154015260977793
3653,5.762062,5.2419179274574095,0.5201440725425908
3654,5.764763,5.240223722874078,0.5245392771259221
3655,5.769615,5.238525943548896,0.5310890564511039
3656,5.771599,5.236821049669222,0.5347779503307786
3657,5.771103,5.2351001265326,0.5360028734674005
3658,5.767044,5.233357193375721,0.5336868066242797
3659,5.767929,5.231566924593675,0.5363620754063243
3660,5.766342,5.229736084540498,0.5366059154595018
3661,5.7533875,5.2278889202031475,0.5254985797968521
3662,5.7378616,5.226037175123288,0.5118244248767114
3663,5.7180634,5.224201416329661,0.49386198367033884
3664,5.6986465,5.222391613333573,0.47625488666642646
3665,5.679161,5.220632586672098,0.45852841332790195
3666,5.662239,5.218914335190002,0.44332466480999777
3667,5.6464615,5.217199749919121,0.42926175008087863
3668,5.6411667,5.215526461044918,0.42564023895508196
3669,5.6396866,5.213905974060812,0.4257806259391881
3670,5.640381,5.212255095992325,0.4281259040076746
3671,5.6443405,5.210534428750743,0.43380607124925685
3672,5.6470795,5.208762527771654,0.4383169722283462
3673,5.64917,5.2069506903620955,0.44221930963790435
3674,5.649475,5.205098252915935,0.44437674708406494
3675,5.653511,5.20326704061644,0.45024395938355966
3676,5.653549,5.201443452107764,0.452105547892236
3677,5.6500244,5.199555655153181,0.45046874484681965
3678,5.645767,5.19769417587328,0.44807282412672045
3679,5.6346664,5.195937811422505,0.4387285885774954
3680,5.6232758,5.1943365246477935,0.42893927535220655
3681,5.6065445,5.193096899912703,0.41344760008729686
3682,5.585655,5.192400078575458,0.39325492142454177
3683,5.5633163,5.192021955149175,0.371294344850825
3684,5.534134,5.191843784731943,0.3422902152680569
3685,5.4992676,5.19197040777112,0.3072971922288792
3686,5.464691,5.192305465455427,0.2723855345445729
3687,5.433441,5.192709211886713,0.24073178811328688
3688,5.408432,5.193107771599072,0.21532422840092824
3689,5.3889313,5.193586096327488,0.1953452036725123
3690,5.372757,5.1940714536016825,0.17868554639831746
3691,5.364128,5.194440210488116,0.169687789511884
3692,5.3619537,5.194719660741025,0.1672340392589753
3693,5.3574295,5.194899609412099,0.16252989058790135
3694,5.3554153,5.195001574690694,0.1604137253093061
3695,5.350197,5.195006242298663,0.1551907577013365
3696,5.3472443,5.19462284153537,0.1526214584646297
3697,5.3432465,5.193901044745956,0.14934545525404452
3698,5.339926,5.193133794180277,0.14679220581972352
3699,5.340135,5.192354661667517,0.14778033833248294
3700,5.3407507,5.191604150721395,0.14914654927860482
3701,5.3419685,5.190902453165466,0.15106604683453373
3702,5.343985,5.190167569659912,0.1538174303400881
3703,5.346996,5.189473857898127,0.15752214210187265
3704,5.3511963,5.188982723316484,0.16221357668351555
3705,5.3567824,5.1886326882322376,0.1681497117677626
3706,5.405998,5.188354282292189,0.2176437177078112
3707,5.4609375,5.188135742159629,0.2728017578403712
3708,5.501343,5.1879643371963775,0.3133786628036228
3709,5.533081,5.187820352686945,0.3452606473130553
3710,5.5614777,5.187677977122638,0.3737997228773624
3711,5.5859222,5.187519656950469,0.3984025430495306
3712,5.6111145,5.187324962360445,0.4237895376395553
3713,5.634346,5.187051100329737,0.44729489967026304
3714,5.653328,5.186654499278526,0.4666735007214742
3715,5.669586,5.186081989704922,0.4835040102950776
3716,5.681755,5.185308293631167,0.4964467063688325
3717,5.6881485,5.184370105123496,0.5037783948765036
3718,5.690262,5.183329185397641,0.5069328146023588
3719,5.687752,5.182145739811826,0.5056062601881735
3720,5.6801453,5.180786292169699,0.49935900783030096
3721,5.6719,5.179253193922784,0.4926468060772162
3722,5.658178,5.177558294361922,0.48061970563807854
3723,5.6258745,5.175759246940234,0.4501152530597663
3724,5.581851,5.173889819084761,0.4079611809152395
3725,5.532969,5.171982776408011,0.36098622359198895
3726,5.486087,5.170021803610775,0.3160651963892258
3727,5.4480667,5.167994192641539,0.2800725073584607
3728,5.42577,5.165912513899083,0.2598574861009171
3729,5.450966,5.163793831424406,0.28717216857559436
3730,5.4688873,5.161633522590083,0.3072537774099162
3731,5.4655304,5.159422706503133,0.30610769349686695
3732,5.455124,5.157173924521717,0.29795007547828245
3733,5.4451523,5.154862742142354,0.2902895578576459
3734,5.44709,5.15243923301457,0.2946507669854306
3735,5.4490128,5.149896511638161,0.299116288361839
3736,5.4607086,5.147247002444225,0.31346159755577485
3737,5.474663,5.144481671125355,0.33018132887464446
3738,5.4909363,5.141616706677214,0.34931959332278684
3739,5.5015945,5.138670192707865,0.3629243072921353
3740,5.506729,5.135671560196896,0.3710574398031037
3741,5.508072,5.132653513193023,0.37541848680697765
3742,5.506119,5.1296406021986485,0.3764783978013515
3743,5.4985504,5.126644891970463,0.3719055080295375
3744,5.488373,5.123619436624486,0.36475356337551457
3745,5.4776535,5.120556277040444,0.35709722295955615
3746,5.466461,5.117471612045571,0.348989387954429
3747,5.4578857,5.114372228777231,0.343513471222769
3748,5.448593,5.1112644444191,0.3373285555808998
3749,5.4408875,5.108119910481046,0.33276758951895324
3750,5.426201,5.104962746720888,0.3212382532791116
3751,5.4211273,5.101848528274222,0.3192787717257781
3752,5.4152145,5.0987813226957694,0.3164331773042308
3753,5.40847,5.095748933341193,0.31272106665880717
3754,5.4096146,5.092732515647536,0.31688208435246423
3755,5.4138336,5.089728401442878,0.32410519855712216
3756,5.421898,5.086766776241372,0.33513122375862725
3757,5.4308395,5.083845602258266,0.3469938977417346
3758,5.44133,5.080971053448165,0.36035894655183487
3759,5.4510193,5.078246149891485,0.37277315010851453
3760,5.461952,5.075733479486671,0.38621852051332883
3761,5.4742584,5.073382728312009,0.40087567168799065
3762,5.486351,5.07122777509578,0.41512322490422005
3763,5.4921265,5.069285141947235,0.42284135805276524
3764,5.487732,5.067471291468859,0.42026070853114117
3765,5.475281,5.065737776346046,0.40954322365395424
3766,5.4486847,5.064064111344247,0.38462058865575344
3767,5.4144516,5.062366296246093,0.35208530375390623
3768,5.3739014,5.060569159448888,0.3133322405511123
3769,5.3279266,5.0586789527286165,0.2692476472713832
3770,5.287956,5.056775574303208,0.23118042569679265
3771,5.247299,5.055114147475561,0.19218485252443873
3772,5.216507,5.053724800207734,0.16278219979226627
3773,5.1947784,5.052473303944022,0.14230509605597774
3774,5.188393,5.051354161033643,0.13703883896635638
3775,5.19009,5.0503595028854305,0.1397304971145692
3776,5.1934414,5.049504290211508,0.14393710978849228
3777,5.1984034,5.048770664405172,0.14963273559482815
3778,5.2049313,5.048106516153536,0.15682478384646448
3779,5.212982,5.0475337249819034,0.16544827501809678
3780,5.2225113,5.047064164822449,0.17544713517755106
3781,5.2334747,5.046658235317701,0.18681646468229918
3782,5.2451324,5.046340530382869,0.19879186961713113
3783,5.2517776,5.046120476172614,0.2056571238273852
3784,5.2599106,5.045923623072263,0.21398697692773716
3785,5.26886,5.04567369933356,0.2231863006664403
3786,5.2783813,5.04534653516195,0.23303476483805063
3787,5.2904587,5.044973734368236,0.24548496563176414
3788,5.3053894,5.044626774819239,0.2607626251807611
3789,5.320526,5.044331389847742,0.2761946101522579
3790,5.333496,5.044101588959998,0.28939441104000263
3791,5.3384323,5.043873831029503,0.2945584689704974
3792,5.3309097,5.043578090234368,0.28733160976563266
3793,5.3174057,5.043244363054462,0.27416133694553846
3794,5.29657,5.042923767977187,0.2536462320228132
3795,5.2716064,5.042654464070808,0.22895193592919139
3796,5.23999,5.0424431537638394,0.19754684623616026
3797,5.202713,5.042216726745374,0.16049627325462623
3798,5.158951,5.041994554996144,0.11695644500385605
3799,5.1150665,5.041821691122562,0.07324480887743778
3800,5.074562,5.041705349224601,0.032856650775399565
3801,5.0335464,5.041641256017778,-0.008094856017778262
3802,4.992737,5.041544710958835,-0.04880771095883496
3803,4.947365,5.041448219751407,-0.09408321975140765
3804,4.8990936,5.04140174021616,-0.14230814021616034
3805,4.8530984,5.041381396437788,-0.18828299643778745
3806,4.8114424,5.041366195517638,-0.22992379551763786
3807,4.771002,5.041332585538099,-0.2703305855380984
3808,4.7339244,5.041281163497153,-0.307356763497153
3809,4.7023625,5.040993486800109,-0.3386309868001094
3810,4.678467,5.040487716771931,-0.36202071677193093
3811,4.6643863,5.040003796961484,-0.3756174969614836
3812,4.6598434,5.039508902414841,-0.3796655024148414
3813,4.6617584,5.039001538754244,-0.37724313875424365
3814,4.668556,5.038509566322847,-0.36995356632284704
3815,4.6855774,5.037960019618818,-0.352382619618818
3816,4.7089844,5.037259429946175,-0.32827502994617497
3817,4.74102,5.036378714166077,-0.2953587141660776
3818,4.7726974,5.035342500416345,-0.2626451004163446
3819,4.8093185,5.03420566876261,-0.22488716876260995
3820,4.847595,5.0330295175068755,-0.18543451750687545
3821,4.887741,5.031853972416345,-0.14411297241634458
3822,4.9270782,5.030658271806303,-0.10358007180630224
3823,4.9640045,5.029476508443818,-0.06547200844381873
3824,5.0004044,5.028409638642927,-0.028005238642927033
3825,5.03228,5.027484136428834,0.004795863571166237
3826,5.0704575,5.026695888893043,0.04376161110695698
3827,5.0904007,5.026041215017949,0.06435948498205057
3828,5.106056,5.025499742125092,0.08055625787490772
3829,5.1208954,5.025010957245864,0.09588444275413632
3830,5.133957,5.024519077467226,0.10943792253277351
3831,5.1421356,5.02402822960035,0.1181073703996498
3832,5.152519,5.023575945757286,0.1289430542427139
3833,5.162781,5.023161231495154,0.13961976850484614
3834,5.174118,5.022772200637128,0.15134579936287196
3835,5.182129,5.022357285664241,0.15977171433575865
3836,5.1828003,5.021963563862592,0.16083673613740856
3837,5.1806717,5.021687442904482,0.15898425709551844
3838,5.1659927,5.021491005777566,0.1445016942224342
3839,5.1372833,5.021351824983569,0.1159314750164313
3840,5.0903244,5.021265797763415,0.06905860223658511
3841,5.0329056,5.021218331228112,0.011687268771888526
3842,4.9699707,5.021204784761931,-0.05123408476193081
3843,4.9089127,5.021224470268503,-0.11231177026850325
3844,4.857971,5.0212474001356355,-0.1632764001356355
3845,4.814163,5.021235396394001,-0.20707239639400132
3846,4.780327,5.021126735925187,-0.24079973592518744
3847,4.7493286,5.02085894185997,-0.27153034185996994
3848,4.7243423,5.020471874132104,-0.29612957413210417
3849,4.7007446,5.020077297727176,-0.31933269772717576
3850,4.685707,5.019746205626095,-0.33403920562609546
3851,4.6715775,5.019524165905806,-0.34794666590580636
3852,4.670944,5.019461005801858,-0.34851700580185785
3853,4.6724963,5.0195563798602905,-0.34706007986029075
3854,4.681787,5.019807752690916,-0.338020752690916
3855,4.696332,5.020226792883634,-0.32389479288363443
3856,4.715219,5.020777747340766,-0.3055587473407657
3857,4.7375364,5.0214179585395335,-0.2838815585395338
3858,4.7623734,5.022114644182902,-0.25974124418290145
3859,4.788817,5.022798198865117,-0.23398119886511726
3860,4.815956,5.023447613786963,-0.20749161378696268
3861,4.8378677,5.024104839910796,-0.18623713991079605
3862,4.8549194,5.024797783095116,-0.16987838309511627
3863,4.8745117,5.025519475812247,-0.15100777581224634
3864,4.907303,5.02628129609497,-0.11897829609497013
3865,4.927025,5.027161192055518,-0.10013619205551727
3866,4.9485855,5.028093424797615,-0.07950792479761493
3867,4.9705048,5.028962281155429,-0.058457481155429036
3868,4.9936447,5.029750876875775,-0.036106176875774665
3869,5.01799,5.030452465793152,-0.0124624657931518
3870,5.0366974,5.031082811560984,0.005614588439016188
3871,5.047867,5.031638141103434,0.016228858896566223
3872,5.044533,5.032105180708463,0.012427819291537467
3873,5.0296555,5.032579947845082,-0.0029244478450820566
3874,5.00766,5.033107115335543,-0.025447115335543558
3875,4.98748,5.0336701266025585,-0.046190126602558834
3876,4.9711533,5.0342521855736715,-0.06309888557367138
3877,4.958809,5.034805774264565,-0.0759967742645653
3878,4.949379,5.035329711543925,-0.08595071154392464
3879,4.942482,5.0358179643560765,-0.0933359643560765
3880,4.9381256,5.036278077447225,-0.09815247744722466
3881,4.9247437,5.036684920109922,-0.11194122010992213
3882,4.9190216,5.037020843727318,-0.11799924372731851
3883,4.913704,5.0372962571483875,-0.1235922571483874
3884,4.9121246,5.037496512921807,-0.12537191292180694
3885,4.91346,5.0376023708931434,-0.12414237089314373
3886,4.9109955,5.037615403591545,-0.1266199035915445
3887,4.9095755,5.037551383140444,-0.1279758831404445
3888,4.902641,5.037420408182491,-0.13477940818249134
3889,4.8895807,5.037040669365207,-0.14745996936520722
3890,4.8729305,5.03643589255067,-0.16350539255066998
3891,4.855224,5.035821953108923,-0.18059795310892302
3892,4.8389964,5.035214365085196,-0.19621796508519562
3893,4.8267813,5.034601587243236,-0.2078202872432353
3894,4.821114,5.034000926108445,-0.21288692610844517
3895,4.8336716,5.033440711496321,-0.19976911149632137
3896,4.8215637,5.032889599177832,-0.21132589917783218
3897,4.809952,5.032339852542129,-0.22238785254212878
3898,4.8052826,5.03182444510301,-0.2265418451030099
3899,4.8107147,5.031366532046169,-0.220651832046169
3900,4.821228,5.030955039373255,-0.20972703937325576
3901,4.833679,5.030572694148489,-0.19689369414848912
3902,4.847069,5.030098216164207,-0.18302921616420686
3903,4.8819733,5.029563515342275,-0.1475902153422748
3904,4.910713,5.029068481801211,-0.1183554818012107
3905,4.9394226,5.028574009098624,-0.08915140909862362
3906,4.9590607,5.028075315787188,-0.0690146157871876
3907,4.9754944,5.027555853983117,-0.05206145398311701
3908,4.98497,5.027023901589999,-0.04205390158999922
3909,4.987938,5.026486414610663,-0.038548414610663606
3910,4.984146,5.025772079452079,-0.041626079452078635
3911,4.98085,5.024760761432766,-0.043910761432766066
3912,4.9774017,5.023543290270634,-0.04614159027063458
3913,4.97126,5.022200633850772,-0.05094063385077163
3914,4.9636307,5.020804234860734,-0.05717353486073318
3915,4.951065,5.019479956791978,-0.06841495679197784
3916,4.934059,5.018323072937369,-0.08426407293736826
3917,4.912552,5.017316287908957,-0.10476428790895742
3918,4.8888855,5.016489948144979,-0.12760444814497962
3919,4.8645935,5.016143275298978,-0.15154977529897806
3920,4.841942,5.016208804880011,-0.1742668048800109
3921,4.836085,5.016343821303649,-0.18025882130364934
3922,4.8363543,5.016492583433171,-0.18013828343317062
3923,4.8369975,5.016677111333743,-0.17967961133374288
3924,4.8381658,5.016939619669664,-0.1787738196696642
3925,4.840009,5.017284754380857,-0.1772757543808572
3926,4.8426795,5.017747533888763,-0.17506803388876335
3927,4.8463273,5.01834178485909,-0.17201448485909054
3928,4.851104,5.019054343266127,-0.1679503432661269
3929,4.8997498,5.019879774663246,-0.1201299746632456
3930,4.9330215,5.02080924682703,-0.08778774682703006
3931,4.9593964,5.021794213960203,-0.06239781396020305
3932,4.9808807,5.022761813446565,-0.04188111344656509
3933,5.001404,5.023682122179578,-0.022278122179578475
3934,5.025154,5.024576230952575,0.000577769047424681
3935,5.049492,5.02546431149684,0.024027688503159617
3936,5.0695724,5.02636253612932,0.04320986387067993
3937,5.088707,5.027301401607608,0.061405598392392235
3938,5.113655,5.028297470363062,0.08535752963693799
3939,5.1343307,5.029367822510505,0.10496287748949484
3940,5.155945,5.030574725303957,0.125370274696043
3941,5.163109,5.031864577195862,0.13124442280413806
3942,5.1748505,5.033166228830729,0.14168427116927074
3943,5.1867294,5.034490865639291,0.1522385343607091
3944,5.1952972,5.035811055684387,0.15948614431561303
3945,5.2031174,5.037102722113617,0.16601467788638313
3946,5.2081833,5.038352959931864,0.16983034006813558
3947,5.201668,5.0395259924495015,0.16214200755049823
3948,5.200279,5.040609595591712,0.15966940440828825
3949,5.1954346,5.041618690510744,0.15381590948925528
3950,5.1855545,5.042493562974851,0.14306093702514922
3951,5.1759872,5.043215280109852,0.13277191989014803
3952,5.1690445,5.043819720921617,0.12522477907838336
3953,5.1467896,5.044342815137624,0.10244678486237557
3954,5.126953,5.0448040673179175,0.08214893268208279
3955,5.1009293,5.045240426920151,0.05568887307984838
3956,5.086891,5.045663852833555,0.04122714716644449
3957,5.076645,5.046092141699475,0.03055285830052501
3958,5.0743637,5.046547761550082,0.027815938449918143
3959,5.081978,5.047029030690696,0.03494896930930391
3960,5.0883408,5.047467027705821,0.04087377229417921
3961,5.096512,5.047850812309677,0.048661187690322905
3962,5.104393,5.048250039979848,0.05614296002015173
3963,5.111084,5.048651180176984,0.06243281982301596
3964,5.114853,5.049053846632199,0.06579915336780129
3965,5.1222076,5.049435937433812,0.07277166256618806
3966,5.125534,5.04982248064691,0.0757115193530904
3967,5.1399155,5.050261532714359,0.08965396728564112
3968,5.1417465,5.050713793534358,0.09103270646564177
3969,5.1516495,5.051166466797481,0.1004830332025195
3970,5.1550903,5.051607816369909,0.10348248363009116
3971,5.1483307,5.052043177556271,0.09628752244372851
3972,5.1403656,5.052451057757462,0.08791454224253759
3973,5.123604,5.05283214710103,0.0707718528989707
3974,5.0993576,5.053223802685792,0.046133797314208635
3975,5.0734406,5.053580444846523,0.019860155153476278
3976,5.051421,5.053884422227053,-0.0024634222270529804
3977,5.03049,5.054163223225808,-0.023673223225807227
3978,5.009497,5.054413702763819,-0.044916702763819316
3979,4.989191,5.054605961900273,-0.06541496190027285
3980,4.9703226,5.054735387596254,-0.08441278759625348
3981,4.9536414,5.054821252481362,-0.10117985248136119
3982,4.939897,5.054879555161285,-0.11498255516128442
3983,4.9298396,5.05489377218432,-0.1250541721843197
3984,4.924218,5.054622753680628,-0.13040475368062854
3985,4.9469147,5.0540601179336155,-0.10714541793361576
3986,4.973114,5.053465576057806,-0.08035157605780618
3987,4.975891,5.0528713608447875,-0.07698036084478765
3988,4.973152,5.0522703767223165,-0.0791183767223167
3989,4.973938,5.0516416658446435,-0.07770366584464306
3990,4.980118,5.050931641058547,-0.07081364105854693
3991,4.9910583,5.050094594599993,-0.059036294599993155
3992,5.0089874,5.049125244437057,-0.0401378444370577
3993,5.025238,5.048092522940571,-0.022854522940571442
3994,5.0404816,5.047130755089093,-0.0066491550890930284
3995,5.0531235,5.046242532332089,0.006880967667910909
3996,5.063614,5.045384073571874,0.018229926428126042
3997,5.07238,5.044582835953143,0.027797164046856615
3998,5.0806427,5.043846155330911,0.036796544669089215
3999,5.0821,5.043179442333408,0.03892055766659119
4000,5.0867157,5.042605450695236,0.04411024930476426
4001,5.0934143,5.042170733447245,0.051243566552755304
4002,5.1010056,5.041865952227827,0.05913964777217284
4003,5.1111755,5.041674041576625,0.06950145842337463
4004,5.1195374,5.041598933766291,0.07793846623370815
4005,5.1288223,5.041584072618815,0.08723822738118514
4006,5.137787,5.041659103794396,0.09612789620560402
4007,5.145157,5.041853571608911,0.10330342839108919
4008,5.1439285,5.042106515991797,0.10182198400820308
4009,5.134514,5.042444154391793,0.09206984560820697
4010,5.128273,5.042859380303634,0.08541361969636618
4011,5.1141357,5.043336230579735,0.07079946942026538
4012,5.0926895,5.043871401514022,0.0488180984859774
4013,5.068451,5.044389916662809,0.024061083337191036
4014,5.0454865,5.04481043859709,0.0006760614029097667
4015,5.02684,5.0451272007429075,-0.018287200742907572
4016,5.012253,5.045407657622871,-0.03315465762287051
4017,4.997986,5.045704673171855,-0.04771867317185485
4018,4.9886093,5.046037437128974,-0.057428137128973766
4019,4.981819,5.046450586585217,-0.06463158658521717
4020,4.9766464,5.046971240638933,-0.07032484063893296
4021,4.9800797,5.047598520244828,-0.06751882024482825
4022,4.9837418,5.048340752513652,-0.06459895251365211
4023,4.989479,5.0491358337539545,-0.05965683375395425
4024,4.9982758,5.049846846132705,-0.0515710461327048
4025,5.0098495,5.050347178121971,-0.04049767812197125
4026,5.0214386,5.050562244674422,-0.029123644674422522
4027,5.028122,5.050530003349857,-0.02240800334985682
4028,5.0427322,5.050313062005925,-0.007580862005925226
4029,5.0510635,5.050019209268908,0.0010442907310919125
4030,5.0583878,5.049750007796331,0.008637792203669115
4031,5.0663834,5.0495284152162005,0.016854984783799765
4032,5.075432,5.049369016017343,0.026062983982657606
4033,5.084877,5.049264768055657,0.035612231944342376
4034,5.0924225,5.049188148056221,0.043234351943779004
4035,5.106102,5.049108521937556,0.05699347806244415
4036,5.1185684,5.049046627903038,0.06952177209696231
4037,5.134651,5.049007059736428,0.08564394026357203
4038,5.148102,5.048959471407156,0.09914252859284378
4039,5.162468,5.04891690460228,0.11355109539771924
4040,5.177574,5.048939484397167,0.12863451560283323
4041,5.2109222,5.049115653809482,0.16180654619051804
4042,5.217758,5.049533300584491,0.168224699415509
4043,5.224785,5.050263481479628,0.1745215185203719
4044,5.229988,5.0513662907553165,0.17862170924468312
4045,5.2352753,5.052851981542548,0.18242331845745152
4046,5.2433243,5.05467226190304,0.18865203809696052
4047,5.2507935,5.056718415082884,0.19407508491711667
4048,5.2615967,5.058907353491963,0.20268934650803683
4049,5.27063,5.0612420903189275,0.20938790968107224
4050,5.279045,5.063734571354498,0.21531042864550187
4051,5.2860413,5.066407058380047,0.2196342416199526
4052,5.291054,5.069279322014428,0.2217746779855716
4053,5.2997665,5.072344667702257,0.22742183229774238
4054,5.303253,5.075612145147192,0.22764085485280816
4055,5.3125687,5.079071250699221,0.23349744930077865
4056,5.3191223,5.082660912122754,0.23646138787724613
4057,5.3189545,5.086347956694181,0.23260654330581954
4058,5.319092,5.090135981916673,0.228956018083327
4059,5.3200226,5.094005241965693,0.22601735803430678
4060,5.348053,5.09790035703012,0.25015264296987993
4061,5.3042297,5.101810057964311,0.20241964203568852
4062,5.3238525,5.105779497995486,0.2180730020045143
4063,5.3150787,5.1098356732916494,0.20524302670835048
4064,5.3211823,5.114014542851492,0.20716775714850844
4065,5.329666,5.118299666602434,0.2113663333975655
4066,5.333993,5.12259140533332,0.21140159466668074
4067,5.3320007,5.126855786068042,0.20514491393195833
4068,5.328767,5.131065821916686,0.19770117808331378
4069,5.3247366,5.135186741045374,0.18954985895462517
4070,5.3203535,5.139196683228893,0.1811568167711073
4071,5.3160634,5.143010542043134,0.17305285795686576
4072,5.3123107,5.146578901323191,0.1657317986768092
4073,5.3095403,5.149984311256244,0.15955598874375632
4074,5.308197,5.153306931998395,0.1548900680016052
4075,5.2929688,5.15658258147282,0.13638621852717936
4076,5.3208923,5.159828055160575,0.16106424483942483
4077,5.3315353,5.163051739798853,0.16848356020114696
4078,5.3469925,5.166267794514055,0.18072470548594488
4079,5.365364,5.169499478931966,0.19586452106803343
4080,5.384346,5.172758139487867,0.2115878605121333
4081,5.4014053,5.17602960479163,0.22537569520837053
4082,5.41494,5.179311688836844,0.23562831116315586
4083,5.4229507,5.182587708436693,0.2403629915633072
4084,5.436882,5.185851720059336,0.2510302799406636
4085,5.449707,5.189051025871959,0.2606559741280412
4086,5.453125,5.192179324302029,0.2609456756979709
4087,5.4563065,5.195086090768136,0.2612204092318642
4088,5.4570847,5.197699105210269,0.2593855947897312
4089,5.4514465,5.200137939793917,0.25130856020608316
4090,5.445633,5.202382296197949,0.24325070380205105
4091,5.4400635,5.2044610181491135,0.2356024818508864
4092,5.436569,5.206406885598351,0.23016211440164902
4093,5.432663,5.208227675365177,0.22443532463482274
4094,5.4309006,5.209957963797489,0.2209426362025111
4095,5.42749,5.211614960148181,0.21587503985181833
4096,5.4286118,5.213180576051818,0.21543122394818148
4097,5.429062,5.214617657646428,0.21444434235357246
4098,5.438278,5.2162559919088,0.22202200809120054
4099,5.445114,5.2184538476356845,0.2266601523643157
4100,5.452614,5.220873712403236,0.23174028759676357
4101,5.4644012,5.223136835262934,0.24126436473706647
4102,5.4757614,5.225184232944733,0.25057716705526634
4103,5.485428,5.227024719520618,0.25840328047938144
4104,5.495247,5.228651212588922,0.26659578741107826
4105,5.5054474,5.2301041392011784,0.275343260798822
4106,5.511055,5.2314162106402895,0.2796387893597103
4107,5.5154495,5.232479708284087,0.28296979171591286
4108,5.5186996,5.23320581709079,0.2854937829092101
4109,5.5212097,5.233614384463112,0.2875953155368878
4110,5.5241623,5.2338211397542285,0.29034116024577195
4111,5.5290527,5.233831386550154,0.29522131344984626
4112,5.5330353,5.233527199519818,0.29950810048018184
4113,5.538124,5.232862252179828,0.3052617478201718
4114,5.540367,5.2318973705150285,0.30846962948497136
4115,5.5460815,5.2307041370794565,0.3153773629205432
4116,5.551071,5.229344437262755,0.3217265627372452
4117,5.5575027,5.227839665418229,0.3296630345817704
4118,5.5647964,5.226171813502506,0.3386245864974935
4119,5.579994,5.224347550153812,0.355646449846188
4120,5.5812073,5.222346282060737,0.3588610179392626
4121,5.5875626,5.219752280512894,0.36781031948710563
4122,5.591484,5.21653481203895,0.37494918796105026
4123,5.593979,5.213076074920237,0.38090292507976287
4124,5.5898056,5.209420417405035,0.38038518259496534
4125,5.594124,5.205618008785361,0.3885059912146387
4126,5.5947723,5.201695133559922,0.3930771664400776
4127,5.5970078,5.197705479815398,0.399302320184602
4128,5.6055374,5.19370961237461,0.4118277876253904
4129,5.602913,5.1897023439671806,0.4132106560328195
4130,5.6067047,5.185691973861058,0.42101272613894203
4131,5.6048813,5.181735990587164,0.4231453094128357
4132,5.61071,5.177862402488622,0.4328475975113779
4133,5.6053543,5.174065081648926,0.4312892183510737
4134,5.6090393,5.170369632798258,0.43866966720174183
4135,5.6067886,5.166774832494797,0.44001376750520294
4136,5.6090546,5.1632989932939894,0.4457556067060109
4137,5.612053,5.159948917128632,0.4521040828713687
4138,5.6161804,5.15672393719903,0.4594564628009703
4139,5.613289,5.153659700116969,0.4596292998830309
4140,5.6113815,5.150732127086032,0.46064937291396824
4141,5.607483,5.147978036646384,0.45950496335361635
4142,5.6026993,5.145395522277161,0.4573037777228395
4143,5.595932,5.142872782445052,0.45305921755494794
4144,5.590187,5.140360128809772,0.44982687119022824
4145,5.5822983,5.137822058541449,0.4444762414585508
4146,5.5729523,5.135227023836084,0.4377252761639161
4147,5.563423,5.132563651636874,0.43085934836312667
4148,5.5535126,5.12979832733584,0.42371427266416006
4149,5.5463715,5.126878399619662,0.41949310038033794
4150,5.542618,5.123807757893205,0.41881024210679474
4151,5.5451508,5.120596141373835,0.4245546586261648
4152,5.5395813,5.117287554469968,0.4222937455300322
4153,5.54364,5.11395357722231,0.42968642277768954
4154,5.551651,5.110616449221063,0.4410345507789364
4155,5.5621033,5.107299950890491,0.45480334910950937
4156,5.5736847,5.103998853275817,0.46968584672418334
4157,5.5869827,5.1006389254782265,0.4863437745217736
4158,5.6012115,5.097149731036536,0.5040617689634637
4159,5.6141357,5.09350854979882,0.5206271502011806
4160,5.6298065,5.089739048666556,0.540067451333444
4161,5.640419,5.085968839292502,0.5544501607074972
4162,5.6550064,5.08233349565601,0.5726729043439907
4163,5.666748,5.0788894533791185,0.5878585466208817
4164,5.677788,5.075678764330613,0.6021092356693867
4165,5.684738,5.072725170167403,0.6120128298325973
4166,5.689927,5.07004905088288,0.6198779491171198
4167,5.688723,5.067714982584196,0.6210080174158046
4168,5.685239,5.0657358365778675,0.6195031634221326
4169,5.680625,5.064069178102594,0.6165558218974061
4170,5.6756487,5.062708932196317,0.6129397678036828
4171,5.670423,5.061656888632358,0.6087661113676424
4172,5.66506,5.060887513406707,0.6041724865932938
4173,5.659673,5.06035299950088,0.5993200004991195
4174,5.654375,5.0600124665348885,0.5943625334651115
4175,5.6492777,5.059790398852529,0.5894873011474706
4176,5.6444945,5.059630802333973,0.5848636976660275
4177,5.640138,5.059564024259032,0.5805739757409683
4178,5.636321,5.059614137931864,0.5767068620681357
4179,5.633156,5.059787209643226,0.5733687903567732
4180,5.630756,5.060070978754425,0.5706850212455752
4181,5.629233,5.060475900343006,0.5687570996569944
4182,5.6287003,5.061060371259245,0.5676399287407552
4183,5.6476974,5.06180970459144,0.5858876954085606
4184,5.6551056,5.062661196746843,0.5924444032531566
4185,5.657631,5.0635623234100064,0.5940686765899938
4186,5.6552734,5.064512099840454,0.5907613001595458
4187,5.64769,5.065595526565186,0.5820944734348137
4188,5.6309586,5.066820035853249,0.5641385641467505
4189,5.6097946,5.068164360576266,0.5416302394237338
4190,5.5808716,5.069641716722723,0.5112298832772773
4191,5.55394,5.071266646442051,0.48267335355794927
4192,5.529785,5.07303217032221,0.4567528296777903
4193,5.5131454,5.074946217634663,0.43819918236533706
4194,5.4949875,5.077052923474891,0.41793457652510835
4195,5.470253,5.079319148676139,0.3909338513238607
4196,5.452286,5.081696743304667,0.37058925669533327
4197,5.4390182,5.084167180121005,0.3548510198789945
4198,5.4212112,5.08674844713351,0.3344627528664903
4199,5.408798,5.089438223831865,0.3193597761681346
4200,5.3853607,5.092248212256129,0.2931124877438709
4201,5.365715,5.095182833986959,0.27053216601304086
4202,5.3436737,5.098143921997749,0.2455297780022514
4203,5.3340836,5.101006373023721,0.23307722697627842
4204,5.330574,5.1037169359308,0.22685706406920048
4205,5.333786,5.106324126676164,0.22746187332383627
4206,5.3423157,5.108907974790744,0.2334077252092559
4207,5.354042,5.111585908818465,0.242456091181535
4208,5.3653717,5.114351855914308,0.25101984408569145
4209,5.377205,5.117245946521021,0.25995905347897885
4210,5.396637,5.120380001795371,0.27625699820462923
4211,5.4040604,5.123666110128454,0.2803942898715457
4212,5.4165344,5.127083062596524,0.2894513374034755
4213,5.424095,5.130620004594817,0.29347499540518296
4214,5.428093,5.134233243312684,0.2938597566873158
4215,5.432518,5.1379760465199436,0.2945419534800564
4216,5.4334183,5.141887919099685,0.2915303809003147
4217,5.4322968,5.145987970262835,0.2863088297371643
4218,5.4299545,5.150281355837526,0.2796731441624738
4219,5.427475,5.15473498097177,0.2727400190282303
4220,5.4340286,5.159309207451057,0.27471939254894373
4221,5.426506,5.163927865395185,0.26257813460481483
4222,5.425003,5.168554145103915,0.25644885489608527
4223,5.425476,5.173204526438774,0.25227147356122614
4224,5.430687,5.177874517033681,0.252812482966319
4225,5.4344406,5.182547720312615,0.25189287968738494
4226,5.438263,5.187186605093192,0.251076394906808
4227,5.4473267,5.191751202693151,0.2555754973068485
4228,5.458618,5.196204141013137,0.2624138589868634
4229,5.471466,5.2005349059616215,0.2709310940383789
4230,5.4887238,5.204733989446581,0.2839898105534191
4231,5.506012,5.208631264136385,0.2973807358636149
4232,5.5212784,5.212149276963997,0.30912912303600315
4233,5.539612,5.215381381700265,0.324230618299735
4234,5.5543976,5.2183019978259235,0.3360956021740762
4235,5.5686646,5.220895916704062,0.34776868329593835
4236,5.581299,5.223236967131776,0.35806203286822313
4237,5.5886765,5.22540078571611,0.3632757142838896
4238,5.6202545,5.227456323434102,0.3927981765658979
4239,5.6193237,5.229462507009838,0.3898611929901614
4240,5.606888,5.231442682322866,0.3754453176771335
4241,5.6035004,5.233392652210943,0.3701077477890564
4242,5.6022415,5.235299053975047,0.36694244602495285
4243,5.602768,5.237169643926914,0.365598356073086
4244,5.597824,5.239003162422347,0.35882083757765315
4245,5.5947647,5.240785477885162,0.35397922211483746
4246,5.602783,5.242526757402289,0.3602562425977105
4247,5.596039,5.244197221602389,0.35184177839761155
4248,5.602722,5.2457771816928895,0.35694481830711045
4249,5.609798,5.247139468266099,0.36265853173390106
4250,5.615641,5.248259352600001,0.36738164739999934
4251,5.6209445,5.249258611796894,0.371685888203106
4252,5.6257176,5.250105370733668,0.37561222926633153
4253,5.6299715,5.250795990508045,0.37917550949195533
4254,5.633716,5.251348848857003,0.38236715114299713
4255,5.636961,5.251752848557106,0.3852081514428942
4256,5.639718,5.251982306975262,0.3877356930247382
4257,5.6419954,5.251987476894607,0.3900079231053928
4258,5.643804,5.25185098750591,0.3919530124940902
4259,5.645154,5.251611082389128,0.3935429176108718
4260,5.6460557,5.25121777957771,0.3948379204222894
4261,5.646519,5.250647405631975,0.39587159436802466
4262,5.6406784,5.249842050299377,0.3908363497006224
4263,5.6156235,5.248869979731138,0.3667535202688619
4264,5.591461,5.2478091818214265,0.34365181817857327
4265,5.56942,5.246623830680587,0.322796169319413
4266,5.5481415,5.245255946234115,0.30288555376588455
4267,5.525383,5.243645663148818,0.2817373368511813
4268,5.5062714,5.241798867232536,0.2644725327674644
4269,5.4871674,5.239639622950233,0.24752777704976658
4270,5.4689865,5.237197997525464,0.23178850247453564
4271,5.4577713,5.234597069836752,0.22317423016324778
4272,5.4509354,5.231805494970674,0.21912990502932583
4273,5.4475937,5.228786454014111,0.21880724598588852
4274,5.443962,5.22561215205811,0.21834984794188994
4275,5.44693,5.2223802477855905,0.22454975221440954
4276,5.452896,5.218893920305053,0.2340020796949469
4277,5.461296,5.2149372507891245,0.24635874921087542
4278,5.472084,5.210763542113822,0.2613204578861774
4279,5.4835815,5.206531555576462,0.2770499444235375
4280,5.4984207,5.202055265975262,0.2963654340247377
4281,5.5120773,5.1972581675171785,0.3148191324828211
4282,5.5260315,5.192255374206901,0.3337761257930989
4283,5.5354867,5.1872161338869995,0.34827056611300033
4284,5.5344434,5.182246724823696,0.3521966751763035
4285,5.5308313,5.177351568400364,0.3534797315996361
4286,5.525362,5.172685490741539,0.35267650925846095
4287,5.5179577,5.168472595816986,0.3494851041830138
4288,5.5100865,5.1646982351815485,0.3453882648184514
4289,5.5015383,5.161207373921814,0.3403309260781864
4290,5.4926214,5.157806155462738,0.3348152445372623
4291,5.4836445,5.154393718427236,0.3292507815727639
4292,5.4749126,5.15098929821977,0.3239233017802299
4293,5.466742,5.147660067276395,0.31908193272360474
4294,5.459437,5.144491893180888,0.3149451068191125
4295,5.4533067,5.141563188045777,0.3117435119542229
4296,5.4486594,5.138929991336481,0.30972940866351895
4297,5.4458036,5.136653463119721,0.3091501368802785
4298,5.4518967,5.134735554537858,0.31716114546214147
4299,5.4950104,5.1331413876869085,0.36186901231309143
4300,5.481903,5.131858595987979,0.35004440401202075
4301,5.48525,5.130857060061187,0.3543929399388128
4302,5.48176,5.130177123459484,0.35158287654051623
4303,5.4825883,5.129797283778826,0.3527910162211736
4304,5.484222,5.129579213369116,0.3546427866308841
4305,5.486636,5.129429554469656,0.35720644553034386
4306,5.489806,5.129319045492423,0.36048695450757684
4307,5.493707,5.128959011277663,0.3647479887223364
4308,5.4983153,5.128288206387347,0.37002709361265307
4309,5.503605,5.127570902981826,0.3760340970181746
4310,5.5095525,5.126794508593697,0.3827579914063026
4311,5.516133,5.12593637416437,0.39019662583563
4312,5.523321,5.125048213366053,0.39827278663394683
4313,5.531093,5.124127550511851,0.4069654494881494
4314,5.5394278,5.123183810440419,0.41624398955958153
4315,5.548293,5.122258867066934,0.4260341329330659
4316,5.5576687,5.121361576119231,0.436307123880769
4317,5.5675297,5.1205144542345735,0.4470152457654262
4318,5.5778513,5.119701966191002,0.4581493338089979
4319,5.5886087,5.118909992642779,0.46969870735722097
4320,5.5997777,5.1181577233242255,0.4816199766757743
4321,5.6113334,5.117499346795149,0.49383405320485174
4322,5.6227036,5.1168461660731355,0.5058574339268649
4323,5.619011,5.116414913756545,0.5025960862434555
4324,5.613594,5.116344430142635,0.4972495698573649
4325,5.617737,5.116418881500178,0.5013181184998219
4326,5.5925903,5.116625561906701,0.47596473809329964
4327,5.586502,5.116982879224551,0.4695191207754492
4328,5.5793304,5.117569904914254,0.4617604950857457
4329,5.567787,5.118455065847086,0.44933193415291406
4330,5.556526,5.119468568380901,0.43705743161909894
4331,5.539589,5.1204548643160726,0.41913413568392777
4332,5.516182,5.121466649107597,0.39471535089240284
4333,5.499527,5.12261183277045,0.37691516722954965
4334,5.4821014,5.123972227726817,0.3581291722731832
4335,5.4816914,5.125481561846786,0.35620983815321416
4336,5.483906,5.127107486853659,0.3567985131463409
4337,5.487982,5.128841517874872,0.3591404821251274
4338,5.494096,5.130593511397283,0.36350248860271694
4339,5.502424,5.132316427246525,0.3701075727534757
4340,5.5131416,5.134060345963515,0.3790812540364854
4341,5.5264273,5.135882440491724,0.39054485950827633
4342,5.5424557,5.137756164358627,0.40469953564137295
4343,5.5769653,5.139617562545324,0.4373477374546759
4344,5.594055,5.141466095400567,0.45258890459943313
4345,5.6033173,5.143267024842388,0.4600502751576112
4346,5.612152,5.144943997358219,0.4672080026417813
4347,5.6213913,5.146497328124414,0.474893971875586
4348,5.6300583,5.147863610685749,0.4821946893142508
4349,5.634163,5.149053903662708,0.4851090963372924
4350,5.636368,5.150145995667486,0.4862220043325136
4351,5.6372066,5.151128768716588,0.48607783128341175
4352,5.6323805,5.151995154288502,0.4803853457114977
4353,5.622669,5.152725574367359,0.4699434256326409
4354,5.609964,5.153163293698152,0.45680070630184755
4355,5.5961547,5.153385802116563,0.442768897883437
4356,5.583134,5.1535941351317005,0.42953986486829976
4357,5.572792,5.153756794413943,0.41903520558605667
4358,5.5670204,5.153889265338896,0.4131311346611035
4359,5.5863724,5.154015069684243,0.4323573303157575
4360,5.6106033,5.154126271701154,0.4564770282988464
4361,5.6224747,5.1542051553729795,0.4682695446270202
4362,5.6360474,5.154259501896021,0.4817878981039785
4363,5.640709,5.154215006078477,0.48649399392152315
4364,5.6381607,5.154024542370523,0.4841361576294769
4365,5.634262,5.153743093318736,0.4805189066812634
4366,5.627548,5.153380081878234,0.47416791812176573
4367,5.616577,5.152923138106542,0.4636538618934587
4368,5.5990295,5.152386986447193,0.44664251355280715
4369,5.5789566,5.151796350222412,0.4271602497775877
4370,5.5599213,5.151193869022103,0.40872743097789677
4371,5.5428467,5.150597792721139,0.3922489072788613
4372,5.52816,5.149993420483868,0.3781665795161313
4373,5.515152,5.149287019416983,0.36586498058301675
4374,5.496918,5.148428244956339,0.3484897550436612
4375,5.4806967,5.1474838698326595,0.3332128301673407
4376,5.4669333,5.146476134213785,0.3204571657862152
4377,5.4556804,5.145400982347465,0.3102794176525352
4378,5.4469905,5.144219418495384,0.3027710815046163
4379,5.440916,5.142978412643981,0.29793758735601905
4380,5.4375095,5.141793160999074,0.29571633900092564
4381,5.450691,5.140678736013081,0.31001226398691895
4382,5.5042496,5.139625930611423,0.3646236693885765
4383,5.5300217,5.138666015646326,0.39135568435367407
4384,5.5494385,5.137847533362636,0.4115909666373643
4385,5.5694656,5.1371506091949035,0.4323149908050965
4386,5.5881424,5.136427257121094,0.45171514287890613
4387,5.610779,5.135615558905582,0.4751634410944181
4388,5.630699,5.134903111061931,0.49579588893806914
4389,5.6576614,5.1343984119146775,0.5232629880853228
4390,5.664772,5.134037540988279,0.5307344590117209
4391,5.6731415,5.13373958081691,0.5394019191830894
4392,5.674385,5.133477493350996,0.5409075066490043
4393,5.656372,5.133285715795837,0.5230862842041635
4394,5.635765,5.133156422608187,0.502608577391813
4395,5.605095,5.133091562487811,0.4720034375121891
4396,5.571396,5.13308885201622,0.4383071479837799
4397,5.5428696,5.133129210094136,0.40974038990586426
4398,5.515335,5.133198247922269,0.3821367520777317
4399,5.4901657,5.133252617794887,0.3569130822051134
4400,5.463791,5.133246198118156,0.3305448018818433
4401,5.4382706,5.133196148999824,0.30507445100017616
4402,5.421814,5.133160692259627,0.2886533077403737
4403,5.4055023,5.13317154761196,0.27233075238804005
4404,5.387703,5.133251341496072,0.25445165850392826
4405,5.3640976,5.133423344110145,0.23067425588985468
4406,5.3393936,5.133702047896241,0.205691552103759
4407,5.3137436,5.134089274855528,0.17965432514447155
4408,5.292595,5.1345767643050975,0.15801823569490292
4409,5.2763824,5.135143461404043,0.14123893859595693
4410,5.267021,5.135771340367023,0.13124965963297708
4411,5.2649765,5.136439249097897,0.12853725090210322
4412,5.2705917,5.137142455473609,0.13344924452639084
4413,5.2837296,5.137905222518988,0.14582437748101196
4414,5.29126,5.138723586214117,0.15253641378588334
4415,5.3075104,5.139607049284428,0.16790335071557205
4416,5.323509,5.140538534138639,0.18297046586136023
4417,5.338707,5.141474652850889,0.19723234714911175
4418,5.3530197,5.142426021933221,0.21059367806677898
4419,5.3648605,5.143398929010237,0.2214615709897627
4420,5.383957,5.144371234942912,0.23958576505708784
4421,5.4008102,5.145340260484822,0.2554699395151774
4422,5.422409,5.14632161730299,0.2760873826970096
4423,5.447075,5.147290510680238,0.2997844893197623
4424,5.473442,5.14823629439398,0.32520570560602025
4425,5.494507,5.1491795109164435,0.34532748908355604
4426,5.5196533,5.150104854880491,0.36954844511950924
4427,5.537651,5.151014158157599,0.3866368418424013
4428,5.5511627,5.151927306390372,0.39923539360962756
4429,5.5661316,5.152832616606681,0.41329898339331894
4430,5.5764694,5.153678186033231,0.4227912139667689
4431,5.584694,5.154435756026787,0.43025824397321255
4432,5.5895996,5.15509233771429,0.4345072622857096
4433,5.5924377,5.155550185147645,0.436887514852355
4434,5.591614,5.155814135064693,0.43579986493530676
4435,5.5903015,5.155979998570294,0.4343215014297055
4436,5.5882263,5.156036927283515,0.4321893727164845
4437,5.5831223,5.156021031841312,0.42710126815868854
4438,5.5733643,5.1560440933061855,0.4173202066938142
4439,5.5628433,5.156375888236209,0.4064674117637912
4440,5.5517044,5.156739059025941,0.3949653409740588
4441,5.5421295,5.156900954396406,0.385228545603594
4442,5.525116,5.15711758335222,0.36799841664777944
4443,5.5090103,5.157371559709077,0.3516387402909231
4444,5.490097,5.157665606560677,0.3324313934393226
4445,5.467987,5.158007593129087,0.3099794068709132
4446,5.4490585,5.158312668697943,0.2907458313020568
4447,5.427841,5.158570659923371,0.26927034007662876
4448,5.4197507,5.158815951109641,0.2609347488903584
4449,5.4094915,5.159055859360991,0.2504356406390089
4450,5.4002414,5.159310810501431,0.24093058949856871
4451,5.3920884,5.1595537530654445,0.23253464693455506
4452,5.385121,5.159767749814548,0.22535325018545205
4453,5.379426,5.159935103212755,0.21949089678724487
4454,5.3750935,5.1600627511714166,0.21503074882858364
4455,5.37221,5.160178679024716,0.2120313209752842
4456,5.370865,5.160328315474222,0.21053668452577856
4457,5.406624,5.160565722936152,0.24605827706384797
4458,5.447563,5.160875054122343,0.2866879458776568
4459,5.4686127,5.161223708107592,0.30738899189240865
4460,5.4856644,5.161597336460885,0.32406706353911474
4461,5.499405,5.161969249168879,0.337435750831121
4462,5.5090866,5.162347579479145,0.3467390205208547
4463,5.519043,5.162752535139106,0.3562904648608942
4464,5.5247498,5.163221307355742,0.36152849264425857
4465,5.530075,5.163747139210372,0.3663278607896281
4466,5.5331573,5.164310308258906,0.36884699174109414
4467,5.5346985,5.164939157260252,0.36975934273974786
4468,5.5351257,5.165653217864911,0.3694724821350892
4469,5.536072,5.166469354352573,0.3696026456474266
4470,5.5330276,5.1673808732327124,0.36564672676728716
4471,5.529785,5.168375119020304,0.3614098809796964
4472,5.5238876,5.169453690940783,0.35443390905921746
4473,5.518875,5.170611006401582,0.348263993598418
4474,5.513214,5.171832879062802,0.3413811209371973
4475,5.5102005,5.1730936543089125,0.3371068456910873
4476,5.508484,5.174381700963915,0.33410229903608535
4477,5.5042496,5.175700377212093,0.328549222787907
4478,5.5015564,5.177045771349809,0.32451062865019153
4479,5.5026627,5.178403864811761,0.32425883518823895
4480,5.5027313,5.179767692176838,0.32296360782316214
4481,5.5060196,5.181140369425421,0.3248792305745791
4482,5.5100174,5.182536688137843,0.3274807118621563
4483,5.512253,5.183966160194895,0.32828683980510487
4484,5.5122147,5.185429247045215,0.3267854529547858
4485,5.5149,5.186924086764221,0.3279759132357789
4486,5.5128326,5.1884174220524235,0.3244151779475768
4487,5.5154037,5.189929866045637,0.325473833954363
4488,5.5107346,5.191515978454157,0.31921862154584346
4489,5.5062943,5.193169373479825,0.31312492652017543
4490,5.502617,5.1948704793256155,0.30774652067438435
4491,5.4964905,5.196610703373148,0.29987979662685227
4492,5.491699,5.198355583163246,0.2933434168367537
4493,5.4868164,5.200087212000965,0.28672918799903524
4494,5.4768524,5.201783702518991,0.27506869748100904
4495,5.4694366,5.203422074483829,0.2660145255161712
4496,5.4594116,5.205014496425608,0.2543971035743917
4497,5.4512787,5.206590279801548,0.24468842019845116
4498,5.444145,5.208188656785612,0.2359563432143874
4499,5.4417114,5.209805711072025,0.23190568892797536
4500,5.4374237,5.2114573026478785,0.22596639735212154
4501,5.438347,5.213169059035264,0.22517794096473587
4502,5.4384155,5.214909051161209,0.22350644883879056
4503,5.4420395,5.216707085488529,0.22533241451147124
4504,5.445717,5.218548255596093,0.22716874440390722
4505,5.450035,5.22036848041166,0.2296665195883394
4506,5.4558563,5.2220532297516105,0.2338030702483893
4507,5.4575806,5.223583460895166,0.23399713910483388
4508,5.463417,5.225045615256589,0.23837138474341035
4509,5.4680862,5.2264393890717376,0.24164681092826257
4510,5.480873,5.227740975845835,0.2531320241541648
4511,5.488861,5.228944708060093,0.2599162919399074
4512,5.500374,5.230083944943563,0.2702900550564369
4513,5.5093307,5.231187059020113,0.278143640979887
4514,5.519905,5.232258162917659,0.28764683708234084
4515,5.5274887,5.233255754914611,0.29423294508538955
4516,5.5311356,5.2341467769515155,0.2969888230484843
4517,5.535431,5.234902522557107,0.3005284774428931
4518,5.539566,5.235505490860256,0.3040605091397435
4519,5.544449,5.23589811549117,0.30855088450883006
4520,5.5499344,5.236083557884519,0.31385084211548087
4521,5.5578537,5.236147053560308,0.3217066464396918
4522,5.566864,5.236107970354422,0.3307560296455776
4523,5.576706,5.236009217112404,0.340696782887596
4524,5.585182,5.235851996504974,0.34933000349502574
4525,5.5974655,5.2356747350774135,0.36179076492258666
4526,5.606102,5.235522875213792,0.37057912478620825
4527,5.6159973,5.2353488107626065,0.3806484892373936
4528,5.6239243,5.235155293130278,0.3887690068697216
4529,5.633522,5.234953703115939,0.39856829688406137
4530,5.6392365,5.234725264144215,0.40451123585578497
4531,5.6466217,5.234456044644049,0.41216565535595073
4532,5.6524124,5.234144844492807,0.4182675555071933
4533,5.660034,5.233785412920271,0.4262485870797281
4534,5.6689224,5.2333386795229195,0.43558372047708005
4535,5.6668825,5.232755909539454,0.43412659046054625
4536,5.656473,5.232015939400026,0.42445706059997423
4537,5.6408114,5.231096345242704,0.40971505475729586
4538,5.622149,5.229964324596105,0.3921846754038949
4539,5.6027365,5.2286159341286655,0.37412056587133424
4540,5.584824,5.2270935720143115,0.35773042798568877
4541,5.570663,5.225434195484258,0.34522880451574167
4542,5.562504,5.223647076873642,0.3388569231263574
4543,5.609207,5.221753828890613,0.38745317110938693
4544,5.6484222,5.219737771320173,0.42868442867982637
4545,5.677513,5.217605927913684,0.45990707208631587
4546,5.686165,5.215401638217332,0.47076336178266764
4547,5.6932755,5.213125525596671,0.4801499744033295
4548,5.7073517,5.210765825534676,0.49658587446532465
4549,5.7173233,5.208272520029906,0.5090507799700941
4550,5.7235184,5.2056325487973245,0.5178858512026752
4551,5.7293015,5.2028771317463205,0.5264243682536796
4552,5.7365875,5.200028775736584,0.5365587242634158
4553,5.7350464,5.197124904750891,0.5379214952491091
4554,5.737152,5.194175380315512,0.5429766196844881
4555,5.7305603,5.191203809653726,0.5393564903462735
4556,5.719322,5.18825906409889,0.5310629359011099
4557,5.7039413,5.1853573487475915,0.5185839512524089
4558,5.6749954,5.182509928334673,0.4924854716653275
4559,5.6411896,5.179723652163444,0.4614659478365555
4560,5.5970306,5.176991953989714,0.42003864601028607
4561,5.555359,5.1743199373416005,0.3810390626583997
4562,5.515785,5.171680355337785,0.3441046446622149
4563,5.479912,5.169023043711096,0.31088895628890345
4564,5.449997,5.16634713627865,0.28364986372135004
4565,5.428604,5.16362456427902,0.2649794357209796
4566,5.4101715,5.160818067470905,0.24935343252909448
4567,5.3966675,5.157872008318668,0.23879549168133263
4568,5.388283,5.154798457421447,0.23348454257855344
4569,5.37854,5.151714677310894,0.22682532268910638
4570,5.3743134,5.148684826402006,0.22562857359799438
4571,5.370453,5.145707361804737,0.22474563819526328
4572,5.3631973,5.142849616390534,0.22034768360946622
4573,5.354553,5.140134238431507,0.21441876156849293
4574,5.345314,5.1375363439635064,0.20777765603649367
4575,5.3299255,5.135109029697207,0.1948164703027926
4576,5.3168945,5.132843125008715,0.18405137499128532
4577,5.306595,5.130701208872939,0.17589379112706105
4578,5.298233,5.128683559172975,0.1695494408270246
4579,5.2963867,5.126841022965294,0.1695456770347059
4580,5.295494,5.125061381959573,0.17043261804042675
4581,5.2959747,5.123187467254764,0.172787232745236
4582,5.3032227,5.121048834465769,0.18217386553423065
4583,5.314522,5.118877908198637,0.19564409180136355
4584,5.3279037,5.116946428793187,0.21095727120681307
4585,5.3456345,5.1151262104728605,0.23050828952713953
4586,5.368309,5.113522155146878,0.25478684485312186
4587,5.392395,5.112158278266942,0.2802367217330577
4588,5.4108124,5.110905415826306,0.29990698417369455
4589,5.4276276,5.109718118205202,0.31790948179479805
4590,5.4440613,5.108572706011187,0.3354885939888135
4591,5.456192,5.107490891683119,0.34870110831688095
4592,5.4670486,5.106618918154409,0.36042968184559143
4593,5.469742,5.105916637367427,0.36382536263257315
4594,5.4731827,5.105184199981112,0.3679985000188877
4595,5.4765854,5.1043470974856895,0.3722383025143108
4596,5.4790115,5.103472716451588,0.3755387835484125
4597,5.4836655,5.102689738491547,0.380975761508453
4598,5.4820466,5.1021356252491525,0.3799109747508478
4599,5.476883,5.101885852986126,0.37499714701387354
4600,5.4675612,5.102017146883966,0.3655440531160332
4601,5.4554553,5.102598369719446,0.352856930280554
4602,5.4419417,5.103622517535308,0.3383191824646925
4603,5.428393,5.105076336745277,0.3233166632547224
4604,5.416184,5.106944227148372,0.30923977285162874
4605,5.4066896,5.109176198014364,0.29751340198563625
4606,5.4012833,5.111718107829755,0.28956519217024557
4607,5.4365463,5.114539880801812,0.3220064191981882
4608,5.4586487,5.117616494443844,0.3410322055561563
4609,5.467804,5.120940004366416,0.3468639956335844
4610,5.486931,5.124477710698045,0.3624532893019552
4611,5.4771347,5.128147060835973,0.34898763916402675
4612,5.479553,5.131876212072307,0.34767678792769274
4613,5.486244,5.135641378388592,0.350602621611408
4614,5.493187,5.13940762567182,0.3537793743281794
4615,5.524544,5.143155324887133,0.38138867511286634
4616,5.517563,5.146858528013297,0.370704471986703
4617,5.5130997,5.150466130965838,0.3626335690341618
4618,5.513794,5.153962711664508,0.35983128833549216
4619,5.5124054,5.157370598020742,0.35503480197925796
4620,5.505638,5.1607469170682645,0.34489108293173576
4621,5.501152,5.1641423597619625,0.3370096402380378
4622,5.492798,5.167569755497045,0.32522824450295484
4623,5.487831,5.1709105816978695,0.31692041830213036
4624,5.475601,5.174199758712063,0.30140124128793744
4625,5.4630585,5.177560586984755,0.2854979130152451
4626,5.4582596,5.1809494736655415,0.2773101263344584
4627,5.4572372,5.184346555543993,0.2728906444560071
4628,5.4583797,5.187754694594989,0.27062500540501144
4629,5.4618497,5.191182182101967,0.27066751789803334
4630,5.4690075,5.194601023976248,0.2744064760237519
4631,5.4793077,5.197992992943714,0.2813147070562856
4632,5.492203,5.201365053039995,0.2908379469600053
4633,5.5071483,5.2047001215277735,0.3024481784722264
4634,5.5235963,5.207972914297219,0.31562338570278126
4635,5.541,5.211171288388479,0.3298287116115217
4636,5.5588136,5.214195511111733,0.34461808888826706
4637,5.576491,5.2170148160258405,0.35947618397415937
4638,5.593485,5.219703755066313,0.3737812449336877
4639,5.6092496,5.222230167194047,0.3870194328059533
4640,5.6232386,5.22463613850875,0.39860246149125
4641,5.6349044,5.226983354836427,0.4079210451635733
4642,5.643702,5.229244980939308,0.4144570190606922
4643,5.649084,5.231395289353735,0.41768871064626545
4644,5.6500473,5.233423108096838,0.41662419190316147
4645,5.6431656,5.23536176954379,0.40780383045620994
4646,5.631256,5.237176484247745,0.39407951575225475
4647,5.6196594,5.238838802201237,0.38082059779876243
4648,5.6129,5.240371151049755,0.3725288489502452
4649,5.603409,5.241649315068896,0.361759684931104
4650,5.599663,5.242634561530098,0.35702843846990184
4651,5.600235,5.24345529224168,0.3567797077583199
4652,5.6003113,5.2441397192321375,0.3561715807678629
4653,5.6051636,5.244600655631313,0.3605629443686871
4654,5.613304,5.244551953456596,0.36875204654340443
4655,5.6184616,5.244031476402698,0.37443012359730155
4656,5.6253967,5.243400459992549,0.38199624000745036
4657,5.6325607,5.242769262612897,0.3897914373871032
4658,5.6412582,5.242130176525364,0.3991280234746366
4659,5.6486435,5.2414037167879135,0.40723978321208687
4660,5.656578,5.240572573807116,0.41600542619288383
4661,5.6687317,5.239657426445878,0.4290742735541224
4662,5.6783066,5.238375708269791,0.43993089173020916
4663,5.687645,5.236714071840621,0.4509309281593792
4664,5.696686,5.234965504169919,0.4617204958300807
4665,5.7015686,5.233146593523164,0.4684220064768363
4666,5.706665,5.23129044103586,0.47537455896414027
4667,5.710251,5.229400913786749,0.480850086213251
4668,5.7117805,5.227063231222973,0.48471726877702714
4669,5.711787,5.224387174750808,0.48739982524919245
4670,5.711812,5.221774737239852,0.4900372627601479
4671,5.711862,5.219186999963861,0.4926750000361393
4672,5.711946,5.216670218166066,0.49527578183393395
4673,5.7120705,5.2142525572209735,0.4978179427790268
4674,5.712243,5.211825693521457,0.5004173064785427
4675,5.7124715,5.209377123381266,0.5030943766187344
4676,5.7127633,5.207013938949053,0.5057493610509471
4677,5.7131257,5.204740535329038,0.5083851646709618
4678,5.713567,5.202597623297383,0.5109693767026169
4679,5.7140937,5.200579657341626,0.5135140426583744
4680,5.714714,5.1986229669796415,0.5160910330203583
4681,5.7154355,5.196717980830121,0.5187175191698792
4682,5.720192,5.194868650763555,0.5253233492364453
4683,5.728443,5.193084422819145,0.5353585771808556
4684,5.737359,5.191372869325096,0.5459861306749039
4685,5.746737,5.189766589672959,0.5569704103270414
4686,5.759651,5.188247803853923,0.5714031961460773
4687,5.765793,5.186752931156788,0.579040068843212
4688,5.770668,5.185250364664353,0.5854176353356468
4689,5.769348,5.183751068817005,0.5855969311829945
4690,5.7669144,5.182229650056897,0.5846847499431034
4691,5.7630997,5.180663008346847,0.5824366916531529
4692,5.7543106,5.179093877562623,0.5752167224373768
4693,5.7459183,5.1775544347156695,0.5683638652843301
4694,5.734955,5.176064711313018,0.5588902886869827
4695,5.722481,5.17464013598018,0.54784086401982
4696,5.70195,5.173277477893576,0.5286725221064241
4697,5.6671524,5.171962982531114,0.495189417468886
4698,5.6158752,5.17070051140359,0.44517468859640985
4699,5.5539017,5.169506805389164,0.38439489461083554
4700,5.4879303,5.168394300082663,0.3195359999173375
4701,5.4302597,5.167346664209171,0.26291303579082825
4702,5.3804855,5.166351898299136,0.2141336017008637
4703,5.3413696,5.165415448014778,0.17595415198522257
4704,5.310463,5.164536835247237,0.14592616475276365
4705,5.285988,5.16370762520537,0.12228037479462994
4706,5.271637,5.162918154024376,0.10871884597562431
4707,5.263054,5.162142874281201,0.1009111257187989
4708,5.265182,5.161368811235317,0.1038131887646836
4709,5.268246,5.1606373258404235,0.10760867415957698
4710,5.2703314,5.159905780397297,0.1104256196027027
4711,5.2722483,5.1591291056163096,0.11311919438369067
4712,5.2748084,5.158336172765977,0.1164722272340235
4713,5.278823,5.1575798604119525,0.12124313958804755
4714,5.285103,5.156887958921858,0.12821504107814263
4715,5.2944593,5.156349764213294,0.1381095357867057
4716,5.3353424,5.15599017968105,0.17935222031895037
4717,5.370903,5.15571473719777,0.21518826280223013
4718,5.3897552,5.155536018253405,0.23421918174659506
4719,5.3998947,5.155517121941401,0.24437757805859928
4720,5.4066467,5.155737954121967,0.250908745878033
4721,5.416893,5.156144951448913,0.26074804855108713
4722,5.4300995,5.156416603923912,0.273682896076088
4723,5.4436417,5.156823934132276,0.286817765867724
4724,5.4605255,5.157711358320883,0.302814141679117
4725,5.474121,5.1587881137885745,0.31533288621142574
4726,5.4863205,5.159915817070889,0.32640468292911073
4727,5.496376,5.161087941441238,0.33528805855876165
4728,5.4992523,5.162306978926524,0.3369453210734763
4729,5.4968414,5.163545672594966,0.33329572740503366
4730,5.4916763,5.164768438279141,0.3269078617208594
4731,5.4847336,5.165977710050032,0.3187558899499683
4732,5.472954,5.167141101762064,0.305812898237936
4733,5.456978,5.168221396457812,0.288756603542188
4734,5.4411774,5.169230254970541,0.2719471450294586
4735,5.4274826,5.170180001010005,0.2573025989899955
4736,5.4183197,5.171036113170478,0.24728358682952134
4737,5.4120407,5.171734306843536,0.24030639315646418
4738,5.405861,5.172311748583328,0.2335492514166715
4739,5.4022827,5.1728147737412975,0.22946792625870227
4740,5.4016495,5.173203015315959,0.22844648468404127
4741,5.4090805,5.1734586250069725,0.23562187499302745
4742,5.41687,5.173573916533102,0.24329608346689824
4743,5.4333725,5.173546032454926,0.2598264675450741
4744,5.4474792,5.173408562446661,0.27407063755333905
4745,5.4635925,5.1731864348466345,0.2904060651533653
4746,5.489609,5.172910731613627,0.3166982683863724
4747,5.5039062,5.1726183205516785,0.33128787944832183
4748,5.523552,5.172329878719262,0.3512221212807374
4749,5.5396194,5.172076611855407,0.3675427881445934
4750,5.554306,5.17191498071204,0.3823910192879607
4751,5.566292,5.171855844676945,0.39443615532305465
4752,5.56825,5.171863611943585,0.39638638805641513
4753,5.5595603,5.171944663906451,0.38761563609354965
4754,5.5498853,5.172097581629585,0.37778771837041436
4755,5.5400352,5.172303759984711,0.3677314400152891
4756,5.5308194,5.17252465639271,0.3582947436072903
4757,5.523047,5.172731219603046,0.3503157803969543
4758,5.517527,5.172919390756853,0.3446076092431474
4759,5.5150695,5.173096925270572,0.34197257472942777
4760,5.5612106,5.173248905128929,0.3879616948710707
4761,5.5855103,5.173376082026853,0.4121342179731471
4762,5.595169,5.173444437643788,0.4217245623562125
4763,5.601181,5.173464813748007,0.4277161862519936
4764,5.601387,5.173516910820166,0.4278700891798337
4765,5.6040955,5.173641331076054,0.43045416892394606
4766,5.6080093,5.173811907929874,0.43419739207012586
4767,5.613106,5.173938841218677,0.4391671587813235
4768,5.618767,5.173959658772357,0.4448073412276434
4769,5.624954,5.173836882877995,0.45111711712200453
4770,5.6293106,5.173529675629007,0.45578092437099293
4771,5.6316223,5.173054400761645,0.4585678992383553
4772,5.6322403,5.172476867594847,0.45976343240515316
4773,5.631508,5.171843716299947,0.45966428370005286
4774,5.6294327,5.171211507789517,0.4582211922104831
4775,5.624626,5.170604213490915,0.4540217865090854
4776,5.621834,5.170057707569693,0.45177629243030637
4777,5.6171646,5.169606350674513,0.4475582493254864
4778,5.607811,5.169239916670819,0.4385710833291805
4779,5.5994644,5.168956134105057,0.4305082658949422
4780,5.5842743,5.1687405437180285,0.4155337562819712
4781,5.5699463,5.168587747360986,0.40135855263901377
4782,5.5555573,5.1684776982471545,0.3870796017528457
4783,5.539604,5.168387077208513,0.3712169227914863
4784,5.5266953,5.16829465394461,0.3584006460553901
4785,5.5194855,5.1681912643566355,0.3512942356433646
4786,5.5100555,5.168095046199065,0.34196045380093487
4787,5.503479,5.167993838831294,0.3354851611687053
4788,5.4964066,5.167886930027807,0.3285196699721933
4789,5.4934235,5.167785681891065,0.3256378181089348
4790,5.49218,5.167732558496933,0.32444744150306715
4791,5.492874,5.1677456464938,0.32512835350619973
4792,5.494011,5.167789339597448,0.3262216604025525
4793,5.493622,5.16783531557045,0.3257866844295503
4794,5.4918365,5.167856911222127,0.32397958877787314
4795,5.491768,5.167818364176269,0.32394963582373126
4796,5.49308,5.167696128696215,0.3253838713037851
4797,5.4952164,5.167486299960643,0.3277301000393571
4798,5.4888153,5.167181246359601,0.3216340536403983
4799,5.479767,5.166789029573437,0.31297797042656317
4800,5.472954,5.166304257932927,0.30664974206707285
4801,5.4626923,5.165725127905467,0.2969671720945328
4802,5.4551544,5.165067403930287,0.29008699606971255
4803,5.4521103,5.164329868408974,0.2877804315910266
4804,5.4523697,5.163509939308931,0.2888597606910688
4805,5.454422,5.162577497176655,0.29184450282334495
4806,5.455818,5.161547066119758,0.2942709338802416
4807,5.458603,5.160442220336193,0.2981607796638075
4808,5.4597015,5.159232529267649,0.3004689707323518
4809,5.4638214,5.157915942737189,0.3059054572628108
4810,5.468727,5.156521166729484,0.3122058332705162
4811,5.4738083,5.155066857827357,0.31874144217264266
4812,5.47744,5.153548605243256,0.32389139475674344
4813,5.4807663,5.151937342664626,0.3288289573353742
4814,5.4811325,5.150206893405482,0.3309256065945183
4815,5.47863,5.148350383251742,0.3302796167482578
4816,5.475601,5.146327718445879,0.32927328155412106
4817,5.4641495,5.144091136393225,0.3200583636067753
4818,5.4401627,5.141656290703354,0.29850640929664607
4819,5.4111404,5.139101603060188,0.27203879693981214
4820,5.3809433,5.136507699296465,0.2444356007035351
4821,5.357193,5.13392863877882,0.22326436122117954
4822,5.335861,5.131415207516662,0.20444579248333827
4823,5.325493,5.12903554502337,0.19645745497663025
4824,5.3197784,5.126711787506608,0.19306661249339196
4825,5.322342,5.124242478449484,0.1980995215505157
4826,5.3307877,5.121556313085176,0.20923138691482457
4827,5.345413,5.118723402007199,0.22668959799280053
4828,5.3543506,5.115868487108814,0.23848211289118648
4829,5.347311,5.11312961896719,0.23418138103281017
4830,5.335137,5.110606955398425,0.22453004460157455
4831,5.319815,5.1084130448971665,0.21140195510283366
4832,5.3033347,5.106569724619167,0.19676497538083293
4833,5.2876816,5.104971816417437,0.1827097835825633
4834,5.2748446,5.103608853226694,0.17123574677330566
4835,5.2668114,5.1025082407412565,0.1643031592587434
4836,5.2849426,5.10158945555468,0.18335314444532003
4837,5.306198,5.1007436318431445,0.2054543681568557
4838,5.2951813,5.0999870228883335,0.19519427711166681
4839,5.2776947,5.0993764108044095,0.17831828919559012
4840,5.263588,5.098867696727856,0.16472030327214426
4841,5.2566223,5.09877122316517,0.15785107683483002
4842,5.2541275,5.099281265282722,0.15484623471727765
4843,5.254837,5.100204875207026,0.1546321247929745
4844,5.2506866,5.101602697437704,0.1490839025622961
4845,5.2343216,5.1034610607693605,0.1308605392306399
4846,5.2113113,5.105659668160524,0.10565163183947579
4847,5.179817,5.108051530592603,0.07176546940739659
4848,5.148468,5.110507397845841,0.03796060215415942
4849,5.117447,5.112999947491361,0.004447052508639082
4850,5.091812,5.115425845256756,-0.02361384525675625
4851,5.0698853,5.117747060581043,-0.047861760581042745
4852,5.058899,5.119968795440218,-0.06106979544021751
4853,5.0392303,5.122087241394635,-0.08285694139463473
4854,5.026474,5.124155532470174,-0.09768153247017342
4855,5.0163727,5.126233732030556,-0.10986103203055642
4856,5.00795,5.12838587030714,-0.12043587030713976
4857,5.0023117,5.1305901878150815,-0.12827848781508155
4858,4.9995346,5.1327786389569985,-0.13324403895699888
4859,5.004532,5.134960864090714,-0.13042886409071386
4860,5.033333,5.137110119448651,-0.10377711944865098
4861,5.0259857,5.139212141060679,-0.11322644106067958
4862,5.042961,5.141280257526562,-0.0983192575265619
4863,5.054222,5.143332320785384,-0.08911032078538383
4864,5.069153,5.145379349810591,-0.07622634981059129
4865,5.087509,5.147433134094365,-0.05992413409436548
4866,5.1044693,5.149513588387694,-0.04504428838769403
4867,5.124016,5.151643700717303,-0.027627700717302694
4868,5.1477356,5.153818529478396,-0.006082929478395727
4869,5.169113,5.155992391392256,0.013120608607744444
4870,5.1911545,5.158144210249082,0.033010289750917465
4871,5.212799,5.160284129212283,0.052514870787716994
4872,5.2399063,5.1624059152785495,0.07750038472145082
4873,5.2678604,5.164493597339265,0.10336680266073461
4874,5.2968826,5.166541967698766,0.13034063230123394
4875,5.3210983,5.168541452328767,0.15255684767123334
4876,5.348549,5.170474832657921,0.17807416734207937
4877,5.3694534,5.172343499304752,0.19710990069524836
4878,5.386734,5.174144893871668,0.21258910612833137
4879,5.4086685,5.1758454962480664,0.23282300375193365
4880,5.4222565,5.177351969911342,0.24490453008865742
4881,5.4330673,5.178576496821956,0.2544908031780446
4882,5.44281,5.1795605064768635,0.2632494935231362
4883,5.4489594,5.180356885507371,0.2686025144926285
4884,5.461006,5.18099266986732,0.2800133301326806
4885,5.465744,5.181492341636031,0.28425165836396893
4886,5.4737625,5.18178862328758,0.2919738767124205
4887,5.496269,5.18182523827538,0.3144437617246201
4888,5.4999847,5.181693770343599,0.31829092965640093
4889,5.5088577,5.181450334699844,0.32740736530015635
4890,5.5222015,5.180856277145026,0.34134522285497404
4891,5.53524,5.1799055645317384,0.3553344354682615
4892,5.542145,5.178850229477976,0.36329477052202375
4893,5.5491714,5.17772049435509,0.37145090564490957
4894,5.562462,5.176534036612477,0.3859279633875232
4895,5.5662994,5.175299342267126,0.3910000577328745
4896,5.572365,5.174263817043083,0.39810118295691677
4897,5.573738,5.173080598381753,0.4006574016182469
4898,5.5722275,5.171524343626667,0.400703156373333
4899,5.5755997,5.170241364615078,0.4053583353849213
4900,5.5738754,5.168907732189695,0.4049676678103058
4901,5.570076,5.167167314534232,0.40290868546576863
4902,5.5684357,5.165297917866069,0.40313778213393103
4903,5.5672913,5.163386982674642,0.4039043173253578
4904,5.5658417,5.161476076727612,0.4043656232723878
4905,5.566345,5.159575524262876,0.4067694757371241
4906,5.5681,5.157864867473455,0.4102351325265454
4907,5.5672455,5.156325303692773,0.4109201963072273
4908,5.5691986,5.154767933899194,0.4144306661008059
4909,5.569664,5.153200820446938,0.41646317955306245
4910,5.5721054,5.151657729388277,0.42044767061172283
4911,5.574005,5.149982188504511,0.4240228114954885
4912,5.580673,5.148086796412531,0.43258620358746924
4913,5.5828247,5.1460598007885485,0.43676489921145123
4914,5.585228,5.143901342042736,0.4413266579572639
4915,5.590431,5.141676563773097,0.4487544362269027
4916,5.5871887,5.139286533743423,0.44790216625657653
4917,5.5867157,5.1367867594189995,0.4499289405810005
4918,5.5824738,5.134391767391735,0.44808203260826485
4919,5.578377,5.13213286235299,0.44624413764700943
4920,5.5716248,5.1300680815643895,0.44155671843561084
4921,5.562973,5.128227641402447,0.4347453585975538
4922,5.5469666,5.126640445425296,0.42032615457470435
4923,5.524811,5.125395605397614,0.39941539460238573
4924,5.49508,5.124418590562608,0.3706614094373917
4925,5.465216,5.1236105922874895,0.34160540771251036
4926,5.435983,5.122996992215738,0.31298600778426255
4927,5.408628,5.122605600151779,0.2860223998482212
4928,5.384402,5.122383105585582,0.2620188944144175
4929,5.3645525,5.122215994730044,0.24233650526995643
4930,5.35033,5.122074343870789,0.2282556561292104
4931,5.3429823,5.122025398432016,0.22095690156798398
4932,5.360977,5.122049733399377,0.2389272666006228
4933,5.3700333,5.122024487649299,0.24800881235070094
4934,5.367958,5.121926464129559,0.2460315358704408
4935,5.366089,5.121777526328509,0.2443114736714911
4936,5.3670044,5.121590294956107,0.24541410504389294
4937,5.3700943,5.121383995481064,0.24871030451893628
4938,5.377083,5.121201305897075,0.25588169410292494
4939,5.384056,5.121066197508074,0.2629898024919264
4940,5.398834,5.1209751331051185,0.2778588668948814
4941,5.412689,5.120917388761024,0.29177161123897655
4942,5.426567,5.120881226359394,0.30568577364060623
4943,5.4334106,5.120855133158821,0.31255546684117963
4944,5.4350586,5.120835483456035,0.31422311654396484
4945,5.4243317,5.1208472174186035,0.30348448258139626
4946,5.4118576,5.120902245654851,0.2909553543451491
4947,5.389023,5.121024926507871,0.26799807349212923
4948,5.3610153,5.121242865943749,0.23977243405625082
4949,5.3381805,5.121567645412281,0.21661285458771928
4950,5.31546,5.122034469897114,0.19342553010288555
4951,5.3250732,5.12261148851809,0.20246171148191028
4952,5.3086777,5.12333564195356,0.18534205804644
4953,5.296753,5.124254164867053,0.17249883513294684
4954,5.2845764,5.1253212597030995,0.15925514029690024
4955,5.2691574,5.126508255992079,0.14264914400792073
4956,5.2555466,5.127852112665414,0.127694487334586
4957,5.2431946,5.129398902126422,0.11379569787357813
4958,5.2365646,5.131151005362816,0.10541359463718436
4959,5.2319794,5.133064341661798,0.09891505833820258
4960,5.233032,5.135072758456671,0.0979592415433288
4961,5.2337875,5.137140578685853,0.09664692131414743
4962,5.2331543,5.139123147470176,0.09403115252982364
4963,5.234337,5.140968911229855,0.09336808877014491
4964,5.2263794,5.142748420717675,0.08363097928232488
4965,5.219452,5.144458650447398,0.07499334955260206
4966,5.2121353,5.146093286862857,0.06604201313714331
4967,5.2027817,5.147684982776916,0.05509671722308429
4968,5.1951065,5.149257219052302,0.04584928094769758
4969,5.1869583,5.1508373067643705,0.03612099323562923
4970,5.178406,5.1524013987830815,0.026004601216918388
4971,5.172577,5.153848075685012,0.018728924314988404
4972,5.1708374,5.155121553137807,0.01571584686219296
4973,5.1759644,5.156207254912913,0.01975714508708659
4974,5.1844482,5.157155972264257,0.027292227735743246
4975,5.200615,5.158040487971405,0.042574512028594746
4976,5.2234344,5.158971694073957,0.06446270592604364
4977,5.2476964,5.160067069390394,0.0876293306096061
4978,5.2726426,5.161375563772102,0.1112670362278978
4979,5.2964816,5.162903963466002,0.1335776365339978
4980,5.31923,5.164638613242748,0.15459138675725193
4981,5.340904,5.166604303357688,0.17429969664231226
4982,5.3615212,5.16877054814251,0.19275065185748996
4983,5.381097,5.171044904167282,0.2100520958327179
4984,5.399647,5.17337675754498,0.22627024245502003
4985,5.41719,5.175713721736003,0.2414762782639963
4986,5.4337406,5.177884332557112,0.2558562674428879
4987,5.4493155,5.1797961653676,0.26951933463239985
4988,5.463932,5.181545433270655,0.28238656672934503
4989,5.4776053,5.183197826625607,0.29440747337439266
4990,5.490353,5.1847699074330835,0.3055830925669163
4991,5.502191,5.1862792411072975,0.3159117588927023
4992,5.513136,5.187722240096026,0.3254137599039746
4993,5.523204,5.189091728916235,0.3341122710837645
4994,5.5303574,5.190356660098911,0.3400007399010887
4995,5.5384445,5.1915185161046535,0.34692598389534623
4996,5.546936,5.192586998915106,0.354349001084894
4997,5.5485306,5.193536005760633,0.3549945942393675
4998,5.5565186,5.194345511541217,0.3621730884587837
4999,5.5595016,5.195012662560929,0.36448893743907096
5000,5.561058,5.195551796567472,0.3655062034325285
5001,5.547466,5.195952095334547,0.3515139046654534
5002,5.5222726,5.196177564495211,0.3260950355047889
5003,5.491524,5.196282591922244,0.29524140807775634
5004,5.4605403,5.196345123739016,0.26419517626098354
5005,5.4346395,5.19636999994603,0.23826950005397052
5006,5.419141,5.196367420059948,0.22277357994005165
5007,5.4909897,5.196393647207958,0.29459605279204215
5008,5.555168,5.196426699280747,0.35874130071925325
5009,5.5818253,5.1963829199164815,0.3854423800835187
5010,5.59227,5.19624459677008,0.3960254032299204
5011,5.602173,5.196004485051072,0.40616851494892803
5012,5.6076965,5.19570419857763,0.4119923014223703
5013,5.614952,5.195320858610337,0.4196311413896625
5014,5.6167603,5.194775389229515,0.42198491077048494
5015,5.620842,5.194060069510741,0.42678193048925905
5016,5.622841,5.19317184575756,0.4296691542424398
5017,5.626274,5.192081637400903,0.43419236259909777
5018,5.6280136,5.190836696959951,0.43717690304004897
5019,5.63089,5.189510659893619,0.4413793401063808
5020,5.6302795,5.1881217898253285,0.44215771017467187
5021,5.6290665,5.186735817857455,0.44233068214254523
5022,5.625351,5.18543097272016,0.4399200272798405
5023,5.6151123,5.184199693353609,0.4309126066463911
5024,5.6112213,5.183001533544272,0.42821976645572857
5025,5.600708,5.181794606610453,0.4189133933895466
5026,5.5923767,5.180566782872935,0.41180991712706483
5027,5.5818024,5.179331309345635,0.40247109065436515
5028,5.573494,5.178080988032423,0.3954130119675776
5029,5.5627823,5.176756613923639,0.3860256860763611
5030,5.5484467,5.175356458519777,0.37309024148022374
5031,5.5303345,5.173939995984754,0.3563945040152463
5032,5.510887,5.1724584221987975,0.33842857780120283
5033,5.4897385,5.170870505888718,0.3188679941112813
5034,5.463997,5.169154569307761,0.29484243069223925
5035,5.4461975,5.167296850978196,0.27890064902180445
5036,5.435196,5.165348339237249,0.2698476607627516
5037,5.4269714,5.16314898089249,0.2638224191075098
5038,5.422798,5.160682728550178,0.2621152714498223
5039,5.421547,5.1581739371559925,0.26337306284400785
5040,5.421753,5.155739156148982,0.26601384385101756
5041,5.4261093,5.153511681910348,0.27259761808965255
5042,5.4333725,5.151626538590351,0.2817459614096487
5043,5.447098,5.150068468351402,0.29702953164859824
5044,5.456299,5.148737642644722,0.30756135735527756
5045,5.4732666,5.147492336402118,0.3257742635978813
5046,5.489517,5.1461925614550195,0.34332443854498074
5047,5.505867,5.144947727131373,0.36091927286862724
5048,5.5222626,5.143867427064431,0.37839517293556924
5049,5.537697,5.142926342562951,0.3947706574370491
5050,5.5494156,5.1421218492885545,0.40729375071144513
5051,5.5593796,5.141416217668472,0.41796338233152763
5052,5.5692673,5.1408674656055835,0.4283998343944164
5053,5.5750046,5.1404895748038335,0.43451502519616625
5054,5.583618,5.140195340851886,0.44342265914811474
5055,5.592758,5.139988051125377,0.4527699488746233
5056,5.5976048,5.139860874321042,0.45774392567895816
5057,5.597741,5.139837707961113,0.45790329203888724
5058,5.5982223,5.139930087882184,0.4582922121178159
5059,5.5992303,5.140101581483702,0.45912871851629866
5060,5.6009474,5.140300933587794,0.4606464664122063
5061,5.603556,5.140503281144779,0.4630527188552209
5062,5.6072383,5.140699007377031,0.46653929262296856
5063,5.612176,5.14088465683093,0.47129134316906995
5064,5.6185513,5.141091593966211,0.4774597060337893
5065,5.6699524,5.141337030366392,0.5286153696336076
5066,5.7030487,5.141616985570722,0.5614317144292782
5067,5.730652,5.1419164079785755,0.5887355920214246
5068,5.7500534,5.142212637834463,0.6078407621655364
5069,5.752071,5.1424441695522525,0.6096268304477475
5070,5.748842,5.142600868814161,0.6062411311858389
5071,5.743922,5.142769352104066,0.6011526478959341
5072,5.737956,5.1429881737620695,0.5949678262379301
5073,5.7315874,5.143234974813432,0.5883524251865682
5074,5.72546,5.143490280258905,0.5819697197410951
5075,5.7202187,5.143740745673914,0.5764779543260863
5076,5.7165065,5.144000975808491,0.5725055241915094
5077,5.714968,5.144239399202857,0.5707286007971426
5078,5.738008,5.144429963516838,0.5935780364831622
5079,5.7339234,5.144614190346254,0.589309209653746
5080,5.72598,5.14478889821447,0.5811911017855298
5081,5.71538,5.14494623808957,0.5704337619104294
5082,5.703327,5.145105141743315,0.5582218582566849
5083,5.6910233,5.1452867973703915,0.5457365026296088
5084,5.679672,5.145490574874055,0.5341814251259454
5085,5.6704755,5.14569448257441,0.5247810174255898
5086,5.664637,5.145895952332098,0.518741047667902
5087,5.6757126,5.146054722758964,0.5296578772410356
5088,5.7132034,5.146176295370078,0.567027104629922
5089,5.7373047,5.1463189669278036,0.5909857330721966
5090,5.7458115,5.146471930478291,0.5993395695217094
5091,5.751053,5.14661758197155,0.6044354180284497
5092,5.7512207,5.146754645157965,0.6044660548420353
5093,5.757324,5.146846342058741,0.6104776579412583
5094,5.759346,5.146813555288267,0.6125324447117331
5095,5.737543,5.146607243368873,0.5909357566311266
5096,5.720503,5.1462359162251285,0.5742670837748713
5097,5.7081656,5.145707552178026,0.5624580478219743
5098,5.701432,5.145079246378585,0.5563527536214146
5099,5.701268,5.144435866572688,0.5568321334273119
5100,5.7011404,5.143845281365408,0.5572951186345918
5101,5.7010436,5.143354946985371,0.5576886530146288
5102,5.7009726,5.142969966208624,0.5580026337913759
5103,5.700922,5.142695693070607,0.5582263069293933
5104,5.7008862,5.142541327581454,0.5583448724185462
5105,5.70086,5.142490972023773,0.5583690279762266
5106,5.7008386,5.142518812275912,0.5583197877240877
5107,5.700815,5.142607316990936,0.5582076830090648
5108,5.7007856,5.142791914200987,0.5579936857990129
5109,5.700744,5.143093948370839,0.5576500516291611
5110,5.700685,5.143501176228407,0.5571838237715934
5111,5.7006035,5.144021430556402,0.5565820694435981
5112,5.700317,5.144679511526588,0.5556374884734119
5113,5.699168,5.145444419222388,0.5537235807776124
5114,5.697452,5.1462465246873625,0.5512054753126376
5115,5.697692,5.1470342275622825,0.5506577724377175
5116,5.6982327,5.147747041766234,0.5504856582337663
5117,5.6990514,5.148380269736567,0.5506711302634333
5118,5.7001257,5.148916528949561,0.5512091710504388
5119,5.701433,5.149329906405605,0.5521030935943951
5120,5.702951,5.149591949510712,0.5533590504892878
5121,5.7046566,5.149683524042729,0.5549730759572711
5122,5.706527,5.1496383430846615,0.5568886569153388
5123,5.7085414,5.149502250075083,0.5590391499249163
5124,5.7106743,5.149321712046213,0.5613525879537873
5125,5.7129045,5.149091160755792,0.5638133392442075
5126,5.715209,5.148844442233476,0.5663645577665237
5127,5.7175655,5.148658778972366,0.5689067210276342
5128,5.719951,5.148565433538797,0.5713855664612026
5129,5.7223434,5.148587341362332,0.5737560586376675
5130,5.72472,5.148709715710781,0.576010284289219
5131,5.7270575,5.1489094894467025,0.5781480105532975
5132,5.729334,5.149161344766398,0.5801726552336017
5133,5.7315264,5.149489020771097,0.5820373792289031
5134,5.733612,5.14991514256772,0.5836968574322796
5135,5.7355685,5.1504127616158035,0.5851557383841968
5136,5.7373734,5.150941583555268,0.5864318164447324
5137,5.7390037,5.151429325958148,0.5875743740418518
5138,5.7404366,5.151857140721416,0.5885794592785834
5139,5.7416496,5.152273866636751,0.5893757333632488
5140,5.7426205,5.152694595584175,0.5899259044158249
5141,5.743326,5.1531367361575935,0.5901892638424062
5142,5.7437444,5.1536024590470335,0.5901419409529662
5143,5.7437263,5.154104800773883,0.5896214992261166
5144,5.7420177,5.154576544228094,0.5874411557719057
5145,5.7382803,5.155004107263186,0.5832761927368137
5146,5.7369742,5.155465016599662,0.5815091834003381
5147,5.739428,5.155942663126113,0.5834853368738875
5148,5.743659,5.156447571326676,0.5872114286733243
5149,5.749356,5.15701511298589,0.5923408870141094
5150,5.756207,5.157679915067095,0.598527084932905
5151,5.7639008,5.158453718629084,0.6054470813709161
5152,5.772127,5.159367727912236,0.6127592720877644
5153,5.7805734,5.160451826375142,0.620121573624858
5154,5.788929,5.161680027601081,0.6272489723989194
5155,5.7968826,5.1630338220364465,0.6338487779635535
5156,5.804123,5.164478676777318,0.639644323222682
5157,5.8103385,5.1659502682824385,0.6443882317175618
5158,5.8152184,5.167419409336637,0.6477989906633628
5159,5.818451,5.168868642746404,0.6495823572535953
5160,5.8197246,5.170291850340233,0.6494327496597672
5161,5.8208847,5.171713459930463,0.6491712400695366
5162,5.8354874,5.173163180384647,0.6623242196153525
5163,5.8261414,5.1746499140214794,0.6514914859785206
5164,5.8380814,5.176183940263535,0.6618974597364655
5165,5.835617,5.177826489801045,0.6577905101989554
5166,5.8442993,5.179527439942932,0.6647718600570682
5167,5.844551,5.181143379383724,0.663407620616276
5168,5.846092,5.182658342849406,0.6634336571505939
5169,5.8437195,5.18419347070498,0.6595260292950194
5170,5.846039,5.185824793426376,0.6602142065736238
5171,5.836432,5.187510812264214,0.6489211877357866
5172,5.843735,5.18921482587292,0.6545201741270796
5173,5.849316,5.190928700395717,0.658387299604283
5174,5.8534493,5.192620992708607,0.6608283072913936
5175,5.8564115,5.194249141877917,0.6621623581220835
5176,5.858477,5.195816307484122,0.6626606925158773
5177,5.8599215,5.197351099936666,0.6625704000633332
5178,5.86102,5.198831596120063,0.662188403879937
5179,5.862048,5.200242867550043,0.661805132449957
5180,5.8632812,5.201638817930249,0.6616423820697515
5181,5.864994,5.20300042358898,0.6619935764110201
5182,5.867464,5.204288133198297,0.6631758668017032
5183,5.870964,5.205501715661253,0.665462284338747
5184,5.87577,5.206655718545429,0.6691142814545712
5185,5.8821583,5.207766141178703,0.6743921588212975
5186,5.890403,5.208798898001515,0.6816041019984853
5187,5.8960953,5.209683538326944,0.6864117616730558
5188,5.913765,5.210322399234568,0.703442600765432
5189,5.911339,5.210792180332707,0.7005468196672933
5190,5.9187927,5.211274346723763,0.707518353276237
5191,5.9160843,5.211677200502441,0.7044070994975584
5192,5.905388,5.211964459832972,0.6934235401670286
5193,5.926468,5.212144371644067,0.7143236283559329
5194,5.910927,5.212177949121352,0.6987490508786482
5195,5.9114685,5.2121613407123295,0.6993071592876703
5196,5.912224,5.21213231678239,0.7000916832176101
5197,5.908821,5.212114170625489,0.6967068293745102
5198,5.903534,5.21210964237191,0.6914243576280894
5199,5.895981,5.212079488305108,0.6839015116948923
5200,5.886894,5.211974807936543,0.6749191920634567
5201,5.864525,5.2118638171714595,0.6526611828285409
5202,5.8382416,5.211765813918245,0.6264757860817554
5203,5.813736,5.211629896271188,0.6021061037288113
5204,5.7906723,5.211471452470873,0.579200847529127
5205,5.7666974,5.211290580272148,0.5554068197278523
5206,5.73948,5.211088980799034,0.5283910192009662
5207,5.718661,5.210728266134273,0.5079327338657267
5208,5.700047,5.210044935488251,0.49000206451174844
5209,5.679447,5.209021877096877,0.4704251229031229
5210,5.6526704,5.207750954169675,0.44491944583032517
5211,5.615524,5.20640329037382,0.40912070962617975
5212,5.556595,5.205137597166736,0.35145740283326354
5213,5.649597,5.204022135500374,0.44557486449962624
5214,5.6900253,5.2029765819638,0.4870487180362
5215,5.713127,5.201894407260811,0.511232592739189
5216,5.7204514,5.200748164486415,0.5197032355135853
5217,5.7341843,5.199579999557133,0.5346043004428669
5218,5.74469,5.198429989210077,0.5462600107899229
5219,5.7551117,5.197367122361511,0.5577445776384886
5220,5.770729,5.196475115069303,0.5742538849306973
5221,5.7857895,5.195783267651457,0.5900062323485429
5222,5.803177,5.1953017235651116,0.6078752764348883
5223,5.8208847,5.19506546959992,0.6258192304000794
5224,5.839592,5.195125584879908,0.6444664151200916
5225,5.8543015,5.195420603349705,0.6588808966502953
5226,5.8653183,5.195731183264181,0.6695871167358192
5227,5.8718643,5.195908837976811,0.6759554620231896
5228,5.8752823,5.195931704044213,0.6793505959557873
5229,5.873062,5.195850195681074,0.6772118043189259
5230,5.865959,5.195923477382398,0.670035522617602
5231,5.8566513,5.196192380396619,0.6604589196033812
5232,5.8448334,5.196614780729666,0.6482186192703336
5233,5.8335266,5.197261802999547,0.6362647970004529
5234,5.824127,5.198217685136747,0.6259093148632529
5235,5.820381,5.199499657614747,0.6208813423852533
5236,5.818985,5.20096435549816,0.6180206445018399
5237,5.823349,5.2025245115770264,0.6208244884229739
5238,5.8313293,5.20418830084819,0.62714099915181
5239,5.835495,5.205854344499624,0.629640655500376
5240,5.84449,5.207367804693059,0.637122195306941
5241,5.856674,5.208682283579683,0.647991716420317
5242,5.867981,5.209759433002146,0.6582215669978542
5243,5.9245377,5.210596632848507,0.7139410671514934
5244,5.8978424,5.211208672582919,0.6866337274170808
5245,5.8955383,5.211621936126497,0.6839163638735029
5246,5.9003906,5.211873718350276,0.6885168816497238
5247,5.905266,5.212016668491528,0.693249331508472
5248,5.905609,5.2121123673503575,0.6934966326496426
5249,5.9076996,5.212226866181722,0.6954727338182778
5250,5.9065475,5.212437058377165,0.6941104416228354
5251,5.893738,5.212750392627205,0.6809876073727947
5252,5.9009094,5.213213997310988,0.6876954026890116
5253,5.8976974,5.213898326216848,0.6837990737831525
5254,5.897949,5.214748836834642,0.6832001631653579
5255,5.8987503,5.215669393000765,0.6830809069992343
5256,5.902153,5.216591507035103,0.6855614929648972
5257,5.907669,5.217457698780478,0.6902113012195219
5258,5.910309,5.218207231300357,0.6921017686996427
5259,5.911644,5.2188511143112075,0.6927928856887924
5260,5.9123154,5.219370233777226,0.6929451662227741
5261,5.9201965,5.219618701028223,0.7005777989717776
5262,5.906624,5.219627511134563,0.6869964888654367
5263,5.8912964,5.2194882971599466,0.6718081028400533
5264,5.888191,5.219213788094693,0.6689772119053066
5265,5.883049,5.218843212105788,0.664205787894212
5266,5.8786163,5.218373724036397,0.6602425759636033
5267,5.873665,5.217814964671044,0.6558500353289558
5268,5.8710327,5.217125184425256,0.653907515574744
5269,5.866585,5.216293087721046,0.6502919122789539
5270,5.89859,5.215394029404516,0.6831959705954844
5271,5.8798523,5.214466926811281,0.6653853731887187
5272,5.884926,5.213456960012758,0.6714690399872421
5273,5.8865967,5.212383707594327,0.674212992405673
5274,5.8720436,5.211308067265204,0.6607355327347957
5275,5.8532333,5.210203016665994,0.6430302833340065
5276,5.8324447,5.209057172811947,0.6233875271880533
5277,5.811955,5.207797553897163,0.6041574461028372
5278,5.794043,5.206399013544825,0.5876439864551752
5279,5.780985,5.204890340522678,0.576094659477322
5280,5.775059,5.203268943786919,0.5717900562130804
5281,5.825844,5.2013322461961256,0.6245117538038745
5282,5.8464355,5.19915390364481,0.6472815963551906
5283,5.8564453,5.19699834071011,0.6594469592898902
5284,5.865921,5.1948738226633155,0.6710471773366846
5285,5.8734665,5.192840288466305,0.6806262115336947
5286,5.8807144,5.190940707323726,0.6897736926762734
5287,5.886078,5.1892103194929895,0.6968676805070109
5288,5.887512,5.187621276182391,0.6998907238176093
5289,5.8914285,5.18608682819021,0.7053416718097898
5290,5.889547,5.184480273846967,0.7050667261530332
5291,5.886076,5.182685895605444,0.7033901043945558
5292,5.8813214,5.180730614763638,0.7005907852363622
5293,5.8755875,5.178777158199114,0.6968103418008855
5294,5.8691797,5.177029039612329,0.6921506603876715
5295,5.862404,5.175545406041689,0.686858593958311
5296,5.8555636,5.17427290488211,0.6812906951178901
5297,5.8489656,5.173228268973208,0.6757373310267916
5298,5.8429136,5.172400151378726,0.670513448621274
5299,5.8377137,5.171769859223546,0.6659438407764542
5300,5.833671,5.171112618352903,0.6625583816470968
5301,5.83109,5.170478873282996,0.6606111267170034
5302,5.8313675,5.1701562066133615,0.6612112933866383
5303,5.832138,5.170092506457391,0.6620454935426086
5304,5.8221436,5.170288219047945,0.6518553809520551
5305,5.814911,5.1707690811167,0.6441419188833004
5306,5.811714,5.171464460057044,0.640249539942956
5307,5.7991943,5.172360782647182,0.6268335173528179
5308,5.7876587,5.173540548359421,0.6141181516405787
5309,5.7744446,5.174969912856833,0.5994746871431671
5310,5.751309,5.176644351657311,0.5746646483426892
5311,5.7173557,5.178586487226387,0.5387692127736123
5312,5.6771855,5.1806931798341465,0.49649232016585376
5313,5.666795,5.182939957097963,0.48385504290203674
5314,5.6671157,5.185044259458978,0.4820714405410218
5315,5.667769,5.186727509906127,0.4810414900938724
5316,5.6688247,5.1880953957115326,0.4807293042884675
5317,5.670352,5.18920933530825,0.4811426646917507
5318,5.672421,5.190388790511644,0.4820322094883558
5319,5.6751003,5.191901231364444,0.4831990686355567
5320,5.6784606,5.19366063342412,0.4847999665758804
5321,5.682571,5.195705391798527,0.48686560820147307
5322,5.687501,5.198059297086952,0.489441702913048
5323,5.69332,5.200642482065305,0.4926775179346947
5324,5.7001004,5.203344576410864,0.49675582358913584
5325,5.7079067,5.206070794020182,0.5018359059798181
5326,5.7252655,5.208810651530953,0.5164548484690465
5327,5.7283707,5.211570116636637,0.5168005833633629
5328,5.7453003,5.214218632075692,0.5310816679243082
5329,5.7480536,5.216686238081193,0.5313673619188073
5330,5.751846,5.219063714475223,0.5327822855247764
5331,5.7549105,5.221393418513853,0.5335170814861474
5332,5.7573385,5.223674387020919,0.5336641129790811
5333,5.759222,5.2259470327297075,0.5332749672702928
5334,5.760652,5.228230516975451,0.5324214830245495
5335,5.76172,5.230521654901929,0.5311983450980717
5336,5.7625175,5.2328484358008485,0.5296690641991519
5337,5.763136,5.235170653159054,0.5279653468409462
5338,5.763666,5.237421641678615,0.5262443583213852
5339,5.7642007,5.239612446952246,0.5245882530477539
5340,5.76483,5.241752681815024,0.5230773181849759
5341,5.765646,5.243754685909254,0.5218913140907464
5342,5.76674,5.245451885282367,0.5212881147176338
5343,5.7682033,5.246830370403667,0.5213729295963327
5344,5.770128,5.248025697205534,0.5221023027944653
5345,5.7726054,5.2490389786543,0.5235664213456994
5346,5.7757263,5.249787820548982,0.5259384794510176
5347,5.779582,5.250263547075576,0.5293184529244241
5348,5.784264,5.250520406168734,0.5337435938312662
5349,5.7898645,5.250633083044939,0.5392314169550616
5350,5.796921,5.250567876467859,0.5463531235321408
5351,5.818596,5.250341717009418,0.5682542829905826
5352,5.8330917,5.25005136338501,0.5830403366149897
5353,5.846489,5.2497056893832355,0.5967833106167646
5354,5.86187,5.2493156096592,0.6125543903408
5355,5.87825,5.248832035765733,0.6294179642342677
5356,5.8907547,5.248142414287148,0.6426122857128513
5357,5.882159,5.247257363626952,0.6349016363730478
5358,5.855145,5.24624481693402,0.6089001830659804
5359,5.8232245,5.24514677786314,0.57807772213686
5360,5.821878,5.243995699320525,0.5778823006794749
5361,5.826305,5.242778979619425,0.5835260203805746
5362,5.833418,5.241519950566524,0.5918980494334756
5363,5.842836,5.240276726004872,0.6025592739951282
5364,5.8541856,5.2392766906839805,0.6149089093160196
5365,5.8670917,5.238441775979774,0.6286499240202259
5366,5.881179,5.2375099692159255,0.6436690307840749
5367,5.8960714,5.236451128289273,0.6596202717107271
5368,5.911394,5.23523255607817,0.6761614439218295
5369,5.9267716,5.23385405855054,0.6929175414494599
5370,5.941828,5.232297355196791,0.709530644803209
5371,5.9561877,5.2305518314889525,0.7256358685110476
5372,5.969476,5.228653970027167,0.7408220299728336
5373,5.9766693,5.2266373829228945,0.7500319170771057
5374,5.9811096,5.2245111450191,0.7565984549808995
5375,5.982712,5.222273934294198,0.7604380657058023
5376,5.9825287,5.219916483868416,0.7626122161315836
5377,5.9892197,5.217451980088584,0.7717677199114155
5378,5.9748764,5.214867704853649,0.7600086951463512
5379,5.974533,5.21216173683115,0.7623712631688502
5380,5.973587,5.209359213716028,0.7642277862839721
5381,5.968643,5.206488203909597,0.7621547960904032
5382,5.965851,5.203571694761191,0.7622793052388088
5383,5.962799,5.200599193804722,0.7621998061952784
5384,5.9538116,5.197650140744875,0.7561614592551251
5385,5.942215,5.194765301603694,0.7474496983963057
5386,5.924225,5.191886612664549,0.7323383873354512
5387,5.8994904,5.188487151576442,0.711003248423558
5388,5.8790817,5.184511393328271,0.6945703066717295
5389,5.862442,5.180343133055098,0.6820988669449015
5390,5.846901,5.175888240626662,0.6710127593733377
5391,5.8240128,5.1711496411380065,0.6528631588619938
5392,5.797493,5.166176124229799,0.6313168757702012
5393,5.7633896,5.161054063188011,0.6023355368119887
5394,5.7332535,5.1558982725478,0.5773552274522
5395,5.6995773,5.150813944516322,0.5487633554836773
5396,5.671364,5.145882910909799,0.5254810890902002
5397,5.648552,5.141148430914197,0.5074035690858025
5398,5.6266084,5.136620018419939,0.4899883815800612
5399,5.5964813,5.132313170953771,0.46416812904622873
5400,5.558977,5.128133821693619,0.43084317830638064
5401,5.5186596,5.1239587474108,0.3947008525892004
5402,5.4800873,5.11972459148572,0.3603627085142804
5403,5.447823,5.1153624039095105,0.33246059609048917
5404,5.4264264,5.110875536991416,0.3155508630085846
5405,5.4306946,5.106314534995252,0.3243800650047479
5406,5.458267,5.101730577580606,0.3565364224193939
5407,5.4588394,5.097174999014037,0.36166440098596286
5408,5.4475327,5.092666196861574,0.3548665031384264
5409,5.4366226,5.088213117310198,0.3484094826898021
5410,5.429947,5.08381419348553,0.3461328065144702
5411,5.424835,5.079473304793824,0.34536169520617577
5412,5.424698,5.075260225932333,0.34943777406766685
5413,5.4265976,5.071262847741492,0.35533475225850797
5414,5.4216766,5.067513111922627,0.35416348807737297
5415,5.40744,5.063983935442292,0.3434560645577083
5416,5.3775864,5.060721566055706,0.3168648339442939
5417,5.33593,5.057783703526511,0.2781462964734889
5418,5.288025,5.055151509520206,0.23287349047979422
5419,5.240326,5.052788227188774,0.18753777281122552
5420,5.197052,5.050630233797886,0.14642176620211433
5421,5.15403,5.048636998806019,0.10539300119398032
5422,5.1167145,5.046864330045265,0.06985016995473448
5423,5.0873947,5.045273982982926,0.04212071701707387
5424,5.066635,5.043713222932313,0.022921777067686833
5425,5.0416183,5.042109170013342,-0.0004908700133423594
5426,5.0367203,5.040508913063871,-0.003788613063870905
5427,5.027733,5.039028634761637,-0.01129563476163753
5428,5.0286865,5.0377525638232,-0.009066063823199855
5429,5.031929,5.036820371062094,-0.004891371062093697
5430,5.039665,5.03633113873584,0.0033338612641600207
5431,5.053154,5.036270258660351,0.016883741339649205
5432,5.072075,5.036632978272544,0.03544202172745603
5433,5.094986,5.037306410688825,0.05767958931117434
5434,5.1209564,5.03826705351374,0.08268934648625947
5435,5.14695,5.03946141692562,0.10748858307437992
5436,5.178856,5.040780332488719,0.13807566751128064
5437,5.2131424,5.04222543271009,0.17091696728990957
5438,5.2505035,5.043819221859151,0.2066842781408491
5439,5.2789383,5.04582867266906,0.23310962733093987
5440,5.310669,5.04825217098303,0.2624168290169697
5441,5.336891,5.050913371641391,0.2859776283586086
5442,5.3600464,5.053925578090605,0.3061208219093947
5443,5.382736,5.057265126626225,0.3254708733737752
5444,5.4046097,5.0608862617289105,0.3437234382710894
5445,5.4201736,5.0648659929941395,0.3553076070058605
5446,5.431778,5.069089230034459,0.36268876996554145
5447,5.441002,5.073495050343807,0.36750694965619335
5448,5.451561,5.078195942755005,0.37336505724499514
5449,5.465042,5.08339846082482,0.38164353917518046
5450,5.4804,5.089016704440078,0.3913832955599226
5451,5.496559,5.0947846476688365,0.4017743523311639
5452,5.5126266,5.10055280674411,0.4120737932558898
5453,5.5271606,5.106139062352346,0.42102153764765404
5454,5.539467,5.111651626048313,0.42781537395168723
5455,5.561798,5.117291263782689,0.44450673621731074
5456,5.561859,5.123161998421021,0.43869700157897906
5457,5.574585,5.129296530620624,0.44528846937937594
5458,5.585556,5.135642743286194,0.4499132567138062
5459,5.597145,5.142067647657989,0.45507735234201085
5460,5.609497,5.148515577978388,0.46098142202161174
5461,5.634819,5.154933873557618,0.47988512644238224
5462,5.627487,5.161179751792353,0.4663072482076469
5463,5.6373444,5.167120253580917,0.47022414641908306
5464,5.6466293,5.172596831373864,0.47403246862613546
5465,5.6576996,5.1778521368166786,0.4798474631833214
5466,5.668373,5.183076157223623,0.48529684277637664
5467,5.6803894,5.188175952141479,0.4922134478585214
5468,5.692299,5.193216871721601,0.49908212827839904
5469,5.7007523,5.19828484432855,0.5024674556714501
5470,5.7331543,5.203373479136661,0.5297808208633388
5471,5.734741,5.208403658515234,0.5263373414847656
5472,5.726921,5.213319831099319,0.5136011689006805
5473,5.7326965,5.2180921210007645,0.5146043789992358
5474,5.739006,5.222475329213777,0.5165306707862225
5475,5.7392654,5.226469316503018,0.5127960834969816
5476,5.739563,5.230087280479898,0.5094757195201023
5477,5.730339,5.233267994165796,0.49707100583420427
5478,5.7355804,5.236259951863966,0.49932044813603405
5479,5.724762,5.239378586414965,0.48538341358503523
5480,5.722519,5.24246402065951,0.48005497934049046
5481,5.719551,5.245199958212237,0.474351041787763
5482,5.713356,5.247561706721592,0.4657942932784085
5483,5.7091217,5.249452610405736,0.45966908959426345
5484,5.7090836,5.2509522588641975,0.4581313411358021
5485,5.6981354,5.252197511281789,0.44593788871821083
5486,5.6980286,5.253175411500834,0.4448531884991658
5487,5.6827087,5.253883694125158,0.42882500587484174
5488,5.6713715,5.254373634037882,0.4169978659621183
5489,5.6593704,5.254812213207629,0.40455818679237154
5490,5.6601334,5.2550133295167925,0.40512007048320786
5491,5.6576843,5.2548380724596955,0.4028462275403042
5492,5.655403,5.254503750911108,0.40089924908889163
5493,5.6590195,5.254142359879119,0.40487714012088105
5494,5.666275,5.253776499652378,0.41249850034762137
5495,5.6687775,5.253270610537073,0.415506889462927
5496,5.6868057,5.2526484665790365,0.43415723342096335
5497,5.6827087,5.25194872123934,0.4307599787606602
5498,5.680359,5.251182163141948,0.4291768368580522
5499,5.680504,5.250553962869777,0.4299500371302232
5500,5.6781387,5.2501062893553305,0.42803241064466935
5501,5.666773,5.249675210678931,0.417097789321069
5502,5.6307006,5.249233449925962,0.3814671500740383
5503,5.581402,5.248747360125398,0.332654639874602
5504,5.5273004,5.248170912655198,0.27912948734480203
5505,5.4768176,5.24748510375927,0.2293324962407306
5506,5.438378,5.246690352040849,0.19168764795915116
5507,5.420405,5.245824580205414,0.1745804197945855
5508,5.5145264,5.244762078214489,0.26976432178551146
5509,5.582802,5.243465574537065,0.3393364254629354
5510,5.6050034,5.242066609036739,0.3629367909632615
5511,5.6149216,5.240548685415019,0.37437291458498034
5512,5.6299057,5.238862756102144,0.39104294389785643
5513,5.6358795,5.236938170004625,0.3989413299953748
5514,5.649246,5.234726094272055,0.4145199057279445
5515,5.657074,5.232010040804133,0.4250639591958665
5516,5.6667786,5.228972187715465,0.43780641228453465
5517,5.6775513,5.226043010031617,0.4515082899683831
5518,5.6841736,5.223269707743273,0.46090389225672723
5519,5.6931,5.220653287264278,0.4724467127357226
5520,5.6972656,5.218225601084963,0.4790399989150371
5521,5.702942,5.215993897009713,0.48694810299028735
5522,5.7139435,5.213931805657738,0.5000116943422617
5523,5.707855,5.211543496070281,0.4963115039297197
5524,5.7085114,5.208842450682747,0.49966894931725303
5525,5.7082977,5.206311882932013,0.501985817067987
5526,5.7092056,5.20396263170462,0.5052429682953798
5527,5.7083054,5.201452583195723,0.5068528168042779
5528,5.7112045,5.198744864005362,0.5124596359946381
5529,5.714264,5.196145788537968,0.5181182114620322
5530,5.7204285,5.19362655835658,0.52680194164342
5531,5.720787,5.1912011791501556,0.5295858208498441
5532,5.7237396,5.188893650964535,0.5348459490354651
5533,5.7263794,5.18668618277,0.53969321723
5534,5.7277756,5.184602847408047,0.5431727525919534
5535,5.7302094,5.18269309861979,0.5475163013802096
5536,5.731743,5.1808383621281635,0.5509046378718363
5537,5.732544,5.179096720032369,0.5534472799676307
5538,5.733017,5.177555427949494,0.5554615720505058
5539,5.729782,5.176116452453581,0.5536655475464194
5540,5.727524,5.174809652445441,0.5527143475545584
5541,5.724205,5.173575899061871,0.5506291009381297
5542,5.7193146,5.1723301736439184,0.5469844263560812
5543,5.7164917,5.171090309345003,0.5454013906549964
5544,5.709778,5.169900623397772,0.5398773766022282
5545,5.7000885,5.16878492071994,0.5313035792800598
5546,5.679878,5.167768301982853,0.5121096980171478
5547,5.649269,5.166834705916975,0.4824342940830251
5548,5.616417,5.165954586664321,0.4504624133356794
5549,5.5897675,5.1651340309858345,0.4246334690141653
5550,5.570427,5.164345483589118,0.4060815164108815
5551,5.553154,5.163478726718247,0.3896752732817532
5552,5.540169,5.162534191606805,0.37763480839319463
5553,5.5306396,5.161605455654116,0.3690341443458838
5554,5.52491,5.160698007722571,0.3642119922774292
5555,5.519188,5.159835933139715,0.35935206686028476
5556,5.5124817,5.15904964181026,0.35343205818974077
5557,5.508812,5.15825092791541,0.35056107208458975
5558,5.506607,5.1572779268218065,0.3493290731781933
5559,5.4981046,5.156122647669737,0.3419819523302623
5560,5.4922214,5.154800390974617,0.3374210090253831
5561,5.4874454,5.153342080470746,0.33410331952925443
5562,5.4822636,5.15182001236494,0.33044358763505954
5563,5.4751635,5.150274197642389,0.3248893023576107
5564,5.464632,5.148746589663553,0.31588541033644724
5565,5.449157,5.147267034228599,0.3018899657714007
5566,5.4272256,5.145710728026467,0.281514871973533
5567,5.4601517,5.1438717996002685,0.3162799003997314
5568,5.4961243,5.141667996062281,0.3544563039377193
5569,5.519043,5.139116089925677,0.3799269100743228
5570,5.531372,5.13636637732451,0.3950056226754901
5571,5.5297623,5.1336102419020815,0.3961520580979183
5572,5.534088,5.1309869277184745,0.40310107228152514
5573,5.526207,5.12857820277503,0.3976287972249706
5574,5.5291824,5.126440979935106,0.4027414200648938
5575,5.529991,5.124599519816243,0.4053914801837566
5576,5.5385895,5.122906334009363,0.4156831659906368
5577,5.544403,5.121360324316372,0.42304267568362786
5578,5.552269,5.120055800321676,0.4322131996783236
5579,5.559967,5.118952159146336,0.44101484085366405
5580,5.5652695,5.118020569573593,0.4472489304264071
5581,5.5701065,5.117245217600501,0.45286128239949885
5582,5.576576,5.116636591389351,0.45993940861064964
5583,5.5829544,5.116049826394862,0.46690457360513804
5584,5.585541,5.115316801422627,0.4702241985773732
5585,5.5885086,5.114461134405906,0.4740474655940936
5586,5.589226,5.113544876006936,0.4756811239930636
5587,5.587227,5.112637272335502,0.47458972766449836
5588,5.587158,5.111827206090348,0.4753307939096514
5589,5.588356,5.11112140468968,0.4772345953103203
5590,5.5943146,5.110559719362235,0.48375488063776473
5591,5.6023254,5.110214888687083,0.4921105113129167
5592,5.6081924,5.110084975188499,0.4981074248115007
5593,5.6151505,5.110158960290631,0.5049915397093692
5594,5.622307,5.110446922882946,0.5118600771170545
5595,5.624153,5.110959601917082,0.513193398082918
5596,5.6284485,5.111698342553026,0.5167501574469746
5597,5.6314545,5.112652656410418,0.518801843589582
5598,5.6366425,5.1137926548476615,0.5228498451523382
5599,5.6463013,5.115094638779129,0.531206661220871
5600,5.65744,5.1165605676536705,0.5408794323463297
5601,5.6716766,5.1181879449726235,0.5534886550273761
5602,5.7210236,5.119946379198572,0.6010772208014279
5603,5.7182007,5.121795203296331,0.5964054967036683
5604,5.724365,5.123716265025446,0.6006487349745537
5605,5.744385,5.12571304359468,0.6186719564053202
5606,5.758583,5.127799864397867,0.6307831356021332
5607,5.772934,5.129953534455139,0.642980465544861
5608,5.787918,5.132150303140239,0.655767696859761
5609,5.8009033,5.134374259919366,0.6665290400806336
5610,5.813339,5.136637037168221,0.6767019628317792
5611,5.8236923,5.13893255790098,0.6847597420990201
5612,5.833435,5.141231771117406,0.6922032288825939
5613,5.8539352,5.143547570729077,0.7103876292709224
5614,5.8552246,5.145877057053675,0.7093475429463245
5615,5.865341,5.148227616756572,0.7171133832434275
5616,5.875801,5.150588191820105,0.7252128081798954
5617,5.884445,5.15294787979843,0.7314971202015705
5618,5.895981,5.1553380832608875,0.7406429167391124
5619,5.8947144,5.157752916049958,0.7369614839500418
5620,5.9115143,5.160163490018076,0.7513508099819246
5621,5.918312,5.162540082215985,0.7557719177840152
5622,5.9273834,5.1648581152808255,0.7625252847191746
5623,5.9306335,5.167107122085192,0.7635263779148076
5624,5.934845,5.169286427764949,0.7655585722350509
5625,5.937973,5.171438647307401,0.7665343526925996
5626,5.9398575,5.173553060915352,0.7663044390846476
5627,5.938591,5.1755740874360425,0.7630169125639572
5628,5.935425,5.177506064161924,0.7579189358380765
5629,5.931114,5.179358963499037,0.7517550365009633
5630,5.9216766,5.181109914813914,0.7405666851860859
5631,5.909378,5.182763400101896,0.7266145998981042
5632,5.8949356,5.184354993085369,0.7105806069146308
5633,5.880333,5.185885047353536,0.6944479526464642
5634,5.8647842,5.1873417660902374,0.6774424339097624
5635,5.8557663,5.188742294382183,0.6670240056178169
5636,5.8509827,5.190077783805758,0.6609049161942426
5637,5.8413467,5.191321746480897,0.6500249535191029
5638,5.83638,5.192472892994589,0.6439071070054112
5639,5.8348083,5.193481661949874,0.6413266380501259
5640,5.8311386,5.1940476471165375,0.6370909528834625
5641,5.8292847,5.194358352931521,0.634926347068479
5642,5.829521,5.194685418998785,0.634835581001215
5643,5.8280106,5.194840629539093,0.6331699704609068
5644,5.8275757,5.194778940932482,0.6327967590675181
5645,5.8250732,5.19445529915936,0.6306179008406403
5646,5.815941,5.193939634232504,0.6220013657674954
5647,5.8087234,5.193318361584154,0.6154050384158456
5648,5.803238,5.1926124785573515,0.6106255214426488
5649,5.79422,5.191828961047134,0.6023910389528657
5650,5.7910156,5.190937995107277,0.6000776048927223
5651,5.7871466,5.190133929614671,0.5970126703853289
5652,5.7801595,5.189496707250441,0.5906627927495585
5653,5.7712607,5.1889004382606725,0.5823602617393275
5654,5.7616577,5.188350661426408,0.5733070385735921
5655,5.7525578,5.187854738681953,0.5647030613180473
5656,5.7451677,5.187435213511949,0.5577324864880504
5657,5.7406955,5.186797688391482,0.5538978116085183
5658,5.761711,5.185950546752585,0.5757604532474154
5659,5.791809,5.185230026313241,0.6065789736867586
5660,5.799103,5.18467336332902,0.6144296366709794
5661,5.802559,5.184330974984333,0.6182280250156662
5662,5.8034515,5.184167143848929,0.6192843561510717
5663,5.801956,5.183829585922015,0.6181264140779845
5664,5.8060684,5.183329852258457,0.6227385477415428
5665,5.8027954,5.182969522330739,0.6198258776692613
5666,5.8012085,5.182680205527848,0.6185282944721529
5667,5.7997665,5.182363580007936,0.6174029199920632
5668,5.79142,5.181969106838768,0.6094508931612319
5669,5.783203,5.18150433026915,0.6016986697308502
5670,5.777466,5.181000434263048,0.5964655657369526
5671,5.7680664,5.180551809411557,0.5875145905884436
5672,5.7590485,5.180209535480431,0.5788389645195684
5673,5.751091,5.17993676872633,0.5711542312736695
5674,5.7426987,5.179730008398667,0.5629686916013332
5675,5.732956,5.179595712530978,0.5533602874690216
5676,5.724098,5.179570000468621,0.544527999531379
5677,5.7150955,5.1796937326796835,0.5354017673203169
5678,5.70459,5.179937322376372,0.524652677623628
5679,5.695549,5.1803083271619546,0.5152406728380452
5680,5.6870346,5.180834916163851,0.5061996838361482
5681,5.6820984,5.181592774147786,0.500505625852214
5682,5.6757584,5.182564442325019,0.49319395767498175
5683,5.6695557,5.18366384496554,0.48589185503445975
5684,5.6611404,5.1848628513832935,0.47627754861670635
5685,5.65786,5.186101897487437,0.4717581025125632
5686,5.6486893,5.187363790761513,0.46132550923848736
5687,5.645523,5.188601134631681,0.4569218653683187
5688,5.6441345,5.189739901362265,0.4543945986377347
5689,5.642578,5.190731708378852,0.4518462916211483
5690,5.6457443,5.1915957685434835,0.4541485314565161
5691,5.649132,5.192384423642906,0.4567475763570936
5692,5.655258,5.193073779990439,0.4621842200095605
5693,5.6614532,5.193641179176782,0.46781202082321816
5694,5.6686707,5.194125472956988,0.47454522704301194
5695,5.6757812,5.194555671757394,0.48122552824260634
5696,5.6838303,5.19495244417054,0.4888778558294602
5697,5.688957,5.1953413253262095,0.49361567467379075
5698,5.69223,5.195737222502382,0.4964927774976182
5699,5.6986237,5.196136662747391,0.5024870372526085
5700,5.701782,5.196536784307027,0.5052452156929723
5701,5.7058487,5.196917992177845,0.508930707822155
5702,5.707451,5.197248581814427,0.5102024181855729
5703,5.7082825,5.1975204448642724,0.5107620551357277
5704,5.710083,5.197716715510553,0.5123662844894472
5705,5.712044,5.1978263436247385,0.5142176563752612
5706,5.7149963,5.197838992936501,0.5171573070634992
5707,5.720047,5.1977587625671084,0.5222882374328917
5708,5.719963,5.197600346455753,0.5223626535442465
5709,5.7227936,5.197377017175736,0.5254165828242643
5710,5.7279587,5.1971099795317315,0.5308487204682688
5711,5.7224274,5.196818709571601,0.525608690428399
5712,5.711624,5.19649437766423,0.5151296223357695
5713,5.6909027,5.196096283494398,0.4948064165056021
5714,5.6626053,5.195600787640918,0.46700451235908247
5715,5.6373825,5.1949763660089525,0.44240613399104767
5716,5.609871,5.194235163263654,0.41563583673634596
5717,5.5901184,5.1934219851111285,0.3966964148888712
5718,5.5705643,5.192483185161514,0.37808111483848617
5719,5.5590897,5.191387805193153,0.36770189480684756
5720,5.555214,5.1901358466035745,0.3650781533964258
5721,5.5564117,5.188735481004994,0.3676762189950056
5722,5.5622406,5.187197660210829,0.3750429397891706
5723,5.562587,5.185526142408554,0.37706085759144603
5724,5.558107,5.183774088254673,0.3743329117453271
5725,5.5541787,5.182012213012344,0.37216648698765553
5726,5.550805,5.180274050446103,0.3705309495538973
5727,5.547988,5.178612594522993,0.3693754054770073
5728,5.5457296,5.17702756555701,0.36870203444298966
5729,5.544032,5.1755010181924455,0.36853098180755417
5730,5.542898,5.174050449428569,0.3688475505714308
5731,5.5423303,5.172657077993341,0.369673222006659
5732,5.586136,5.171265401731918,0.4148705982680818
5733,5.6366196,5.169858690886197,0.46676090911380363
5734,5.6470184,5.168475895509744,0.4785425044902567
5735,5.6484604,5.167143776495885,0.4813166235041155
5736,5.661827,5.165923751703396,0.4959032482966039
5737,5.6793976,5.164824335338897,0.5145732646611023
5738,5.6842804,5.163805756285903,0.5204746437140964
5739,5.697029,5.162856426252993,0.5341725737470071
5740,5.7068253,5.161608938462848,0.5452163615371521
5741,5.711502,5.160514993137156,0.5509870068628446
5742,5.714035,5.159945983674743,0.554089016325257
5743,5.713402,5.159430789039604,0.5539712109603965
5744,5.7050934,5.158932084309375,0.5461613156906253
5745,5.6836543,5.158478652844382,0.5251756471556179
5746,5.663894,5.1580465777629385,0.5058474222370615
5747,5.6445518,5.157552515399367,0.4869992846006337
5748,5.620725,5.156964495835457,0.4637605041645436
5749,5.5931697,5.156261377749484,0.4369083222505159
5750,5.5627885,5.155439011703387,0.4073494882966129
5751,5.530484,5.154516910922342,0.3759670890776583
5752,5.49716,5.153515667962323,0.34364433203767675
5753,5.463718,5.152453811477738,0.31126418852226223
5754,5.4310617,5.151303470156271,0.2797582298437291
5755,5.4000936,5.15003998703331,0.25005361296669015
5756,5.371716,5.148712581131581,0.22300341886841935
5757,5.3468328,5.14734762504778,0.19948517495221996
5758,5.326346,5.14593560002331,0.18041039997669017
5759,5.311159,5.144499769003437,0.16665923099656332
5760,5.302174,5.143107514829991,0.1590664851700092
5761,5.305298,5.141807482236853,0.1634905177631465
5762,5.3323593,5.1405806320457925,0.19177866795420773
5763,5.356125,5.139194152023782,0.21693084797621776
5764,5.3777084,5.137757442149145,0.23995095785085496
5765,5.3981247,5.136597808255455,0.2615268917445457
5766,5.4123306,5.135538260107908,0.27679233989209173
5767,5.4194183,5.134424948007685,0.28499335199231535
5768,5.4222946,5.133278635395021,0.289015964604979
5769,5.4174576,5.132087891776505,0.2853697082234943
5770,5.4064636,5.130846271731485,0.27561732826851504
5771,5.3960266,5.129567894898956,0.2664587051010443
5772,5.384857,5.128258374071098,0.2565986259289019
5773,5.3736725,5.1268931437606655,0.2467793562393341
5774,5.3640976,5.125449113266496,0.2386484867335037
5775,5.363678,5.123896048965106,0.2397819510348942
5776,5.3622437,5.122178524281273,0.2400651757187262
5777,5.3676147,5.12022209004302,0.24739260995697965
5778,5.375374,5.1179814390591885,0.2573925609408114
5779,5.394747,5.115440010082704,0.27930698991729574
5780,5.4105673,5.112602137542363,0.29796516245763716
5781,5.4200215,5.109493005533658,0.31052849446634223
5782,5.425774,5.106155416929706,0.31961858307029356
5783,5.4304886,5.102609105886781,0.32787949411321904
5784,5.4368296,5.098888862562686,0.33794073743731445
5785,5.447461,5.095077907140025,0.3523830928599745
5786,5.465047,5.091289632128325,0.3737573678716748
5787,5.5223465,5.087565277466936,0.43478122253306406
5788,5.5495377,5.083885906188123,0.46565179381187694
5789,5.5699997,5.080288140566141,0.489711559433859
5790,5.584358,5.076753603470123,0.5076043965298771
5791,5.598381,5.073345013730626,0.5250359862693736
5792,5.605156,5.070273332899608,0.5348826671003923
5793,5.610771,5.067359242627148,0.5434117573728514
5794,5.6245728,5.064373428034445,0.5601993719655551
5795,5.636795,5.061406062518794,0.5753889374812058
5796,5.645912,5.058466695399528,0.5874453046004717
5797,5.6570206,5.055516001114955,0.6015045988850449
5798,5.664261,5.052408540765976,0.611852459234024
5799,5.6694946,5.049036678437194,0.6204579215628065
5800,5.6618195,5.045424148741626,0.6163953512583742
5801,5.648514,5.041637762226887,0.606876237773113
5802,5.6254044,5.037801797661824,0.5876026023381762
5803,5.5938034,5.034110534230966,0.5596928657690334
5804,5.563637,5.030795909961293,0.5328410900387066
5805,5.5324097,5.027951179915709,0.5044585200842908
5806,5.503311,5.025465017243775,0.47784598275622514
5807,5.4788437,5.02320533426765,0.4556383657323497
5808,5.453453,5.021059128677471,0.43239387132252904
5809,5.426132,5.018974243460605,0.40715775653939534
5810,5.396431,5.017013869876765,0.37941713012323497
5811,5.373192,5.015319191525759,0.35787280847424174
5812,5.3529744,5.014014363312589,0.3389600366874106
5813,5.339476,5.013149355115746,0.32632664488425434
5814,5.3257427,5.01272177579421,0.31302092420579
5815,5.31005,5.012666004135271,0.2973839958647293
5816,5.2906737,5.012819508861928,0.2778541911380721
5817,5.2658906,5.013124711516449,0.25276588848355086
5818,5.2339764,5.013646641226952,0.2203297587730484
5819,5.1932087,5.014411293491038,0.17879740650896192
5820,5.141861,5.015467536359954,0.12639346364004567
5821,5.144455,5.016955294386403,0.12749970561359714
5822,5.1562805,5.018879435785981,0.13740106421401954
5823,5.1637726,5.021189423378095,0.14258317662190478
5824,5.17424,5.02377401076924,0.15046598923076004
5825,5.18132,5.026420694092982,0.15489930590701828
5826,5.191757,5.029073612841073,0.1626833871589266
5827,5.2071686,5.032057181043065,0.17511141895693516
5828,5.2241745,5.03543646935711,0.18873803064288985
5829,5.241562,5.038942287006581,0.2026197129934193
5830,5.259842,5.0425907757715365,0.21725122422846344
5831,5.271576,5.046408398420944,0.2251676015790558
5832,5.281189,5.050418328602872,0.2307706713971287
5833,5.292885,5.054593589340137,0.2382914106598628
5834,5.2814865,5.058799904613927,0.22268659538607238
5835,5.2943573,5.062953089588636,0.2314042104113634
5836,5.29097,5.067090551186652,0.22387944881334754
5837,5.2842026,5.071235941403506,0.21296665859649444
5838,5.275711,5.075418535062305,0.2002924649376956
5839,5.2654495,5.079633987930189,0.18581551206981128
5840,5.2548676,5.083822378929231,0.17104522107076914
5841,5.2466965,5.0879528301727515,0.1587436698272482
5842,5.2387695,5.092052848497586,0.1467166515024143
5843,5.246193,5.0961670947220865,0.15002590527791337
5844,5.2428436,5.100171158000178,0.14267244199982176
5845,5.2504272,5.103963569604552,0.14646363039544763
5846,5.263626,5.107593518568532,0.15603248143146864
5847,5.27964,5.111104488897483,0.16853551110251708
5848,5.303734,5.114499437846428,0.18923456215357248
5849,5.3261185,5.11771163138513,0.2084068686148699
5850,5.3510056,5.120697627196547,0.23030797280345272
5851,5.3734665,5.123412642333408,0.25005385766659227
5852,5.3930664,5.125748025765108,0.26731837423489235
5853,5.406067,5.127658389458828,0.27840861054117205
5854,5.4190903,5.129012398080815,0.2900779019191848
5855,5.427742,5.1294768065684035,0.29826519343159674
5856,5.4358597,5.128844111211716,0.3070155887882837
5857,5.4421844,5.127029071761931,0.31515532823806947
5858,5.4479294,5.124310075998528,0.32361932400147175
5859,5.4530106,5.121181537399847,0.33182906260015255
5860,5.4687424,5.117887389412911,0.3508550105870887
5861,5.464699,5.1146388163563925,0.3500601836436079
5862,5.4701004,5.11165102815388,0.35844937184611947
5863,5.4738007,5.108989852625739,0.36481084737426084
5864,5.4789963,5.106657603967224,0.37233869603277636
5865,5.4819794,5.104632826194447,0.3773465738055535
5866,5.4884872,5.102914963390497,0.38557223660950246
5867,5.497864,5.1015305987190995,0.39633340128090033
5868,5.5111465,5.100443666830267,0.4107028331697329
5869,5.5209427,5.099576871028578,0.42136582897142194
5870,5.5256042,5.098909178164677,0.4266950218353234
5871,5.5386276,5.098041958599808,0.4405856414001921
5872,5.54731,5.096037737865882,0.4512722621341183
5873,5.5587997,5.092987720535387,0.46581197946461295
5874,5.5720215,5.089610588981977,0.4824109110180226
5875,5.5846863,5.086140234940415,0.49854606505958543
5876,5.593292,5.082780684695579,0.510511315304421
5877,5.60305,5.079661926603589,0.5233880733964105
5878,5.61322,5.076910878271627,0.5363091217283733
5879,5.6240234,5.074652794091472,0.5493706059085275
5880,5.6373672,5.07307181402281,0.5642953859771902
5881,5.6476364,5.072458097629454,0.5751783023705457
5882,5.658348,5.07266184099084,0.5856861590091604
5883,5.66996,5.073328082191401,0.5966319178085984
5884,5.680603,5.074424416072258,0.6061785839277416
5885,5.689728,5.075949090002615,0.6137789099973849
5886,5.6988525,5.077841456218756,0.6210110437812437
5887,5.707443,5.0799965188860225,0.627446481113977
5888,5.715439,5.082312437246198,0.6331265627538016
5889,5.718796,5.084804522232439,0.6339914777675615
5890,5.7641525,5.087448826928857,0.6767036730711427
5891,5.6767654,5.090200402517147,0.5865649974828528
5892,5.6963043,5.09307089164902,0.60323340835098
5893,5.699196,5.096027931515615,0.6031680684843845
5894,5.6944656,5.099060470485325,0.595405129514675
5895,5.6922684,5.102162403559229,0.5901059964407711
5896,5.69191,5.105352763504895,0.5865572364951053
5897,5.696739,5.108705352113773,0.5880336478862267
5898,5.697853,5.112352372164825,0.5855006278351755
5899,5.70298,5.116231420813497,0.5867485791865032
5900,5.7123947,5.120178928855204,0.5922157711447955
5901,5.7236557,5.124185464587393,0.5994702354126069
5902,5.7392883,5.12822193436763,0.6110663656323698
5903,5.754547,5.132279756882777,0.6222672431172223
5904,5.769562,5.136371602604527,0.6331903973954729
5905,5.7824936,5.140430216334873,0.6420633836651266
5906,5.793579,5.144405392036091,0.6491736079639097
5907,5.8092346,5.1482093842681484,0.6610252157318515
5908,5.772629,5.151871238444022,0.6207577615559785
5909,5.7820206,5.155535947854594,0.6264846521454057
5910,5.794937,5.159275727153451,0.6356612728465487
5911,5.8020096,5.163131885103548,0.6388777148964522
5912,5.808563,5.167108863196259,0.6414541368037412
5913,5.8165436,5.171247630452731,0.6452959695472691
5914,5.819832,5.175535600374491,0.6442963996255093
5915,5.8254013,5.179927818391018,0.645473481608982
5916,5.8244553,5.184421415977406,0.6400338840225945
5917,5.822998,5.18900073705443,0.6339972629455701
5918,5.819687,5.193651740307945,0.6260352596920553
5919,5.813408,5.198363138930814,0.6150448610691859
5920,5.8006363,5.20310882367481,0.5975274763251894
5921,5.7875824,5.207861247845645,0.579721152154355
5922,5.7668457,5.212651165543665,0.554194534456335
5923,5.7480164,5.217417924229544,0.5305984757704563
5924,5.7242885,5.222047295410655,0.5022412045893452
5925,5.6961756,5.226513451722486,0.4696621482775143
5926,5.6915054,5.230821149239008,0.4606842507609912
5927,5.6926384,5.234926647152322,0.4577117528476782
5928,5.694486,5.238624975343898,0.45586102465610256
5929,5.6969304,5.241076377802624,0.4558540221973759
5930,5.69985,5.242422581823633,0.45742741817636645
5931,5.7031274,5.243582276297929,0.45954512370207024
5932,5.7066426,5.244561650361391,0.4620809496386089
5933,5.710277,5.245358553818503,0.464918446181497
5934,5.7139115,5.246053682711514,0.4678578172884862
5935,5.717427,5.246636747957828,0.47079025204217206
5936,5.7207055,5.24713775018467,0.4735677498153299
5937,5.723625,5.247542394331434,0.47608260566856586
5938,5.7260685,5.247833769979698,0.4782347300203025
5939,5.7279167,5.248056889782801,0.4798598102171985
5940,5.7290497,5.248003254841024,0.48104644515897643
5941,5.727478,5.247670603443121,0.479807396556879
5942,5.7437134,5.247265805506328,0.49644759449367193
5943,5.7589035,5.246841769013407,0.5120617309865931
5944,5.771591,5.246417395675406,0.5251736043245936
5945,5.7796326,5.245390486706285,0.5342421132937156
5946,5.793785,5.243727160300388,0.5500578396996119
5947,5.8003693,5.242024606849597,0.5583446931504028
5948,5.799919,5.240322026886933,0.5595969731130674
5949,5.805931,5.238608183853483,0.5673228161465174
5950,5.8058853,5.236907340139001,0.568977959860999
5951,5.8061523,5.235277204470276,0.5708750955297237
5952,5.803978,5.233739717013525,0.5702382829864749
5953,5.805229,5.23226141974987,0.57296758025013
5954,5.804825,5.23082259036008,0.5740024096399203
5955,5.805603,5.229405457450779,0.5761975425492203
5956,5.8032,5.2279888407447785,0.5752111592552218
5957,5.7997513,5.226605560502011,0.5731457394979884
5958,5.8009186,5.225264541155366,0.5756540588446342
5959,5.7987823,5.223906771582846,0.5748755284171541
5960,5.797737,5.222511520484838,0.5752254795151615
5961,5.7990875,5.221098307426405,0.5779891925735949
5962,5.803131,5.2197174291619035,0.5834135708380961
5963,5.806816,5.218393200801469,0.5884227991985318
5964,5.81279,5.217090431048572,0.595699568951428
5965,5.819046,5.215795195960084,0.6032508040399165
5966,5.822212,5.214524684158538,0.6076873158414626
5967,5.8273926,5.213307662490879,0.6140849375091202
5968,5.831749,5.212174818519433,0.6195741814805675
5969,5.8352127,5.21114518027303,0.6240675197269692
5970,5.8405914,5.210213902481564,0.6303774975184364
5971,5.8480377,5.209368685898617,0.6386690141013833
5972,5.8602753,5.208618397570819,0.6516569024291803
5973,5.8612823,5.207967094312285,0.653315205687715
5974,5.864975,5.207433910370954,0.6575410896290466
5975,5.868286,5.207027797940023,0.6612582020599778
5976,5.8732376,5.2067012404555975,0.6665363595444029
5977,5.8759613,5.206406573517786,0.6695547264822146
5978,5.879982,5.2062051464735974,0.6737768535264026
5979,5.8864746,5.206112451143817,0.6803621488561831
5980,5.8893204,5.206059871807942,0.6832605281920578
5981,5.888298,5.206045935089198,0.6822520649108021
5982,5.8858643,5.206054086999188,0.6798102130008115
5983,5.882553,5.206056380998642,0.6764966190013579
5984,5.8768997,5.20603417939828,0.67086552060172
5985,5.868454,5.205979454592531,0.662474545407469
5986,5.856827,5.205892553648824,0.6509344463511759
5987,5.8432083,5.2057743859664205,0.6374339140335792
5988,5.828087,5.205634128542699,0.622452871457301
5989,5.8024216,5.205473512096532,0.5969480879034679
5990,5.776581,5.205323904985544,0.571257095014456
5991,5.7463303,5.205194166938124,0.541136133061876
5992,5.7205963,5.20504135983403,0.5155549401659707
5993,5.6975784,5.2048610442054715,0.4927173557945288
5994,5.6777267,5.204661942823307,0.47306475717669283
5995,5.662529,5.204455907568712,0.45807309243128813
5996,5.6500854,5.204237476950779,0.4458479230492207
5997,5.6393967,5.204045485240909,0.4353512147590912
5998,5.629265,5.203922048685332,0.4253429513146685
5999,5.6188507,5.203814376658954,0.4150363233410461
6000,5.6091156,5.203692532327709,0.40542306767229075
6001,5.603264,5.203535702078348,0.3997282979216523
6002,5.6009827,5.203312812670002,0.3976698873299984
6003,5.5993347,5.203030156576109,0.39630454342389143
6004,5.601387,5.202699323055377,0.3986876769446228
6005,5.6026917,5.202316209769824,0.40037549023017593
6006,5.6088257,5.201814949923376,0.4070107500766236
6007,5.6139145,5.201135204888675,0.41277929511132516
6008,5.620117,5.2002704634751185,0.41984653652488113
6009,5.6247864,5.199231623901507,0.425554776098493
6010,5.6349106,5.19792111713716,0.43698948286284
6011,5.6399307,5.196535566116077,0.44339513388392326
6012,5.6481857,5.19530827024707,0.4528774297529301
6013,5.6529236,5.194213861444352,0.45870973855564845
6014,5.657135,5.193306634196229,0.4638283658037716
6015,5.658386,5.1926340859488835,0.4657519140511166
6016,5.658615,5.192163950169258,0.46645104983074237
6017,5.6539536,5.191823547769429,0.46213005223057113
6018,5.64373,5.191569894048358,0.45216010595164136
6019,5.6206055,5.19123367653657,0.4293718234634296
6020,5.5963516,5.190635163591616,0.40571643640838406
6021,5.5720596,5.189754235093127,0.3823053649068733
6022,5.553673,5.188653410308799,0.36501958969120096
6023,5.5415955,5.187417522040776,0.3541779779592238
6024,5.5356183,5.1861795434304305,0.3494387565695698
6025,5.530469,5.185058575702513,0.34541042429748714
6026,5.526149,5.184135116360651,0.3420138836393489
6027,5.5226607,5.183428172825593,0.3392325271744072
6028,5.5200067,5.1829295047730355,0.3370771952269642
6029,5.5181885,5.182621972888719,0.3355665271112809
6030,5.517208,5.182451740590085,0.3347562594099154
6031,5.5390472,5.182391091920728,0.35665610807927184
6032,5.574188,5.1824278445115555,0.3917601554884449
6033,5.5943832,5.18249616681394,0.41188703318606024
6034,5.6117096,5.182690731770752,0.4290188682292486
6035,5.62809,5.1831167815999395,0.44497321840006077
6036,5.642395,5.183629692885383,0.45876530711461694
6037,5.6582794,5.18409708314762,0.47418231685237977
6038,5.6720505,5.184385032590681,0.48766546740931904
6039,5.6874847,5.184510375754968,0.5029743242450317
6040,5.69915,5.184641837125448,0.5145081628745523
6041,5.707596,5.184735812996999,0.5228601870030003
6042,5.7119064,5.184655737294881,0.5272506627051188
6043,5.706192,5.184477475427554,0.5217145245724453
6044,5.6963425,5.184297897465976,0.512044602534024
6045,5.682228,5.184186337357789,0.49804166264221106
6046,5.667076,5.184163742754727,0.48291225724527287
6047,5.650406,5.184153571328288,0.46625242867171224
6048,5.632309,5.184215934682195,0.44809306531780546
6049,5.6086044,5.184383360403442,0.4242210395965582
6050,5.5793,5.184652818177722,0.3946471818222781
6051,5.55159,5.185015408099696,0.36657459190030384
6052,5.5260315,5.1854496175629095,0.34058188243709075
6053,5.506729,5.185966982252479,0.320762017747521
6054,5.496086,5.186543716798357,0.309542283201643
6055,5.490982,5.187148307549151,0.3038336924508487
6056,5.4962463,5.187779642313397,0.3084666576866031
6057,5.499916,5.18842110244142,0.31149489755858006
6058,5.5105743,5.18909800618754,0.32147629381246023
6059,5.516533,5.189815608836618,0.32671739116338205
6060,5.5204926,5.190539237406408,0.3299533625935922
6061,5.5195465,5.191248741170368,0.3282977588296321
6062,5.5175095,5.191931906917603,0.3255775930823974
6063,5.513497,5.192603311834316,0.3208936881656843
6064,5.5120935,5.19325565289947,0.31883784710052954
6065,5.5098376,5.193878739472444,0.31595886052755606
6066,5.5070653,5.194467954628816,0.31259734537118344
6067,5.5041113,5.195022041792171,0.3090892582078286
6068,5.5013113,5.1955437474682915,0.30576755253170873
6069,5.4989996,5.19601750091655,0.30298209908345
6070,5.4975123,5.19643586175877,0.3010764382412301
6071,5.506012,5.196810670581728,0.30920132941827205
6072,5.525009,5.197142543782873,0.3278664562171265
6073,5.5424423,5.197434705979189,0.34500759402081105
6074,5.5611877,5.1976769164678425,0.36351078353215716
6075,5.5796432,5.197825011841629,0.38181818815837065
6076,5.595093,5.197878323944286,0.3972146760557145
6077,5.620598,5.197837567116449,0.4227604328835515
6078,5.638565,5.197704660328656,0.4408603396713442
6079,5.6543427,5.197487470211539,0.45685522978846116
6080,5.6700897,5.19712393667014,0.47296576332986007
6081,5.67733,5.19663161382925,0.4806983861707508
6082,5.683464,5.196084081401017,0.48737991859898244
6083,5.6860733,5.195472511123909,0.49060078887609126
6084,5.6840744,5.194801279571819,0.48927312042818105
6085,5.6798325,5.194088457131368,0.4857440428686317
6086,5.676979,5.193342981930686,0.4836360180693138
6087,5.6694794,5.19255078120347,0.4769286187965305
6088,5.6659317,5.1916945377514985,0.4742371622485013
6089,5.659477,5.190773804786649,0.4687031952133509
6090,5.6537094,5.189758157650844,0.4639512423491565
6091,5.6492767,5.188645322000966,0.4606313779990341
6092,5.64402,5.187454567104753,0.4565654328952471
6093,5.633934,5.186320604491377,0.4476133955086228
6094,5.618759,5.1850863647938095,0.43367263520619037
6095,5.6048203,5.183621053845723,0.42119924615427706
6096,5.585312,5.182073637523801,0.40323836247619926
6097,5.566559,5.180374664718724,0.3861843352812757
6098,5.5447464,5.178563609913612,0.36618279008638854
6099,5.523735,5.176722898877902,0.34701210112209857
6100,5.50264,5.174837296568139,0.32780270343186135
6101,5.4837646,5.172897340610254,0.31086725938974613
6102,5.4684067,5.17088994290142,0.29751675709858016
6103,5.4549766,5.168789884352667,0.2861867156473332
6104,5.4410844,5.1665829202637115,0.2745014797362888
6105,5.4275303,5.1642837407527145,0.26324655924728546
6106,5.415012,5.161928159877907,0.25308384012209295
6107,5.4042273,5.159563272384273,0.2446640276157268
6108,5.3958726,5.157236148164619,0.2386364518353803
6109,5.390646,5.154946316616472,0.23569968338352787
6110,5.4001923,5.1526798379264465,0.24751246207355315
6111,5.463951,5.150437135226503,0.31351386477349674
6112,5.4861145,5.148190848944097,0.3379236510559034
6113,5.4993134,5.145909172537689,0.3534042274623115
6114,5.51667,5.143598862602803,0.3730711373971971
6115,5.5125275,5.141429543425693,0.37109795657430666
6116,5.5021906,5.13941193656927,0.3627786634307295
6117,5.48061,5.137416081358862,0.3431939186411386
6118,5.4535465,5.135456695094563,0.31808980490543703
6119,5.423206,5.133551992771098,0.28965400722890244
6120,5.391791,5.131700185112917,0.2600908148870822
6121,5.3615074,5.129870394934229,0.231637005065771
6122,5.3345594,5.128045301349687,0.20651409865031312
6123,5.313152,5.126239637617205,0.1869123623827944
6124,5.2994885,5.124373378423572,0.17511512157642795
6125,5.302704,5.122397193620341,0.1803068063796589
6126,5.309204,5.1203881394430555,0.18881586055694477
6127,5.296776,5.118414388732487,0.1783616112675137
6128,5.2889404,5.116573287311947,0.17236711268805305
6129,5.2861176,5.114896448607113,0.17122115139288674
6130,5.284775,5.113369240522336,0.1714057594776639
6131,5.286461,5.111994528120079,0.1744664718799207
6132,5.288269,5.110760374169305,0.17750862583069438
6133,5.294258,5.109625909724476,0.18463209027552452
6134,5.303055,5.108554868937525,0.19450013106247432
6135,5.3120804,5.107546790608635,0.20453360939136545
6136,5.3163147,5.1065895942766115,0.20972510572338887
6137,5.3204117,5.105657784382168,0.2147539156178322
6138,5.3217697,5.104742541676988,0.21702715832301234
6139,5.3234024,5.103837979144554,0.2195644208554457
6140,5.3162766,5.1029198334563555,0.21335676654364466
6141,5.3130646,5.102007854910656,0.21105674508934413
6142,5.311905,5.101131452042256,0.2107735479577446
6143,5.308792,5.100308933491905,0.20848306650809523
6144,5.3048325,5.099538182851193,0.20529431714880708
6145,5.302147,5.0987833411273655,0.2033636588726342
6146,5.3028717,5.09802693964443,0.2048447603555701
6147,5.302849,5.097277087710859,0.20557191228914107
6148,5.3027115,5.096548357344494,0.20616314265550617
6149,5.3058167,5.095835128243109,0.20998157175689158
6150,5.30497,5.09513625115497,0.20983374884503014
6151,5.3064423,5.0944639873360265,0.21197831266397316
6152,5.3081284,5.093821121875123,0.2143072781248776
6153,5.31266,5.093221621548144,0.21943837845185588
6154,5.3227844,5.09266313545142,0.23012126454857995
6155,5.331505,5.0921078241964945,0.2393971758035054
6156,5.3398285,5.091552750250609,0.24827574974939104
6157,5.3506546,5.090993912815545,0.25966068718445534
6158,5.3629303,5.090415514468937,0.27251478553106345
6159,5.3729935,5.089813765468426,0.28317973453157386
6160,5.392975,5.089161906783849,0.30381309321615113
6161,5.400757,5.0884313054275605,0.3123256945724391
6162,5.4114227,5.087627838317577,0.32379486168242355
6163,5.422699,5.0867474924087235,0.33595150759127623
6164,5.434227,5.0857801084231635,0.3484468915768364
6165,5.4434204,5.0846818305458985,0.35873856945410143
6166,5.4584274,5.083449187842916,0.3749782121570835
6167,5.466957,5.082150178499444,0.3848068215005558
6168,5.4741287,5.0808338587142305,0.3932948412857691
6169,5.4806213,5.079575859611082,0.4010454403889181
6170,5.4838715,5.078408830269674,0.4054626697303263
6171,5.4834213,5.077312659344827,0.40610864065517305
6172,5.474983,5.076318999004706,0.39866400099529375
6173,5.467888,5.075470845436422,0.39241715456357795
6174,5.4603043,5.074781822048349,0.3855224779516506
6175,5.4484787,5.074263688577624,0.37421501142237545
6176,5.4385223,5.073915883549433,0.3646064164505667
6177,5.4306717,5.073712682421838,0.35695901757816273
6178,5.430107,5.073680057937401,0.3564269420625985
6179,5.434273,5.073838979324039,0.3604340206759611
6180,5.4441833,5.074164740848732,0.37001855915126747
6181,5.457054,5.074632881502963,0.38242111849703697
6182,5.472595,5.075217181501182,0.3973778184988177
6183,5.489151,5.0759116879903745,0.41323931200962516
6184,5.507637,5.0766810671765,0.4309559328235002
6185,5.5254974,5.077483344760546,0.4480140552394536
6186,5.542038,5.078317241816448,0.46372075818355185
6187,5.55661,5.0791611222115405,0.47744887778845957
6188,5.5706863,5.080055507398071,0.4906307926019293
6189,5.5795517,5.0810549262713565,0.4984967737286432
6190,5.5845413,5.082161600656203,0.5023796993437966
6191,5.591774,5.083361383758734,0.5084126162412659
6192,5.5932846,5.084642758699489,0.5086418413005109
6193,5.593704,5.0860442351249855,0.5076597648750143
6194,5.592301,5.087617381056466,0.5046836189435338
6195,5.5895877,5.089359525188634,0.5002281748113662
6196,5.583569,5.091209136259517,0.49235986374048313
6197,5.5763426,5.0931685071051565,0.4831740928948438
6198,5.568984,5.09526323575029,0.47372076424971077
6199,5.561525,5.097454757036125,0.46407024296387434
6200,5.5540953,5.0996885994760435,0.4544067005239567
6201,5.546824,5.101930303013679,0.44489369698632064
6202,5.5398417,5.104159593434806,0.4356821065651939
6203,5.5332785,5.106375067444439,0.4269034325555605
6204,5.527264,5.108585209292466,0.418678790707534
6205,5.521928,5.1107822898691255,0.4111457101308744
6206,5.5174003,5.112971418676512,0.4044288813234882
6207,5.513811,5.115168038992437,0.39864296100756214
6208,5.51129,5.1174015178697845,0.3938884821302153
6209,5.509968,5.119705633251776,0.3902623667482237
6210,5.5176697,5.122088303663507,0.3955813963364925
6211,5.5386276,5.124555770496373,0.41407182950362653
6212,5.5551376,5.127120585412951,0.42801701458704944
6213,5.571617,5.129744773930539,0.44187222606946097
6214,5.586113,5.13228715162025,0.4538258483797497
6215,5.5998,5.134567883623819,0.465232116376181
6216,5.6095123,5.1365194297157375,0.47299287028426207
6217,5.613632,5.138233067090907,0.4753989329090933
6218,5.61425,5.139855263025425,0.4743947369745749
6219,5.615692,5.1415106928068335,0.47418130719316665
6220,5.613373,5.143268629410831,0.4701043705891692
6221,5.6071014,5.145185481205834,0.4619159187941664
6222,5.5973816,5.147305515115188,0.4500760848848122
6223,5.5838776,5.149652206554619,0.4342253934453808
6224,5.566986,5.15217394703588,0.4148120529641197
6225,5.548012,5.154844137263278,0.3931678627367221
6226,5.529991,5.1576929596560825,0.37229804034391734
6227,5.5108643,5.160674340697055,0.35018995930294494
6228,5.4968185,5.163730485220252,0.33308801477974814
6229,5.484604,5.1667692432094725,0.31783475679052753
6230,5.480425,5.169727950309916,0.31069704969008427
6231,5.471091,5.1725273098800235,0.29856369011997685
6232,5.45804,5.175050093084792,0.28298990691520753
6233,5.4426904,5.177271806429467,0.26541859357053266
6234,5.4264603,5.1791639266860185,0.24729637331398102
6235,5.410766,5.180787481559469,0.22997851844053052
6236,5.397026,5.182246691061074,0.21477930893892605
6237,5.3866587,5.183743639737773,0.20291506026222716
6238,5.3810816,5.1851144224282715,0.19596717757172843
6239,5.4216766,5.186160277612818,0.23551632238718145
6240,5.45327,5.187131945095526,0.2661380549044736
6241,5.4858246,5.188042945295841,0.29778165470415896
6242,5.496666,5.188913408723433,0.30775259127656707
6243,5.508835,5.1898344917195365,0.3190005082804639
6244,5.5248184,5.1907829760626925,0.33403542393730756
6245,5.537575,5.191755282961701,0.3458197170382995
6246,5.5517654,5.192759398893204,0.3590060011067955
6247,5.5681076,5.193775314389936,0.3743322856100644
6248,5.577179,5.1947872213966235,0.3823917786033766
6249,5.584358,5.195807328769014,0.38855067123098586
6250,5.588455,5.1968281627047554,0.3916268372952443
6251,5.5980453,5.197842986924675,0.40020231307532494
6252,5.592102,5.198819481373624,0.39328251862637575
6253,5.584236,5.199618285237479,0.3846177147625207
6254,5.572647,5.2001015115149,0.37254548848510005
6255,5.562355,5.200224472763815,0.362130527236185
6256,5.5547485,5.200044943768588,0.3547035562314118
6257,5.5496445,5.199648939636853,0.3499955603631477
6258,5.545479,5.199123557246092,0.34635544275390817
6259,5.545601,5.198543574010426,0.3470574259895738
6260,5.5484695,5.197990295155486,0.35047920484451467
6261,5.5511475,5.197549684854553,0.35359781514544686
6262,5.553879,5.197231708145987,0.35664729185401356
6263,5.5588303,5.197033465060665,0.36179683493933545
6264,5.5662537,5.196950255955776,0.369303444044224
6265,5.574257,5.196940417662112,0.37731658233788856
6266,5.5822525,5.196937198681979,0.3853153013180215
6267,5.6068344,5.196857902198442,0.40997649780155854
6268,5.603142,5.196618058811648,0.4065239411883521
6269,5.615959,5.196148642140405,0.4198103578595953
6270,5.6293793,5.195435530894238,0.4339437691057624
6271,5.6416626,5.194534016170194,0.447128583829806
6272,5.6529236,5.193472939502364,0.4594506604976365
6273,5.65446,5.192276251110601,0.46218374888939895
6274,5.645428,5.191007570989226,0.4544204290107743
6275,5.630239,5.189772076730788,0.440466923269212
6276,5.611066,5.188650305771875,0.42241569422812475
6277,5.590082,5.187675743992213,0.40240625600778657
6278,5.5694604,5.186867240319688,0.3825931596803116
6279,5.5513735,5.18615269149366,0.36522080850634
6280,5.5379953,5.185426150002649,0.35256914999735134
6281,5.5314984,5.184632565210032,0.346865834789968
6282,5.568718,5.183796471597197,0.3849215284028027
6283,5.6107407,5.182994743428205,0.4277459565717949
6284,5.6241455,5.182277400784526,0.44186809921547443
6285,5.6402664,5.181678119180788,0.4585882808192121
6286,5.649582,5.181227503180595,0.4683544968194049
6287,5.6521606,5.180944567462581,0.47121603253741906
6288,5.6543045,5.180945725134848,0.47335877486515265
6289,5.6411667,5.181205631404336,0.4599610685956641
6290,5.652588,5.181559086788677,0.471028913211323
6291,5.654007,5.181945709300751,0.47206129069924874
6292,5.656357,5.182286093028264,0.47407090697173615
6293,5.6592484,5.1825416952917855,0.4767067047082145
6294,5.6570435,5.18267880138434,0.47436469861566
6295,5.6581726,5.182676161510901,0.47549643848909895
6296,5.6471024,5.182561789237421,0.4645406107625787
6297,5.638794,5.1823800383696295,0.4564139616303704
6298,5.633102,5.182221088051661,0.4508809119483388
6299,5.617829,5.182085636810336,0.43574336318966456
6300,5.5956807,5.181983016660696,0.41369768333930423
6301,5.569362,5.181947646834397,0.38741435316560313
6302,5.541578,5.181951945195541,0.3596260548044592
6303,5.5150332,5.181998121608489,0.3330350783915117
6304,5.492434,5.182137611178537,0.31029638882146315
6305,5.4764853,5.182377545233657,0.2941077547663431
6306,5.469891,5.1826847505603535,0.2872062494396461
6307,5.5237503,5.182905205647766,0.3408450943522334
6308,5.5527115,5.183122101543275,0.3695893984567249
6309,5.5707703,5.1835296603080785,0.3872406396919219
6310,5.583641,5.1840132757505835,0.3996277242494166
6311,5.5960464,5.184438211348215,0.41160818865178506
6312,5.608345,5.184715096714211,0.4236299032857893
6313,5.6198044,5.184824957985147,0.4349794420148525
6314,5.631912,5.184790759292757,0.4471212407072427
6315,5.646164,5.184663393696168,0.46150060630383205
6316,5.636528,5.184486532292078,0.45204146770792253
6317,5.643425,5.184224033722347,0.4592009662776526
6318,5.643219,5.183806998351665,0.4594120016483352
6319,5.637825,5.183245431318617,0.4545795686813836
6320,5.6283417,5.182622716815729,0.44571898318427117
6321,5.6164246,5.1819920158069115,0.4344325841930887
6322,5.602371,5.181206694947361,0.42116430505263835
6323,5.586708,5.180089742949802,0.40661825705019794
6324,5.570595,5.178624796827434,0.3919702031725656
6325,5.5570374,5.176949162536002,0.38008823746399756
6326,5.544449,5.175236514313612,0.3692124856863881
6327,5.534279,5.1736310750560675,0.3606479249439323
6328,5.5265064,5.172265969950065,0.3542404300499351
6329,5.5113587,5.1712046178147615,0.34015408218523824
6330,5.494455,5.170454827601428,0.3240001723985726
6331,5.4773536,5.16996232433695,0.3073912756630497
6332,5.461615,5.169678759495944,0.2919362405040564
6333,5.4487987,5.169559143129056,0.2792395568709445
6334,5.440463,5.169548941778537,0.2709140582214635
6335,5.4527817,5.169590568863174,0.28319113113682626
6336,5.4994965,5.169636762525262,0.32985973747473807
6337,5.5269394,5.169662203587498,0.3572771964125021
6338,5.5390244,5.169644566897413,0.3693798331025864
6339,5.543976,5.169578406120849,0.3743975938791504
6340,5.54982,5.169464912194453,0.3803550878055475
6341,5.557083,5.169251174044558,0.3878318259554421
6342,5.5686646,5.168855444631917,0.39980915536808315
6343,5.5777893,5.168252911723961,0.409536388276039
6344,5.5912704,5.167506239972837,0.42376416002716333
6345,5.6054306,5.1665011847837246,0.4389294152162755
6346,5.6200714,5.165102254112506,0.4549691458874934
6347,5.6340866,5.1633548101331215,0.47073178986687836
6348,5.651062,5.161312355664176,0.4897496443358236
6349,5.6621246,5.159032718192529,0.503091881807471
6350,5.6714706,5.156534311425128,0.5149362885748721
6351,5.6762314,5.153870565894517,0.5223608341054824
6352,5.6736984,5.151129131115441,0.5225692688845589
6353,5.6620483,5.148566163758953,0.5134821362410475
6354,5.642967,5.146261944916673,0.49670505508332674
6355,5.61866,5.144043010169511,0.47461698983048883
6356,5.5912247,5.1418877348886225,0.4493369651113772
6357,5.560837,5.13980575412401,0.42103124587598995
6358,5.5143585,5.137789982295477,0.3765685177045235
6359,5.466606,5.13583246786922,0.3307735321307792
6360,5.438553,5.133922198239625,0.30463080176037494
6361,5.414551,5.132051432021026,0.2824995679789746
6362,5.3951187,5.130214610556553,0.2649040894434469
6363,5.38562,5.128402600063488,0.25721739993651216
6364,5.3823166,5.126608679963229,0.25570792003677134
6365,5.3829575,5.124824485779831,0.258133014220169
6366,5.384056,5.123025731411937,0.2610302685880628
6367,5.3882294,5.1212240716223345,0.26700532837766566
6368,5.3934937,5.119444357440699,0.2740493425593007
6369,5.401146,5.117676066975477,0.2834699330245227
6370,5.411537,5.115919381933778,0.2956176180662222
6371,5.416847,5.1141718131730025,0.30267518682699723
6372,5.420723,5.11244242802856,0.3082805719714399
6373,5.418808,5.11077260988749,0.3080353901125106
6374,5.412285,5.109211195853668,0.3030738041463321
6375,5.4015045,5.107836393989604,0.2936681060103954
6376,5.3902893,5.106670054821876,0.28361924517812387
6377,5.378731,5.105665168920046,0.2730658310799541
6378,5.371559,5.104816928929101,0.2667420710708992
6379,5.3689957,5.104189173197573,0.26480652680242756
6380,5.372238,5.103679349827409,0.26855865017259095
6381,5.3722687,5.10325548800216,0.2690132119978399
6382,5.3738174,5.10300706871569,0.2708103312843102
6383,5.375618,5.10286193224821,0.2727560677517902
6384,5.3793945,5.102835311786856,0.2765591882131444
6385,5.3819504,5.103144627099946,0.27880577290005437
6386,5.383156,5.103661006404566,0.27949499359543317
6387,5.3859024,5.104131901091546,0.28177049890845396
6388,5.3874283,5.1046147935667765,0.28281350643322334
6389,5.386528,5.105120904346095,0.281407095653905
6390,5.384056,5.105757412324022,0.2782985876759785
6391,5.3840613,5.106304655660279,0.27775664433972125
6392,5.384093,5.106638378475539,0.2774546215244609
6393,5.3841753,5.106987669962107,0.2771876300378926
6394,5.3843327,5.107398031082541,0.276934668917459
6395,5.3845882,5.107900417125328,0.27668778287467166
6396,5.3849673,5.108785987564365,0.27618131243563493
6397,5.3854933,5.109978399013595,0.27551490098640485
6398,5.437248,5.111123329538269,0.32612467046173155
6399,5.4769745,5.112237816183423,0.3647366838165764
6400,5.5138474,5.113316313977973,0.4005310860220277
6401,5.5432816,5.114309180317869,0.4289724196821316
6402,5.577423,5.115176074312903,0.46224692568709624
6403,5.600281,5.115916110344813,0.4843648896551871
6404,5.6141586,5.116394259519887,0.49776434048011264
6405,5.60701,5.11659713265728,0.4904128673427195
6406,5.594777,5.116680739348706,0.4780962606512933
6407,5.5848455,5.116655429389061,0.4681900706109392
6408,5.577027,5.116578753452102,0.46044824654789807
6409,5.5711317,5.116580442692239,0.45455125730776036
6410,5.56697,5.116670518378222,0.45029948162177824
6411,5.5643525,5.116799098229263,0.44755340177073677
6412,5.5630903,5.116942686384716,0.44614761361528377
6413,5.6072845,5.117078286648295,0.4902062133517049
6414,5.671669,5.1170404443559905,0.5546285556440091
6415,5.7035522,5.116849819125833,0.5867023808741667
6416,5.713051,5.116646252667229,0.5964047473327714
6417,5.7150116,5.116436380520293,0.5985752194797076
6418,5.722534,5.116223474295923,0.6063105257040764
6419,5.7227707,5.116019707432132,0.6067509925678678
6420,5.7186813,5.11591715173476,0.6027641482652397
6421,5.7256317,5.115661531911376,0.6099701680886245
6422,5.7241764,5.115118518737008,0.6090578812629923
6423,5.7213726,5.114430261172497,0.6069423388275021
6424,5.7161036,5.113582020704799,0.6025215792952014
6425,5.7084913,5.112668361486943,0.5958229385130576
6426,5.698658,5.111777150977883,0.5868808490221173
6427,5.686726,5.110920460497917,0.5758055395020829
6428,5.672818,5.110097001127813,0.5627209988721873
6429,5.655662,5.109255815761328,0.5464061842386725
6430,5.6380286,5.108371168924843,0.5296574310751572
6431,5.6393356,5.1074630500740605,0.5318725499259394
6432,5.6485596,5.106540611472257,0.5420189885277429
6433,5.6507797,5.105589154842923,0.5451905451570775
6434,5.6518326,5.104631743208648,0.5472008567913518
6435,5.6565704,5.103694298646801,0.5528761013531991
6436,5.6635056,5.10277681719928,0.5607287828007195
6437,5.672615,5.101931080630832,0.5706839193691682
6438,5.6698,5.101189223082128,0.5686107769178728
6439,5.679245,5.100544813605482,0.578700186394518
6440,5.6777573,5.100115012105517,0.5776422878944825
6441,5.697998,5.099915334528996,0.5980826654710043
6442,5.701065,5.099816473821174,0.6012485261788258
6443,5.7054214,5.099774883144293,0.6056465168557068
6444,5.7043,5.099674425317814,0.6046255746821858
6445,5.697853,5.099726574956492,0.5981264250435085
6446,5.6902084,5.100059346185722,0.5901490538142786
6447,5.6764526,5.100491075329986,0.5759615246700145
6448,5.6580124,5.100991842775398,0.5570205572246012
6449,5.6346283,5.101529624537009,0.5330986754629912
6450,5.618698,5.102027764734718,0.5166702352652823
6451,5.6106033,5.102499630014266,0.5081036699857338
6452,5.600853,5.103024170457838,0.49782882954216223
6453,5.5999985,5.103584244088611,0.49641425591138866
6454,5.606308,5.104308375242371,0.5019996247576293
6455,5.609146,5.105207803405649,0.5039381965943512
6456,5.6214294,5.10612062466213,0.5153087753378705
6457,5.626541,5.1069919143840306,0.519549085615969
6458,5.6344986,5.107811446257259,0.5266871537427411
6459,5.643837,5.108603366850024,0.5352336331499767
6460,5.6554947,5.1094174733024245,0.5460772266975757
6461,5.646067,5.110289073446857,0.535777926553143
6462,5.6326623,5.11122847570715,0.52143382429285
6463,5.632754,5.112275316851011,0.5204786831489896
6464,5.632964,5.113386161661591,0.5195778383384093
6465,5.6333036,5.114358874281542,0.5189447257184581
6466,5.6337833,5.11492100948621,0.5188622905137903
6467,5.634414,5.1149900360208305,0.5194239639791691
6468,5.6352057,5.114688919938716,0.5205167800612838
6469,5.6361704,5.114129881266264,0.5220405187337365
6470,5.6373167,5.113419398609769,0.5238973013902317
6471,5.638656,5.112590220196542,0.5260657798034583
6472,5.6401997,5.11161461895983,0.5285850810401698
6473,5.6419578,5.1105637322885515,0.5313940677114486
6474,5.6439404,5.109570209930751,0.5343701900692492
6475,5.646159,5.108693484632568,0.5374655153674324
6476,5.650429,5.107899044171989,0.5425299558280106
6477,5.654068,5.107014207430902,0.5470537925690975
6478,5.6565247,5.10600494590863,0.5505197540913702
6479,5.6564026,5.105009152737729,0.5513934472622708
6480,5.658409,5.104189073335929,0.5542199266640706
6481,5.660042,5.103673489647858,0.5563685103521419
6482,5.6612473,5.1035019149249266,0.5577453850750738
6483,5.6637955,5.103735585267854,0.5600599147321459
6484,5.6668854,5.1044307539318785,0.5624546460681215
6485,5.668007,5.105466801797224,0.5625401982027762
6486,5.672394,5.106688227114141,0.5657057728858588
6487,5.675415,5.108064003512424,0.5673509964875763
6488,5.6781693,5.109495169237741,0.5686741307622594
6489,5.6820297,5.110866534281704,0.5711631657182963
6490,5.688408,5.112165382630602,0.576242617369398
6491,5.69664,5.113390001585783,0.5832499984142174
6492,5.694969,5.1144692564023755,0.5804997435976249
6493,5.6922684,5.115363051024482,0.5769053489755178
6494,5.693321,5.116095107578667,0.5772258924213327
6495,5.6926346,5.116702860933837,0.5759317390661627
6496,5.696289,5.117273663922255,0.5790153360777452
6497,5.6996765,5.117911931675273,0.5817645683247266
6498,5.7034836,5.11867821464501,0.5848053853549899
6499,5.7081757,5.119613654462278,0.5885620455377216
6500,5.7081223,5.120749134586163,0.5873731654138377
6501,5.6916504,5.12208898193762,0.5695614180623805
6502,5.6849365,5.123607688861181,0.5613288111388188
6503,5.6959915,5.125262139330221,0.5707293606697785
6504,5.690506,5.126985294948433,0.5635207050515669
6505,5.6736984,5.128757314242574,0.5449410857574257
6506,5.6559906,5.1305763504456925,0.5254142495543075
6507,5.631836,5.132398008415847,0.4994379915841529
6508,5.593956,5.134194584821146,0.45976141517885427
6509,5.5720444,5.1359372375777115,0.43610716242228875
6510,5.553589,5.13758404159488,0.41600495840511975
6511,5.5462112,5.139095940708835,0.40711525929116554
6512,5.5545883,5.140478779533477,0.41410952046652305
6513,5.545433,5.141758978034959,0.403674021965041
6514,5.5510025,5.142941833806521,0.4080606661934789
6515,5.5634995,5.144033825856665,0.4194656741433347
6516,5.5787888,5.145069031596201,0.4337197684037992
6517,5.599701,5.146056163710332,0.45364483628966745
6518,5.61747,5.146972333267289,0.47049766673271076
6519,5.6370087,5.1478118122477925,0.4891968877522075
6520,5.647069,5.148591901907955,0.498477098092045
6521,5.644009,5.149354607467049,0.49465439253295074
6522,5.6461487,5.15010071136995,0.4960479886300506
6523,5.649975,5.150802638106109,0.49917236189389147
6524,5.655195,5.151456680449039,0.503738319550961
6525,5.6615214,5.152086520967106,0.5094348790328942
6526,5.668664,5.152715500471755,0.5159484995282444
6527,5.6763334,5.153325793387955,0.5230076066120448
6528,5.684241,5.153903212438392,0.5303377875616082
6529,5.6920958,5.154425767539095,0.5376700324609045
6530,5.6996098,5.154906303680345,0.5447034963196549
6531,5.706493,5.155370282272754,0.551122717727246
6532,5.7124557,5.155826184329831,0.5566295156701688
6533,5.717209,5.156276909177537,0.5609320908224635
6534,5.7204633,5.156686880431245,0.5637764195687547
6535,5.7178116,5.157054381250017,0.5607572187499832
6536,5.7124557,5.157380089696821,0.5550756103031782
6537,5.705757,5.1576921585381665,0.5480648414618337
6538,5.69664,5.158019727330248,0.5386202726697524
6539,5.680458,5.158244983279443,0.5222130167205572
6540,5.6633224,5.158459663123898,0.5048627368761025
6541,5.6451187,5.158753429796218,0.4863652702037822
6542,5.6318665,5.159054232687557,0.4728122673124435
6543,5.614975,5.159383762625755,0.45559123737424567
6544,5.599312,5.159711995217373,0.4396000047826272
6545,5.5841827,5.159928344861194,0.4242543551388067
6546,5.569809,5.160023192823902,0.4097858071760978
6547,5.552887,5.160102539037653,0.3927844609623472
6548,5.538864,5.16018748626112,0.37867651373888034
6549,5.525238,5.160265396856193,0.36497260314380675
6550,5.513443,5.160563721419773,0.35287927858022705
6551,5.510269,5.161089552727935,0.34917944727206507
6552,5.5013623,5.161575967243661,0.33978633275633907
6553,5.502637,5.161973229197359,0.34066377080264143
6554,5.5057106,5.1623049078648995,0.3434056921351001
6555,5.5104375,5.162621712709861,0.3478157872901395
6556,5.516671,5.162901024331878,0.35376997566812207
6557,5.524266,5.163128652404681,0.361137347595319
6558,5.533075,5.163330565315534,0.36974443468446605
6559,5.542953,5.163574617663766,0.3793783823362338
6560,5.5680466,5.16397043923552,0.40407616076447983
6561,5.6181717,5.164582711416437,0.45358898858356334
6562,5.6403503,5.16538810418058,0.4749621958194199
6563,5.661194,5.166340616935856,0.49485338306414395
6564,5.673767,5.167390467627009,0.5063765323729905
6565,5.6919556,5.168462256325643,0.5234933436743567
6566,5.707443,5.169079332574915,0.5383636674250845
6567,5.720192,5.169068765565623,0.5511232344343773
6568,5.734894,5.168780654176867,0.5661133458231324
6569,5.7520294,5.1683025166083345,0.5837268833916651
6570,5.76313,5.167681343903485,0.5954486560965151
6571,5.7783737,5.166977309372697,0.611396390627303
6572,5.7906723,5.166214689370663,0.6244576106293369
6573,5.7988815,5.1654363957824465,0.6334451042175537
6574,5.8074417,5.164667265715151,0.6427744342848491
6575,5.8134766,5.163932516499281,0.6495440835007198
6576,5.8140182,5.163229244655049,0.6507889553449502
6577,5.817581,5.162466179499355,0.6551148205006445
6578,5.8173904,5.161578046582836,0.655812353417164
6579,5.8167267,5.160542975525054,0.6561837244749462
6580,5.81752,5.159352750686599,0.6581672493134008
6581,5.8120346,5.15806456443914,0.6539700355608593
6582,5.804283,5.156749490515304,0.6475335094846955
6583,5.792137,5.155472302984265,0.6366646970157355
6584,5.7798386,5.154261523015275,0.6255770769847251
6585,5.7670517,5.153120889649183,0.6139308103508165
6586,5.7504272,5.1520468711293965,0.5983803288706033
6587,5.726265,5.151030797073473,0.5752342029265263
6588,5.69413,5.150081796745122,0.5440482032548788
6589,5.654114,5.14919285348106,0.5049211465189396
6590,5.6173935,5.148332475217139,0.46906102478286105
6591,5.5839996,5.147434510001343,0.4365650899986573
6592,5.5575943,5.146491636856103,0.41110266314389676
6593,5.5325775,5.145496020644218,0.38708147935578197
6594,5.507965,5.144392936060423,0.36357206393957764
6595,5.4860535,5.14319211841338,0.3428613815866193
6596,5.4627533,5.141899016601359,0.3208542833986412
6597,5.439453,5.140539945191267,0.2989130548087333
6598,5.4202576,5.13916819531933,0.28108940468067
6599,5.4071426,5.13780306309256,0.26933953690743984
6600,5.3961334,5.136498972703868,0.25963442729613195
6601,5.381363,5.135231022120399,0.2461319778796014
6602,5.3677063,5.133964689348315,0.23374161065168497
6603,5.347046,5.132737639672032,0.2143083603279674
6604,5.327034,5.131516193005067,0.1955178069949337
6605,5.3053436,5.13020747087584,0.17513612912415955
6606,5.285446,5.128646683731912,0.15679931626808852
6607,5.2686462,5.127053307692943,0.14159289230705685
6608,5.2516785,5.12564288969004,0.1260356103099598
6609,5.2288666,5.124305398580981,0.1045612014190187
6610,5.20356,5.123081232519731,0.08047876748026983
6611,5.180069,5.122052073862084,0.05801692613791598
6612,5.159012,5.12122510763234,0.03778689236765942
6613,5.1450195,5.120553432913477,0.024466067086523324
6614,5.140976,5.1200470365069775,0.020928963493022756
6615,5.1423264,5.119689616606352,0.022636783393648052
6616,5.150917,5.119478897302513,0.03143810269748659
6617,5.1647415,5.119366023065136,0.04537547693486399
6618,5.1835938,5.119328696090442,0.06426510390955809
6619,5.2043,5.119339064083479,0.08496093591652087
6620,5.223068,5.119317851307919,0.10375014869208066
6621,5.2447357,5.119261699041227,0.12547400095877226
6622,5.2627563,5.119161722716283,0.14359457728371705
6623,5.2806015,5.118994923229998,0.16160657677000234
6624,5.2987366,5.118759253859071,0.17997734614092842
6625,5.319931,5.118470137155603,0.20146086284439768
6626,5.3370667,5.1180973479396705,0.21896935206032975
6627,5.3542023,5.117634216089512,0.23656808391048756
6628,5.3567615,5.117052303677634,0.23970919632236587
6629,5.3590846,5.116268486071404,0.2428161139285958
6630,5.361147,5.115288388549737,0.245858611450263
6631,5.3629227,5.114202122309223,0.2487205776907775
6632,5.364387,5.113082833566951,0.25130416643304887
6633,5.365514,5.112004255022674,0.25350974497732626
6634,5.3662786,5.111013207083772,0.2552653929162281
6635,5.3666553,5.110141540659455,0.2565137593405451
6636,5.3754196,5.10940049571426,0.26601910428574005
6637,5.4141617,5.10876459272871,0.30539710727128977
6638,5.4358444,5.108204942541354,0.32763945745864564
6639,5.450096,5.107671349003057,0.34242465099694286
6640,5.465904,5.107080918459037,0.35882308154096343
6641,5.478325,5.106207749113001,0.37211725088699854
6642,5.492073,5.104930059952248,0.3871429400477524
6643,5.5048294,5.103356773347903,0.4014726266520974
6644,5.518669,5.101666094360627,0.41700290563937337
6645,5.5273285,5.100011035462084,0.4273174645379161
6646,5.535843,5.098504383594276,0.43733861640572425
6647,5.536484,5.097241211620747,0.4392427883792527
6648,5.5286026,5.096278120935751,0.4323244790642491
6649,5.5163574,5.095650261683548,0.4207071383164527
6650,5.5014725,5.095299503337448,0.40617299666255224
6651,5.4866486,5.095234878830708,0.3914137211692914
6652,5.471901,5.095294153041763,0.37660684695823665
6653,5.453079,5.095401831962242,0.35767716803775773
6654,5.4329376,5.095500208986041,0.33743739101395853
6655,5.4115677,5.095483972171519,0.31608372782848093
6656,5.39151,5.095557385070039,0.29595261492996094
6657,5.3712234,5.095882862230842,0.275340537769158
6658,5.350319,5.09656819021666,0.2537508097833401
6659,5.3354874,5.097661238888509,0.23782616111149046
6660,5.324974,5.098894700154417,0.2260792998455834
6661,5.319092,5.099860356732626,0.2192316432673742
6662,5.3160553,5.1004342876288735,0.21562101237112685
6663,5.3152924,5.100725245110953,0.2145671548890471
6664,5.3146667,5.100879617512644,0.21378708248735645
6665,5.3256073,5.1010990842820085,0.22450821571799118
6666,5.3341293,5.101506815873302,0.23262248412669795
6667,5.3453445,5.10183657805849,0.24350792194151083
6668,5.3587646,5.102183896946574,0.25658070305342573
6669,5.3748474,5.102835614485826,0.2720117855141746
6670,5.3919754,5.103802268091661,0.28817313190833893
6671,5.4078903,5.105064371915126,0.3028259280848742
6672,5.424835,5.106560833622261,0.31827416637773887
6673,5.4385223,5.108252141568159,0.3302701584318406
6674,5.4551697,5.1100316581296115,0.34513804187038843
6675,5.4676895,5.111810198373708,0.3558793016262918
6676,5.503586,5.113542314509219,0.39004368549078094
6677,5.498253,5.1152308661196875,0.3830221338803126
6678,5.501915,5.11676934894845,0.3851456510515501
6679,5.510956,5.118045561738644,0.39291043826135663
6680,5.521286,5.1190627379988305,0.4022232620011694
6681,5.5302887,5.11985711846404,0.4104315815359598
6682,5.5347214,5.120489128568509,0.4142322714314908
6683,5.536606,5.120999671089478,0.4156063289105223
6684,5.5330963,5.121395270384636,0.41170102961536426
6685,5.5312576,5.121710022729133,0.40954757727086744
6686,5.540428,5.122011339807862,0.41841666019213797
6687,5.538986,5.12237078244447,0.4166152175555302
6688,5.5523605,5.122778280498556,0.4295822195014436
6689,5.5610657,5.123252203837108,0.43781349616289233
6690,5.576195,5.123809953739438,0.4523850462605621
6691,5.59124,5.124402480568289,0.4668375194317109
6692,5.6063614,5.1250341076201344,0.4813272923798655
6693,5.6227875,5.125643826137578,0.4971436738624222
6694,5.628319,5.126193693872782,0.5021253061272182
6695,5.636894,5.126651222439142,0.5102427775608582
6696,5.665497,5.1269668728486115,0.5385301271513887
6697,5.651024,5.127024302126421,0.5239996978735784
6698,5.6547775,5.126765748164873,0.5280117518351268
6699,5.6598816,5.126228919896879,0.5336526801031214
6700,5.661705,5.1254048193827195,0.5363001806172809
6701,5.6656723,5.124286005053826,0.5413862949461734
6702,5.670944,5.122850457196968,0.5480935428030325
6703,5.673332,5.121187996699929,0.5521440033000715
6704,5.677002,5.119407926228017,0.5575940737719831
6705,5.6725082,5.117649281071418,0.5548589189285824
6706,5.6696854,5.116086133387499,0.5535992666125003
6707,5.665802,5.114773915537161,0.551028084462839
6708,5.661186,5.113658647548841,0.5475273524511586
6709,5.6603928,5.112738926164696,0.5476538738353041
6710,5.655077,5.112057444063506,0.5430195559364943
6711,5.639865,5.111740047316493,0.5281249526835072
6712,5.617431,5.111669227931649,0.5057617720683512
6713,5.591463,5.111632235298583,0.4798307647014175
6714,5.565649,5.111314738678893,0.4543342613211063
6715,5.5436754,5.110570824957087,0.433104575042913
6716,5.529232,5.109737073525725,0.41949492647427533
6717,5.537346,5.108943665977775,0.42840233402222516
6718,5.5844345,5.108138135113926,0.47629636488607474
6719,5.596916,5.107278641087309,0.48963735891269167
6720,5.564598,5.106370410733912,0.4582275892660883
6721,5.561943,5.105408907603166,0.4565340923968346
6722,5.555771,5.104441885891455,0.45132911410854515
6723,5.545326,5.103502172406839,0.4418238275931614
6724,5.539444,5.1025371225662655,0.43690687743373413
6725,5.5306168,5.100866968945604,0.4297498310543961
6726,5.5223465,5.098380708508016,0.4239657914919839
6727,5.5149612,5.095645665413022,0.41931553458697834
6728,5.5000763,5.092681923671653,0.4073943763283472
6729,5.483124,5.089542593398775,0.39358140660122487
6730,5.468063,5.0862831776402455,0.3817798223597544
6731,5.452818,5.082979208959705,0.36983879104029516
6732,5.436933,5.079728962533541,0.3572040374664587
6733,5.4199004,5.076555970062705,0.34334442993729564
6734,5.40121,5.07446983471694,0.32674016528306016
6735,5.380353,5.073491906836429,0.3068610931635716
6736,5.3568206,5.072607457216936,0.28421314278306387
6737,5.330103,5.071815688666884,0.2582873113331159
6738,5.2996907,5.071139670437723,0.22855102956227746
6739,5.3100586,5.070549457106397,0.2395091428936027
6740,5.302658,5.070057778547775,0.23260022145222514
6741,5.2880325,5.069666401935588,0.2183660980644122
6742,5.2830276,5.069339341275034,0.21368825872496533
6743,5.2824707,5.0690333769910785,0.2134373230089217
6744,5.285202,5.068680190637099,0.21652180936290133
6745,5.2907333,5.068102697176024,0.22263060282397618
6746,5.301277,5.067120359020906,0.2341566409790934
6747,5.315796,5.065735517534416,0.25006048246558343
6748,5.3307037,5.064068432945007,0.2666352670549932
6749,5.346306,5.062246518061814,0.2840594819381863
6750,5.3576508,5.060366929392314,0.2972838706076857
6751,5.361145,5.058487208494185,0.3026577915058146
6752,5.3591995,5.056617323154776,0.3025821768452239
6753,5.347908,5.054747000759202,0.29316099924079797
6754,5.335861,5.052857914798608,0.2830030852013925
6755,5.3190994,5.050925091410556,0.2681743085894439
6756,5.302223,5.048830463703976,0.25339253629602343
6757,5.282852,5.046462151098554,0.236389848901446
6758,5.264885,5.043850287850915,0.221034712149085
6759,5.242668,5.041091168540748,0.20157683145925187
6760,5.222046,5.0383123867834705,0.18373361321652926
6761,5.2194977,5.0356191575458515,0.18387854245414825
6762,5.205017,5.0330786044040545,0.17193839559594526
6763,5.1998444,5.030742436484361,0.16910196351563922
6764,5.198738,5.028640156296352,0.17009784370364756
6765,5.2022324,5.026707459979696,0.1755249400203036
6766,5.2055054,5.0249274764319845,0.18057792356801539
6767,5.2068176,5.02330881794809,0.18350878205191012
6768,5.203491,5.02187451300929,0.18161648699070998
6769,5.2020035,5.020736734410698,0.1812667655893021
6770,5.2011795,5.0199174957202715,0.18126200427972883
6771,5.2073135,5.019436218516115,0.1878772814838845
6772,5.2163696,5.019328319911606,0.19704128008839383
6773,5.2276764,5.019593205370133,0.20808319462986713
6774,5.2408447,5.020231734893378,0.2206129651066222
6775,5.2504654,5.021185640106554,0.22927975989344596
6776,5.2613754,5.022358864611449,0.2390165353885516
6777,5.271652,5.023584327444108,0.24806767255589168
6778,5.2821198,5.024723340380704,0.25739645961929636
6779,5.2972717,5.025784397377805,0.27148730262219445
6780,5.312042,5.026752065468149,0.2852899345318507
6781,5.3258057,5.0276159484441925,0.2981897515558076
6782,5.3393097,5.02844046262251,0.3108692373774904
6783,5.355011,5.029244185253703,0.3257668147462969
6784,5.3691635,5.030033433625458,0.33913006637454224
6785,5.3833084,5.030827699205428,0.3524807007945716
6786,5.3971634,5.03163747073784,0.36552592926216043
6787,5.410408,5.03244858502305,0.3779594149769503
6788,5.4194183,5.033250091136472,0.3861682088635279
6789,5.4229965,5.0340371850629575,0.3889593149370425
6790,5.422554,5.034857121206491,0.3876968787935091
6791,5.4197464,5.035727569267901,0.3840188307320993
6792,5.41053,5.03654234970822,0.37398765029178005
6793,5.405533,5.037323545486442,0.3682094545135586
6794,5.4048233,5.038140572429702,0.3666827275702982
6795,5.4001846,5.038989424209349,0.36119517579065086
6796,5.3954773,5.039868947467136,0.3556083525328635
6797,5.3908157,5.040772924614023,0.35004277538597695
6798,5.382927,5.041725003202965,0.341201996797035
6799,5.3736267,5.042658085585561,0.3309686144144388
6800,5.369995,5.043427274580506,0.3265677254194941
6801,5.3677826,5.044106561155069,0.3236760388449307
6802,5.372635,5.044852554266979,0.3277824457330212
6803,5.3829346,5.04566569155533,0.3372689084446696
6804,5.398735,5.0465273431818956,0.35220765681810473
6805,5.416939,5.0474148266144825,0.3695241733855177
6806,5.4333344,5.048320346676094,0.38501405332390526
6807,5.4455185,5.049256325821829,0.39626217417817156
6808,5.4516525,5.050209949730915,0.4014425502690848
6809,5.4529343,5.051186593430567,0.4017477065694326
6810,5.448738,5.052179477979388,0.39655852202061137
6811,5.439911,5.053190614742654,0.3867203852573464
6812,5.4336777,5.054211333099326,0.37946636690067326
6813,5.422722,5.055236241071911,0.36748575892808955
6814,5.415344,5.056297005297698,0.35904699470230206
6815,5.4077454,5.057406552298492,0.3503388477015079
6816,5.40094,5.058549009457819,0.3423909905421816
6817,5.398819,5.059665440871003,0.3391535591289969
6818,5.3969193,5.060748347163758,0.336170952836242
6819,5.399338,5.062262077385805,0.3370759226141953
6820,5.4023285,5.06417030485526,0.3381581951447403
6821,5.4061203,5.066011941908432,0.3401083580915687
6822,5.410988,5.067796279413933,0.3431917205860664
6823,5.4168625,5.069543953606417,0.3473185463935824
6824,5.4239273,5.071254156186295,0.3526731438137052
6825,5.4325333,5.072948265649127,0.3595850343508733
6826,5.440872,5.074643271666797,0.3662287283332031
6827,5.4455338,5.076340867944907,0.3691929320550926
6828,5.449768,5.078035911037688,0.3717320889623119
6829,5.451973,5.079628711669348,0.3723442883306518
6830,5.4558105,5.080843215379668,0.37496728462033246
6831,5.4585648,5.081751734014887,0.37681306598511366
6832,5.4624863,5.082639631104851,0.37984666889514873
6833,5.467682,5.083533789958676,0.3841482100413236
6834,5.4725876,5.084436977730988,0.38815062226901187
6835,5.478073,5.0853415752565505,0.3927314247434497
6836,5.478531,5.086276277973502,0.39225472202649847
6837,5.477844,5.087265659663239,0.3905783403367611
6838,5.473198,5.088302758993584,0.3848952410064159
6839,5.46624,5.0893768911155455,0.3768631088844545
6840,5.459152,5.090465810494031,0.36868618950596854
6841,5.4505463,5.0915616851622465,0.35898461483775357
6842,5.4446487,5.0926533582108995,0.35199534178910064
6843,5.4394073,5.093690488598117,0.34571681140188293
6844,5.4396667,5.094683646422763,0.3449830535772369
6845,5.44207,5.095676821105688,0.34639317889431176
6846,5.44915,5.096657148569301,0.3524928514306991
6847,5.457077,5.097636192517624,0.3594408074823763
6848,5.4666977,5.098629899545699,0.368067800454301
6849,5.474388,5.099634735456738,0.3747532645432621
6850,5.4880676,5.100632689486718,0.3874349105132815
6851,5.5002365,5.1015674588818385,0.39866904111816126
6852,5.5142365,5.102206160061111,0.41203033993888916
6853,5.522636,5.102293357939996,0.42034264206000405
6854,5.5271654,5.101834881263898,0.4253305187361027
6855,5.5296965,5.100960535781735,0.4287359642182649
6856,5.532101,5.099873062335616,0.4322279376643836
6857,5.536251,5.098781136791954,0.4374698632080456
6858,5.5440183,5.097832934102819,0.4461853658971817
6859,5.569275,5.097133633637379,0.47214136636262083
6860,5.6283035,5.096719665573701,0.5315838344262991
6861,5.6615143,5.096595002668544,0.5649192973314561
6862,5.680168,5.096764037689402,0.583403962310598
6863,5.694992,5.097190301979966,0.5978016980200342
6864,5.7088547,5.097819401559318,0.6110352984406822
6865,5.7169495,5.098596692087999,0.6183528079120011
6866,5.7262344,5.099459078380462,0.6267753216195384
6867,5.7326126,5.1003711298568355,0.6322414701431649
6868,5.733757,5.101282544943626,0.6324744550563741
6869,5.7326965,5.102109473102109,0.6305870268978913
6870,5.720001,5.102647750639003,0.6173532493609972
6871,5.699234,5.1026651462944805,0.5965688537055192
6872,5.674591,5.102139136505907,0.5724518634940932
6873,5.644516,5.101196942417816,0.5433190575821847
6874,5.617317,5.100018531567501,0.5172984684324993
6875,5.5920486,5.098797232132998,0.49325136786700163
6876,5.5695267,5.097675209020852,0.471851490979148
6877,5.550972,5.096751413289644,0.45422058671035614
6878,5.5382843,5.096034609258859,0.44224969074114107
6879,5.525978,5.095468200853017,0.43050979914698306
6880,5.518402,5.09499993394537,0.4234020660546296
6881,5.505005,5.094665366699153,0.4103396333008469
6882,5.4987106,5.094522868616914,0.40418773138308595
6883,5.4924316,5.094590107903212,0.3978414920967879
6884,5.487549,5.09484992361936,0.39269907638063994
6885,5.483757,5.0952204346729495,0.3885365653270503
6886,5.4825516,5.0955365333887235,0.3870150666112764
6887,5.4789963,5.0956208932960845,0.3833754067039159
6888,5.4834213,5.095429224802598,0.38799207519740175
6889,5.4831924,5.095031461642502,0.38816093835749843
6890,5.4812317,5.094541260293761,0.3866904397062392
6891,5.482666,5.094063328417849,0.38860267158215134
6892,5.481682,5.093685408687563,0.38799659131243747
6893,5.4826965,5.093610095226875,0.38908640477312506
6894,5.4892044,5.093721810837515,0.39548258916248535
6895,5.493393,5.093896418997546,0.3994965810024542
6896,5.5004044,5.094282357805864,0.40612204219413606
6897,5.509575,5.094849566906529,0.4147254330934711
6898,5.5199127,5.095568824153851,0.42434387584614885
6899,5.5342255,5.096430897085993,0.43779460291400696
6900,5.5485916,5.097408693772849,0.4511829062271513
6901,5.5596924,5.098476208186472,0.461216191813528
6902,5.5689087,5.099598765788082,0.4693099342119176
6903,5.5809174,5.10073589670159,0.48018150329841003
6904,5.5890884,5.101874865653149,0.4872135343468509
6905,5.596428,5.102957469818902,0.49347053018109843
6906,5.6222076,5.103974174445791,0.5182334255542091
6907,5.6036606,5.104954600430822,0.4987059995691787
6908,5.598732,5.105778041385259,0.49295395861474134
6909,5.5949936,5.106272821433893,0.4887207785661065
6910,5.591545,5.10636041859317,0.48518458140682963
6911,5.5881805,5.106059766647239,0.48212073335276084
6912,5.5892487,5.105492514371696,0.48375618562830347
6913,5.58992,5.10480072676259,0.48511927323741055
6914,5.594429,5.104144065951207,0.4902849340487929
6915,5.598007,5.103660377023941,0.49434662297605936
6916,5.6060257,5.103430285301939,0.5025954146980611
6917,5.6139526,5.103486574396368,0.5104660256036322
6918,5.626045,5.103719826106308,0.5223251738936927
6919,5.6349335,5.104012318160168,0.5309211818398314
6920,5.649338,5.104336374036441,0.5450016259635593
6921,5.6593933,5.10469340370954,0.5546998962904599
6922,5.6679,5.105139038517334,0.5627609614826667
6923,5.67865,5.105670151586748,0.5729798484132518
6924,5.684082,5.106269994390146,0.5778120056098537
6925,5.6887894,5.1069985855027875,0.5817908144972126
6926,5.6889877,5.108197756745044,0.5807899432549561
6927,5.6913223,5.109818563534077,0.5815037364659235
6928,5.6894684,5.111467149865381,0.5780012501346192
6929,5.6864243,5.113101369743319,0.5733229302566807
6930,5.6886215,5.114695158624873,0.5739263413751274
6931,5.687477,5.116234113841256,0.5712428861587444
6932,5.6882095,5.117756558779841,0.5704529412201591
6933,5.6910934,5.119286036185607,0.5718073638143926
6934,5.6946945,5.1208474243638396,0.5738470756361602
6935,5.7002716,5.122466762510321,0.5778048374896789
6936,5.70887,5.124174541670528,0.5846954583294721
6937,5.7184753,5.125978841833303,0.5924964581666963
6938,5.729622,5.127854015774888,0.6017679842251118
6939,5.74279,5.1298071327318535,0.6129828672681468
6940,5.75412,5.1318468058152895,0.6222731941847108
6941,5.770645,5.133939726562129,0.6367052734378706
6942,5.7860107,5.1360638207650995,0.6499468792349008
6943,5.803276,5.1381909263192895,0.6650850736807108
6944,5.727211,5.140243296620616,0.5869677033793836
6945,5.7077255,5.142162355754638,0.5655631442453615
6946,5.8050537,5.144000349741994,0.6610533502580065
6947,5.8439636,5.145799391367617,0.6981642086323836
6948,5.8631287,5.147545349546927,0.7155833504530724
6949,5.8781815,5.149247306209195,0.7289341937908054
6950,5.896126,5.15092982093515,0.74519617906485
6951,5.911934,5.152583568273755,0.7593504317262445
6952,5.9240494,5.154350503939008,0.7696988960609925
6953,5.9323807,5.1562114503928145,0.7761692496071859
6954,5.9425735,5.157971031173103,0.7846024688268969
6955,5.934517,5.159605319420773,0.7749116805792262
6956,5.9097056,5.16113325738221,0.7485723426177895
6957,5.8685493,5.162592661160185,0.7059566388398144
6958,5.828387,5.164013778924819,0.6643732210751816
6959,5.819587,5.165413096054138,0.6541739039458623
6960,5.812547,5.166300627088961,0.6462463729110395
6961,5.807013,5.166715964446526,0.6402970355534743
6962,5.8027306,5.167148639544829,0.6355819604551716
6963,5.799446,5.167572773830942,0.6318732261690574
6964,5.796906,5.167976994456383,0.6289290055436165
6965,5.794699,5.168355240674501,0.6263437593254988
6966,5.7928944,5.168727585199625,0.6241668148003745
6967,5.7910514,5.169104884601766,0.6219465153982338
6968,5.7889166,5.16946546982241,0.6194511301775902
6969,5.786236,5.169814646517444,0.616421353482556
6970,5.782755,5.170167599194159,0.6125874008058405
6971,5.778221,5.17050841265012,0.6077125873498801
6972,5.784416,5.170849773283319,0.6135662267166815
6973,5.796257,5.171194369249215,0.6250626307507847
6974,5.800728,5.1715303058142394,0.6291976941857609
6975,5.8090897,5.171855158052313,0.637234541947687
6976,5.8128815,5.172173444858642,0.6407080551413573
6977,5.816963,5.172485711153726,0.6444772888462742
6978,5.8133545,5.172769153244546,0.6405853467554543
6979,5.807373,5.173025307754053,0.6343476922459468
6980,5.7998047,5.1732659283719995,0.6265387716280006
6981,5.791153,5.173455821851885,0.6176971781481155
6982,5.776825,5.173927248872041,0.6028977511279585
6983,5.765167,5.174972429955243,0.5901945700447566
6984,5.747467,5.176191137214727,0.5712758627852734
6985,5.741791,5.177274848149165,0.5645161518508353
6986,5.736046,5.178266798061203,0.5577792019387973
6987,5.738365,5.1792196249493525,0.5591453750506474
6988,5.742035,5.18014921656543,0.5618857834345699
6989,5.750366,5.181062600016113,0.5693033999838866
6990,5.764183,5.181964086269636,0.5822189137303644
6991,5.7811813,5.182782471652603,0.5983988283473973
6992,5.797043,5.18323843833381,0.61380456166619
6993,5.814247,5.183174760668035,0.6310722393319645
6994,5.8322372,5.182701886942813,0.6495353130571866
6995,5.845215,5.1819499945124425,0.6632650054875571
6996,5.860321,5.181055798111943,0.6792652018880565
6997,5.8715515,5.180144830529732,0.6914066694702674
6998,5.8772736,5.179307482947085,0.697966117052915
6999,5.8860397,5.178612203545533,0.7074274964544678
7000,5.8908463,5.178121093119083,0.7127252068809167
7001,5.896965,5.177734927851315,0.7192300721486848
7002,5.901863,5.177258234758366,0.7246047652416339
7003,5.9051056,5.176673277660164,0.7284323223398355
7004,5.907936,5.17586276534253,0.7320732346574701
7005,5.912094,5.1747069748862495,0.7373870251137502
7006,5.9150467,5.173408374207357,0.7416383257926435
7007,5.9237366,5.1720983555416495,0.7516382444583503
7008,5.9261246,5.170824923092384,0.7552996769076152
7009,5.9291,5.169681157988083,0.7594188420119172
7010,5.9305267,5.168725186458313,0.7618015135416867
7011,5.932892,5.167933041100093,0.7649589588999071
7012,5.9314957,5.1673465236151594,0.7641491763848407
7013,5.9319534,5.166984379604909,0.7649690203950916
7014,5.922615,5.16682676476067,0.7557882352393301
7015,5.9160843,5.166883255464982,0.7492010445350177
7016,5.905388,5.167099008419308,0.7382889915806921
7017,5.89386,5.167435296727574,0.7264247032724258
7018,5.8812103,5.1678359675469885,0.7133743324530117
7019,5.8661118,5.168268751658811,0.6978430483411886
7020,5.852791,5.168725316928505,0.6840656830714948
7021,5.8381195,5.16917759224127,0.6689419077587306
7022,5.823494,5.169603933674717,0.6538900663252836
7023,5.8112564,5.169998226359699,0.6412581736403018
7024,5.796112,5.170329138099076,0.625782861900924
7025,5.785103,5.170605991362988,0.6144970086370121
7026,5.775215,5.170846321933739,0.6043686780662609
7027,5.763214,5.171051481219379,0.5921625187806203
7028,5.757736,5.171261855061845,0.5864741449381556
7029,5.7526245,5.171483494343702,0.5811410056562973
7030,5.742874,5.1717036812757256,0.571170318724274
7031,5.733078,5.171913904106248,0.5611640958937523
7032,5.7249374,5.172107332931663,0.5528300670683368
7033,5.718361,5.172307485862709,0.5460535141372906
7034,5.712036,5.172517651352725,0.5395183486472757
7035,5.6988297,5.172717910429852,0.5261117895701481
7036,5.6817245,5.172909306094388,0.5088151939056118
7037,5.666603,5.173092989670124,0.4935100103298762
7038,5.6540985,5.173263772802448,0.4808347271975517
7039,5.634926,5.173423541514378,0.4615024584856222
7040,5.6104736,5.17359222700978,0.4368813729902197
7041,5.5850906,5.173785839162144,0.41130476083785616
7042,5.5600357,5.174005935938431,0.3860297640615693
7043,5.5390778,5.174237243119539,0.3648405568804609
7044,5.5248795,5.17449000705366,0.3503894929463396
7045,5.515465,5.174766204848288,0.3406987951517122
7046,5.508644,5.175067952162059,0.3335760478379415
7047,5.503784,5.175403432230294,0.32838056776970515
7048,5.503029,5.175767354435928,0.32726164556407156
7049,5.507805,5.176162486533305,0.3316425134666954
7050,5.514282,5.176568694171754,0.3377133058282453
7051,5.5217667,5.176985318434664,0.344781381565336
7052,5.532898,5.177424328670034,0.35547367132996666
7053,5.5398254,5.177880402533805,0.36194499746619435
7054,5.54805,5.178324775632079,0.36972522436792055
7055,5.556732,5.178753114920294,0.3779788850797061
7056,5.5666046,5.179178344498172,0.3874262555018282
7057,5.574051,5.1796085412523105,0.39444245874768935
7058,5.583206,5.180020959347718,0.4031850406522821
7059,5.589264,5.180421160600372,0.40884283939962796
7060,5.593567,5.180816880126763,0.4127501198732375
7061,5.594597,5.181185635083754,0.4134113649162465
7062,5.598442,5.181528849032634,0.4169131509673667
7063,5.600029,5.181869965308739,0.4181590346912616
7064,5.601227,5.182217558116466,0.4190094418835342
7065,5.5979233,5.182702955417047,0.415220344582953
7066,5.5952682,5.1837273588234165,0.41154084117658307
7067,5.587425,5.185184543101142,0.40224045689885735
7068,5.5807724,5.186643377400653,0.3941290225993468
7069,5.567322,5.1880586806358435,0.37926331936415636
7070,5.5527573,5.189409911145618,0.36334738885438167
7071,5.5381775,5.1906628444920875,0.3475146555079123
7072,5.5300446,5.191841529494537,0.33820307050546283
7073,5.5199814,5.192967595944948,0.32701380405505187
7074,5.508499,5.194048254175692,0.314450745824308
7075,5.502022,5.195105957007704,0.30691604299229613
7076,5.5000305,5.1961090300932025,0.3039214699067978
7077,5.4988403,5.196585453237296,0.302254846762704
7078,5.500366,5.196562692072877,0.3038033079271223
7079,5.5058975,5.196520663805242,0.3093768361947573
7080,5.510788,5.196487939687276,0.31430006031272395
7081,5.5170593,5.196455654517486,0.32060364548251385
7082,5.520561,5.196395462972871,0.32416553702712925
7083,5.5275574,5.196315889807748,0.33124151019225234
7084,5.527008,5.1962170813456625,0.33079091865433785
7085,5.527954,5.19609368302668,0.3318603169733203
7086,5.5350494,5.19593142879496,0.33911797120503984
7087,5.53318,5.195724864312788,0.33745513568721197
7088,5.5375366,5.1954863257655255,0.34205027423447465
7089,5.539398,5.1951974681165884,0.3442005318834118
7090,5.5426025,5.1948519514370375,0.3477505485629626
7091,5.5460434,5.194446963686296,0.3515964363137041
7092,5.5474625,5.19397179313033,0.3534907068696702
7093,5.540718,5.19341831237462,0.3472996876253802
7094,5.5338054,5.1928055678102245,0.3409998321897758
7095,5.527436,5.192139723987622,0.3352962760123779
7096,5.5215945,5.191418702779041,0.33017579722095913
7097,5.516273,5.19064757368032,0.3256254263196796
7098,5.511463,5.189820480690825,0.321642519309175
7099,5.5071554,5.188954498465885,0.31820090153411495
7100,5.5033417,5.188057177742411,0.3152845222575893
7101,5.5000134,5.18710630974587,0.31290709025413044
7102,5.4971614,5.186100547440286,0.3110608525597147
7103,5.494777,5.185061764009774,0.3097152359902262
7104,5.492852,5.183976877285651,0.30887512271434936
7105,5.4913783,5.182844752975511,0.30853354702448943
7106,5.490346,5.181680015260324,0.308665984739676
7107,5.4897466,5.1804765141344715,0.3092700858655286
7108,5.4896545,5.1792405049120225,0.31041399508797785
7109,5.4913864,5.177971530659007,0.31341486934099283
7110,5.490547,5.176656002623849,0.3138909973761512
7111,5.487175,5.175299932030738,0.3118750679692619
7112,5.4862213,5.173924811081419,0.3122964889185811
7113,5.48143,5.172542415013161,0.3088875849868389
7114,5.4731827,5.171134226402287,0.30204847359771314
7115,5.464653,5.169694344238213,0.29495865576178737
7116,5.4576874,5.1682319588369925,0.2894554411630077
7117,5.446823,5.1667441689875,0.2800788310125002
7118,5.4338837,5.165242061120477,0.2686416388795232
7119,5.4173355,5.163711565479312,0.25362393452068765
7120,5.398819,5.162161384878833,0.23665761512116656
7121,5.3786163,5.160591479130513,0.21802482086948682
7122,5.359398,5.1589882494454065,0.2004097505545932
7123,5.342064,5.157377692411582,0.18468630758841798
7124,5.3233643,5.155770349788481,0.16759395021151846
7125,5.3078766,5.154145214499229,0.15373138550077137
7126,5.29525,5.152495718658333,0.14275428134166734
7127,5.289238,5.150846967065759,0.1383910329342415
7128,5.2837296,5.14922264112802,0.13450695887198005
7129,5.281685,5.147590702095285,0.13409429790471528
7130,5.2772293,5.145963365852246,0.13126593414775378
7131,5.274811,5.144388430995577,0.1304225690044225
7132,5.2761383,5.14287056336458,0.13326773663542024
7133,5.2739944,5.1414035638461995,0.13259083615380085
7134,5.27079,5.139998504164023,0.13079149583597705
7135,5.2707367,5.138648523625024,0.1320881763749755
7136,5.2724457,5.13732640935311,0.1351192906468892
7137,5.276825,5.136030609035234,0.14079439096476598
7138,5.280197,5.134686318448347,0.14551068155165314
7139,5.2859497,5.13337021817103,0.15257948182896985
7140,5.2944717,5.132181924165388,0.16228977583461202
7141,5.304695,5.131052649410001,0.17364235058999888
7142,5.318367,5.129960296825366,0.1884067031746346
7143,5.335083,5.128916485144818,0.20616651485518211
7144,5.351967,5.1279890226397296,0.22397797736027059
7145,5.36985,5.127149856299429,0.2427001437005707
7146,5.384453,5.126292803645186,0.25816019635481346
7147,5.397339,5.125403598894957,0.27193540110504255
7148,5.4058533,5.124509931445991,0.2813433685540092
7149,5.4102783,5.123613638548117,0.28666466145188263
7150,5.410881,5.122698066203412,0.28818293379658755
7151,5.400551,5.121786148258322,0.27876485174167787
7152,5.391823,5.120904277668172,0.27091872233182723
7153,5.379715,5.120066321719162,0.25964867828083804
7154,5.3728256,5.119300445294196,0.2535251547058035
7155,5.3692017,5.1186298309281,0.25057186907189966
7156,5.3645554,5.118057746415786,0.24649765358421405
7157,5.366028,5.117566936643069,0.24846106335693108
7158,5.371315,5.117159886563515,0.254155113436485
7159,5.37838,5.116857632980988,0.2615223670190119
7160,5.389435,5.116647955982873,0.27278704401712695
7161,5.404129,5.116513662535956,0.287615337464044
7162,5.4144287,5.116439457930197,0.2979892420698036
7163,5.423126,5.11644249947801,0.30668350052198967
7164,5.423973,5.1165164837355,0.30745651626449977
7165,5.424431,5.11670145536065,0.30772954463935065
7166,5.4184647,5.117011916614588,0.3014527833854119
7167,5.404312,5.117326141475548,0.286985858524452
7168,5.389656,5.11745109740597,0.2722049025940292
7169,5.365822,5.1171643130854685,0.24865768691453116
7170,5.338066,5.116423693429836,0.22164230657016404
7171,5.305504,5.115372669912635,0.1901313300873646
7172,5.273369,5.114174912625775,0.15919408737422458
7173,5.240036,5.113004169806572,0.12703183019342834
7174,5.208664,5.112010865072682,0.09665313492731809
7175,5.1814575,5.111266946821257,0.07019055317874301
7176,5.1596146,5.1108199080094465,0.04879469199055375
7177,5.1373825,5.110626381321675,0.026756118678325613
7178,5.1212387,5.110545284968258,0.010693415031742148
7179,5.1028976,5.11050003752199,-0.007602437521989636
7180,5.0868225,5.110458598532365,-0.023636098532365146
7181,5.076088,5.11033681014977,-0.034248810149769326
7182,5.0609665,5.11010219904432,-0.049135699044319914
7183,5.049225,5.109815576094003,-0.06059057609400309
7184,5.03747,5.109524620940132,-0.07205462094013182
7185,5.026566,5.109271019593967,-0.08270501959396714
7186,5.0131855,5.109068511300924,-0.09588301130092436
7187,4.998676,5.108822857498777,-0.11014685749877717
7188,4.9843836,5.108387098875938,-0.12400349887593798
7189,4.971658,5.107717421108727,-0.13605942110872693
7190,4.961845,5.106899293531847,-0.14505429353184685
7191,4.956293,5.106028174681736,-0.14973517468173636
7192,4.959465,5.105169300563021,-0.14570430056302097
7193,4.9688644,5.1043624964677585,-0.13549809646775834
7194,4.9814606,5.103585947007076,-0.122125347007076
7195,4.994919,5.102754589912076,-0.10783558991207531
7196,5.0128098,5.10180235733903,-0.08899255733902933
7197,5.0282974,5.100731437513689,-0.07243403751368938
7198,5.044029,5.099536313492537,-0.055507313492537236
7199,5.0628815,5.098056765848706,-0.03517526584870634
7200,5.0835648,5.096118607293661,-0.012553807293660846
7201,5.1046066,5.093778055719008,0.010828544280991892
7202,5.128952,5.091220665568679,0.03773133443132082
7203,5.152687,5.088640962273842,0.06404603772615847
7204,5.1860275,5.086205863196499,0.09982163680350098
7205,5.1995163,5.08399989854027,0.11551640145972986
7206,5.219017,5.081954433492212,0.1370625665077876
7207,5.23629,5.08003869543725,0.15625130456275027
7208,5.2500763,5.078240684524715,0.1718356154752847
7209,5.2649612,5.076324840235679,0.18863635976432125
7210,5.2824326,5.074042125149021,0.2083904748509786
7211,5.29998,5.0713650918493265,0.2286149081506732
7212,5.316574,5.06846661165117,0.2481073883488305
7213,5.332054,5.065545602006369,0.2665083979936309
7214,5.3465652,5.0627630620643504,0.28380213793564923
7215,5.355171,5.060280163779661,0.29489083622033974
7216,5.365143,5.058208198745506,0.3069348012544939
7217,5.378845,5.056584508579868,0.32226049142013213
7218,5.38076,5.055371771638381,0.3253882283616196
7219,5.3793106,5.054471407467352,0.32483919253264837
7220,5.3691177,5.053792783617035,0.31532491638296545
7221,5.352295,5.053248744697052,0.2990462553029474
7222,5.3298874,5.052723918758298,0.2771634812417014
7223,5.3118668,5.052129548267258,0.25973725173274165
7224,5.272537,5.051409526778787,0.2211274732212125
7225,5.2342453,5.0505243360991745,0.18372096390082593
7226,5.1915207,5.0494763929732365,0.1420443070267634
7227,5.1433487,5.048318063017984,0.09503063698201597
7228,5.0958023,5.04714280168636,0.048659498313639915
7229,5.0472183,5.046058359550317,0.001159940449682928
7230,5.0190887,5.045149690910208,-0.026060990910207416
7231,4.978203,5.044459182477875,-0.06625618247787557
7232,4.948349,5.044006773663455,-0.09565777366345429
7233,4.9325333,5.043797713976946,-0.11126441397694542
7234,4.932289,5.043816793124783,-0.11152779312478334
7235,4.9634247,5.0440616294451175,-0.08063692944511747
7236,4.9743195,5.0444475448188895,-0.07012804481888946
7237,4.9914627,5.044884855058721,-0.05342215505872172
7238,5.012268,5.045382810567523,-0.033114810567523634
7239,5.040848,5.045949151535929,-0.005101151535928494
7240,5.0698013,5.0466397822556,0.02316151774440023
7241,5.098068,5.047459264111837,0.05060873588816239
7242,5.1325836,5.049158077674419,0.08342552232558109
7243,5.1576157,5.051642215153756,0.10597348484624369
7244,5.1763077,5.054054887596118,0.12225281240388153
7245,5.2053604,5.0564898019937115,0.14887059800628855
7246,5.203247,5.05897893843215,0.14426806156784977
7247,5.2155533,5.061514191379371,0.15403910862062897
7248,5.2292633,5.064105567511769,0.16515773248823162
7249,5.244995,5.06676226597904,0.17823273402095996
7250,5.2550964,5.069481916434028,0.18561448356597232
7251,5.2665634,5.072333535332557,0.19422986466744252
7252,5.2752304,5.075289946217961,0.19994045378203928
7253,5.2769547,5.078271487397022,0.19868321260297783
7254,5.2735734,5.081286495105092,0.19228690489490852
7255,5.264511,5.084070140748407,0.18044085925159248
7256,5.249848,5.086350914940351,0.16349708505964866
7257,5.2316513,5.088183377852703,0.14346792214729742
7258,5.21199,5.089745402402141,0.12224459759785944
7259,5.192932,5.091202388085146,0.10172961191485363
7260,5.176545,5.0927038020430535,0.08384119795694644
7261,5.1648974,5.0944352359269045,0.07046216407309558
7262,5.1600575,5.0963804326812046,0.06367706731879519
7263,5.1566467,5.098477106773824,0.05816959322617521
7264,5.154785,5.100802658480064,0.053982341519936305
7265,5.156723,5.103364368239296,0.053358631760704434
7266,5.1613464,5.106178927740888,0.05516747225911178
7267,5.175583,5.109244964476908,0.06633803552309203
7268,5.1908875,5.112504616076988,0.07838288392301163
7269,5.2089005,5.115823805876362,0.0930766941236385
7270,5.2302017,5.1190359032143355,0.11116579678566474
7271,5.25441,5.12208345797796,0.13232654202203964
7272,5.2731934,5.12500069286741,0.14819270713259058
7273,5.2941055,5.127042264906816,0.16706323509318377
7274,5.30954,5.128094801507418,0.18144519849258245
7275,5.3245316,5.128803018950092,0.19572858104990853
7276,5.3354034,5.129193043432843,0.2062103565671567
7277,5.3423767,5.129385053431419,0.2129916465685806
7278,5.349365,5.129546674151828,0.21981832584817163
7279,5.3546906,5.129772022971789,0.22491857702821072
7280,5.356453,5.129788224816712,0.22666477518328776
7281,5.357979,5.129683593704116,0.22829540629588418
7282,5.358429,5.129863207447333,0.22856579255266674
7283,5.3626633,5.131432509032243,0.23123079096775712
7284,5.3642273,5.134462454827371,0.22976484517262818
7285,5.3642273,5.137874180922628,0.22635311907737155
7286,5.367523,5.141551139450263,0.2259718605497376
7287,5.368103,5.1454141987093625,0.22268880129063717
7288,5.372429,5.149410506167042,0.22301849383295824
7289,5.3784714,5.15353006319664,0.2249413368033597
7290,5.383209,5.157727827067448,0.2254811729325521
7291,5.409401,5.16187837154991,0.2475226284500902
7292,5.411064,5.165626763885678,0.24543723611432178
7293,5.417473,5.168588901634312,0.24888409836568837
7294,5.4250183,5.170651557362931,0.2543667426370684
7295,5.432251,5.171930657402974,0.2603203425970255
7296,5.4403687,5.172664930182849,0.2677037698171505
7297,5.4561768,5.17304734878759,0.2831294512124094
7298,5.458679,5.173185160159786,0.28549383984021404
7299,5.462921,5.173103577340099,0.28981742265990107
7300,5.4658127,5.172684429288365,0.2931282707116347
7301,5.4696045,5.171923405084534,0.29768109491546557
7302,5.473007,5.1710369544533075,0.3019700455466925
7303,5.4765167,5.170217267544368,0.3062994324556323
7304,5.4761963,5.169552056172735,0.3066442438272645
7305,5.483513,5.169082470208219,0.3144305297917809
7306,5.485466,5.168863843045431,0.31660215695456895
7307,5.486084,5.168973241524726,0.31711075847527415
7308,5.48967,5.16949124024077,0.32017875975923005
7309,5.4918365,5.170345082150946,0.321491417849054
7310,5.4901047,5.171458122448131,0.31864657755186876
7311,5.487152,5.172886126899232,0.31426587310076837
7312,5.4917297,5.174610117562032,0.317119582437968
7313,5.5038376,5.176549918750802,0.3272876812491976
7314,5.5127487,5.178628642764065,0.3341200572359355
7315,5.518692,5.180792320870222,0.3378996791297775
7316,5.5313034,5.183018029898314,0.3482853701016859
7317,5.5383224,5.185274295867784,0.353048104132216
7318,5.546097,5.187533797474276,0.3585632025257235
7319,5.5489426,5.189753550589088,0.35918904941091245
7320,5.551796,5.191922665711119,0.35987333428888135
7321,5.5504456,5.194033367097208,0.3564122329027919
7322,5.552063,5.196059592711574,0.3560034072884264
7323,5.5510025,5.198018599158414,0.35298390084158626
7324,5.548485,5.199882858220024,0.3486021417799767
7325,5.5448914,5.201607861927694,0.34328353807230627
7326,5.5415344,5.2031962587617215,0.3383381412382782
7327,5.5438538,5.2046360818539785,0.3392177181460214
7328,5.561325,5.205950674037369,0.3553743259626314
7329,5.565323,5.207498075737696,0.35782492426230394
7330,5.5611496,5.209260486116751,0.3518891138832494
7331,5.564041,5.210895801245289,0.35314519875471095
7332,5.564186,5.212412410354098,0.35177358964590244
7333,5.5573807,5.213836438949292,0.3435442610507087
7334,5.5488586,5.215174694473356,0.3336839055266436
7335,5.532318,5.216347685472977,0.3159703145270232
7336,5.482834,5.217316509684537,0.2655174903154638
7337,5.446968,5.218159071219547,0.22880892878045334
7338,5.4193573,5.218924508924863,0.20043279107513712
7339,5.401657,5.219608102431005,0.18204889756899512
7340,5.386261,5.220167159545,0.16609384045499986
7341,5.377304,5.220411799429155,0.1568922005708444
7342,5.3783646,5.220060178238197,0.15830442176180348
7343,5.384262,5.218599745192625,0.1656622548073745
7344,5.3961487,5.216105291693059,0.18004340830694154
7345,5.410225,5.213142910112375,0.19708208988762443
7346,5.4256287,5.209978442165142,0.21565025783485758
7347,5.4426804,5.206907896287513,0.2357725037124876
7348,5.4577255,5.204183265803569,0.2535422341964306
7349,5.465088,5.201826639090515,0.2632613609094845
7350,5.4698486,5.19960944160817,0.27023915839182955
7351,5.4685287,5.197248504731807,0.2712801952681936
7352,5.464081,5.194647448855013,0.2694335511449868
7353,5.4591446,5.191803540113924,0.2673410598860757
7354,5.4542084,5.188912432238598,0.26529596776140174
7355,5.450691,5.1862407701690225,0.26445022983097743
7356,5.447502,5.183740070400211,0.26376192959978884
7357,5.4456635,5.181272100434491,0.2643913995655094
7358,5.449402,5.178803207288941,0.27059879271105913
7359,5.453499,5.176419037350676,0.27707996264932344
7360,5.4623184,5.174258635773419,0.2880597642265812
7361,5.4669037,5.172460783602944,0.2944429163970552
7362,5.4725113,5.171119206347678,0.3013920936523222
7363,5.478615,5.170236239026884,0.3083787609731159
7364,5.4842987,5.1698006712833084,0.31449802871669164
7365,5.4890594,5.169835161120494,0.31922423887950657
7366,5.4944916,5.169837014466303,0.32465458553369686
7367,5.500046,5.169404004181032,0.3306419958189686
7368,5.506836,5.168492479432402,0.338343520567598
7369,5.5099945,5.166889779994394,0.34310472000560654
7370,5.516464,5.1646712120870495,0.35179278791295054
7371,5.5179367,5.162047619936057,0.3558890800639425
7372,5.5187836,5.159303275121661,0.3594803248783389
7373,5.52285,5.156844759154682,0.36600524084531827
7374,5.52285,5.154962205728609,0.3678877942713914
7375,5.5244675,5.153530309095691,0.3709371909043089
7376,5.5219345,5.152357139419079,0.36957736058092117
7377,5.5598297,5.151322390584285,0.40850730941571456
7378,5.521019,5.150330102286567,0.37068889771343283
7379,5.508934,5.149280794664033,0.3596532053359667
7380,5.51239,5.1480582912007735,0.3643317087992264
7381,5.5171585,5.146606370590323,0.37055212940967674
7382,5.5275574,5.1449174766510675,0.3826399233489326
7383,5.538559,5.143048752802942,0.3955102471970582
7384,5.5509415,5.141075204663868,0.4098662953361325
7385,5.562378,5.1391401968855535,0.42323780311444636
7386,5.5828476,5.137433966884096,0.445413633115904
7387,5.5795746,5.136089512561438,0.4434850874385621
7388,5.5836105,5.13520808855193,0.44840241144807
7389,5.5857773,5.13484666736169,0.45093063263831024
7390,5.5851746,5.135000626162827,0.45017397383717306
7391,5.5751038,5.135631084001417,0.4394727159985825
7392,5.6069565,5.1366853097628775,0.4702711902371224
7393,5.5847244,5.138110183654541,0.44661421634545917
7394,5.569519,5.139816808181535,0.4297021918184649
7395,5.5633087,5.141755713882654,0.42155298611734615
7396,5.5615234,5.143879404206116,0.4176439957938838
7397,5.5659866,5.146111597325506,0.41987500267449374
7398,5.5723724,5.148383208175258,0.4239891918247416
7399,5.5750504,5.150620592333306,0.42442980766669436
7400,5.5851746,5.152796666524157,0.4323779334758431
7401,5.5811844,5.154881380550493,0.42630301944950677
7402,5.5830307,5.156846532785827,0.4261841672141733
7403,5.584404,5.158678110713514,0.42572588928648614
7404,5.566757,5.1603661436536346,0.4063908563463654
7405,5.5547867,5.161909548369659,0.39287715163034154
7406,5.548683,5.16330723290913,0.38537576709086974
7407,5.5389557,5.164560258129872,0.37439544187012785
7408,5.529457,5.16567353175056,0.36378346824943986
7409,5.520317,5.166677491796276,0.3536395082037247
7410,5.5117874,5.16758942033193,0.34419797966807053
7411,5.505081,5.1683787134946915,0.3367022865053082
7412,5.4987335,5.169055068775257,0.3296784312247434
7413,5.489278,5.169638897551203,0.31963910244879656
7414,5.473812,5.170129266077498,0.30368273392250167
7415,5.463187,5.170307428926547,0.29287957107345264
7416,5.4565973,5.170605610922353,0.2859916890776475
7417,5.453235,5.171238271254662,0.2819967287453382
7418,5.4522934,5.171763840456222,0.280529559543778
7419,5.4847336,5.172153502567777,0.3125800974322228
7420,5.486473,5.1724166560355425,0.3140563439644577
7421,5.4827805,5.172619468833112,0.31016103116688765
7422,5.450203,5.172792968218231,0.27741003178176893
7423,5.4355545,5.172943550930187,0.2626109490698134
7424,5.4266205,5.172826605964018,0.25379389403598207
7425,5.4222183,5.172598120342695,0.2496201796573052
7426,5.4259415,5.1725019840328095,0.25343951596719094
7427,5.4302826,5.1723863784476345,0.25789622155236547
7428,5.437813,5.172233034450973,0.2655799655490272
7429,5.446808,5.17203863546197,0.27476936453803
7430,5.4561005,5.171765503176283,0.2843349968237172
7431,5.4649887,5.1714375978629965,0.29355110213700364
7432,5.4768066,5.171111878059496,0.30569472194050373
7433,5.4825897,5.170755381570065,0.31183431842993503
7434,5.4899673,5.170349586588699,0.31961771341130074
7435,5.4978027,5.169871809409815,0.327930890590185
7436,5.5022583,5.169309891735105,0.3329484082648957
7437,5.5066223,5.16868555193592,0.33793674806408003
7438,5.510536,5.168017222659559,0.342518777340441
7439,5.5138702,5.167352050570934,0.3465181494290661
7440,5.5130997,5.166742831459678,0.34635686854032155
7441,5.513893,5.165916588387696,0.3479764116123043
7442,5.511467,5.165227832764678,0.34623916723532133
7443,5.5082855,5.164953875491428,0.343331624508572
7444,5.5067596,5.164714274654772,0.3420453253452278
7445,5.506302,5.164496426512407,0.34180557348759244
7446,5.5087433,5.1643067025659795,0.34443659743402044
7447,5.5135956,5.164150470828511,0.34944512917148973
7448,5.5184555,5.164040883931232,0.3544146160687678
7449,5.526779,5.1640056864094035,0.36277331359059684
7450,5.532715,5.1640776941586966,0.36863730584130305
7451,5.5365143,5.1641162071737465,0.3723980928262538
7452,5.538475,5.163857970746027,0.3746170292539732
7453,5.5406036,5.163276545866331,0.3773270541336693
7454,5.5396194,5.1627230620157585,0.3768963379842418
7455,5.538391,5.16237962404062,0.37601137595938017
7456,5.5366516,5.162018419766221,0.37463318023377923
7457,5.5370636,5.161622871627433,0.3754407283725669
7458,5.536415,5.161346181954583,0.3750688180454169
7459,5.536461,5.1611491645171,0.3753118354828997
7460,5.538765,5.16097388428685,0.3777911157131495
7461,5.5408244,5.160832058786748,0.379992341213252
7462,5.5364313,5.160714627532998,0.3757166724670027
7463,5.5267954,5.1606193548941866,0.3661760451058136
7464,5.5136647,5.160524599969148,0.35314010003085183
7465,5.498786,5.160429552779847,0.33835644722015257
7466,5.483907,5.160368939807471,0.3235380601925293
7467,5.470775,5.160346985554858,0.3104280144451419
7468,5.4611382,5.1603584104542986,0.30077978954570117
7469,5.456742,5.1603903788514,0.2963516211486006
7470,5.5037994,5.160447274502867,0.343352125497133
7471,5.525749,5.160544990113154,0.3652040098868463
7472,5.53141,5.160685849167726,0.37072415083227384
7473,5.530861,5.160847909949967,0.37001309005003247
7474,5.530754,5.161024105836345,0.36972989416365465
7475,5.5349197,5.1612218432981685,0.3736978567018312
7476,5.541252,5.161430460185498,0.3798215398145022
7477,5.547806,5.161644391046389,0.3861616089536106
7478,5.556633,5.161871732496667,0.3947612675033323
7479,5.564041,5.162098594709573,0.40194240529042613
7480,5.5614395,5.1623063145548675,0.3991331854451321
7481,5.560852,5.16247012696658,0.39838187303341943
7482,5.556694,5.162596255656196,0.39409774434380385
7483,5.5497437,5.162705714066479,0.3870379859335209
7484,5.536827,5.162803952994874,0.37402304700512534
7485,5.5219345,5.162899356551888,0.3590351434481125
7486,5.502434,5.162990368364405,0.33944363163559466
7487,5.4830093,5.163070713236628,0.3199385867633717
7488,5.456093,5.1631401832372745,0.29295281676272555
7489,5.4317474,5.163209611710843,0.26853778828915686
7490,5.4080963,5.163276555273934,0.24481974472606627
7491,5.386383,5.163362087132715,0.22302091286728576
7492,5.3700867,5.163456497294462,0.20663020270553822
7493,5.357643,5.163543087349994,0.1940999126500067
7494,5.345894,5.163602210577212,0.18229178942278867
7495,5.33593,5.163638656572739,0.17229134342726127
7496,5.3286057,5.163668204745978,0.1649374952540219
7497,5.321396,5.1636962943161056,0.15769970568389446
7498,5.318985,5.163728991612267,0.1552560083877328
7499,5.3196564,5.163767002570484,0.15588939742951613
