,Actual pupil,Predicted pupil,residue
0,,5.510055538739966,
1,5.995247,5.493151392439863,0.502095607560137
2,6.05072,5.475080613055489,0.5756393869445109
3,6.0071454,5.455868680199137,0.551276719800863
4,5.9899545,5.435549208516699,0.5544052914833006
5,5.9596767,5.414163573712252,0.545513126287748
6,5.9178877,5.391760734129434,0.5261269658705654
7,5.866164,5.368397248751139,0.4977667512488617
8,5.80608,5.344137458771929,0.4619425412280709
9,5.7392077,5.319053769061749,0.42015393093825093
10,5.667126,5.293226947475305,0.3738990525246946
11,5.591407,5.2667463573653555,0.3246606426346448
12,5.513626,5.239710036238395,0.2739159637616053
13,5.435361,5.212224538671763,0.22313646132823717
14,5.358182,5.184404488532697,0.17377751146730347
15,5.283667,5.1563718231872535,0.12729517681274682
16,5.2133923,5.1282547419331435,0.0851375580668563
17,5.148929,5.100186378707519,0.0487426212924813
18,5.0918546,5.072303208388629,0.01955139161137076
19,5.0437446,5.0447431849428614,-0.0009985849428613136
20,5.0061717,5.017643611174381,-0.011471911174380622
21,4.979347,4.991138753722105,-0.011791753722104836
22,4.9531174,4.965357241564005,-0.01223984156400526
23,4.928421,4.940419320900096,-0.011998320900096004
24,4.905014,4.916434077346562,-0.011420077346561364
25,4.8855286,4.8934967669724,-0.007968166972400326
26,4.8742294,4.871686417141318,0.0025429828586815972
27,4.868286,4.8510638668987545,0.017222133101245873
28,4.8726273,4.831670413946003,0.04095688605399772
29,4.8868637,4.81352721889751,0.07333648110249058
30,4.8999176,4.796635575430084,0.10328202456991598
31,4.9216156,4.78097807943086,0.1406375205691397
32,4.9472427,4.766520650910015,0.18072204908998568
33,4.970421,4.753215307868633,0.2172056921313672
34,4.976448,4.741003548253173,0.2354444517468277
35,4.973999,4.729820149618958,0.2441788503810418
36,4.960182,4.719597152343436,0.24058484765656374
37,4.949524,4.710267761195212,0.23925623880478852
38,4.9450455,4.7017698885754315,0.24327561142456844
39,4.950096,4.694049079699058,0.25604692030094256
40,4.9599075,4.696067158325836,0.2638403416741637
41,4.972168,4.695417140417523,0.276750859582477
42,4.9841614,4.692769996739161,0.2913914032608389
43,4.98423,4.690715952515511,0.2935140474844893
44,4.9763336,4.688279838808076,0.2880537611919243
45,4.960861,4.6856385312597455,0.2752224687402549
46,4.950157,4.683096031215374,0.2670609687846257
47,4.9340897,4.682687067189986,0.25140263281001474
48,4.922394,4.683912219244141,0.23848178075585835
49,4.918144,4.684569654785526,0.23357434521447384
50,4.912079,4.684642746497568,0.22743625350243235
51,4.9036484,4.685121091487816,0.21852730851218372
52,4.8812103,4.68797328343656,0.19323701656344028
53,4.82782,4.6923615984742035,0.13545840152579647
54,4.7573013,4.696324739407632,0.06097656059236822
55,4.6808395,4.6994191458637005,-0.0185796458637002
56,4.604645,4.702677526471381,-0.09803252647138105
57,4.5344467,4.70633435931144,-0.17188765931144
58,4.472946,4.71008151915014,-0.23713551915014008
59,4.418686,4.714084908321307,-0.29539890832130666
60,4.380455,4.7180378643771625,-0.3375828643771621
61,4.346367,4.7219874462744205,-0.3756204462744206
62,4.3255157,4.726257900777934,-0.400742200777934
63,4.3214874,4.7295027886184835,-0.40801538861848385
64,4.324333,4.732458302122656,-0.40812530212265585
65,4.34198,4.7349595913655875,-0.39297959136558713
66,4.361595,4.7366488537394345,-0.3750538537394341
67,4.388115,4.740246786203244,-0.3521317862032438
68,4.432213,4.742765299891803,-0.31055229989180333
69,4.480484,4.743038905093719,-0.2625549050937197
70,4.5256042,4.74283487381174,-0.21723067381173955
71,4.5734177,4.741958307382597,-0.1685406073825968
72,4.6176224,4.740618071941137,-0.12299567194113692
73,4.6529922,4.738594181643772,-0.08560198164377208
74,4.6905136,4.736214892696567,-0.04570129269656675
75,4.7222977,4.733753086106389,-0.01145538610638841
76,4.761215,4.731253355496934,0.029961644503066154
77,4.798065,4.728972963503174,0.06909203649682638
78,4.834633,4.726859326371727,0.10777367362827306
79,4.868088,4.72543063169606,0.14265736830394005
80,4.9003906,4.724893955054224,0.17549664494577577
81,4.912918,4.725912299252438,0.1870057007475623
82,4.8872147,4.728289360445018,0.15892533955498234
83,4.826599,4.7300715576156005,0.09652744238439936
84,4.749626,4.734733294349915,0.014892705650084714
85,4.6747665,4.739422562669869,-0.06465606266986956
86,4.61734,4.7424320257830015,-0.12509202578300105
87,4.5755234,4.7445811554475315,-0.16905775544753165
88,4.543457,4.7463399107779445,-0.2028829107779444
89,4.509262,4.748528325058061,-0.2392663250580611
90,4.4901123,4.750811764798289,-0.2606994647982894
91,4.477646,4.7526345226977496,-0.27498852269774954
92,4.4823837,4.754053092862937,-0.271669392862937
93,4.495964,4.755552722416914,-0.2595887224169138
94,4.5391383,4.756943284762858,-0.21780498476285803
95,4.582328,4.758216404990937,-0.1758884049909364
96,4.6225886,4.759478368495547,-0.13688976849554635
97,4.661953,4.761674885565463,-0.09972188556546335
98,4.702455,4.764296487780792,-0.061841487780792015
99,4.7461276,4.767117404396068,-0.020989804396067235
100,4.795002,4.770050268280016,0.024951731719983883
101,4.8473053,4.772241052565221,0.07506424743477957
102,4.8903656,4.774149766437951,0.11621583356204912
103,4.928673,4.777769971674068,0.15090302832593228
104,4.967865,4.780564870724669,0.18730012927533046
105,5.0037613,4.780951950928361,0.22280934907163896
106,5.034401,4.7809996414609595,0.25340135853904044
107,5.06308,4.780890274352814,0.2821897256471866
108,5.0885086,4.780495893786913,0.30801270621308685
109,5.1139297,4.7799229007738875,0.3340067992261124
110,5.1363907,4.779905191779968,0.35648550822003156
111,5.152687,4.779896845842278,0.3727901541577223
112,5.164421,4.778538496632126,0.3858825033678741
113,5.1694107,4.776200032251937,0.3932106677480629
114,5.1688004,4.772145875217876,0.39665452478212426
115,5.1638412,4.768211571787869,0.39562962821213166
116,5.149948,4.765086902770848,0.3848610972291526
117,5.1284714,4.760383740496799,0.36808765950320055
118,5.1129456,4.7552501921361205,0.3576954078638792
119,5.088051,4.74810636124385,0.3399446387561502
120,5.0630875,4.740965519089506,0.32212198091049427
121,5.0344696,4.733828947742177,0.3006406522578233
122,5.001602,4.726562041670082,0.2750399583299181
123,4.9602814,4.719387598174243,0.2408938018257576
124,4.914383,4.71242505557383,0.20195794442617032
125,4.874695,4.705598181773175,0.16909681822682465
126,4.8439026,4.698900190688855,0.14500240931114483
127,4.824318,4.692241966695983,0.13207603330401696
128,4.8159637,4.685755290330747,0.13020840966925284
129,4.8188553,4.67940326408132,0.13945203591867994
130,4.820236,4.673124342445271,0.14711165755472955
131,4.827072,4.666881083942451,0.16019091605754898
132,4.824066,4.660841274618584,0.16322472538141586
133,4.817337,4.654953161502324,0.1623838384976759
134,4.80542,4.649214690781685,0.15620530921831488
135,4.7951965,4.6435604078420365,0.1516360921579638
136,4.790367,4.637861328414314,0.1525056715856854
137,4.794922,4.632215110945188,0.162706889054812
138,4.8010025,4.626647775991629,0.1743547240083707
139,4.811371,4.621163997487854,0.19020700251214606
140,4.8185654,4.615723686229917,0.20284171377008242
141,4.8271255,4.61020765233464,0.2169178476653606
142,4.8362503,4.604683300217033,0.23156699978296658
143,4.840912,4.599237543764657,0.24167445623534345
144,4.8492355,4.593557854660126,0.25567764533987347
145,4.859604,4.587607611103967,0.2719963888960333
146,4.8742523,4.5813447007427754,0.29290759925722476
147,4.8875046,4.574930783375287,0.3125738166247132
148,4.8958893,4.568864052821952,0.3270252471780486
149,4.890808,4.56256667383365,0.32824132616635016
150,4.855995,4.555184285454098,0.3008107145459018
151,4.7924194,4.547400803099924,0.245018596900076
152,4.7230453,4.539317867746059,0.18372743225394128
153,4.670082,4.530780496024877,0.13930150397512264
154,4.626854,4.5255820401029565,0.1012719598970433
155,4.6016235,4.519863533595619,0.08175996640438044
156,4.5897064,4.510397785832648,0.0793086141673518
157,4.583969,4.500871591724644,0.08309740827535617
158,4.5791245,4.491129529252967,0.08799497074703311
159,4.573204,4.481410438826269,0.09179356117373061
160,4.5610046,4.471912168522705,0.08909243147729562
161,4.5432587,4.462317290250154,0.08094140974984576
162,4.526596,4.452898679445336,0.07369732055466383
163,4.521454,4.444387008032767,0.0770669919672331
164,4.5249534,4.439362758072058,0.08559064192794263
165,4.5322776,4.43301323844057,0.0992643615594293
166,4.5382185,4.42338772672857,0.11483077327143043
167,4.5434065,4.414219652165368,0.12918684783463164
168,4.548474,4.405541750595027,0.1429322494049723
169,4.554052,4.397293665469369,0.1567583345306316
170,4.560773,4.389444804892425,0.17132819510757535
171,4.569268,4.382314921907843,0.18695307809215667
172,4.5801687,4.375858808177899,0.2043098918221009
173,4.603775,4.369486765767505,0.234288234232495
174,4.6393585,4.363512001838279,0.27584649816172124
175,4.677353,4.3585687575048695,0.3187842424951306
176,4.720146,4.354947578271771,0.3651984217282287
177,4.7407994,4.352741494254174,0.38805790574582666
178,4.7572637,4.353343836626676,0.4039198633733241
179,4.772753,4.353456281858017,0.41929671814198244
180,4.7866325,4.354146613619407,0.4324858863805927
181,4.79827,4.352632457083544,0.4456375429164554
182,4.8070316,4.349392761136889,0.45763883886311074
183,4.812283,4.346934770601434,0.46534822939856557
184,4.8022614,4.34540004016974,0.4568613598302598
185,4.7549057,4.344973857197959,0.40993184280204087
186,4.714424,4.345259194744264,0.36916480525573636
187,4.6917496,4.346614260081482,0.3451353399185173
188,4.684948,4.348832354951852,0.3361156450481486
189,4.6929817,4.352219011325446,0.3407626886745536
190,4.7070413,4.360349774809049,0.34669152519095103
191,4.725033,4.3686942476370145,0.3563387523629853
192,4.744861,4.3742724334285095,0.37058856657149075
193,4.7644315,4.380526936579689,0.38390456342031065
194,4.7816496,4.387445380293871,0.39420421970612907
195,4.793846,4.3948846053784045,0.39896139462159574
196,4.8029556,4.407633315148609,0.39532228485139065
197,4.818985,4.42150251335991,0.3974824866400892
198,4.8293533,4.43152043275269,0.3978328672473106
199,4.8402634,4.442144105657203,0.3981192943427976
200,4.846512,4.453019563215954,0.39349243678404555
201,4.859955,4.465875621141848,0.3940793788581525
202,4.8589554,4.479881695361824,0.37907370463817625
203,4.8563766,4.490878743394886,0.36549785660511436
204,4.855835,4.5000746202440265,0.3557603797559734
205,4.8542094,4.509551490219292,0.3446579097807083
206,4.8549495,4.5189722431097605,0.3359772568902395
207,4.856383,4.528593118310001,0.32778988168999934
208,4.8586307,4.538349493936736,0.3202812060632638
209,4.8618145,4.548667756567197,0.313146743432803
210,4.866056,4.559604730891733,0.30645126910826725
211,4.8714767,4.571936749896109,0.2995399501038909
212,4.8814163,4.583682108316896,0.29773419168310333
213,4.8987503,4.594527913975886,0.30422238602411333
214,4.931465,4.605454841344548,0.32601015865545246
215,4.945343,4.615807440163143,0.32953555983685767
216,4.9605484,4.625767785106115,0.33478061489388544
217,4.9762955,4.635566035974689,0.3407294640253111
218,4.9853973,4.644724556770641,0.3406727432293586
219,4.991501,4.653161004762262,0.33833999523773883
220,4.997139,4.661280872540323,0.3358581274596766
221,5.0017548,4.669020613120103,0.33273418687989675
222,5.0025024,4.676442365900633,0.3260600340993669
223,5.000389,4.683470562026944,0.3169184379730563
224,4.994499,4.690163159036313,0.30433584096368715
225,4.986946,4.696544327279389,0.2904016727206109
226,4.9834595,4.702418896686789,0.2810406033132118
227,4.975067,4.7080575621716765,0.26700943782832365
228,4.967331,4.7132584446725465,0.2540725553274532
229,4.9631577,4.7180254362399365,0.24513226376006347
230,4.9576797,4.722625218694988,0.23505448130501172
231,4.9508743,4.726887916195727,0.22398638380427283
232,4.9548798,4.73070113984886,0.2241786601511393
233,4.949806,4.734169654324261,0.21563634567573864
234,4.950775,4.737285063198484,0.2134899368015164
235,4.9581604,4.7404839109930705,0.21767648900692915
236,4.9707336,4.743896169444573,0.2268374305554266
237,4.9843674,4.7468297227863445,0.23753767721365548
238,5.0014343,4.749529278276648,0.25190502172335183
239,5.0253415,4.752088300678041,0.27325319932195846
240,5.0438185,4.754287156899538,0.289531343100462
241,5.059177,4.756261966040619,0.3029150339593807
242,5.072832,4.7579401783749,0.31489182162509977
243,5.0862,4.759474472305535,0.3267255276944647
244,5.1006985,4.760909099802608,0.33978940019739223
245,5.117743,4.762319910835253,0.35542308916474674
246,5.136139,4.763546375031201,0.3725926249687994
247,5.15094,4.764738203822903,0.3862017961770974
248,5.1542816,4.765821338217639,0.38846026178236137
249,5.1597595,4.766902676686006,0.39285682331399396
250,5.168213,4.767857082623104,0.4003559173768956
251,5.1767883,4.768750770058532,0.4080375299414678
252,5.1884766,4.769531770565168,0.4189448294348326
253,5.201088,4.770319620464927,0.4307683795350732
254,5.2115097,4.771130967175048,0.44037873282495177
255,5.2150803,4.7717237972569455,0.4433565027430548
256,5.210449,4.77225982799902,0.43818917200098007
257,5.2007904,4.772711198971085,0.4280792010289147
258,5.1838837,4.773168911960214,0.4107147880397859
259,5.1619186,4.773529832706143,0.38838876729385685
260,5.1356506,4.773983622008738,0.3616669779912618
261,5.1081543,4.774267772659624,0.3338865273403755
262,5.0934525,4.774559109431323,0.31889339056867705
263,5.052063,4.776014843805054,0.27604815619494616
264,5.0134506,4.777359847630386,0.23609075236961363
265,4.980713,4.777942678176064,0.20277032182393562
266,4.9517365,4.778613909758219,0.173122590241781
267,4.92836,4.779510164479075,0.14884983552092468
268,4.912491,4.7806292651151585,0.13186173488484165
269,4.9055862,4.782056921563486,0.12352927843651429
270,4.9047623,4.786372575495246,0.1183897245047536
271,4.90979,4.790744539256216,0.1190454607437843
272,4.9113617,4.792851469350976,0.118510230649024
273,4.922043,4.795636255504256,0.1264067444957444
274,4.93029,4.7990978821337,0.13119211786630025
275,4.939171,4.803297901186026,0.13587309881397402
276,4.9812775,4.8081926670767094,0.17308483292329058
277,4.9731674,4.813606908482932,0.15956049151706875
278,4.9802475,4.819626715678063,0.16062078432193694
279,4.9883194,4.826120894412798,0.1621985055872024
280,4.992134,4.833029788630032,0.15910421136996789
281,4.9979553,4.840435642959462,0.15751965704053816
282,5.002022,4.848088088246483,0.15393391175351745
283,5.000473,4.855759140524533,0.1447138594754671
284,4.9858704,4.863287407960844,0.12258299203915524
285,4.9650955,4.870601510785114,0.09449398921488594
286,4.9433517,4.877725890981235,0.06562580901876469
287,4.9246063,4.884519446569815,0.04008685343018481
288,4.9097443,4.890959218894829,0.018785081105170853
289,4.899803,4.8970896525586545,0.0027133474413458814
290,4.89312,4.90295779844575,-0.0098377984457505
291,4.889534,4.908455329163625,-0.01892132916362499
292,4.888733,4.913479595759838,-0.024746595759837398
293,4.887207,4.918071931986556,-0.03086493198655571
294,4.8868256,4.922243657231599,-0.035418057231598965
295,4.8882904,4.925767180110102,-0.03747678011010258
296,4.9064865,4.92920173600212,-0.022715236002119887
297,4.8977814,4.931999349827115,-0.03421794982711468
298,4.904434,4.933605381778241,-0.029171381778240857
299,4.914612,4.9347997005728,-0.020187700572799727
300,4.9302063,4.93847579118921,-0.00826949118920961
301,4.9396935,4.941857814411037,-0.0021643144110372603
302,4.948705,4.942385986322968,0.006319013677032359
303,4.959186,4.941645176678399,0.017540823321600563
304,4.9710655,4.940641970226263,0.030423529773736746
305,4.984274,4.93931171278222,0.04496228721778017
306,4.9987397,4.937723234187325,0.06101646581267506
307,5.0143933,4.935975266607493,0.07841803339250664
308,5.031164,4.935348448309139,0.09581555169086098
309,5.045006,4.934538651920695,0.1104673480793048
310,5.0485306,4.932309348442118,0.11622125155788243
311,5.05262,4.930058975557306,0.12256102444269423
312,5.057663,4.927662037518989,0.13000096248101123
313,5.0667953,4.925269513389286,0.14152578661071402
314,5.076576,4.9238221831181646,0.15275381688183565
315,5.0852966,4.923157580723192,0.1621390192768084
316,5.09079,4.9211711103981335,0.16961888960186666
317,5.1017685,4.917129766708752,0.1846387332912487
318,5.1121902,4.913200640575128,0.19898955942487184
319,5.1239243,4.9094988140895985,0.21442548591040111
320,5.135994,4.905909486902916,0.23008451309708455
321,5.1492233,4.902364079872183,0.24685922012781703
322,5.1688385,4.8989193066146495,0.2699191933853502
323,5.177658,4.8955187142702465,0.28213928572975355
324,5.1929092,4.892154172700717,0.3007550272992825
325,5.20977,4.888933924332879,0.32083607566712047
326,5.2263565,4.886004273140813,0.34035222685918676
327,5.2436066,4.884327481163351,0.35927911883664887
328,5.25708,4.882184887795016,0.3748951122049844
329,5.268898,4.879229920123801,0.38966807987619934
330,5.277397,4.8762745340912526,0.4011224659087471
331,5.2839127,4.873229377507487,0.41068332249251327
332,5.291054,4.870160568506181,0.42089343149381886
333,5.296639,4.867106851720237,0.4295321482797627
334,5.2967954,4.865614522197854,0.431180877802146
335,5.2970967,4.864460940178823,0.43263575982117697
336,5.297517,4.861899465324704,0.43561753467529574
337,5.2980266,4.859346994598458,0.43867960540154183
338,5.2985997,4.856830460945791,0.4417692390542083
339,5.2992086,4.854406454142226,0.444802145857774
340,5.299825,4.852225921025737,0.447599078974263
341,5.300422,4.850475531816243,0.4499464681837573
342,5.3009725,4.849113877845946,0.45185862215405415
343,5.3014483,4.847775660644339,0.45367263935566093
344,5.3018227,4.84627387814863,0.45554882185136947
345,5.302067,4.844576664058734,0.45749033594126587
346,5.3021545,4.842690671988295,0.45946382801170493
347,5.263054,4.840523614964848,0.4225303850351523
348,5.230446,4.838161389113415,0.39228461088658495
349,5.199951,4.835856288690496,0.3640947113095043
350,5.188759,4.833683922201598,0.35507507779840175
351,5.179573,4.831145341373053,0.3484276586269477
352,5.1830826,4.8287708103427995,0.3543117896572001
353,5.1846237,4.826289788593355,0.3583339114066453
354,5.1886597,4.8238805503388775,0.3647791496611221
355,5.1940155,4.821417519973074,0.3725979800269261
356,5.1893463,4.818869893624673,0.3704764063753272
357,5.171135,4.816472488606871,0.354662511393129
358,5.149765,4.814145160727397,0.33561983927260375
359,5.129341,4.81204131931021,0.3172996806897901
360,5.1170883,4.811213775875073,0.30587452412492677
361,5.1080704,4.810663492758438,0.2974069072415615
362,5.1152344,4.80876375882004,0.3064706411799607
363,5.11483,4.807217428304741,0.3076125716952598
364,5.1188965,4.805988943789996,0.3129075562100043
365,5.1246033,4.805053623765757,0.31954967623424313
366,5.127556,4.8043152192059875,0.32324078079401275
367,5.1253967,4.803930448374815,0.3214662516251847
368,5.117012,4.80387034082869,0.3131416591713103
369,5.1014633,4.803989071977659,0.2974742280223408
370,5.08123,4.804477853510291,0.2767521464897085
371,5.056473,4.805161446105908,0.25131155389409265
372,5.0467453,4.807733648570727,0.23901165142927372
373,5.029167,4.811214123348464,0.21795287665153573
374,5.0216446,4.813468530503542,0.20817606949645828
375,5.015953,4.813964220970856,0.20198877902914347
376,5.0149155,4.814409441843865,0.20050605815613487
377,5.0136185,4.814714698046973,0.19890380195302715
378,5.01075,4.81675648260946,0.19399351739054005
379,5.0085526,4.818357998112554,0.19019460188744564
380,5.0007553,4.817356157469563,0.18339914253043688
381,4.996811,4.81616489630958,0.1806461036904201
382,4.9942627,4.814580759199543,0.17968194080045752
383,4.9963303,4.812797698061286,0.18353260193871446
384,4.9980545,4.810765671979827,0.187288828020173
385,5.00412,4.808582767237378,0.19553723276262236
386,5.0318985,4.806346185690592,0.22555231430940736
387,5.033127,4.806921315158744,0.22620568484125592
388,5.042694,4.80764972245228,0.23504427754772017
389,5.0517197,4.805482805760326,0.246236894239674
390,5.0470963,4.80358991489152,0.24350638510847933
391,5.0274734,4.802596361912987,0.22487703808701287
392,5.018196,4.801811773705439,0.21638422629456056
393,5.0135727,4.800764073941859,0.21280862605814121
394,5.0027084,4.799970672277968,0.2027377277220328
395,5.0030484,4.799472505684638,0.20357589431536205
396,5.0094423,4.79941139280256,0.21003090719743955
397,5.0199027,4.799764918123775,0.22013778187622535
398,5.0337877,4.800468592514168,0.2333191074858325
399,5.050455,4.801550484245443,0.24890451575455774
400,5.0692625,4.804353769664506,0.26490873033549356
401,5.0895677,4.807749092246849,0.28181860775315126
402,5.1107283,4.809793629549277,0.3009346704507232
403,5.134033,4.811517747594568,0.3225152524054318
404,5.150467,4.813676748018959,0.33679025198104107
405,5.166214,4.8159666986988094,0.35024730130119064
406,5.1882095,4.818613309284092,0.36959619071590843
407,5.207672,4.821390076161464,0.38628192383853577
408,5.2313385,4.824053212521679,0.40728528747832105
409,5.2577896,4.8267217420571615,0.4310678579428382
410,5.2808685,4.831821192381415,0.449047307618585
411,5.3073883,4.836486396471848,0.4709019035281523
412,5.330841,4.838176684284595,0.49266431571540537
413,5.349411,4.839620119048425,0.5097908809515745
414,5.382843,4.840740611016757,0.5421023889832437
415,5.3764954,4.841761647028904,0.5347337529710954
416,5.3786163,4.842652318888785,0.5359639811112151
417,5.378731,4.8439827754341716,0.5347482245658286
418,5.37278,4.844592026195451,0.528187973804549
419,5.366722,4.845266206234301,0.521455793765699
420,5.3638687,4.845768499897118,0.5181002001028823
421,5.3565063,4.8460834173073835,0.5104228826926169
422,5.346039,4.846212349810119,0.49982665018988115
423,5.338249,4.845391952063534,0.49285704793646623
424,5.325012,4.846147650736123,0.4788643492638771
425,5.3150177,4.847260005872556,0.46775769412744417
426,5.2940598,4.846808163870078,0.4472516361299226
427,5.2668304,4.844467124465891,0.42236327553410913
428,5.238449,4.841840343204964,0.39660865679503576
429,5.2016525,4.83888308045596,0.36276941954403963
430,5.1673126,4.835760099260187,0.3315525007398126
431,5.1321335,4.833778529078652,0.29835497092134844
432,5.089241,4.831546044151992,0.2576949558480086
433,5.054657,4.828061458445517,0.2265955415544827
434,5.0204697,4.824358040992069,0.19611165900793015
435,4.988022,4.8208992828725155,0.1671227171274845
436,4.95858,4.817587979556942,0.14099202044305859
437,4.925873,4.814576290335656,0.11129670966434446
438,4.892761,4.81188395095142,0.0808770490485804
439,4.85833,4.809420373506167,0.0489096264938329
440,4.828186,4.807276942324626,0.020909057675373433
441,4.8011017,4.805571840341032,-0.004470140341031659
442,4.7798843,4.8045055658932805,-0.02462126589328051
443,4.764038,4.8041937136398305,-0.04015571363983028
444,4.7554703,4.804619903210055,-0.049149603210055126
445,4.752121,4.805913373559142,-0.05379237355914235
446,4.755844,4.808296528443944,-0.052452528443944324
447,4.7664948,4.811595586675406,-0.0451007866754054
448,4.7801437,4.81585410466773,-0.035710404667730344
449,4.8191376,4.821240282730417,-0.002102682730416916
450,4.8303986,4.827666617905076,0.002731982094923424
451,4.841675,4.835287220457769,0.006387779542231797
452,4.8472137,4.844982827748189,0.002230872251811178
453,4.8424225,4.855957415955127,-0.01353491595512768
454,4.8237534,4.866847135344629,-0.04309373534462857
455,4.7979355,4.878719259666958,-0.08078375966695805
456,4.771744,4.891651379921308,-0.11990737992130818
457,4.7552185,4.905522497267654,-0.1503039972676543
458,4.750862,4.920232570826335,-0.16937057082633533
459,4.752266,4.9358060183289325,-0.18354001832893285
460,4.766754,4.9520500847111535,-0.18529608471115377
461,4.7896194,4.969023035809368,-0.17940363580936758
462,4.8224792,4.986562573626371,-0.1640833736263705
463,4.856613,5.005820190354292,-0.14920719035429197
464,4.891098,5.025392400497654,-0.1342944004976534
465,4.927414,5.043514359604049,-0.11610035960404907
466,4.96286,5.061917934716142,-0.099057934716142
467,4.9977417,5.08023924761756,-0.08249754761756023
468,5.0316315,5.101006873154062,-0.06937537315406228
469,5.060074,5.121474131762331,-0.06140013176233072
470,5.087242,5.139424524071741,-0.05218252407174084
471,5.1112595,5.156620578265012,-0.04536107826501201
472,5.1357574,5.173288162237415,-0.037530762237414805
473,5.158119,5.189079666885205,-0.030960666885205157
474,5.1794662,5.204417871603372,-0.02495167160337175
475,5.198761,5.219182623931055,-0.020421623931055066
476,5.2196198,5.233223978784342,-0.013604178784341947
477,5.237274,5.246375407503178,-0.009101407503178116
478,5.2556,5.258642146315042,-0.0030421463150416272
479,5.2713165,5.270281100093193,0.0010353999068071218
480,5.2877884,5.281064210548636,0.006724189451364104
481,5.30307,5.2910209144982385,0.012049085501761425
482,5.315872,5.300035553845762,0.015836446154237294
483,5.332161,5.30786617836872,0.024294821631279717
484,5.347252,5.314827010276336,0.0324249897236637
485,5.3604355,5.320930455123056,0.03950504487694406
486,5.3693237,5.326309558318943,0.04301414168105655
487,5.3886642,5.331322819948042,0.05734138005195799
488,5.3800354,5.334853406287842,0.045181993712157364
489,5.377228,5.335980270983116,0.04124772901688356
490,5.370796,5.335955791389015,0.03484020861098536
491,5.364197,5.335184671812088,0.029012328187912217
492,5.356201,5.3335306074423645,0.02267039255763592
493,5.352951,5.330895787027931,0.02205521297206925
494,5.3525314,5.327761200990373,0.024770199009626737
495,5.355255,5.323515197069964,0.03173980293003531
496,5.350754,5.317849096110274,0.032904903889726
497,5.347946,5.3114760039750015,0.036469996024998785
498,5.343307,5.304323445901771,0.03898355409822951
499,5.3391113,5.296580159266282,0.04253114073371833
500,5.3342466,5.288522580856467,0.04572401914353286
501,5.3290544,5.279979648566175,0.04907475143382545
502,5.323877,5.27102544721202,0.05285155278798026
503,5.3190546,5.261341963234861,0.05771263676513971
504,5.3149295,5.251317476902208,0.06361202309779213
505,5.3118424,5.2410027180112575,0.07083968198874224
506,5.3101354,5.230593685412397,0.07954171458760317
507,5.3155975,5.219929161150927,0.09566833884907311
508,5.311516,5.208988570248954,0.10252742975104656
509,5.3036118,5.1979109646012045,0.10570083539879516
510,5.3009415,5.18673060308118,0.11421089691882003
511,5.3030243,5.175650301167984,0.12737399883201572
512,5.3099976,5.164566367733591,0.14543123226640908
513,5.32283,5.153378692004274,0.1694513079957254
514,5.3351593,5.1422893757958406,0.19286992420415938
515,5.3496475,5.131305275532041,0.2183422244679587
516,5.363327,5.120613358603307,0.24271364139669327
517,5.3736877,5.110483597000477,0.2632041029995227
518,5.377533,5.100397485976339,0.27713551402366043
519,5.374733,5.0900828655364005,0.28465013446359944
520,5.3625565,5.080099800406416,0.28245669959358377
521,5.3434677,5.070547904805578,0.27291979519442133
522,5.310257,5.061295584198771,0.24896141580122944
523,5.27092,5.052337999878202,0.21858200012179818
524,5.232933,5.043670752416922,0.18926224758307786
525,5.190712,5.036183517461905,0.1545284825380957
526,5.149719,5.0291228833003165,0.12059611669968362
527,5.110901,5.021939719796579,0.08896128020342076
528,5.074066,5.0149831160223,0.05908288397770001
529,5.0419846,5.0083847332927,0.03359986670730031
530,5.014633,5.002148112017423,0.012484887982576964
531,4.9879913,4.9964686503312095,-0.008477350331209443
532,4.967499,4.9911765820347105,-0.023677582034710376
533,4.9537582,4.986476486496952,-0.03271828649695152
534,4.9451294,4.982226311459393,-0.03709691145939331
535,4.944031,4.978087268070702,-0.03405626807070217
536,4.94841,4.9743693246446865,-0.025959324644686532
537,4.9554596,4.970925695782372,-0.015466095782372236
538,4.965317,4.968103016471759,-0.002786016471759467
539,4.9745865,4.965614706744077,0.00897179325592301
540,4.984276,4.963380491107745,0.020895508892255776
541,4.991867,4.96125140345802,0.030615596541980317
542,5.0038757,4.95944552018556,0.044430179814439974
543,5.020598,4.958008211062231,0.06258978893776845
544,5.0403275,4.956684446949243,0.08364305305075703
545,5.060983,4.955451373900191,0.10553162609980937
546,5.0817904,4.95441532272798,0.1273750772720197
547,5.101978,4.9536960957804075,0.14828190421959242
548,5.120771,4.953186911310583,0.16758408868941732
549,5.137396,4.952888435692513,0.18450756430748694
550,5.15108,4.952865758068164,0.19821424193183645
551,5.174507,4.95313384976676,0.2213731502332399
552,5.2007294,4.953608029066114,0.2471213709338862
553,5.2193604,4.954289024193345,0.26507137580665496
554,5.237686,4.955236526575891,0.2824494734241094
555,5.2534485,4.956669800877531,0.296778699122469
556,5.2700424,4.9581359616889795,0.31190643831102083
557,5.2826843,4.9599937232365,0.32269057676349977
558,5.2938385,4.962171731769493,0.331666768230507
559,5.3046722,4.964630722762662,0.3400414772373379
560,5.310272,4.967292444543808,0.34297955545619274
561,5.3118286,4.970242074131501,0.34158652586849936
562,5.3115463,4.973598139674303,0.33794816032569663
563,5.294365,4.97723028071093,0.31713471928907033
564,5.2745743,4.981059468496741,0.2935148315032592
565,5.249344,4.985233676928925,0.2641103230710744
566,5.2242737,4.9895963234524965,0.23467737654750387
567,5.1982803,4.994215781489933,0.20406451851006757
568,5.175232,4.9990314156887035,0.17620058431129682
569,5.1584854,5.0040029186711585,0.15448248132884146
570,5.1469193,5.009126493864133,0.13779280613586753
571,5.1378098,5.014401113973914,0.12340868602608612
572,5.136429,5.019727000631276,0.11670199936872372
573,5.1386185,5.025136264994878,0.11348223500512145
574,5.1457977,5.030539793128895,0.11525790687110504
575,5.1615067,5.035989924613542,0.12551677538645833
576,5.174034,5.041375435583403,0.13265856441659718
577,5.1914215,5.046762373571874,0.14465912642812562
578,5.205803,5.052030678862711,0.15377232113728923
579,5.2186813,5.057044391241328,0.16163690875867243
580,5.230667,5.061888900325095,0.1687780996749053
581,5.2397385,5.066555726941572,0.17318277305842766
582,5.248505,5.070969428083104,0.17753557191689584
583,5.262607,5.075132776992096,0.18747422300790362
584,5.2788243,5.079060124903634,0.1997641750963659
585,5.295855,5.082680569747574,0.2131744302524261
586,5.312397,5.086032479359305,0.22636452064069523
587,5.3271494,5.089057929509511,0.23809147049048907
588,5.33881,5.091689113120555,0.24712088687944433
589,5.3460774,5.093916374016121,0.25216102598387913
590,5.3501816,5.095830171377288,0.2543514286227122
591,5.3583603,5.097373010737902,0.2609872892620979
592,5.358307,5.09867121508367,0.25963578491632955
593,5.355301,5.099498859320565,0.2558021406794353
594,5.352104,5.099876313592438,0.25222768640756144
595,5.346031,5.0998660933915385,0.24616490660846146
596,5.339073,5.099660853217861,0.23941214678213907
597,5.3343964,5.099175725969448,0.23522067403055225
598,5.3326797,5.0982818604456535,0.23439783955434645
599,5.329605,5.0969958740426415,0.2326091259573584
600,5.3259735,5.095929191974827,0.23004430802517284
601,5.3232193,5.095400238871873,0.22781906112812678
602,5.322777,5.09400611079627,0.22877088920373012
603,5.317383,5.0914511067441595,0.22593189325584095
604,5.3104553,5.0886185705634945,0.22183672943650556
605,5.3030243,5.085653562410443,0.21737073758955638
606,5.2992935,5.082661943358783,0.21663155664121714
607,5.3018265,5.079675846870087,0.2221506531299129
608,5.308792,5.076594024855363,0.23219797514463725
609,5.313904,5.0733321832647436,0.2405718167352564
610,5.325058,5.0700160528078095,0.25504194719219075
611,5.335678,5.066717684990431,0.2689603150095685
612,5.349617,5.063518025794449,0.28609897420555086
613,5.363907,5.060444636858897,0.30346236314110353
614,5.3773193,5.057456046235266,0.31986325376473435
615,5.3941193,5.054375266797695,0.3397440332023045
616,5.4069595,5.051417014703806,0.35554248529619414
617,5.419136,5.048505952968514,0.3706300470314856
618,5.4356613,5.045644268502417,0.3900170314975826
619,5.441343,5.042895944406538,0.3984470555934614
620,5.4370275,5.04022910802175,0.3967983919782503
621,5.432656,5.037553887112991,0.3951021128870087
622,5.428522,5.035059586761164,0.39346241323883646
623,5.424919,5.032768820185005,0.3921501798149949
624,5.4221396,5.030546288969079,0.3915933110309213
625,5.420478,5.028446294135529,0.3920317058644711
626,5.4341354,5.026439404004013,0.4076959959959865
627,5.4540634,5.024701008458871,0.42936239154112865
628,5.4677887,5.023016543833906,0.4447721561660938
629,5.482338,5.021257134228664,0.46108086577133633
630,5.4985504,5.019539392405191,0.4790110075948091
631,5.512596,5.017851882500413,0.4947441174995877
632,5.531517,5.016427217374759,0.5150897826252407
633,5.5476227,5.014888149612338,0.5327345503876622
634,5.5640793,5.0133272614315185,0.5507520385684819
635,5.5773315,5.011787197614012,0.5655443023859874
636,5.5870285,5.010198727771222,0.5768297722287778
637,5.594589,5.008600591810615,0.5859884081893849
638,5.5998154,5.0068432191283385,0.5929721808716613
639,5.6054916,5.005008178944124,0.600483421055876
640,5.6074142,5.003838943251335,0.6035752567486652
641,5.6087494,5.002652987644794,0.606096412355206
642,5.600685,5.000488532406663,0.6001964675933378
643,5.5878906,4.997918193461905,0.5899724065380951
644,5.560524,4.994802059077864,0.5657219409221357
645,5.5172806,4.991384024383597,0.5258965756164029
646,5.4618607,4.987591215940101,0.4742694840598993
647,5.39917,4.983651471552939,0.41551852844706083
648,5.3306427,4.9792356553049775,0.3514070446950228
649,5.258415,4.974517511226651,0.2838974887733494
650,5.1898575,4.969346561198381,0.22051093880161865
651,5.127487,4.963993741761762,0.16349325823823868
652,5.069496,4.9588127294529425,0.11068327054705751
653,5.014076,4.953318055580204,0.06075794441979632
654,4.9512787,4.946975097626827,0.0043036023731728434
655,4.884506,4.94042646601898,-0.055920466018980264
656,4.812584,4.933587990125859,-0.12100399012585861
657,4.739853,4.926590673605998,-0.18673767360599758
658,4.6710587,4.919578925457877,-0.24852022545787733
659,4.5988007,4.912561486373801,-0.313760786373801
660,4.546982,4.905614418668755,-0.35863241866875484
661,4.4920654,4.898687356125638,-0.4066219561256377
662,4.447281,4.8917257493971995,-0.44444474939719925
663,4.4108047,4.884960084355405,-0.47415538435540494
664,4.3852386,4.878374882071531,-0.49313628207153126
665,4.362175,4.8719814326687025,-0.5098064326687028
666,4.356697,4.8656100783364495,-0.5089130783364499
667,4.3291397,4.859576988077597,-0.5304372880775974
668,4.3267593,4.853687073619958,-0.526927773619958
669,4.3249207,4.847883894251719,-0.5229631942517194
670,4.334305,4.842279906599896,-0.5079749065998964
671,4.352562,4.837016879303152,-0.48445487930315245
672,4.3794556,4.8318929126509955,-0.4524373126509955
673,4.409752,4.826755205448072,-0.4170032054480721
674,4.4404907,4.821543135186437,-0.3810524351864375
675,4.469513,4.816245810264761,-0.3467328102647613
676,4.5048904,4.810991283331457,-0.3061008833314576
677,4.5352554,4.8056548235293945,-0.27039942352939494
678,4.5665436,4.800236356928404,-0.23369275692840397
679,4.5961533,4.7949816751975565,-0.19882837519755636
680,4.659851,4.789676368136374,-0.12982536813637413
681,4.6671295,4.783734545415325,-0.11660504541532557
682,4.68705,4.777472247177452,-0.09042224717745206
683,4.712784,4.7710482569572585,-0.05826425695725845
684,4.736801,4.764357002799926,-0.027556002799926205
685,4.761841,4.757517796941859,0.004323203058141267
686,4.784279,4.750616740910278,0.03366225908972176
687,4.810051,4.743683723342612,0.06636727665738729
688,4.8339233,4.736680119077551,0.09724318092244921
689,4.859169,4.729551073394303,0.1296179266056967
690,4.883728,4.722430236880956,0.16129776311904376
691,4.9086533,4.715167427663136,0.19348587233686398
692,4.925834,4.707863475894939,0.2179705241050609
693,4.935947,4.700568889006973,0.23537811099302708
694,4.9424562,4.693337520085468,0.24911867991453196
695,4.946989,4.68594915799613,0.2610398420038704
696,4.9511704,4.678594183502683,0.2725762164973169
697,4.956627,4.674580511924305,0.28204648807569477
698,4.964984,4.670795549240346,0.2941884507596546
699,4.977868,4.66410732490696,0.3137606750930404
700,4.9937286,4.657093600239089,0.3366349997609106
701,4.9856186,4.649873944549698,0.3357446554503012
702,4.9754257,4.642681371939152,0.33274432806084775
703,4.97126,4.635260131374715,0.33599986862528475
704,4.9721603,4.628047533717562,0.3441127662824375
705,4.9742966,4.62234390958473,0.35195269041526966
706,4.979027,4.614766440903486,0.36426055909651467
707,4.981453,4.6046307882761575,0.37682221172384267
708,4.980156,4.594676322736526,0.3854796772634739
709,4.9661255,4.584736662031947,0.38138883796805345
710,4.935913,4.574887770459587,0.36102522954041305
711,4.8928833,4.565336357315519,0.3275469426844815
712,4.8467865,4.55608586905474,0.29070063094526066
713,4.804016,4.547207778450528,0.2568082215494716
714,4.765465,4.538783718626168,0.22668128137383192
715,4.7139587,4.530801575427806,0.1831571245721939
716,4.660179,4.52331267537128,0.13686632462872073
717,4.602463,4.516885600155743,0.08557739984425705
718,4.548424,4.514214251174803,0.03420974882519712
719,4.4981995,4.512274993134428,-0.014075493134427575
720,4.448967,4.5076591353149675,-0.058692135314967864
721,4.4075165,4.503725445583483,-0.09620894558348336
722,4.363861,4.500669036626581,-0.13680803662658114
723,4.3363113,4.498528873637539,-0.16221757363753841
724,4.319618,4.497297765878923,-0.17767976587892242
725,4.3116226,4.4969464439593665,-0.18532384395936674
726,4.3221054,4.497493921891888,-0.1753885218918878
727,4.3217926,4.498985629853562,-0.17719302985356222
728,4.324997,4.50149729415123,-0.17650029415123036
729,4.329521,4.504837153677161,-0.17531615367716125
730,4.330261,4.508953566933431,-0.17869256693343072
731,4.332878,4.514166495015316,-0.1812884950153162
732,4.336502,4.520170197890825,-0.18366819789082456
733,4.345253,4.526889706346438,-0.18163670634643836
734,4.360428,4.534289788736347,-0.17386178873634694
735,4.3804016,4.5421134107064445,-0.16171181070644458
736,4.4069214,4.550501664201635,-0.14358026420163483
737,4.443329,4.55941482372347,-0.11608582372346987
738,4.4729004,4.569234420865391,-0.09633402086539089
739,4.5055695,4.579427733030107,-0.07385823303010675
740,4.538727,4.589468038814578,-0.05074103881457859
741,4.5725784,4.600024018548649,-0.02744561854864891
742,4.6054764,4.611198611805987,-0.0057222118059874205
743,4.6383057,4.623698141382619,0.0146075586173815
744,4.664604,4.636768632620942,0.027835367379057452
745,4.687546,4.65009522016029,0.0374507798397099
746,4.7070465,4.663966578482621,0.043079921517378494
747,4.7204285,4.678326055863464,0.04210244413653541
748,4.7281113,4.693351956559027,0.034759343440972756
749,4.7296143,4.708987546117321,0.020626753882678983
750,4.719818,4.725233133000928,-0.005415133000927774
751,4.705406,4.742159049057849,-0.036753049057849374
752,4.6909866,4.761509712161659,-0.07052311216165918
753,4.6811523,4.781431818120137,-0.10027951812013747
754,4.680649,4.800992717524199,-0.12034371752419926
755,4.6834564,4.820732784320292,-0.137276384320292
756,4.6902084,4.8410689805145735,-0.15086058051457307
757,4.7085724,4.861746474129604,-0.1531740741296037
758,4.731827,4.883083281465129,-0.1512562814651286
759,4.7594604,4.904605740238967,-0.14514534023896708
760,4.7841034,4.9259159998783435,-0.14181259987834327
761,4.8120193,4.947126048369438,-0.13510674836943792
762,4.836258,4.967889091873467,-0.13163109187346667
763,4.8618927,4.988863328460729,-0.12697062846072882
764,4.8985443,5.009864191480372,-0.11131989148037214
765,4.911339,5.030029623192829,-0.11869062319282886
766,4.933365,5.0473612376729005,-0.11399623767290024
767,4.957867,5.0639488978927805,-0.10608189789278022
768,4.9806867,5.0795436154709535,-0.09885691547095377
769,5.0009174,5.093578781426145,-0.09266138142614544
770,5.019114,5.107073047671559,-0.08795904767155882
771,5.0358315,5.119160839360242,-0.08332933936024212
772,5.0516243,5.1304918060490285,-0.07886750604902826
773,5.067046,5.141038984415102,-0.07399298441510194
774,5.082651,5.149887481340842,-0.06723648134084215
775,5.0973434,5.1587483044384195,-0.06140490443841973
776,5.110016,5.166456183199312,-0.05644018319931199
777,5.124832,5.171850996614497,-0.047018996614497155
778,5.1423416,5.175958601368526,-0.03361700136852619
779,5.1588745,5.178612105221361,-0.019737605221361143
780,5.16584,5.179857600150653,-0.014017600150652676
781,5.1537857,5.179816631622557,-0.02603093162255643
782,5.1303253,5.178409184179035,-0.048083884179034975
783,5.0957184,5.175809636763012,-0.08009123676301222
784,5.0710373,5.171860510208626,-0.10082321020862572
785,5.0509796,5.166495139927903,-0.11551553992790353
786,5.041069,5.159904946617198,-0.11883594661719776
787,5.0345917,5.1522163166159824,-0.11762461661598245
788,5.038254,5.1434492229001485,-0.10519522290014827
789,5.0420914,5.133535786389985,-0.09144438638998498
790,5.045555,5.122406803974397,-0.07685180397439684
791,5.050186,5.110314704107358,-0.06012870410735793
792,5.0513,5.097238347028867,-0.045938347028866566
793,5.0468216,5.0839898466324565,-0.0371682466324561
794,5.040344,5.069444692644167,-0.029100692644166593
795,5.0254517,5.053119194403268,-0.027667494403268655
796,5.0053406,5.03641575148883,-0.03107515148882989
797,4.989117,5.019390262969884,-0.03027326296988342
798,4.9810586,5.00174776793998,-0.020689167939980102
799,4.9745255,4.982509993531287,-0.007984493531286496
800,4.9694023,4.9622825021680095,0.007119797831990127
801,4.9655733,4.943056935241759,0.022516364758240925
802,4.962923,4.9251323829711895,0.03779061702881048
803,4.9613357,4.907098968245397,0.054236731754603085
804,4.9606957,4.889930133043429,0.07076556695657032
805,4.9735336,4.873268756848343,0.10026484315165707
806,4.986992,4.857360377594073,0.12963162240592663
807,5.0054626,4.842799950450235,0.16266264954976517
808,5.02092,4.833191259147846,0.18772874085215463
809,5.041115,4.823322797773864,0.2177922022261356
810,5.0509644,4.812806484175478,0.23815791582452217
811,5.056801,4.803128783583809,0.25367221641619153
812,5.0603027,4.79392646022429,0.26637623977571057
813,5.0603867,4.783899731515345,0.2764869684846545
814,5.058464,4.774763173536449,0.28370082646355055
815,5.0551987,4.766696818597945,0.28850188140205546
816,5.047058,4.759541733241914,0.28751626675808595
817,5.030266,4.753391348805013,0.2768746511949871
818,5.0079803,4.748824318150663,0.25915598184933675
819,4.9641495,4.745098654492988,0.21905084550701215
820,4.8891373,4.7418059581455765,0.14733134185442331
821,4.796997,4.739211210017932,0.05778578998206818
822,4.706108,4.7376070955763385,-0.03149909557633812
823,4.626816,4.737016783277216,-0.11020078327721627
824,4.569084,4.736549529770817,-0.16746552977081652
825,4.528595,4.735734060772495,-0.20713906077249522
826,4.5130997,4.735407362976834,-0.22230766297683413
827,4.5110626,4.73487203421964,-0.22380943421963995
828,4.525322,4.734173937579142,-0.20885193757914156
829,4.5541763,4.733696583362963,-0.17952028336296344
830,4.588005,4.7329505235694995,-0.14494552356949963
831,4.6307983,4.731928788790321,-0.1011304887903206
832,4.673332,4.7308186599312485,-0.05748665993124824
833,4.712021,4.729721998219631,-0.017700998219631003
834,4.7545547,4.728483506093513,0.026071193906487267
835,4.791458,4.7269724383559195,0.06448556164408092
836,4.823021,4.725504462099074,0.09751653790092618
837,4.8478317,4.723994432280473,0.12383726771952741
838,4.8730087,4.721817690305754,0.15119100969424615
839,4.8916473,4.719274886235213,0.17237241376478707
840,4.894881,4.716216527557547,0.17866447244245265
841,4.8863473,4.712520756054473,0.17382654394552688
842,4.8717475,4.7085370500827235,0.16321044991727618
843,4.852881,4.704114524789735,0.1487664752102651
844,4.831561,4.699236981312018,0.1323240186879815
845,4.8095946,4.694572032136295,0.11502256786370424
846,4.788783,4.690363534864942,0.0984194651350574
847,4.7709327,4.6871467966304134,0.08378590336958691
848,4.7579575,4.685206328465157,0.07275117153484256
849,4.7449265,4.683494412133332,0.06143208786666765
850,4.745041,4.681827246303342,0.06321375369665727
851,4.7539673,4.680206538053842,0.07376076194615866
852,4.7744064,4.676177934738875,0.09822846526112539
853,4.800659,4.672374348328082,0.12828465167191716
854,4.826744,4.66999605827967,0.15674794172032946
855,4.8488464,4.668397064335213,0.18044933566478694
856,4.868309,4.668114660291827,0.20019433970817335
857,4.8795547,4.66975786087346,0.20979683912653968
858,4.873085,4.6722884170438945,0.20079658295610514
859,4.833084,4.6756360598982765,0.15744794010172392
860,4.7741165,4.680100617352768,0.09401588264723149
861,4.7162323,4.685025092649754,0.031207207350245625
862,4.670273,4.691307472596302,-0.021034472596301867
863,4.64135,4.698704810506933,-0.05735481050693281
864,4.626404,4.70738378221896,-0.08097978221895996
865,4.6230545,4.7167951331667215,-0.09374063316672121
866,4.632965,4.727541747313195,-0.09457674731319443
867,4.648697,4.739280550084465,-0.09058355008446473
868,4.6681137,4.7521254812299745,-0.08401178122997432
869,4.691864,4.766012895124301,-0.074148895124301
870,4.7087173,4.78137833423998,-0.07266103423997983
871,4.7165756,4.797813147732875,-0.08123754773287573
872,4.715477,4.815506778757639,-0.10002977875763897
873,4.7057343,4.833280474989692,-0.12754617498969267
874,4.707802,4.850663725708107,-0.14286172570810685
875,4.691353,4.866811653798537,-0.17545865379853698
876,4.691681,4.882036747967079,-0.19035574796707877
877,4.7020035,4.896824348816813,-0.19482084881681327
878,4.7213364,4.910426600119362,-0.18909020011936217
879,4.74662,4.923422662730996,-0.17680266273099576
880,4.7801285,4.9354569637351355,-0.15532846373513554
881,4.818062,4.9472399230885875,-0.12917792308858722
882,4.8566895,4.957330871509495,-0.1006413715094947
883,4.8955917,4.966014519228308,-0.07042281922830806
884,4.9340134,4.974188598007207,-0.0401751980072067
885,4.96801,4.981931857739993,-0.013921857739993548
886,4.9990997,4.988200668588946,0.010899031411054416
887,5.023102,4.993408331184395,0.029693668815604646
888,5.038101,4.996644419155014,0.04145658084498649
889,5.048935,4.998227110794856,0.05070788920514424
890,5.0526505,4.998075683482214,0.054574816517786395
891,5.061592,4.9964801653728275,0.06511183462717263
892,5.060384,4.994057255382905,0.0663267446170952
893,5.061351,4.990920322568962,0.07043067743103837
894,5.064003,4.9868985684238325,0.07710443157616709
895,5.0711474,4.982199262722549,0.08894813727745099
896,5.082499,4.977424101156327,0.10507489884367338
897,5.097294,4.972455508651626,0.12483849134837399
898,5.1147637,4.967164983233723,0.1475987167662769
899,5.134145,4.960875463783176,0.17326953621682417
900,5.1546717,4.954462188343372,0.20020951165662737
901,5.1755795,4.9481129898594824,0.227466510140518
902,5.1961026,4.941627024739873,0.2544755752601269
903,5.2154775,4.934904646437536,0.28057285356246453
904,5.232935,4.928947450556005,0.3039875494439954
905,5.247712,4.922425479327258,0.32528652067274155
906,5.259043,4.915236670737359,0.343806329262641
907,5.2661643,4.908697430430957,0.35746686956904306
908,5.270485,4.9029895814898055,0.3674954185101944
909,5.2786636,4.897870551849825,0.3807930481501751
910,5.28318,4.89406858839021,0.38911141160978957
911,5.2815475,4.890755236795285,0.39079226320471516
912,5.2870255,4.8890649584935835,0.3979605415064169
913,5.264267,4.8891531175697445,0.3751138824302558
914,5.251045,4.889111727970464,0.3619332720295363
915,5.233818,4.888754638035196,0.34506336196480447
916,5.207657,4.88866860560398,0.3189883943960199
917,5.1729965,4.888913283571187,0.2840832164288134
918,5.1360626,4.889405496587265,0.24665710341273517
919,5.1026917,4.890269879045312,0.2124218209546882
920,5.0804367,4.891368746597936,0.18906795340206362
921,5.0714874,4.891788786292451,0.17969861370754892
922,5.0704803,4.891822096000375,0.17865820399962473
923,5.0808563,4.891381843565905,0.18947445643409466
924,5.0989075,4.890522724346557,0.20838477565344338
925,5.1233597,4.889510401152764,0.23384929884723604
926,5.1533585,4.887310191656654,0.26604830834334603
927,5.185028,4.884466706405592,0.30056129359440753
928,5.235237,4.881083639825275,0.3541533601747249
929,5.248764,4.877137153259886,0.3716268467401145
930,5.2775574,4.872584553154922,0.4049728468450784
931,5.298027,4.867053955721403,0.4309730442785975
932,5.3122635,4.860737464938545,0.4515260350614554
933,5.319084,4.8538957124143485,0.46518828758565167
934,5.319977,4.846270425107434,0.4737065748925655
935,5.318428,4.8386648320497905,0.47976316795020946
936,5.3172607,4.831307572446704,0.4859531275532962
937,5.316223,4.823828298738952,0.49239470126104834
938,5.317116,4.815992050570663,0.5011239494293376
939,5.3200073,4.808022682942045,0.511984617057955
940,5.3232193,4.799954566845431,0.5232647331545692
941,5.345146,4.79126863622986,0.5538773637701393
942,5.3185043,4.7835665363460755,0.5349377636539243
943,5.302414,4.77686641185596,0.5255475881440397
944,5.27977,4.7708870484070705,0.5088829515929296
945,5.2496414,4.7649894502386925,0.4846519497613073
946,5.204155,4.759231518833039,0.4449234811669607
947,5.1402435,4.7537202323183205,0.3865232676816799
948,5.0687637,4.748524815764821,0.3202388842351791
949,4.9969254,4.743882515191136,0.25304288480886417
950,4.944252,4.740888336421743,0.20336366357825675
951,4.8893585,4.737984995376671,0.15137350462332932
952,4.8546677,4.733842190015611,0.1208255099843889
953,4.8381195,4.730221672708915,0.10789782729108577
954,4.834564,4.727844685432037,0.10671931456796369
955,4.8399124,4.725893327557841,0.11401907244215881
956,4.8552322,4.724036715277836,0.1311954847221637
957,4.8736954,4.722320529110096,0.15137487088990387
958,4.8933716,4.720716187760121,0.17265541223987935
959,4.909683,4.71944855419445,0.19023444580555005
960,4.922943,4.718264982108131,0.2046780178918688
961,4.9363327,4.71673408630709,0.21959861369291023
962,4.9452057,4.714924314123324,0.23028138587667613
963,4.9509583,4.712409205414615,0.23854909458538476
964,4.95298,4.709685841725448,0.24329415827455225
965,4.948677,4.706823408046664,0.241853591953336
966,4.948044,4.703882274363605,0.2441617256363955
967,4.9386597,4.702697009293477,0.23596269070652287
968,4.939453,4.70113634902669,0.23831665097331012
969,4.9458694,4.696268978575663,0.24960042142433725
970,4.9572754,4.690716277144817,0.2665591228551829
971,4.970131,4.684726399662958,0.28540460033704207
972,4.984329,4.679071121175729,0.30525787882427036
973,4.9971237,4.6735072019130985,0.32361649808690185
974,5.008255,4.667881988118058,0.34037301188194213
975,5.0161896,4.662018864768104,0.3541707352318957
976,5.030548,4.656011155183669,0.37453684481633065
977,5.041664,4.650476440809784,0.3911875591902163
978,5.055168,4.644884721736652,0.4102832782633481
979,5.065407,4.64230775910546,0.42309924089454043
980,5.0694427,4.639902619860349,0.4295400801396507
981,5.0641556,4.6354910147564095,0.42866458524359086
982,5.04879,4.632117880606254,0.4166721193937466
983,5.0302734,4.629704235211305,0.40056916478869464
984,5.009346,4.628309559895926,0.381036440104074
985,4.988159,4.62781072270145,0.36034827729854957
986,4.964119,4.6283353706924295,0.33578362930757066
987,4.944412,4.630154014346364,0.3142579856536356
988,4.9276886,4.63344133282549,0.29424726717450955
989,4.9130707,4.63980268317313,0.2732680168268695
990,4.9060135,4.6469973751867855,0.2590161248132148
991,4.9025116,4.652775995546428,0.2497356044535728
992,4.906555,4.659336819501325,0.24721818049867483
993,4.91761,4.666826803230124,0.25078319676987615
994,4.9330215,4.675156421504999,0.2578650784950005
995,4.938929,4.682619635209364,0.2563093647906358
996,4.9573483,4.689944312854235,0.26740398714576497
997,4.9837513,4.697772352797168,0.2859789472028318
998,5.0138783,4.707003775051286,0.30687452494871437
999,5.0434747,4.716293483032395,0.32718121696760516
1000,5.068281,4.724482821665442,0.3437981783345574
1001,5.0840406,4.7317453308691775,0.3522952691308223
1002,5.1054,4.738426336630837,0.3669736633691638
1003,5.1487656,4.744546718374337,0.40421888162566333
1004,5.1638184,4.75069699786874,0.41312140213126014
1005,5.172882,4.756727375402614,0.41615462459738684
1006,5.1812973,4.761839732491534,0.4194575675084655
1007,5.191818,4.7656731722913355,0.42614482770866413
1008,5.2019043,4.768397645897006,0.4335066541029935
1009,5.2128983,4.770475218171712,0.44242308182828793
1010,5.225403,4.772583532302747,0.45281946769725323
1011,5.238014,4.773809707131513,0.4642042928684864
1012,5.248947,4.774008771510395,0.4749382284896049
1013,5.2536697,4.774131141896602,0.47953855810339796
1014,5.2529907,4.773554205746359,0.47943649425364043
1015,5.243538,4.772727310039124,0.47081068996087616
1016,5.2269516,4.771510702524318,0.4554408974756816
1017,5.2050476,4.770331658088616,0.4347159419113842
1018,5.1751633,4.769191513732583,0.4059717862674175
1019,5.1267395,4.768093491634272,0.3586460083657279
1020,5.045906,4.767153554147756,0.2787524458522439
1021,4.9482193,4.766338636869037,0.18188066313096307
1022,4.8478622,4.766216790295779,0.08164540970422074
1023,4.7638702,4.766379414191053,-0.0025092141910523225
1024,4.7004013,4.766949591544991,-0.06654829154499087
1025,4.655571,4.768164949183144,-0.11259394918314403
1026,4.6273727,4.769869186938703,-0.1424964869387031
1027,4.6113663,4.772435505948871,-0.16106920594887075
1028,4.5981903,4.776099222929669,-0.1779089229296691
1029,4.578926,4.780554743053154,-0.2016287430531536
1030,4.5581665,4.785863658053281,-0.2276971580532816
1031,4.541847,4.792124780235506,-0.25027778023550606
1032,4.5273438,4.799115582853973,-0.27177178285397297
1033,4.5337143,4.806956387759045,-0.2732420877590451
1034,4.5442047,4.81568666462794,-0.27148196462793983
1035,4.5646667,4.825061576109906,-0.2603948761099062
1036,4.5935593,4.834563440598335,-0.24100414059833497
1037,4.627907,4.844004413954335,-0.21609741395433435
1038,4.661415,4.8544151812038505,-0.19300018120385065
1039,4.7000732,4.865704557876199,-0.16563135787619832
1040,4.7357864,4.8773881805081185,-0.14160178050811822
1041,4.7696304,4.889189858215248,-0.1195594582152486
1042,4.8018646,4.901227395787684,-0.09936279578768392
1043,4.8320847,4.913081495019308,-0.08099679501930801
1044,4.854431,4.9252820647676785,-0.07085106476767855
1045,4.873741,4.936970604275112,-0.06322960427511237
1046,4.8911285,4.948930157739068,-0.05780165773906809
1047,4.9064865,4.961671571775449,-0.0551850717754494
1048,4.9199142,4.974648951497853,-0.05473475149785312
1049,4.933861,4.9866935368759435,-0.05283253687594325
1050,4.9501724,4.997671171226156,-0.047498771226156755
1051,4.9664154,5.0085519356081605,-0.04213653560816066
1052,4.9858475,5.017319796462561,-0.03147229646256111
1053,5.0038834,5.024772835604707,-0.020889435604706463
1054,5.020912,5.031917102204858,-0.011005102204857842
1055,5.0391846,5.039507111496271,-0.0003225114962717157
1056,5.0548096,5.046113085212121,0.008696514787878584
1057,5.065857,5.0514301829758175,0.014426817024182803
1058,5.078705,5.056291799580646,0.02241320041935424
1059,5.085518,5.060080313818796,0.025437686181204455
1060,5.0892563,5.062473498780122,0.02678280121987786
1061,5.0938187,5.064554041087173,0.029264658912826924
1062,5.1003723,5.0656371391794455,0.03473516082055461
1063,5.1082535,5.065693840142883,0.04255965985711718
1064,5.120453,5.065300317199581,0.055152682800419406
1065,5.134163,5.064343422407373,0.06981957759262691
1066,5.148918,5.062768358466823,0.0861496415331775
1067,5.1614914,5.060388160076858,0.10110323992314196
1068,5.1729736,5.057285467016804,0.11568813298319558
1069,5.1814857,5.053372939871077,0.12811276012892225
1070,5.18501,5.048766169289546,0.13624383071045454
1071,5.186814,5.043306390439822,0.14350760956017794
1072,5.187677,5.036695649737526,0.15098135026247395
1073,5.188378,5.029050707454535,0.1593272925454654
1074,5.1896963,5.020479918317921,0.16921638168207842
1075,5.192412,5.010924245706948,0.18148775429305175
1076,5.197304,5.0003977164316815,0.1969062835683184
1077,5.213234,4.988798117680902,0.2244358823190975
1078,5.2173843,4.976253371180869,0.241130928819131
1079,5.2236023,4.962950462989228,0.260651837010772
1080,5.233162,4.948974830616131,0.2841871693838689
1081,5.2463684,4.934391248162355,0.3119771518376444
1082,5.261963,4.919556757015368,0.34240624298463196
1083,5.269432,4.90436079580815,0.36507120419185046
1084,5.251808,4.888943439661603,0.3628645603383962
1085,5.204712,4.873945778319975,0.3307662216800251
1086,5.1332855,4.85936540349126,0.27392009650874005
1087,5.064476,4.844904473906344,0.21957152609365593
1088,5.0033875,4.830596552664192,0.17279094733580802
1089,4.9517517,4.816765625306461,0.13498607469353896
1090,4.9080048,4.803620779708941,0.1043840202910582
1091,4.8752136,4.791888305330455,0.08332529466954508
1092,4.8222885,4.780601385463473,0.0416871145365274
1093,4.7712708,4.77018150410694,0.0010892958930597274
1094,4.7078934,4.76068062649561,-0.052787226495610184
1095,4.6344757,4.752012916358131,-0.11753721635813097
1096,4.5486374,4.743535190371119,-0.19489779037111976
1097,4.4693146,4.736788964479707,-0.26747436447970774
1098,4.3944855,4.730323322300952,-0.3358378223009524
1099,4.3271484,4.723995800553268,-0.39684740055326806
1100,4.2781754,4.717629915127365,-0.43945451512736433
1101,4.24247,4.711227903952013,-0.4687579039520129
1102,4.2276764,4.704528972735092,-0.4768525727350923
1103,4.229912,4.698120884848203,-0.46820888484820333
1104,4.2461705,4.69161033465482,-0.4454398346548203
1105,4.272165,4.684994386643841,-0.41282938664384083
1106,4.308154,4.67793159621958,-0.3697775962195804
1107,4.3513303,4.670473027251204,-0.3191427272512044
1108,4.398886,4.662564308144305,-0.26367830814430526
1109,4.4480133,4.654767419636099,-0.20675411963609847
1110,4.4959064,4.647315750376816,-0.1514093503768157
1111,4.539757,4.642349737982148,-0.10259273798214785
1112,4.5761337,4.637811386203903,-0.061677686203903015
1113,4.6141357,4.632817751847468,-0.01868205184746774
1114,4.6536636,4.627512134805246,0.02615146519475342
1115,4.691078,4.622726503350599,0.06835149664940143
1116,4.7315674,4.618095717304836,0.11347168269516406
1117,4.771782,4.613032512911138,0.15874948708886194
1118,4.806572,4.6087225894388295,0.19784941056117056
1119,4.8619537,4.604834534523176,0.2571191654768237
1120,4.862114,4.602695623194061,0.2594183768059395
1121,4.858719,4.601154513394901,0.2575644866050988
1122,4.8349915,4.601277962667055,0.2337135373329451
1123,4.7972183,4.602947802294292,0.19427049770570815
1124,4.746277,4.604092309495665,0.1421846905043349
1125,4.685425,4.605950557720756,0.0794744422792446
1126,4.6285706,4.608403790395373,0.02016680960462658
1127,4.585083,4.6111508490866076,-0.02606784908660753
1128,4.5565643,4.614654173261386,-0.05808987326138659
1129,4.545372,4.618877322147501,-0.0735053221475006
1130,4.5501328,4.623368987753444,-0.07323618775344354
1131,4.5648193,4.627602936872155,-0.06278363687215549
1132,4.5862427,4.632167442846714,-0.04592474284671422
1133,4.6128006,4.6374449899368235,-0.024644389936823607
1134,4.6408005,4.642633650464671,-0.0018331504646704744
1135,4.6708527,4.64927491807061,0.021577781929390305
1136,4.6982346,4.656282939642609,0.04195166035739106
1137,4.722229,4.662038218940147,0.06019078105985276
1138,4.738617,4.667587352465489,0.07102964753451069
1139,4.7463837,4.6721064562188,0.07427724378120004
1140,4.7496033,4.675332140908602,0.07427115909139825
1141,4.7422867,4.677424839375487,0.06486186062451349
1142,4.738774,4.678922991093875,0.059851008906124825
1143,4.7458377,4.679760952293358,0.06607674770664218
1144,4.761179,4.680850877489188,0.0803281225108119
1145,4.783406,4.6800946960057885,0.10331130399421173
1146,4.811126,4.677762727878538,0.13336327212146148
1147,4.8429475,4.673697051365128,0.16925044863487226
1148,4.877476,4.6684472555234375,0.20902874447656217
1149,4.913322,4.6621865628576575,0.25113543714234243
1150,4.9511795,4.6543481229725066,0.29683137702749374
1151,4.981758,4.645734111041437,0.3360238889585627
1152,5.010086,4.637206877197902,0.37287912280209845
1153,5.035454,4.6276766799038995,0.4077773200961001
1154,5.062767,4.617411985309345,0.4453550146906551
1155,5.0822983,4.60702991278251,0.4752683872174899
1156,5.109894,4.596729298705053,0.5131647012949463
1157,5.1315384,4.5877773107141575,0.5437610892858427
1158,5.133255,4.579225363322454,0.5540296366775461
1159,5.0839386,4.570040089397486,0.5138985106025133
1160,4.9874496,4.5619474231795705,0.42550217682042923
1161,4.882393,4.554789602079346,0.3276033979206545
1162,4.793289,4.5485001994701495,0.2447888005298502
1163,4.714569,4.543707383014072,0.1708616169859276
1164,4.652809,4.540646994313731,0.11216200568626977
1165,4.601944,4.539540422680515,0.06240357731948443
1166,4.562996,4.540842413395813,0.02215358660418687
1167,4.5352936,4.544149074061619,-0.008855474061618906
1168,4.522011,4.549113350918163,-0.027102350918163154
1169,4.51886,4.556169490999372,-0.03730949099937231
1170,4.527954,4.565772360056678,-0.03781836005667749
1171,4.547966,4.576819491875764,-0.028853491875763915
1172,4.5746536,4.588843597474196,-0.014189997474195692
1173,4.607834,4.602487730837537,0.00534626916246328
1174,4.6477585,4.618331075194066,0.02942742480593452
1175,4.68943,4.63641008438218,0.05301991561781971
1176,4.735118,4.656763861006589,0.0783541389934106
1177,4.780716,4.679595240243477,0.10112075975652335
1178,4.824062,4.704006606481006,0.12005539351899319
1179,4.8653727,4.728759173333893,0.13661352666610682
1180,4.9048653,4.754449968710705,0.1504153312892953
1181,4.9427567,4.780807744718958,0.16194895528104247
1182,4.979264,4.807074367114384,0.1721896328856154
1183,5.0146046,4.8339136364359,0.18069096356409986
1184,5.0489945,4.8613241555036275,0.18767034449637254
1185,5.079056,4.88895821428358,0.19009778571641966
1186,5.1067505,4.917658630548465,0.1890918694515351
1187,5.134056,4.948552912132472,0.18550308786752812
1188,5.160347,4.9782194797529575,0.18212752024704226
1189,5.1817474,5.006061511990439,0.17568588800956064
1190,5.197899,5.030527584877806,0.16737141512219367
1191,5.215828,5.056035976140526,0.1597920238594739
1192,5.2341537,5.078034336310989,0.1561193636890108
1193,5.248062,5.0982346479807585,0.14982735201924147
1194,5.2641144,5.11658639860735,0.14752800139265076
1195,5.280937,5.133338882262391,0.14759811773760845
1196,5.290985,5.148286564167866,0.14269843583213415
1197,5.3026505,5.161354227002722,0.14129627299727865
1198,5.312851,5.173100463002873,0.13975053699712703
1199,5.321289,5.182994038830039,0.13829496116996154
1200,5.3234863,5.1921326174118665,0.1313536825881334
1201,5.3237534,5.19973315105737,0.12402024894262986
1202,5.3232346,5.20476492292901,0.11846967707099054
1203,5.322708,5.208615157786685,0.11409284221331539
1204,5.3209915,5.211732369945862,0.1092591300541379
1205,5.3188477,5.214332158481618,0.10451554151838227
1206,5.3177414,5.216315671394651,0.10142572860534926
1207,5.3218536,5.217367846921794,0.10448575307820551
1208,5.3225403,5.21806118200867,0.10447911799133003
1209,5.3262253,5.218809924444027,0.10741537555597258
1210,5.332245,5.219564355568056,0.11268064443194437
1211,5.331093,5.219771789859082,0.11132121014091823
1212,5.3057404,5.219610012567845,0.08613038743215551
1213,5.258713,5.219048701306234,0.039664298693765865
1214,5.2007523,5.2181252025451625,-0.017372902545162106
1215,5.1369476,5.216893115262706,-0.07994551526270577
1216,5.0762024,5.215311003005765,-0.13910860300576555
1217,5.0296173,5.2131549912743775,-0.18353769127437758
1218,4.9952316,5.210452750632701,-0.21522115063270064
1219,4.9722977,5.207160682523169,-0.23486298252316828
1220,4.960312,5.202333511001072,-0.24202151100107194
1221,4.957794,5.195900817351625,-0.23810681735162476
1222,4.956702,5.188417961393695,-0.23171596139369477
1223,4.9658456,5.180146698269107,-0.21430109826910737
1224,4.982714,5.171134939310884,-0.188420939310884
1225,5.0058293,5.161446414453572,-0.1556171144535714
1226,5.03371,5.151372529304578,-0.1176625293045781
1227,5.064879,5.140303592942261,-0.07542459294226056
1228,5.097856,5.128733721175697,-0.030877721175697204
1229,5.1386566,5.116014721515912,0.022641878484088274
1230,5.1724854,5.102689720578064,0.06979567942193654
1231,5.2045364,5.08939725043781,0.11513914956219029
1232,5.2298584,5.075459075730036,0.1543993242699644
1233,5.255684,5.061227763331228,0.19445623666877143
1234,5.265391,5.046214697249379,0.21917630275062105
1235,5.2738667,5.030784825511967,0.2430818744880332
1236,5.281465,5.015705969505093,0.2657590304949071
1237,5.288541,5.001251200090386,0.28728979990961445
1238,5.295448,4.9872441528070235,0.3082038471929769
1239,5.3025403,4.973606076558783,0.3289342234412178
1240,5.310173,4.961789842928118,0.34838315707188183
1241,5.3073807,4.948803194643513,0.3585775053564877
1242,5.302063,4.935655207870959,0.3664077921290412
1243,5.2994003,4.925296084283063,0.37410421571693764
1244,5.3034286,4.913530393308182,0.38989820669181796
1245,5.28109,4.901793280148219,0.37929671985178093
1246,5.2660294,4.890502741747037,0.37552665825296305
1247,5.244545,4.879243476979791,0.36530152302020813
1248,5.2285767,4.868455166221148,0.3601215337788517
1249,5.215889,4.857109810120067,0.3587791898799324
1250,5.2053833,4.844818996832506,0.3605643031674939
1251,5.189949,4.83274662123649,0.35720237876351035
1252,5.177475,4.820969886515541,0.35650511348445946
1253,5.1189423,4.809044640926459,0.30989765907354094
1254,5.053772,4.796140761836387,0.2576312381636132
1255,4.968849,4.7833850090814645,0.18546399091853516
1256,4.880104,4.7710139385736055,0.10909006142639477
1257,4.809868,4.758151231408516,0.051716768591483664
1258,4.755966,4.746869819844272,0.009096180155728106
1259,4.7000732,4.735861548526474,-0.03578834852647361
1260,4.627487,4.722939079264981,-0.09545207926498023
1261,4.5492935,4.710152557812646,-0.16085905781264564
1262,4.480377,4.696802480905958,-0.2164254809059578
1263,4.426567,4.682011176474223,-0.2554441764742226
1264,4.378853,4.66626951011888,-0.2874165101188799
1265,4.362091,4.649543974956695,-0.287452974956695
1266,4.3615875,4.632306468168966,-0.2707189681689659
1267,4.401436,4.614031921061935,-0.2125959210619346
1268,4.42231,4.5945158272994275,-0.17220582729942713
1269,4.4474335,4.573644983486233,-0.1262114834862329
1270,4.4773483,4.551753944869358,-0.07440564486935752
1271,4.50856,4.528681722513974,-0.020121722513973594
1272,4.5413437,4.504743661527156,0.036600038472843544
1273,4.56855,4.4796579204538505,0.08889207954614964
1274,4.598274,4.45327853216382,0.14499546783618023
1275,4.602783,4.425429584337505,0.17735341566249474
1276,4.5952682,4.396509058685218,0.198759141314782
1277,4.582283,4.3669670203332664,0.21531597966673388
1278,4.5449066,4.3366003956941785,0.20830620430582147
1279,4.5250244,4.304973838156721,0.2200505618432791
1280,4.5127945,4.2725974609345885,0.24019703906541157
1281,4.506668,4.241825106502658,0.2648428934973426
1282,4.5037537,4.211638609677037,0.29211509032296323
1283,4.4984818,4.1814059700535715,0.3170758299464289
1284,4.4846344,4.150387761440117,0.33424663855988346
1285,4.4711533,4.119208265381701,0.35194503461829907
1286,4.4641495,4.089726392591956,0.3744231074080444
1287,4.460739,4.0629499855952576,0.3977890144047427
1288,4.462364,4.036870308117729,0.42549369188227093
1289,4.463585,4.012402999282675,0.45118200071732506
1290,4.447098,3.9899065367859325,0.4571914632140679
1291,4.398102,3.9728230114210064,0.4252789885789934
1292,4.329216,3.958186421462495,0.3710295785375046
1293,4.2596436,3.942340948379778,0.3173026516202224
1294,4.195404,3.9294484140248014,0.2659555859751985
1295,4.147026,3.919651166203632,0.22737483379636814
1296,4.114151,3.9130693560369534,0.20108164396304629
1297,4.0887833,3.909581664337021,0.1792016356629791
1298,4.0718765,3.9090465854739342,0.16282991452606588
1299,4.056732,3.9113505788404286,0.14538142115957164
1300,4.0420074,3.9162538212368574,0.12575357876314275
1301,4.0340424,3.9261125936608385,0.10792980633916116
1302,4.0388184,3.9380205425621537,0.10079785743784653
1303,4.0449142,3.949930530939504,0.09498366906049593
1304,4.05954,3.964223528923935,0.09531647107606522
1305,4.087677,3.9826400129581923,0.10503698704180797
1306,4.12072,4.004402660611948,0.11631733938805233
1307,4.1569595,4.027033546967295,0.12992595303270527
1308,4.200142,4.047644404893592,0.15249759510640803
1309,4.2412643,4.0697604204441715,0.17150387955582858
1310,4.283989,4.093361249838822,0.19062775016117772
1311,4.3540344,4.119072882677427,0.23496151732257253
1312,4.39328,4.145903943422588,0.24737605657741213
1313,4.433502,4.173507749991646,0.2599942500083534
1314,4.469658,4.201939573476505,0.2677184265234951
1315,4.497734,4.2346078899233985,0.2631261100766018
1316,4.5192795,4.268129768767153,0.25114973123284656
1317,4.5289383,4.300597493414947,0.22834080658505318
1318,4.5406113,4.3326900556175545,0.20792124438244564
1319,4.5491333,4.368379777989109,0.18075352201089157
1320,4.557205,4.405544132673277,0.15166086732672301
1321,4.5700684,4.441108674741561,0.12895972525843913
1322,4.592598,4.476369268944719,0.11622873105528075
1323,4.6081924,4.51277081994531,0.09542158005469048
1324,4.623459,4.548841138354116,0.07461786164588435
1325,4.6388397,4.586693683152288,0.05214601684771214
1326,4.6482086,4.625992100522746,0.02221649947725446
1327,4.6569443,4.663527779080443,-0.006583479080442878
1328,4.6698456,4.7020532200706855,-0.03220762007068512
1329,4.6796417,4.739617805174218,-0.05997610517421759
1330,4.692711,4.774791544413748,-0.08208054441374824
1331,4.709358,4.8100060128679685,-0.10064801286796854
1332,4.735611,4.845404548012461,-0.109793548012461
1333,4.7724,4.879936801741217,-0.10753680174121705
1334,4.797188,4.9144458795504,-0.11725787955040001
1335,4.822113,4.949675814352016,-0.12756281435201622
1336,4.8501663,4.983867267260489,-0.13370096726048963
1337,4.879242,5.0170657899544935,-0.13782378995449385
1338,4.903122,5.049022612895403,-0.14590061289540301
1339,4.9247055,5.079463218529119,-0.1547577185291189
1340,4.9448013,5.1104135891462095,-0.1656122891462095
1341,4.96315,5.141726424162763,-0.1785764241627632
1342,4.979637,5.173107170436423,-0.19347017043642278
1343,5.0036774,5.2015393537486405,-0.19786195374864057
1344,5.021858,5.228767821623485,-0.20690982162348526
1345,5.037117,5.254855237429876,-0.21773823742987553
1346,5.0515137,5.2794453985456355,-0.22793169854563544
1347,5.0708237,5.302185369458926,-0.23136166945892622
1348,5.077568,5.323551539983076,-0.24598353998307587
1349,5.087822,5.344940095258281,-0.25711809525828055
1350,5.0988083,5.364340795385581,-0.2655324953855809
1351,5.107765,5.379776356344683,-0.27201135634468354
1352,5.117592,5.393803586004164,-0.2762115860041643
1353,5.1220093,5.406381153936377,-0.2843718539363769
1354,5.120041,5.417332532985972,-0.2972915329859722
1355,5.091385,5.426902199016655,-0.335517199016655
1356,5.033348,5.435016010265838,-0.40166801026583787
1357,4.956352,5.441142704828112,-0.4847907048281117
1358,4.887985,5.44565168853202,-0.5576666885320201
1359,4.8303757,5.4486815570676885,-0.6183058570676883
1360,4.7981873,5.450343803550858,-0.6521565035508576
1361,4.7831345,5.451350880336342,-0.6682163803363421
1362,4.7845535,5.4502400649667795,-0.6656865649667791
1363,4.797859,5.446213857952463,-0.6483548579524632
1364,4.821663,5.440718648652678,-0.6190556486526777
1365,4.8495636,5.433815733100971,-0.5842521331009713
1366,4.879341,5.42559688761818,-0.5462558876181802
1367,4.9122086,5.415951994508191,-0.5037433945081915
1368,4.9413223,5.404766602753885,-0.46344430275388504
1369,4.9706955,5.392248505812501,-0.421553005812501
1370,4.9966354,5.378580043447439,-0.38194464344743917
1371,5.01989,5.364092988574746,-0.34420298857474574
1372,5.044983,5.348572884423099,-0.30358988442309887
1373,5.068619,5.3313706159541745,-0.2627516159541745
1374,5.0965576,5.31309422192944,-0.21653662192944
1375,5.109764,5.294184466197223,-0.1844204661972224
1376,5.1317444,5.274721737631434,-0.14297733763143405
1377,5.1503296,5.2545656336487445,-0.10423603364874445
1378,5.1837997,5.233287577793708,-0.049487877793708
1379,5.1933365,5.211533190022104,-0.018196690022104
1380,5.206688,5.189943524109092,0.016744475890908106
1381,5.2223053,5.16923807136129,0.05306722863871016
1382,5.238617,5.150433062931452,0.08818393706854799
1383,5.251091,5.133829830949943,0.11726116905005668
1384,5.2577286,5.117518858010069,0.1402097419899313
1385,5.2555084,5.10005522778479,0.1554531722152097
1386,5.237137,5.082748988180236,0.1543880118197638
1387,5.214424,5.065679639061874,0.14874436093812626
1388,5.1916046,5.04833479546993,0.1432698045300702
1389,5.1735687,5.031639296077353,0.14192940392264664
1390,5.1649246,5.015912104682581,0.149012495317419
1391,5.1645737,5.000689095653305,0.16388460434669483
1392,5.1680756,4.9868444886252945,0.18123111137470538
1393,5.170738,4.973885612236161,0.19685238776383862
1394,5.157791,4.961276207975469,0.19651479202453093
1395,5.125305,4.949807711101918,0.17549728889808236
1396,5.0798874,4.939992784670051,0.13989461532994873
1397,5.033104,4.9310253666839845,0.1020786333160153
1398,4.992424,4.9230352674076645,0.06938873259233524
1399,4.9581375,4.9153194455942035,0.04281805440579678
1400,4.929817,4.908170712748812,0.02164628725118778
1401,4.901947,4.902114549403818,-0.0001675494038178016
1402,4.8664856,4.897931724952469,-0.03144612495246957
1403,4.820549,4.89498519211119,-0.07443619211119046
1404,4.7593536,4.892158218388384,-0.1328046183883842
1405,4.6999664,4.890082688418849,-0.19011628841884853
1406,4.642044,4.889109707808717,-0.24706570780871662
1407,4.5877533,4.889014457088902,-0.3012611570889021
1408,4.5401764,4.889817397628754,-0.3496409976287538
1409,4.506363,4.890899786827688,-0.3845367868276872
1410,4.466942,4.892336065180504,-0.4253940651805035
1411,4.4374695,4.894435595097077,-0.4569660950970773
1412,4.423065,4.8971544468030554,-0.4740894468030552
1413,4.4141846,4.900433096108874,-0.48624849610887466
1414,4.4058685,4.90412470718882,-0.49825620718881947
1415,4.4052353,4.907726700912716,-0.5024914009127155
1416,4.4093933,4.9117602885847855,-0.5023669885847859
1417,4.4175186,4.918611692762929,-0.5010930927629289
1418,4.429081,4.925377050063049,-0.4962960500630489
1419,4.4353623,4.930628637163683,-0.49526633716368273
1420,4.4395804,4.9361144767628815,-0.49653407676288186
1421,4.4423504,4.942037781211431,-0.4996873812114311
1422,4.444288,4.947999485041678,-0.503711485041678
1423,4.4460063,4.954335740935524,-0.5083294409355243
1424,4.448121,4.960663972329332,-0.5125429723293315
1425,4.451247,4.966947346238976,-0.515700346238976
1426,4.456,4.9731949952264785,-0.517194995226478
1427,4.4479294,4.979731558865264,-0.5318021588652648
1428,4.441025,4.986246758305409,-0.5452217583054093
1429,4.440773,4.99310757103584,-0.55233457103584
1430,4.4486694,5.000470695758753,-0.5518012957587528
1431,4.4697037,5.008145978126509,-0.5384422781265092
1432,4.5001144,5.0164799810556495,-0.5163655810556493
1433,4.5400696,5.0251432405061855,-0.48507364050618573
1434,4.5816193,5.03424137639613,-0.45262207639613017
1435,4.6248627,5.0439696381174395,-0.41910693811743904
1436,4.6695175,5.054123971129236,-0.38460647112923585
1437,4.714752,5.064862629841235,-0.3501106298412351
1438,4.758072,5.076044431330256,-0.3179724313302561
1439,4.7967377,5.087711603877095,-0.2909739038770942
1440,4.8301086,5.099791941100801,-0.2696833411008006
1441,4.8580933,5.1122507743444165,-0.2541574743444164
1442,4.882332,5.125075502019278,-0.24274350201927852
1443,4.9001236,5.138140428806521,-0.2380168288065212
1444,4.914879,5.151867783937247,-0.23698878393724687
1445,4.92424,5.1657451887295815,-0.24150518872958138
1446,4.9241333,5.1797225669917255,-0.25558926699172524
1447,4.8919373,5.194827007524934,-0.30288970752493327
1448,4.815132,5.2108083660545255,-0.3956763660545253
1449,4.7195663,5.224886244279313,-0.5053199442793126
1450,4.6320343,5.237576377669752,-0.6055420776697522
1451,4.571266,5.250059881039961,-0.6787938810399616
1452,4.5343094,5.262045589034345,-0.7277361890343457
1453,4.517151,5.274057989904652,-0.7569069899046514
1454,4.5245895,5.285232008093882,-0.7606425080938815
1455,4.5464096,5.29539418266802,-0.7489845826680206
1456,4.582863,5.30433722578817,-0.7214742257881701
1457,4.6285844,5.312857380292689,-0.6842729802926888
1458,4.674404,5.320863171636897,-0.6464591716368968
1459,4.722662,5.328135802596545,-0.6054738025965456
1460,4.772703,5.334603509927384,-0.5619005099273844
1461,4.8238745,5.3404463993829445,-0.5165718993829449
1462,4.87552,5.345922646119301,-0.47040264611930116
1463,4.92699,5.350713265012364,-0.4237232650123639
1464,4.977628,5.354422372524676,-0.3767943725246754
1465,5.0244827,5.358027613867293,-0.3335449138672928
1466,5.058815,5.360804838252241,-0.3019898382522408
1467,5.0889664,5.3633842673481755,-0.2744178673481752
1468,5.116722,5.365374082986359,-0.248652082986359
1469,5.1433334,5.366208240693035,-0.22287484069303432
1470,5.1597137,5.366554968825816,-0.20684126882581566
1471,5.1717224,5.367138009105608,-0.1954156091056074
1472,5.181259,5.368062412243809,-0.18680341224380914
1473,5.189789,5.3700379104159595,-0.18024891041595925
1474,5.192337,5.372871174202834,-0.18053417420283413
1475,5.1939087,5.377699142099976,-0.1837904420999763
1476,5.191559,5.382356051116723,-0.19079705111672318
1477,5.1866302,5.386268447813474,-0.19963824781347395
1478,5.1761703,5.3901809818765285,-0.2140106818765286
1479,5.1694717,5.391540972513863,-0.22206927251386333
1480,5.164345,5.391618551719764,-0.22727355171976438
1481,5.1596985,5.391652792730051,-0.23195429273005086
1482,5.154579,5.391452744328234,-0.23687374432823383
1483,5.148697,5.391263416856034,-0.2425664168560333
1484,5.1429596,5.391333359124229,-0.2483737591242292
1485,5.139229,5.393133158679498,-0.25390415867949745
1486,5.1392593,5.395746775655807,-0.2564874756558071
1487,5.1425705,5.39743767075408,-0.25486717075408016
1488,5.1462936,5.399774486309292,-0.25348088630929233
1489,5.154999,5.402328918382635,-0.24732991838263452
1490,5.1609955,5.404421539058534,-0.24342603905853366
1491,5.1899643,5.4064069533378705,-0.21644265333787072
1492,5.185692,5.40845557789073,-0.22276357789072954
1493,5.192787,5.410251953703221,-0.21746495370322094
1494,5.2007675,5.411406834385964,-0.21063933438596383
1495,5.206856,5.412266601533978,-0.20541060153397783
1496,5.20887,5.412615825489867,-0.2037458254898672
1497,5.2072983,5.412213850428763,-0.20491555042876364
1498,5.2047424,5.4113471968522395,-0.20660479685223976
1499,5.200989,5.409603415139809,-0.2086144151398095
1500,5.197998,5.406578007572819,-0.20858000757281925
1501,5.189415,5.402418734271475,-0.21300373427147434
1502,5.184662,5.397036731378343,-0.2123747313783424
1503,5.1864014,5.390357655451766,-0.20395625545176532
1504,5.184952,5.382326573661255,-0.19737457366125533
1505,5.1837234,5.372951743198238,-0.18922834319823778
1506,5.1816406,5.36225086752307,-0.18061026752307008
1507,5.1801376,5.350238792303702,-0.1701011923037017
1508,5.17115,5.3367851352804125,-0.16563513528041263
1509,5.1544266,5.321998898712531,-0.167572298712531
1510,5.136917,5.305806076707398,-0.16888907670739783
1511,5.121689,5.288259542378999,-0.1665705423789987
1512,5.1079636,5.269564418607054,-0.1616008186070541
1513,5.0961533,5.249725032281844,-0.1535717322818435
1514,5.0774918,5.228512293886114,-0.15102049388611416
1515,5.05233,5.20675789227977,-0.15442789227976927
1516,5.0217667,5.183887062202965,-0.16212036220296522
1517,4.9736557,5.159517087132587,-0.1858613871325865
1518,4.9000854,5.134373460455056,-0.23428806045505635
1519,4.801613,5.108531718954063,-0.306918718954063
1520,4.6954346,5.08216790865773,-0.38673330865773003
1521,4.597443,5.055277727562908,-0.4578347275629078
1522,4.508689,5.027947579449675,-0.5192585794496747
1523,4.424597,5.000346081558936,-0.5757490815589357
1524,4.3466253,4.972416344997288,-0.6257910449972872
1525,4.2762275,4.944291586070275,-0.6680640860702747
1526,4.214861,4.916079896095101,-0.7012188960951011
1527,4.163985,4.887820044526901,-0.7238350445269006
1528,4.1250515,4.859536896379902,-0.7344853963799025
1529,4.0908203,4.831576335369014,-0.7407560353690146
1530,4.0825577,4.8037116579782335,-0.7211539579782338
1531,4.061821,4.775666451389252,-0.7138454513892523
1532,4.0433655,4.747593015430846,-0.7042275154308459
1533,4.046936,4.719750137578831,-0.6728141375788317
1534,4.0676727,4.6921214055350005,-0.6244487055350003
1535,4.1042023,4.6649848783035885,-0.5607825783035887
1536,4.151245,4.638311725543017,-0.48706672554301633
1537,4.2027893,4.612317000417017,-0.4095277004170166
1538,4.255394,4.586804833639197,-0.33141083363919677
1539,4.298332,4.562455402411082,-0.2641234024110819
1540,4.3344803,4.538436964704336,-0.20395666470433582
1541,4.3493347,4.515114742734345,-0.16578004273434477
1542,4.3532867,4.493221792517512,-0.13993509251751224
1543,4.3494797,4.472503262499337,-0.12302356249933677
1544,4.349472,4.45304826611169,-0.10357626611169035
1545,4.3544693,4.435562897781844,-0.08109359778184455
1546,4.3572083,4.419543929358282,-0.06233562935828196
1547,4.347389,4.40464372843976,-0.05725472843976043
1548,4.3316803,4.392367242115938,-0.060686942115937725
1549,4.310707,4.381787331081523,-0.07108033108152334
1550,4.2980804,4.371980777691879,-0.07390037769187874
1551,4.2786255,4.363816831073357,-0.0851913310733563
1552,4.269272,4.356739938435727,-0.08746793843572664
1553,4.2626266,4.3510468862664675,-0.08842028626646758
1554,4.2617493,4.346483075411282,-0.0847337754112818
1555,4.2677,4.343031347101169,-0.0753313471011694
1556,4.273758,4.340939646543522,-0.06718164654352243
1557,4.2867966,4.3401062294621635,-0.05330962946216378
1558,4.307617,4.340608160524283,-0.032991160524283636
1559,4.32827,4.342057831429827,-0.01378783142982698
1560,4.3580704,4.3443771627880015,0.013693237211998444
1561,4.390068,4.347561586601682,0.04250641339831862
1562,4.4268646,4.351423704603129,0.07544089539687082
1563,4.459137,4.3567218207539895,0.10241517924601062
1564,4.48365,4.362919836895285,0.12073016310471463
1565,4.49527,4.369789648211191,0.12548035178880834
1566,4.4996643,4.377366150540429,0.12229814945957074
1567,4.4940796,4.385112930902882,0.10896666909711783
1568,4.479416,4.393061678999446,0.08635432100055329
1569,4.458542,4.400828740929361,0.0577132590706384
1570,4.438225,4.408343115455189,0.02988188454481122
1571,4.4145126,4.4159684288450505,-0.0014558288450503554
1572,4.3898163,4.423179362549174,-0.033363062549174316
1573,4.3713303,4.4311174317741875,-0.05978713177418715
1574,4.3582153,4.439238027920692,-0.08102272792069165
1575,4.350853,4.446846555783427,-0.09599355578342728
1576,4.33918,4.454298186480758,-0.11511818648075778
1577,4.3263397,4.4647821600087445,-0.13844246000874438
1578,4.306488,4.475293107819686,-0.16880510781968638
1579,4.2913437,4.482901310223326,-0.1915576102233265
1580,4.2783813,4.489735730227961,-0.21135443022796085
1581,4.264778,4.496141632261071,-0.23136363226107104
1582,4.2560577,4.501894362245649,-0.24583666224564826
1583,4.253151,4.507439108526344,-0.2542881085263442
1584,4.2496567,4.512715932979602,-0.263059232979602
1585,4.250847,4.51726736790795,-0.26642036790794954
1586,4.2540283,4.521315301887586,-0.2672870018875857
1587,4.259079,4.5246413416033135,-0.2655623416033137
1588,4.265991,4.5284083950770135,-0.2624173950770139
1589,4.275978,4.531894236343845,-0.25591623634384497
1590,4.2837296,4.533957644368664,-0.2502280443686642
1591,4.27829,4.5359320821846945,-0.2576420821846943
1592,4.282219,4.537622087066188,-0.2554030870661874
1593,4.272789,4.539274109203769,-0.266485109203769
1594,4.2596817,4.540805512576176,-0.28112381257617614
1595,4.2398834,4.541941265757452,-0.30205786575745197
1596,4.22097,4.54448698182201,-0.32351698182201005
1597,4.207329,4.5472904229926625,-0.33996142299266285
1598,4.203827,4.548804040430097,-0.3449770404300967
1599,4.2018585,4.5502656021217796,-0.3484071021217794
1600,4.2200394,4.5515629513712605,-0.33152355137126044
1601,4.242584,4.552951067217934,-0.3103670672179337
1602,4.2739716,4.554601386368518,-0.2806297863685181
1603,4.3116302,4.556355264126544,-0.24472506412654393
1604,4.3541718,4.558244906930381,-0.20407310693038117
1605,4.3961563,4.560224885606385,-0.16406858560638504
1606,4.4338837,4.562391803382651,-0.12850810338265095
1607,4.4584656,4.564746953012887,-0.10628135301288655
1608,4.481468,4.567299727932056,-0.08583172793205662
1609,4.4958954,4.569950880931984,-0.07405548093198355
1610,4.506798,4.5725586071889435,-0.06576060718894361
1611,4.511322,4.575339636969161,-0.06401763696916074
1612,4.512047,4.577957912827269,-0.06591091282726946
1613,4.5106964,4.5806049377171085,-0.06990853771710892
1614,4.504074,4.583452134083983,-0.0793781340839832
1615,4.511627,4.586809978384669,-0.07518297838466914
1616,4.507805,4.590241668063523,-0.08243666806352312
1617,4.5001373,4.593415065402566,-0.09327776540256671
1618,4.5009613,4.596882975461354,-0.0959216754613541
1619,4.500618,4.600595166909271,-0.09997716690927039
1620,4.4925156,4.604428650738096,-0.11191305073809588
1621,4.474861,4.608572786923961,-0.13371178692396146
1622,4.4438477,4.612976275078183,-0.16912857507818302
1623,4.4095764,4.617704335224931,-0.20812793522493145
1624,4.3753815,4.622682708647217,-0.24730120864721705
1625,4.3510666,4.627828151222637,-0.2767615512226369
1626,4.33934,4.63354353550472,-0.2942035355047201
1627,4.347023,4.639494764579575,-0.2924717645795747
1628,4.3486176,4.645495245515592,-0.29687764551559237
1629,4.359291,4.651714508172221,-0.29242350817222107
1630,4.376457,4.658004109044715,-0.28154710904471436
1631,4.3943634,4.664460628564262,-0.27009722856426244
1632,4.4142303,4.671050210083093,-0.25681991008309346
1633,4.4413834,4.67784787796636,-0.2364644779663596
1634,4.467247,4.684674656865552,-0.217427656865552
1635,4.4949493,4.691627369986129,-0.19667806998612924
1636,4.5248795,4.698563384220192,-0.17368388422019176
1637,4.555191,4.705421470765531,-0.1502304707655311
1638,4.582154,4.712141225459288,-0.12998722545928754
1639,4.5933785,4.71872702487676,-0.12534852487675963
1640,4.6028433,4.725145520343437,-0.12230222034343718
1641,4.6106052,4.731314472692706,-0.12070927269270548
1642,4.6193767,4.73713235383641,-0.11775565383640973
1643,4.630124,4.742478649546371,-0.11235464954637031
1644,4.6423864,4.748522732072232,-0.10613633207223128
1645,4.6557837,4.753929197895207,-0.09814549789520743
1646,4.6699367,4.757578964418083,-0.08764226441808276
1647,4.684466,4.760721853134735,-0.07625585313473504
1648,4.698993,4.7635785313438355,-0.06458553134383571
1649,4.713139,4.765777969770151,-0.052638969770151256
1650,4.726524,4.7673676270375855,-0.04084362703758515
1651,4.7387705,4.768530948098071,-0.0297604480980711
1652,4.749496,4.769255934452209,-0.01975993445220947
1653,4.7583227,4.7703252823640945,-0.012002582364094572
1654,4.7648716,4.77168624081306,-0.006814640813059825
1655,4.7753525,4.772168519912669,0.0031839800873312285
1656,4.7923584,4.771532812585663,0.020825587414337043
1657,4.8037033,4.770828638728709,0.032874661271290684
1658,4.8100357,4.770096083202876,0.03993961679712399
1659,4.8116074,4.769381542539095,0.042225857460905125
1660,4.80529,4.769470633595871,0.035819366404129305
1661,4.7987976,4.769524839960795,0.029272760039205536
1662,4.7847824,4.76911559333696,0.01566680666303988
1663,4.7676163,4.76898530124051,-0.0013690012405094265
1664,4.746765,4.769203804127693,-0.0224388041276935
1665,4.7271423,4.771716166329308,-0.04457386632930849
1666,4.7113876,4.774673545158911,-0.06328594515891073
1667,4.6984634,4.7761812169325655,-0.07771781693256585
1668,4.693619,4.777882417116725,-0.08426341711672514
1669,4.69104,4.780244039372634,-0.08920403937263366
1670,4.6905594,4.7831526799283175,-0.09259327992831778
1671,4.6950607,4.787313034552335,-0.09225233455233539
1672,4.7021484,4.791981641945293,-0.08983324194529363
1673,4.713806,4.796572023700541,-0.08276602370054142
1674,4.7313995,4.801555797937057,-0.07015629793705713
1675,4.7470627,4.806978045459291,-0.05991534545929156
1676,4.7760773,4.812969863119478,-0.03689256311947808
1677,4.79451,4.819535713236649,-0.025025713236649594
1678,4.807602,4.827151298506948,-0.019549298506947643
1679,4.817665,4.835374171754629,-0.01770917175462916
1680,4.8328934,4.843536754359153,-0.010643354359153534
1681,4.8442764,4.852173985233536,-0.00789758523353612
1682,4.8604355,4.861079395322974,-0.0006438953229732647
1683,4.8763275,4.8700454167426175,0.006282083257382887
1684,4.8957214,4.87942322674857,0.016298173251430015
1685,4.9181976,4.8891881898358465,0.029009410164153593
1686,4.940364,4.8992670165931385,0.0410969834068613
1687,4.9575605,4.909439388788491,0.04812111121150853
1688,4.9721394,4.919840121007358,0.05229927899264197
1689,4.9861493,4.930499341010431,0.05564995898956937
1690,5.0016418,4.941292542938817,0.06034925706118255
1691,5.0206656,4.952209967372827,0.06845563262717302
1692,5.0452724,4.963257187109765,0.08201521289023539
1693,5.0762863,4.974479070310804,0.10180722968919564
1694,5.0895615,4.985924619577519,0.10363688042248143
1695,5.1036453,4.997480513589367,0.1061647864106332
1696,5.1132507,5.009142886115291,0.10410781388470891
1697,5.122856,5.0209705558968905,0.10188544410310918
1698,5.130783,5.033228880833394,0.09755411916660606
1699,5.1362915,5.045635671997684,0.09065582800231553
1700,5.141205,5.058071232724868,0.08313376727513244
1701,5.145958,5.070773217284993,0.07518478271500761
1702,5.153618,5.083548147701125,0.07006985229887519
1703,5.163002,5.09650328066463,0.06649871933536922
1704,5.1683655,5.109606011761483,0.0587594882385174
1705,5.1674347,5.122730056554017,0.04470464344598302
1706,5.1502075,5.135894740796064,0.014312759203935599
1707,5.127449,5.14919633445768,-0.021747334457679734
1708,5.093521,5.164055942988372,-0.07053494298837215
1709,5.0742645,5.1790305844540585,-0.10476608445405855
1710,5.0510178,5.192227058639287,-0.1412092586392868
1711,5.0334244,5.2047928845717175,-0.17136848457171716
1712,5.019409,5.217109679231582,-0.1977006792315823
1713,5.007889,5.229122667411869,-0.22123366741186956
1714,5.00296,5.241159257944984,-0.2381992579449843
1715,5.001709,5.2527646588389585,-0.25105565883895853
1716,5.0062485,5.263477219890348,-0.2572287198903478
1717,5.013527,5.273736146937638,-0.26020914693763775
1718,5.0219955,5.283500451593589,-0.2615049515935892
1719,5.035301,5.292791854516419,-0.2574908545164192
1720,5.0496826,5.301520738748123,-0.25183813874812344
1721,5.0664062,5.309586547437409,-0.24318034743740835
1722,5.0808945,5.317014180230727,-0.23611968023072638
1723,5.087776,5.323884906795068,-0.23610890679506813
1724,5.086113,5.330513140851089,-0.24440014085108874
1725,5.083374,5.336568938226665,-0.25319493822666495
1726,5.0718765,5.341995164480483,-0.27011866448048316
1727,5.06028,5.347050874636801,-0.28677087463680095
1728,5.0408173,5.351613622444229,-0.3107963224442294
1729,5.015526,5.355959093024471,-0.3404330930244708
1730,4.9870453,5.359633841123689,-0.37258854112368844
1731,4.959305,5.362740261857943,-0.4034352618579433
1732,4.92778,5.365412704929808,-0.43763270492980766
1733,4.9021606,5.367756826341418,-0.4655962263414182
1734,4.887398,5.370110516106061,-0.48271251610606125
1735,4.8735886,5.372388569058824,-0.4987999690588243
1736,4.8618393,5.374073807629819,-0.5122345076298194
1737,4.860009,5.375140549112033,-0.5151315491120334
1738,4.861782,5.375911780371166,-0.5141297803711664
1739,4.86484,5.376666259909583,-0.5118262599095829
1740,4.86977,5.3775505607330745,-0.5077805607330745
1741,4.877159,5.378293623828423,-0.5011346238284231
1742,4.8875957,5.3790666724079355,-0.49147097240793514
1743,4.901666,5.379931773372222,-0.47826577337222265
1744,4.9375687,5.381258244728548,-0.4436895447285485
1745,4.9606934,5.382519852804363,-0.42182645280436315
1746,4.978882,5.384701063723365,-0.4058190637233654
1747,5.0010605,5.386234646421254,-0.3851741464212539
1748,5.024849,5.386388041015269,-0.361539041015269
1749,5.0480347,5.387397407788877,-0.33936270778887767
1750,5.074463,5.388822768555723,-0.31435976855572356
1751,5.0998764,5.390285108662243,-0.2904087086622429
1752,5.1234818,5.392203710804576,-0.26872191080457597
1753,5.1494904,5.394315651441839,-0.24482525144183853
1754,5.1746445,5.396731826526874,-0.22208732652687413
1755,5.197281,5.399100048389766,-0.2018190483897655
1756,5.2139816,5.402567162866986,-0.1885855628669857
1757,5.235306,5.405962224378451,-0.17065622437845107
1758,5.2509003,5.409194077015374,-0.15829377701537428
1759,5.2559967,5.413132647120743,-0.15713594712074297
1760,5.264984,5.417358736096362,-0.15237473609636165
1761,5.2742004,5.4212898855953755,-0.1470894855953757
1762,5.2805176,5.425135388641756,-0.14461778864175656
1763,5.2883453,5.429267110767061,-0.14092181076706112
1764,5.291832,5.433189433043948,-0.14135743304394754
1765,5.297661,5.436864488710411,-0.139203488710411
1766,5.3057404,5.439977620595826,-0.13423722059582577
1767,5.323822,5.443073025968915,-0.11925102596891524
1768,5.329094,5.446123220586001,-0.11702922058600063
1769,5.340225,5.449732559827839,-0.109507559827839
1770,5.359123,5.453747808961127,-0.09462480896112702
1771,5.373596,5.4572053653789405,-0.08360936537894048
1772,5.391609,5.460365699249069,-0.06875669924906891
1773,5.408287,5.463403098843636,-0.05511609884363633
1774,5.421501,5.466009466173205,-0.044508466173204475
1775,5.426697,5.4682155410336435,-0.04151854103364361
1776,5.4300537,5.469352277134364,-0.03929857713436391
1777,5.4313965,5.470146621107215,-0.03875012110721521
1778,5.4229813,5.470643496803511,-0.047662196803511137
1779,5.413666,5.471147241638534,-0.057481241638534186
1780,5.4080353,5.4717547278074505,-0.06371942780745066
1781,5.4054413,5.472298661208893,-0.06685736120889363
1782,5.399582,5.4715596411728455,-0.07197764117284589
1783,5.398735,5.4702015308601295,-0.07146653086012922
1784,5.3983917,5.4678011491852425,-0.06940944918524217
1785,5.3983765,5.464482293445149,-0.066105793445149
1786,5.399788,5.4603354372014845,-0.06054743720148448
1787,5.413666,5.455281068640509,-0.04161506864050857
1788,5.4142914,5.449413621955244,-0.03512222195524384
1789,5.4151764,5.442661024968814,-0.027484624968813876
1790,5.4170837,5.4348882186169645,-0.017804518616964415
1791,5.4215164,5.426125349328309,-0.004608949328309464
1792,5.427994,5.4164940428385675,0.011499957161432484
1793,5.481743,5.406066443152801,0.0756765568471991
1794,5.430176,5.394742513160075,0.03543348683992509
1795,5.428856,5.382971181516814,0.04588481848318526
1796,5.4321136,5.370515622218657,0.061597977781342905
1797,5.4457016,5.35675183525758,0.08894976474242
1798,5.445099,5.341870165131583,0.10322883486841672
1799,5.4448853,5.3257548678589055,0.11913043214109464
1800,5.4448013,5.308931938509092,0.1358693614909079
1801,5.443863,5.291586933840322,0.15227606615967826
1802,5.4391937,5.273324755067074,0.16586894493292537
1803,5.432884,5.253753194575993,0.1791308054240064
1804,5.424431,5.233045045132141,0.19138595486785892
1805,5.416786,5.211098079358904,0.20568792064109598
1806,5.401993,5.187887210948425,0.21410578905157518
1807,5.3850403,5.163422106140102,0.22161819385989823
1808,5.372734,5.137910320530882,0.23482367946911875
1809,5.35952,5.111452597847781,0.2480674021522189
1810,5.345314,5.083903719931176,0.26141028006882383
1811,5.333145,5.054976562994714,0.27816843700528615
1812,5.3186646,5.02509984097066,0.29356475902933976
1813,5.312042,4.993666290714919,0.31837570928508097
1814,5.2901,4.960616414172747,0.3294835858272531
1815,5.2589493,4.926082491350667,0.3328668086493334
1816,5.238678,4.890116128921199,0.3485618710788012
1817,5.221977,4.8526130851640765,0.36936391483592335
1818,5.2070465,4.813612700996237,0.39343379900376263
1819,5.1932907,4.773206503312739,0.42008419668726127
1820,5.1911087,4.7313475717106845,0.4597611282893155
1821,5.1742706,4.6878975643697345,0.48637303563026535
1822,5.168045,4.642949092650499,0.5250959073495016
1823,5.1645966,4.596607256913328,0.5679893430866727
1824,5.165756,4.549078770364188,0.6166772296358118
1825,5.170868,4.502538029928833,0.6683299700711665
1826,5.2103424,4.4553415075309974,0.7550008924690026
1827,5.1957474,4.404942606269342,0.7908047937306577
1828,5.19545,4.353967441751244,0.8414825582487557
1829,5.196007,4.303151838948888,0.892855161051112
1830,5.193611,4.252662975892451,0.9409480241075485
1831,5.1749344,4.203471681833795,0.9714627181662046
1832,5.145569,4.157948904125829,0.9876200958741714
1833,5.084915,4.113433672491297,0.9714813275087026
1834,5.0141983,4.067909279063898,0.9462890209361019
1835,4.937317,4.02447494992964,0.9128420500703598
1836,4.8604965,3.9834351830548482,0.8770613169451518
1837,4.800926,3.945431676175483,0.8554943238245167
1838,4.75692,3.9103429256683953,0.8465770743316048
1839,4.735939,3.8788048767351704,0.8571341232648297
1840,4.6912537,3.850787778083024,0.8404659219169757
1841,4.6587067,3.826466641893962,0.8322400581060378
1842,4.638878,3.8076042045105716,0.8312737954894285
1843,4.630005,3.7929045418456284,0.8371004581543713
1844,4.629631,3.7813322283984316,0.8482987716015682
1845,4.6517487,3.7741433073492807,0.877605392650719
1846,4.666397,3.770622083662402,0.8957749163375981
1847,4.6875687,3.771049761995342,0.9165189380046579
1848,4.716606,3.775240314809275,0.9413656851907248
1849,4.743843,3.783404160108963,0.9604388398910371
1850,4.7697144,3.7947934214140213,0.9749209785859785
1851,4.782753,3.811738141345362,0.9710148586546374
1852,4.7848053,3.832918058790142,0.9518872412098585
1853,4.7767944,3.854436808705861,0.9223575912941389
1854,4.762352,3.877381198053384,0.8849708019466158
1855,4.7520676,3.902677261890817,0.849390338109183
1856,4.738762,3.9299530940123564,0.808808905987644
1857,4.726433,3.959441300542867,0.7669916994571331
1858,4.715904,3.991984776028621,0.7239192239713792
1859,4.709152,4.026428441373389,0.6827235586266109
1860,4.7143097,4.061514012033786,0.652795687966214
1861,4.7147827,4.097734913856473,0.6170477861435266
1862,4.7294464,4.134868958589226,0.5945774414107738
1863,4.74115,4.172716563827727,0.5684334361722732
1864,4.762535,4.2180584694392556,0.5444765305607442
1865,4.783951,4.26571582024628,0.5182351797537201
1866,4.8099747,4.311145353763818,0.4988293462361817
1867,4.834976,4.352020436786797,0.48295556321320277
1868,4.860962,4.392818953544321,0.46814304645567884
1869,4.8852158,4.434509438870331,0.45070636112966866
1870,4.9121094,4.476119262864663,0.4359901371353372
1871,4.9350433,4.516774549220758,0.41826875077924264
1872,4.9585953,4.558472702404499,0.40012259759550073
1873,4.983673,4.602576178959152,0.3810968210408472
1874,5.0078278,4.643851181185203,0.3639766188147977
1875,5.026245,4.681596785238941,0.344648214761059
1876,5.0449905,4.7179409038883575,0.3270495961116424
1877,5.068924,4.7581184660665485,0.31080553393345145
1878,5.0857544,4.797597634307585,0.2881567656924151
1879,5.089521,4.836899715869047,0.25262128413095297
1880,5.0931115,4.867537350651672,0.2255741493483283
1881,5.0978737,4.897676295501499,0.20019740449850065
1882,5.104791,4.926679240010242,0.1781117599897577
1883,5.114847,4.9568977202644735,0.15794927973552664
1884,5.1290245,4.985580464410855,0.14344403558914465
1885,5.1483054,5.010870006742362,0.13743539325763798
1886,5.200432,5.034887511659651,0.16554448834034918
1887,5.229904,5.0575289673478085,0.17237503265219178
1888,5.2387924,5.07928641944277,0.1595059805572303
1889,5.2482758,5.099742742869729,0.14853305713027076
1890,5.2583313,5.119326408750609,0.13900489124939064
1891,5.2676926,5.137167539090672,0.1305250609093278
1892,5.2787857,5.1531782158873725,0.1256074841126278
1893,5.290825,5.168184497849174,0.12264050215082545
1894,5.2985077,5.184713265427896,0.11379443457210403
1895,5.3099976,5.200033189728558,0.10996441027144233
1896,5.324005,5.212851736793608,0.11115326320639163
1897,5.322084,5.22354795193867,0.0985360480613302
1898,5.3170614,5.233620559269339,0.08344084073066149
1899,5.310048,5.243039601543448,0.06700839845655171
1900,5.3021555,5.252009425936758,0.050146074063241564
1901,5.2944946,5.261126587890059,0.03336801210994089
1902,5.2881756,5.268871049257229,0.019304550742770488
1903,5.2843103,5.276468218305907,0.007842081694092506
1904,5.3264236,5.282752291215411,0.0436713087845888
1905,5.374466,5.2891781533081526,0.08528784669184741
1906,5.3924713,5.295185565723004,0.09728573427699683
1907,5.3987274,5.300709625504667,0.09801777449533322
1908,5.4034424,5.306166040803107,0.09727635919689348
1909,5.409439,5.311443823505029,0.09799517649497069
1910,5.4170837,5.317006712566577,0.10007698743342264
1911,5.4305725,5.322397462042244,0.10817503795775618
1912,5.4416428,5.327032300670504,0.11461049932949674
1913,5.4550934,5.331505590426104,0.12358780957389559
1914,5.4726715,5.335717712204702,0.13695378779529754
1915,5.4899445,5.339790854297004,0.15015364570299639
1916,5.5053787,5.343582593472055,0.16179610652794452
1917,5.519165,5.3469736351236286,0.17219136487637154
1918,5.5314407,5.350265885213811,0.18117481478618913
1919,5.539688,5.353369835461658,0.18631816453834205
1920,5.5454865,5.356240138950541,0.18924636104945858
1921,5.559616,5.3587380625130745,0.20087793748692562
1922,5.541847,5.360561875372917,0.1812851246270828
1923,5.539856,5.3619828797403475,0.17787312025965285
1924,5.5382233,5.363053165409136,0.17517013459086428
1925,5.5370407,5.364011725891779,0.17302897410822116
1926,5.5356293,5.364674888577297,0.17095441142270307
1927,5.5325394,5.364992809617411,0.1675465903825888
1928,5.52652,5.365402656999282,0.16111734300071756
1929,5.53006,5.365628396531517,0.16443160346848273
1930,5.4991684,5.365415545556338,0.13375285444366192
1931,5.478752,5.364993855196612,0.11375814480338775
1932,5.4645844,5.364345354598801,0.10023904540119855
1933,5.447571,5.363362981953833,0.08420801804616662
1934,5.440468,5.361888356387473,0.07857964361252723
1935,5.4366074,5.360396123926496,0.07621127607350342
1936,5.4387436,5.358983991370537,0.07975960862946252
1937,5.4410477,5.357511982766302,0.08353571723369857
1938,5.4460297,5.3560311640147455,0.08999853598525487
1939,5.4544907,5.354474814901621,0.10001588509837944
1940,5.4599,5.35302838432732,0.10687161567267989
1941,5.4675217,5.35166348840365,0.11585821159634957
1942,5.478302,5.3502377914687616,0.12806420853123868
1943,5.486679,5.348912186300515,0.13776681369948474
1944,5.4941483,5.34764624617279,0.14650205382721015
1945,5.5188904,5.346558329567104,0.1723320704328959
1946,5.5071945,5.345476510599825,0.16171798940017457
1947,5.5082016,5.344395184603445,0.1638064153965546
1948,5.5091705,5.343443420131705,0.1657270798682946
1949,5.5111847,5.342965324852361,0.16821937514763885
1950,5.503937,5.3418869475624735,0.16205005243752613
1951,5.5008926,5.3402228737017206,0.1606697262982797
1952,5.4984207,5.338464131741035,0.15995656825896454
1953,5.4917603,5.33644818497101,0.15531211502899023
1954,5.4836273,5.334198065152316,0.149429234847684
1955,5.4762344,5.33168288496677,0.14455151503323016
1956,5.4697723,5.329506289569659,0.1402660104303406
1957,5.4665527,5.326874759168134,0.13967794083186647
1958,5.4665527,5.3238497843647785,0.14270291563522175
1959,5.472107,5.320856683674787,0.15125031632521324
1960,5.471855,5.318812646604385,0.15304235339561512
1961,5.476776,5.314975697535681,0.16180030246431887
1962,5.482086,5.308653022713176,0.17343297728682394
1963,5.4844513,5.301529359519173,0.18292194048082688
1964,5.485237,5.293493407518145,0.19174359248185446
1965,5.486557,5.284577609560199,0.20197939043980107
1966,5.4915466,5.274862558242658,0.21668404175734235
1967,5.496872,5.2676036312647385,0.22926836873526124
1968,5.498497,5.259706943589119,0.23879005641088114
1969,5.5031815,5.247349751169387,0.2558317488306132
1970,5.507927,5.233907242204377,0.2740197577956227
1971,5.5183105,5.219723976722641,0.29858652327735946
1972,5.513427,5.204788368536398,0.3086386314636025
1973,5.4897227,5.18918007538783,0.3005426246121701
1974,5.4529076,5.173041172651158,0.2798664273488418
1975,5.411722,5.156615036886152,0.25510696311384784
1976,5.374908,5.139915640070363,0.2349923599296364
1977,5.3512044,5.124056604612234,0.22714779538776675
1978,5.3483047,5.108048241778343,0.24025645822165664
1979,5.3287888,5.0909176443369795,0.23787115566302042
1980,5.2857666,5.074005752162423,0.21176084783757698
1981,5.240036,5.057341044478885,0.18269495552111525
1982,5.2144775,5.040944853067488,0.1735326469325118
1983,5.195015,5.025468858188079,0.16954614181192085
1984,5.186615,5.010885221452305,0.17572977854769434
1985,5.179451,4.99662617924497,0.18282482075503026
1986,5.1672363,4.98260601608465,0.1846302839153502
1987,5.14373,4.969483598247927,0.17424640175207262
1988,5.1088104,4.957331818831451,0.15147858116854973
1989,5.0416565,4.94602667383096,0.09562982616904048
1990,4.977844,4.935791757156745,0.04205224284325482
1991,4.91671,4.9265347937840485,-0.009824793784048325
1992,4.866699,4.918162628599123,-0.05146362859912301
1993,4.8266907,4.910742016033883,-0.08405131603388227
1994,4.798126,4.904332286014193,-0.10620628601419302
1995,4.7845993,4.899154707120417,-0.11455540712041667
1996,4.7852955,4.894355334486426,-0.10905983448642598
1997,4.7872157,4.891876805530236,-0.10466110553023622
1998,4.7909107,4.890668908509229,-0.09975820850922901
1999,4.796931,4.889033370823656,-0.09210237082365591
2000,4.811882,4.887894491556599,-0.07601249155659939
2001,4.863632,4.887668661024889,-0.024036661024888772
2002,4.9014893,4.8881416709948375,0.013347629005162176
2003,4.93441,4.889166106791282,0.0452438932087178
2004,4.951744,4.8909979614718395,0.060746038528160184
2005,4.969649,4.8941448288415215,0.07550417115847896
2006,4.9785643,4.897657309127258,0.08090699087274267
2007,4.983756,4.901000027032909,0.08275597296709059
2008,4.9870276,4.904362595280329,0.08266500471967131
2009,4.9901834,4.907824359343874,0.08235904065612587
2010,4.995026,4.911825521457434,0.08320047854256618
2011,5.0033607,4.916149386347627,0.08721131365237333
2012,5.0181656,4.920546070002079,0.097619529997921
2013,5.0368805,4.925138776018613,0.11174172398138627
2014,5.057579,4.9302091604922555,0.12736983950774405
2015,5.0802,4.935296480420341,0.14490351957965864
2016,5.103752,4.940155983606854,0.16359601639314647
2017,5.1315765,4.944381165116719,0.1871953348832811
2018,5.1567,4.948054627992119,0.20864537200788114
2019,5.180519,4.9513707936662374,0.22914820633376287
2020,5.204468,4.9541241226268395,0.2503438773731608
2021,5.2250595,4.956066576996851,0.26899292300314936
2022,5.2411957,4.95784436520207,0.2833513347979295
2023,5.251816,4.958342714508797,0.2934732854912028
2024,5.2609787,4.958565950733961,0.3024127492660389
2025,5.263466,4.958260951782093,0.30520504821790695
2026,5.260803,4.958149897928248,0.3026531020717522
2027,5.2615433,4.957602627109801,0.30394067289019855
2028,5.28479,4.955412446732544,0.3293775532674559
2029,5.2658234,4.952089386125497,0.3137340138745035
2030,5.2638702,4.949184985200707,0.3146852147992938
2031,5.263321,4.946838572524867,0.3164824274751332
2032,5.263756,4.94366438898617,0.32009161101382944
2033,5.2609787,4.940421478727278,0.3205572212727219
2034,5.2587585,4.936625856250376,0.32213264374962414
2035,5.252533,4.932090083160053,0.32044291683994697
2036,5.2367554,4.926977165231751,0.30977823476824895
2037,5.221054,4.921326679717469,0.299727320282531
2038,5.206085,4.91570911172979,0.29037588827020944
2039,5.1916885,4.9097504298791685,0.28193807012083116
2040,5.1749115,4.903540610603854,0.2713708893961462
2041,5.1627274,4.896903625408138,0.2658237745918619
2042,5.137436,4.889803050901057,0.24763294909894285
2043,5.108368,4.882723943233582,0.2256440567664173
2044,5.077774,4.8763550363320975,0.20141896366790224
2045,5.0542526,4.869290880011918,0.18496171998808197
2046,5.0476456,4.8613519535393745,0.18629364646062552
2047,5.0416718,4.852618874499974,0.18905292550002528
2048,5.0460587,4.844097534779321,0.20196116522067875
2049,5.0591125,4.8345758476556195,0.2245366523443808
2050,5.076187,4.823981855535769,0.2522051444642308
2051,5.0882797,4.81232990086223,0.27594979913776996
2052,5.1094666,4.7999783684438455,0.3094882315561547
2053,5.1208725,4.786019085746665,0.3348534142533346
2054,5.1243134,4.771910333755853,0.35240306624414686
2055,5.117104,4.75604480947044,0.36105919052956015
2056,5.098887,4.737735130961881,0.36115186903811924
2057,5.0756874,4.718345732565291,0.3573416674347083
2058,5.0494113,4.6977923360614495,0.3516189639385505
2059,5.021966,4.676383098798695,0.34558290120130497
2060,4.995258,4.653719851553627,0.3415381484463724
2061,4.971192,4.63006722616665,0.34112477383335005
2062,4.9514923,4.6060887785829125,0.3454035214170874
2063,4.9330597,4.581527746437427,0.3515319535625734
2064,4.921402,4.556052925196531,0.36534907480346845
2065,4.9211044,4.530009483893092,0.3910949161069075
2066,4.929863,4.5039174399942015,0.42594556000579864
2067,4.9557266,4.478251859549016,0.47747474045098404
2068,4.9653244,4.451872965842963,0.5134514341570373
2069,5.0006256,4.42454286661234,0.5760827333876604
2070,5.0263596,4.397633924821991,0.6287256751780088
2071,5.055359,4.370920983252664,0.6844380167473361
2072,5.079544,4.3445653284302255,0.7349786715697748
2073,5.139366,4.31827502690623,0.8210909730937699
2074,5.126793,4.292768168429227,0.8340248315707735
2075,5.1168594,4.268260240043453,0.8485991599565468
2076,5.1247025,4.244933585416696,0.8797689145833036
2077,5.1316376,4.222570157810578,0.9090674421894223
2078,5.1444016,4.20190811427166,0.94249348572834
2079,5.153404,4.181479490084929,0.9719245099150715
2080,5.1618423,4.159865539300788,1.001976760699212
2081,5.165642,4.140085368059694,1.0255566319403062
2082,5.164421,4.121920048421826,1.042500951578174
2083,5.1452484,4.104980781832167,1.0402676181678325
2084,5.0983124,4.09002659911032,1.0082858008896798
2085,5.0463257,4.07601652515283,0.9703091748471699
2086,4.9722214,4.062336799528333,0.909884600471667
2087,4.9050293,4.049562037821506,0.855467262178494
2088,4.845848,4.037516385929284,0.808331614070716
2089,4.790306,4.026581210319848,0.7637247896801522
2090,4.7483425,4.01723681848135,0.7311056815186499
2091,4.7320013,4.009048417053045,0.7229528829469549
2092,4.718715,4.002421263163791,0.7162937368362092
2093,4.708325,3.996734708414585,0.7115902915854155
2094,4.700678,3.9920019264768065,0.7086760735231934
2095,4.6956153,3.9881830122540265,0.7074322877459736
2096,4.692978,3.985561425193879,0.7074165748061212
2097,4.701744,3.9841185863453026,0.7176254136546971
2098,4.7227097,3.9834048884631854,0.7393048115368148
2099,4.742485,3.9839726129785435,0.7585123870214567
2100,4.762787,3.985888781394748,0.7768982186052522
2101,4.7778015,3.9901632543146555,0.7876382456853444
2102,4.783798,3.996619885254355,0.7871781147456449
2103,4.7916183,4.003746214599866,0.7878720854001333
2104,4.7935333,4.012011458883288,0.781521841116712
2105,4.7961884,4.021438672432164,0.7747497275678361
2106,4.8053665,4.034795317292518,0.7705711827074815
2107,4.8144684,4.048845519584472,0.7656228804155276
2108,4.8440332,4.060907071532351,0.7831261284676492
2109,4.8736753,4.074386638838677,0.7992886611613237
2110,4.8986435,4.089172914365523,0.809470585634477
2111,4.919494,4.112429243285693,0.8070647567143077
2112,4.9367833,4.139059215051099,0.7977240849489009
2113,4.9510684,4.162343438468257,0.7887249615317424
2114,4.962905,4.183200822177694,0.7797041778223059
2115,4.9728494,4.20584633556379,0.76700306443621
2116,4.9814606,4.22863799790779,0.75282260209221
2117,4.989291,4.248960264577758,0.7403307354222415
2118,4.9968996,4.269609606964034,0.7272899930359662
2119,5.0048423,4.291054036448842,0.7137882635511579
2120,5.0136757,4.313180111532996,0.7004955884670041
2121,5.023956,4.336378515038253,0.6875774849617473
2122,5.034612,4.359962960269843,0.6746490397301574
2123,5.0446343,4.383816243705513,0.6608180562944872
2124,5.0532446,4.408765422038614,0.6444791779613865
2125,5.059519,4.434568029735546,0.6249509702644538
2126,5.0625324,4.461641193542426,0.6008912064575744
2127,5.073265,4.49062394490939,0.58264105509061
2128,5.0891495,4.520276612310569,0.5688728876894311
2129,5.10466,4.5505494392298225,0.5541105607701775
2130,5.1193085,4.580987693314231,0.5383208066857685
2131,5.1479263,4.610808741529742,0.5371175584702579
2132,5.1539307,4.639675908040551,0.5142547919594493
2133,5.1650696,4.667360117941169,0.4977094820588306
2134,5.1754,4.694432434461885,0.4809675655381147
2135,5.1911926,4.721146496008034,0.4700461039919661
2136,5.201927,4.746884027321707,0.4550429726782932
2137,5.2104263,4.771486960975025,0.43893933902497473
2138,5.219208,4.794365686726607,0.42484231327339295
2139,5.2229614,4.815353353371912,0.4076080466280878
2140,5.232979,4.835611300196727,0.39736769980327313
2141,5.2388153,4.855099204144763,0.38371609585523636
2142,5.244278,4.873786565378591,0.37049143462140943
2143,5.2560883,4.891324220555663,0.3647640794443374
2144,5.2547226,4.907790321311484,0.3469322786885156
2145,5.2615585,4.923277365403276,0.3382811345967234
2146,5.2653275,4.938860701859147,0.3264667981408529
2147,5.2710495,4.954918602902945,0.31613089709705555
2148,5.273018,4.968692702546599,0.30432529745340187
2149,5.27639,4.979924303297826,0.2964656967021737
2150,5.2781525,4.990177821604813,0.2879746783951873
2151,5.2787247,4.9994994704641496,0.27922522953585016
2152,5.2772903,5.008270927198287,0.2690193728017132
2153,5.2790604,5.016045529554922,0.2630148704450779
2154,5.28183,5.022957789203879,0.2588722107961212
2155,5.2854767,5.028914181940664,0.2565625180593365
2156,5.2918243,5.0338837702989325,0.2579405297010675
2157,5.296158,5.038015928585516,0.2581420714144844
2158,5.3031464,5.040818812535722,0.2623275874642781
2159,5.3107147,5.042218511752773,0.26849618824722743
2160,5.3155975,5.042309626610863,0.27328787338913685
2161,5.318756,5.041427125586276,0.27732887441372345
2162,5.324898,5.038721131335712,0.28617686866428826
2163,5.3252106,5.033751328185002,0.29145927181499776
2164,5.32312,5.0274282026910955,0.2956917973089048
2165,5.3208237,5.019522836233917,0.301300863766083
2166,5.315033,5.0101398137000865,0.30489318629991313
2167,5.306114,4.9990203729337965,0.30709362706620347
2168,5.2917404,4.98608704400406,0.3056533559959398
2169,5.273445,4.971905860338606,0.30153913966139356
2170,5.2659006,4.9566970259422085,0.30920357405779164
2171,5.240896,4.94018431072661,0.3007116892733901
2172,5.2040305,4.922294452814665,0.2817360471853352
2173,5.160214,4.903384990097236,0.2568290099027637
2174,5.1143565,4.883717117876439,0.23063938212356128
2175,5.0713663,4.863380227924428,0.20798607207557218
2176,5.036155,4.8425296790936905,0.19362532090630946
2177,4.9956512,4.821107628982011,0.17454357101798923
2178,4.9563217,4.799371953158972,0.15694974684102814
2179,4.924759,4.777465941659002,0.14729305834099815
2180,4.908737,4.755566847218066,0.15317015278193402
2181,4.90123,4.734775591231264,0.16645440876873607
2182,4.9068832,4.714475171551597,0.1924080284484031
2183,4.9222717,4.6936047589005945,0.2286669410994051
2184,4.9459457,4.673128659491072,0.2728170405089285
2185,4.970848,4.653198884874729,0.3176491151252714
2186,4.987999,4.634082874617665,0.3539161253823355
2187,4.995537,4.61532982159992,0.38020717840008
2188,4.9881287,4.596923486251154,0.39120521374884554
2189,4.968712,4.579554852620082,0.389157147379918
2190,4.9358597,4.562981013815466,0.3728786861845341
2191,4.903595,4.547626523817276,0.3559684761827242
2192,4.871147,4.5330947702126965,0.3380522297873032
2193,4.8492813,4.5190760310234594,0.3302052689765409
2194,4.8362503,4.5063727817198656,0.3298775182801341
2195,4.820549,4.494682804214696,0.32586619578530396
2196,4.7989817,4.484212376396483,0.3147693236035165
2197,4.775824,4.474870446139005,0.3009535538609951
2198,4.7524247,4.466363649093776,0.28606105090622336
2199,4.7302914,4.4589957365657,0.2712956634342998
2200,4.710931,4.452959457467612,0.2579715425323883
2201,4.695851,4.448626525392518,0.24722447460748231
2202,4.686559,4.445605799026216,0.2409532009737836
2203,4.6872635,4.443180978753331,0.24408252124666951
2204,4.6703033,4.441837839798534,0.2284654602014653
2205,4.64682,4.44181625878952,0.20500374121048015
2206,4.6282883,4.443501850596222,0.18478644940377809
2207,4.6244583,4.446430965320589,0.17802733467941056
2208,4.629425,4.449941000036325,0.1794839999636757
2209,4.651657,4.454067018359913,0.19758998164008723
2210,4.6669846,4.45871881863891,0.20826578136109042
2211,4.689995,4.463989045445605,0.22600595455439443
2212,4.718338,4.47008608896159,0.24825191103840982
2213,4.7418823,4.4777099120246335,0.2641723879753668
2214,4.7565994,4.486421224465998,0.27017817553400203
2215,4.767769,4.49522519702108,0.27254380297892045
2216,4.7718277,4.504417719771416,0.2674099802285843
2217,4.7718124,4.514156765853354,0.25765563414664605
2218,4.774811,4.524457387139044,0.25035361286095537
2219,4.7771683,4.535033788527577,0.2421345114724227
2220,4.788887,4.545947301914806,0.2429396980851939
2221,4.8026886,4.556608687705983,0.24607991229401716
2222,4.8196564,4.567657748899397,0.25199865110060315
2223,4.8417053,4.5791443266517255,0.26256097334827455
2224,4.8594055,4.590891552615968,0.2685139473840321
2225,4.878952,4.603727494293019,0.27522450570698087
2226,4.8945007,4.616359522141562,0.27814117785843795
2227,4.9089966,4.629067276545833,0.27992932345416666
2228,4.927109,4.641670806763185,0.2854381932368151
2229,4.9442673,4.654182664871077,0.290084635128923
2230,4.960808,4.666428596384222,0.2943794036157783
2231,4.9762726,4.678537676274,0.29773492372599986
2232,4.987976,4.690917515533082,0.29705848446691796
2233,5.0026627,4.703132707668925,0.2995299923310748
2234,5.016182,4.7143812966372085,0.3018007033627912
2235,5.0303955,4.725570024179224,0.3048254758207758
2236,5.048538,4.736512726434278,0.3120252735657214
2237,5.065506,4.747131089333636,0.31837491066636403
2238,5.082657,4.756984300073555,0.32567269992644476
2239,5.100662,4.76615843583678,0.3345035641632199
2240,5.112709,4.774717798593836,0.33799120140616346
2241,5.1228485,4.783435587341167,0.3394129126588332
2242,5.125023,4.792859351961256,0.332163648038744
2243,5.124954,4.801526887082592,0.32342711291740756
2244,5.122032,4.809326760107307,0.3127052398926926
2245,5.112221,4.816633396042686,0.29558760395731376
2246,5.1057816,4.823986164867998,0.2817954351320022
2247,5.098671,4.831460352336239,0.26721064766376124
2248,5.0955505,4.8384665153586655,0.2570839846413344
2249,5.0914307,4.844262659636089,0.2471680403639107
2250,5.088562,4.8496132307781075,0.23894876922189212
2251,5.082016,4.854769682517755,0.227246317482245
2252,5.070709,4.859700868714136,0.2110081312858636
2253,5.0574875,4.864312441831103,0.19317505816889646
2254,5.044014,4.868553268901309,0.1754607310986911
2255,5.0335693,4.87258399602556,0.16098530397443955
2256,5.0292587,4.876327541359734,0.15293115864026596
2257,5.0259857,4.879917206035338,0.1460684939646617
2258,5.023041,4.883094653513566,0.13994634648643434
2259,5.016426,4.88578498201451,0.13064101798549022
2260,5.0108795,4.888213758041182,0.12266574195881752
2261,5.002281,4.890260087556455,0.11202091244354495
2262,4.990753,4.8917865093965265,0.09896649060347329
2263,4.9770126,4.892612605105734,0.08439999489426597
2264,4.9628067,4.8922759558919,0.07053074410810023
2265,4.9497833,4.891268189048698,0.05851511095130224
2266,4.9417496,4.889444169680134,0.052305430319865565
2267,4.939682,4.886858021584459,0.05282397841554154
2268,4.942116,4.8836877502778595,0.05842824972214089
2269,4.9502487,4.879468404607715,0.07078029539228581
2270,4.9637527,4.874371043039799,0.0893816569602004
2271,4.9772687,4.868458938070847,0.10880976192915259
2272,4.9883714,4.861488909544127,0.1268824904558734
2273,4.998995,4.853553887615994,0.14544111238400603
2274,5.0088387,4.844695228548191,0.1641434714518093
2275,5.0176044,4.834936634007866,0.18266776599213408
2276,5.024992,4.82432205060954,0.20066994939046
2277,5.030701,4.813170996613014,0.2175300033869858
2278,5.034433,4.8015370929629455,0.23289590703705443
2279,5.0358872,4.789265966492096,0.24662123350790477
2280,5.008896,4.776550007297093,0.232345992702907
2281,4.9767914,4.763516269194583,0.2132751308054166
2282,4.9571915,4.750581533936934,0.20660996606306625
2283,4.9332657,4.737796956974627,0.19546874302537276
2284,4.9272156,4.724646330493206,0.20256926950679421
2285,4.9302597,4.711254303164457,0.21900539683554232
2286,4.940613,4.698217198388939,0.24239580161106122
2287,4.9675446,4.6856354530163,0.2819091469837005
2288,4.9712524,4.673463190313085,0.2977892096869148
2289,4.9657288,4.661852653518419,0.30387614648158134
2290,4.9601593,4.6509807007091855,0.3091785992908145
2291,4.953636,4.640768653012107,0.3128673469878933
2292,4.944298,4.631467414248819,0.31283058575118083
2293,4.9373703,4.623135721451726,0.3142345785482741
2294,4.92997,4.615526846051137,0.31444315394886324
2295,4.919533,4.608612007489804,0.3109209925101961
2296,4.9055634,4.602982770590916,0.3025806294090838
2297,4.895836,4.597937786026928,0.29789821397307215
2298,4.8907776,4.593958398093316,0.29681920190668354
2299,4.8892136,4.591021505027459,0.2981920949725403
2300,4.883072,4.589096655888569,0.29397534411143145
2301,4.8692017,4.587622512029393,0.2815791879706069
2302,4.8385696,4.587003713874017,0.25156588612598263
2303,4.8053284,4.5872209366876415,0.21810746331235809
2304,4.762062,4.588145890185096,0.17391610981490402
2305,4.730171,4.589827693398633,0.14034330660136707
2306,4.701294,4.592071870429318,0.10922212957068211
2307,4.6763687,4.59510350595428,0.08126519404572008
2308,4.6622086,4.598739217144951,0.06346938285504855
2309,4.648918,4.602907067716194,0.04601093228380648
2310,4.6408386,4.607516538134474,0.03332206186552611
2311,4.6375732,4.612541654687418,0.025031545312582004
2312,4.6390915,4.618309261124823,0.02078223887517705
2313,4.6449738,4.624441723282493,0.02053207671750723
2314,4.659416,4.630515000563628,0.028900999436372032
2315,4.6788177,4.636755766274287,0.042061933725713097
2316,4.700905,4.643140757812879,0.05776424218712073
2317,4.720558,4.649965568015053,0.07059243198494691
2318,4.7410355,4.656975195325633,0.08406030467436665
2319,4.7565536,4.663652263580237,0.0929013364197635
2320,4.7717514,4.67029526472475,0.10145613527525033
2321,4.7872086,4.676840693687655,0.11036790631234439
2322,4.793129,4.683455555710263,0.10967344428973735
2323,4.8048706,4.689915067354342,0.11495553264565839
2324,4.8201523,4.696247704157426,0.12390459584257396
2325,4.8309402,4.703816378826979,0.12712382117302035
2326,4.8314285,4.710693498102184,0.12073500189781594
2327,4.8373795,4.715206201227338,0.12217329877266181
2328,4.8429947,4.720567163293692,0.1224275367063079
2329,4.8499985,4.726072516079587,0.12392598392041254
2330,4.8720474,4.730778639305608,0.1412687606943912
2331,4.8799286,4.735345021298389,0.14458357870161098
2332,4.891533,4.739902430879568,0.1516305691204316
2333,4.905403,4.744329204946921,0.1610737950530785
2334,4.921463,4.749039980497771,0.17242301950222938
2335,4.9395065,4.7536190404937875,0.18588745950621277
2336,4.9576874,4.757813874624202,0.19987352537579817
2337,4.9730453,4.762031603056354,0.21101369694364625
2338,4.9848175,4.766315637739766,0.21850186226023371
2339,4.990921,4.770268678114332,0.22065232188566775
2340,4.996582,4.774026326639981,0.22255567336001914
2341,5.0024414,4.77915717972752,0.22328422027248074
2342,5.006447,4.784827795079021,0.22161920492097842
2343,5.0363007,4.7891189680670925,0.2471817319329075
2344,5.030319,4.793141365161023,0.2371776348389778
2345,5.0338364,4.797051980381433,0.23678441961856755
2346,5.0384216,4.80091392053419,0.23750767946581064
2347,5.0563354,4.80474812592176,0.2515872740782399
2348,5.0680695,4.808478903598032,0.259590596401968
2349,5.0861435,4.811881663513068,0.27426183648693225
2350,5.103325,4.815106343711238,0.28821865628876164
2351,5.115349,4.818256353859194,0.2970926461408059
2352,5.1271515,4.821279275739211,0.3058722242607894
2353,5.140999,4.8241662586217045,0.3168327413782954
2354,5.161438,4.8268945965555545,0.3345434034444459
2355,5.1625214,4.829574031305392,0.33294736869460806
2356,5.164421,4.832166905608071,0.33225409439192877
2357,5.1717606,4.834872644874987,0.3368879551250128
2358,5.1724854,4.837551057190646,0.33493434280935386
2359,5.1783524,4.84014695826416,0.33820544173583933
2360,5.1864724,4.842875117213302,0.343597282786698
2361,5.1934204,4.845685935909649,0.347734464090351
2362,5.199714,4.8500451032388066,0.3496688967611936
2363,5.205873,4.854546161211353,0.3513268387886477
2364,5.212415,4.857473552013043,0.35494144798695704
2365,5.219858,4.860534866767667,0.35932313323233345
2366,5.228721,4.863730008544077,0.3649909914559233
2367,5.2390823,4.867097810817424,0.37198448918257565
2368,5.2426987,4.870674057872317,0.37202464212768316
2369,5.2427063,4.874512957823697,0.36819334217630306
2370,5.244316,4.878023662572208,0.366292337427792
2371,5.2502213,4.881211488913661,0.3690098110863387
2372,5.2515182,4.884590437744736,0.3669277622552638
2373,5.254799,4.888121555368976,0.3666774446310246
2374,5.285797,4.891580343131922,0.3942166568680774
2375,5.277115,4.895100224291676,0.3820147757083241
2376,5.2804794,4.898720577366306,0.3817588226336941
2377,5.2837143,4.902395933651212,0.381318366348788
2378,5.2893143,4.906155165520172,0.3831591344798282
2379,5.2893143,4.909811100475233,0.3795031995247671
2380,5.286087,4.913179794403361,0.3729072055966389
2381,5.2836304,4.917154974518528,0.3664754254814717
2382,5.28421,4.921092983114962,0.36311701688503817
2383,5.2812576,4.923914815687364,0.3573427843126362
2384,5.2806473,4.9258137446787424,0.3548335553212576
2385,5.275131,4.928312452534513,0.346818547465487
2386,5.277725,4.930670496155554,0.34705450384444614
2387,5.273567,4.931839084374784,0.3417279156252162
2388,5.286934,4.933035625966485,0.35389837403351443
2389,5.258072,4.93398159601936,0.32409040398064004
2390,5.246811,4.934287515603004,0.31252348439699595
2391,5.2379303,4.935826528112459,0.30210377188754123
2392,5.227768,4.936122368017062,0.2916456319829379
2393,5.2190247,4.933925324119636,0.28509937588036394
2394,5.218109,4.931519020224407,0.2865899797755933
2395,5.217346,4.9289172759530455,0.2884287240469545
2396,5.2196655,4.92627023933861,0.29339526066138966
2397,5.2217407,4.923582755107327,0.2981579448926732
2398,5.229645,4.921003157867423,0.3086418421325767
2399,5.238098,4.918417351387896,0.31968064861210355
2400,5.2437744,4.915859630607586,0.3279147693924145
2401,5.246773,4.913470672881721,0.3333023271182789
2402,5.248314,4.91120624838243,0.33710775161756956
2403,5.2474747,4.9092746812538355,0.33820001874616423
2404,5.244232,4.907572274742269,0.33665972525773125
2405,5.233307,4.905987284631809,0.3273197153681906
2406,5.2241287,4.904646306615882,0.319482393384118
2407,5.2144775,4.903603082177642,0.31087441782235814
2408,5.216278,4.90293132855411,0.3133466714458901
2409,5.1999664,4.902488748575894,0.2974776514241064
2410,5.1873474,4.902217537415504,0.2851298625844958
2411,5.1776505,4.902268073650307,0.2753824263496938
2412,5.1715164,4.902824203587051,0.2686921964129487
2413,5.167305,4.903945032675899,0.26335996732410116
2414,5.170456,4.904491907936142,0.2659640920638573
2415,5.173126,4.904598221841834,0.2685277781581661
2416,5.1786804,4.904971389472119,0.273709010527881
2417,5.1807632,4.905503448522002,0.2752597514779982
2418,5.1858063,4.906247531506729,0.27955876849327144
2419,5.193756,4.907028515357358,0.28672748464264153
2420,5.2009506,4.907664737165224,0.2932858628347761
2421,5.206291,4.908456191293244,0.2978348087067566
2422,5.2106476,4.909114224767899,0.30153337523210055
2423,5.2093735,4.909601671950053,0.2997718280499466
2424,5.2042923,4.910088124145501,0.29420417585449865
2425,5.1857758,4.910318789691194,0.27545701030880565
2426,5.165184,4.912960512109917,0.25222348789008286
2427,5.1421967,4.915747241681225,0.2264494583187755
2428,5.1184998,4.916246498640009,0.20225330135999098
2429,5.0954514,4.916619724379191,0.17883167562080882
2430,5.0743713,4.916672090391103,0.15769920960889738
2431,5.051689,4.9165887102789245,0.13510028972107513
2432,5.032234,4.916450288215431,0.11578371178456859
2433,5.0165863,4.916368625298752,0.10021767470124843
2434,5.006485,4.916257846098798,0.09022715390120162
2435,4.9961853,4.916105543517054,0.08007975648294519
2436,4.976776,4.916061271416493,0.06071472858350724
2437,4.936432,4.916073089113399,0.02035891088660069
2438,4.875328,4.9163483762528495,-0.04102037625284982
2439,4.804367,4.916570412782774,-0.11220341278277424
2440,4.740181,4.916625728323676,-0.17644472832367608
2441,4.685196,4.916562245046478,-0.23136624504647774
2442,4.6410446,4.916298911078086,-0.2752543110780863
2443,4.6037445,4.9158558025318415,-0.31211130253184116
2444,4.574394,4.915009409474282,-0.3406154094742826
2445,4.5501633,4.913625434565502,-0.363462134565502
2446,4.526909,4.91220861201478,-0.38529961201478
2447,4.5163803,4.91032443061304,-0.3939441306130398
2448,4.5117188,4.90773689733684,-0.39601809733684057
2449,4.5118027,4.904361767653602,-0.39255906765360216
2450,4.517189,4.899937966217492,-0.3827489662174921
2451,4.524452,4.895004063646965,-0.370552063646965
2452,4.538437,4.88961614202025,-0.3511791420202499
2453,4.553177,4.883817090310245,-0.3306400903102453
2454,4.5731506,4.8775154707159,-0.3043648707158999
2455,4.5949173,4.870905265676407,-0.27598796567640704
2456,4.616455,4.863715579296132,-0.24726057929613177
2457,4.6389084,4.855862761067271,-0.21695436106727062
2458,4.665535,4.8476198322857185,-0.18208483228571826
2459,4.6909943,4.838896319149873,-0.147902019149873
2460,4.712288,4.828744988858783,-0.11645698885878275
2461,4.7160263,4.817858786590227,-0.1018324865902267
2462,4.711479,4.807208217894782,-0.09572921789478261
2463,4.6964645,4.796854149594486,-0.1003896495944856
2464,4.6726227,4.786549362848314,-0.11392666284831421
2465,4.636917,4.775995868864357,-0.13907886886435694
2466,4.575432,4.765304558977026,-0.18987255897702582
2467,4.5008774,4.754236386816477,-0.25335898681647695
2468,4.427353,4.743074511592604,-0.31572151159260375
2469,4.3603134,4.731821620378251,-0.37150822037825115
2470,4.3012543,4.720474698165487,-0.4192203981654865
2471,4.2587204,4.709017632806596,-0.45029723280659617
2472,4.226158,4.697390411635254,-0.4712324116352544
2473,4.19915,4.685937229288852,-0.48678722928885154
2474,4.1805725,4.674803567283142,-0.4942310672831418
2475,4.173462,4.663905303196791,-0.4904433031967912
2476,4.1754804,4.6535767277410285,-0.47809632774102884
2477,4.1797976,4.643986174671485,-0.46418857467148555
2478,4.186273,4.635325364801535,-0.44905236480153476
2479,4.194765,4.627357938797887,-0.43259293879788707
2480,4.205132,4.620016531208516,-0.4148845312085161
2481,4.217233,4.613962237887735,-0.39672923788773495
2482,4.2309265,4.609253634695343,-0.3783271346953434
2483,4.2261505,4.606111536070242,-0.3799610360702417
2484,4.2101517,4.604119773593832,-0.39396807359383246
2485,4.1965637,4.603081025113747,-0.4065173251137475
2486,4.191658,4.602937523110065,-0.411279523110065
2487,4.199852,4.6038980198953965,-0.40404601989539657
2488,4.2159195,4.608988249093626,-0.39306874909362577
2489,4.2379,4.615190786060018,-0.3772907860600183
2490,4.271332,4.6200900053080245,-0.34875800530802437
2491,4.308586,4.6251543093292105,-0.31656830932921043
2492,4.3488235,4.630947208701796,-0.28212370870179626
2493,4.3791885,4.638885248358087,-0.2596967483580874
2494,4.4015427,4.648688625662583,-0.24714592566258275
2495,4.421715,4.657148227001959,-0.235433227001959
2496,4.4318466,4.664137352808986,-0.2322907528089857
2497,4.4438934,4.6705581107017,-0.2266647107016997
2498,4.4594574,4.676400740475531,-0.216943340475531
2499,4.4749756,4.68115577221681,-0.2061801722168104
2500,4.4972763,4.684633921436208,-0.18735762143620782
2501,4.5271606,4.68780358691406,-0.16064298691405998
2502,4.5570984,4.6898341889927835,-0.13273578899278338
2503,4.5844803,4.690396354064927,-0.10591605406492732
2504,4.6044083,4.689982413868806,-0.0855741138688062
2505,4.5975037,4.691248548479475,-0.09374484847947517
2506,4.5811768,4.693275865083695,-0.11209906508369549
2507,4.5466843,4.693935725591719,-0.147251425591719
2508,4.52108,4.694897979303537,-0.1738179793035366
2509,4.5080185,4.695782968535734,-0.18776446853573336
2510,4.5054245,4.696450262733321,-0.19102576273332073
2511,4.5114822,4.697084121910996,-0.18560192191099656
2512,4.531601,4.69820081298679,-0.1665998129867896
2513,4.555702,4.699461457919902,-0.1437594579199022
2514,4.5855484,4.700331509764299,-0.11478310976429817
2515,4.616997,4.701515009598334,-0.08451800959833466
2516,4.643425,4.702092086282434,-0.05866708628243433
2517,4.670021,4.702064360360673,-0.03204336036067268
2518,4.678299,4.702792049829075,-0.024493049829074742
2519,4.668022,4.7042872218869904,-0.03626522188699077
2520,4.641556,4.706055375887836,-0.06449937588783605
2521,4.615822,4.708575685367145,-0.09275368536714534
2522,4.585083,4.711614812409281,-0.12653181240928113
2523,4.565094,4.715334033241157,-0.15024003324115665
2524,4.5571136,4.719529227255011,-0.1624156272550108
2525,4.5557404,4.724922884989796,-0.16918248498979604
2526,4.5597076,4.730491458072747,-0.17078385807274632
2527,4.5632095,4.734327875888789,-0.17111837588878842
2528,4.566246,4.7376828710066725,-0.17143687100667293
2529,4.5713654,4.741862195519704,-0.17049679551970343
2530,4.5794144,4.746613298993221,-0.16719889899322116
2531,4.5912857,4.752607245316262,-0.16132154531626153
2532,4.6126814,4.761089694958917,-0.1484082949589176
2533,4.6302967,4.771405688981085,-0.14110898898108548
2534,4.645105,4.779908748944048,-0.1348037489440479
2535,4.658737,4.788002247704598,-0.12926524770459746
2536,4.6728234,4.794709992510963,-0.1218865925109629
2537,4.6889954,4.800463073410498,-0.11146767341049824
2538,4.7088842,4.806088351819443,-0.09720415181944286
2539,4.7341204,4.811138907253927,-0.07701850725392667
2540,4.7632217,4.8158059967137286,-0.05258429671372866
2541,4.765236,4.820452162668757,-0.055216162668757285
2542,4.7486725,4.824599260604609,-0.07592676060460946
2543,4.731735,4.829440023196424,-0.09770502319642471
2544,4.7213135,4.835654313557201,-0.11434081355720149
2545,4.7185593,4.840997932493147,-0.12243863249314746
2546,4.7226715,4.84458645059086,-0.12191495059086055
2547,4.734024,4.847622227761567,-0.11359822776156747
2548,4.7545166,4.850119569614104,-0.09560296961410408
2549,4.7764053,4.852637065502206,-0.07623176550220556
2550,4.802429,4.854057424011145,-0.05162842401114531
2551,4.8271637,4.854241606728205,-0.02707790672820476
2552,4.84626,4.853381867984925,-0.007121867984925423
2553,4.8542023,4.851794038046736,0.002408261953263491
2554,4.860504,4.85134413923832,0.009159860761680072
2555,4.8636856,4.851624989837723,0.012060610162277108
2556,4.8634567,4.850932164014328,0.012524535985672713
2557,4.855034,4.849792529776542,0.005241470223458222
2558,4.8438263,4.84826197601629,-0.004435676016290024
2559,4.828659,4.8469500041997575,-0.018291004199757488
2560,4.814522,4.844971136539544,-0.030449136539544064
2561,4.7963104,4.842257806417603,-0.04594740641760264
2562,4.7666016,4.838967233334575,-0.07236563333457458
2563,4.7272873,4.835417599321514,-0.10813029932151341
2564,4.6805344,4.831969628606712,-0.15143522860671244
2565,4.638298,4.828034200345519,-0.18973620034551875
2566,4.6076584,4.823428086518198,-0.21576968651819772
2567,4.5881805,4.818814458510152,-0.23063395851015223
2568,4.5797043,4.814835954599975,-0.2351316545999742
2569,4.579735,4.811665776378943,-0.23193077637894266
2570,4.586342,4.808432554510387,-0.22209055451038662
2571,4.5896835,4.805177219644664,-0.21549371964466424
2572,4.597809,4.802154499136636,-0.20434549913663602
2573,4.6112823,4.798991430251486,-0.18770913025148594
2574,4.628708,4.796424404816836,-0.16771640481683647
2575,4.648674,4.793724003084027,-0.1450500030840276
2576,4.6783524,4.790727171098627,-0.11237477109862759
2577,4.707199,4.788441893713463,-0.08124289371346283
2578,4.740486,4.787082527021661,-0.04659652702166106
2579,4.770363,4.786532521943383,-0.01616952194338328
2580,4.8018646,4.786240944867986,0.015623655132014136
2581,4.824463,4.786060770939077,0.03840222906092272
2582,4.849266,4.785965598387275,0.06330040161272521
2583,4.8675156,4.786038849430419,0.08147675056958104
2584,4.8882904,4.786639337663623,0.10165106233637644
2585,4.906479,4.788387896001376,0.11809110399862366
2586,4.922554,4.789996658283262,0.13255734171673783
2587,4.945183,4.792014736880298,0.153168263119702
2588,4.9683685,4.794487708042782,0.1738807919572185
2589,4.988266,4.797162800581595,0.19110319941840537
2590,5.0097885,4.7997781429403235,0.21001035705967652
2591,5.0235825,4.802294795365324,0.22128770463467617
2592,5.0437317,4.804756292210532,0.2389754077894688
2593,5.055847,4.80713193347821,0.24871506652178965
2594,5.0657425,4.810251693530544,0.25549080646945566
2595,5.075058,4.813690545182681,0.2613674548173197
2596,5.0818634,4.815540643328649,0.2663227566713502
2597,5.091156,4.818599440106238,0.2725565598937614
2598,5.0907974,4.822772941363665,0.26802445863633473
2599,5.08535,4.828043148198568,0.25730685180143187
2600,5.073288,4.833395173180126,0.23989282681987412
2601,5.0584564,4.838638827992572,0.21981757200742802
2602,5.05353,4.8447598633973925,0.2087701366026078
2603,5.0530005,4.8514282351893865,0.20157226481061308
2604,5.0521035,4.858813821247953,0.1932896787520475
2605,5.051009,4.867636358611053,0.1833726413889467
2606,5.049886,4.878283781253293,0.171602218746707
2607,5.048905,4.889433496770512,0.15947150322948822
2608,5.048234,4.900592345030204,0.14764165496979587
2609,5.060051,4.911888125012923,0.1481628749870767
2610,5.1252823,4.923434170768046,0.20184812923195405
2611,5.155655,4.935799983490341,0.21985501650965933
2612,5.17247,4.948947266083684,0.22352273391631527
2613,5.1897583,4.9607915813588095,0.22896671864119078
2614,5.20652,4.973745665078991,0.23277433492100918
2615,5.2204437,4.987660941561026,0.2327827584389741
2616,5.238365,5.000874162424988,0.23749083757501221
2617,5.2529907,5.014009182625111,0.2389815173748886
2618,5.26828,5.027446671559561,0.2408333284404387
2619,5.28434,5.0412546443428266,0.2430853556571737
2620,5.2992706,5.055097584761381,0.24417301523861923
2621,5.312523,5.068320394548733,0.24420260545126649
2622,5.323799,5.08108249455703,0.24271650544296985
2623,5.333969,5.093676310349118,0.24029268965088146
2624,5.345871,5.1065643039048085,0.23930669609519128
2625,5.3493576,5.118762877327463,0.2305947226725369
2626,5.353218,5.130278366810222,0.22293963318977816
2627,5.357422,5.141136451239335,0.21628554876066453
2628,5.3568954,5.150556972475143,0.20633842752485698
2629,5.357727,5.1590282916980215,0.19869870830197822
2630,5.358124,5.165994923351455,0.19212907664854484
2631,5.356827,5.171410161089977,0.18541683891002325
2632,5.35849,5.175002714913795,0.18348728508620482
2633,5.3622284,5.177199646538775,0.18502875346122494
2634,5.3700943,5.177861799954499,0.19223250004550074
2635,5.374687,5.1769621254751765,0.19772487452482324
2636,5.38179,5.1743991245446,0.20739087545539991
2637,5.391121,5.170507018015554,0.22061398198444593
2638,5.396103,5.165352082329858,0.2307509176701421
2639,5.3989105,5.15881044062469,0.24010005937530998
2640,5.3961105,5.150713784141248,0.24539671585875222
2641,5.38842,5.141308483818329,0.24711151618167104
2642,5.375984,5.130769990625007,0.24521400937499305
2643,5.3632226,5.119071732584789,0.24415086741521108
2644,5.335245,5.106597629573924,0.2286473704260752
2645,5.2961226,5.093479988996905,0.20264261100309522
2646,5.2507453,5.079524174811739,0.1712211251882616
2647,5.2040043,5.064917528992266,0.13908677100773392
2648,5.1607866,5.049530499585041,0.11125610041495904
2649,5.125984,5.0341071364852645,0.09187686351473534
2650,5.1044865,5.017857835922609,0.08662866407739145
2651,5.09066,5.000227225608674,0.09043277439132602
2652,5.049881,4.98189697397606,0.06798402602394038
2653,4.972534,4.962589610628809,0.009944389371190354
2654,4.9337616,4.942753847711725,-0.008992247711725021
2655,4.9130096,4.9226911578102595,-0.009681557810259811
2656,4.9046936,4.902907876481189,0.001785723518811011
2657,4.910652,4.882211450053447,0.028440549946552984
2658,4.909857,4.860917031607631,0.048939968392368804
2659,4.8985267,4.839457745325386,0.05906895467461393
2660,4.881818,4.81734007771557,0.06447792228443028
2661,4.862478,4.794068503648807,0.06840949635119298
2662,4.843251,4.769785395088278,0.07346560491172216
2663,4.8268857,4.744882124359892,0.0820035756401083
2664,4.8161287,4.719877439286597,0.0962512607134034
2665,4.8212357,4.695383739775194,0.12585196022480627
2666,4.8046722,4.671561454946168,0.13311074505383136
2667,4.7727814,4.6479249024513,0.12485649754870032
2668,4.7443924,4.623599725040178,0.12079267495982204
2669,4.72818,4.599464437241948,0.1287155627580523
2670,4.7166443,4.574713387878078,0.14193091212192144
2671,4.7131577,4.550013870165017,0.16314382983498277
2672,4.712059,4.526938863892528,0.18512013610747236
2673,4.71743,4.506703712123993,0.21072628787600767
2674,4.7201004,4.48763682514311,0.23246357485689018
2675,4.703224,4.469367643695491,0.23385635630450885
2676,4.6433334,4.453635984596121,0.18969741540387908
2677,4.552498,4.441166600532618,0.11133139946738169
2678,4.457527,4.430294836016028,0.02723216398397188
2679,4.3668747,4.420952640488619,-0.054077940488618914
2680,4.293579,4.413330063677709,-0.11975106367770838
2681,4.2353973,4.4080785448724855,-0.1726812448724857
2682,4.186035,4.404387403465788,-0.21835240346578733
2683,4.150116,4.403355056260751,-0.2532390562607514
2684,4.119446,4.4043529739350165,-0.2849069739350165
2685,4.093567,4.407679504074122,-0.3141125040741217
2686,4.075371,4.413150747667108,-0.33777974766710805
2687,4.0572815,4.421768247731354,-0.3644867477313536
2688,4.0466614,4.433202507088925,-0.38654110708892553
2689,4.047714,4.445873632637554,-0.3981596326375536
2690,4.056793,4.460182834228576,-0.40338983422857577
2691,4.079376,4.476223734323644,-0.39684773432364384
2692,4.1089478,4.493895641655733,-0.38494784165573304
2693,4.143524,4.51329407463118,-0.3697700746311794
2694,4.183998,4.534146800260369,-0.350148800260369
2695,4.229416,4.556390520886855,-0.3269745208868553
2696,4.2773743,4.580431924658563,-0.303057624658563
2697,4.327469,4.605419311148799,-0.27795031114879887
2698,4.382019,4.631356111549871,-0.24933711154987126
2699,4.431267,4.658405727822544,-0.22713872782254363
2700,4.482422,4.685418029863851,-0.20299602986385157
2701,4.529564,4.712100055251645,-0.18253605525164573
2702,4.569359,4.738013083548583,-0.16865408354858236
2703,4.6078644,4.763878579494433,-0.15601417949443253
2704,4.640892,4.790054074367593,-0.14916207436759255
2705,4.6732483,4.815392781214309,-0.14214448121430934
2706,4.701729,4.839558673027981,-0.13782967302798088
2707,4.7231064,4.863273601727397,-0.14016720172739738
2708,4.7475986,4.885162741990676,-0.13756414199067635
2709,4.765821,4.905263250250782,-0.13944225025078172
2710,4.7815695,4.924467635951719,-0.14289813595171896
2711,4.7980537,4.942644848066475,-0.14459114806647566
2712,4.8184824,4.959026450495772,-0.14054405049577223
2713,4.8460665,4.973643316117923,-0.12757681611792293
2714,4.8840146,4.986537488346243,-0.10252288834624235
2715,4.941452,4.998778803218134,-0.05732680321813444
2716,4.9674225,5.008171723319662,-0.04074922331966224
2717,4.993767,5.014601236305589,-0.020834236305589116
2718,5.020195,5.020838857618291,-0.0006438576182912215
2719,5.04673,5.025782315245377,0.020947684754623275
2720,5.068413,5.029898096243168,0.03851490375683131
2721,5.0919495,5.03355555247951,0.05839394752049021
2722,5.1007543,5.036499590280892,0.0642547097191084
2723,5.09759,5.03813180141741,0.059458198582590605
2724,5.0959373,5.038081897341667,0.05785540265833333
2725,5.0952086,5.038218643745708,0.05698995625429237
2726,5.0948176,5.037729469351712,0.057088130648287994
2727,5.0941772,5.03718711886086,0.056990081139139726
2728,5.0927,5.036685503976587,0.056014496023412796
2729,5.089799,5.035891248615895,0.05390775138410486
2730,5.0634384,5.034867392304201,0.02857100769579901
2731,4.9830093,5.0331306515701595,-0.05012135157015951
2732,4.903534,5.031233684834549,-0.12769968483454974
2733,4.842552,5.028938154726808,-0.18638615472680797
2734,4.807823,5.026402956556497,-0.2185799565564972
2735,4.7853928,5.023535627882537,-0.2381428278825366
2736,4.7803574,5.020420714821661,-0.24006331482166132
2737,4.7886047,5.01668775075713,-0.22808305075713076
2738,4.8090134,5.012596402106701,-0.20358300210670066
2739,4.8365326,5.008046737387857,-0.1715141373878568
2740,4.867485,5.003121332778839,-0.13563633277883902
2741,4.894409,4.997451573512544,-0.10304257351254442
2742,4.914238,4.991004036701607,-0.0767660367016072
2743,4.927414,4.984958920042386,-0.057544920042386316
2744,4.929779,4.977962655125098,-0.048183655125098035
2745,4.928154,4.969841033952443,-0.04168703395244311
2746,4.9233704,4.962026114479688,-0.038655714479688186
2747,4.9135056,4.952487518164554,-0.038981918164553875
2748,4.901848,4.942338743843922,-0.040490743843921706
2749,4.8959427,4.932908480604858,-0.036965780604858445
2750,4.884468,4.923989040986432,-0.03952104098643172
2751,4.868881,4.913889686179184,-0.045008686179183854
2752,4.8559895,4.903083759878328,-0.04709425987832816
2753,4.8489485,4.891744943469104,-0.04279644346910416
2754,4.843273,4.878421353761331,-0.03514835376133085
2755,4.838861,4.863776894414444,-0.02491589441444475
2756,4.8356085,4.848408829460442,-0.012800329460441517
2757,4.8334126,4.834243923332575,-0.0008313233325747404
2758,4.8321705,4.818804914190691,0.01336558580930891
2759,4.8317795,4.80198378911095,0.029795710889049865
2760,4.8420258,4.784034076271071,0.05799172372892869
2761,4.848648,4.76428017083463,0.08436782916536956
2762,4.8475723,4.743598407518701,0.1039738924812994
2763,4.845764,4.723122885139779,0.12264111486022067
2764,4.8383713,4.703072120016788,0.13529917998321217
2765,4.8191986,4.684139400717629,0.1350591992823711
2766,4.797592,4.666123080538054,0.1314689194619456
2767,4.7662506,4.6485709811619715,0.11767961883802869
2768,4.7218018,4.632038350277172,0.08976344972282746
2769,4.67157,4.616660900762028,0.05490909923797194
2770,4.6090393,4.60245709296647,0.006582207033529741
2771,4.555191,4.5893174045883764,-0.03412640458837668
2772,4.51606,4.577257725062771,-0.06119772506277066
2773,4.4846497,4.566508483492276,-0.08185878349227593
2774,4.4642944,4.5570956592435765,-0.09280125924357652
2775,4.452286,4.549068624107378,-0.09678262410737837
2776,4.4466248,4.542298246497861,-0.09567344649786058
2777,4.43927,4.536588117257717,-0.09731811725771777
2778,4.43042,4.531981322925493,-0.1015613229254928
2779,4.4293594,4.5284720663100515,-0.09911266631005144
2780,4.430237,4.526140441409771,-0.0959034414097708
2781,4.437088,4.524817307288552,-0.08772930728855144
2782,4.4596786,4.52438880439249,-0.06471020439248942
2783,4.4719696,4.52487275815352,-0.052903158153519314
2784,4.4913864,4.5259996569438705,-0.03461325694387085
2785,4.5104904,4.5278209823290805,-0.017330582329080357
2786,4.526062,4.530405238200053,-0.004343238200053001
2787,4.535782,4.534065126983759,0.0017168730162415713
2788,4.5315857,4.5389433151339755,-0.007357615133975592
2789,4.510681,4.5448334658187655,-0.03415246581876552
2790,4.4889984,4.551592067163559,-0.06259366716355874
2791,4.4703445,4.559154282366554,-0.08880978236655324
2792,4.459526,4.567464712440411,-0.10793871244041053
2793,4.4578247,4.576597312445602,-0.11877261244560255
2794,4.461632,4.5865171142487275,-0.12488511424872772
2795,4.4770966,4.597260810566997,-0.12016421056699667
2796,4.4953384,4.608447722249076,-0.113109322249076
2797,4.5224304,4.619939272372507,-0.09750887237250705
2798,4.545723,4.631822628915473,-0.0860996289154734
2799,4.5722075,4.643920404763539,-0.07171290476353853
2800,4.60438,4.656619309624798,-0.05223930962479795
2801,4.6406417,4.669098816107073,-0.0284571161070728
2802,4.6780972,4.681430043136532,-0.0033328431365324818
2803,4.7138486,4.693383431120155,0.020465168879844953
2804,4.744997,4.705493632474987,0.039503367525012933
2805,4.7686467,4.71775147288605,0.05089522711394956
2806,4.7866592,4.7300208597529885,0.05663834024701142
2807,4.8091354,4.742324632486996,0.06681076751300363
2808,4.8267975,4.754332484830636,0.07246501516936377
2809,4.8468323,4.765291242767743,0.0815410572322568
2810,4.8620834,4.775785725166917,0.0862976748330837
2811,4.876274,4.78567587449006,0.09059812550994017
2812,4.8927155,4.795115785652021,0.09759971434797965
2813,4.9081345,4.804030775260588,0.10410372473941187
2814,4.9226685,4.812624889158811,0.1100436108411893
2815,4.938698,4.820721125715242,0.117976874284758
2816,4.9519424,4.828184133060549,0.12375826693945147
2817,4.957062,4.834837705837695,0.1222242941623044
2818,4.957512,4.840791200518509,0.11672079948149161
2819,4.946335,4.846082664524607,0.10025233547539347
2820,4.9355316,4.852150818829017,0.08338078117098302
2821,4.926079,4.8574414877570895,0.06863751224291015
2822,4.9151535,4.860852791692967,0.05430070830703304
2823,4.899048,4.86352478431718,0.035523215682819576
2824,4.8797913,4.865522604537174,0.014268695462826386
2825,4.8571167,4.866955764573342,-0.009839064573342604
2826,4.8363953,4.8678034274219355,-0.031408127421935106
2827,4.815338,4.868037572965181,-0.052699572965181574
2828,4.8092165,4.867715018043119,-0.058498518043118786
2829,4.8048387,4.866986439470273,-0.06214773947027297
2830,4.7987666,4.866063888550499,-0.06729728855049899
2831,4.7923255,4.864823701581281,-0.07249820158128184
2832,4.7868414,4.864199669168969,-0.07735826916896915
2833,4.78364,4.863345083225116,-0.07970508322511627
2834,4.798996,4.861509864503516,-0.06251386450351593
2835,4.7957687,4.859434279785208,-0.0636655797852077
2836,4.7848053,4.857152752955369,-0.07234745295536893
2837,4.7732773,4.854801264903706,-0.08152396490370606
2838,4.7598724,4.852382840112676,-0.09251044011267595
2839,4.753662,4.849995856611162,-0.096333856611162
2840,4.7446747,4.847797178917219,-0.10312247891721871
2841,4.745224,4.845916114255846,-0.10069211425584523
2842,4.7430573,4.844294383414623,-0.10123708341462301
2843,4.744293,4.842979118866872,-0.09868611886687173
2844,4.7416534,4.842060390559389,-0.10040699055938962
2845,4.73761,4.841603392361826,-0.1039933923618257
2846,4.728775,4.841582844096798,-0.1128078440967979
2847,4.718422,4.84211183869385,-0.12368983869385008
2848,4.713211,4.843164279792232,-0.1299532797922316
2849,4.7100677,4.844671978608754,-0.13460427860875424
2850,4.7021103,4.846593446960087,-0.1444831469600869
2851,4.690735,4.848951654300379,-0.15821665430037868
2852,4.6943283,4.851775826825125,-0.1574475268251252
2853,4.686157,4.855058000664531,-0.1689010006645315
2854,4.6818924,4.858641365570424,-0.1767489655704244
2855,4.6784897,4.862767589488077,-0.18427788948807677
2856,4.6732025,4.868537305265195,-0.19533480526519487
2857,4.677658,4.87492515020889,-0.19726715020888985
2858,4.6803513,4.880475045231234,-0.20012374523123455
2859,4.689888,4.886224215460433,-0.19633621546043312
2860,4.7003174,4.892215127108579,-0.19189772710857866
2861,4.712166,4.898281114379849,-0.18611511437984873
2862,4.72361,4.9043664000875244,-0.18075640008752458
2863,4.7352066,4.910591836184799,-0.17538523618479918
2864,4.746567,4.916995491027596,-0.1704284910275966
2865,4.7580643,4.923537232734458,-0.16547293273445796
2866,4.773796,4.930062160024064,-0.1562661600240638
2867,4.786049,4.9365641908646305,-0.15051519086463028
2868,4.8067474,4.943068290981738,-0.13632089098173772
2869,4.8173265,4.949596498955639,-0.13226999895563907
2870,4.8283343,4.956077517344792,-0.12774321734479255
2871,4.8401675,4.962487903238447,-0.12232040323844728
2872,4.8531337,4.96874796556304,-0.11561426556303989
2873,4.8675394,4.974783422703285,-0.10724402270328515
2874,4.883692,4.980562958191242,-0.09687095819124192
2875,4.901897,4.98619417023132,-0.08429717023132
2876,4.921791,4.991484547293162,-0.0696935472931619
2877,4.940857,4.996275223899087,-0.05541822389908635
2878,4.964409,5.0005562610902885,-0.03614726109028865
2879,4.988701,5.0043481071592115,-0.015647107159211693
2880,5.0161514,5.0076045702130845,0.008546829786915566
2881,5.0394363,5.010095385235452,0.02934091476454803
2882,5.074646,5.011929880945626,0.06271611905437435
2883,5.0938187,5.013030445947972,0.0807882540520275
2884,5.1148224,5.013315568325418,0.10150683167458219
2885,5.135727,5.012958350285988,0.12276864971401213
2886,5.156273,5.011845224828631,0.1444277751713683
2887,5.177101,5.009803049280056,0.16729795071994413
2888,5.2048798,5.006719651566126,0.19816014843387375
2889,5.21846,5.002820353889519,0.21563964611048103
2890,5.226303,4.998108758186031,0.22819424181396908
2891,5.2415543,4.992479659393567,0.24907464060643303
2892,5.2534103,4.985894840334952,0.26751545966504775
2893,5.2647324,4.978285509458422,0.286446890541578
2894,5.2755585,4.969980903163274,0.30557759683672625
2895,5.279854,4.960943552713208,0.3189104472867923
2896,5.271324,4.951183729529509,0.32014027047049076
2897,5.2506332,4.9407176797595795,0.3099155202404207
2898,5.225563,4.929549128936807,0.29601387106319343
2899,5.1960907,4.917726725199256,0.2783639748007438
2900,5.154175,4.905629523658118,0.2485454763418824
2901,5.0989,4.892965451772806,0.20593454822719437
2902,5.033661,4.879444070147644,0.1542169298523568
2903,4.9576263,4.865462814423264,0.09216348557673637
2904,4.8867035,4.851202447400396,0.03550105259960468
2905,4.821968,4.836742767587784,-0.014774767587783622
2906,4.7646027,4.822100121038945,-0.05749742103894473
2907,4.7177734,4.80729032517808,-0.08951692517808052
2908,4.678589,4.792528339787559,-0.11393933978755921
2909,4.65242,4.777876504606459,-0.12545650460645863
2910,4.637024,4.763165018326604,-0.12614101832660385
2911,4.6265793,4.748238962338769,-0.1216596623387689
2912,4.6261063,4.733201332739,-0.10709503273900012
2913,4.6223297,4.717907450551417,-0.09557775055141704
2914,4.612503,4.702510085244775,-0.09000708524477474
2915,4.596977,4.686939757982504,-0.0899627579825042
2916,4.5698776,4.67124606793829,-0.1013684679382898
2917,4.5405807,4.655422577901686,-0.11484187790168665
2918,4.5082245,4.63943300581714,-0.13120850581714016
2919,4.484558,4.623410699165677,-0.13885269916567733
2920,4.464897,4.608371765637102,-0.14347476563710249
2921,4.4504013,4.593462007905184,-0.14306070790518355
2922,4.4436035,4.577601073864717,-0.13399757386471656
2923,4.4408035,4.561657490321409,-0.12085399032140831
2924,4.4395065,4.545533781370309,-0.10602728137030848
2925,4.443307,4.529318659728768,-0.08601165972876768
2926,4.4473677,4.513375466696117,-0.06600776669611719
2927,4.4501276,4.499505729006514,-0.04937812900651384
2928,4.4522777,4.485227117523859,-0.03294941752385938
2929,4.454507,4.468856617879027,-0.014349617879026333
2930,4.457505,4.452370109767953,0.005134890232047162
2931,4.461962,4.435960261881558,0.026001738118441864
2932,4.4685683,4.4196785939579755,0.048889706042024805
2933,4.4779053,4.403549384164626,0.07435591583537349
2934,4.4877167,4.387655812763658,0.10006088723634221
2935,4.501259,4.372163200252371,0.12909579974762941
2936,4.521744,4.357293569692692,0.16445043030730755
2937,4.5453644,4.343101944392471,0.20226245560752965
2938,4.5733414,4.3294383816376225,0.24390301836237782
2939,4.606415,4.316685617441628,0.289729382558372
2940,4.6538773,4.305287490157372,0.3485898098426281
2941,4.677101,4.296354966756799,0.38074603324320133
2942,4.696266,4.288484485326843,0.4077815146731565
2943,4.710411,4.280929443714106,0.4294815562858938
2944,4.710678,4.274894189348049,0.4357838106519507
2945,4.6856384,4.270404908783563,0.41523349121643705
2946,4.637024,4.267566232427606,0.3694577675723947
2947,4.5757065,4.266438641821392,0.30926785817860747
2948,4.5170364,4.267109932640923,0.2499264673590771
2949,4.4709396,4.269792298686155,0.20114730131384562
2950,4.452675,4.274515043617335,0.17815995638266546
2951,4.431961,4.281321556830224,0.1506394431697764
2952,4.4126434,4.289872622005342,0.12277077799465808
2953,4.4015503,4.299907736119675,0.10164256388032555
2954,4.3865433,4.311685025513905,0.07485827448609417
2955,4.356003,4.32490553276039,0.031097467239610488
2956,4.3223114,4.340044598780944,-0.017733198780943482
2957,4.286232,4.356909385400677,-0.07067738540067658
2958,4.2536774,4.374785232375873,-0.12110783237587341
2959,4.235771,4.393691168494392,-0.1579201684943925
2960,4.2325974,4.413460675665807,-0.18086327566580618
2961,4.2466965,4.434290387672845,-0.18759388767284513
2962,4.2694855,4.455890706297077,-0.1864052062970769
2963,4.2967834,4.477824248031421,-0.1810408480314214
2964,4.3430023,4.499936770695618,-0.15693447069561817
2965,4.3953705,4.522406001513881,-0.12703550151388043
2966,4.4525604,4.545112301647192,-0.09255190164719185
2967,4.512001,4.567344023437537,-0.05534302343753694
2968,4.569763,4.588514931761734,-0.018751931761734397
2969,4.621727,4.608602251983396,0.013124748016603682
2970,4.6703644,4.62719236956123,0.043172030438770825
2971,4.716072,4.644259400864945,0.07181259913505489
2972,4.759796,4.660119237998209,0.0996767620017911
2973,4.797058,4.6760152918134406,0.12104270818655927
2974,4.84951,4.6905287154449855,0.15898128455501492
2975,4.8748093,4.70261768398255,0.17219161601745014
2976,4.898918,4.713255333144832,0.1856626668551682
2977,4.9168167,4.721737482850738,0.1950792171492619
2978,4.9286423,4.729927604996506,0.1987146950034937
2979,4.9341965,4.737451571764974,0.19674492823502554
2980,4.9328995,4.74166326725379,0.1912362327462107
2981,4.927788,4.745019957557268,0.18276804244273137
2982,4.914833,4.748082753752269,0.16675024624773105
2983,4.9000397,4.750229466993436,0.14981023300656382
2984,4.88768,4.7520116359343625,0.1356683640656371
2985,4.8827744,4.75391539791636,0.12885900208363932
2986,4.8800583,4.756328469654877,0.1237298303451233
2987,4.88295,4.758806783970277,0.12414321602972311
2988,4.8800964,4.763486196533501,0.11661020346649931
2989,4.8780975,4.76934157750192,0.10875592249808008
2990,4.8882523,4.773860679592627,0.11439162040737383
2991,4.8786316,4.776676385070131,0.1019552149298697
2992,4.876442,4.780201844870444,0.09624015512955619
2993,4.886421,4.784627661435809,0.1017933385641916
2994,4.8969955,4.790163651383833,0.10683184861616724
2995,4.912483,4.7963634729219216,0.11611952707807838
2996,4.9283905,4.804126280989798,0.12426421901020213
2997,4.945923,4.8124861203581535,0.13343687964184614
2998,4.9604645,4.821161711370588,0.13930278862941137
2999,4.9732437,4.830370377212802,0.14287332278719855
3000,4.9948044,4.8401621952733676,0.15464220472663204
3001,4.995781,4.851090225630658,0.14469077436934175
3002,5.0063553,4.861985528596859,0.14436977140314067
3003,5.017151,4.872339541005681,0.1448114589943188
3004,5.0284066,4.882654600163222,0.14575199983677845
3005,5.0343647,4.893326303295678,0.14103839670432183
3006,5.042142,4.9042333929461615,0.13790860705383867
3007,5.051178,4.914506876213119,0.13667112378688095
3008,5.060911,4.924249106483088,0.13666189351691216
3009,5.07078,4.933154076489154,0.13762592351084635
3010,5.0802236,4.941598583226965,0.13862501677303474
3011,5.0869904,4.949246724795101,0.1377436752048995
3012,5.0893707,4.95974929736728,0.12962140263272026
3013,5.091194,4.9701259326890055,0.12106806731099429
3014,5.089897,4.977015850703006,0.11288114929699411
3015,5.088913,4.983294173233385,0.10561882676661494
3016,5.0885086,4.988889828067751,0.09961877193224922
3017,5.0787125,4.993439020353984,0.08527347964601617
3018,5.0709457,4.996561378998428,0.07438432100157222
3019,5.063896,4.9986110647514765,0.06528493524852319
3020,5.0575104,5.000662556918876,0.05684784308112434
3021,5.0686646,5.001950185621894,0.06671441437810621
3022,5.0289154,5.001160681993611,0.0277547180063884
3023,5.000389,4.999892766339208,0.0004962336607921003
3024,4.9659424,4.999492680872831,-0.03355028087283074
3025,4.927994,4.998826352419013,-0.07083235241901331
3026,4.894409,4.9976300399714235,-0.10322103997142396
3027,4.873596,4.995406545143064,-0.121810545143064
3028,4.8584824,4.993381367103603,-0.13489896710360316
3029,4.8547745,4.991729958604197,-0.13695545860419678
3030,4.8592453,4.9888696501324,-0.12962435013239926
3031,4.8727493,4.984679014462388,-0.11192971446238786
3032,4.913376,4.980540573441604,-0.06716457344160354
3033,4.920883,4.976421477997757,-0.05553847799775724
3034,4.938469,4.9724563080047455,-0.03398730800474503
3035,4.954706,4.968687319526936,-0.01398131952693582
3036,4.968411,4.96529275697579,0.0031182430242093773
3037,4.9814267,4.962058727234713,0.0193679727652869
3038,4.9937024,4.958821716573505,0.034880683426495196
3039,5.005188,4.955798576718765,0.04938942328123552
3040,5.0158315,4.952913802021371,0.06291769797862923
3041,5.0255823,4.950128995683732,0.07545330431626773
3042,5.03439,4.947316986517726,0.08707301348227414
3043,5.0422034,4.94448968083051,0.0977137191694899
3044,5.0489717,4.941662908657078,0.10730879134292248
3045,5.054645,4.93849927519272,0.11614572480727947
3046,5.0591702,4.934945330774585,0.1242248692254142
3047,5.062498,4.931017345805884,0.1314806541941156
3048,5.0645766,4.9262178517665935,0.1383587482334061
3049,5.0653563,4.920613222175355,0.14474307782464546
3050,5.0520267,4.914048091804215,0.13797860819578478
3051,5.0347137,4.906366203683457,0.12834749631654319
3052,5.0163784,4.898307634345647,0.1180707656543527
3053,4.998937,4.8894843595098045,0.10945264049019521
3054,4.984308,4.879082999549319,0.10522500045068117
3055,4.974407,4.86782603068504,0.10658096931495997
3056,4.972664,4.855230380694485,0.11743361930551455
3057,4.985939,4.8424089109076744,0.14353008909232567
3058,5.0018463,4.828782506076336,0.17306379392366456
3059,5.0197906,4.814904372876218,0.20488622712378213
3060,5.0393295,4.80060243533724,0.2387270646627604
3061,5.0587997,4.78434636564814,0.27445333435185937
3062,5.076866,4.766908220324879,0.3099577796751207
3063,5.121048,4.7487512229835565,0.3722967770164436
3064,5.1073837,4.729874186298648,0.37750951370135155
3065,5.1184845,4.711076558088495,0.4074079419115053
3066,5.1329575,4.692135762882222,0.44082173711777806
3067,5.1428223,4.673870446997658,0.4689518530023413
3068,5.142647,4.655624592415609,0.48702240758439075
3069,5.1479797,4.637640868357011,0.5103388316429882
3070,5.1423264,4.6212321833047625,0.5210942166952375
3071,5.124138,4.60565322904947,0.51848477095053
3072,5.0876846,4.588920166873449,0.49876443312655105
3073,5.0461044,4.572833437716641,0.4732709622833591
3074,5.00045,4.557993760034941,0.44245623996505845
3075,4.941292,4.544286884886091,0.3970051151139087
3076,4.882736,4.531855558730658,0.35088044126934204
3077,4.839859,4.520928949587949,0.31893005041205047
3078,4.804489,4.511432608326269,0.29305639167373165
3079,4.779312,4.503384739155168,0.2759272608448322
3080,4.7574234,4.496907597742631,0.2605158022573697
3081,4.7382812,4.491317214417856,0.24696398558214394
3082,4.716362,4.488000974254929,0.22836102574507144
3083,4.697792,4.486508624508768,0.21128337549123177
3084,4.69516,4.486064122470224,0.20909587752977554
3085,4.6989365,4.487116645778671,0.21181985422132943
3086,4.7099915,4.4894830604054015,0.22050843959459865
3087,4.7266235,4.493368129366393,0.23325537063360624
3088,4.7514877,4.498335859555488,0.2531518404445121
3089,4.7797165,4.504287149161414,0.27542935083858655
3090,4.807205,4.5118414228103765,0.29536357718962325
3091,4.8385925,4.5205443700526144,0.3180481299473854
3092,4.86763,4.530153162145111,0.33747683785488913
3093,4.9176636,4.540900286461116,0.37676331353888415
3094,4.9332275,4.553006404059952,0.3802210959400485
3095,4.955261,4.565854112227047,0.38940688777295307
3096,4.9827194,4.57913148660564,0.40358791339436006
3097,5.0060654,4.59360789390799,0.41245750609200993
3098,5.026085,4.60856310108724,0.41752189891276004
3099,5.0410285,4.623417694162272,0.4176108058377279
3100,5.05481,4.638143552131041,0.416666447868959
3101,5.0677967,4.656505262318264,0.4112914376817356
3102,5.0803537,4.675273510017235,0.4050801899827645
3103,5.092849,4.69236621688203,0.4004827831179698
3104,5.1056476,4.707782659970801,0.3978649400291996
3105,5.119116,4.7229395991703615,0.39617640082963845
3106,5.1336207,4.738753874994675,0.3948668250053249
3107,5.149528,4.753827817468666,0.39570018253133377
3108,5.167204,4.767387234262016,0.39981676573798364
3109,5.187015,4.780336085202522,0.4066789147974781
3110,5.2093277,4.792742833568929,0.4165848664310712
3111,5.23777,4.805129319547474,0.43264068045252646
3112,5.2588043,4.8167257849301,0.44207851506990004
3113,5.283348,4.8271358022232995,0.45621219777670063
3114,5.3067703,4.836569339322122,0.47020096067787787
3115,5.331154,4.845409881704521,0.4857441182954787
3116,5.3562393,4.8532246537405745,0.5030146462594258
3117,5.375244,4.860241028336186,0.5150029716638143
3118,5.3915634,4.86674339567253,0.52482000432747
3119,5.422287,4.874982997695963,0.5473040023040365
3120,5.417145,4.882625543376881,0.5345194566231184
3121,5.4254,4.886760893273386,0.5386391067266141
3122,5.431114,4.890271352535147,0.5408426474648529
3123,5.423926,4.893149595717694,0.5307764042823058
3124,5.4175134,4.895486674739704,0.5220267252602957
3125,5.412077,4.897660911516254,0.5144160884837463
3126,5.4078174,4.900662643040517,0.5071547569594825
3127,5.4049344,4.903045674240505,0.5018887257594953
3128,5.403629,4.9042007993272945,0.4994282006727051
3129,5.399887,4.905024741373392,0.4948622586266076
3130,5.388695,4.905761678267063,0.48293332173293724
3131,5.3827896,4.906423731813519,0.4763658681864804
3132,5.38031,4.906982290659426,0.4733277093405741
3133,5.3970795,4.907523007456355,0.4895564925436453
3134,5.3921127,4.907954334421647,0.48415836557835323
3135,5.397827,4.908330173194747,0.4894968268052535
3136,5.4098434,4.908623001852446,0.501220398147554
3137,5.4216766,4.908865370238532,0.5128112297614678
3138,5.4350815,4.908849409902909,0.5262320900970909
3139,5.4500656,4.908381988070331,0.5416836119296695
3140,5.4676285,4.907560254010171,0.5600682459898287
3141,5.481186,4.906351098377234,0.5748349016227658
3142,5.4972916,4.904663016547252,0.5926285834527478
3143,5.508148,4.902148970751647,0.6059990292483537
3144,5.515785,4.898884703619948,0.6169002963800523
3145,5.520813,4.895042457778828,0.6257705422211721
3146,5.5203857,4.89076139862887,0.6296243013711305
3147,5.5109787,4.88615085194906,0.6248278480509395
3148,5.473839,4.881065927029351,0.5927730729706493
3149,5.4048767,4.875260540538161,0.5296161594618392
3150,5.3232727,4.868923687980172,0.45434901201982836
3151,5.232727,4.8615560564722635,0.37117094352773616
3152,5.1558304,4.8535375001309955,0.30229289986900465
3153,5.0962753,4.8450393520839405,0.25123594791605974
3154,5.045143,4.835833875078992,0.20930912492100795
3155,4.9984283,4.827081330266737,0.17134696973326236
3156,4.953285,4.818886624978294,0.13439837502170615
3157,4.9106064,4.810130674352446,0.10047572564755392
3158,4.875099,4.800953618500299,0.07414538149970085
3159,4.8406677,4.791538159378176,0.0491295406218244
3160,4.8104095,4.78205305641373,0.028356443586269542
3161,4.787384,4.772681201748879,0.014702798251120974
3162,4.767914,4.762981167208627,0.00493283279137291
3163,4.7571487,4.753434000949936,0.003714699050064496
3164,4.7469254,4.743637028159801,0.0032883718401990336
3165,4.7424393,4.733764410557037,0.008674889442962908
3166,4.736946,4.724117797643791,0.012828202356208962
3167,4.7334976,4.714546525106608,0.01895107489339143
3168,4.732445,4.704636771818655,0.027808228181345207
3169,4.742775,4.69442382486405,0.04835117513594955
3170,4.7429276,4.684010861986106,0.05891673801389352
3171,4.7551727,4.673804677552522,0.08136802244747798
3172,4.763139,4.663896457054368,0.09924254294563184
3173,4.776188,4.652967009831896,0.12322099016810473
3174,4.7944965,4.641085910268366,0.15341058973163424
3175,4.8171954,4.629347385113049,0.18784801488695102
3176,4.843416,4.61923442591656,0.22418157408344008
3177,4.8722887,4.609799217641097,0.26248948235890346
3178,4.9029455,4.599813256802851,0.30313224319714926
3179,4.934517,4.590870738250173,0.3436462617498268
3180,4.957611,4.583271071437273,0.37433992856272713
3181,4.967354,4.57569785396347,0.39165614603653065
3182,4.9728546,4.56736361430442,0.40549098569557973
3183,4.977646,4.559743391371896,0.41790260862810413
3184,4.9798355,4.552528524242145,0.4273069757578547
3185,4.9846497,4.545852858477471,0.43879684152252896
3186,5.000061,4.53994254806075,0.46011845193925005
3187,4.996849,4.534816890017372,0.4620321099826281
3188,4.9943466,4.530611990822749,0.4637346091772514
3189,5.000084,4.528894203835652,0.47118979616434853
3190,5.004631,4.527137507879203,0.4774934921207965
3191,5.0050583,4.524086401526278,0.48097189847372235
3192,4.998413,4.521464101855447,0.47694889814455355
3193,4.9848404,4.5189430072183825,0.4658973927816179
3194,4.9655685,4.516648986766875,0.4489195132331245
3195,4.952179,4.51445399716058,0.43772500283941973
3196,4.9422836,4.513509471064928,0.4287741289350713
3197,4.946022,4.51221961837152,0.43380238162847995
3198,4.9328537,4.509612814470715,0.4232408855292853
3199,4.9297104,4.507176928286285,0.4225334717137157
3200,4.936409,4.505150639001691,0.43125836099830916
3201,4.938431,4.503549447292099,0.43488155270790063
3202,4.9423523,4.502363398406559,0.4399889015934404
3203,4.939995,4.501579903625099,0.43841509637490095
3204,4.935585,4.501281035876309,0.434303964123691
3205,4.9301987,4.501698049822602,0.4285006501773978
3206,4.918968,4.503064276264961,0.41590372373503826
3207,4.907646,4.5055413355718805,0.4021046644281192
3208,4.8951874,4.509013759679349,0.38617364032065105
3209,4.883461,4.513461494010323,0.3699995059896768
3210,4.86998,4.518999750282612,0.35098024971738795
3211,4.855133,4.525718457819111,0.3294145421808894
3212,4.8471756,4.533571329236783,0.31360427076321695
3213,4.834526,4.54275370043672,0.2917722995632799
3214,4.820778,4.553153761773176,0.2676242382268237
3215,4.802971,4.564506712130936,0.23846428786906415
3216,4.7852325,4.5765155189142925,0.2087169810857077
3217,4.776932,4.589213868375507,0.1877181316244938
3218,4.767769,4.6026244465025306,0.16514455349746981
3219,4.763092,4.616137840332607,0.1469541596673931
3220,4.7602997,4.629622090639779,0.13067760936022133
3221,4.750168,4.64289813508243,0.10726986491757007
3222,4.725045,4.655846071805572,0.06919892819442808
3223,4.7025375,4.668392179616801,0.03414532038319873
3224,4.6823616,4.681244092337047,0.0011175076629532654
3225,4.665185,4.692377821355227,-0.027192821355226826
3226,4.651677,4.700215634908167,-0.04853863490816668
3227,4.6425066,4.706287996825376,-0.06378139682537576
3228,4.6383414,4.711151314675249,-0.07280991467524878
3229,4.6353226,4.714713819680946,-0.07939121968094565
3230,4.6323624,4.716506539435069,-0.08414413943506904
3231,4.629135,4.716615585980332,-0.08748058598033204
3232,4.6286087,4.7150610763861325,-0.08645237638613246
3233,4.6334,4.712137751777265,-0.07873775177726472
3234,4.6413727,4.707485739847844,-0.06611303984784378
3235,4.6508026,4.703184750629371,-0.05238215062937179
3236,4.667099,4.698408528627166,-0.031309528627165406
3237,4.676445,4.689285741093988,-0.012840741093987695
3238,4.665863,4.678479773022335,-0.012616773022335437
3239,4.6304092,4.666319454070621,-0.03591025407062087
3240,4.5764923,4.652113226910767,-0.0756209269107666
3241,4.5279083,4.63647262447198,-0.10856432447198028
3242,4.4808197,4.6195692406350535,-0.13874954063505385
3243,4.454796,4.601763437801585,-0.14696743780158528
3244,4.4306564,4.583063314751381,-0.15240691475138046
3245,4.4158707,4.563769796457814,-0.14789909645781396
3246,4.406662,4.5443530683796665,-0.1376910683796666
3247,4.4116592,4.524679665435083,-0.11302046543508304
3248,4.4054413,4.504869964402895,-0.099428664402895
3249,4.4179535,4.485541399441516,-0.06758789944151555
3250,4.4305954,4.466842159253209,-0.03624675925320897
3251,4.449524,4.449135272328945,0.0003887276710550225
3252,4.466446,4.4327561151145,0.03368988488550073
3253,4.4927826,4.418009707963925,0.07477289203607462
3254,4.521057,4.404419603371464,0.11663739662853612
3255,4.55468,4.391901245537113,0.16277875446288714
3256,4.5886993,4.381130613817503,0.2075686861824968
3257,4.611145,4.372134041863852,0.2390109581361477
3258,4.6376343,4.365105337968609,0.2725289620313909
3259,4.6466064,4.359428171203781,0.28717822879621835
3260,4.6471863,4.354824247471796,0.2923620525282047
3261,4.642723,4.351992058238979,0.2907309417610211
3262,4.6386414,4.351032669081918,0.28760873091808214
3263,4.638748,4.352171917455398,0.28657608254460154
3264,4.6359406,4.354732976540636,0.28120762345936345
3265,4.6377335,4.358435628681625,0.27929787131837536
3266,4.6507797,4.364058378367444,0.28672132163255615
3267,4.6619263,4.3710650754963645,0.2908612245036357
3268,4.6715546,4.379111457048961,0.292443142951039
3269,4.6874237,4.388387242290344,0.29903645770965603
3270,4.69369,4.3982791394861325,0.29541086051386767
3271,4.699674,4.409216248534559,0.29045775146544095
3272,4.7069674,4.420661279925843,0.28630612007415657
3273,4.7150555,4.432484043525215,0.282571456474785
3274,4.723424,4.444853338831388,0.2785706611686116
3275,4.7315583,4.457204807724265,0.27435349227573447
3276,4.738945,4.469818286385734,0.2691267136142663
3277,4.74507,4.4835871619592975,0.2614828380407026
3278,4.730095,4.497805225614762,0.23228977438523835
3279,4.691696,4.5115181374531925,0.1801778625468078
3280,4.649803,4.524788313054187,0.1250146869458133
3281,4.622101,4.5376713297802365,0.08442967021976333
3282,4.6112823,4.54996132711843,0.061320972881570235
3283,4.6102905,4.561774790268902,0.04851570973109798
3284,4.61998,4.572707471352744,0.04727252864725617
3285,4.6385193,4.584332422390605,0.05418687760939456
3286,4.660904,4.595645787140094,0.06525821285990663
3287,4.6827316,4.6049179637106095,0.07781363628939086
3288,4.701851,4.613341746639167,0.08850925336083293
3289,4.7221527,4.62125229004182,0.10090040995817962
3290,4.7474213,4.628127965775328,0.11929333422467181
3291,4.7535143,4.63409232272794,0.11942197727205972
3292,4.758715,4.639756424867137,0.11895857513286234
3293,4.7630277,4.644933568093392,0.11809413190660845
3294,4.7664557,4.649809504677257,0.11664619532274312
3295,4.769003,4.653666070521302,0.11533692947869767
3296,4.770673,4.658126163899877,0.11254683610012339
3297,4.77147,4.6619806767481355,0.10948932325186433
3298,4.758438,4.6655161122503435,0.09292188774965648
3299,4.724556,4.668869511196623,0.05568648880337701
3300,4.6951294,4.671889378134881,0.023240021865118976
3301,4.6771164,4.674516283163694,0.002600116836306121
3302,4.6649933,4.67707164467552,-0.012078344675519936
3303,4.654022,4.6796307190545905,-0.025608719054590168
3304,4.650139,4.68215789011825,-0.0320188901182501
3305,4.6607895,4.684453610682286,-0.02366411068228569
3306,4.676117,4.686501546769335,-0.010384546769335756
3307,4.688217,4.688395128875487,-0.00017812887548718237
3308,4.7028656,4.690259379750491,0.012606220249509192
3309,4.7169647,4.6919578468836285,0.02500685311637163
3310,4.7281494,4.693614385991995,0.034535014008005405
3311,4.7363205,4.69517708817478,0.04114341182522008
3312,4.7424164,4.696767833132187,0.045648566867813045
3313,4.744873,4.698607048629768,0.04626595137023237
3314,4.7509613,4.700584330387311,0.05037696961268878
3315,4.7517242,4.70250297731926,0.04922122268073981
3316,4.7487564,4.704461097621614,0.0442953023783863
3317,4.7488785,4.706598546741186,0.04227995325881384
3318,4.7416153,4.7088719328036435,0.03274336719635684
3319,4.7273865,4.7112786115759295,0.016107888424070183
3320,4.7049103,4.713876613668318,-0.008966313668318016
3321,4.676735,4.716901800339008,-0.040166800339008546
3322,4.646492,4.720168984207039,-0.07367698420703839
3323,4.620697,4.723486996826422,-0.10278999682642187
3324,4.5999393,4.727079742417693,-0.1271404424176934
3325,4.594377,4.730937749836743,-0.13656074983674316
3326,4.590524,4.735036595343553,-0.14451259534355287
3327,4.58794,4.739374310954673,-0.15143431095467363
3328,4.586187,4.744183130300621,-0.15799613030062165
3329,4.5848246,4.748990195000028,-0.1641655950000276
3330,4.583414,4.75407162718025,-0.17065762718024935
3331,4.5835114,4.759257898278127,-0.17574649827812738
3332,4.584854,4.764723091874105,-0.17986909187410483
3333,4.5770645,4.770408816451061,-0.19334431645106154
3334,4.579857,4.776257687170601,-0.196400687170601
3335,4.5834045,4.782102776461197,-0.19869827646119642
3336,4.592415,4.787749367961164,-0.19533436796116366
3337,4.6043015,4.793393724912574,-0.18909222491257438
3338,4.619789,4.798931988175313,-0.17914298817531282
3339,4.636978,4.804171370422987,-0.16719337042298665
3340,4.653183,4.8100644035163205,-0.15688140351632018
3341,4.662033,4.815418865575762,-0.15338586557576228
3342,4.673973,4.819970597301693,-0.14599759730169293
3343,4.6845016,4.823491467397508,-0.13898986739750807
3344,4.6944427,4.826576717130279,-0.13213401713027917
3345,4.708603,4.829031891193951,-0.12042889119395106
3346,4.721657,4.830828290826561,-0.10917129082656096
3347,4.7499924,4.832090133371195,-0.08209773337119497
3348,4.7569885,4.832838080382214,-0.07584958038221412
3349,4.765587,4.833084837967436,-0.06749783796743625
3350,4.769043,4.8325111593369385,-0.06346815933693861
3351,4.767624,4.831337064463816,-0.06371306446381642
3352,4.7625427,4.829452470140538,-0.0669097701405379
3353,4.7531204,4.827214217084203,-0.07409381708420248
3354,4.742325,4.8243628158023535,-0.08203781580235336
3355,4.7356567,4.821533318955395,-0.08587661895539522
3356,4.7319717,4.818107817188675,-0.08613611718867542
3357,4.7365417,4.8143972005110935,-0.07785550051109347
3358,4.7387543,4.810338416104752,-0.07158411610475213
3359,4.7542114,4.806354818370176,-0.05214341837017589
3360,4.7684937,4.802502225328337,-0.03400852532833731
3361,4.780411,4.798819334372188,-0.018408334372187696
3362,4.7848434,4.795535962274816,-0.01069256227481663
3363,4.79261,4.792623631476752,-1.3631476751818639e-05
3364,4.79303,4.790083768413652,0.0029462315863479915
3365,4.7913895,4.787860799354493,0.0035287006455071435
3366,4.7894516,4.7860579265473095,0.003393673452690038
3367,4.7980804,4.784747630313899,0.013332769686100754
3368,4.7853546,4.783818355121885,0.0015362448781148785
3369,4.781418,4.783311968211939,-0.00189396821193899
3370,4.775696,4.783122453955299,-0.0074264539552988396
3371,4.7739944,4.783260081638633,-0.009265681638632728
3372,4.7744904,4.783812296833318,-0.009321896833317744
3373,4.7686462,4.784810733557659,-0.016164533557659233
3374,4.764534,4.786159115058656,-0.021625115058656164
3375,4.7578583,4.7878764172777135,-0.030018117277713863
3376,4.757683,4.79001463361316,-0.03233163361316027
3377,4.7594376,4.792508648137292,-0.033071048137292
3378,4.768112,4.795335203433588,-0.02722320343358753
3379,4.78508,4.798808316113858,-0.013728316113858163
3380,4.8030777,4.802599139496709,0.00047856050329109223
3381,4.8262253,4.806338620896732,0.019886679103268357
3382,4.8484955,4.81023483241772,0.038260667582280306
3383,4.874237,4.814152280607821,0.06008471939217852
3384,4.8963165,4.818246895553619,0.07806960444638111
3385,4.916504,4.823571380831897,0.0929326191681028
3386,4.9366837,4.829236440956508,0.10744725904349206
3387,4.953659,4.834005622516466,0.11965337748353377
3388,4.9746323,4.838827374485906,0.13580492551409407
3389,4.997658,4.844060303397443,0.1535976966025574
3390,5.018158,4.849467783493805,0.16869021650619498
3391,5.035652,4.854713145842436,0.1809388541575636
3392,5.054741,4.86003135951021,0.19470964048978967
3393,5.071823,4.865262284333886,0.20656071566611445
3394,5.085954,4.870720178500533,0.21523382149946713
3395,5.0945935,4.876173556212177,0.21841994378782292
3396,5.1013823,4.883996317017515,0.2173859829824849
3397,5.107533,4.8919024122990935,0.2156305877009066
3398,5.1142597,4.897166683763862,0.21709301623613797
3399,5.122775,4.902555205957062,0.22021979404293823
3400,5.134292,4.908037538387898,0.22625446161210228
3401,5.1500244,4.9133857803745755,0.23663861962542487
3402,5.1851654,4.918512808216659,0.2666525917833411
3403,5.1972733,4.9235129866664025,0.2737603133335975
3404,5.2056885,4.928326255522522,0.27736224447747837
3405,5.212883,4.935261428145393,0.2776215718546071
3406,5.218712,4.941927494197301,0.2767845058026994
3407,5.2269516,4.945160335035267,0.28179126496473295
3408,5.2315063,4.947374073388585,0.28413222661141546
3409,5.2403717,4.94918107087044,0.2911906291295603
3410,5.24382,4.950077306063346,0.29374269393665475
3411,5.2476883,4.950156126062844,0.2975321739371557
3412,5.243721,4.94953134086978,0.29418965913022
3413,5.237961,4.94779034562382,0.2901706543761806
3414,5.2214737,4.945180041383507,0.2762936586164928
3415,5.199028,4.941475340428057,0.2575526595719433
3416,5.1715164,4.936583580043254,0.23493281995674575
3417,5.1423798,4.930643728711586,0.21173607128841354
3418,5.1148834,4.9237619690656365,0.19112143093436362
3419,5.0887604,4.916136763944204,0.17262363605579623
3420,5.069664,4.907633092638054,0.16203090736194614
3421,5.0535355,4.898454662930592,0.15508083706940745
3422,5.0440445,4.888505669154062,0.15553883084593778
3423,5.031822,4.877540462266007,0.15428153773399345
3424,5.011055,4.866039917370843,0.14501508262915674
3425,4.9803696,4.854053756398031,0.12631584360196957
3426,4.9368134,4.841572686150732,0.09524071384926813
3427,4.8894577,4.828777687817449,0.06068001218255148
3428,4.8361588,4.8158706171259436,0.020288182874056204
3429,4.779442,4.802827253931063,-0.023385253931062167
3430,4.7240133,4.789886952182532,-0.06587365218253183
3431,4.668165,4.7769223170113575,-0.10875731701135738
3432,4.6104684,4.764075864052277,-0.15360746405227665
3433,4.554448,4.751451143610579,-0.19700314361057902
3434,4.503636,4.739148773733129,-0.23551277373312907
3435,4.4615617,4.72727371090564,-0.26571201090564056
3436,4.4317517,4.7158007276880864,-0.28404902768808604
3437,4.4177365,4.704641103351273,-0.28690460335127277
3438,4.4015503,4.694075724043363,-0.29252542404336257
3439,4.386101,4.684020518951002,-0.29791951895100155
3440,4.3779984,4.674482316263325,-0.29648391626332504
3441,4.382065,4.665277773554412,-0.2832127735544123
3442,4.3975677,4.656716107768709,-0.2591484077687092
3443,4.424309,4.648632314784047,-0.22432331478404688
3444,4.4597244,4.641438792696755,-0.1817143926967555
3445,4.5014343,4.634533613104213,-0.1330993131042133
3446,4.547394,4.627952826330443,-0.08055882633044309
3447,4.5955353,4.622347098125382,-0.026811798125382147
3448,4.642006,4.61728197369057,0.024724026309430158
3449,4.6882095,4.612975692816493,0.07523380718350747
3450,4.7272415,4.609157889271423,0.11808361072857654
3451,4.757805,4.605565628396239,0.1522393716037609
3452,4.7770615,4.602701008564955,0.17436049143504562
3453,4.7894974,4.600131938663471,0.18936546133652943
3454,4.786911,4.5987254618347,0.1881855381652997
3455,4.7611084,4.59779314965965,0.1633152503403501
3456,4.7175827,4.5977260746796595,0.1198566253203408
3457,4.6636734,4.59854290396565,0.0651304960343504
3458,4.608444,4.599490139400627,0.008953860599373087
3459,4.560951,4.600347742224401,-0.03939674222440104
3460,4.5174026,4.601404854448218,-0.08400225444821796
3461,4.48127,4.602153363909892,-0.12088336390989163
3462,4.454132,4.602895394760995,-0.14876339476099432
3463,4.434601,4.604108497072166,-0.16950749707216595
3464,4.4163513,4.605593526756771,-0.18924222675677171
3465,4.401314,4.606654623572666,-0.20534062357266603
3466,4.384285,4.6075234197071575,-0.2232384197071573
3467,4.367218,4.6080601165760156,-0.24084211657601529
3468,4.349617,4.608368161279636,-0.25875116127963604
3469,4.332985,4.608751656590113,-0.2757666565901129
3470,4.3166046,4.609041467298983,-0.2924368672989832
3471,4.2993927,4.608949467044415,-0.30955676704441437
3472,4.2838135,4.608737455117476,-0.32492395511747585
3473,4.274666,4.60837543273867,-0.3337094327386705
3474,4.2675858,4.607884627930287,-0.34029882793028676
3475,4.274861,4.607292787460164,-0.33243178746016433
3476,4.2846394,4.60645883799206,-0.32181943799206003
3477,4.297147,4.605580822288369,-0.3084338222883689
3478,4.3113146,4.6044610332661815,-0.2931464332661813
3479,4.326075,4.603176825686557,-0.2771018256865565
3480,4.3403597,4.601735892193223,-0.2613761921932234
3481,4.3531003,4.600046689600406,-0.2469463896004056
3482,4.3632283,4.598124464508575,-0.23489616450857476
3483,4.3691025,4.596176411515853,-0.22707391151585288
3484,4.368843,4.594120547436374,-0.22527754743637374
3485,4.372528,4.5918128152199875,-0.21928481521998755
3486,4.37838,4.589175006168917,-0.210795006168917
3487,4.395027,4.586391255259274,-0.19136425525927425
3488,4.4170685,4.5834953539953265,-0.16642685399532642
3489,4.4449463,4.58050184282742,-0.13555554282742044
3490,4.4785004,4.577433025621204,-0.0989326256212042
3491,4.5055237,4.574164579729402,-0.06864087972940158
3492,4.5268707,4.5713051043263615,-0.04443440432636159
3493,4.533905,4.568393656641406,-0.03448865664140577
3494,4.5318756,4.565066973323431,-0.03319137332343036
3495,4.5256042,4.561551486177189,-0.035947286177188786
3496,4.5164948,4.558040995231118,-0.0415461952311178
3497,4.508835,4.554568501597811,-0.045733501597810644
3498,4.495308,4.551213061889892,-0.055905061889892416
3499,4.4743195,4.548050610767914,-0.07373111076791439
3500,4.4460983,4.545053806154146,-0.09895550615414628
3501,4.415703,4.5421493483295645,-0.1264463483295648
3502,4.386093,4.539467337960598,-0.15337433796059852
3503,4.361122,4.536940535148845,-0.17581853514884482
3504,4.339691,4.534806934752821,-0.1951159347528204
3505,4.3167267,4.532734928494666,-0.2160082284946654
3506,4.302803,4.530769236826491,-0.2279662368264912
3507,4.2874527,4.529096927497217,-0.2416442274972166
3508,4.2668686,4.527687675735616,-0.2608190757356166
3509,4.250885,4.526245200759208,-0.27536020075920753
3510,4.2275696,4.525053457878724,-0.2974838578787242
3511,4.201294,4.523680685089372,-0.32238668508937174
3512,4.1791077,4.522274564244671,-0.3431668642446706
3513,4.1574936,4.521090514946103,-0.36359691494610313
3514,4.1420517,4.520090539210527,-0.37803883921052694
3515,4.133087,4.519027406496582,-0.3859404064965819
3516,4.130272,4.517854181579486,-0.38758218157948665
3517,4.1323013,4.516647452624316,-0.3843461526243157
3518,4.1291122,4.515453667307183,-0.386341467307183
3519,4.138443,4.514297209946009,-0.3758542099460094
3520,4.1409454,4.513185740334581,-0.37224034033458153
3521,4.1350174,4.512091433624861,-0.37707403362486147
3522,4.1365967,4.510965365850705,-0.37436866585070483
3523,4.1369553,4.509764619143262,-0.3728093191432613
3524,4.133217,4.508652665870263,-0.37543566587026245
3525,4.1251144,4.507638056712033,-0.38252365671203314
3526,4.1128006,4.50645685753419,-0.3936562575341904
3527,4.1028595,4.50531770644321,-0.4024582064432103
3528,4.092987,4.504331644317176,-0.4113446443171762
3529,4.080559,4.503616354570517,-0.42305735457051696
3530,4.0701523,4.502960451142035,-0.4328081511420345
3531,4.054817,4.502247114551748,-0.4474301145517483
3532,4.040764,4.501851313488817,-0.46108731348881715
3533,4.032097,4.50154028547658,-0.4694432854765793
3534,4.018509,4.501212596528871,-0.4827035965288715
3535,4.012726,4.500773053716761,-0.4880470537167616
3536,4.0091248,4.500134784267511,-0.4910099842675102
3537,3.9930725,4.499486664003843,-0.5064141640038433
3538,4.0050735,4.4988452699653685,-0.49377176996536853
3539,4.009529,4.4983190987595245,-0.48879009875952484
3540,4.0142975,4.497782047897338,-0.48348454789733797
3541,4.020241,4.497139029610213,-0.4768980296102123
3542,4.031006,4.496481491583216,-0.46547549158321644
3543,4.0344315,4.496311439113784,-0.4618799391137838
3544,4.045166,4.496037450843918,-0.450871450843918
3545,4.052887,4.495382900446573,-0.4424959004465725
3546,4.062561,4.494751772225741,-0.4321907722257414
3547,4.0786285,4.493987663788302,-0.4153591637883025
3548,4.113487,4.493533934367551,-0.38004693436755055
3549,4.1491528,4.49324562308154,-0.34409282308153966
3550,4.184697,4.492670435552232,-0.3079734355522321
3551,4.2177725,4.493364189789486,-0.27559168978948634
3552,4.246034,4.494158974145135,-0.248124974145135
3553,4.2671347,4.4940738934521915,-0.22693919345219182
3554,4.2787266,4.494070107257306,-0.21534350725730622
3555,4.2864914,4.4943043897438075,-0.20781298974380746
3556,4.280075,4.494724839539437,-0.21464983953943673
3557,4.267967,4.495150065260243,-0.22718306526024357
3558,4.262848,4.495673694713308,-0.23282569471330827
3559,4.2650604,4.496281736929333,-0.231221336929333
3560,4.2600937,4.496931329010828,-0.23683762901082872
3561,4.2481155,4.4977310762723555,-0.24961557627235553
3562,4.239151,4.498522714954173,-0.259371714954173
3563,4.2356567,4.499387141376122,-0.2637304413761221
3564,4.22583,4.5004622541916905,-0.27463225419169035
3565,4.2098007,4.5015278040379565,-0.29172710403795676
3566,4.19104,4.502566276477732,-0.311526276477732
3567,4.169342,4.503465138077354,-0.33412313807735394
3568,4.1546555,4.5043350344260995,-0.3496795344260999
3569,4.152405,4.50536987454685,-0.3529648745468501
3570,4.175743,4.507385013826152,-0.3316420138261522
3571,4.179283,4.509220921727591,-0.3299379217275913
3572,4.186844,4.510139945815496,-0.32329594581549603
3573,4.1953964,4.5111917533689345,-0.3157953533689346
3574,4.204727,4.512155399409762,-0.30742839940976197
3575,4.209503,4.51434904994744,-0.30484604994744036
3576,4.211342,4.516315482670277,-0.3049734826702766
3577,4.218193,4.517072480959576,-0.2988794809595756
3578,4.2089844,4.517742955159767,-0.30875855515976713
3579,4.2015,4.5185109124545635,-0.31701091245456325
3580,4.1975555,4.5194656078598685,-0.3219101078598685
3581,4.203644,4.520616088507415,-0.31697208850741543
3582,4.207756,4.522131971927415,-0.31437597192741507
3583,4.2066727,4.523747129345928,-0.31707442934592756
3584,4.1947174,4.52541219777917,-0.3306947977791701
3585,4.170326,4.5272965484573335,-0.35697054845733334
3586,4.150505,4.52959191496649,-0.37908691496649016
3587,4.128235,4.532276910626452,-0.4040419106264519
3588,4.11084,4.5350849026713265,-0.42424490267132686
3589,4.098625,4.538019101920108,-0.43939410192010797
3590,4.0936203,4.5412249336864745,-0.4476046336864741
3591,4.081604,4.544542813474962,-0.46293881347496235
3592,4.0763702,4.54802175935619,-0.4716515593561894
3593,4.0768356,4.551805774513658,-0.4749701745136585
3594,4.08062,4.555718914504617,-0.47509891450461694
3595,4.089592,4.559603298444691,-0.4700112984446916
3596,4.1018143,4.563532104619642,-0.4617178046196422
3597,4.109955,4.568267628635455,-0.4583126286354551
3598,4.117523,4.57499774459306,-0.4574747445930596
3599,4.1230316,4.580883272106209,-0.4578516721062087
3600,4.128311,4.584242518859025,-0.4559315188590247
3601,4.1326065,4.587615306516825,-0.4550088065168252
3602,4.1328583,4.590839706379564,-0.45798140637956397
3603,4.1277924,4.594069330875625,-0.46627693087562516
3604,4.1240845,4.597529821412732,-0.4734453214127319
3605,4.112488,4.6009149368748155,-0.48842693687481553
3606,4.103058,4.603899775875945,-0.5008417758759451
3607,4.0936127,4.606673051019955,-0.5130603510199547
3608,4.0874786,4.610611232877767,-0.5231326328777675
3609,4.086296,4.61470317209997,-0.5284071720999703
3610,4.0921783,4.617129778318245,-0.5249514783182452
3611,4.099716,4.61907231711731,-0.5193563171173103
3612,4.110794,4.620824282019511,-0.5100302820195104
3613,4.1292725,4.622492714608935,-0.49322021460893506
3614,4.147896,4.623787031326626,-0.4758910313266256
3615,4.1778793,4.6281730359052515,-0.4502937359052517
3616,4.2023315,4.632320009385739,-0.4299885093857396
3617,4.201744,4.632821567596244,-0.43107756759624394
3618,4.2053833,4.632936299218005,-0.4275529992180047
3619,4.2049866,4.6327126480879715,-0.42772604808797166
3620,4.2118683,4.632174377663649,-0.4203060776636489
3621,4.2130585,4.631416200117036,-0.41835770011703577
3622,4.210541,4.630368020968171,-0.4198270209681709
3623,4.2075577,4.629613400181186,-0.4220557001811862
3624,4.209282,4.628579851546534,-0.419297851546534
3625,4.2156143,4.626590996311159,-0.41097669631115874
3626,4.2117615,4.624454263941833,-0.4126927639418332
3627,4.2300797,4.622142177787373,-0.39206247778737247
3628,4.250267,4.621039517710622,-0.3707725177106216
3629,4.2656097,4.619799448913148,-0.35418974891314825
3630,4.2835236,4.61718118897068,-0.33365758897068076
3631,4.2945023,4.614452078020909,-0.3199497780209084
3632,4.297035,4.611483287132721,-0.31444828713272077
3633,4.29319,4.608526925386899,-0.31533692538689895
3634,4.2827377,4.605647702674735,-0.32291000267473446
3635,4.2661057,4.6029470124529865,-0.33684131245298676
3636,4.2528687,4.6004134043726514,-0.34754470437265184
3637,4.2434845,4.597978901290626,-0.3544944012906255
3638,4.237442,4.595784417149476,-0.35834241714947623
3639,4.2360687,4.593844249876788,-0.3577755498767887
3640,4.2380753,4.592318206669335,-0.35424290666933445
3641,4.247345,4.591441264981582,-0.34409626498158197
3642,4.2472916,4.591053107070023,-0.34376150707002306
3643,4.2560043,4.590713485900757,-0.33470918590075716
3644,4.267174,4.5907772643212414,-0.32360326432124165
3645,4.280605,4.591384368907254,-0.31077936890725333
3646,4.297108,4.59247385311605,-0.2953658531160501
3647,4.315259,4.594499348828754,-0.27924034882875404
3648,4.334852,4.597373398250015,-0.26252139825001564
3649,4.355683,4.600287028157439,-0.24460402815743887
3650,4.3775444,4.603613548100171,-0.2260691481001711
3651,4.4002323,4.607452555707546,-0.2072202557075462
3652,4.4235415,4.6116923901956905,-0.18815089019569076
3653,4.4445343,4.618105556052209,-0.1735712560522087
3654,4.45636,4.624908596437254,-0.16854859643725373
3655,4.4660034,4.63011421033847,-0.16411081033847008
3656,4.47773,4.635295763167898,-0.15756576316789772
3657,4.4956512,4.640932902594853,-0.14528170259485318
3658,4.5091553,4.64942844404025,-0.14027314404025049
3659,4.5260696,4.65879421018482,-0.1327246101848205
3660,4.542549,4.66567068905708,-0.1231216890570801
3661,4.555481,4.673456472378483,-0.1179754723784825
3662,4.5667953,4.68061987473267,-0.11382457473267049
3663,4.5682983,4.6878200712357145,-0.11952177123571417
3664,4.5683746,4.69497195760267,-0.12659735760266955
3665,4.5582504,4.702257266295109,-0.14400686629510862
3666,4.5396194,4.709520068840646,-0.16990066884064525
3667,4.520317,4.71703254088601,-0.19671554088600995
3668,4.4958267,4.723939810350182,-0.2281131103501819
3669,4.4732666,4.729697288972438,-0.25643068897243815
3670,4.4540634,4.735101849356616,-0.2810384493566165
3671,4.433998,4.739886321033746,-0.30588832103374575
3672,4.419945,4.743729672391112,-0.3237846723911115
3673,4.4002533,4.7467294591811395,-0.3464761591811394
3674,4.382225,4.74955382350845,-0.36732882350844953
3675,4.366829,4.751852722539131,-0.3850237225391311
3676,4.350189,4.752592593043352,-0.4024035930433518
3677,4.3348465,4.752311274889727,-0.41746477488972644
3678,4.3224564,4.751201792606128,-0.4287453926061282
3679,4.307022,4.74941249297582,-0.4423904929758198
3680,4.289345,4.747049485149121,-0.45770448514912143
3681,4.276825,4.744044724292957,-0.4672197242929572
3682,4.26458,4.740228469723244,-0.4756484697232448
3683,4.2563324,4.735904766192699,-0.4795723661926994
3684,4.241173,4.731141548600313,-0.4899685486003129
3685,4.2249603,4.726035093701157,-0.5010747937011564
3686,4.20903,4.720524262599735,-0.5114942625997347
3687,4.1917953,4.714811614381174,-0.5230163143811737
3688,4.1775513,4.708952227985508,-0.5314009279855076
3689,4.166725,4.703207319138434,-0.5364823191384342
3690,4.1739807,4.69743154616892,-0.5234508461689193
3691,4.171768,4.691518476256893,-0.5197504762568927
3692,4.171913,4.685552692608281,-0.5136396926082814
3693,4.179207,4.679598377987621,-0.5003913779876212
3694,4.18618,4.673680744784237,-0.4875007447842368
3695,4.1953964,4.667877427738979,-0.47248102773897926
3696,4.2085037,4.661918348088229,-0.45341464808822973
3697,4.226143,4.655832036066241,-0.4296890360662404
3698,4.2457123,4.64955680459417,-0.4038445045941703
3699,4.2707443,4.643136840932706,-0.37239254093270624
3700,4.3049393,4.636445723068146,-0.33150642306814593
3701,4.338043,4.62943445320955,-0.29139145320954984
3702,4.377075,4.621792854302017,-0.2447178543020172
3703,4.404251,4.613676321929176,-0.2094253219291753
3704,4.4322815,4.604853276609941,-0.17257177660994039
3705,4.4516754,4.595255414052813,-0.14358001405281318
3706,4.4561844,4.584991854204803,-0.12880745420480366
3707,4.455681,4.5735926245009475,-0.11791162450094728
3708,4.430977,4.561258088342342,-0.13028108834234153
3709,4.40596,4.548197456678699,-0.14223745667869903
3710,4.3658752,4.534441835309713,-0.1685666353097135
3711,4.333542,4.520034230568924,-0.18649223056892428
3712,4.3045273,4.504806778213668,-0.20027947821366787
3713,4.288727,4.4891346911508725,-0.20040769115087276
3714,4.2748947,4.472836676813074,-0.19794197681307413
3715,4.258583,4.456359781543106,-0.19777678154310596
3716,4.2424774,4.439978347157457,-0.19750094715745714
3717,4.215187,4.423988880509769,-0.20880188050976844
3718,4.1798325,4.409286713894575,-0.22945421389457543
3719,4.145607,4.394751313369076,-0.24914431336907583
3720,4.106407,4.379027199799188,-0.2726201997991877
3721,4.060013,4.363994547127006,-0.3039815471270062
3722,4.0145264,4.349818404425672,-0.3352920044256713
3723,3.9534607,4.336417106568564,-0.3829564065685638
3724,3.9026031,4.323951641674216,-0.4213485416742162
3725,3.8556366,4.312811542036711,-0.4571749420367106
3726,3.8185654,4.302385071705134,-0.4838196717051342
3727,3.7914352,4.2939324941792725,-0.5024972941792725
3728,3.7637253,4.287628146597738,-0.5239028465977382
3729,3.7509613,4.282956911383945,-0.5319956113839446
3730,3.7296143,4.2781047846544515,-0.5484904846544514
3731,3.7165833,4.274297639399458,-0.5577143393994577
3732,3.7090454,4.27155889505048,-0.5625134950504798
3733,3.708458,4.269877639693211,-0.5614196396932116
3734,3.7158813,4.269307804355483,-0.5534265043554831
3735,3.7269974,4.269770751416832,-0.542773351416832
3736,3.739563,4.2719832866104435,-0.5324202866104435
3737,3.7672806,4.274751982717972,-0.5074713827179722
3738,3.7799072,4.277243485669799,-0.49733628566979915
3739,3.7941818,4.280848797305975,-0.48666699730597474
3740,3.8186874,4.286210541902419,-0.4675231419024186
3741,3.8455276,4.292836541709073,-0.44730894170907254
3742,3.8667984,4.299386359672444,-0.432587959672444
3743,3.8884735,4.306332922484898,-0.4178594224848977
3744,3.890007,4.313697904504435,-0.42369090450443503
3745,3.8863678,4.3216227570036985,-0.43525495700369854
3746,3.8626022,4.330782561908196,-0.4681803619081957
3747,3.846138,4.340471476690021,-0.4943334766900209
3748,3.8393936,4.350013435970625,-0.5106198359706244
3749,3.838478,4.359295541307309,-0.5208175413073088
3750,3.8533478,4.368424452218408,-0.5150766522184078
3751,3.8750534,4.377395249883062,-0.5023418498830616
3752,3.9056473,4.386425757313681,-0.4807784573136811
3753,3.9415436,4.395425126952776,-0.4538815269527756
3754,3.9787598,4.407417385096905,-0.428657585096905
3755,4.037445,4.419970217584922,-0.38252521758492186
3756,4.0855103,4.429722499012583,-0.34421219901258304
3757,4.12661,4.438826248992006,-0.31221624899200595
3758,4.156502,4.447777181136453,-0.2912751811364531
3759,4.1781006,4.456763968034839,-0.2786633680348398
3760,4.1995926,4.466267720522191,-0.26667512052219067
3761,4.2622223,4.477915220744444,-0.21569292074444402
3762,4.2281876,4.488892075055594,-0.2607044750555936
3763,4.2093964,4.49743452212992,-0.28803812212991975
3764,4.1589203,4.50626118722476,-0.3473408872247603
3765,4.1083145,4.515312393435975,-0.4069978934359755
3766,4.0676193,4.524572788988325,-0.4569534889883258
3767,4.037842,4.536432346214959,-0.498590346214959
3768,4.0203247,4.548608134159807,-0.5282834341598068
3769,4.0238724,4.558299918577853,-0.5344275185778526
3770,4.0348663,4.567048008742098,-0.5321817087420984
3771,4.0441437,4.576054711148774,-0.5319110111487735
3772,4.065979,4.5850630270044626,-0.519084027004463
3773,4.0936203,4.594255325901846,-0.5006350259018459
3774,4.1234436,4.603450204468175,-0.48000660446817545
3775,4.159981,4.613944541725729,-0.45396354172572906
3776,4.198303,4.625421408315823,-0.42711840831582304
3777,4.2321854,4.63500459078554,-0.4028191907855403
3778,4.2656937,4.642616528014753,-0.3769228280147532
3779,4.2938995,4.649842578885212,-0.35594307888521204
3780,4.3313446,4.656668706070912,-0.32532410607091133
3781,4.370537,4.662927256414921,-0.29239025641492145
3782,4.40271,4.668468348347579,-0.26575834834757917
3783,4.4404144,4.676012467223322,-0.23559806722332244
3784,4.4788666,4.68267306452165,-0.20380646452164974
3785,4.5136566,4.686167733744799,-0.17251113374479932
3786,4.5407104,4.689087577603936,-0.14837717760393598
3787,4.5732346,4.691426522970866,-0.11819192297086545
3788,4.5998306,4.693130057035407,-0.09329945703540687
3789,4.6252213,4.694320203976837,-0.06909890397683682
3790,4.645584,4.69493647571406,-0.049352475714059985
3791,4.668129,4.695086399343504,-0.026957399343503496
3792,4.6920853,4.694938456630732,-0.0028531566307323786
3793,4.701027,4.695192830459779,0.00583416954022109
3794,4.719551,4.696673075476237,0.022877924523762694
3795,4.7330933,4.6964997990492465,0.036593500950753644
3796,4.748657,4.693635025280483,0.05502197471951664
3797,4.7411957,4.689863389651404,0.0513323103485952
3798,4.7564926,4.685851785545352,0.07064081445464776
3799,4.756462,4.686666037919864,0.06979596208013561
3800,4.759055,4.6900462137967445,0.06900878620325557
3801,4.7616906,4.692723566659545,0.06896703334045462
3802,4.766994,4.689991189906858,0.07700281009314214
3803,4.7739325,4.685515623354901,0.08841687664509923
3804,4.781473,4.681049972213894,0.10042302778610601
3805,4.7885838,4.67649158821917,0.11209221178082984
3806,4.794231,4.674404415040501,0.11982658495949927
3807,4.797383,4.672046356016168,0.12533664398383237
3808,4.800308,4.667224154642769,0.1330838453572314
3809,4.8054276,4.66250509374766,0.14292250625234004
3810,4.8050385,4.657877197621347,0.14716130237865332
3811,4.813614,4.653603198610115,0.16001080138988488
3812,4.7909546,4.649708448304767,0.14124615169523302
3813,4.778656,4.646223367469751,0.13243263253024917
3814,4.7717514,4.64379531080857,0.12795608919143042
3815,4.7712784,4.641525383194824,0.12975301680517592
3816,4.773239,4.638837527847841,0.13440147215215958
3817,4.7765503,4.636890830055816,0.139659469944184
3818,4.7832794,4.635358611950997,0.147920788049003
3819,4.7743607,4.634386387962125,0.13997431203787514
3820,4.774681,4.63411953395033,0.1405614660496699
3821,4.7747955,4.634577430587767,0.14021806941223236
3822,4.7876663,4.635992844455035,0.15167345554496503
3823,4.7943573,4.63825131126777,0.15610598873222958
3824,4.804123,4.641793718037383,0.16232928196261653
3825,4.8094025,4.646825512056761,0.16257698794323883
3826,4.8245773,4.652242030091631,0.1723352699083689
3827,4.811447,4.657867816315976,0.15357918368402412
3828,4.8129044,4.664246360599423,0.1486580394005772
3829,4.817627,4.671263331475589,0.14636366852441096
3830,4.82386,4.678609843991877,0.14525015600812274
3831,4.835312,4.685931782757056,0.14938021724294437
3832,4.845413,4.69396744454283,0.15144555545716987
3833,4.8582306,4.702665739968898,0.15556486003110148
3834,4.8731766,4.71177556677153,0.16140103322846944
3835,4.890663,4.72129767544415,0.16936532455584974
3836,4.908249,4.730881813718445,0.1773671862815549
3837,4.9271393,4.74083973620591,0.18629956379409052
3838,4.944641,4.75075719952643,0.19388380047356968
3839,4.9609528,4.762187896166137,0.19876490383386347
3840,4.975548,4.775250483187075,0.20029751681292485
3841,4.9920654,4.789307105394519,0.20275829460548156
3842,5.005417,4.802994957501424,0.20242204249857565
3843,5.00737,4.815359161472745,0.19201083852725453
3844,5.00943,4.82708741152226,0.18234258847773965
3845,5.009552,4.836700883333336,0.17285111666666442
3846,5.0068817,4.844957956758573,0.16192374324142733
3847,4.9896526,4.85116160120346,0.1384909987965406
3848,4.973767,4.855956700286192,0.11781029971380796
3849,4.9597425,4.861202182867241,0.09854031713275901
3850,4.9480977,4.866059525428217,0.08203817457178264
3851,4.9393487,4.869291950917054,0.07005674908294601
3852,4.9340134,4.871547853252974,0.06246554674702676
3853,4.953064,4.8733977701731135,0.07966622982688687
3854,5.020813,4.874889454550615,0.14592354544938502
3855,5.0390396,4.875917166028751,0.1631224339712487
3856,5.0397034,4.877398219190601,0.16230518080939849
3857,5.0518494,4.882519299874006,0.16933010012599414
3858,5.04924,4.886634442143675,0.1626055578563248
3859,5.050316,4.886855181280758,0.16346081871924145
3860,5.055313,4.88665888625738,0.16865411374261985
3861,5.0644684,4.886096625593827,0.17837177440617324
3862,5.067604,4.885086765037238,0.18251723496276195
3863,5.075737,4.88448855365828,0.1912484463417199
3864,5.0768585,4.8873632393811315,0.18949526061886868
3865,5.072571,4.888077814839744,0.1844931851602558
3866,5.057495,4.88485985830339,0.17263514169661054
3867,5.0307693,4.880985801378787,0.14978349862121298
3868,5.004814,4.8770856295076,0.1277283704923997
3869,4.9765396,4.873315212103908,0.10322438789609212
3870,4.9472885,4.870685606691893,0.07660289330810688
3871,4.9164505,4.868099030262443,0.04835146973755666
3872,4.8865356,4.864564710063048,0.021970889936952176
3873,4.8539734,4.861388194377368,-0.007414794377368139
3874,4.82251,4.858331655677476,-0.035821655677475306
3875,4.796715,4.855441328899562,-0.058726328899561864
3876,4.77845,4.853006824767875,-0.07455682476787473
3877,4.7678986,4.851094642217236,-0.08319604221723598
3878,4.7638702,4.849226956283035,-0.08535675628303441
3879,4.7632446,4.847835502632523,-0.08459090263252289
3880,4.769432,4.84662675171103,-0.07719475171102985
3881,4.7782364,4.845329156961426,-0.06709275696142569
3882,4.785881,4.84447404696791,-0.05859304696791057
3883,4.7920685,4.84394811860304,-0.051879618603040356
3884,4.794327,4.843748010173482,-0.049421010173482216
3885,4.789665,4.843865955310379,-0.05420095531037905
3886,4.7844696,4.844300053295806,-0.059830453295805164
3887,4.7752304,4.84511306758419,-0.06988266758419037
3888,4.7678986,4.8462833705224995,-0.07838477052249981
3889,4.767639,4.847714557054137,-0.08007555705413694
3890,4.7639236,4.849376849802948,-0.08545324980294833
3891,4.767647,4.8513282069938946,-0.08368120699389436
3892,4.7763367,4.853708286415774,-0.07737158641577402
3893,4.7843857,4.856420216113942,-0.07203451611394218
3894,4.7918625,4.859107468587499,-0.06724496858749962
3895,4.7967224,4.861914872623316,-0.06519247262331618
3896,4.801216,4.864887019052756,-0.06367101905275607
3897,4.811432,4.868063352387396,-0.05663135238739603
3898,4.8225937,4.871142453564958,-0.04854875356495825
3899,4.8362885,4.874178694418396,-0.03789019441839603
3900,4.8526764,4.877294401565283,-0.024618001565283265
3901,4.8700333,4.88040818710071,-0.010374887100709884
3902,4.8861313,4.883690987632732,0.0024403123672680493
3903,4.9062805,4.887083475809603,0.01919702419039737
3904,4.920311,4.891339135813312,0.028971864186687846
3905,4.9356537,4.895537703481704,0.04011599651829556
3906,4.9501495,4.8988658221635095,0.05128367783649068
3907,4.960327,4.902452140529722,0.05787485947027804
3908,4.9719315,4.906320562411898,0.06561093758810177
3909,4.9775543,4.910197283003781,0.06735701699621899
3910,4.9786606,4.9140929495570855,0.0645676504429149
3911,4.982292,4.918260353131423,0.06403164686857732
3912,4.978073,4.922478710711644,0.05559428928835608
3913,4.9717712,4.926654393695317,0.04511680630468273
3914,4.9622955,4.930851047200871,0.03144445279912844
3915,4.95002,4.935346186719973,0.014673813280027481
3916,4.9398346,4.939709102762525,0.00012549723747490305
3917,4.930588,4.943977864398302,-0.013389864398301476
3918,4.923805,4.94811352863581,-0.024308528635810234
3919,4.922943,4.952014900150394,-0.029071900150394292
3920,4.9254,4.955613721943418,-0.030213721943418648
3921,4.930702,4.958875973789952,-0.028173973789951567
3922,4.9418716,4.961762887551842,-0.01989128755184222
3923,4.95549,4.964080842864652,-0.008590842864651727
3924,4.965041,4.965883500435408,-0.0008425004354073451
3925,4.9714575,4.967251927511033,0.004205572488966247
3926,4.975437,4.967656255418285,0.007780744581715737
3927,4.9786096,4.966924093158861,0.01168550684113967
3928,4.9826035,4.965404293041491,0.01719920695850874
3929,4.9890494,4.96251655096855,0.026532849031450034
3930,4.999577,4.958528341269282,0.041048658730717946
3931,5.025734,4.953409816940145,0.07232418305985533
3932,5.053154,4.947167302647022,0.10598669735297772
3933,5.059807,4.939497765185852,0.12030923481414835
3934,5.063469,4.930420027017643,0.1330489729823574
3935,5.071518,4.920282412388761,0.15123558761123945
3936,5.0812225,4.909144617010327,0.1720778829896732
3937,5.0882187,4.897264855169476,0.19095384483052324
3938,5.0981064,4.88440011292098,0.2137062870790194
3939,5.104477,4.870246260450397,0.23423073954960305
3940,5.1069107,4.854992815693966,0.25191788430603435
3941,5.0909576,4.8391758520644546,0.25178174793554575
3942,5.0494385,4.822436853785327,0.22700164621467334
3943,4.986107,4.8042220301087575,0.18188496989124214
3944,4.910736,4.785108261957616,0.12562773804238425
3945,4.839157,4.7655602757422955,0.0735967242577047
3946,4.782776,4.745713318217653,0.03706268178234673
3947,4.741638,4.725747535768374,0.01589046423162621
3948,4.709717,4.70581787813132,0.0038991218686801332
3949,4.68499,4.685935287202227,-0.0009452872022270853
3950,4.6599884,4.666373806275545,-0.006385406275545513
3951,4.63546,4.647324549633669,-0.011864549633668453
3952,4.601883,4.628957410621061,-0.027074410621061418
3953,4.567444,4.611367602288893,-0.043923602288892916
3954,4.5268936,4.594492253033883,-0.06759865303388324
3955,4.4967575,4.578556421629192,-0.08179892162919167
3956,4.4740753,4.563752735677202,-0.08967743567720188
3957,4.4639816,4.550455331183037,-0.08647373118303658
3958,4.4554977,4.538584457933565,-0.08308675793356546
3959,4.4489136,4.527933771306975,-0.0790201713069747
3960,4.436241,4.518701370387143,-0.08246037038714338
3961,4.4220963,4.510964921417943,-0.0888686214179435
3962,4.4060135,4.504981439108803,-0.0989679391088032
3963,4.39637,4.500379664298532,-0.1040096642985322
3964,4.4023547,4.497052819441522,-0.09469811944152173
3965,4.41696,4.495050082281387,-0.07809008228138659
3966,4.4379106,4.494103322696774,-0.05619272269677378
3967,4.4629326,4.494989035150467,-0.03205643515046663
3968,4.489761,4.49725066919275,-0.007489669192750625
3969,4.5160985,4.500530893838816,0.015567606161184244
3970,4.5396805,4.505041800339354,0.03463869966064603
3971,4.5582323,4.510630588295474,0.04760171170452665
3972,4.5699005,4.517596375572822,0.052304124427178245
3973,4.573288,4.525626573062895,0.047661426937104956
3974,4.5776215,4.534143011652524,0.043478488347476585
3975,4.5869675,4.543296384313446,0.04367111568655435
3976,4.6034927,4.553189557386304,0.050303142613696394
3977,4.6209946,4.5641346866003545,0.05685991339964591
3978,4.6480865,4.575616651840539,0.07246984815946078
3979,4.6772766,4.587074434576675,0.09020216542332449
3980,4.7075806,4.598891999702322,0.10868860029767813
3981,4.7393417,4.610972608624276,0.12836909137572405
3982,4.7686234,4.623729808745949,0.14489359125405077
3983,4.7996216,4.636721256637595,0.16290034336240478
3984,4.8243256,4.649276971295219,0.175048628704781
3985,4.8457184,4.662140910385267,0.1835774896147333
3986,4.860565,4.6754706010896685,0.18509439891033175
3987,4.8714066,4.688739038922664,0.18266756107733606
3988,4.8827057,4.701732098082156,0.1809736019178434
3989,4.886116,4.714616044522576,0.17149995547742414
3990,4.890602,4.727394228317093,0.16320777168290768
3991,4.8915634,4.7414713435203755,0.15009205647962442
3992,4.88929,4.755723514249783,0.133566485750217
3993,4.88398,4.768841704242771,0.11513829575722934
3994,4.8765335,4.781583091701497,0.09495040829850243
3995,4.866852,4.794452264530178,0.07239973546982181
3996,4.8614197,4.807357064974347,0.05406263502565256
3997,4.853348,4.820380268936663,0.03296773106333717
3998,4.853836,4.833614939570221,0.02022106042977967
3999,4.8588333,4.846883714288281,0.011949585711718669
4000,4.8714676,4.860277962548149,0.011189637451851198
4001,4.885521,4.873597650255688,0.011923349744312084
4002,4.90271,4.887130012162098,0.015579987837901932
4003,4.924759,4.9006452073890685,0.024113792610931384
4004,4.936676,4.914019714407559,0.022656285592441705
4005,4.95459,4.927421074372169,0.02716892562783091
4006,4.9715347,4.9405890880620165,0.03094561193798384
4007,4.9892426,4.953462870619052,0.03577972938094742
4008,5.008522,4.965927437357623,0.042594562642377376
4009,5.0296783,4.977813426267433,0.05186487373256643
4010,5.0459332,4.989178496531677,0.05675470346832334
4011,5.0551844,4.999973083355761,0.05521131664423873
4012,5.060797,5.010182164958411,0.050614835041589146
4013,5.067061,5.019541663165385,0.047519336834614734
4014,5.0782657,5.028060167001781,0.05020553299821895
4015,5.106262,5.036139135356103,0.07012286464389739
4016,5.1213303,5.043608402600578,0.0777218973994227
4017,5.1240616,5.049372615922485,0.07468898407751468
4018,5.118416,5.05378224574012,0.06463375425988005
4019,5.1021347,5.056848066591971,0.045286633408029076
4020,5.0808487,5.058812402184287,0.02203629781571248
4021,5.0594177,5.059443385136756,-2.5685136756159466e-05
4022,5.0401154,5.0585697854984435,-0.018454385498443138
4023,5.0213394,5.056376287471446,-0.0350368874714464
4024,5.0029755,5.0527060491340405,-0.049730549134040736
4025,4.9768677,5.047902852206965,-0.07103515220696544
4026,4.936096,5.04257030808976,-0.10647430808976033
4027,4.8711166,5.035905061022121,-0.16478846102212152
4028,4.7856674,5.027321756631034,-0.24165435663103363
4029,4.6940002,5.01766234117992,-0.32366214117992076
4030,4.604149,5.007195664839602,-0.4030466648396027
4031,4.526764,4.995671141549386,-0.4689071415493862
4032,4.4627304,4.9833428666040245,-0.5206124666040246
4033,4.4070816,4.970414785332539,-0.5633331853325396
4034,4.359169,4.957155759202145,-0.5979867592021453
4035,4.3173523,4.9433691932753,-0.6260168932753007
4036,4.286148,4.928975837115701,-0.6428278371157008
4037,4.263466,4.914454814443852,-0.6509888144438518
4038,4.2517624,4.899804617149598,-0.6480422171495981
4039,4.2489777,4.884872317506394,-0.635894617506394
4040,4.2558746,4.869968322217441,-0.614093722217441
4041,4.2683487,4.855806086549296,-0.5874573865492962
4042,4.2861633,4.841860232487432,-0.5556969324874315
4043,4.3072433,4.827411434931506,-0.5201681349315059
4044,4.321739,4.812919903740847,-0.49118090374084744
4045,4.3323746,4.798580397742371,-0.46620579774237125
4046,4.3367157,4.7844698347619055,-0.4477541347619054
4047,4.33358,4.770608356978188,-0.4370283569781872
4048,4.327812,4.75708840158236,-0.42927640158236
4049,4.316841,4.743432568966676,-0.4265915689666757
4050,4.3084793,4.729494322216993,-0.4210150222169933
4051,4.2994766,4.715684715672577,-0.41620811567257654
4052,4.2927475,4.70209018244826,-0.4093426824482602
4053,4.2831497,4.688132759765152,-0.4049830597651516
4054,4.278206,4.674771816630693,-0.3965658166306927
4055,4.272522,4.661547557884889,-0.3890255578848887
4056,4.266388,4.6495809037349,-0.38319290373489956
4057,4.259918,4.637602209326283,-0.3776842093262829
4058,4.253647,4.624924160096171,-0.37127716009617107
4059,4.254944,4.612058284271211,-0.35711428427121117
4060,4.247711,4.599317195535644,-0.351606195535644
4061,4.2451324,4.586570940357673,-0.3414385403576725
4062,4.243576,4.573496307689937,-0.3299203076899371
4063,4.2490463,4.559979083969264,-0.31093278396926394
4064,4.250641,4.54640538773121,-0.29576438773120994
4065,4.2588425,4.532672461543704,-0.2738299615437043
4066,4.263489,4.520828932430595,-0.25733993243059494
4067,4.2628098,4.509813736905668,-0.24700393690566802
4068,4.265175,4.4986201500755305,-0.23344515007553035
4069,4.272522,4.4864592247378825,-0.21393722473788213
4070,4.2801285,4.474003429299061,-0.19387492929906092
4071,4.2936172,4.461659718142029,-0.16804251814202953
4072,4.3126526,4.450064314139403,-0.1374117141394029
4073,4.332428,4.43883367829318,-0.10640567829317948
4074,4.3517303,4.427345152402777,-0.07561485240277754
4075,4.3594975,4.415795266814427,-0.056297766814426886
4076,4.357321,4.403813748292586,-0.04649274829258587
4077,4.355428,4.391668897537413,-0.03624089753741355
4078,4.3538814,4.380264931905167,-0.026383531905167068
4079,4.3527417,4.3691561171507605,-0.016414417150760308
4080,4.3520713,4.360031989888694,-0.007960689888693473
4081,4.35701,4.351439729240106,0.005570270759894136
4082,4.3563538,4.341211501736031,0.015142298263969067
4083,4.3498154,4.33167314401547,0.018142255984529676
4084,4.3414917,4.322106431910418,0.01938526808958141
4085,4.33638,4.31264396756269,0.02373603243731015
4086,4.33136,4.304039612724426,0.027320387275573843
4087,4.329918,4.296836125836863,0.03308187416313757
4088,4.329277,4.291010638797132,0.03826636120286864
4089,4.327759,4.2864016177857165,0.041357382214283867
4090,4.3260727,4.2833848484431565,0.042687851556843626
4091,4.3263474,4.282336227990481,0.04401117200951976
4092,4.3243103,4.283204173876389,0.04110612612361031
4093,4.317375,4.285787556238032,0.03158744376196854
4094,4.3092957,4.290122667184506,0.019173032815493762
4095,4.299057,4.296589782873005,0.0024672171269957133
4096,4.29496,4.304909130696361,-0.009949130696361053
4097,4.290985,4.315823644759826,-0.02483864475982589
4098,4.286293,4.32883647015827,-0.04254347015826987
4099,4.2911987,4.342518321175751,-0.05131962117575117
4100,4.302391,4.357407333471205,-0.055016333471204604
4101,4.318161,4.3736210809146625,-0.05546008091466259
4102,4.337448,4.391321150854198,-0.05387315085419786
4103,4.3648605,4.411390111905614,-0.04652961190561378
4104,4.3899384,4.431944750643053,-0.042006350643053025
4105,4.4195633,4.453169573432557,-0.03360627343255729
4106,4.4530716,4.474861469322854,-0.02178986932285376
4107,4.4877396,4.496740565442378,-0.00900096544237794
4108,4.5144653,4.519324068176404,-0.004858768176403849
4109,4.547447,4.542411439704597,0.005035560295403307
4110,4.570511,4.565658626519129,0.004852373480870753
4111,4.6012344,4.588678911014174,0.012555488985825924
4112,4.62957,4.612434495549324,0.017135504450676464
4113,4.6569824,4.636320082181086,0.020662317818914033
4114,4.6812897,4.6597748993894585,0.02151480061054123
4115,4.7018814,4.682334911910197,0.019546488089803304
4116,4.718872,4.70416953619795,0.01470246380204987
4117,4.7388153,4.7252618819823455,0.013553418017654195
4118,4.758316,4.746640391467034,0.011675608532965676
4119,4.77359,4.767142820045745,0.0064471799542555885
4120,4.7881775,4.786709880381139,0.0014676196188609936
4121,4.7989807,4.805551442372082,-0.006570742372081995
4122,4.8037033,4.8239057368383405,-0.020202436838340887
4123,4.8038864,4.842311485744411,-0.038425085744411724
4124,4.795128,4.859971667666143,-0.06484366766614258
4125,4.783325,4.876660142251546,-0.09333514225154627
4126,4.765335,4.892334350857941,-0.12699935085794056
4127,4.751045,4.906941266715098,-0.15589626671509738
4128,4.72789,4.919643531003309,-0.19175353100330828
4129,4.7082367,4.9297349074010075,-0.2214982074010079
4130,4.690941,4.938696857157046,-0.2477558571570464
4131,4.6731873,4.946675836107733,-0.2734885361077328
4132,4.669586,4.952617687385638,-0.28303168738563844
4133,4.6648026,4.956701445100358,-0.29189884510035835
4134,4.667206,4.959551327094269,-0.2923453270942691
4135,4.6716385,4.961301255760776,-0.2896627557607756
4136,4.67614,4.9619127174931075,-0.2857727174931073
4137,4.6808624,4.961222962717966,-0.2803605627179664
4138,4.6799088,4.96001181694575,-0.2801030169457501
4139,4.68528,4.957439621016626,-0.27215962101662594
4140,4.6895447,4.953875322671385,-0.26433062267138485
4141,4.69648,4.949805824618936,-0.25332582461893605
4142,4.7003326,4.945618075093898,-0.24528547509389753
4143,4.7045746,4.941205753484634,-0.23663115348463393
4144,4.6913834,4.937409356945777,-0.24602595694577634
4145,4.683502,4.9333187428775505,-0.24981674287755062
4146,4.6746902,4.928736308920194,-0.2540461089201944
4147,4.6673203,4.924881467179839,-0.2575611671798388
4148,4.670738,4.920611186824349,-0.2498731868243489
4149,4.6725593,4.9159990011765675,-0.24343970117656788
4150,4.675547,4.911203994049812,-0.23565699404981189
4151,4.681685,4.906670738312436,-0.2249857383124363
4152,4.691667,4.902237478957245,-0.21057047895724512
4153,4.7061896,4.897759190632427,-0.19156959063242684
4154,4.7259464,4.893115371208177,-0.1671689712081772
4155,4.751634,4.888114991239551,-0.1364809912395506
4156,4.8136597,4.883043339623155,-0.06938363962315552
4157,4.838829,4.877770596601074,-0.03894159660107466
4158,4.837837,4.872427203311547,-0.03459020331154683
4159,4.8268356,4.866359331354692,-0.03952373135469234
4160,4.812706,4.859515709758795,-0.046809709758794504
4161,4.8066483,4.852445717641411,-0.045797417641410654
4162,4.80365,4.845208803363214,-0.04155880336321349
4163,4.8057632,4.839023673077057,-0.03326047307705693
4164,4.8104935,4.832384578216649,-0.021891078216649262
4165,4.816818,4.8252782942197765,-0.008460294219776898
4166,4.816803,4.8173278446959165,-0.0005248446959162933
4167,4.804962,4.809195334121847,-0.004233334121847676
4168,4.776367,4.800759721792023,-0.02439272179202323
4169,4.739357,4.792135241797217,-0.05277824179721691
4170,4.69928,4.7832350789037665,-0.08395507890376663
4171,4.665512,4.7740694614148635,-0.10855746141486389
4172,4.6360703,4.763951746935395,-0.12788144693539483
4173,4.6120377,4.753455918074714,-0.14141821807471366
4174,4.591316,4.742601823768317,-0.15128582376831723
4175,4.559593,4.73075745573655,-0.1711644557365508
4176,4.5167465,4.7179734997937315,-0.2012269997937315
4177,4.4711914,4.704550369241446,-0.23335896924144528
4178,4.4215317,4.690402763595051,-0.26887106359505086
4179,4.381691,4.675507547115071,-0.2938165471150711
4180,4.350395,4.659238270541021,-0.3088432705410211
4181,4.3312683,4.642874046797806,-0.31160574679780595
4182,4.318451,4.625676313625314,-0.307225313625314
4183,4.319931,4.607127791821788,-0.2871967918217875
4184,4.3176193,4.587974192739088,-0.2703548927390882
4185,4.322403,4.568001119819098,-0.24559811981909796
4186,4.322357,4.54768148699796,-0.22532448699795982
4187,4.3091583,4.52629715213345,-0.2171388521334503
4188,4.281044,4.50494645564467,-0.22390245564467026
4189,4.2538147,4.483592557632896,-0.2297778576328957
4190,4.2175293,4.46235382431379,-0.2448245243137901
4191,4.1772385,4.441568670916306,-0.2643301709163062
4192,4.1504974,4.421211845952855,-0.270714445952855
4193,4.119095,4.4017698756127155,-0.28267487561271576
4194,4.0906906,4.383090472204305,-0.29239987220430486
4195,4.05777,4.365237094495972,-0.30746709449597276
4196,4.0291443,4.3487523205865735,-0.3196080205865739
4197,3.9951324,4.333457082306196,-0.3383246823061956
4198,3.9646912,4.320693829262105,-0.3560026292621048
4199,3.9368362,4.309109627175304,-0.3722734271753039
4200,3.9185333,4.297550263776523,-0.3790169637765226
4201,3.9059372,4.287196793446583,-0.381259593446583
4202,3.9045563,4.278432919396309,-0.373876619396309
4203,3.9054947,4.271569480593202,-0.36607478059320187
4204,3.9114456,4.266190587922754,-0.354744987922754
4205,3.905548,4.262088552899261,-0.3565405528992609
4206,3.8979416,4.259344504255122,-0.3614029042551219
4207,3.8882675,4.2582901680982035,-0.3700226680982035
4208,3.8803253,4.258304231696045,-0.37797893169604535
4209,3.8701859,4.2590847510964025,-0.38889885109640243
4210,3.864296,4.260784188739723,-0.3964881887397227
4211,3.8571396,4.263414022082832,-0.4062744220828316
4212,3.8454208,4.267394611073897,-0.42197381107389687
4213,3.8301926,4.271749598998183,-0.4415569989981831
4214,3.8219376,4.275119977695508,-0.45318237769550773
4215,3.8109512,4.278361506505587,-0.46741030650558724
4216,3.8057938,4.281973866088653,-0.47618006608865304
4217,3.8004074,4.284938859264491,-0.4845314592644909
4218,3.796318,4.2875584729005185,-0.49124047290051864
4219,3.7941437,4.289979934090016,-0.495836234090016
4220,3.7944336,4.291997955762134,-0.49756435576213365
4221,3.791748,4.294187007084518,-0.5024390070845177
4222,3.791893,4.29561768665098,-0.5037246866509797
4223,3.7965927,4.295439512098326,-0.49884681209832626
4224,3.8041077,4.295614899327692,-0.49150719932769205
4225,3.821785,4.2954419846643015,-0.4736569846643013
4226,3.8436203,4.294353065580753,-0.45073276558075337
4227,3.8779297,4.293083721347376,-0.41515402134737567
4228,3.9056473,4.291986160740402,-0.3863388607404019
4229,3.9427109,4.290643901119479,-0.347933001119479
4230,3.9788818,4.289860907238074,-0.3109791072380741
4231,4.011757,4.287953978965504,-0.2761969789655039
4232,4.042366,4.285422638530701,-0.24305663853070048
4233,4.0523376,4.283580378876166,-0.2312427788761653
4234,4.052925,4.28188817308882,-0.22896317308881997
4235,4.0442276,4.280604039700017,-0.23637643970001676
4236,4.032196,4.278977480868853,-0.24678148086885354
4237,4.0292892,4.2780126125513345,-0.24872341255133446
4238,4.0320187,4.278359899802973,-0.24634119980297253
4239,4.03815,4.2798480254542195,-0.2416980254542196
4240,4.046786,4.281091050115581,-0.234305050115581
4241,4.057029,4.283109963803468,-0.22608096380346776
4242,4.0679812,4.286798136862589,-0.21881693686258874
4243,4.0787463,4.292950536249377,-0.214204236249377
4244,4.088425,4.29912121666207,-0.21069621666207006
4245,4.092293,4.305954666391029,-0.21366166639102957
4246,4.091484,4.313547284955942,-0.22206328495594185
4247,4.092781,4.322369262298684,-0.22958826229868468
4248,4.1020355,4.331788030623433,-0.2297525306234327
4249,4.1160583,4.34194853962127,-0.22589023962127008
4250,4.1377563,4.353228574695545,-0.21547227469554464
4251,4.1603165,4.365589079985984,-0.20527257998598358
4252,4.191414,4.379906150225418,-0.188492150225418
4253,4.2189026,4.396297462778111,-0.17739486277811078
4254,4.2464447,4.411923928328894,-0.16547922832889395
4255,4.2712784,4.426011331922878,-0.1547329319228785
4256,4.2890015,4.440772202103444,-0.1517707021034438
4257,4.3008804,4.456439289592377,-0.15555888959237762
4258,4.303116,4.472692255521822,-0.16957625552182165
4259,4.3067017,4.490097897698498,-0.18339619769849858
4260,4.311577,4.508118937464137,-0.19654193746413728
4261,4.325287,4.525947285601093,-0.20066028560109306
4262,4.3335037,4.543317661685362,-0.20981396168536204
4263,4.3443985,4.559800666887866,-0.2154021668878663
4264,4.362526,4.575660956847739,-0.21313495684773898
4265,4.383316,4.592504200983875,-0.20918820098387503
4266,4.404434,4.60935873709709,-0.20492473709709014
4267,4.429283,4.623578711738249,-0.1942957117382491
4268,4.455391,4.636653592555834,-0.181262592555834
4269,4.4794006,4.6491683631609595,-0.16976776316095954
4270,4.5020676,4.659755675011887,-0.15768807501188675
4271,4.5263367,4.668119555541406,-0.1417828555414058
4272,4.558716,4.675158592764411,-0.11644259276441016
4273,4.5759354,4.680932550193421,-0.10499715019342126
4274,4.5978317,4.685252854689644,-0.08742115468964329
4275,4.6179886,4.687822327642089,-0.06983372764208884
4276,4.636467,4.6891121539580665,-0.05264515395806679
4277,4.650711,4.689106124239203,-0.03839512423920244
4278,4.661728,4.68771432767767,-0.025986327677669507
4279,4.6671906,4.685352325137449,-0.018161725137449736
4280,4.6724777,4.681751606882373,-0.009273906882373062
4281,4.67511,4.677056584567406,-0.001946584567406262
4282,4.6756744,4.671598373313662,0.004076026686337997
4283,4.67511,4.665453431401759,0.009656568598241044
4284,4.6655273,4.659004810654652,0.006522489345347715
4285,4.6517563,4.652050307817124,-0.00029400781712407564
4286,4.6265717,4.644756807057397,-0.01818510705739662
4287,4.5847473,4.637540319161323,-0.05279301916132262
4288,4.535187,4.630652296496623,-0.09546529649662361
4289,4.4851,4.623982688214762,-0.13888268821476224
4290,4.438904,4.6174058856280435,-0.1785018856280436
4291,4.402046,4.611010008780002,-0.20896400878000154
4292,4.37191,4.605063318444584,-0.2331533184445842
4293,4.350548,4.599409226519957,-0.24886122651995723
4294,4.338974,4.594739589788458,-0.2557655897884574
4295,4.3380737,4.590415324937341,-0.25234162493734136
4296,4.348892,4.586585841063798,-0.23769384106379743
4297,4.3487473,4.583562168876404,-0.2348148688764038
4298,4.3571014,4.581114740730518,-0.22401334073051782
4299,4.3602576,4.581133102070214,-0.22087550207021422
4300,4.3724318,4.581867887412848,-0.2094360874128478
4301,4.394092,4.581267339275017,-0.18717533927501773
4302,4.4224334,4.581273720611369,-0.1588403206113691
4303,4.454653,4.581993264491863,-0.12734026449186242
4304,4.487945,4.583797878161838,-0.09585287816183818
4305,4.519506,4.586480256733747,-0.06697425673374724
4306,4.54653,4.589952223033662,-0.04342222303366228
4307,4.571312,4.594004758972782,-0.022692758972782556
4308,4.6024857,4.5986754453707945,0.0038102546292053674
4309,4.6320724,4.604626896313939,0.027445503686061024
4310,4.663292,4.6115069384273895,0.05178506157261076
4311,4.6919556,4.618795536294119,0.07316006370588113
4312,4.7217712,4.6262480154435535,0.0955231845564466
4313,4.739212,4.634087681320276,0.10512431867972438
4314,4.751915,4.642826743369722,0.10908825663027866
4315,4.763359,4.6523194417418425,0.11103955825815781
4316,4.7716675,4.6616837875979344,0.10998371240206595
4317,4.780266,4.67155229238049,0.10871370761951038
4318,4.7866135,4.681860176142941,0.10475332385705904
4319,4.7899704,4.691820865718668,0.09814953428133144
4320,4.796707,4.701205621494078,0.09550137850592133
4321,4.8028793,4.710060289451611,0.09281901054838926
4322,4.808197,4.718877293163404,0.08931970683659607
4323,4.8212357,4.728791861045854,0.09244383895414554
4324,4.8191605,4.738267100273562,0.08089339972643739
4325,4.8221054,4.746307079056983,0.07579832094301686
4326,4.8251343,4.753826312499389,0.07130798750061107
4327,4.82518,4.760754202206605,0.06442579779339486
4328,4.8270645,4.767106206296837,0.05995829370316308
4329,4.828766,4.773225146648365,0.05554085335163528
4330,4.830986,4.779118410086811,0.05186758991318907
4331,4.8323364,4.784903557964454,0.047432842035545875
4332,4.8335724,4.790469140357124,0.043103259642876424
4333,4.839447,4.795841871863566,0.043605128136434246
4334,4.84433,4.801169083273656,0.043160916726344034
4335,4.8538437,4.806313972039126,0.047529727960873736
4336,4.865959,4.811371540016578,0.05458745998342174
4337,4.877327,4.816424326167644,0.06090267383235659
4338,4.887619,4.821378493287463,0.06624050671253734
4339,4.8984985,4.82609479778594,0.07240370221405978
4340,4.9070206,4.83051164069472,0.07650895930528012
4341,4.9133835,4.834583551731192,0.07879994826880843
4342,4.9201508,4.838464318527913,0.08168648147208746
4343,4.928566,4.842185683395445,0.08638031660455514
4344,4.940094,4.8458213990977095,0.09427260090229073
4345,4.9506607,4.849098207114373,0.10156249288562691
4346,4.962837,4.8521517525163125,0.11068524748368791
4347,4.9742584,4.855175517323962,0.11908288267603773
4348,4.981056,4.858125062186113,0.12293093781388631
4349,4.990593,4.861389635805741,0.12920336419425826
4350,4.9963913,4.864330382362694,0.13206091763730576
4351,4.999977,4.866741257233898,0.13323574276610195
4352,4.996788,4.869268489389101,0.12751951061089883
4353,4.9938736,4.871989572051418,0.12188402794858177
4354,4.9927063,4.874884500496934,0.1178217995030657
4355,4.9900055,4.877832523609197,0.11217297639080304
4356,4.983383,4.880845945975046,0.10253705402495417
4357,4.9762497,4.883956035943175,0.09229366405682526
4358,4.969063,4.8872565103588155,0.08180648964118475
4359,4.9657974,4.890835876250132,0.07496152374986753
4360,4.965645,4.8945065479826315,0.07113845201736879
4361,4.9694366,4.900033221279721,0.06940337872027857
4362,4.972618,4.905845779442593,0.06677222055740639
4363,4.9766235,4.9099650322050055,0.06665846779499418
4364,4.9813843,4.914165314949166,0.06721898505083423
4365,4.9887466,4.918319781158302,0.07042681884169788
4366,4.998932,4.92234968001569,0.07658231998431031
4367,5.0097733,4.926303715992137,0.08346958400786342
4368,5.0236588,4.930120059902955,0.09353874009704466
4369,5.038582,4.933957133532873,0.10462486646712676
4370,5.0514145,4.937521195552426,0.11389330444757384
4371,5.064949,4.9407473801583,0.12420161984169997
4372,5.076538,4.9438605265880335,0.13267747341196667
4373,5.080925,4.946750114024731,0.13417488597526894
4374,5.081127,4.949561585279822,0.13156541472017835
4375,5.081212,4.952088045412554,0.1291239545874454
4376,5.081232,4.954305676792263,0.1269263232077371
4377,5.0812397,4.956273906628344,0.12496579337165592
4378,5.081286,4.957980432836367,0.12330556716363361
4379,5.0814233,4.959500597112835,0.121922702887165
4380,5.0817037,4.960884150373278,0.12081954962672192
4381,5.105049,4.962051100619374,0.14299789938062624
4382,5.1077957,4.9630173537168965,0.14477834628310315
4383,5.102066,4.963720989412637,0.13834501058736315
4384,5.101158,4.964241521009673,0.13691647899032677
4385,5.1044693,4.964669088930527,0.13980021106947316
4386,5.110779,4.96525402557231,0.14552497442768964
4387,5.120369,4.966029208710315,0.15433979128968556
4388,5.1314087,4.966292615318688,0.165116084681312
4389,5.1463547,4.966203491029726,0.18015120897027348
4390,5.1535187,4.966020102926403,0.1874985970735974
4391,5.163391,4.965730396039736,0.19766060396026397
4392,5.1622696,4.965193433622315,0.197076166377685
4393,5.14608,4.964498847590947,0.18158115240905381
4394,5.1168137,4.963616317329793,0.1531973826702071
4395,5.084099,4.962601786615116,0.12149721338488373
4396,5.0514374,4.961299759503073,0.09013764049692696
4397,5.023491,4.959662919945236,0.0638280800547637
4398,5.000061,4.957837708750652,0.042223291249347206
4399,4.9799347,4.955732979472433,0.024201720527567083
4400,4.9584427,4.953581532716651,0.004861167283348955
4401,4.936409,4.951228176002532,-0.014819176002531798
4402,4.9120407,4.948679927930055,-0.036639227930054474
4403,4.8865814,4.946204457575886,-0.059623057575886484
4404,4.8650436,4.943645015755351,-0.07860141575535096
4405,4.8496857,4.9412772731621,-0.0915915731621002
4406,4.8366623,4.939040526821156,-0.1023782268211555
4407,4.8287735,4.936699518487909,-0.10792601848790984
4408,4.8209915,4.934350478753073,-0.1133589787530731
4409,4.817787,4.932219649356382,-0.11443264935638187
4410,4.819893,4.930535971517074,-0.11064297151707336
4411,4.8255157,4.929152906107322,-0.10363720610732141
4412,4.8347626,4.927570485388876,-0.09280788538887563
4413,4.8448334,4.925900677723299,-0.08106727772329947
4414,4.848625,4.924416121701734,-0.07579112170173374
4415,4.8480606,4.922824564837167,-0.07476396483716652
4416,4.845299,4.920841237193008,-0.0755422371930079
4417,4.842064,4.918466296302385,-0.07640229630238515
4418,4.8381653,4.916081699439609,-0.0779163994396086
4419,4.838791,4.913144553780923,-0.07435355378092368
4420,4.840912,4.909910306086272,-0.06899830608627155
4421,4.849327,4.905856150388712,-0.056529150388712424
4422,4.8600082,4.901136530753139,-0.04112833075313915
4423,4.8739166,4.895588985094279,-0.021672385094278823
4424,4.8902893,4.8894031556815465,0.0008861443184535744
4425,4.903328,4.882585441584321,0.02074255841567929
4426,4.9123154,4.874882102142822,0.03743329785717808
4427,4.9213867,4.866427551767223,0.054959148232777366
4428,4.9202347,4.857030975822924,0.0632037241770762
4429,4.9093018,4.84685712456518,0.06244467543481935
4430,4.8782654,4.836152064361461,0.04211333563853881
4431,4.835045,4.824712863766551,0.010332136233449418
4432,4.7893295,4.812608362184647,-0.023278862184646698
4433,4.7502213,4.799686082957186,-0.04946478295718659
4434,4.715393,4.7865597128712665,-0.07116671287126675
4435,4.6952896,4.773479242661288,-0.0781896426612887
4436,4.6811447,4.7606315183383225,-0.0794868183383226
4437,4.6739807,4.74836173591319,-0.07438103591318956
4438,4.674965,4.736337098584494,-0.061372098584493884
4439,4.679825,4.724204936136072,-0.04437993613607194
4440,4.6843033,4.712840473588995,-0.02853717358899477
4441,4.684067,4.702869181929599,-0.01880218192959937
4442,4.6733856,4.693218597130636,-0.019832997130636798
4443,4.646431,4.684371136689094,-0.03794013668909457
4444,4.606514,4.676556748950832,-0.07004274895083196
4445,4.5551987,4.66957805843637,-0.11437935843636993
4446,4.505211,4.66331083068069,-0.15809983068068956
4447,4.462326,4.657941985596447,-0.19561598559644722
4448,4.427643,4.653749670220787,-0.226106670220787
4449,4.3979263,4.650524103438946,-0.2525978034389462
4450,4.39681,4.648465543955185,-0.2516555439551844
4451,4.4034305,4.64663338499949,-0.24320288499948983
4452,4.414112,4.645130240428104,-0.23101824042810382
4453,4.428337,4.6443154686403,-0.21597846864029968
4454,4.4455867,4.644077364223667,-0.1984906642236668
4455,4.4653416,4.644651193516768,-0.17930959351676723
4456,4.4870844,4.6457637561618075,-0.15867935616180784
4457,4.510296,4.646673842869132,-0.13637784286913135
4458,4.541641,4.647605760214735,-0.10596476021473489
4459,4.5803223,4.648929781467203,-0.06860748146720308
4460,4.622864,4.651028717248939,-0.028164717248938764
4461,4.6642914,4.653017715258208,0.011273684741791357
4462,4.7021027,4.653925741120652,0.04817695887934814
4463,4.7409134,4.654194397746665,0.08671900225333484
4464,4.777458,4.653278193188901,0.12417980681109952
4465,4.8136063,4.652305800103883,0.16130049989611717
4466,4.847664,4.650526429799569,0.19713757020043055
4467,4.880417,4.647652564646475,0.2327644353535243
4468,4.91201,4.644490593606908,0.2675194063930926
4469,4.940735,4.641213179296006,0.299521820703994
4470,4.966919,4.638075768417157,0.3288432315828427
4471,4.988159,4.635221660937522,0.3529373390624775
4472,5.004135,4.632078337516365,0.3720566624836348
4473,5.0142365,4.628502835252715,0.3857336647472849
4474,5.0211716,4.624756540906415,0.39641505909358443
4475,5.02256,4.621530205682216,0.4010297943177843
4476,5.023247,4.618917129681629,0.40432987031837087
4477,5.02256,4.616129779864613,0.40643022013538754
4478,5.0225143,4.6133437857718045,0.4091705142281956
4479,5.0204697,4.610710865533967,0.40975883446603234
4480,5.019165,4.608466156629922,0.4106988433700778
4481,5.016136,4.606623951281136,0.40951204871886393
4482,5.011627,4.60410721904069,0.4075197809593094
4483,5.0031357,4.601797200814847,0.40133849918515274
4484,4.994606,4.599943907899125,0.3946620921008748
4485,4.981346,4.598738239378551,0.3826077606214495
4486,4.970215,4.597835388439868,0.3723796115601319
4487,4.9665833,4.597288302753798,0.3692949972462021
4488,4.964493,4.597301422797535,0.3671915772024654
4489,4.9660797,4.597976071759409,0.36810362824059073
4490,4.9713745,4.598896722709455,0.37247777729054476
4491,4.980194,4.600551646678146,0.37964235332185403
4492,4.992119,4.602875043447574,0.38924395655242616
4493,5.003067,4.605544993387921,0.39752200661207837
4494,5.0103683,4.608525037376153,0.4018432626238466
4495,5.018265,4.612139620389337,0.4061253796106632
4496,5.0262527,4.615659097260806,0.4105936027391941
4497,5.0318146,4.6195870425147465,0.4122275574852532
4498,5.036621,4.623779113246811,0.41284188675318934
4499,5.0367737,4.6285712038204885,0.4082024961795119
4500,5.0293427,4.633644294113458,0.3956984058865416
4501,5.023613,4.6392803773605795,0.3843326226394206
4502,5.012596,4.644719575359631,0.36787642464036896
4503,5.0052643,4.6504226150504,0.35484168494960056
4504,4.9954453,4.656750213703009,0.3386950862969913
4505,4.989029,4.6642982991576245,0.3247307008423759
4506,4.9844513,4.671939764676977,0.312511535323023
4507,4.9853287,4.678878921505425,0.3064497784945752
4508,4.984825,4.685976899179846,0.29884810082015356
4509,4.9880905,4.693307833595642,0.294782666404358
4510,5.005371,4.700532468214876,0.30483853178512454
4511,5.0187607,4.707723043084236,0.31103765691576335
4512,5.0359955,4.714624845327031,0.3213706546729691
4513,5.0551224,4.721552955194234,0.3335694448057662
4514,5.0749893,4.728759487885625,0.346229812114375
4515,5.0981293,4.735663930701044,0.3624653692989561
4516,5.1091385,4.74243546744066,0.36670303255934034
4517,5.122635,4.748907855104934,0.3737271448950654
4518,5.131195,4.755330861727151,0.37586413827284915
4519,5.139244,4.761951041391631,0.3772929586083684
4520,5.1426315,4.768246796858197,0.3743847031418035
4521,5.148262,4.774366198386928,0.373895801613072
4522,5.1518173,4.78049349878738,0.3713238012126201
4523,5.15847,4.786762881177766,0.3717071188222345
4524,5.165848,4.793062304318358,0.37278569568164244
4525,5.1783447,4.799318227095966,0.3790264729040347
4526,5.1943283,4.80553719058054,0.3887911094194596
4527,5.2115173,4.811743809974048,0.39977349002595197
4528,5.23188,4.817926998238704,0.41395300176129624
4529,5.2510605,4.824000001342119,0.4270604986578812
4530,5.271538,4.8300477108729645,0.44149028912703514
4531,5.289833,4.836062079298652,0.4537709207013476
4532,5.306465,4.841784813569378,0.4646801864306225
4533,5.3226013,4.847524231667424,0.4750770683325758
4534,5.335869,4.853218719076617,0.4826502809233828
4535,5.3466187,4.858629816904828,0.48798888309517174
4536,5.3572235,4.86385214009149,0.4933713599085099
4537,5.3656464,4.8687633135909545,0.49688308640904566
4538,5.374237,4.873426387767036,0.5008106122329643
4539,5.381798,4.8779757942065425,0.5038222057934574
4540,5.3868256,4.882410026067835,0.5044155739321647
4541,5.3922195,4.886536502158999,0.5056829978410011
4542,5.396782,4.890347369727399,0.5064346302726008
4543,5.399269,4.893898341183729,0.505370658816271
4544,5.4004135,4.897590233248297,0.5028232667517027
4545,5.397438,4.900810644157303,0.4966273558426968
4546,5.3921814,4.903539778536096,0.4886416214639038
4547,5.384033,4.905911092720107,0.4781219072798928
4548,5.3782578,4.907925497087119,0.4703323029128814
4549,5.372055,4.909728533397572,0.4623264666024278
4550,5.368866,4.911370920330954,0.45749507966904535
4551,5.36763,4.912847724259056,0.45478227574094454
4552,5.368393,4.91409642084163,0.4542965791583704
4553,5.369728,4.915549881213963,0.45417811878603764
4554,5.3721924,4.916727823294844,0.4554645767051566
4555,5.373909,4.917445226690399,0.45646377330960153
4556,5.3722763,4.918148154743904,0.4541281452560959
4557,5.370697,4.918769792285904,0.4519272077140961
4558,5.3697357,4.919491790235286,0.45024390976471373
4559,5.3715363,4.920413456908314,0.45112284309168604
4560,5.371727,4.921596002538266,0.45013099746173424
4561,5.3724823,4.923003225194201,0.4494790748057991
4562,5.3751526,4.924601098531703,0.45055150146829703
4563,5.3759384,4.926570311604483,0.44936808839551645
4564,5.378937,4.929032897678911,0.4499041023210886
4565,5.38517,4.932214963717819,0.45295503628218015
4566,5.385048,4.936061652351732,0.44898634764826806
4567,5.3879466,4.940547463281605,0.4473991367183956
4568,5.3884606,4.94563271639117,0.44282788360882996
4569,5.3887086,4.951397630299377,0.437310969700623
4570,5.388916,4.958353688834693,0.43056231116530697
4571,5.38931,4.966142713266584,0.42316728673341597
4572,5.390116,4.97427980454193,0.4158361954580698
4573,5.3942947,4.982902603308792,0.41139209669120724
4574,5.409828,4.992133094708458,0.4176949052915422
4575,5.4106827,5.001991462333647,0.4086912376663525
4576,5.412065,5.012461034127282,0.39960396587271774
4577,5.415758,5.023279265866652,0.39247873413334844
4578,5.42108,5.034269727097839,0.38681027290216097
4579,5.4273486,5.045370908242996,0.3819776917570046
4580,5.4338827,5.056496904790116,0.377385795209884
4581,5.44,5.067529405570726,0.37247059442927455
4582,5.445019,5.0783559442027935,0.3666630557972068
4583,5.4533386,5.088737550080024,0.3646010499199761
4584,5.463562,5.098442130514373,0.3651198694856266
4585,5.4733505,5.1074706477518435,0.3658798522481561
4586,5.4860916,5.11573003336409,0.3703615666359097
4587,5.495575,5.122922968465764,0.3726520315342361
4588,5.505623,5.128791710679021,0.37683128932097887
4589,5.5125275,5.133205887374192,0.3793216126258079
4590,5.5226746,5.136142428527937,0.3865321714720631
4591,5.5296707,5.13757828180395,0.39209241819604923
4592,5.537575,5.137332841801817,0.400242158198183
4593,5.5416718,5.135269125536841,0.40640267446315903
4594,5.5442886,5.131429266389463,0.4128593336105366
4595,5.544388,5.125892664949994,0.4184953350500056
4596,5.542404,5.118766611502763,0.4236373884972373
4597,5.5373917,5.109972252808973,0.42741944719102687
4598,5.528412,5.09944349315331,0.4289685068466902
4599,5.5152283,5.087333878194825,0.427894421805175
4600,5.4979095,5.073826384502821,0.4240831154971785
4601,5.474907,5.0591429493126086,0.4157640506873914
4602,5.4510193,5.0432195265083255,0.40779977349167407
4603,5.427452,5.026228448970879,0.4012235510291209
4604,5.4008713,5.008440048565011,0.39243125143498947
4605,5.37027,4.9901488891244075,0.3801211108755922
4606,5.344223,4.9716471198474,0.3725758801526
4607,5.315117,4.952902841541822,0.36221415845817795
4608,5.2981033,4.933908880930067,0.3641944190699329
4609,5.2747345,4.915201099742288,0.3595334002577122
4610,5.2635117,4.897056817573676,0.3664548824263232
4611,5.2514877,4.879834211044415,0.3716534889555856
4612,5.2316895,4.863498650924613,0.3681908490753871
4613,5.1900177,4.8482461294523205,0.3417715705476798
4614,5.1362305,4.834393422467328,0.30183707753267175
4615,5.0720444,4.822038228897761,0.250006171102239
4616,5.0057373,4.811457532347601,0.1942797676523984
4617,4.9487457,4.802234632305427,0.1465110676945729
4618,4.899292,4.794336794895234,0.10495520510476641
4619,4.8590164,4.788418662012643,0.0705977379873568
4620,4.8319397,4.784515398562501,0.04742430143749932
4621,4.81678,4.782988702167932,0.03379129783206736
4622,4.8146896,4.783255438412042,0.03143416158795809
4623,4.8251343,4.785171974419076,0.03996232558092405
4624,4.845994,4.788672650661399,0.05732134933860156
4625,4.864186,4.792931900817201,0.07125409918279946
4626,4.881969,4.797963141922557,0.08400585807744321
4627,4.9016037,4.806172178755548,0.09543152124445164
4628,4.92535,4.816358652991008,0.10899134700899182
4629,4.955469,4.826026245746798,0.12944275425320217
4630,4.9942203,4.836024509014588,0.15819579098541237
4631,5.061676,4.84664314133691,0.21503285866308985
4632,5.1054077,4.857839781041414,0.24756791895858576
4633,5.129936,4.868667306087588,0.26126869391241225
4634,5.156151,4.8788566709868375,0.27729432901316287
4635,5.180069,4.889012147082126,0.2910568529178734
4636,5.2020416,4.89853699876177,0.3035046012382301
4637,5.223854,4.907504217789825,0.3163497822101755
4638,5.2431946,4.915446602458106,0.327747997541894
4639,5.262306,4.922557375886061,0.33974862411393847
4640,5.27919,4.928835505599728,0.3503544944002721
4641,5.2946777,4.9357898197528405,0.3588878802471598
4642,5.3083878,4.94144101294363,0.36694678705636985
4643,5.317871,4.945441092040741,0.37242990795925923
4644,5.318161,4.9483599997412355,0.3698010002587644
4645,5.3040466,4.950145602912439,0.3539009970875613
4646,5.2836,4.951312228351988,0.33228777164801215
4647,5.2532425,4.951390221801891,0.3018522781981092
4648,5.2145157,4.949417927238278,0.2650977727617221
4649,5.175171,4.945883428432209,0.22928757156779067
4650,5.129341,4.941179375566861,0.188161624433139
4651,5.077034,4.935531691877372,0.14150230812262787
4652,5.0246353,4.928785558085223,0.09584974191477702
4653,4.968292,4.920675786527568,0.04761621347243228
4654,4.898918,4.91165320414919,-0.01273520414919016
4655,4.828697,4.901606141864112,-0.07290914186411168
4656,4.7585983,4.891300782027694,-0.1327024820276943
4657,4.681885,4.880025359813999,-0.19814035981399858
4658,4.6050034,4.866674231601771,-0.26167083160177107
4659,4.5317307,4.8523524068135995,-0.3206217068135997
4660,4.4583054,4.838280847266987,-0.37997544726698695
4661,4.3923035,4.823924071025004,-0.43162057102500473
4662,4.332199,4.809341536250113,-0.4771425362501125
4663,4.2788696,4.794127591764813,-0.5152579917648126
4664,4.2354965,4.778626841592207,-0.5431303415922066
4665,4.202057,4.762503499542382,-0.5604464995423823
4666,4.178604,4.746967240409745,-0.5683632404097452
4667,4.17202,4.731620777518423,-0.5596007775184235
4668,4.17173,4.716196689790832,-0.5444666897908315
4669,4.178215,4.70090356807074,-0.5226885680707403
4670,4.1971283,4.68553908179924,-0.4884107817992396
4671,4.2180176,4.670962966324379,-0.45294536632437943
4672,4.24012,4.656663833779599,-0.416543833779599
4673,4.2607956,4.643737492429803,-0.3829418924298036
4674,4.2834625,4.631961722147059,-0.3484992221470593
4675,4.312752,4.6208673074580044,-0.30811530745800475
4676,4.335663,4.610647493213761,-0.2749844932137604
4677,4.363426,4.600991205261954,-0.23756520526195413
4678,4.376999,4.5912936726708065,-0.21429467267080682
4679,4.4023438,4.5824088714172095,-0.18006507141720984
4680,4.424843,4.574984040968839,-0.15014104096883862
4681,4.4423904,4.5693536943504744,-0.1269632943504746
4682,4.4609604,4.565231280630094,-0.10427088063009382
4683,4.484665,4.561528825103947,-0.07686382510394729
4684,4.5059814,4.558343184314798,-0.05236178431479832
4685,4.529869,4.55523185750112,-0.025362857501120217
4686,4.558075,4.553045498484229,0.00502950151577064
4687,4.5867844,4.55197186907342,0.034812530926579655
4688,4.610588,4.550895626666384,0.059692373333615656
4689,4.6219788,4.550358256682056,0.07162054331794376
4690,4.6238327,4.54992052194897,0.07391217805103079
4691,4.618225,4.549688164861863,0.06853683513813724
4692,4.6138535,4.550185183990426,0.0636683160095739
4693,4.612811,4.550479562886212,0.06233143711378819
4694,4.610483,4.550990819845451,0.0594921801545496
4695,4.6068306,4.552295314304654,0.05453528569534605
4696,4.601813,4.554009211863093,0.04780378813690689
4697,4.59539,4.55523233687468,0.040157663125319765
4698,4.5875225,4.556315983306109,0.031206516693891295
4699,4.578171,4.557134067021512,0.021036932978487854
4700,4.529625,4.557623427679078,-0.02799842767907812
4701,4.464981,4.55843232009602,-0.09345132009601986
4702,4.4107666,4.559444585354895,-0.14867798535489563
4703,4.371681,4.5604421316131765,-0.18876113161317676
4704,4.3507843,4.561761252039529,-0.2109769520395295
4705,4.3449936,4.5653035433096445,-0.22030994330964493
4706,4.3519974,4.571198369266459,-0.21920096926645893
4707,4.375534,4.576508266820536,-0.20097426682053587
4708,4.406433,4.582578511527663,-0.1761455115276629
4709,4.445549,4.589201532748985,-0.14365253274898482
4710,4.4886475,4.596121009442099,-0.10747350944209888
4711,4.537712,4.604030316926252,-0.06631831692625223
4712,4.5816727,4.6128851146405045,-0.03121241464050417
4713,4.6243057,4.622188211120321,0.002117488879679108
4714,4.6630173,4.632628475449789,0.030388824550210636
4715,4.6909714,4.644685557965169,0.04628584203483044
4716,4.715416,4.658315911778905,0.05710008822109547
4717,4.72921,4.672308371037788,0.05690162896221196
4718,4.729416,4.686792658349196,0.0426233416508035
4719,4.724922,4.70144786654283,0.023474133457169977
4720,4.7235947,4.716671189489358,0.006923510510641329
4721,4.716797,4.731450276745377,-0.014653276745377752
4722,4.7232513,4.745286670147612,-0.02203537014761192
4723,4.728958,4.759020364564971,-0.030062364564970245
4724,4.7359085,4.771757515308098,-0.035849015308098586
4725,4.7500076,4.783702163432406,-0.03369456343240618
4726,4.7621155,4.794660098542864,-0.032544598542863845
4727,4.7835236,4.807877735882979,-0.0243541358829793
4728,4.804428,4.820517931741884,-0.016089931741884556
4729,4.8219223,4.829959467847651,-0.008037167847651183
4730,4.8377304,4.8380847193783465,-0.00035431937834662364
4731,4.851433,4.843597571386545,0.007835428613454987
4732,4.8609314,4.84712792463378,0.013803475366220397
4733,4.8625717,4.849736508673358,0.012835191326642459
4734,4.864876,4.850879799346952,0.01399620065304763
4735,4.8494034,4.850517365123039,-0.0011139651230394065
4736,4.8201523,4.849166149018096,-0.029013849018095783
4737,4.7830505,4.8478654585528895,-0.06481495855288966
4738,4.7531204,4.845360544658722,-0.09224014465872177
4739,4.72377,4.841544713003932,-0.11777471300393216
4740,4.7030563,4.8368564958862885,-0.13380019588628844
4741,4.683655,4.831998485964297,-0.14834348596429692
4742,4.666374,4.828051256695408,-0.1616772566954081
4743,4.6437683,4.824634171802295,-0.18086587180229508
4744,4.6066895,4.820486255411066,-0.21379675541106646
4745,4.574547,4.815993694649184,-0.24144669464918422
4746,4.5384293,4.811431246630363,-0.27300194663036326
4747,4.509735,4.807126131935018,-0.29739113193501776
4748,4.4991302,4.802528614071678,-0.3033984140716779
4749,4.5004654,4.797481695372244,-0.2970162953722433
4750,4.506775,4.792371950047356,-0.2855969500473554
4751,4.511444,4.786884461260221,-0.2754404612602208
4752,4.50457,4.781430169762202,-0.27686016976220174
4753,4.4928207,4.775642597615834,-0.28282189761583343
4754,4.480789,4.768865759531842,-0.2880767595318421
4755,4.477165,4.761251899212878,-0.2840868992128778
4756,4.4842377,4.753111259455552,-0.26887355945555136
4757,4.498581,4.744716593877063,-0.24613559387706285
4758,4.5281525,4.735877535773095,-0.20772503577309465
4759,4.555931,4.726820207411995,-0.17088920741199498
4760,4.5909805,4.7171719332078945,-0.12619143320789483
4761,4.624153,4.7052226997209035,-0.08106969972090372
4762,4.663231,4.691522589062622,-0.02829158906262208
4763,4.6726837,4.679945621668082,-0.007261921668082039
4764,4.6884384,4.669097767793935,0.019340632206064967
4765,4.694252,4.656014805501592,0.038237194498407234
4766,4.6995544,4.64300549198428,0.056548908015720656
4767,4.708626,4.630638366583258,0.07798763341674153
4768,4.7100983,4.618189005775469,0.0919092942245312
4769,4.714096,4.605613635302525,0.10848236469747441
4770,4.6998367,4.593932690340883,0.10590400965911684
4771,4.686508,4.583164708204496,0.10334329179550394
4772,4.676712,4.573676907600062,0.10303509239993858
4773,4.676323,4.564245653161892,0.11207734683810777
4774,4.6558533,4.5556598101403365,0.10019348985966392
4775,4.6488724,4.547017542344946,0.10185485765505398
4776,4.6368103,4.538771874117748,0.09803842588225198
4777,4.619232,4.530922669768607,0.08830933023139309
4778,4.597542,4.524745358642596,0.07279664135740394
4779,4.5760803,4.522974800894173,0.05310549910582729
4780,4.550049,4.522373175127755,0.027675824872244625
4781,4.5302963,4.52169035440006,0.00860594559993988
4782,4.512062,4.521950056714456,-0.009888056714455473
4783,4.50457,4.521332507119065,-0.016762507119064907
4784,4.4854736,4.520417657385979,-0.034944057385978944
4785,4.4852753,4.5211340927764665,-0.035858792776466863
4786,4.4854965,4.522877490562874,-0.03738099056287414
4787,4.4893417,4.526076167789419,-0.0367344677894188
4788,4.4952545,4.530004456719749,-0.03474995671974934
4789,4.504608,4.534038977643294,-0.029430977643293943
4790,4.5205307,4.539268050215967,-0.01873735021596712
4791,4.5410233,4.545561815718759,-0.004538515718759406
4792,4.566719,4.553037672982709,0.013681327017290634
4793,4.5981903,4.561805582763913,0.036384717236086495
4794,4.631816,4.572570408540961,0.05924559145903885
4795,4.6616545,4.58407855117908,0.07757594882092
4796,4.6856437,4.594778676661901,0.09086502333809854
4797,4.706677,4.606531013887056,0.10014598611294367
4798,4.727647,4.6192519236119765,0.1083950763880237
4799,4.751447,4.632410264355471,0.11903673564452877
4800,4.78097,4.648110170783201,0.13285982921679906
4801,4.8200226,4.664548468331801,0.1554741316681989
4802,4.837097,4.679888255191479,0.15720874480852132
4803,4.8423233,4.695953419988723,0.14636988001127715
4804,4.8453293,4.712154375109396,0.13317492489060445
4805,4.8522034,4.728436573727096,0.12376682627290325
4806,4.859482,4.74480696110912,0.11467503889087993
4807,4.871361,4.760804979221651,0.11055602077834958
4808,4.8866806,4.774684010179806,0.111996589820194
4809,4.902504,4.7872467042720235,0.11525729572797694
4810,4.9190903,4.798932051614064,0.1201582483859358
4811,4.9387283,4.810198611398353,0.12852968860164715
4812,4.957466,4.821974814167514,0.13549118583248632
4813,4.9746246,4.832045156767663,0.1425794432323375
4814,4.992058,4.837788181327488,0.15426981867251222
4815,5.0082626,4.842691284772161,0.1655713152278393
4816,5.0185394,4.847195944370201,0.17134345562979902
4817,5.0285797,4.852045890475798,0.1765338095242015
4818,5.03273,4.854800892577702,0.1779291074222975
4819,5.040985,4.855741478075288,0.18524352192471216
4820,5.041786,4.857712199382841,0.18407380061715894
4821,5.033684,4.861200557580652,0.172483442419348
4822,5.0138245,4.865785072274814,0.14803942772518575
4823,4.9792023,4.87024056074562,0.10896173925438024
4824,4.936798,4.873024138866757,0.06377386113324235
4825,4.8930817,4.876220781051408,0.01686091894859132
4826,4.8492203,4.879949501202869,-0.030729201202869483
4827,4.8198776,4.884409060941307,-0.06453146094130702
4828,4.8051925,4.890055625143923,-0.08486312514392225
4829,4.806739,4.89586882613967,-0.08912982613966935
4830,4.81041,4.9020745743480205,-0.09166457434802044
4831,4.8166847,4.908285915188585,-0.091601215188585
4832,4.826043,4.914913204156822,-0.08887020415682212
4833,4.8389645,4.921590181597201,-0.08262568159720107
4834,4.8559284,4.927218678033226,-0.07129027803322607
4835,4.898079,4.932672119802339,-0.03459311980233881
4836,4.9278717,4.937779358981372,-0.009907658981371803
4837,4.9525146,4.942572996421393,0.009941603578607072
4838,4.971527,4.945788857132812,0.025738142867187896
4839,4.998131,4.94809161757359,0.050039382426409595
4840,5.0180283,4.9501087011116,0.06791959888840005
4841,5.0391464,4.950604753273649,0.0885416467263509
4842,5.058258,4.949689957210325,0.1085680427896758
4843,5.071808,4.947987504247883,0.12382049575211695
4844,5.083008,4.945639912065436,0.137368087934564
4845,5.092407,4.942396452037396,0.15001054796260327
4846,5.100281,4.938130945088456,0.16215005491154422
4847,5.108917,4.932688156456973,0.1762288435430266
4848,5.1167755,4.925869593049468,0.19090590695053233
4849,5.1239777,4.9177678517121945,0.20620984828780564
4850,5.129738,4.909073031620398,0.2206649683796016
4851,5.12825,4.899604067128205,0.22864593287179513
4852,5.119278,4.8895594887783735,0.2297185112216269
4853,5.0871735,4.879576462932685,0.20759703706731436
4854,5.034004,4.868163212600777,0.16584078739922337
4855,4.959778,4.855667229780513,0.10411077021948678
4856,4.8737946,4.842656267381921,0.03113833261807919
4857,4.7926636,4.829808661906606,-0.037145061906605825
4858,4.7227097,4.81700594135506,-0.09429624135505943
4859,4.661392,4.803490611997224,-0.1420986119972234
4860,4.606346,4.790277717270312,-0.18393171727031188
4861,4.558998,4.778518946028349,-0.21952094602834915
4862,4.520485,4.766164911513208,-0.245679911513208
4863,4.4940186,4.753342210524727,-0.25932361052472697
4864,4.4671936,4.740305726150434,-0.27311212615043434
4865,4.453377,4.726982886688641,-0.2736058866886415
4866,4.436043,4.714274721807954,-0.27823172180795464
4867,4.4093246,4.701725805029802,-0.29240120502980194
4868,4.3737717,4.689039789938755,-0.31526808993875477
4869,4.3451157,4.677126003718069,-0.33201030371806883
4870,4.3156967,4.66683048382385,-0.3511337838238502
4871,4.303238,4.656853426898,-0.3536154268980001
4872,4.3020477,4.6472723927731785,-0.34522469277317835
4873,4.3157196,4.637031947765612,-0.3213123477656117
4874,4.336334,4.6265408031119515,-0.2902068031119516
4875,4.363426,4.61689053934294,-0.2534645393429402
4876,4.399933,4.608062604730905,-0.20812960473090492
4877,4.4333954,4.6007762510001085,-0.16738085100010824
4878,4.4773407,4.594404891982525,-0.11706419198252505
4879,4.519371,4.58773135777851,-0.06836035777851013
4880,4.5561066,4.582577273548531,-0.026470673548531387
4881,4.5936356,4.578213880586013,0.015421719413986956
4882,4.624092,4.5741539412632015,0.049938058736798574
4883,4.651329,4.5712574954522465,0.08007150454775314
4884,4.678154,4.569486157985691,0.10866784201430946
4885,4.6985016,4.567670239023644,0.13083136097635606
4886,4.7077866,4.567076606386733,0.14070999361326741
4887,4.708313,4.567521177641359,0.14079182235864174
4888,4.6934357,4.569304776394069,0.12413092360593136
4889,4.6657104,4.572327352347825,0.09338304765217487
4890,4.6371765,4.575806153853854,0.06137034614614567
4891,4.614258,4.579916439314032,0.034341560685968275
4892,4.605118,4.585166187587662,0.01995181241233812
4893,4.598274,4.591522839690405,0.006751160309595328
4894,4.611725,4.600416318085683,0.011308681914316665
4895,4.6252823,4.612228368858793,0.01305393114120701
4896,4.6472473,4.623323433959108,0.02392386604089225
4897,4.669449,4.634407139197143,0.035041860802857094
4898,4.6974106,4.643650630208108,0.05375996979189246
4899,4.7264786,4.652205832870513,0.07427276712948672
4900,4.7540436,4.660498237033321,0.09354536296667959
4901,4.779831,4.668654422741733,0.11117657725826646
4902,4.802208,4.677010743077318,0.12519725692268224
4903,4.8218,4.685072280727979,0.1367277192720202
4904,4.832227,4.692038236050078,0.1401887639499213
4905,4.840047,4.697540569175299,0.14250643082470127
4906,4.8462076,4.7020834102499265,0.14412418975007313
4907,4.852121,4.707023848533376,0.14509715146662394
4908,4.859197,4.709386782148744,0.1498102178512557
4909,4.868848,4.7103633595462,0.15848464045379984
4910,4.886345,4.7081111464031995,0.17823385359680088
4911,4.909439,4.703885734733582,0.20555326526641782
4912,4.9289856,4.698429928046884,0.2305556719531161
4913,4.950279,4.692219455194514,0.2580595448054863
4914,4.969124,4.685616008633233,0.28350799136676663
4915,4.9771347,4.6779066829006055,0.2992280170993942
4916,4.9616013,4.669108579987402,0.2924927200125982
4917,4.9328995,4.659512121827883,0.2733873781721172
4918,4.888771,4.649035046419233,0.23973595358076683
4919,4.824463,4.638367037159459,0.18609596284054053
4920,4.7411957,4.626591966969157,0.11460373303084292
4921,4.6676483,4.614310046101471,0.053338253898528976
4922,4.5813675,4.602520220522241,-0.02115272052224082
4923,4.5000687,4.591963987434066,-0.09189528743406594
4924,4.423149,4.580932064431263,-0.15778306443126233
4925,4.3550797,4.570358820422037,-0.21527912042203656
4926,4.2915344,4.560518238304168,-0.26898383830416783
4927,4.2335052,4.55088354353416,-0.31737834353415995
4928,4.1790695,4.542035133478011,-0.36296563347801136
4929,4.1222305,4.53351437800374,-0.41128387800374
4930,4.075691,4.526408255023585,-0.4507172550235854
4931,4.030609,4.521806116419632,-0.4911971164196318
4932,3.996437,4.518548531381249,-0.5221115313812494
4933,3.9751282,4.515803468295561,-0.5406752682955607
4934,3.964882,4.514911076503067,-0.5500290765030669
4935,3.973648,4.514838356360221,-0.5411903563602207
4936,3.9912796,4.515012230750916,-0.5237326307509158
4937,4.0189056,4.515427178342684,-0.4965215783426835
4938,4.0594788,4.516298801612786,-0.4568200016127859
4939,4.1026306,4.518376615634601,-0.4157460156346007
4940,4.1518173,4.522116574103227,-0.3702992741032265
4941,4.1962967,4.527660338365777,-0.33136363836577676
4942,4.2423935,4.534498263736699,-0.2921047637366989
4943,4.2791367,4.543862136224112,-0.26472543622411226
4944,4.317871,4.553717273911858,-0.23584627391185808
4945,4.343292,4.562421492594415,-0.21912949259441472
4946,4.3498154,4.571005300609193,-0.2211899006091933
4947,4.3609924,4.579282023753806,-0.21828962375380634
4948,4.349144,4.587864615585288,-0.23872061558528834
4949,4.336342,4.595784814046174,-0.25944281404617353
4950,4.320015,4.602658267272749,-0.282643267272749
4951,4.306389,4.608124540628358,-0.30173554062835795
4952,4.2912292,4.6124578047399645,-0.3212286047399644
4953,4.27108,4.615393766273658,-0.3443137662736575
4954,4.254074,4.617422284510472,-0.3633482845104723
4955,4.2369766,4.618860182225906,-0.3818835822259059
4956,4.2266617,4.620352160477818,-0.39369046047781797
4957,4.2395325,4.621480552959876,-0.381948052959876
4958,4.25177,4.62252905050794,-0.37075905050794056
4959,4.2653427,4.622335992939819,-0.3569932929398192
4960,4.2714615,4.620222021070316,-0.3487605210703162
4961,4.26532,4.616017563841515,-0.35069756384151507
4962,4.235962,4.610645073131531,-0.37468307313153115
4963,4.1908493,4.605363446632697,-0.4145141466326967
4964,4.139389,4.59999827936127,-0.46060927936126994
4965,4.0908356,4.594918869810931,-0.5040832698109305
4966,4.0472565,4.590486968180677,-0.5432304681806777
4967,4.0097427,4.584277214489069,-0.574534514489069
4968,3.9742584,4.5781534601454466,-0.6038950601454465
4969,3.9452057,4.57166083757727,-0.6264551375772704
4970,3.924179,4.56463352742747,-0.6404545274274702
4971,3.9210205,4.557431858950545,-0.6364113589505447
4972,3.9261475,4.55002574632739,-0.62387824632739
4973,3.939972,4.543288548211218,-0.6033165482112182
4974,3.957489,4.5360006257822345,-0.5785116257822347
4975,3.9794726,4.526914335698326,-0.5474417356983259
4976,3.9956036,4.517002559254986,-0.5213989592549861
4977,4.018717,4.506376758156229,-0.4876597581562292
4978,4.0454817,4.494671012807632,-0.44918931280763186
4979,4.0725665,4.48151988039838,-0.4089533803983798
4980,4.096642,4.467316384857045,-0.37067438485704507
4981,4.114377,4.4528397506617,-0.33846275066169973
4982,4.124161,4.437447094777051,-0.3132860947770508
4983,4.128639,4.419747423398276,-0.2911084233982759
4984,4.124649,4.400687406965808,-0.2760384069658084
4985,4.121399,4.380670116157582,-0.25927111615758136
4986,4.1217194,4.360029568771035,-0.23831016877103472
4987,4.125458,4.341214758885364,-0.21575675888536416
4988,4.1321716,4.322675152024813,-0.19050355202481217
4989,4.145668,4.302429767526243,-0.15676176752624293
4990,4.155594,4.282877380374639,-0.1272833803746396
4991,4.169037,4.264230062228911,-0.095193062228911
4992,4.13768,4.245144321864466,-0.10746432186446686
4993,4.1055145,4.226044426318757,-0.12052992631875714
4994,4.047714,4.20796806069546,-0.16025406069546033
4995,4.001892,4.189610952301479,-0.18771895230147884
4996,3.9565125,4.171803260033757,-0.2152907600337568
4997,3.9143448,4.154714121772518,-0.2403693217725178
4998,3.8799744,4.138959948029843,-0.25898554802984286
4999,3.861351,4.1246354974416395,-0.2632844974416395
5000,3.8484192,4.11232358321137,-0.2639043832113699
5001,3.8441849,4.101966640399862,-0.2577817403998619
5002,3.8434067,4.0938100405545885,-0.25040334055458846
5003,3.847206,4.088211945557306,-0.2410059455573057
5004,3.8547745,4.0858175184956,-0.23104301849559983
5005,3.8514252,4.085368184104556,-0.23394298410455638
5006,3.8490295,4.087073708753838,-0.23804420875383814
5007,3.837143,4.090528599928051,-0.253385599928051
5008,3.8185654,4.095795549948438,-0.27723014994843753
5009,3.8009567,4.1024432390343,-0.3014865390343
5010,3.7808228,4.112097804093357,-0.33127500409335653
5011,3.7600937,4.123187343202214,-0.3630936432022138
5012,3.7427979,4.1358154893095715,-0.39301758930957176
5013,3.7336197,4.149614214021695,-0.41599451402169496
5014,3.7295837,4.16467461325449,-0.43509091325448956
5015,3.723343,4.180669887078644,-0.45732688707864444
5016,3.7337646,4.197685373770617,-0.4639207737706168
5017,3.745163,4.215793422356853,-0.4706304223568534
5018,3.7597046,4.234990595950322,-0.4752859959503217
5019,3.7764893,4.255673798887969,-0.47918449888796877
5020,3.7882538,4.277012613048731,-0.4887588130487308
5021,3.7938995,4.298647418630248,-0.5047479186302475
5022,3.7962875,4.320472651730403,-0.5241851517304026
5023,3.8117523,4.342917918820919,-0.5311656188209186
5024,3.8144913,4.3658934518621635,-0.5514021518621637
5025,3.8136368,4.388517403245329,-0.5748806032453291
5026,3.8229065,4.410920149606433,-0.5880136496064328
5027,3.8306656,4.433638232122686,-0.6029726321226856
5028,3.850563,4.457448893692284,-0.6068858936922839
5029,3.8627777,4.48318675087452,-0.6204090508745197
5030,3.8821945,4.508682686485787,-0.6264881864857865
5031,3.9057617,4.532971405720492,-0.627209705720492
5032,3.9365005,4.557161769007945,-0.6206612690079449
5033,3.973236,4.580490859130706,-0.6072548591307063
5034,4.0104065,4.602893676748188,-0.5924871767481878
5035,4.049309,4.625278874369893,-0.5759698743698927
5036,4.0972443,4.6468797532641615,-0.5496354532641616
5037,4.122589,4.667188853256549,-0.5445998532565497
5038,4.1564713,4.686448207598749,-0.5299769075987495
5039,4.186058,4.705052425260407,-0.5189944252604066
5040,4.2194443,4.724612472877973,-0.5051681728779727
5041,4.2509613,4.742013624321925,-0.4910523243219247
5042,4.2791214,4.75603335852072,-0.47691195852072
5043,4.302597,4.769518750189735,-0.46692175018973536
5044,4.32267,4.782424791400934,-0.45975479140093434
5045,4.341568,4.794356789565546,-0.45278878956554625
5046,4.359398,4.805681500501262,-0.446283500501262
5047,4.395241,4.816302333079893,-0.42106133307989246
5048,4.418602,4.826122549481863,-0.40752054948186345
5049,4.4244156,4.834995342554772,-0.4105797425547726
5050,4.440895,4.843015303290163,-0.4021203032901628
5051,4.456749,4.849681095209916,-0.39293209520991557
5052,4.473236,4.855586828673542,-0.382350828673542
5053,4.5047455,4.860609391945542,-0.3558638919455417
5054,4.51297,4.864606337917294,-0.3516363379172942
5055,4.5334396,4.8674141743364965,-0.33397457433649613
5056,4.549492,4.8690717757114905,-0.31957977571149065
5057,4.567711,4.869466290062878,-0.3017552900628777
5058,4.583519,4.868636050295419,-0.285117050295419
5059,4.6148376,4.866211025242326,-0.25137342524232587
5060,4.619545,4.86232322121423,-0.24277822121423043
5061,4.628952,4.856810854377115,-0.22785885437711517
5062,4.640541,4.849618030945277,-0.2090770309452772
5063,4.6481705,4.840795520733918,-0.19262502073391818
5064,4.656227,4.830164953213702,-0.1739379532137013
5065,4.6679153,4.817770400778914,-0.14985510077891462
5066,4.6723175,4.803724745386212,-0.13140724538621207
5067,4.6783066,4.788192406868372,-0.10988580686837235
5068,4.698456,4.770695184794763,-0.07223918479476321
5069,4.6869125,4.751676544363869,-0.06476404436386929
5070,4.6598587,4.731429229748125,-0.07157052974812483
5071,4.6144104,4.709577509617753,-0.0951671096177531
5072,4.54895,4.686201691320475,-0.13725169132047554
5073,4.468254,4.661632726246003,-0.19337872624600294
5074,4.3851624,4.636587694977452,-0.2514252949774525
5075,4.3064957,4.612362017101032,-0.3058663171010316
5076,4.2329254,4.587003716366568,-0.35407831636656795
5077,4.16848,4.559745460063794,-0.3912654600637939
5078,4.1205807,4.5329129137976585,-0.41233221379765883
5079,4.072421,4.506788246162687,-0.4343672461626866
5080,4.0240254,4.4815530410921856,-0.45752764109218536
5081,3.9761517,4.457388569283538,-0.4812368692835385
5082,3.9295757,4.4343954380128565,-0.5048197380128565
5083,3.8850737,4.412712237502602,-0.5276385375026025
5084,3.843422,4.39256494924389,-0.54914294924389
5085,3.8053963,4.375468289667608,-0.5700719896676079
5086,3.7717733,4.362943833125316,-0.5911705331253159
5087,3.743329,4.351321338829487,-0.6079923388294866
5088,3.7208397,4.338923690972432,-0.6180839909724316
5089,3.7050815,4.327915723613967,-0.622834223613967
5090,3.6968305,4.318129968833049,-0.6212994688330493
5091,3.700592,4.310105764116131,-0.6095137641161315
5092,3.7143555,4.3028161718323075,-0.5884606718323075
5093,3.7521744,4.294365902677697,-0.5421915026776971
5094,3.7625656,4.285950648014352,-0.5233850480143523
5095,3.7811203,4.278560854763314,-0.49744055476331406
5096,3.7989578,4.271533253480042,-0.47257545348004193
5097,3.8290634,4.266140656502771,-0.4370772565027714
5098,3.858101,4.260619805793812,-0.4025188057938123
5099,3.899414,4.253995817433288,-0.35458181743328776
5100,3.9488068,4.247287568372149,-0.29848076837214954
5101,3.9987793,4.240775321916484,-0.24199602191648406
5102,4.0459747,4.2339379100291215,-0.18796321002912109
5103,4.098442,4.227144176007168,-0.1287021760071676
5104,4.144821,4.2207132592222925,-0.07589225922229215
5105,4.1849747,4.214581023913695,-0.02960632391369522
5106,4.203743,4.212412804780152,-0.008669804780152113
5107,4.2013626,4.212721581349291,-0.011358981349290254
5108,4.175667,4.210822093218063,-0.035155093218063094
5109,4.1499786,4.208265681882894,-0.05828708188289422
5110,4.128113,4.206537019181948,-0.07842401918194764
5111,4.113533,4.205661271483833,-0.09212827148383251
5112,4.107376,4.2060298717174,-0.09865387171739926
5113,4.1024094,4.208183886908097,-0.10577448690809721
5114,4.1038284,4.21277816949455,-0.10894976949454982
5115,4.108322,4.218706806140979,-0.11038480614097868
5116,4.1160736,4.225622544770468,-0.10954894477046828
5117,4.124565,4.233719829518293,-0.10915482951829336
5118,4.128479,4.2435139075874355,-0.11503490758743595
5119,4.1305313,4.254909227278735,-0.12437792727873465
5120,4.122452,4.267729078282717,-0.1452770782827173
5121,4.1084595,4.281632415339123,-0.17317291533912282
5122,4.0965805,4.299236403035177,-0.20265590303517733
5123,4.0918503,4.317717940076272,-0.22586764007627202
5124,4.0925217,4.333819713695268,-0.2412980136952685
5125,4.1000977,4.350903015261366,-0.25080531526136607
5126,4.1176376,4.368732084368575,-0.25109448436857473
5127,4.1439056,4.38653482812164,-0.24262922812163978
5128,4.1724854,4.404288417964796,-0.23180301796479608
5129,4.2056503,4.4228827357102265,-0.2172324357102262
5130,4.2388763,4.442332696223223,-0.2034563962232223
5131,4.2719955,4.466143072941073,-0.19414757294107332
5132,4.303917,4.490293292206782,-0.18637629220678154
5133,4.337082,4.511136644433146,-0.17405464443314678
5134,4.372368,4.53256535132931,-0.1601973513293098
5135,4.403244,4.554734673074536,-0.15149067307453645
5136,4.426216,4.576350450256598,-0.15013445025659777
5137,4.446823,4.597400448303566,-0.150577448303566
5138,4.4701157,4.619193267942247,-0.14907756794224714
5139,4.4899063,4.641202498203442,-0.15129619820344153
5140,4.5084915,4.661701169736552,-0.15320966973655192
5141,4.5212555,4.680950738854396,-0.15969523885439596
5142,4.530655,4.699649023351228,-0.16899402335122726
5143,4.536606,4.717537706979277,-0.18093170697927707
5144,4.537758,4.736199535233978,-0.1984415352339779
5145,4.5422287,4.754877463252092,-0.21264876325209237
5146,4.5401917,4.771647432800843,-0.23145573280084264
5147,4.5405273,4.7876616702320645,-0.24713437023206453
5148,4.5427933,4.802896031919756,-0.26010273191975664
5149,4.5479126,4.817515525472467,-0.26960292547246656
5150,4.5598984,4.831736149558953,-0.27183774955895323
5151,4.56942,4.844467295711303,-0.27504729571130326
5152,4.5971527,4.855501735501659,-0.25834903550165933
5153,4.6051683,4.8659495559314845,-0.2607812559314846
5154,4.611348,4.876294707660266,-0.2649467076602665
5155,4.6165085,4.885173253626449,-0.2686647536264486
5156,4.6212535,4.892115541082045,-0.2708620410820455
5157,4.626187,4.898701344911611,-0.2725143449116114
5158,4.6319137,4.90453623789263,-0.27262253789263013
5159,4.639038,4.909460711582469,-0.27042271158246844
5160,4.6528244,4.913866078298303,-0.2610416782983025
5161,4.669037,4.917544166998021,-0.24850716699802078
5162,4.6784744,4.92012052895313,-0.2416461289531302
5163,4.695656,4.921917873038422,-0.22626187303842205
5164,4.7119904,4.923095081538293,-0.2111046815382922
5165,4.726982,4.923640765218363,-0.19665876521836356
5166,4.739357,4.92363711700509,-0.18428011700509028
5167,4.750099,4.922839180177559,-0.1727401801775592
5168,4.758583,4.921512443900891,-0.16292944390089126
5169,4.774933,4.919662806110698,-0.14472980611069808
5170,4.776108,4.917306622486699,-0.1411986224866988
5171,4.7768707,4.914400425251171,-0.1375297252511709
5172,4.776863,4.911310031526989,-0.13444703152698967
5173,4.77816,4.908313742035056,-0.13015374203505647
5174,4.77919,4.9045906036110365,-0.12540060361103667
5175,4.784279,4.899806373912965,-0.11552737391296564
5176,4.790161,4.894885925659422,-0.10472492565942204
5177,4.795761,4.890899326109434,-0.09513832610943407
5178,4.8041534,4.886952654040181,-0.0827992540401814
5179,4.8130875,4.88166162420375,-0.06857412420375031
5180,4.818802,4.8763012356087785,-0.057499235608778676
5181,4.8384094,4.870858345621957,-0.032448945621957215
5182,4.849083,4.865476410566305,-0.01639341056630439
5183,4.8626785,4.860447640423542,0.0022308595764579664
5184,4.8689194,4.855655104436139,0.013264295563860884
5185,4.875435,4.850880029322461,0.024554970677539423
5186,4.886734,4.846350601861947,0.040383398138052584
5187,4.893692,4.842303682695406,0.05138831730459348
5188,4.8992157,4.838842697722968,0.06037300227703213
5189,4.9037857,4.836132891693576,0.06765280830642428
5190,4.905388,4.834062008108828,0.07132599189117261
5191,4.9043274,4.832618188658953,0.07170921134104624
5192,4.9004974,4.8320103967573464,0.06848700324265344
5193,4.894905,4.832212015009201,0.06269298499079845
5194,4.8847504,4.8332515471686675,0.051498852831332265
5195,4.866478,4.835120929165304,0.03135707083469619
5196,4.847679,4.837835054778818,0.00984394522118226
5197,4.8298492,4.84130495155013,-0.011455751550130344
5198,4.8167267,4.845408922940055,-0.028682222940054736
5199,4.8126526,4.8502113510776095,-0.03755875107760964
5200,4.81353,4.855607028031755,-0.042077028031754615
5201,4.818611,4.861410353651162,-0.042799353651162164
5202,4.830162,4.867576632890668,-0.03741463289066882
5203,4.8381653,4.874091138603251,-0.035925838603250604
5204,4.8484726,4.881152512721491,-0.03267991272149118
5205,4.852211,4.888426634730006,-0.03621563473000666
5206,4.854248,4.895361460744485,-0.04111346074448452
5207,4.8556976,4.90412037763353,-0.048422777633529535
5208,4.8551636,4.912676401062006,-0.05751280106200607
5209,4.8551636,4.918925800640249,-0.06376220064024896
5210,4.863579,4.925036485103167,-0.061457485103167286
5211,4.868454,4.930390343770241,-0.06193634377024093
5212,4.881798,4.935555378917186,-0.05375737891718657
5213,4.895645,4.9401868990216755,-0.04454189902167549
5214,4.909569,4.9436155978558896,-0.03404659785588926
5215,4.9366226,4.946209048308922,-0.00958644830892208
5216,4.9500427,4.948101208228581,0.0019414917714186686
5217,4.969803,4.94918115186915,0.02062184813084933
5218,4.9831696,4.949906565003126,0.033263034996873664
5219,5.0011063,4.951210722366763,0.0498955776332366
5220,5.019348,4.954835233348581,0.06451276665141936
5221,5.037285,4.95862105785567,0.07866394214432937
5222,5.0497675,4.959489855430878,0.09027764456912202
5223,5.053448,4.959962147271326,0.0934858527286746
5224,5.0579376,4.960300092682351,0.09763750731764897
5225,5.062679,4.960476797099226,0.10220220290077453
5226,5.067113,4.960843554269838,0.10626944573016228
5227,5.070683,4.961340007058965,0.109342992941035
5228,5.07283,4.962090451993948,0.11073954800605179
5229,5.0663147,4.9631112720706145,0.10320342792938586
5230,5.0426254,4.964463751802434,0.07816164819756644
5231,5.0169067,4.965820560992674,0.05108613900732539
5232,4.9915085,4.967230518215616,0.024277981784384117
5233,4.9719086,4.96896502703761,0.0029435729623896734
5234,4.959404,4.971190990503311,-0.011786990503311223
5235,4.94796,4.973618769819911,-0.025658769819910887
5236,4.9425735,4.976201348348844,-0.03362784834884369
5237,4.945465,4.979124554386075,-0.03365955438607493
5238,4.9484634,4.982377116315316,-0.03391371631531648
5239,4.954834,4.986698155789931,-0.03186415578993085
5240,4.958107,4.990893769383786,-0.032786769383785774
5241,4.954857,4.99398052093352,-0.03912352093352034
5242,4.9438095,4.9968405309799975,-0.05303103097999706
5243,4.9191513,4.999618615985542,-0.08046731598554135
5244,4.911278,5.002174200325343,-0.09089620032534285
5245,4.8770905,5.004285125855575,-0.12719462585557473
5246,4.8539352,5.005693487028024,-0.15175828702802452
5247,4.8274155,5.006349826850461,-0.1789343268504613
5248,4.8022842,5.006020124244467,-0.20373592424446674
5249,4.779114,5.004639894119765,-0.2255258941197651
5250,4.7575684,5.002271009654423,-0.24470260965442314
5251,4.727356,4.998825595644375,-0.27146959564437445
5252,4.6963882,4.993765463759029,-0.29737726375902884
5253,4.6673126,4.9900045004522475,-0.3226919004522477
5254,4.6538467,4.986320016572142,-0.3324733165721421
5255,4.638153,4.979367183645292,-0.34121418364529177
5256,4.6367264,4.970737868446484,-0.33401146844648455
5257,4.6502914,4.960871894041955,-0.31058049404195476
5258,4.6715317,4.950045228972543,-0.27851352897254333
5259,4.69722,4.938439144809466,-0.2412191448094667
5260,4.7297363,4.926290759780408,-0.1965544597804083
5261,4.762703,4.913703225886331,-0.15100022588633077
5262,4.7919083,4.900713361365118,-0.1088050613651177
5263,4.8178635,4.887738108830611,-0.06987460883061125
5264,4.841095,4.875042526254788,-0.0339475262547877
5265,4.857216,4.862864101141987,-0.005648101141987105
5266,4.864197,4.851270081107228,0.012926918892771866
5267,4.8371506,4.840422927470919,-0.0032723274709187677
5268,4.7721405,4.830620548211317,-0.058480048211317026
5269,4.6753464,4.822007230219355,-0.14666083021935528
5270,4.573303,4.814758824210788,-0.24145582421078782
5271,4.4877853,4.808813726588785,-0.3210284265887857
5272,4.4219055,4.80422498569151,-0.38231948569151
5273,4.3747864,4.801185992948885,-0.4263995929488855
5274,4.349144,4.7997038331428445,-0.45055983314284465
5275,4.338867,4.79980211325514,-0.46093511325514047
5276,4.3453293,4.801319739694589,-0.4559904396945882
5277,4.36586,4.804199894373805,-0.43833989437380527
5278,4.3972473,4.8082739710291005,-0.4110266710291004
5279,4.4373856,4.813161154000126,-0.37577555400012574
5280,4.485115,4.8191036106253256,-0.33398861062532514
5281,4.5383987,4.82604672862381,-0.2876480286238099
5282,4.5876083,4.834349698538989,-0.24674139853898858
5283,4.6365433,4.842891063066747,-0.20634776306674762
5284,4.6815186,4.850424004339035,-0.16890540433903478
5285,4.7248154,4.856841170380655,-0.13202577038065488
5286,4.7619324,4.862207684526736,-0.10027528452673629
5287,4.7992387,4.867027672446784,-0.06778897244678372
5288,4.834476,4.870199796626528,-0.03572379662652736
5289,4.86539,4.871882960257235,-0.006492960257235225
5290,4.889723,4.871807165945243,0.017915834054757163
5291,4.912773,4.870383146710409,0.042389853289590995
5292,4.935295,4.8679839973338,0.06731100266619983
5293,4.9535294,4.866923554752856,0.08660584524714388
5294,4.9757233,4.864493416266886,0.11122988373311404
5295,4.994972,4.858715965832557,0.13625603416744259
5296,5.020973,4.852484995366107,0.16848800463389235
5297,5.034645,4.844177643818724,0.19046735618127641
5298,5.052307,4.83279408322862,0.21951291677137963
5299,5.072212,4.819889236876016,0.25232276312398483
5300,5.0856247,4.805979476496121,0.27964522350387977
5301,5.091881,4.792875799543063,0.29900520045693657
5302,5.082039,4.778555883703733,0.3034831162962668
5303,5.045471,4.761684748478692,0.2837862515213079
5304,4.9861526,4.744823679588467,0.24132892041153298
5305,4.9225693,4.729120713743351,0.1934485862566495
5306,4.839958,4.71395764671529,0.12600035328471026
5307,4.757782,4.6987047447371175,0.05907725526288221
5308,4.6788406,4.685039120416872,-0.0061985204168717445
5309,4.60878,4.67303544516542,-0.06425544516541937
5310,4.5470276,4.6627124477947985,-0.1156848477947987
5311,4.492775,4.654160438865636,-0.1613854388656364
5312,4.443474,4.649123477008908,-0.20564947700890812
5313,4.399887,4.647319958317848,-0.24743295831784806
5314,4.3655853,4.64566271355796,-0.2800774135579598
5315,4.342552,4.6458887236236945,-0.3033367236236941
5316,4.337288,4.648204973361268,-0.3109169733612678
5317,4.335327,4.65255881326544,-0.3172318132654395
5318,4.3423996,4.659329579667037,-0.3169299796670364
5319,4.3618927,4.668868617618513,-0.3069759176185123
5320,4.386986,4.680501264992863,-0.2935152649928625
5321,4.4181595,4.694307472649985,-0.27614797264998536
5322,4.4549484,4.7100719071822805,-0.2551235071822804
5323,4.4976425,4.728039846799628,-0.2303973467996272
5324,4.532593,4.747599668636604,-0.21500666863660367
5325,4.572891,4.767501659694651,-0.19461065969465086
5326,4.6134033,4.787567880458742,-0.17416458045874172
5327,4.654442,4.811651611116234,-0.157209611116234
5328,4.69162,4.837605070618212,-0.1459850706182113
5329,4.727112,4.862011243399585,-0.1348992433995848
5330,4.7573395,4.887344791036172,-0.13000529103617264
5331,4.787201,4.913262308110987,-0.12606130811098737
5332,4.8133545,4.938527445077876,-0.12517294507787646
5333,4.8380585,4.963708711617191,-0.1256502116171916
5334,4.8604813,4.990823468090417,-0.13034216809041688
5335,4.8841705,5.017456565932391,-0.13328606593239112
5336,4.902931,5.041343846565704,-0.1384128465657044
5337,4.9192276,5.063530627687124,-0.14430302768712355
5338,4.937546,5.0853856390192504,-0.14783963901925024
5339,4.951721,5.10658815606798,-0.15486715606798018
5340,4.9656982,5.126305404368344,-0.1606072043683433
5341,4.9820633,5.144700648222434,-0.16263734822243414
5342,5.000183,5.16146898385773,-0.16128598385772985
5343,5.007408,5.1783965217304475,-0.17098852173044765
5344,5.0188293,5.192944346117901,-0.17411504611790107
5345,5.0285416,5.2037562835125915,-0.17521468351259184
5346,5.033844,5.21427652868375,-0.18043252868374982
5347,5.040123,5.223979198925885,-0.18385619892588423
5348,5.0457077,5.232463239423885,-0.1867555394238849
5349,5.043808,5.240027365879837,-0.1962193658798368
5350,5.037056,5.247255898443736,-0.21019989844373654
5351,5.0296936,5.2541762069449165,-0.22448260694491662
5352,5.022545,5.259965629738113,-0.2374206297381134
5353,5.01976,5.264983610446689,-0.24522361044668894
5354,5.0199966,5.269932161872666,-0.2499355618726664
5355,5.0239716,5.274378050297955,-0.2504064502979544
5356,5.032837,5.277165437933038,-0.2443284379330386
5357,5.043625,5.279872414063946,-0.23624741406394634
5358,5.057701,5.281390654286104,-0.22368965428610466
5359,5.0719986,5.281838829979459,-0.20984022997945928
5360,5.091263,5.281874962285523,-0.1906119622855229
5361,5.1085205,5.282221762039137,-0.17370126203913738
5362,5.1275864,5.281929152503154,-0.15434275250315377
5363,5.144615,5.2800395479734705,-0.1354245479734706
5364,5.159828,5.277855580974401,-0.11802758097440069
5365,5.174904,5.274735088045928,-0.09983108804592788
5366,5.191017,5.270140915417359,-0.07912391541735886
5367,5.201004,5.26539458934515,-0.06439058934514996
5368,5.2103195,5.2606158850879705,-0.05029638508797074
5369,5.2231674,5.256197086251147,-0.03302968625114655
5370,5.233391,5.251871488253807,-0.01848048825380655
5371,5.247673,5.247283271243259,0.0003897287567404817
5372,5.259102,5.2422792872615025,0.01682271273849789
5373,5.2719193,5.236886873078865,0.03503242692113506
5374,5.2789764,5.2315083923099115,0.047468007690088854
5375,5.285187,5.226660734562217,0.0585262654377825
5376,5.2919464,5.222011851942099,0.06993454805790034
5377,5.298256,5.217172651796682,0.0810833482033182
5378,5.3062286,5.212544235491869,0.09368436450813089
5379,5.312088,5.207625506510361,0.10446249348963921
5380,5.317528,5.2037873059954105,0.11374069400458975
5381,5.326744,5.1994686125116365,0.1272753874883632
5382,5.3341217,5.193230712289804,0.14089098771019604
5383,5.339958,5.186408356276894,0.15354964372310587
5384,5.3448563,5.179518439849153,0.16533786015084662
5385,5.3485336,5.17279177265423,0.17574182734577004
5386,5.3495865,5.1662269190583565,0.1833595809416435
5387,5.343567,5.158883703443593,0.18468329655640758
5388,5.3418045,5.151063820980759,0.19074067901924163
5389,5.3308487,5.1428845265607155,0.1879641734392843
5390,5.3250046,5.134409531262601,0.19059506873739895
5391,5.3212814,5.125421010619788,0.19586038938021222
5392,5.3215485,5.115725730201536,0.2058227697984636
5393,5.321289,5.105705913343622,0.2155830866563786
5394,5.322098,5.095521643637252,0.22657635636274875
5395,5.3198776,5.084061997476566,0.23581560252343348
5396,5.3167725,5.072261955280598,0.24451054471940203
5397,5.313965,5.0600557870263945,0.25390921297360514
5398,5.301697,5.047336666459797,0.2543603335402027
5399,5.2873993,5.034639189752498,0.2527601102475021
5400,5.259178,5.02166418855246,0.23751381144754014
5401,5.219818,5.008673652521736,0.21114434747826394
5402,5.1767044,4.9954578150397815,0.18124658496021873
5403,5.1353836,4.981808065615923,0.15357553438407656
5404,5.096298,4.968024493871315,0.12827350612868482
5405,5.0585785,4.954852487665063,0.1037260123349375
5406,5.0210114,4.941600045294372,0.07941135470562788
5407,4.985695,4.928087200789321,0.057607799210678934
5408,4.955513,4.914594749465142,0.0409182505348582
5409,4.9262238,4.901494101244321,0.024729698755678875
5410,4.8940353,4.890538882938704,0.0034964170612958867
5411,4.8556824,4.879367215962962,-0.023684815962962347
5412,4.822998,4.8667556143230675,-0.04375761432306735
5413,4.781769,4.854132340674404,-0.07236334067440442
5414,4.7433624,4.8413965018667175,-0.0980341018667179
5415,4.702942,4.8287173268687225,-0.12577532686872228
5416,4.669655,4.815992047776997,-0.1463370477769974
5417,4.6460953,4.8032065596197135,-0.15711125961971373
5418,4.630165,4.791843531353419,-0.16167853135341925
5419,4.6164703,4.779926963920156,-0.16345666392015623
5420,4.617218,4.766411668728059,-0.14919366872805906
5421,4.620529,4.75303514889657,-0.13250614889656998
5422,4.634033,4.739566991401863,-0.10553399140186315
5423,4.6584854,4.725813266897504,-0.0673278668975037
5424,4.68544,4.711968195573006,-0.026528195573006563
5425,4.715225,4.699475345236174,0.015749654763825838
5426,4.7441635,4.687044651046845,0.05711884895315489
5427,4.773239,4.674322506546335,0.09891649345366549
5428,4.8025284,4.66148760292816,0.14104079707183992
5429,4.8235626,4.649009345983026,0.17455325401697408
5430,4.8483353,4.636371060187799,0.21196423981220036
5431,4.868988,4.624479846674425,0.24450815332557507
5432,4.885376,4.612788122314936,0.2725878776850639
5433,4.894127,4.60117938764923,0.29294761235076994
5434,4.9049606,4.590180215521764,0.31478038447823575
5435,4.917717,4.579363527051845,0.338353472948155
5436,4.931366,4.570862162422522,0.36050383757747806
5437,4.942581,4.5624371988819625,0.38014380111803714
5438,4.9444656,4.552178940019458,0.3922866599805417
5439,4.939598,4.542044121343082,0.39755387865691816
5440,4.9315643,4.532058482449046,0.3995058175509536
5441,4.921898,4.52284259529419,0.3990554047058099
5442,4.9104996,4.514096334574427,0.39640326542557247
5443,4.88842,4.505442049124566,0.38297795087543385
5444,4.847824,4.49693122531929,0.3508927746807098
5445,4.79303,4.488779923372202,0.304250076627798
5446,4.7480774,4.4815500916160715,0.26652730838392813
5447,4.6792145,4.4740914246959855,0.20512307530401408
5448,4.634102,4.467396770933324,0.16670522906667617
5449,4.5878983,4.46146205266871,0.12643624733128966
5450,4.5452347,4.4543970559502855,0.0908376440497145
5451,4.499855,4.4470084471540865,0.052846552845913664
5452,4.454338,4.439190611714955,0.015147388285044805
5453,4.4023056,4.430212598487001,-0.02790699848700129
5454,4.35775,4.420687299539058,-0.06293729953905736
5455,4.319771,4.41041349367886,-0.09064249367885946
5456,4.2970657,4.399846658682831,-0.10278095868283099
5457,4.2925034,4.388610006872188,-0.09610660687218786
5458,4.2879944,4.377055699651,-0.08906129965100007
5459,4.2988205,4.366221753763575,-0.06740125376357486
5460,4.3036575,4.354894773254911,-0.051237273254910676
5461,4.303665,4.341733160810969,-0.038068160810968976
5462,4.310192,4.328269720317522,-0.018077720317521973
5463,4.320455,4.314708076109581,0.005746923890418643
5464,4.3349667,4.300847240533807,0.03411945946619266
5465,4.3527074,4.287154297716349,0.0655531022836513
5466,4.372656,4.274186250473623,0.09846974952637666
5467,4.3937926,4.26102333359513,0.1327692664048703
5468,4.4151053,4.247933003716863,0.16717229628313657
5469,4.4355574,4.234692329092255,0.20086507090774575
5470,4.4564514,4.220631036265653,0.235820363734347
5471,4.4772644,4.205760076273853,0.2715043237261474
5472,4.495346,4.190736846267595,0.3046091537324047
5473,4.5181427,4.175123190041231,0.3430195099587694
5474,4.538994,4.160030349247839,0.3789636507521603
5475,4.568733,4.150175836618088,0.4185571633819123
5476,4.567795,4.140301208389406,0.4274937916105941
5477,4.5705185,4.126032049154803,0.4444864508451971
5478,4.552437,4.112475363615588,0.4399616363844121
5479,4.5074844,4.100077039411932,0.4074073605880679
5480,4.4386673,4.08903610975765,0.34963119024234945
5481,4.3851166,4.079809425332779,0.3053071746672211
5482,4.332924,4.0720076148673074,0.2609163851326928
5483,4.29364,4.0653838480974684,0.22825615190253146
5484,4.272011,4.064150688111482,0.20786031188851783
5485,4.245117,4.066812080655557,0.17830491934444215
5486,4.2295914,4.067118316439381,0.16247308356061918
5487,4.223282,4.066579541025867,0.15670245897413349
5488,4.224266,4.067976122202721,0.15628987779727943
5489,4.2247925,4.071431535285034,0.15336096471496674
5490,4.2285156,4.07690951321811,0.15160608678188936
5491,4.222252,4.084920325069507,0.13733167493049336
5492,4.2222214,4.094803568733195,0.12741783126680417
5493,4.21682,4.106670155821002,0.11014984417899853
5494,4.2156982,4.120288796104039,0.0954094038959612
5495,4.2250214,4.135410367926706,0.0896110320732939
5496,4.240967,4.152111287989556,0.08885571201044407
5497,4.258545,4.17007336360761,0.08847163639238964
5498,4.2881393,4.188957901424544,0.09918139857545594
5499,4.311653,4.20889806797564,0.10275493202435992
5500,4.3398285,4.229694176731996,0.11013432326800388
5501,4.3690186,4.253208103522209,0.11581049647779107
5502,4.3964844,4.281178705722136,0.11530569427786386
5503,4.429428,4.311289811981698,0.11813818801830145
5504,4.460594,4.34076359582734,0.11983040417266011
5505,4.488991,4.368939464970198,0.12005153502980281
5506,4.5146255,4.395189149322633,0.11943635067736746
5507,4.535713,4.417792173293421,0.11792082670657944
5508,4.5600204,4.437473905269527,0.1225464947304733
5509,4.582306,4.45479541100703,0.12751058899296996
5510,4.6069565,4.471020020073669,0.13593647992633073
5511,4.629936,4.486203332852501,0.143732667147499
5512,4.6549225,4.500337638216278,0.15458486178372155
5513,4.6809006,4.515511021182716,0.1653895788172841
5514,4.7057495,4.530437494324593,0.17531200567540672
5515,4.733612,4.541774644728073,0.19183735527192702
5516,4.758919,4.550807384528784,0.20811161547121593
5517,4.784355,4.558604624831009,0.22575037516899066
5518,4.805435,4.568181808039739,0.23725319196026096
5519,4.8181305,4.57763405282569,0.2404964471743094
5520,4.82267,4.583281029845427,0.2393889701545726
5521,4.8251953,4.58829472523328,0.23690057476671988
5522,4.8194656,4.593226484681185,0.22623911531881458
5523,4.811081,4.5975579153672195,0.21352308463278025
5524,4.802124,4.596114041578736,0.20600995842126402
5525,4.783325,4.59106810492981,0.19225689507018995
5526,4.7757263,4.585897324551787,0.1898289754482123
5527,4.7705994,4.580964687988179,0.18963471201182092
5528,4.7665634,4.576072212251805,0.1904911877481945
5529,4.7662582,4.570953639966801,0.19530456003319951
5530,4.765938,4.567651123171834,0.19828687682816604
5531,4.764099,4.56404232239396,0.20005667760603973
5532,4.7584305,4.559475454078893,0.19895504592110758
5533,4.7456207,4.553889094374583,0.19173160562541725
5534,4.7297363,4.548600043656292,0.18113625634370756
5535,4.7166367,4.543338477788454,0.173298222211546
5536,4.7010345,4.538728784500053,0.16230571549994632
5537,4.684372,4.534319791765462,0.1500522082345377
5538,4.6465073,4.529376500833249,0.11713079916675095
5539,4.6033783,4.524337379615959,0.07904092038404098
5540,4.557205,4.519479658389383,0.037725341610617136
5541,4.522835,4.515140440866162,0.007694559133837764
5542,4.4923706,4.511197820280361,-0.01882722028036099
5543,4.466606,4.507725380744361,-0.0411193807443615
5544,4.4409027,4.504298808277997,-0.06339610827799724
5545,4.427185,4.500925448219302,-0.07374044821930248
5546,4.4077225,4.498688419496607,-0.0909659194966066
5547,4.3968964,4.498085893743009,-0.1011894937430089
5548,4.3848343,4.498375700936383,-0.11354140093638332
5549,4.3708267,4.498775523381451,-0.12794882338145097
5550,4.352394,4.499952998165938,-0.14755899816593754
5551,4.32592,4.501500642799548,-0.17558064279954788
5552,4.3110275,4.503816524396949,-0.19278902439694878
5553,4.2831116,4.507080398981964,-0.2239687989819643
5554,4.2679825,4.510339832798591,-0.2423573327985915
5555,4.2606506,4.5140948447732665,-0.25344424477326655
5556,4.2598267,4.518308185616867,-0.25848148561686735
5557,4.2621384,4.522701154671276,-0.2605627546712759
5558,4.275215,4.527198227698676,-0.251983227698676
5559,4.2845306,4.531618041725756,-0.24708744172575603
5560,4.292862,4.535770756408059,-0.24290875640805876
5561,4.3040085,4.539717417421986,-0.23570891742198619
5562,4.3219986,4.54409670491943,-0.22209810491943038
5563,4.3475037,4.548448292251632,-0.20094459225163241
5564,4.37735,4.551366237489333,-0.17401623748933304
5565,4.4238815,4.554718125080196,-0.130836625080196
5566,4.4407578,4.557499035060582,-0.11674123506058187
5567,4.479431,4.558940530075661,-0.07950953007566142
5568,4.512352,4.559330671286746,-0.046978671286746376
5569,4.5537567,4.561604569313502,-0.00784786931350201
5570,4.5876846,4.562702961044812,0.02498163895518779
5571,4.6186066,4.55975451186191,0.05885208813808962
5572,4.639946,4.555929987893327,0.08401601210667309
5573,4.651436,4.551011593680537,0.1004244063194637
5574,4.657135,4.54553669694773,0.11159830305227025
5575,4.658867,4.541256548817597,0.11761045118240254
5576,4.6618958,4.536855951451073,0.12503984854892725
5577,4.6619873,4.530830258346205,0.13115704165379505
5578,4.653694,4.524255859112517,0.1294381408874825
5579,4.657257,4.517815966792533,0.1394410332074676
5580,4.6621366,4.511656292684798,0.15048030731520257
5581,4.66728,4.505267421556188,0.16201257844381178
5582,4.6700754,4.499057274986046,0.17101812501395397
5583,4.6720943,4.492868637258323,0.17922566274167728
5584,4.674908,4.488182084278768,0.1867259157212322
5585,4.680089,4.484615549807361,0.1954734501926385
5586,4.689209,4.4809646651047474,0.20824433489525251
5587,4.709259,4.477703102194223,0.23155589780577746
5588,4.724083,4.475007563552939,0.2490754364470611
5589,4.735832,4.4734238293562765,0.2624081706437238
5590,4.73201,4.474244521477308,0.2577654785226917
5591,4.737076,4.474382322758044,0.26269367724195636
5592,4.7405014,4.47285516839549,0.26764623160451073
5593,4.745323,4.472497241907799,0.27282575809220067
5594,4.7460785,4.473186362194909,0.2728921378050915
5595,4.755417,4.476701638542103,0.27871536145789655
5596,4.749069,4.481574524203586,0.26749447579641483
5597,4.739174,4.4860482138990045,0.2531257861009957
5598,4.7220306,4.491328014423798,0.2307025855762017
5599,4.7031555,4.4976110755778995,0.20554442442210075
5600,4.686058,4.504934157300327,0.18112384269967308
5601,4.649788,4.513223932696985,0.13656406730301462
5602,4.630539,4.523102821936849,0.10743617806315076
5603,4.616745,4.535986625040459,0.08075837495954108
5604,4.6115723,4.549407616386778,0.06216468361322214
5605,4.6145096,4.561298286702095,0.05321131329790507
5606,4.6220856,4.573355288457366,0.0487303115426343
5607,4.6357956,4.5856721148581965,0.050123485141803314
5608,4.6467896,4.598037915534516,0.04875168446548361
5609,4.6596146,4.610296265751006,0.04931833424899423
5610,4.6783676,4.622500822037207,0.055866777962792824
5611,4.6793365,4.634613659636478,0.04472284036352203
5612,4.6894836,4.646611015291006,0.04287258470899413
5613,4.6957703,4.658317480967182,0.037452819032818496
5614,4.7003784,4.669819924927217,0.030558475072782976
5615,4.7035065,4.6809953425565105,0.022511157443489083
5616,4.7079163,4.691682596319199,0.016233703680801348
5617,4.708359,4.7017730919701135,0.006585908029886234
5618,4.710541,4.711009582425829,-0.00046858242582903387
5619,4.7118454,4.719624728379901,-0.007779328379901251
5620,4.7188644,4.727482293519685,-0.008617893519685005
5621,4.7285843,4.73425778138155,-0.005673481381550438
5622,4.735222,4.74024977106449,-0.0050277710644897056
5623,4.735901,4.745160921498369,-0.009259921498369295
5624,4.723068,4.748584042332941,-0.025516042332941247
5625,4.693344,4.750851975230799,-0.057507975230799424
5626,4.6584244,4.7520941312063245,-0.09366973120632416
5627,4.628395,4.752542867364484,-0.12414786736448402
5628,4.600502,4.752144184692865,-0.15164218469286528
5629,4.5782623,4.750667029597182,-0.172404729597182
5630,4.5655594,4.7488143635567575,-0.18325496355675774
5631,4.555397,4.746412368626116,-0.19101536862611557
5632,4.558548,4.745685740714985,-0.18713774071498523
5633,4.5620117,4.744240555232138,-0.18222885523213783
5634,4.571678,4.740103976690462,-0.1684259766904619
5635,4.5866165,4.735336215670866,-0.1487197156708664
5636,4.6011276,4.729884287346914,-0.1287566873469137
5637,4.6175766,4.724534513589326,-0.10695791358932638
5638,4.6336136,4.722359945256418,-0.08874634525641767
5639,4.6522903,4.720589657508391,-0.06829935750839145
5640,4.658844,4.71453764986347,-0.055693649863469474
5641,4.6677933,4.706608097316944,-0.03881479731694437
5642,4.670944,4.698815756604907,-0.027871756604906928
5643,4.672432,4.691117016427722,-0.018685016427721912
5644,4.6718597,4.683804955150034,-0.011945255150034306
5645,4.673332,4.676854017889234,-0.003522017889233453
5646,4.6743393,4.670564148454859,0.0037751515451409645
5647,4.6640015,4.6644775250710975,-0.0004760250710971192
5648,4.652313,4.660015657575079,-0.0077026575750789306
5649,4.6400146,4.65748045021373,-0.01746585021373015
5650,4.630028,4.6550646800803435,-0.02503668008034321
5651,4.6267548,4.652515770016035,-0.0257609700160355
5652,4.6256714,4.6509470015371,-0.025275601537099845
5653,4.663643,4.650537148225581,0.013105851774419364
5654,4.651375,4.650842875913034,0.0005321240869662347
5655,4.6636047,4.651679740611133,0.011924959388866618
5656,4.684181,4.653331570536883,0.03084942946311653
5657,4.702614,4.655938527981179,0.04667547201882094
5658,4.7251434,4.659238848932566,0.06590455106743409
5659,4.744835,4.663074733211561,0.0817602667884394
5660,4.757347,4.667657404150375,0.08968959584962555
5661,4.7712097,4.674503481032458,0.09670621896754206
5662,4.781288,4.6815455887933215,0.09974241120667848
5663,4.7942123,4.687863181842496,0.10634911815750403
5664,4.808235,4.694874081237532,0.11336091876246801
5665,4.8371887,4.702606094606165,0.1345826053938346
5666,4.8423615,4.711169538356061,0.13119196164393898
5667,4.8573303,4.720742214227913,0.13658808577208692
5668,4.8764343,4.731113235337272,0.14532106466272765
5669,4.8958664,4.742156565958337,0.15370983404166338
5670,4.9063187,4.753989296659373,0.1523294033406266
5671,4.9303207,4.766412919549232,0.16390778045076804
5672,4.937912,4.778589877082236,0.1593221229177635
5673,4.948372,4.79102186716394,0.1573501328360596
5674,4.953766,4.803817499974902,0.14994850002509796
5675,4.9564743,4.8168355549717035,0.13963874502829654
5676,4.9546967,4.830066143687987,0.12463055631201314
5677,4.9525375,4.843726514271673,0.10881098572832748
5678,4.9476776,4.857523954698323,0.09015364530167691
5679,4.941475,4.871146892571681,0.07032810742831863
5680,4.9408646,4.884423801091533,0.05644079890846765
5681,4.942444,4.897105304145651,0.04533869585434935
5682,4.95121,4.909441192727782,0.04176880727221732
5683,4.968178,4.921329365652654,0.046848634347345985
5684,4.9653244,4.934177776098344,0.031146623901656234
5685,4.976074,4.946697118386377,0.029376881613623063
5686,4.9900284,4.957664812623504,0.03236358737649603
5687,5.001198,4.968355120408134,0.032842879591865604
5688,5.0121613,4.979124969058018,0.03303633094198144
5689,5.0231323,4.989601537523002,0.03353076247699871
5690,5.0294952,5.000043288692551,0.029451911307448952
5691,5.0355606,5.011725931366126,0.0238346686338744
5692,5.031166,5.023338411880037,0.007827588119963202
5693,5.0221176,5.033341014423138,-0.011223414423138678
5694,5.011635,5.042814721162194,-0.031179721162193808
5695,5.0088425,5.052455455803114,-0.04361295580311353
5696,5.0016174,5.062253413287875,-0.06063601328787538
5697,4.9951553,5.0723310171183895,-0.07717571711838911
5698,4.991928,5.082734630393221,-0.0908066303932209
5699,4.9937744,5.093325003974586,-0.0995506039745857
5700,5.005127,5.1042643322557435,-0.09913733225574362
5701,5.018608,5.1154488241844955,-0.09684082418449513
5702,5.0285645,5.127672662747907,-0.0991081627479069
5703,5.0508423,5.141843165960823,-0.09100086596082235
5704,5.066986,5.156334373306906,-0.08934837330690559
5705,5.079277,5.169551777460763,-0.0902747774607624
5706,5.089096,5.1827929874296395,-0.09369698742963983
5707,5.1069717,5.196175355683213,-0.08920365568321298
5708,5.117035,5.211695961774434,-0.0946609617744345
5709,5.110092,5.225906061107933,-0.11581406110793324
5710,5.1019287,5.237188466550616,-0.13525976655061545
5711,5.1028595,5.248793223503685,-0.14593372350368483
5712,5.1025085,5.260775116684107,-0.1582666166841067
5713,5.106949,5.272986240298348,-0.16603724029834765
5714,5.1124496,5.285370691484049,-0.17292109148404933
5715,5.122383,5.2977652662011625,-0.17538226620116237
5716,5.129631,5.310050903725429,-0.18041990372542926
5717,5.150383,5.322116366513201,-0.1717333665132017
5718,5.1620407,5.3339761262486745,-0.17193542624867408
5719,5.1734085,5.345428523678018,-0.1720200236780185
5720,5.185585,5.356227266572473,-0.1706422665724734
5721,5.194251,5.369528810677267,-0.175277810677267
5722,5.203591,5.382167216890031,-0.1785762168900309
5723,5.2133803,5.391220509946741,-0.17784020994674155
5724,5.223394,5.398937003933556,-0.17554300393355593
5725,5.2334065,5.405226510893503,-0.1718200108935033
5726,5.2431936,5.40985678177132,-0.16666318177132045
5727,5.25253,5.412829483934825,-0.16029948393482485
5728,5.261191,5.41462703116321,-0.15343603116320992
5729,5.2689514,5.414323317519779,-0.14537191751977918
5730,5.2755857,5.411316409440031,-0.13573070944003085
5731,5.28087,5.40669366134506,-0.12582366134506007
5732,5.2845783,5.400260580274295,-0.11568228027429495
5733,5.286486,5.393468827963352,-0.10698282796335157
5734,5.2867327,5.384927528609237,-0.09819482860923667
5735,5.2868733,5.372588776034836,-0.08571547603483598
5736,5.287161,5.358150625376314,-0.07098962537631337
5737,5.313362,5.342001847301998,-0.028639847301998422
5738,5.312149,5.324239203105108,-0.012090203105108444
5739,5.3070908,5.304954500570255,0.0021362994297451365
5740,5.3048706,5.286629646919674,0.01824095308032625
5741,5.307106,5.266691786598198,0.04041421340180218
5742,5.3081436,5.242904389801916,0.06523921019808387
5743,5.3097687,5.21797960031743,0.0917890996825701
5744,5.3103485,5.1919422143064615,0.1184062856935384
5745,5.3090897,5.164832557049354,0.1442571429506465
5746,5.318596,5.1379031419905,0.1806928580095004
5747,5.29496,5.1097852051365145,0.1851747948634852
5748,5.2872696,5.08028604857506,0.20698355142494052
5749,5.281067,5.050792646296635,0.2302743537033649
5750,5.2604294,5.021452284358619,0.23897711564138024
5751,5.2458954,4.992708748177905,0.2531866518220953
5752,5.225235,4.964830812253767,0.2604041877462322
5753,5.2045517,4.93791471704633,0.26663698295366967
5754,5.1806793,4.912095331140692,0.2685839688593088
5755,5.14904,4.887710595794262,0.26132940420573814
5756,5.1161957,4.865109783560504,0.2510859164394956
5757,5.088173,4.844309684341847,0.2438633156581531
5758,5.064453,4.825759040411571,0.23869395958842965
5759,5.047188,4.8097174513715855,0.23747054862841477
5760,5.0370407,4.796122963971992,0.2409177360280088
5761,5.0290146,4.784870264873323,0.244144335126677
5762,5.0348816,4.776099267911168,0.25878233208883206
5763,5.0425644,4.770105833219328,0.2724585667806716
5764,5.0529785,4.767235301997865,0.28574319800213477
5765,5.063179,4.767142628275481,0.2960363717245187
5766,5.0751038,4.769363869132822,0.305739930867178
5767,5.0846634,4.774127640651019,0.3105357593489808
5768,5.0960875,4.782015960490055,0.3140715395099454
5769,5.1049886,4.792658410460183,0.31233018953981784
5770,5.1100817,4.805558275101766,0.3045234248982345
5771,5.1128244,4.820556856149944,0.2922675438500564
5772,5.1146755,4.8369974651257515,0.27767803487424825
5773,5.1170926,4.855001576467497,0.2620910235325029
5774,5.1215334,4.873856451895397,0.24767694810460306
5775,5.1294556,4.893846410559812,0.23560918944018816
5776,5.1485367,4.914610380402696,0.23392631959730448
5777,5.2039413,4.936076617862293,0.26786468213770753
5778,5.229126,4.958555907988851,0.2705700920111491
5779,5.244568,4.981219355852182,0.26334864414781833
5780,5.259514,5.003118814649244,0.25639518535075645
5781,5.272087,5.024694102019324,0.2473928979806761
5782,5.2765045,5.045709950465538,0.23079454953446188
5783,5.289322,5.067113307835497,0.22220869216450367
5784,5.299881,5.088421632274927,0.21145936772507312
5785,5.308708,5.108149899558663,0.20055810044133704
5786,5.3196564,5.126014712348174,0.19364168765182654
5787,5.3308563,5.142608904422319,0.18824739557768044
5788,5.345726,5.158790134519523,0.1869358654804767
5789,5.3434677,5.174493635040658,0.16897406495934142
5790,5.3463593,5.187639607960882,0.15871969203911718
5791,5.347435,5.198219301672479,0.14921569832752102
5792,5.3510895,5.207086944059979,0.14400255594002065
5793,5.345108,5.214459180595613,0.13064881940438688
5794,5.341301,5.220334952118856,0.12096604788114362
5795,5.330803,5.22429236236312,0.10651063763688029
5796,5.3104553,5.226418704093768,0.08403659590623214
5797,5.284889,5.2273218695581205,0.05756713044187922
5798,5.25898,5.227490393082628,0.031489606917372015
5799,5.234337,5.226417330630251,0.007919669369749194
5800,5.209976,5.224085921978014,-0.014109921978013418
5801,5.1840057,5.221285086921367,-0.037279386921366786
5802,5.160904,5.217961767475256,-0.05705776747525526
5803,5.1463165,5.21420559172419,-0.06788909172419011
5804,5.135727,5.210384928067611,-0.07465792806761051
5805,5.133171,5.206106053489907,-0.07293505348990692
5806,5.134636,5.201534857207462,-0.06689885720746158
5807,5.135559,5.196960714154768,-0.06140171415476825
5808,5.1361084,5.192391611796133,-0.05628321179613227
5809,5.1281204,5.1874815070123175,-0.05936110701231723
5810,5.1141663,5.1826797954440025,-0.06851349544400254
5811,5.093712,5.177369629547863,-0.08365762954786327
5812,5.057556,5.171250592509425,-0.11369459250942526
5813,5.013588,5.164664930269416,-0.15107693026941593
5814,4.9653625,5.157130108450938,-0.1917676084509381
5815,4.9286585,5.148610991484724,-0.21995249148472418
5816,4.9023175,5.139592707890864,-0.23727520789086398
5817,4.877543,5.130105829756086,-0.25256282975608624
5818,4.85502,5.120187303259302,-0.26516730325930205
5819,4.8354335,5.109237399696592,-0.2738038996965919
5820,4.8194695,5.098067440442331,-0.27859794044233066
5821,4.8078127,5.086007063959109,-0.27819436395910824
5822,4.80115,5.071795360876225,-0.2706453608762249
5823,4.8004227,5.057469569920512,-0.2570468699205115
5824,4.809265,5.042218920702598,-0.2329539207025979
5825,4.8200226,5.024987710249998,-0.20496511024999808
5826,4.839226,5.006668270167121,-0.167442270167121
5827,4.8663025,4.98707700595163,-0.12077450595162986
5828,4.8953934,4.966010651456848,-0.0706172514568486
5829,4.930069,4.943449584924947,-0.013380584924947314
5830,4.957588,4.919766738126309,0.037821261873691725
5831,4.981003,4.89501995734715,0.08598304265285073
5832,4.983757,4.869221837955987,0.11453516204401293
5833,4.9566574,4.842724778956138,0.11393262104386181
5834,4.894394,4.815585353165776,0.07880864683422395
5835,4.827774,4.7882933742883225,0.03948062571167732
5836,4.7518234,4.760399857473777,-0.008576457473776777
5837,4.682701,4.732235466065815,-0.0495344660658148
5838,4.619713,4.704160686584331,-0.08444768658433066
5839,4.563484,4.676636251901205,-0.11315225190120515
5840,4.5182114,4.649173013250889,-0.1309616132508884
5841,4.481003,4.622188544771611,-0.14118554477161105
5842,4.448097,4.595691057303901,-0.14759405730390096
5843,4.417061,4.5700191690831025,-0.1529581690831021
5844,4.398918,4.545224880444042,-0.14630688044404216
5845,4.3834534,4.521325927628456,-0.13787252762845625
5846,4.377205,4.498655314239742,-0.12145031423974206
5847,4.3735733,4.477382304734395,-0.10380900473439425
5848,4.371475,4.457664262017522,-0.08618926201752153
5849,4.3736877,4.439611858762786,-0.06592415876278679
5850,4.381668,4.42312954354296,-0.041461543542959944
5851,4.388176,4.408389959278333,-0.02021395927833325
5852,4.3973923,4.395420037317274,0.001972262682725656
5853,4.4092484,4.384661179795183,0.024587220204817406
5854,4.422333,4.375676268419395,0.04665673158060546
5855,4.4457245,4.367983265896395,0.07774123410360456
5856,4.4681854,4.361807580036867,0.10637781996313311
5857,4.497406,4.357064327697229,0.14034167230277106
5858,4.511154,4.353815462307539,0.15733853769246142
5859,4.5524063,4.351992288672282,0.20041401132771863
5860,4.56234,4.35132326040103,0.2110167395989695
5861,4.580635,4.352187956481082,0.2284470435189183
5862,4.601898,4.35419740876376,0.24770059123624044
5863,4.6236954,4.358040206158388,0.26565519384161185
5864,4.6520157,4.362487098846138,0.2895286011538616
5865,4.680229,4.36674806396895,0.3134809360310493
5866,4.7118683,4.371018554516899,0.34084974548310054
5867,4.745575,4.3754147691670955,0.37016023083290417
5868,4.7750244,4.380325647152974,0.3946987528470265
5869,4.8041916,4.385462341407466,0.41872925859253396
5870,4.8231964,4.390170908792458,0.43302549120754197
5871,4.828987,4.394774846350873,0.4342121536491268
5872,4.811783,4.4014954478475765,0.41028755215242363
5873,4.765663,4.408201762690599,0.35746123730940127
5874,4.70533,4.412022583168086,0.2933074168319143
5875,4.63871,4.41551679530027,0.22319320469972936
5876,4.583832,4.418584093209463,0.1652479067905368
5877,4.541527,4.421061720648031,0.12046527935196938
5878,4.5129013,4.422990111961132,0.08991118803886788
5879,4.49955,4.424539637059012,0.07501036294098817
5880,4.492676,4.425765794015556,0.06691020598444464
5881,4.492424,4.42632312790684,0.06610087209315996
5882,4.488426,4.427351003198868,0.06107499680113193
5883,4.4798813,4.427591798300128,0.0522895016998719
5884,4.4668274,4.426810451536812,0.040016948463187596
5885,4.454712,4.425274937074388,0.02943706292561199
5886,4.444977,4.423142558813838,0.021834441186161513
5887,4.442131,4.42024747606283,0.02188352393716997
5888,4.4409866,4.416965345815789,0.02402125418421086
5889,4.436081,4.4145162848593955,0.021564715140604207
5890,4.426918,4.41159203361041,0.015325966389589496
5891,4.4051666,4.407484010761487,-0.0023174107614867268
5892,4.3762665,4.403140088574335,-0.026873588574335194
5893,4.3403854,4.398849498939137,-0.05846409893913762
5894,4.3024063,4.394921917831251,-0.09251561783125073
5895,4.268631,4.391036312914007,-0.12240531291400725
5896,4.2378616,4.387017381177966,-0.14915578117796624
5897,4.2148895,4.388391360392155,-0.17350186039215476
5898,4.194992,4.390619246498965,-0.19562724649896523
5899,4.17791,4.389532132204847,-0.21162213220484727
5900,4.168091,4.388701189583462,-0.22061018958346157
5901,4.1572495,4.388829547140742,-0.2315800471407421
5902,4.1484985,4.390040200330752,-0.24154170033075228
5903,4.139641,4.392253936490923,-0.2526129364909231
5904,4.132347,4.395593021995175,-0.2632460219951751
5905,4.132004,4.401222024444856,-0.26921802444485543
5906,4.135597,4.4078255885083735,-0.2722285885083737
5907,4.145981,4.415028298134539,-0.26904729813453887
5908,4.167015,4.423435326671784,-0.25642032667178416
5909,4.190834,4.4329860395992355,-0.2421520395992358
5910,4.2184067,4.44334177095067,-0.22493507095066967
5911,4.251648,4.453850363802555,-0.20220236380255496
5912,4.2850876,4.465322165908158,-0.18023456590815812
5913,4.3196335,4.477711498164384,-0.15807799816438362
5914,4.3499985,4.493360720592015,-0.14336222059201553
5915,4.3831635,4.509778677866691,-0.1266151778666904
5916,4.415901,4.524667125318204,-0.10876612531820395
5917,4.447487,4.5397409943904945,-0.09225399439049475
5918,4.4764175,4.555204577765819,-0.07878707776581884
5919,4.505783,4.57107540376211,-0.06529240376211032
5920,4.536598,4.58713501210292,-0.05053701210292072
5921,4.566574,4.603356314857498,-0.036782314857497944
5922,4.59272,4.619606772396432,-0.026886772396432335
5923,4.618477,4.635855414851097,-0.01737841485109648
5924,4.6438904,4.652744251179182,-0.008853851179181582
5925,4.6617966,4.669382362698271,-0.007585762698271381
5926,4.684723,4.684386128101847,0.0003368718981526797
5927,4.7040253,4.6990980457071165,0.004927254292883099
5928,4.7218933,4.713447486153138,0.008445813846861938
5929,4.742584,4.72779206566271,0.01479193433728998
5930,4.76474,4.742070409530157,0.022669590469842404
5931,4.7835693,4.755807423020848,0.027761876979152333
5932,4.803253,4.769168047955593,0.03408495204440687
5933,4.8284073,4.782389317654089,0.04601798234591126
5934,4.8357773,4.795237794319823,0.040539505680176724
5935,4.844925,4.807940128951702,0.03698487104829784
5936,4.8514667,4.820093993277796,0.0313727067222036
5937,4.8540616,4.83306313712976,0.020998462870239543
5938,4.856375,4.845285792412184,0.011089207587815508
5939,4.859108,4.855416672151164,0.003691327848835968
5940,4.862962,4.864862554324119,-0.0019005543241190637
5941,4.868637,4.873350782270092,-0.004713782270092004
5942,4.875046,4.881134954118796,-0.00608895411879562
5943,4.881035,4.888109035110734,-0.007074035110734123
5944,4.8931046,4.8942485833228675,-0.00114398332286747
5945,4.904167,4.899474645145648,0.004692354854352487
5946,4.9241943,4.904817170067497,0.019377129932502513
5947,4.9290543,4.908276001629634,0.02077829837036571
5948,4.9405518,4.909525587211294,0.031026212788705543
5949,4.9513016,4.90940786747112,0.04189373252888018
5950,4.963928,4.907793025602618,0.056134974397382464
5951,4.979866,4.904736768715954,0.07512923128404658
5952,4.993164,4.9002314996589735,0.09293250034102662
5953,5.000171,4.894431632353751,0.10573936764624925
5954,5.002388,4.887498930703586,0.11488906929641374
5955,5.006562,4.879142588535961,0.12741941146403857
5956,5.011884,4.869344288177905,0.1425397118220948
5957,5.017544,4.858489995429253,0.1590540045707467
5958,5.022731,4.846551181530321,0.176179818469679
5959,5.026635,4.833691124591378,0.19294387540862168
5960,5.0284467,4.819834186612762,0.20861251338723807
5961,5.008293,4.80494970582493,0.20334329417507035
5962,4.9812317,4.792330036699678,0.18890166330032265
5963,4.965866,4.779545694770723,0.18632030522927678
5964,4.9525223,4.763882399803465,0.18863990019653532
5965,4.947418,4.747133144722216,0.2002848552777836
5966,4.9525146,4.729416844258076,0.22309775574192336
5967,4.9633026,4.711016243157178,0.25228635684282175
5968,4.981041,4.692253152006633,0.2887878479933672
5969,4.9941025,4.673235487398953,0.3208670126010471
5970,4.9860535,4.653810062369988,0.3322434376300114
5971,4.941063,4.633905969374727,0.3071570306252731
5972,4.8592987,4.613587807888351,0.24571089211164931
5973,4.780655,4.593252422627273,0.18740257737272703
5974,4.709099,4.572714404675565,0.1363845953244356
5975,4.6481094,4.551973501385396,0.09613589861460436
5976,4.593033,4.531068293062885,0.061964706937114755
5977,4.5394287,4.510923777735525,0.02850492226447532
5978,4.490593,4.491014678238161,-0.00042167823816097183
5979,4.4441223,4.4711610412835165,-0.027038741283516465
5980,4.403557,4.451015183202475,-0.04745818320247519
5981,4.3640823,4.430552629161561,-0.06647032916156093
5982,4.3384933,4.410420404135449,-0.07192710413544923
5983,4.3223495,4.390632520148578,-0.06828302014857801
5984,4.3071313,4.371418797507431,-0.06428749750743101
5985,4.293937,4.354677410667458,-0.06074041066745828
5986,4.281577,4.339225634952454,-0.05764863495245365
5987,4.270471,4.322855588255134,-0.05238458825513437
5988,4.2610393,4.307337593760362,-0.046298293760361986
5989,4.2537017,4.2924626864362585,-0.038760986436258804
5990,4.248879,4.278739375473807,-0.029860375473806933
5991,4.2469907,4.265903394758861,-0.01891269475886137
5992,4.2423096,4.2533659701082955,-0.011056370108295965
5993,4.245102,4.241966125936649,0.0031358740633509186
5994,4.2548447,4.231837643299464,0.0230070567005356
5995,4.2931366,4.2228356312845206,0.07030096871547986
5996,4.302429,4.2147522435449725,0.0876767564550276
5997,4.3330383,4.207683166948218,0.12535513305178192
5998,4.3632812,4.201873373696398,0.16140782630360206
5999,4.3971024,4.197497310175359,0.1996050898246402
6000,4.431862,4.194166161072252,0.23769583892774815
6001,4.463478,4.19394947019391,0.2695285298060899
6002,4.4831085,4.196694499181612,0.28641400081838775
6003,4.489319,4.20029800049916,0.28902099950084015
6004,4.492386,4.203516708143272,0.28886929185672816
6005,4.4930344,4.207844982771664,0.28518941722833624
6006,4.4845963,4.21307645407785,0.2715198459221497
6007,4.481926,4.219525495300275,0.2624005046997242
6008,4.4713135,4.226949458625838,0.2443640413741619
6009,4.457382,4.236825948577033,0.22055605142296653
6010,4.445961,4.247302684512666,0.19865831548733404
6011,4.4335785,4.257612027186449,0.1759664728135517
6012,4.4207,4.26878826046229,0.1519117395377103
6013,4.411644,4.280730402599768,0.130913597400232
6014,4.4090576,4.293791560556044,0.11526603944395575
6015,4.4109344,4.308050449593388,0.10288395040661236
6016,4.419998,4.323241717827091,0.09675628217290821
6017,4.424507,4.338938140902046,0.08556885909795398
6018,4.4305954,4.355548134746723,0.07504726525327676
6019,4.427109,4.373224804195079,0.053884195804920765
6020,4.420738,4.391363039029163,0.029374960970836916
6021,4.4109726,4.409701564071145,0.0012710359288545803
6022,4.40197,4.428207307008095,-0.026237307008094568
6023,4.401146,4.446759701649331,-0.045613701649330984
6024,4.4050064,4.466086890757104,-0.06108049075710387
6025,4.413849,4.486098284026869,-0.07224928402686892
6026,4.42865,4.505992704657198,-0.07734270465719817
6027,4.450859,4.526307322876969,-0.07544832287696845
6028,4.4748764,4.546443115456127,-0.07156671545612703
6029,4.5017395,4.566679761625277,-0.064940261625277
6030,4.5322037,4.5865812174458584,-0.05437751744585828
6031,4.5608826,4.6063439450813535,-0.045461345081353244
6032,4.5933685,4.625975687958215,-0.03260718795821482
6033,4.622658,4.645997207499361,-0.023339207499360803
6034,4.65007,4.665487294915248,-0.015417294915248014
6035,4.674469,4.684480168376605,-0.010011168376604651
6036,4.6930084,4.703000897483178,-0.009992497483177765
6037,4.709778,4.721132753307976,-0.011354753307975862
6038,4.722069,4.738631999390167,-0.01656299939016659
6039,4.727562,4.755746114012141,-0.028184114012141492
6040,4.727562,4.772246491536784,-0.04468449153678389
6041,4.7217407,4.787796585516108,-0.06605588551610797
6042,4.715988,4.802591691347613,-0.08660369134761314
6043,4.7073746,4.81742366931651,-0.11004906931650993
6044,4.6962204,4.832193267951125,-0.13597286795112495
6045,4.680237,4.845835796805483,-0.16559879680548306
6046,4.6554184,4.858104464743845,-0.20268606474384487
6047,4.6269073,4.869337235589966,-0.24242993558996595
6048,4.598778,4.879500942475369,-0.2807229424753688
6049,4.575218,4.88866495496154,-0.31344695496154085
6050,4.546501,4.8966053721687155,-0.35010437216871537
6051,4.5296936,4.903337525791689,-0.37364392579168904
6052,4.515167,4.909013932519684,-0.3938469325196845
6053,4.5077896,4.913445481166823,-0.4056558811668234
6054,4.504608,4.91717797513936,-0.4125699751393599
6055,4.5067368,4.920130832252824,-0.4133940322528247
6056,4.510391,4.922078057317036,-0.41168705731703614
6057,4.518425,4.922999771509627,-0.40457477150962706
6058,4.5180817,4.9228574693205855,-0.4047757693205858
6059,4.521538,4.9217629031447245,-0.4002249031447249
6060,4.527176,4.920068082937945,-0.3928920829379452
6061,4.536133,4.917982879917306,-0.381849879917306
6062,4.544449,4.915042873717852,-0.37059387371785224
6063,4.5422244,4.91107506809439,-0.3688506680943897
6064,4.533177,4.907296234118263,-0.37411923411826287
6065,4.518827,4.903038154070989,-0.3842111540709894
6066,4.500095,4.8968919836698666,-0.3967969836698666
6067,4.4779,4.88986323415587,-0.4119632341558699
6068,4.453162,4.882482642366232,-0.4293206423662319
6069,4.426801,4.875159709006499,-0.44835870900649866
6070,4.391014,4.8676177504961995,-0.4766037504961993
6071,4.3525085,4.8591602796573445,-0.5066517796573446
6072,4.3192673,4.850108238577297,-0.5308409385772972
6073,4.2989197,4.841022183026856,-0.5421024830268557
6074,4.2918396,4.832060439445331,-0.5402208394453307
6075,4.2955246,4.823981930416786,-0.5284573304167859
6076,4.3096466,4.816306954860511,-0.5066603548605109
6077,4.329422,4.808551781678934,-0.4791297816789335
6078,4.353348,4.801373583321799,-0.4480255833217983
6079,4.3865585,4.794465773554535,-0.40790727355453527
6080,4.4166336,4.78827576170346,-0.37164216170346
6081,4.445015,4.782899689955641,-0.3378846899556409
6082,4.4682693,4.778514123889418,-0.310244823889418
6083,4.4861755,4.775334787742707,-0.2891592877427067
6084,4.4993668,4.77353388649901,-0.27416708649901
6085,4.5071564,4.773267124919438,-0.26611072491943766
6086,4.520134,4.774676737817197,-0.2545427378171974
6087,4.52932,4.778899641234078,-0.24957964123407805
6088,4.537956,4.784871057658615,-0.24691505765861432
6089,4.547287,4.791063990647089,-0.24377699064708924
6090,4.5577927,4.798713667385432,-0.24092096738543134
6091,4.5660477,4.808095643546981,-0.24204794354698045
6092,4.577675,4.819420345865456,-0.24174534586545615
6093,4.591202,4.832292906705353,-0.24109090670535327
6094,4.6057816,4.8480369277260795,-0.24225532772607927
6095,4.62323,4.864631560439876,-0.2414015604398756
6096,4.6429443,4.88069310052813,-0.23774880052812986
6097,4.6632004,4.897612589528327,-0.2344121895283271
6098,4.6833344,4.915423050541376,-0.2320886505413764
6099,4.707649,4.9339632503599935,-0.22631425035999353
6100,4.7292023,4.953184274125826,-0.22398197412582643
6101,4.7524796,4.972534938798598,-0.2200553387985984
6102,4.7758636,4.991720221857339,-0.21585662185733856
6103,4.798004,5.01062785900773,-0.2126238590077305
6104,4.820389,5.028873342232798,-0.208484342232798
6105,4.8369446,5.046610251112556,-0.20966565111255608
6106,4.8563614,5.06334123413807,-0.2069798341380702
6107,4.8705063,5.078342656526358,-0.20783635652635812
6108,4.8746676,5.09156984800548,-0.21690224800547941
6109,4.876693,5.103101412401599,-0.22640841240159837
6110,4.877486,5.113448454598845,-0.23596245459884457
6111,4.877951,5.121893297030507,-0.24394229703050652
6112,4.8789916,5.1275828731149335,-0.24859127311493356
6113,4.8815107,5.131333893920326,-0.24982319392032615
6114,4.886413,5.13315080989298,-0.24673780989297978
6115,4.9265213,5.133324329598946,-0.20680302959894625
6116,4.925255,5.131335205771536,-0.20608020577153585
6117,4.9206085,5.1265084990618925,-0.20589999906189238
6118,4.9130173,5.119339604364615,-0.2063223043646154
6119,4.909418,5.109773950054529,-0.20035595005452933
6120,4.900334,5.098111059296374,-0.19777705929637435
6121,4.882701,5.084241319956081,-0.2015403199560808
6122,4.8573556,5.068213378600666,-0.21085777860066557
6123,4.8251343,5.050739874789761,-0.2256055747897605
6124,4.786873,5.0320728654356515,-0.24519986543565153
6125,4.7434072,5.0119745563178135,-0.2685673563178135
6126,4.6955743,4.990175172789867,-0.294600872789867
6127,4.64421,4.96670339110461,-0.32249339110460973
6128,4.5901504,4.942488309913635,-0.35233790991363545
6129,4.534231,4.9175146252011945,-0.3832836252011944
6130,4.4772897,4.892140541818124,-0.41485084181812404
6131,4.4201617,4.866415881052838,-0.4462541810528373
6132,4.3636827,4.840211097867037,-0.47652839786703716
6133,4.29792,4.814309495836454,-0.5163894958364539
6134,4.23983,4.78914814544742,-0.5493181454474199
6135,4.191353,4.764875042682055,-0.5735220426820549
6136,4.155861,4.741910561436319,-0.5860495614363188
6137,4.127182,4.719872146802854,-0.5926901468028536
6138,4.1041183,4.698614634982915,-0.5944963349829155
6139,4.083832,4.678595288029129,-0.5947632880291289
6140,4.061554,4.6599905614810115,-0.5984365614810114
6141,4.0354767,4.643091812909856,-0.6076151129098557
6142,4.010475,4.627899632709299,-0.6174246327092998
6143,3.9849472,4.614327300893183,-0.6293801008931825
6144,3.9656372,4.6024537560827925,-0.6368165560827923
6145,3.953743,4.592456687221051,-0.6387136872210513
6146,3.9446487,4.584554117974764,-0.6399054179747639
6147,3.9378204,4.578880757585951,-0.641060357585951
6148,3.943039,4.575253020494982,-0.6322140204949815
6149,3.9533386,4.573517328622895,-0.620178728622895
6150,3.9578323,4.5730901710065615,-0.6152578710065613
6151,3.9664688,4.573248479910857,-0.6067796799108574
6152,3.9702606,4.574487957094504,-0.6042273570945036
6153,3.9822464,4.576879131642169,-0.5946327316421689
6154,3.996727,4.580505136946638,-0.5837781369466377
6155,4.0118256,4.585766920764812,-0.5739413207648125
6156,4.0346985,4.592144501542043,-0.5574460015420426
6157,4.061508,4.5994324470949906,-0.5379244470949907
6158,4.099251,4.6078693808670925,-0.5086183808670928
6159,4.1334,4.617328383908235,-0.48392838390823467
6160,4.1744843,4.627988873272088,-0.45350457327208815
6161,4.2220917,4.639593058810365,-0.4175013588103651
6162,4.2680283,4.651633788332271,-0.3836054883322708
6163,4.3110275,4.665366414510309,-0.3543389145103095
6164,4.355438,4.682322938781107,-0.3268849387811068
6165,4.39682,4.699614611416962,-0.30279461141696196
6166,4.4412613,4.714870846118994,-0.273609546118994
6167,4.4770737,4.730581776367166,-0.253508076367166
6168,4.513565,4.746196261039887,-0.23263126103988707
6169,4.5448685,4.7616902025323125,-0.2168217025323127
6170,4.5769577,4.777510683165508,-0.2005529831655073
6171,4.60804,4.793242342251173,-0.1852023422511735
6172,4.635231,4.8085348856851065,-0.17330388568510635
6173,4.6619034,4.823054706477898,-0.16115130647789844
6174,4.6874466,4.837268649100504,-0.14982204910050356
6175,4.711075,4.85154991920214,-0.1404749192021395
6176,4.7427216,4.865205240285519,-0.12248364028551872
6177,4.7570953,4.8779701789221726,-0.12087487892217297
6178,4.7760925,4.890136790040087,-0.11404429004008687
6179,4.793335,4.901533728633639,-0.10819872863363944
6180,4.8124695,4.912263947113287,-0.099794447113287
6181,4.8285065,4.92276010470522,-0.09425360470522026
6182,4.848259,4.9324959923132035,-0.0842369923132038
6183,4.862999,4.941983092259982,-0.07898409225998204
6184,4.8767242,4.950813371770367,-0.07408917177036667
6185,4.8899307,4.9598254015024335,-0.0698947015024336
6186,4.904114,4.970372110205655,-0.06625811020565475
6187,4.9165573,4.980123450914311,-0.06356615091431106
6188,4.926285,4.987894974569577,-0.06160997456957684
6189,4.9349365,4.995319624515586,-0.06038312451558614
6190,4.9457703,5.002272867222514,-0.056502567222513456
6191,4.9526443,5.009404315605133,-0.056760015605132885
6192,4.958908,5.015864922756085,-0.056956922756085326
6193,4.9675217,5.02104373896588,-0.05352203896588037
6194,4.9741592,5.026145363042187,-0.05198616304218717
6195,4.979377,5.031186377931477,-0.051809377931476774
6196,4.9880857,5.037402426965227,-0.04931672696522682
6197,4.997232,5.043387996836341,-0.04615599683634031
6198,5.0065856,5.047719116679128,-0.041133516679128235
6199,5.0159187,5.051830870574187,-0.0359121705741865
6200,5.0250006,5.0553755368656725,-0.030374936865672275
6201,5.0336037,5.058594882365799,-0.02499118236579978
6202,5.0414977,5.06134719967792,-0.019849499677920157
6203,5.048454,5.063656778797957,-0.015202778797956285
6204,5.054243,5.0660513102114155,-0.011808310211415929
6205,5.06559,5.068215693139688,-0.002625693139687968
6206,5.077835,5.0691545436602325,0.008680456339767773
6207,5.090439,5.069108099910689,0.021330900089311378
6208,5.1063004,5.068480651327367,0.03781974867263305
6209,5.1236343,5.067239648470657,0.05639465152934253
6210,5.1262817,5.065469599584015,0.06081210041598517
6211,5.144203,5.063027274564627,0.0811757254353731
6212,5.1532288,5.059743472962278,0.09348532703772161
6213,5.163269,5.055774487825346,0.10749451217465378
6214,5.1665497,5.0515311676255505,0.11501853237444948
6215,5.1707764,5.046910259229761,0.1238661407702395
6216,5.1701508,5.041388780169368,0.1287620198306323
6217,5.1671524,5.035093951347886,0.13205844865211436
6218,5.175949,5.028325047984434,0.14762395201556622
6219,5.1399155,5.021163268646809,0.11875223135319057
6220,5.123947,5.013629453023244,0.11031754697675655
6221,5.1079483,5.005899767884852,0.1020485321151483
6222,5.082489,4.997903205810057,0.08458579418994283
6223,5.058464,4.989818496385859,0.06864550361414068
6224,5.0314026,4.981884264958703,0.04951833504129688
6225,5.0051193,4.974185680981511,0.03093361901848901
6226,4.9990845,4.966829088042575,0.03225541195742565
6227,4.9631042,4.960024568655383,0.003079631344617084
6228,4.9468307,4.953801422000193,-0.006970722000193774
6229,4.9360657,4.9482969862645865,-0.012231286264586139
6230,4.916275,4.9436766988495355,-0.027401698849535805
6231,4.8922195,4.940300313533846,-0.0480808135338453
6232,4.8809967,4.938246081119297,-0.05724938111929756
6233,4.8331203,4.93758325045597,-0.10446295045596976
6234,4.8379073,4.938367970656983,-0.10046067065698239
6235,4.841579,4.940591346873836,-0.09901234687383553
6236,4.844398,4.944427335576964,-0.1000293355769637
6237,4.846626,4.949828075052856,-0.10320207505285595
6238,4.848525,4.956798878312493,-0.10827387831249258
6239,4.8503575,4.965348997039866,-0.114991497039866
6240,4.8523855,4.975447983431058,-0.12306248343105874
6241,4.8548713,4.9874235920121315,-0.13255229201213137
6242,4.858076,5.001028891026542,-0.14295289102654252
6243,4.862263,5.016124310853291,-0.15386131085329158
6244,4.8676944,5.032677112091808,-0.16498271209180793
6245,4.8746314,5.050418622624174,-0.1757872226241739
6246,4.8833365,5.069217007391069,-0.18588050739106876
6247,4.9154053,5.0890225687705914,-0.1736172687705917
6248,4.949805,5.115221946965679,-0.16541694696567966
6249,4.9633765,5.142791658047638,-0.17941515804763775
6250,4.9768243,5.1655845346571505,-0.18876023465715086
6251,4.991326,5.188796173459227,-0.19747017345922746
6252,5.0080585,5.211459759115122,-0.20340125911512263
6253,5.0282,5.232862584370254,-0.2046625843702543
6254,5.052928,5.253084765706705,-0.20015676570670493
6255,5.08342,5.272541352236425,-0.189121352236425
6256,5.1324234,5.293181522140352,-0.16075812214035157
6257,5.1625366,5.314211972105414,-0.15167537210541404
6258,5.18441,5.333711308272824,-0.1493013082728245
6259,5.193123,5.350747660059573,-0.15762466005957343
6260,5.210457,5.366484596481001,-0.1560275964810014
6261,5.2263794,5.382071928061547,-0.15569252806154754
6262,5.245285,5.396539124999382,-0.15125412499938218
6263,5.2662277,5.408732795710811,-0.14250509571081071
6264,5.2881165,5.420965836336124,-0.1328493363361236
6265,5.3126373,5.431849999958105,-0.1192126999581058
6266,5.334221,5.4391014350178475,-0.10488043501784716
6267,5.356369,5.444709205924595,-0.08834020592459524
6268,5.3801117,5.449345871459977,-0.06923417145997757
6269,5.3928986,5.453097290210943,-0.06019869021094326
6270,5.406952,5.457164675960881,-0.050212675960880304
6271,5.4171143,5.459339196851462,-0.04222489685146247
6272,5.4268036,5.459339136046127,-0.0325355360461268
6273,5.434784,5.4569580856012845,-0.022174085601284865
6274,5.4376907,5.454140983268172,-0.016450283268172328
6275,5.4387665,5.451003700782724,-0.0122372007827245
6276,5.438225,5.4482463357478235,-0.010021335747823379
6277,5.437027,5.444910345566519,-0.00788334556651904
6278,5.4340515,5.442841654642341,-0.008790154642341008
6279,5.429428,5.439742091867538,-0.010314091867538622
6280,5.4240046,5.433098616698569,-0.009094016698568907
6281,5.408699,5.425213303561135,-0.01651430356113437
6282,5.396241,5.41736461031514,-0.021123610315139985
6283,5.386422,5.409456975599288,-0.023034975599288465
6284,5.3790326,5.401729369661131,-0.02269676966113021
6285,5.373864,5.394204316022601,-0.020340316022601
6286,5.3707085,5.386965312154981,-0.01625681215498087
6287,5.369356,5.379840975793298,-0.010484975793298545
6288,5.3807373,5.372572862247612,0.008164437752387954
6289,5.3687973,5.36565035603885,0.00314694396114934
6290,5.3541794,5.359305616444027,-0.005126216444027776
6291,5.345047,5.353127890791928,-0.008080890791927864
6292,5.3428574,5.347144605654014,-0.004287205654014414
6293,5.341606,5.340995519390944,0.0006104806090556636
6294,5.3447495,5.335224302304841,0.009525197695158916
6295,5.3528976,5.329639913574657,0.023257686425343316
6296,5.3659515,5.324141047041625,0.0418104529583756
6297,5.3836136,5.319341842647678,0.06427175735232193
6298,5.396881,5.315074805912258,0.0818061940877417
6299,5.411598,5.311143061099063,0.1004549389009366
6300,5.423416,5.307264877660185,0.11615112233981417
6301,5.4323883,5.303983491295359,0.12840480870464166
6302,5.438797,5.300652386333083,0.13814461366691688
6303,5.435669,5.297160472214641,0.13850852778535927
6304,5.4245987,5.2940031109058525,0.13059558909414726
6305,5.4009857,5.291161230538692,0.10982446946130775
6306,5.3774033,5.289328372073906,0.08807492792609395
6307,5.3201294,5.287484442937523,0.03264495706247672
6308,5.273781,5.28474521878057,-0.010964218780570079
6309,5.2337036,5.282457130597486,-0.04875353059748555
6310,5.1993484,5.28010351718093,-0.08075511718092976
6311,5.1779175,5.278360241000314,-0.1004427410003137
6312,5.163307,5.277171712980282,-0.11386471298028233
6313,5.1535645,5.27543884165151,-0.12187434165150979
6314,5.1447754,5.273746756790983,-0.12897135679098248
6315,5.1343,5.27127526971101,-0.13697526971101048
6316,5.1256943,5.2684782075008565,-0.14278390750085634
6317,5.1204453,5.265736437318844,-0.1452911373188437
6318,5.11792,5.262852863074175,-0.14493286307417552
6319,5.117302,5.2600218955007545,-0.14271989550075492
6320,5.122246,5.257517634738642,-0.13527163473864245
6321,5.1317444,5.254694805020712,-0.12295040502071242
6322,5.1432037,5.251617026673648,-0.10841332667364778
6323,5.1506042,5.248097754275487,-0.0974935542754869
6324,5.1632385,5.244485487575201,-0.08124698757520044
6325,5.1729355,5.240542399005507,-0.06760689900550698
6326,5.1789856,5.236594094060878,-0.057608494060878535
6327,5.1853867,5.2328579031889575,-0.04747120318895792
6328,5.1859746,5.228947691889224,-0.04297309188922416
6329,5.187148,5.224863598938861,-0.03771559893886156
6330,5.18932,5.2205753517657705,-0.0312553517657701
6331,5.1925945,5.21631802144323,-0.023723521443229423
6332,5.1970754,5.211959164080999,-0.014883764080998674
6333,5.202867,5.207371785442186,-0.004504785442185799
6334,5.210074,5.202756985357484,0.007317014642515218
6335,5.2187996,5.19879442603814,0.020005173961859413
6336,5.236511,5.1950806146268045,0.041430385373195655
6337,5.24485,5.191512834507163,0.05333716549283629
6338,5.2455215,5.187434680351017,0.05808681964898277
6339,5.24292,5.183357979919616,0.05956202008038414
6340,5.2426147,5.179204893457742,0.06340980654225792
6341,5.246025,5.175116401540473,0.07090859845952746
6342,5.247078,5.17111714830556,0.07596085169444056
6343,5.248535,5.1671496180424406,0.08138538195755984
6344,5.2472,5.163596387391256,0.08360361260874427
6345,5.2429886,5.161195545876074,0.08179305412392601
6346,5.2340164,5.158644537938143,0.07537186206185709
6347,5.218376,5.155505120465459,0.0628708795345414
6348,5.2001495,5.152369072736727,0.04778042726327314
6349,5.18029,5.149085123694243,0.031204876305757523
6350,5.1582336,5.145834982740692,0.012398617259307798
6351,5.1243134,5.142925510649602,-0.018612110649601554
6352,5.0907974,5.140054504176371,-0.049257104176371413
6353,5.0486603,5.137322897102816,-0.08866259710281632
6354,4.991867,5.134851091284593,-0.14298409128459255
6355,4.936554,5.132665645342492,-0.1961116453424916
6356,4.8862762,5.131172646193473,-0.24489644619347306
6357,4.8440094,5.129924265829697,-0.28591486582969683
6358,4.814972,5.1288231180403,-0.31385111804029986
6359,4.7928925,5.127782736397747,-0.3348902363977473
6360,4.7819977,5.126937684454567,-0.34493998445456686
6361,4.78067,5.1266183369937925,-0.3459483369937928
6362,4.783943,5.126271831506625,-0.3423288315066255
6363,4.7966156,5.1260434073854935,-0.3294278073854935
6364,4.811226,5.125603702187528,-0.31437770218752803
6365,4.8302536,5.125365309914874,-0.2951117099148739
6366,4.8554993,5.126284212964605,-0.27078491296460516
6367,4.882431,5.126857940393844,-0.2444269403938435
6368,4.9092712,5.1280662260824865,-0.21879502608248647
6369,4.9360805,5.1289779688839685,-0.19289746888396841
6370,4.9592566,5.129654100269706,-0.17039750026970601
6371,4.979525,5.130380900115033,-0.15085590011503314
6372,4.9986305,5.1307015235484235,-0.13207102354842348
6373,5.0183187,5.130316374344375,-0.11199767434437469
6374,5.040334,5.1302202959326975,-0.08988629593269781
6375,5.066424,5.12980104898043,-0.0633770489804304
6376,5.0998535,5.129273392909837,-0.029419892909836598
6377,5.111351,5.1282654923279125,-0.016914492327912534
6378,5.1150894,5.127116572332964,-0.012027172332964575
6379,5.1201553,5.126265561202613,-0.006110261202612932
6380,5.126976,5.125318019403018,0.0016579805969820782
6381,5.136673,5.125543082014669,0.011129917985330806
6382,5.1469803,5.126106099311892,0.02087420068810797
6383,5.1599426,5.12644823158555,0.03349436841445019
6384,5.172577,5.126076840556927,0.04650015944307384
6385,5.1861725,5.125218001537963,0.06095449846203671
6386,5.2006607,5.124645184079324,0.0760155159206759
6387,5.2089005,5.123626740660678,0.08527375933932202
6388,5.219162,5.122351870898995,0.09681012910100506
6389,5.205948,5.121074341816026,0.08487365818397397
6390,5.1861877,5.119442833518677,0.06674486648132305
6391,5.1485977,5.117092657182602,0.031505042817397744
6392,5.0927124,5.114824108384911,-0.022111708384911388
6393,5.025429,5.112570188629375,-0.08714118862937514
6394,4.9565887,5.110143088252026,-0.15355438825202583
6395,4.890671,5.107700902046206,-0.21702990204620587
6396,4.8299103,5.106399141921823,-0.27648884192182344
6397,4.773201,5.1047555712272,-0.33155457122719945
6398,4.725601,5.101674689846577,-0.3760736898465771
6399,4.687767,5.098504530486507,-0.4107375304865073
6400,4.655777,5.095151249766234,-0.4393742497662343
6401,4.6302032,5.091736684820081,-0.4615334848200803
6402,4.6107025,5.088511041973713,-0.4778085419737126
6403,4.5932846,5.08489389083307,-0.49160929083307003
6404,4.5837326,5.081295087807727,-0.49756248780772694
6405,4.5765457,5.078010558913387,-0.501464858913387
6406,4.5718765,5.074863328808125,-0.5029868288081252
6407,4.575966,5.071345079635356,-0.4953790796353559
6408,4.601011,5.0677912627328805,-0.46678026273288076
6409,4.627393,5.063825654027515,-0.43643265402751563
6410,4.653403,5.059864455115301,-0.4064614551153012
6411,4.6787524,5.055911937944937,-0.3771595379449373
6412,4.7031536,5.051774807622475,-0.3486212076224744
6413,4.7263207,5.047249700363386,-0.32092900036338623
6414,4.7479644,5.042721224680078,-0.29475682468007847
6415,4.768463,5.038281328402038,-0.2698183284020379
6416,4.7858124,5.03343881644992,-0.24762641644992023
6417,4.798233,5.028103656210112,-0.22987065621011205
6418,4.813553,5.022284027270748,-0.20873102727074855
6419,4.830124,5.015947375910189,-0.18582337591018927
6420,4.8502502,5.009282890469705,-0.15903269046970525
6421,4.874321,5.002254088456772,-0.1279330884567722
6422,4.899353,4.994864806882451,-0.09551180688245164
6423,4.9358673,4.987208097742342,-0.051340797742342126
6424,4.940941,4.979145027987448,-0.038204027987448264
6425,4.958313,4.97079988443054,-0.012486884430539469
6426,4.967346,4.962585649582646,0.004760350417353898
6427,4.9672623,4.954320733883333,0.01294156611666697
6428,4.9592514,4.945467790813617,0.013783609186383217
6429,4.9488297,4.9362806670391235,0.012549032960876616
6430,4.9389954,4.927023501688088,0.011971898311911922
6431,4.927025,4.918010371315534,0.009014628684466786
6432,4.914543,4.909223042267546,0.005319957732454306
6433,4.897873,4.900655462814689,-0.0027824628146895236
6434,4.8742447,4.892346700171981,-0.018102000171980492
6435,4.8431473,4.884412688693448,-0.0412653886934482
6436,4.8129425,4.876900215902844,-0.06395771590284394
6437,4.7886887,4.870155861532539,-0.0814671615325393
6438,4.7701797,4.864053392175818,-0.09387369217581831
6439,4.7471466,4.858287693013308,-0.1111410930133081
6440,4.7365646,4.853106745921909,-0.11654214592190826
6441,4.731209,4.848627581290409,-0.11741858129040939
6442,4.7304688,4.845114078389717,-0.11464527838971694
6443,4.7367096,4.842114007134166,-0.10540440713416555
6444,4.7424774,4.839820961539309,-0.09734356153930879
6445,4.7430725,4.838345994207731,-0.09527349420773046
6446,4.7300797,4.837739509260432,-0.10765980926043195
6447,4.7171936,4.838241892505408,-0.12104829250540838
6448,4.6974945,4.839353830305063,-0.1418593303050626
6449,4.6864243,4.841429258275806,-0.15500495827580618
6450,4.6777573,4.844915951811575,-0.16715865181157508
6451,4.6771317,4.849011023337732,-0.17187932333773137
6452,4.6832733,4.853780714170549,-0.17050741417054915
6453,4.6963577,4.8597040758568015,-0.16334637585680145
6454,4.7171173,4.8660617854310875,-0.14894448543108751
6455,4.738121,4.8730926412845745,-0.13497164128457495
6456,4.762497,4.880939608185376,-0.11844260818537666
6457,4.7871933,4.889399471422669,-0.10220617142266875
6458,4.8062057,4.897980159602033,-0.09177445960203379
6459,4.8245544,4.906960595954814,-0.08240619595481391
6460,4.8430176,4.916676051942234,-0.07365845194223475
6461,4.8560333,4.929287756472547,-0.07325445647254725
6462,4.863014,4.942882093231876,-0.07986809323187671
6463,4.8591766,4.954862943255602,-0.09568634325560232
6464,4.852417,4.966737672237947,-0.11432067223794729
6465,4.839241,4.978197172001699,-0.13895617200169852
6466,4.833687,4.989742787555046,-0.15605578755504546
6467,4.82621,5.001266092167662,-0.1750560921676625
6468,4.821869,5.012800167424448,-0.1909311674244476
6469,4.819084,5.023928650657707,-0.20484465065770685
6470,4.819824,5.0349230201005115,-0.21509902010051185
6471,4.8221283,5.046051017576926,-0.22392271757692583
6472,4.8252487,5.057569988917968,-0.23232128891796755
6473,4.832077,5.068846433094936,-0.2367694330949357
6474,4.8422318,5.079122659829111,-0.23689085982911084
6475,4.85273,5.088487870249464,-0.23575787024946404
6476,4.8662567,5.0967396244022565,-0.23048292440225637
6477,4.878586,5.105276143500043,-0.22669014350004257
6478,4.8927765,5.113231866136466,-0.22045536613646632
6479,4.908454,5.1198978637906745,-0.2114438637906746
6480,4.923616,5.125733673237878,-0.20211767323787821
6481,4.9350796,5.130947633896646,-0.1958680338966463
6482,4.9444947,5.13691073952989,-0.19241603952989017
6483,4.953512,5.141470460066882,-0.18795846006688244
6484,4.9637814,5.142899757461466,-0.17911835746146565
6485,4.976953,5.143626686919414,-0.1666736869194141
6486,4.994676,5.143020609144683,-0.14834460914468295
6487,5.022232,5.141618871595542,-0.11938687159554195
6488,5.0666885,5.139229433962706,-0.07254093396270633
6489,5.0834656,5.1357547826444385,-0.05228918264443827
6490,5.090927,5.132074108725487,-0.04114710872548688
6491,5.1012955,5.127474814537294,-0.02617931453729394
6492,5.112587,5.121606409818795,-0.009019409818794344
6493,5.123932,5.114292605441744,0.009639394558256242
6494,5.1380997,5.105689073961591,0.032410626038408274
6495,5.1480484,5.095708495382215,0.05233990461778504
6496,5.157196,5.084311645008618,0.07288435499138224
6497,5.164566,5.071853776836329,0.09271222316367034
6498,5.168518,5.058250111790826,0.1102678882091741
6499,5.164131,5.043393372672536,0.12073762732746385
6500,5.151764,5.0274030034883,0.12436099651170007
6501,5.1332626,5.010363443408797,0.12289915659120343
6502,5.1092377,4.992318533653618,0.11691916634638222
6503,5.083252,4.9737623939608895,0.1094896060391104
6504,5.0539474,4.953771190060955,0.10017620993904508
6505,5.0165405,4.931981312018954,0.08455918798104545
6506,4.978859,4.908693325612092,0.07016567438790755
6507,4.937195,4.884098248619628,0.053096751380372176
6508,4.888687,4.858319126300143,0.030367873699857384
6509,4.830642,4.831276775355093,-0.0006347753550928203
6510,4.7723317,4.802911430905269,-0.03057973090526911
6511,4.713792,4.773383151338871,-0.059591151338871384
6512,4.655062,4.742691072688029,-0.08762907268802866
6513,4.596182,4.710791541758067,-0.11460954175806748
6514,4.537191,4.677594737900245,-0.14040373790024496
6515,4.4781246,4.643194272452843,-0.16506967245284265
6516,4.418144,4.607606720969796,-0.18946272096979655
6517,4.361229,4.571096236806538,-0.20986723680653796
6518,4.3149643,4.533702889548546,-0.21873858954854608
6519,4.2794113,4.495143838068257,-0.21573253806825754
6520,4.2601395,4.455745572811454,-0.19560607281145348
6521,4.2491302,4.415813374151811,-0.1666831741518111
6522,4.239891,4.375230227255992,-0.1353392272559919
6523,4.237419,4.334420301981227,-0.09700130198122725
6524,4.2375717,4.2932012728680515,-0.05562957286805137
6525,4.226799,4.251860465265634,-0.02506146526563402
6526,4.205536,4.21063300124099,-0.0050970012409896626
6527,4.1616974,4.170137655835651,-0.008440255835650667
6528,4.121086,4.130339183260851,-0.009253183260851117
6529,4.066429,4.091090714898978,-0.024661714898977394
6530,4.020088,4.053093072480453,-0.033005072480452924
6531,3.9684982,4.016665496808688,-0.04816729680868814
6532,3.9449692,3.981910266988609,-0.036941066988608995
6533,3.8991241,3.948629477340614,-0.04950537734061422
6534,3.854927,3.917062499898849,-0.062135499898849034
6535,3.810028,3.887372168671517,-0.07734416867151683
6536,3.7663498,3.8596577427449725,-0.09330794274497256
6537,3.7300797,3.8341429271437604,-0.10406322714376026
6538,3.6989212,3.8105165973127337,-0.11159539731273371
6539,3.680458,3.788620228211543,-0.10816222821154309
6540,3.6754684,3.768881129849688,-0.09341272984968763
6541,3.679573,3.7512057674042385,-0.07163276740423852
6542,3.6982422,3.735495716970975,-0.037253516970974676
6543,3.713791,3.721688524808208,-0.007897524808207823
6544,3.729454,3.7092320735540962,0.020221926445903815
6545,3.737442,3.6982601362884604,0.039181863711539755
6546,3.7484894,3.6889436269081606,0.059545773091839393
6547,3.7611465,3.6819009727131835,0.07924552728681666
6548,3.7644424,3.6766457934894974,0.0877966065105027
6549,3.7724457,3.6722397295442444,0.10020597045575563
6550,3.7799072,3.669320749085395,0.11058645091460484
6551,3.784195,3.667847276174913,0.11634772382508718
6552,3.7815475,3.667941278122223,0.11360622187777691
6553,3.7766342,3.6699347272800615,0.10669947271993863
6554,3.782364,3.6733508888744533,0.10901311112554657
6555,3.7603912,3.6783563786217615,0.08203482137823848
6556,3.7526321,3.6848656045790644,0.0677664954209356
6557,3.7781005,3.6927805461604626,0.08531995383953728
6558,3.8130774,3.703005513619088,0.11007188638091225
6559,3.8527517,3.7176864031360033,0.1350652968639965
6560,3.896076,3.735141982001885,0.1609340179981147
6561,3.9420004,3.7520206950762747,0.1899797049237253
6562,3.9894755,3.7702969815892056,0.2191785184107946
6563,4.037451,3.7904360075638603,0.24701499243613956
6564,4.0848804,3.81325584689463,0.2716245531053705
6565,4.1276627,3.8456120943138763,0.28205060568612383
6566,4.1658554,3.8798827362186636,0.28597266378133623
6567,4.2026825,3.9070958897251415,0.29558661027485833
6568,4.2401123,3.934749995537686,0.3053623044623137
6569,4.275627,3.9660395374313504,0.30958746256864966
6570,4.3088837,3.9966303505429344,0.3122533494570656
6571,4.344124,4.020467946549916,0.3236560534500841
6572,4.3780212,4.043181186829411,0.33484001317058887
6573,4.4080276,4.065297503003406,0.3427300969965934
6574,4.4373245,4.086763201188999,0.35056129881100073
6575,4.458763,4.106770698675181,0.3519923013248194
6576,4.4674606,4.125841432297608,0.3416191677023921
6577,4.469162,4.143447714155174,0.32571428584482565
6578,4.4564667,4.15853315948846,0.29793354051154
6579,4.4429626,4.171743545625535,0.27121905437446525
6580,4.420349,4.182884566687174,0.23746443331282574
6581,4.3952637,4.192246133355672,0.2030175666443279
6582,4.3832073,4.199459816626992,0.18374748337300773
6583,4.381286,4.204430629655291,0.17685537034470933
6584,4.3798294,4.207849565893464,0.17197983410653617
6585,4.378773,4.209438932843679,0.1693340671563206
6586,4.3780546,4.209880950127737,0.16817364987226213
6587,4.3776097,4.207683624168872,0.1699260758311274
6588,4.3773756,4.203278287262674,0.17409731273732554
6589,4.3772893,4.197389784122316,0.17989951587768438
6590,4.390686,4.189941665455002,0.2007443345449973
6591,4.4103546,4.181767183858793,0.22858741614120692
6592,4.430069,4.172955876837227,0.2571131231627728
6593,4.4600906,4.163251890813057,0.2968387091869431
6594,4.487114,4.153216054348914,0.33389794565108577
6595,4.5193787,4.142815431333537,0.3765632686664633
6596,4.5539093,4.1320507529573876,0.4218585470426124
6597,4.581627,4.1202731486332755,0.4613538513667246
6598,4.5998917,4.107421194892,0.49247050510799983
6599,4.5966873,4.092993132074419,0.5036941679255813
6600,4.577591,4.075601902192393,0.5019890978076074
6601,4.548672,4.055831472327765,0.49284052767223496
6602,4.529795,4.0352400827578965,0.49455491724210354
6603,4.514821,4.01371224947161,0.50110875052839
6604,4.502155,3.9913830914757518,0.5107719085242484
6605,4.4902024,3.9698720690876987,0.5203303309123015
6606,4.47737,3.948553755813908,0.5288162441860917
6607,4.462063,3.927460620818877,0.5346023791811225
6608,4.4426875,3.907884973854634,0.5348025261453659
6609,4.4178925,3.8901939832277863,0.5276985167722135
6610,4.386841,3.8739187413724774,0.512922258627523
6611,4.357231,3.8596726140882294,0.49755838591177026
6612,4.3386993,3.8486247818685895,0.49007451813141056
6613,4.332901,3.8401303127856417,0.492770687214358
6614,4.3376465,3.833590594398889,0.5040559056011111
6615,4.344406,3.8300534007762512,0.514352599223749
6616,4.370987,3.8370574321825006,0.5339295678174998
6617,4.3945312,3.8467747916994024,0.5477564083005979
6618,4.4173355,3.8548806239447457,0.5624548760552543
6619,4.4235897,3.865308805524239,0.5582808944757609
6620,4.4130306,3.878167896335378,0.5348627036646221
6621,4.403844,3.8940926216599,0.5097513783401002
6622,4.3961406,3.9131477072750425,0.4829928927249574
6623,4.390031,3.935525984873002,0.4545050151269976
6624,4.3856263,3.9611956502700663,0.42443064972993394
6625,4.3830376,3.989878395683691,0.3931592043163086
6626,4.3841248,4.0206055832460486,0.3635192167539518
6627,4.4047165,4.051730346905498,0.352986153094502
6628,4.433655,4.08403849036691,0.34961650963308966
6629,4.4686584,4.117988381448587,0.3506700185514129
6630,4.5072265,4.152976226930161,0.35425027306983914
6631,4.5478444,4.190019236474305,0.3578251635256944
6632,4.5898833,4.227364612411726,0.362518687588274
6633,4.632713,4.2649292337811895,0.36778376621881037
6634,4.675705,4.302985331899467,0.37271966810053314
6635,4.7182302,4.341155413826432,0.3770747861735675
6636,4.7545624,4.379473946860935,0.3750884531390648
6637,4.7868195,4.4179799265507675,0.36883957344923246
6638,4.8154297,4.456932397050335,0.3584973029496652
6639,4.8404617,4.495791372556813,0.34467032744318704
6640,4.8691406,4.534060519225739,0.33508008077426066
6641,4.893486,4.571740834337948,0.321745165662052
6642,4.916588,4.608629050797715,0.30795894920228495
6643,4.938118,4.645429299589463,0.29268870041053763
6644,4.956482,4.6811461725666215,0.2753358274333788
6645,4.976166,4.715090632739125,0.261075367260875
6646,4.995476,4.7478006382116025,0.24767536178839755
6647,5.0145493,4.779514064094737,0.23503523590526232
6648,5.037628,4.810564859580321,0.2270631404196788
6649,5.0405273,4.839808807646045,0.2007184923539551
6650,5.0549088,4.866811341411788,0.1880974585882118
6651,5.0652237,4.892362709418804,0.17286099058119575
6652,5.0726547,4.91598104024432,0.15667365975567993
6653,5.079796,4.937603772091781,0.14219222790821906
6654,5.083397,4.957684412423446,0.12571258757655368
6655,5.083069,4.975814569055211,0.10725443094478937
6656,5.0835724,4.992181774479529,0.0913906255204715
6657,5.082672,5.0065500852312175,0.07612191476878216
6658,5.0858917,5.0196193935819915,0.06627230641800885
6659,5.0841064,5.031380670102822,0.05272572989717794
6660,5.093369,5.041488409128834,0.05188059087116592
6661,5.102352,5.050859675156084,0.05149232484391586
6662,5.11162,5.0594085225517285,0.052211477448271815
6663,5.121015,5.067662089651585,0.05335291034841472
6664,5.1303782,5.075324337810677,0.05505386218932262
6665,5.1395516,5.082364456250417,0.05718714374958278
6666,5.1483774,5.089417802177051,0.05895959782294913
6667,5.1566963,5.096629651529614,0.060066648470385786
6668,5.164351,5.1041914674588424,0.06015953254115747
6669,5.171183,5.112116481685297,0.059066518314702776
6670,5.177034,5.120310259901026,0.05672374009897396
6671,5.1817455,5.129102417075695,0.05264308292430453
6672,5.1851597,5.1386987481920166,0.046460951807983264
6673,5.187118,5.148957624646187,0.038160375353813336
6674,5.187667,5.16020213228884,0.027464867711159968
6675,5.1880083,5.171967752785139,0.016040547214861256
6676,5.1885943,5.1843209105160595,0.004273389483940626
6677,5.189738,5.197348841331362,-0.007610841331361584
6678,5.1917534,5.2111333832484386,-0.019379983248438926
6679,5.2030945,5.225461784635139,-0.022367284635139484
6680,5.201004,5.240085152286855,-0.039081152286854604
6681,5.200325,5.255112509565241,-0.05478750956524081
6682,5.20253,5.2706598353758,-0.06812983537579953
6683,5.1974106,5.2861623121916885,-0.08875171219168809
6684,5.211586,5.301757107239421,-0.09017110723942157
6685,5.213669,5.316716919523132,-0.10304791952313153
6686,5.225769,5.331537952279524,-0.10576895227952399
6687,5.23777,5.347641228647618,-0.10987122864761734
6688,5.249222,5.363082933877999,-0.11386093387799967
6689,5.2635345,5.376699966847133,-0.1131654668471338
6690,5.272644,5.389558949974552,-0.11691494997455276
6691,5.2832565,5.401788273757481,-0.11853177375748114
6692,5.292412,5.413346263030124,-0.120934263030124
6693,5.2988358,5.424299260172438,-0.1254634601724378
6694,5.303955,5.4346337537490825,-0.13067875374908233
6695,5.3078537,5.444261616775468,-0.13640791677546815
6696,5.3105392,5.453308946453898,-0.14276974645389817
6697,5.310524,5.46316253949349,-0.15263853949349038
6698,5.3086243,5.472530195679077,-0.16390589567907732
6699,5.307289,5.480141408111343,-0.17285240811134273
6700,5.3093033,5.48727140712038,-0.17796810712038003
6701,5.2959137,5.494118017761831,-0.19820431776183156
6702,5.283188,5.500648179349528,-0.2174601793495281
6703,5.271309,5.507093242267395,-0.23578424226739525
6704,5.261467,5.51340384740375,-0.25193684740375044
6705,5.25576,5.519450150023275,-0.26369015002327423
6706,5.254341,5.525436551961445,-0.2710955519614444
6707,5.260063,5.531371218809853,-0.27130821880985323
6708,5.265579,5.537340751817675,-0.27176175181767537
6709,5.2771835,5.54304105878463,-0.2658575587846306
6710,5.293869,5.548363448869902,-0.25449444886990236
6711,5.311348,5.553356298730286,-0.24200829873028606
6712,5.329506,5.5581028445603105,-0.22859684456031015
6713,5.345215,5.562600881883485,-0.2173858818834855
6714,5.3598175,5.56667846419399,-0.20686096419399025
6715,5.371254,5.570394930192015,-0.19914093019201484
6716,5.3780823,5.573836847719473,-0.19575454771947332
6717,5.38237,5.577138534276511,-0.19476853427651086
6718,5.3867264,5.580200284650985,-0.19347388465098536
6719,5.3893127,5.583262847488197,-0.19395014748819772
6720,5.3915253,5.586117377307587,-0.1945920773075871
6721,5.3874207,5.589072436660446,-0.20165173666044645
6722,5.3955,5.591818258890909,-0.19631825889090848
6723,5.392868,5.5939523975989065,-0.2010843975989065
6724,5.3944626,5.596232420662538,-0.20176982066253846
6725,5.3977356,5.598454720102977,-0.20071912010297677
6726,5.401169,5.600271889346062,-0.19910288934606157
6727,5.404228,5.6019374264724595,-0.1977094264724597
6728,5.4117126,5.603937042894659,-0.19222444289465823
6729,5.423546,5.605838568582014,-0.18229256858201381
6730,5.431175,5.606903526069505,-0.17572852606950562
6731,5.43766,5.608393408211036,-0.1707334082110359
6732,5.4468155,5.609684932018498,-0.16286943201849802
6733,5.4579315,5.610560234559875,-0.15262873455987513
6734,5.4680405,5.61066749669697,-0.1426269966969702
6735,5.4804764,5.609509352967202,-0.12903295296720252
6736,5.489311,5.60789651141989,-0.11858551141988993
6737,5.498909,5.6057577834254975,-0.1068487834254972
6738,5.50502,5.603158906072359,-0.09813890607235898
6739,5.5145187,5.600620611160677,-0.08610191116067689
6740,5.526161,5.597495959697041,-0.07133495969704118
6741,5.5312195,5.5933688243239015,-0.062149324323901745
6742,5.5364304,5.5888034617750115,-0.05237306177501111
6743,5.547798,5.58377404580067,-0.03597604580066971
6744,5.5500336,5.578413950226805,-0.028380350226805184
6745,5.55484,5.572727406751125,-0.017887406751124324
6746,5.561821,5.566535993396433,-0.004714993396432554
6747,5.5667267,5.559630551364887,0.0070961486351128755
6748,5.571251,5.552461559823833,0.01878944017616746
6749,5.5776978,5.544901576866164,0.03279622313383612
6750,5.582062,5.536847530370632,0.045214469629367926
6751,5.587883,5.528523750600201,0.05935924939979831
6752,5.593231,5.520012462178223,0.07321853782177712
6753,5.5990677,5.511290352033128,0.0877773479668722
6754,5.603943,5.502575809806219,0.10136719019378138
6755,5.6110916,5.493837603918994,0.11725399608100595
6756,5.6167755,5.485023463097914,0.13175203690208637
6757,5.619873,5.476215095161284,0.1436579048387161
6758,5.6212463,5.467413033740596,0.1538332662594044
6759,5.627632,5.459188942575598,0.16844305742440202
6760,5.631836,5.450810010814312,0.18102598918568802
6761,5.6370773,5.44191698270374,0.19516031729625993
6762,5.6414185,5.433250389552949,0.2081681104470512
6763,5.6340485,5.424716934096639,0.20933156590336033
6764,5.6226196,5.416364323448517,0.20625527655148357
6765,5.603958,5.408219122730201,0.19573887726979944
6766,5.5816727,5.400294870885581,0.18137782911441924
6767,5.5576706,5.392697790124316,0.16497280987568352
6768,5.5353165,5.385412909679937,0.14990359032006317
6769,5.5177765,5.378482981499907,0.13929351850009297
6770,5.501297,5.371797873642575,0.129499126357425
6771,5.4885635,5.365238564951557,0.12332493504844244
6772,5.4809723,5.3589743744343625,0.12199792556563782
6773,5.4758224,5.352996124666131,0.12282627533386936
6774,5.4739532,5.347302202980876,0.12665099701912474
6775,5.470894,5.341971735835359,0.12892226416464148
6776,5.469742,5.336995219072325,0.13274678092767545
6777,5.4678574,5.332214854775001,0.1356425452249992
6778,5.469574,5.327987729192439,0.1415862708075606
6779,5.4697037,5.323973450757865,0.14573024924213485
6780,5.4709625,5.320199036061803,0.15076346393819673
6781,5.4708314,5.316530277752614,0.1543011222473858
6782,5.4691963,5.313201407019924,0.1559948929800763
6783,5.465761,5.31022775570334,0.1555332442966595
6784,5.4600224,5.307363276958396,0.15265912304160345
6785,5.4514756,5.304675521554377,0.14680007844562315
6786,5.4396152,5.302178680245413,0.13743651975458704
6787,5.4447403,5.2999553179426835,0.14478498205731682
6788,5.454193,5.297939148446117,0.15625385155388294
6789,5.443718,5.29632621562986,0.14739178437013933
6790,5.4304733,5.295070176917309,0.13540312308269087
6791,5.416359,5.294064772678434,0.12229422732156614
6792,5.4056625,5.2938006133628335,0.11186188663716656
6793,5.394432,5.294052058190336,0.10037994180966425
6794,5.3883133,5.294185051171585,0.0941282488284152
6795,5.384636,5.294298518078319,0.09033748192168112
6796,5.383171,5.29466935968619,0.08850164031380992
6797,5.3847046,5.295244402542629,0.08946019745737122
6798,5.3861237,5.29575790582768,0.09036579417232016
6799,5.3864975,5.296596523251489,0.08990097674851061
6800,5.378853,5.297620721087494,0.0812322789125064
6801,5.3758774,5.299319759585272,0.07655764041472857
6802,5.3691177,5.301160116809383,0.0679575831906174
6803,5.3624725,5.302543914182708,0.05992858581729177
6804,5.3557816,5.304085981989094,0.05169561801090605
6805,5.3454437,5.305834783817714,0.0396089161822859
6806,5.330864,5.307885927719914,0.02297807228008608
6807,5.3151474,5.3102570181297555,0.004890381870244376
6808,5.294632,5.312849669524569,-0.018217669524569047
6809,5.2741013,5.315702640003661,-0.04160134000366078
6810,5.255974,5.318666347188678,-0.062692347188678
6811,5.2413864,5.321689332355609,-0.08030293235560926
6812,5.230522,5.325022807637,-0.09450080763699997
6813,5.2214737,5.328543180624241,-0.10706948062424093
6814,5.2130814,5.332228427503295,-0.11914702750329464
6815,5.2132263,5.336132121214788,-0.12290582121478799
6816,5.209053,5.340111779462743,-0.1310587794627427
6817,5.2015457,5.344220151764341,-0.14267445176434101
6818,5.197571,5.348518512907315,-0.15094751290731523
6819,5.196373,5.353113367688809,-0.1567403676888084
6820,5.194687,5.357771944070863,-0.16308494407086283
6821,5.196434,5.362411573131239,-0.16597757313123918
6822,5.19545,5.367189999915977,-0.17173999991597722
6823,5.1918716,5.372064367221613,-0.18019276722161326
6824,5.1829224,5.377050423228065,-0.19412802322806488
6825,5.1807404,5.382085313584074,-0.20134491358407391
6826,5.174553,5.387101682815062,-0.21254868281506134
6827,5.1766586,5.392066737459008,-0.21540813745900866
6828,5.17791,5.396979853638318,-0.21906985363831843
6829,5.1805344,5.40184035195708,-0.22130595195708036
6830,5.18911,5.406613666711243,-0.21750366671124244
6831,5.1970215,5.411262155737669,-0.21424065573766882
6832,5.2005005,5.41568001236967,-0.21517951236966937
6833,5.2033157,5.4198553231055255,-0.21653962310552544
6834,5.203682,5.423766209336508,-0.22008420933650807
6835,5.2082596,5.427359004174519,-0.21909940417451956
6836,5.205673,5.430601476377877,-0.22492847637787694
6837,5.209648,5.4335773064727135,-0.22392930647271392
6838,5.210846,5.436210520392604,-0.22536452039260357
6839,5.2121887,5.438436365169256,-0.22624766516925643
6840,5.215622,5.440418214545987,-0.22479621454598764
6841,5.2240143,5.442051235385404,-0.21803693538540347
6842,5.2366943,5.443234246678938,-0.20653994667893816
6843,5.251335,5.444040676859505,-0.19270567685950457
6844,5.262909,5.444531951079511,-0.1816229510795111
6845,5.2704544,5.44499381412794,-0.17453941412794016
6846,5.2838287,5.445052947726497,-0.1612242477264969
6847,5.294754,5.444211792996039,-0.14945779299603856
6848,5.30484,5.443045553778417,-0.13820555377841615
6849,5.31308,5.441788287110869,-0.1287082871108689
6850,5.3218994,5.4402855486221515,-0.11838614862215113
6851,5.3235245,5.438521904550023,-0.11499740455002261
6852,5.3229446,5.43652075105358,-0.11357615105358043
6853,5.313507,5.435017237395437,-0.12151023739543643
6854,5.30262,5.433615652877322,-0.1309956528773215
6855,5.2903595,5.431539724714996,-0.14118022471499625
6856,5.2758636,5.429249376119455,-0.15338577611945503
6857,5.2701645,5.426873817235558,-0.15670931723555803
6858,5.264923,5.424284819902961,-0.15936181990296117
6859,5.2601166,5.421614819110563,-0.1614982191105634
6860,5.2573166,5.41892808808675,-0.1616114880867494
6861,5.2560883,5.416270249711461,-0.16018194971146116
6862,5.25782,5.41371083218643,-0.1558908321864303
6863,5.2623444,5.411167957185948,-0.1488235571859482
6864,5.2718124,5.408569141381555,-0.13675674138155536
6865,5.2833023,5.406036504864852,-0.12273420486485254
6866,5.2968597,5.403548450897716,-0.10668875089771657
6867,5.3085175,5.401170826999537,-0.0926533269995371
6868,5.328781,5.399472510605338,-0.07069151060533763
6869,5.341606,5.397830512429435,-0.05622451242943516
6870,5.3534393,5.395810813144563,-0.042371513144563444
6871,5.3623123,5.393856843708982,-0.031544543708982076
6872,5.3717804,5.392064210999862,-0.020283810999862872
6873,5.3771057,5.390407836703594,-0.013302136703593703
6874,5.3849487,5.389095884970558,-0.004147184970558548
6875,5.3927383,5.3878912307136915,0.004847069286308958
6876,5.3992386,5.386695643055308,0.012542956944692207
6877,5.4066315,5.385639395173175,0.02099210482682423
6878,5.410507,5.384686068205393,0.025820931794607205
6879,5.410431,5.383983837741058,0.02644716225894239
6880,5.41259,5.383431773004694,0.029158226995305903
6881,5.399864,5.382892052747696,0.016971947252303998
6882,5.3936462,5.382547344276148,0.011098855723852274
6883,5.388214,5.382372836446461,0.0058411635535389195
6884,5.381401,5.382242312404762,-0.0008413124047619291
6885,5.3745804,5.382191806024046,-0.007611406024046197
6886,5.3700027,5.382285282838682,-0.01228258283868211
6887,5.3678107,5.382460061321645,-0.01464936132164496
6888,5.3660183,5.382681742494324,-0.016663442494323277
6889,5.3634076,5.382958033294703,-0.019550433294702962
6890,5.3604665,5.383484677254757,-0.023018177254757077
6891,5.3576827,5.384093978285329,-0.02641127828532941
6892,5.355544,5.3848536357976196,-0.02930963579761947
6893,5.3545384,5.385585106444204,-0.031046706444204375
6894,5.377945,5.386493687549032,-0.008548687549031264
6895,5.373596,5.3876118650840805,-0.014015865084080481
6896,5.374275,5.388664543727245,-0.014389543727244991
6897,5.3637314,5.389544934524603,-0.025813534524603554
6898,5.363861,5.390480360446011,-0.026619360446010987
6899,5.3687057,5.391521139919699,-0.022815439919699365
6900,5.3720093,5.392658531503752,-0.020649231503751864
6901,5.3814926,5.393712909809516,-0.012220309809515939
6902,5.380005,5.394686659545611,-0.014681659545611403
6903,5.3827286,5.395681663955357,-0.012953063955357003
6904,5.3883057,5.3966485552604215,-0.008342855260421445
6905,5.3900223,5.397911949072503,-0.007889649072502891
6906,5.3915863,5.399328958863119,-0.00774265886311909
6907,5.3941116,5.400236452322192,-0.006124852322192176
6908,5.390793,5.40104283488555,-0.01024983488554998
6909,5.389824,5.401516896020724,-0.01169289602072432
6910,5.379616,5.402016774640483,-0.022400774640482624
6911,5.3758087,5.402228253867361,-0.026419553867360612
6912,5.3663635,5.402211629603223,-0.03584812960322292
6913,5.361923,5.402061646138019,-0.04013864613801932
6914,5.3587494,5.402125941258153,-0.04337654125815327
6915,5.3569336,5.402585637819083,-0.045652037819083446
6916,5.340454,5.402238799875103,-0.061784799875102436
6917,5.319359,5.401578193378332,-0.08221919337833139
6918,5.2903366,5.40103723458944,-0.11070063458944013
6919,5.2594757,5.3999589910176145,-0.14048329101761414
6920,5.2270203,5.398534311034685,-0.17151401103468444
6921,5.194252,5.39743741929917,-0.20318541929917
6922,5.1637497,5.396385961126831,-0.23263626112683067
6923,5.1389465,5.395320395874099,-0.2563738958740984
6924,5.118393,5.394005111904971,-0.27561211190497037
6925,5.1046295,5.392301616196809,-0.2876721161968092
6926,5.0970078,5.390100222915544,-0.29309242291554405
6927,5.0932693,5.387546742038024,-0.2942774420380241
6928,5.091133,5.384924190319416,-0.2937911903194159
6929,5.094681,5.382191421107221,-0.28751042110722125
6930,5.097687,5.379395822442734,-0.28170882244273443
6931,5.0996094,5.376477899849543,-0.27686849984954254
6932,5.100975,5.37348114382603,-0.2725061438260301
6933,5.105484,5.370269736714591,-0.2647857367145914
6934,5.105751,5.366821338836477,-0.26107033883647723
6935,5.108589,5.363115339108626,-0.2545263391086259
6936,5.1091156,5.359093065738716,-0.24997746573871638
6937,5.1052628,5.354655816578239,-0.24939301657823876
6938,5.0980988,5.34982345670076,-0.25172465670075983
6939,5.0838623,5.346147022608093,-0.26228472260809355
6940,5.0554504,5.341620432945077,-0.28617003294507715
6941,5.0217514,5.334829045123351,-0.313077645123351
6942,4.990509,5.327323129456591,-0.3368141294565907
6943,4.9548798,5.319101336993362,-0.36422153699336235
6944,4.9184265,5.310020288511972,-0.39159378851197246
6945,4.885025,5.300106806290841,-0.415081806290841
6946,4.8575897,5.28924770324837,-0.4316580032483701
6947,4.8211517,5.277360441466005,-0.4562087414660052
6948,4.790573,5.264525820980812,-0.47395282098081193
6949,4.7564697,5.250919723008252,-0.4944500230082518
6950,4.732353,5.236586871306714,-0.504233871306714
6951,4.7167435,5.221615127617895,-0.5048716276178951
6952,4.6779633,5.205992472581834,-0.5280291725818342
6953,4.6535263,5.190153439773529,-0.5366271397735289
6954,4.6342926,5.1741940539925135,-0.5399014539925133
6955,4.6131363,5.158215855643409,-0.5450795556434089
6956,4.586479,5.142277663909977,-0.555798663909977
6957,4.559166,5.126551640861754,-0.5673856408617537
6958,4.531227,5.111485870543428,-0.5802588705434273
6959,4.508095,5.097080118879512,-0.5889851188795117
6960,4.4871674,5.083382549707891,-0.5962151497078914
6961,4.4748077,5.070753095817974,-0.5959453958179735
6962,4.468605,5.059307880720048,-0.5907028807200474
6963,4.468155,5.049038825834028,-0.5808838258340279
6964,4.472847,5.04002142902158,-0.5671744290215806
6965,4.481987,5.0323779348416595,-0.5503909348416594
6966,4.5010605,5.026050020079014,-0.5249895200790133
6967,4.522682,5.0210999741598155,-0.4984179741598158
6968,4.54673,5.017429169808919,-0.4706991698089187
6969,4.5676956,5.014944548968926,-0.44724894896892575
6970,4.589699,5.013806817147503,-0.4241078171475028
6971,4.6086655,5.013791396235603,-0.405125896235603
6972,4.631996,5.014771096270222,-0.38277509627022166
6973,4.6584396,5.016676717612488,-0.35823711761248767
6974,4.6851654,5.01967070918332,-0.3345053091833199
6975,4.7122345,5.023467244878808,-0.3112327448788079
6976,4.737335,5.027462626139998,-0.29012762613999854
6977,4.7582016,5.031700689171309,-0.2734990891713096
6978,4.7742615,5.036241317298275,-0.26197981729827546
6979,4.7863083,5.040877806409345,-0.2545695064093447
6980,4.7947464,5.045670555568422,-0.2509241555684216
6981,4.805977,5.050556762970238,-0.24457976297023798
6982,4.8173065,5.055189456268327,-0.23788295626832667
6983,4.8224792,5.061073516712111,-0.23859431671211073
6984,4.817444,5.066632840657202,-0.24918884065720182
6985,4.801338,5.070241618232478,-0.26890361823247755
6986,4.7767715,5.073103290884872,-0.2963317908848726
6987,4.7557755,5.07508192055048,-0.31930642055047986
6988,4.7332153,5.076189168512599,-0.3429738685125985
6989,4.71611,5.077070952573626,-0.3609609525736266
6990,4.7039185,5.080100407113652,-0.3761819071136516
6991,4.6920547,5.08253484104783,-0.39048014104783046
6992,4.681328,5.081313411150456,-0.39998541115045594
6993,4.6722183,5.07859691356077,-0.4063786135607703
6994,4.6661453,5.0745013232872305,-0.4083560232872303
6995,4.6631546,5.069304480466291,-0.4061498804662902
6996,4.666809,5.0626745389792935,-0.3958655389792938
6997,4.6762924,5.054231292677212,-0.3779388926772116
6998,4.6924057,5.044513577598613,-0.3521078775986126
6999,4.706047,5.033562407938506,-0.3275154079385061
7000,4.716606,5.023381606156738,-0.30677560615673816
7001,4.7296143,5.010680708350098,-0.28106640835009866
7002,4.722725,4.993493713019216,-0.27076871301921646
7003,4.7082825,4.975393690191019,-0.26711119019101925
7004,4.6902237,4.956695548833694,-0.2664718488336941
7005,4.678467,4.937923745428729,-0.25945674542872865
7006,4.6744766,4.919514073488495,-0.24503747348849458
7007,4.6784897,4.900675452514599,-0.2221857525145987
7008,4.6705856,4.880538965860397,-0.2099533658603967
7009,4.683647,4.860032724041529,-0.17638572404152963
7010,4.6879272,4.839581872596658,-0.1516546725966581
7011,4.6948547,4.81913494492909,-0.12428024492909007
7012,4.7019424,4.798731303680009,-0.09678890368000914
7013,4.7053604,4.7783744948109526,-0.07301409481095256
7014,4.7010803,4.758201450407454,-0.057121150407454024
7015,4.706482,4.739572154116324,-0.03309015411632377
7016,4.6922913,4.72139918338748,-0.02910788338748027
7017,4.694725,4.702625503802258,-0.00790050380225793
7018,4.7045135,4.684685946105369,0.019827553894630867
7019,4.716835,4.667347149181727,0.04948785081827278
7020,4.737877,4.65119071195705,0.08668628804294976
7021,4.75943,4.635688803112325,0.12374119688767493
7022,4.7810516,4.620924748338011,0.16012685166198892
7023,4.801964,4.606870987732894,0.19509301226710551
7024,4.8214417,4.593598484499641,0.2278432155003589
7025,4.840706,4.581912595918085,0.2587934040819153
7026,4.8573227,4.571334473932856,0.28598822606714425
7027,4.871567,4.5612292601939854,0.3103377398060143
7028,4.88031,4.552298774220176,0.32801122577982333
7029,4.8720245,4.544452091210168,0.3275724087898322
7030,4.850357,4.537837923737819,0.31251907626218056
7031,4.8222885,4.532168242733177,0.2901202572668229
7032,4.798218,4.527373024319505,0.2708449756804949
7033,4.782982,4.5232051653371,0.25977683466289925
7034,4.7799683,4.519853415182964,0.26011488481703626
7035,4.783539,4.517227669657267,0.2663113303427336
7036,4.796524,4.515249616069111,0.28127438393088866
7037,4.811859,4.513685858149553,0.2981731418504472
7038,4.8251877,4.517568760029309,0.30761893997069123
7039,4.8404922,4.522081300291311,0.31841089970868897
7040,4.849251,4.522483354631725,0.32676764536827463
7041,4.8506927,4.523331754459288,0.32736094554071204
7042,4.8475494,4.524115728457932,0.3234336715420678
7043,4.834778,4.52488385503206,0.30989414496793977
7044,4.8215866,4.530832165216977,0.29075443478302265
7045,4.8074493,4.536626241020141,0.27082305897985925
7046,4.792572,4.536961284709755,0.2556107152902447
7047,4.7741394,4.537194202141692,0.23694519785830792
7048,4.756912,4.537630150411105,0.21928184958889485
7049,4.7334137,4.538215260389387,0.19519843961061323
7050,4.7194366,4.539023245945784,0.18041335405421588
7051,4.7107925,4.54036841232369,0.17042408767631034
7052,4.7094803,4.543818297228829,0.16566200277117105
7053,4.7164,4.551640196328514,0.1647598036714859
7054,4.7281876,4.558236717256001,0.16995088274399883
7055,4.7485046,4.561113665002708,0.18739093499729265
7056,4.7686768,4.565473750155344,0.20320304984465576
7057,4.7871017,4.571011633378686,0.21609006662131414
7058,4.8009644,4.577366036601142,0.22359836339885764
7059,4.803795,4.584876993124276,0.21891800687572438
7060,4.7968216,4.593403010820221,0.20341858917977973
7061,4.780197,4.603152661314813,0.17704433868518699
7062,4.7593307,4.6137556161159,0.14557508388409968
7063,4.737221,4.624790234480743,0.11243076551925668
7064,4.7173843,4.636401266318809,0.08098303368119097
7065,4.7027664,4.648614137556549,0.05415226244345117
7066,4.6917343,4.661943563998925,0.029790736001075402
7067,4.6896286,4.675617715491393,0.014010884508606658
7068,4.693054,4.6892106205268975,0.0038433794731025372
7069,4.7010193,4.703218524590338,-0.002199224590338389
7070,4.713127,4.717563378723049,-0.004436378723048584
7071,4.728508,4.732057857206222,-0.003549857206222029
7072,4.7438507,4.7466716315099555,-0.0028209315099552157
7073,4.761078,4.7613196574313355,-0.000241657431335085
7074,4.7791824,4.776089502357963,0.003092897642036796
7075,4.794853,4.7907653898299785,0.00408761017002135
7076,4.810463,4.8052636500949,0.005199349905100625
7077,4.822693,4.819399739235327,0.003293260764673178
7078,4.836163,4.833064782507481,0.0030982174925187067
7079,4.845433,4.846400328185908,-0.0009673281859079452
7080,4.8509583,4.859057192277598,-0.008098892277597969
7081,4.8549476,4.8707947015673945,-0.01584710156739444
7082,4.8596096,4.8814020930670585,-0.02179249306705877
7083,4.867153,4.8906772791372735,-0.023524279137273396
7084,4.879787,4.899203467503495,-0.01941646750349424
7085,4.916153,4.906766313746872,0.009386686253128218
7086,4.9415665,4.91370164878483,0.02786485121517046
7087,4.9564743,4.919758973430779,0.03671532656922061
7088,4.9706497,4.924332993407678,0.046316706592322454
7089,4.984291,4.927769605522521,0.05652139447747917
7090,4.9978714,4.930116935777585,0.06775446422241505
7091,5.009613,4.931651566303383,0.07796143369661657
7092,5.0218353,4.931973436437822,0.08986186356217818
7093,5.0346603,4.930771346008841,0.1038889539911585
7094,5.045891,4.928574579888609,0.11731642011139076
7095,5.052391,4.925612429206507,0.1267785707934932
7096,5.0584183,4.921571685411106,0.1368466145888938
7097,5.0584335,4.916378417772887,0.14205508222711227
7098,5.0536575,4.9102974912699295,0.14336000873007038
7099,5.04039,4.90356442886684,0.1368255711331603
7100,5.0242233,4.896184211915567,0.12803908808443332
7101,5.0054016,4.888595435173024,0.11680616482697559
7102,4.9911423,4.880583958032619,0.11055834196738079
7103,4.974861,4.871962240088948,0.10289875991105202
7104,4.9613647,4.863097325820421,0.09826737417957876
7105,4.9473267,4.854154297558435,0.09317240244156455
7106,4.9379883,4.845398144496782,0.09259015550321781
7107,4.928711,4.836592918202647,0.09211808179735304
7108,4.9175415,4.827589190184943,0.08995230981505653
7109,4.9133224,4.81853660916203,0.09478579083797012
7110,4.9114532,4.8095864056375754,0.10186679436242496
7111,4.904457,4.800877620042579,0.10357937995742095
7112,4.897293,4.792391632061016,0.10490136793898408
7113,4.8954086,4.784234502922615,0.11117409707738446
7114,4.8949814,4.7763219696491985,0.11865943035080129
7115,4.8954315,4.768714069692678,0.12671743030732152
7116,4.8953094,4.761361713269893,0.13394768673010748
7117,4.892967,4.754183333340603,0.13878366665939623
7118,4.8895264,4.747211003068271,0.14231539693172923
7119,4.88813,4.740366465043104,0.14776353495689598
7120,4.8861237,4.733692424315648,0.15243127568435177
7121,4.885315,4.726948631235735,0.15836636876426535
7122,4.8840027,4.720020485129935,0.1639822148700647
7123,4.881531,4.712900045917444,0.16863095408255546
7124,4.8790665,4.705603006760814,0.1734634932391863
7125,4.867813,4.69818504068961,0.16962795931038954
7126,4.852051,4.690683098153259,0.16136790184674155
7127,4.8273544,4.682931805781883,0.14442259421811698
7128,4.8012085,4.674876952556419,0.12633154744358155
7129,4.7710266,4.6666398588818705,0.1043867411181294
7130,4.7452393,4.658195615044589,0.08704368495541104
7131,4.7207794,4.649747569436684,0.07103183056331552
7132,4.695389,4.6411628831513285,0.05422611684867107
7133,4.674492,4.6323768198023965,0.04211518019760341
7134,4.654785,4.623483714968019,0.03130128503198115
7135,4.634224,4.614581007645359,0.0196429923546404
7136,4.611168,4.605916585293191,0.005251414706808788
7137,4.582878,4.597336545098675,-0.014458545098674946
7138,4.559288,4.588835345472671,-0.029547345472671793
7139,4.5297623,4.580560672028129,-0.050798372028129535
7140,4.5041733,4.572460342988385,-0.06828704298838506
7141,4.4793854,4.564890286997716,-0.08550488699771641
7142,4.4544373,4.557574580242901,-0.10313728024290025
7143,4.430641,4.55039666460594,-0.11975566460594056
7144,4.410881,4.543466515458087,-0.1325855154580875
7145,4.39225,4.536821796080751,-0.14457179608075155
7146,4.3826904,4.530882630220205,-0.14819223022020456
7147,4.36821,4.524377388841327,-0.1561673888413262
7148,4.3499756,4.517771772715586,-0.16779617271558678
7149,4.3275604,4.51089759873866,-0.18333719873866006
7150,4.306595,4.504119022922778,-0.19752402292277793
7151,4.284134,4.497555258717342,-0.21342125871734208
7152,4.2718062,4.491175948477998,-0.21936974847799728
7153,4.274444,4.484997202160523,-0.21055320216052298
7154,4.281001,4.478870356350103,-0.19786935635010305
7155,4.290641,4.472926142980523,-0.18228514298052279
7156,4.302526,4.467179991544805,-0.16465399154480487
7157,4.31582,4.461585526279276,-0.1457655262792752
7158,4.329687,4.455812660502587,-0.1261256605025869
7159,4.343289,4.449974031651118,-0.10668503165111787
7160,4.355789,4.444149792765251,-0.08836079276525144
7161,4.3763657,4.438282649213159,-0.06191694921315882
7162,4.398407,4.4323168745305646,-0.03390987453056482
7163,4.4239655,4.426207531330705,-0.0022420313307049966
7164,4.4517517,4.420433307832082,0.03131839216791832
7165,4.4848557,4.414625443544555,0.0702302564554449
7166,4.51593,4.408798171909515,0.10713182809048494
7167,4.5420685,4.402885179773572,0.13918332022642765
7168,4.5530853,4.3968590374763545,0.1562262625236457
7169,4.5388107,4.391035215286167,0.14777548471383284
7170,4.501564,4.385290939736804,0.11627306026319584
7171,4.4502335,4.37959384861039,0.07063965138961059
7172,4.391037,4.374235727554324,0.016801272445675863
7173,4.3280716,4.369779146369547,-0.041707546369546655
7174,4.276886,4.365874495138757,-0.08898849513875717
7175,4.2309647,4.362481284847811,-0.1315165848478106
7176,4.1909714,4.3597065619959094,-0.16873516199590988
7177,4.1662292,4.357681400421925,-0.19145220042192523
7178,4.149544,4.356396621172564,-0.20685262117256453
7179,4.1425705,4.355941852269772,-0.213371352269772
7180,4.136055,4.356787120253986,-0.22073212025398625
7181,4.128502,4.359543974483092,-0.23104197448309183
7182,4.129158,4.363848633007851,-0.2346906330078511
7183,4.131378,4.369917974136292,-0.2385399741362919
7184,4.1405716,4.377865485343491,-0.23729388534349027
7185,4.14933,4.387585185812288,-0.23825518581228788
7186,4.161415,4.399233118781121,-0.2378181187811208
7187,4.169098,4.412749819179684,-0.24365181917968393
7188,4.1847305,4.427655277097101,-0.2429247770971017
7189,4.20446,4.443891188425974,-0.2394311884259741
7190,4.2276154,4.461509300518487,-0.23389390051848657
7191,4.2488174,4.480708746671455,-0.23189134667145517
7192,4.2796707,4.500820922907793,-0.2211502229077933
7193,4.3048706,4.521701712461644,-0.21683111246164355
7194,4.343918,4.543004862238795,-0.19908686223879446
7195,4.379074,4.564675129937091,-0.18560112993709055
7196,4.415352,4.586478041367695,-0.17112604136769427
7197,4.452362,4.60813850343287,-0.15577650343286997
7198,4.491646,4.629173540923442,-0.13752754092344155
7199,4.5392838,4.650058382431004,-0.11077458243100402
7200,4.575264,4.670324150260694,-0.09506015026069381
7201,4.614052,4.689053727402537,-0.07500172740253674
7202,4.653366,4.706346845104568,-0.052980845104567464
7203,4.690277,4.721580822757955,-0.0313038227579554
7204,4.72612,4.735385928279098,-0.009265928279098112
7205,4.7618103,4.74773060879703,0.014079691202969258
7206,4.7938538,4.758468160798699,0.035385639201300556
7207,4.827263,4.767067700831917,0.060195299168083416
7208,4.857338,4.7735072802723915,0.08383071972760892
7209,4.887596,4.777984081329561,0.1096119186704394
7210,4.913925,4.780553645707307,0.1333713542926933
7211,4.93589,4.782027061234562,0.153862938765438
7212,4.949753,4.782545929795762,0.1672070702042383
7213,4.951332,4.7814567140868,0.1698752859132
7214,4.939682,4.7786162857601555,0.16106571423984484
7215,4.9169846,4.773451228391276,0.14353337160872393
7216,4.891754,4.766254355794252,0.12549964420574788
7217,4.8649826,4.757234940601297,0.10774765939870345
7218,4.843689,4.746161318984669,0.0975276810153316
7219,4.8263245,4.7328880156492135,0.09343648435078666
7220,4.8122864,4.71795105545538,0.09433534454461956
7221,4.802635,4.701652907671098,0.10098209232890287
7222,4.7968063,4.684381102143621,0.11242519785637928
7223,4.7891083,4.666065671568607,0.12304262843139302
7224,4.783592,4.646859652682637,0.13673234731736272
7225,4.772194,4.627653029421324,0.1445409705786762
7226,4.7614746,4.607904262101043,0.15357033789895702
7227,4.750946,4.588593089287094,0.16235291071290625
7228,4.7385025,4.57002145990155,0.16848104009844977
7229,4.726944,4.551600828930057,0.1753431710699429
7230,4.714569,4.533590993294862,0.1809780067051383
7231,4.698639,4.516573590533954,0.18206540946604566
7232,4.68647,4.502641658535864,0.18382834146413618
7233,4.6744385,4.491033716203871,0.1834047837961288
7234,4.6594925,4.481293326833536,0.1781991731664636
7235,4.649025,4.473695105975758,0.17532989402424182
7236,4.6452713,4.468576669556583,0.17669463044341693
7237,4.6427307,4.4658587969815855,0.17687190301841493
7238,4.6451187,4.466181366087968,0.1789373339120326
7239,4.655998,4.46980939697534,0.18618860302466
7240,4.6667175,4.476002259159823,0.1907152408401771
7241,4.6822815,4.484178649263093,0.19810285073690714
7242,4.695343,4.494886796144434,0.20045620385556617
7243,4.706032,4.507376316042466,0.19865568395753463
7244,4.7223053,4.521153857758755,0.2011514422412457
7245,4.735489,4.53667152502903,0.19881747497097013
7246,4.749481,4.5532411503540375,0.19623984964596275
7247,4.7642975,4.570469366079794,0.19382813392020548
7248,4.7816772,4.587862775182922,0.1938144248170781
7249,4.798027,4.605388502846058,0.19263849715394255
7250,4.815567,4.622542101535207,0.19302489846479265
7251,4.8338165,4.639156401925902,0.194660098074098
7252,4.8519897,4.655411939310265,0.19657776068973476
7253,4.872036,4.670659231557435,0.20137676844256447
7254,4.891519,4.6842634728790316,0.20725552712096817
7255,4.9071584,4.6964125974508875,0.21074580254911268
7256,4.9206443,4.707178683701938,0.2134656162980626
7257,4.933666,4.716989487080532,0.21667651291946743
7258,4.9479156,4.7250206927520075,0.22289490724799244
7259,4.9650817,4.7310655517110485,0.23401614828895134
7260,4.986374,4.735278913419366,0.2510950865806336
7261,4.998749,4.737878178512232,0.2608708214877682
7262,5.01371,4.739960052089478,0.2737499479105221
7263,5.0274124,4.741060865632678,0.28635153436732264
7264,5.0390167,4.74096782300492,0.29804887699508065
7265,5.0550537,4.739852888724634,0.3152008112753659
7266,5.0665894,4.738498596136108,0.32809080386389144
7267,5.0751266,4.737255828443746,0.3378707715562541
7268,5.0809937,4.735632253123615,0.34536144687638437
7269,5.078575,4.733899647544307,0.3446753524556927
7270,5.070526,4.733207115368161,0.3373188846318387
7271,5.0368347,4.732921623887134,0.3039130761128659
7272,4.9996414,4.7328031135308395,0.2668382864691603
7273,4.959358,4.733317711973676,0.22604028802632392
7274,4.921013,4.733965846725119,0.18704715327488142
7275,4.893454,4.735842220640411,0.15761177935958948
7276,4.8747516,4.73955519194307,0.13519640805693012
7277,4.8553605,4.745126934528345,0.11023356547165442
7278,4.8362026,4.750824044216749,0.08537855578325093
7279,4.8181973,4.756821056152295,0.06137624384770479
7280,4.8022647,4.764354173775885,0.03791052622411506
7281,4.7893257,4.7736603577439345,0.01566534225606553
7282,4.7803006,4.784726653936265,-0.004426053936264829
7283,4.776109,4.7974029203337265,-0.021293920333726568
7284,4.7826385,4.811338735440906,-0.028700235440905608
7285,4.806282,4.826434782066905,-0.020152782066904962
7286,4.8135834,4.843137618577486,-0.02955421857748597
7287,4.8344803,4.861571482244774,-0.02709118224477436
7288,4.861923,4.881043705604843,-0.019120705604843025
7289,4.893257,4.901791957335465,-0.008534957335465165
7290,4.9246216,4.923374474731553,0.001247125268447391
7291,4.951874,4.945022337469575,0.006851662530425351
7292,4.9818954,4.967348555409642,0.014546844590357821
7293,5.0046616,4.989745663197805,0.014915936802195162
7294,5.0277176,5.011469448126203,0.016248151873797134
7295,5.044861,5.032710841969122,0.012150158030878266
7296,5.0594177,5.053768853574036,0.0056488464259638604
7297,5.0672836,5.074606964150744,-0.007323364150744638
7298,5.0763016,5.09426307298265,-0.01796147298265005
7299,5.08033,5.112533827178688,-0.032203827178688194
7300,5.0852127,5.129940242161813,-0.04472754216181318
7301,5.0909424,5.145886081111215,-0.05494368111121428
7302,5.086319,5.160237964304553,-0.07391896430455347
7303,5.0840836,5.17361818005267,-0.08953458005267034
7304,5.0832233,5.185080113378327,-0.10185681337832708
7305,5.082127,5.194026375600621,-0.11189937560062102
7306,5.0799274,5.201586690453814,-0.12165929045381407
7307,5.0765324,5.208019366180211,-0.13148696618021116
7308,5.07185,5.2127761341069725,-0.14092613410697208
7309,5.0657883,5.215094818864175,-0.1493065188641749
7310,5.058256,5.215435000771431,-0.1571790007714311
7311,5.062958,5.213805284264248,-0.15084728426424832
7312,5.0760345,5.210102721782561,-0.13406822178256128
7313,5.0815735,5.204286097007907,-0.12271259700790704
7314,5.0849075,5.196620477361047,-0.11171297736104702
7315,5.0886993,5.187486543314477,-0.09878724331447675
7316,5.0883102,5.17690560148283,-0.08859540148283074
7317,5.084656,5.165378294322243,-0.08072229432224276
7318,5.069359,5.151907560359035,-0.0825485603590348
7319,5.0353394,5.137249700081734,-0.10191030008173385
7320,4.988655,5.120854753471022,-0.13219975347102242
7321,4.9417267,5.1027334052099595,-0.1610067052099593
7322,4.8935776,5.083129003968355,-0.18955140396835457
7323,4.8545685,5.061843878702725,-0.20727537870272528
7324,4.8240204,5.038637461223095,-0.21461706122309465
7325,4.7939987,5.013552765316712,-0.21955406531671162
7326,4.7675247,4.986666679483506,-0.21914197948350633
7327,4.7384415,4.9581595843165065,-0.21971808431650608
7328,4.7015915,4.927675530915617,-0.2260840309156169
7329,4.656906,4.895183529486514,-0.23827752948651337
7330,4.612175,4.861168390171505,-0.24899339017150535
7331,4.5696335,4.825317555267441,-0.25568405526744087
7332,4.5333176,4.7875923579162585,-0.2542747579162583
7333,4.501198,4.748503433308383,-0.24730543330838373
7334,4.486328,4.708112891747211,-0.22178489174721072
7335,4.4614487,4.666647037627028,-0.20519833762702788
7336,4.4228973,4.6243627576845485,-0.2014654576845487
7337,4.391609,4.58158900479519,-0.18998000479519028
7338,4.363983,4.538377261648398,-0.17439426164839755
7339,4.3367615,4.495264200890396,-0.15850270089039586
7340,4.323471,4.4520591076758365,-0.12858810767583684
7341,4.2775803,4.408535997047972,-0.1309556970479715
7342,4.2463074,4.365454488034249,-0.11914708803424912
7343,4.2069473,4.322817239328087,-0.11586993932808642
7344,4.17231,4.28041843400488,-0.10810843400487968
7345,4.1351624,4.238618067050595,-0.1034556670505955
7346,4.1183395,4.198543329772628,-0.08020382977262752
7347,4.077713,4.159694785590812,-0.08198178559081182
7348,4.0529175,4.12120413446241,-0.06828663446240935
7349,4.0346146,4.083657950710102,-0.04904335071010202
7350,4.0267715,4.04703755623646,-0.020266056236460273
7351,4.0241623,4.011607494704547,0.012554805295453164
7352,4.026428,3.977505762949319,0.048922237050680994
7353,4.033577,3.9447606093707432,0.08881639062925695
7354,4.0430527,3.913413759456785,0.1296389405432148
7355,4.049141,3.8836072917656645,0.1655337082343351
7356,4.0633698,3.8555343163037947,0.20783548369620553
7357,4.081131,3.829350246699878,0.25178075330012195
7358,4.102333,3.8054892691960456,0.2968437308039542
7359,4.1232986,3.784720592233669,0.3385780077663312
7360,4.1383667,3.7661944008812602,0.3721722991187395
7361,4.150482,3.749038325555652,0.40144367444434836
7362,4.1552734,3.734641416309606,0.42063198369039334
7363,4.17099,3.723081960495233,0.44790803950476654
7364,4.1670227,3.714240789418743,0.4527819105812574
7365,4.170929,3.7083368879019525,0.4625921120980476
7366,4.1724896,3.705512922388624,0.46697667761137573
7367,4.17473,3.7060470661257323,0.46868293387426796
7368,4.178287,3.7096755897183264,0.46861141028167363
7369,4.1825876,3.7176331345574827,0.46495446544251706
7370,4.1870556,3.7291630081660285,0.45789259183397135
7371,4.1911163,3.7426080776389457,0.44850822236105437
7372,4.194195,3.7681961212433803,0.42599887875661935
7373,4.195716,3.7991309216172287,0.39658507838277135
7374,4.1818542,3.8249090669509256,0.3569451330490745
7375,4.1560974,3.850171427852518,0.3059259721474823
7376,4.1329803,3.877142326487402,0.25583797351259774
7377,4.115494,3.9046911909672417,0.21080280903275828
7378,4.104065,3.9348918190804256,0.16917318091957467
7379,4.102865,3.9677024927372315,0.1351625072627689
7380,4.1135526,3.998253231555124,0.1152993684448762
7381,4.133266,4.025609519747929,0.10765648025207053
7382,4.1602726,4.0523842371493695,0.10788836285063041
7383,4.19284,4.078559186916565,0.11428081308343518
7384,4.229235,4.10443169875379,0.1248033012462102
7385,4.267724,4.131167632887539,0.136556367112461
7386,4.306605,4.155185690750724,0.1514193092492766
7387,4.3440824,4.175914342328506,0.1681680576714939
7388,4.378454,4.195708849329538,0.1827451506704616
7389,4.407987,4.214644229486428,0.1933427705135724
7390,4.4309483,4.232278758415122,0.19866954158487804
7391,4.445605,4.2488172784969915,0.19678772150300805
7392,4.450203,4.264594014795537,0.18560898520446312
7393,4.4358063,4.2803463954616054,0.15545990453839487
7394,4.412079,4.295501840506632,0.11657715949336822
7395,4.374578,4.309700529824934,0.06487747017506607
7396,4.343034,4.323984995401584,0.01904900459841663
7397,4.3154974,4.338236175473754,-0.022738775473754025
7398,4.291399,4.352911951708043,-0.06151295170804261
7399,4.27017,4.368343649508225,-0.09817364950822505
7400,4.251239,4.384991861428842,-0.13375286142884235
7401,4.2340364,4.402827448395225,-0.1687910483952253
7402,4.217993,4.42090233080044,-0.20290933080044038
7403,4.213257,4.439909510327709,-0.2266525103277095
7404,4.218918,4.459289812867524,-0.24037181286752318
7405,4.227913,4.479144361763161,-0.2512313617631614
7406,4.2464066,4.499208747762019,-0.2528021477620186
7407,4.2718277,4.518971124825729,-0.2471434248257287
7408,4.3021164,4.537413307917851,-0.23529690791785107
7409,4.359207,4.554757497260563,-0.19555049726056328
7410,4.385788,4.569956531088977,-0.1841685310889769
7411,4.4155884,4.583703205668881,-0.16811480566888104
7412,4.4454346,4.596235079656615,-0.15080047965661514
7413,4.4668274,4.607546213813681,-0.140718813813681
7414,4.4798813,4.61773611908601,-0.1378548190860105
7415,4.4769974,4.626280677427635,-0.14928327742763514
7416,4.4597244,4.633666895831666,-0.17394249583166577
7417,4.430832,4.639923302612911,-0.20909130261291153
7418,4.411995,4.645160243746812,-0.2331652437468117
7419,4.403755,4.650595372795349,-0.24684037279534898
7420,4.3902893,4.655427805257015,-0.2651385052570152
7421,4.392334,4.657694379381899,-0.2653603793818986
7422,4.3946915,4.659055186220031,-0.2643636862200305
7423,4.391014,4.659633519775056,-0.26861951977505605
7424,4.3742447,4.66746067007275,-0.29321597007275013
7425,4.3434753,4.676670640495059,-0.3331953404950596
7426,4.3047333,4.679550204686172,-0.37481690468617224
7427,4.2702484,4.680473700154454,-0.4102253001544538
7428,4.2410507,4.680900603076078,-0.4398499030760785
7429,4.221512,4.680960947872804,-0.4594489478728043
7430,4.206436,4.6808599583385595,-0.47442395833855944
7431,4.2009583,4.680839461518494,-0.47988116151849436
7432,4.20343,4.680780433742308,-0.47735043374230823
7433,4.21389,4.68086597531293,-0.46697597531292967
7434,4.2147827,4.680899453472097,-0.4661167534720976
7435,4.2241592,4.681325035671018,-0.45716583567101843
7436,4.211113,4.682262080754231,-0.47114908075423045
7437,4.207535,4.683320686878032,-0.4757856868780319
7438,4.2034454,4.684905113836987,-0.48145971383698694
7439,4.20446,4.687167346777669,-0.48270734677766924
7440,4.203705,4.690189554151415,-0.48648455415141445
7441,4.207901,4.693811016816866,-0.48591001681686663
7442,4.213524,4.69787043007087,-0.48434643007086997
7443,4.211548,4.702888578764693,-0.49134057876469317
7444,4.2150497,4.708469758458614,-0.49342005845861436
7445,4.227417,4.7145706272434085,-0.4871536272434085
7446,4.248123,4.721249463974495,-0.473126463974495
7447,4.2728806,4.729048402176042,-0.4561678021760427
7448,4.3071747,4.737168878737147,-0.4299941787371466
7449,4.3424454,4.743370828733763,-0.40092542873376313
7450,4.3837814,4.74885732838308,-0.3650759283830798
7451,4.4291,4.754333576838999,-0.3252335768389987
7452,4.4748535,4.759772063385608,-0.2849185633856077
7453,4.510643,4.76552720837878,-0.2548842083787797
7454,4.5434647,4.771002723842857,-0.2275380238428566
7455,4.577469,4.775763477261595,-0.19829447726159533
7456,4.6050034,4.780132215028781,-0.17512881502878042
7457,4.630081,4.784162481372533,-0.15408148137253352
7458,4.6522827,4.788871810024863,-0.13658911002486285
7459,4.6699295,4.792567857650988,-0.1226383576509873
7460,4.68673,4.794959842844689,-0.10822984284468884
7461,4.70247,4.797094009999135,-0.09462400999913534
7462,4.717737,4.798754740861836,-0.081017740861836
7463,4.7331223,4.800636951965587,-0.06751465196558737
7464,4.7492127,4.802317392438478,-0.053104692438477485
7465,4.7665973,4.803612095575099,-0.037014795575099235
7466,4.7858653,4.805134515368617,-0.0192692153686167
7467,4.801819,4.806549108330518,-0.0047301083305182345
7468,4.8128433,4.808289130901147,0.004554169098852867
7469,4.827057,4.8097499048148755,0.01730709518512441
7470,4.836632,4.810410184365504,0.02622181563449555
7471,4.8468323,4.8113986880458715,0.03543361195412853
7472,4.8595963,4.812895052799779,0.04670124720022084
7473,4.87101,4.816212495851245,0.054797504148755394
7474,4.8802567,4.820017787876763,0.0602389121232374
7475,4.8923492,4.822305890583055,0.07004330941694459
7476,4.90522,4.8243910703244675,0.08082892967553246
7477,4.913887,4.827255545754537,0.08663145424546315
7478,4.924431,4.831261740378429,0.09316925962157097
7479,4.9365845,4.835728008953296,0.10085649104670402
7480,4.947487,4.84249559055233,0.1049914094476696
7481,4.9565735,4.850237446910772,0.10633605308922789
7482,4.963608,4.857320433850221,0.10628756614977863
7483,4.96714,4.865552189636353,0.10158781036364672
7484,4.968109,4.874236835023629,0.09387216497637141
7485,4.970993,4.882979017696663,0.08801398230333657
7486,4.973572,4.892247069792919,0.08132493020708065
7487,4.9754333,4.901916248807245,0.07351705119275476
7488,4.977249,4.912089444947648,0.06515955505235116
7489,4.9817734,4.922392544090629,0.05938085590937092
7490,4.9832687,4.934419225622536,0.04884947437746412
7491,4.986725,4.946630729198691,0.04009427080130923
7492,4.993126,4.957552202998316,0.035573797001684504
7493,4.998474,4.968326414233261,0.030147585766738594
7494,5.0057526,4.97898807531989,0.026764524680110036
7495,5.0136642,4.9894492802552195,0.024214919744780516
7496,5.0175476,4.999432064952449,0.018115535047551035
7497,5.031868,5.008930807121576,0.022937192878424106
7498,5.039711,5.017881100303664,0.02182989969633553
7499,5.0556946,5.026300644673288,0.02939395532671174
