,Actual pupil,Predicted pupil,residue
0,,5.805961997641845,
1,,5.800957219672483,
2,,5.795574255275006,
3,,5.789786115683546,
4,,5.78356268638755,
5,,5.776870671797912,
6,,5.769673341788349,
7,,5.761929299567343,
8,,5.753592190661526,
9,,5.7446141420623515,
10,,5.734948110666905,
11,,5.7245492069452,
12,,5.713376074221802,
13,,5.70139382073448,
14,,5.6885781322810764,
15,5.289493,5.674917142119598,-0.3854241421195974
16,5.2667074,5.660411098807404,-0.3937036988074043
17,5.228558,5.645072409318775,-0.4165144093187756
18,5.1956034,5.628926678638631,-0.43332327863863096
19,5.169853,5.6120128280626655,-0.44215982806266574
20,5.150869,5.594381655130732,-0.443512655130732
21,5.141328,5.576092882040134,-0.43476488204013464
22,5.1427536,5.557212478034081,-0.41445887803408077
23,5.1464505,5.5378104843873235,-0.3913599843873232
24,5.1521177,5.517957130727398,-0.365839430727398
25,5.1595626,5.497720358562307,-0.338157758562307
26,5.1685944,5.4771698069097345,-0.3085754069097346
27,5.179022,5.456379418324986,-0.2773574183249865
28,5.1906533,5.435426749307936,-0.2447734493079361
29,5.203297,5.414391334339304,-0.2110943343393039
30,5.2167625,5.3933528280007295,-0.1765903280007297
31,5.230858,5.372389280200249,-0.1415312802002493
32,5.245392,5.351575745851224,-0.10618374585122403
33,5.2601733,5.330983338366254,-0.07081003836625399
34,5.27501,5.310678771135697,-0.035668771135696886
35,5.2897115,5.290724381353764,-0.0010128813537635395
36,5.304086,5.271178591708792,0.03290740829120775
37,5.317942,5.252096735633236,0.06584526436676441
38,5.331089,5.233532150086352,0.09755684991364877
39,5.343334,5.21553742575555,0.12779657424444935
40,5.354487,5.198165697869238,0.15632130213076145
41,5.3643565,5.181471861331076,0.18288463866892446
42,5.3727503,5.165513601339383,0.20723669866061645
43,5.3794775,5.150352144547408,0.2291253554525925
44,5.384347,5.136052655328548,0.24829434467145184
45,5.3871675,5.1226842256503105,0.2644832743496899
46,5.373329,5.110319433911359,0.2630095660886411
47,5.3163657,5.099033476095509,0.21733222390449125
48,5.263806,5.088902899880709,0.1749031001192911
49,5.2190223,5.080003997107263,0.13901830289273676
50,5.174664,5.072410930676344,0.1022530693236563
51,5.125417,5.06619368729037,0.059223312709629994
52,5.0638986,5.061415956681126,0.002482643318874267
53,4.992373,5.081780231291761,-0.08940723129176131
54,4.9143653,5.105788866523368,-0.19142356652336812
55,4.8420787,5.110283715367818,-0.26820501536781816
56,4.779171,5.114124170578119,-0.33495317057811924
57,4.7156663,5.120276209872115,-0.4046099098721152
58,4.652506,5.127698091250237,-0.4751920912502374
59,4.5906324,5.137643516960835,-0.5470111169608352
60,4.530989,5.148791526118619,-0.6178025261186191
61,4.4745154,5.162153692343493,-0.6876382923434932
62,4.422154,5.180854159353627,-0.7587001593536273
63,4.3748474,5.195097284474785,-0.8202498844747845
64,4.3335376,5.213704509599391,-0.8801669095993914
65,4.2991667,5.229972600463478,-0.9308059004634783
66,4.2726765,5.246963095321595,-0.9742865953215949
67,4.255009,5.265775867150268,-1.0107668671502674
68,4.2471066,5.2832178500973646,-1.0361112500973642
69,4.2476473,5.305403009504355,-1.057755709504355
70,4.2490673,5.327842651332113,-1.078775351332113
71,4.250795,5.348309564722434,-1.0975145647224336
72,4.2528586,5.369926384145144,-1.117067784145144
73,4.2552876,5.389192876624769,-1.1339052766247688
74,4.2581096,5.407424662570681,-1.1493150625706807
75,4.2613535,5.425425287365012,-1.1640717873650122
76,4.265048,5.442791999480037,-1.177743999480037
77,4.2692213,5.460085125373279,-1.1908638253732793
78,4.2739024,5.477095333316852,-1.2031929333168518
79,4.279119,5.494934526718435,-1.2158155267184352
80,4.2849,5.5136883812057365,-1.228788381205736
81,4.2912745,5.537582044846845,-1.2463075448468448
82,4.29827,5.563599484219711,-1.2653294842197118
83,4.3059163,5.58113837005051,-1.2752220700505106
84,4.3142405,5.602389859094393,-1.2881493590943922
85,4.323272,5.623549428813953,-1.3002774288139527
86,4.3330393,5.644991167925268,-1.3119518679252673
87,4.34357,5.661550132053962,-1.317980132053962
88,4.3548927,5.672336661749418,-1.3174439617494187
89,4.367038,5.684480232729916,-1.317442232729916
90,4.3800325,5.698485995687875,-1.3184534956878746
91,4.3939056,5.710386806065454,-1.316481206065454
92,4.4086857,5.718201019935819,-1.3095153199358185
93,4.424401,5.725394869233349,-1.3009938692333494
94,4.4410796,5.732830775116466,-1.2917511751164659
95,4.4587502,5.743225550544551,-1.2844753505445512
96,4.4774423,5.752959529052191,-1.2755172290521912
97,4.497184,5.76121122716294,-1.2640272271629405
98,4.518003,5.77377534740699,-1.2557723474069897
99,4.539929,5.784987191249041,-1.2450581912490408
100,4.562989,5.778012011985442,-1.2150230119854424
101,4.5872135,5.770642513101141,-1.183429013101141
102,4.61263,5.762856937468616,-1.1502269374686156
103,4.6392665,5.754624704206104,-1.115358204206104
104,4.667152,5.745904406482268,-1.078752406482268
105,4.696315,5.736644387745269,-1.0403293877452686
106,4.726784,5.726782331629229,-0.9999983316292287
107,4.758588,5.716248273684475,-0.9576602736844757
108,4.7917547,5.704972278860767,-0.9132175788607668
109,4.8263135,5.692890255992538,-0.8665767559925373
110,4.8622923,5.679947390198379,-0.8176550901983788
111,4.8997197,5.666100662059364,-0.7663809620593636
112,4.9386244,5.651320845587988,-0.7126964455879881
113,4.979035,5.635593617786705,-0.6565586177867058
114,5.02035,5.618920108730519,-0.5985701087305193
115,5.0633173,5.601316468074037,-0.5379991680740375
116,5.109068,5.5828129654349805,-0.4737449654349808
117,5.156564,5.563453427117532,-0.40688942711753207
118,5.204772,5.543294699345397,-0.3385226993453969
119,5.2526526,5.522405711921565,-0.26975311192156504
120,5.299169,5.5008660831401786,-0.20169708314017853
121,5.343285,5.478764508903222,-0.1354795089032219
122,5.383963,5.456197163788149,-0.07223416378814917
123,5.420166,5.433265850291097,-0.013099850291096615
124,5.4508576,5.410075022249735,0.040782577750264615
125,5.4750004,5.38672149611908,0.08827890388092019
126,5.4915576,5.363283280609144,0.1282743193908562
127,5.499492,5.339817869500359,0.1596741304996412
128,5.461997,5.3163745892963625,0.14562241070363768
129,5.4021826,5.293004076032782,0.10917852396721806
130,5.3363013,5.26976117773048,0.06654012226951966
131,5.268559,5.246705583592119,0.021853416407880744
132,5.194358,5.223901352495178,-0.029543352495177366
133,5.1125402,5.201415858160887,-0.08887565816088738
134,5.033478,5.179318442821819,-0.14584044282181896
135,4.9629126,5.157678969260011,-0.19476636926001056
136,4.899085,5.136566409505769,-0.23748140950576868
137,4.8462024,5.116047579637906,-0.26984517963790555
138,4.8034186,5.096186110323297,-0.29276751032329695
139,4.7674475,5.0770417241291845,-0.30959422412918425
140,4.737296,5.058669868851894,-0.3213738688518939
141,4.716568,5.041121729439146,-0.3245537294391463
142,4.700993,5.024444610103212,-0.3234516101032119
143,4.692071,5.008682645230733,-0.3166116452307328
144,4.690835,4.993877766063746,-0.30304276606374625
145,4.692675,4.980070823544629,-0.287395823544629
146,4.7002215,4.967302749477102,-0.2670812494771022
147,4.7096686,4.955615630584795,-0.24594703058479528
148,4.720943,4.945053574169234,-0.22411057416923352
149,4.7252655,4.93566325949513,-0.2103977594951303
150,4.71526,4.927494094096113,-0.2122340940961136
151,4.6884723,4.946303941869739,-0.25783164186973906
152,4.6529303,4.968049347807325,-0.31511904780732447
153,4.6198144,4.974220262348939,-0.3544058623489388
154,4.592649,4.978993709980433,-0.3863447099804329
155,4.5743628,4.982633395736904,-0.4082705957369033
156,4.565009,4.988354524545299,-0.42334552454529906
157,4.5620074,4.9972654177594205,-0.43525801775942075
158,4.565728,5.007805987302891,-0.4420779873028913
159,4.571472,5.020079692211872,-0.4486076922118718
160,4.5793633,5.032564035197792,-0.45320073519779225
161,4.5973926,5.0446774380165165,-0.4472848380165164
162,4.443669,5.0566760666200485,-0.6130070666200487
163,4.4744406,5.068027060424621,-0.5935864604246204
164,4.4809966,5.0785414327712255,-0.5975448327712254
165,4.4895306,5.089086269672489,-0.5995556696724886
166,4.499934,5.098616346598668,-0.5986823465986681
167,4.5121007,5.109166910376865,-0.5970662103768642
168,4.5259223,5.120310446597727,-0.5943881465977263
169,4.541292,5.132853762594688,-0.5915617625946874
170,4.5581026,5.144944740734602,-0.5868421407346025
171,4.5762463,5.156788793412492,-0.5805424934124916
172,4.5956163,5.168640005970415,-0.5730237059704155
173,4.6161046,5.180347624029404,-0.5642430240294045
174,4.6376038,5.192007676562008,-0.5544038765620076
175,4.6600075,5.204764673656269,-0.5447571736562695
176,4.6832075,5.219111916754076,-0.5359044167540761
177,4.7070966,5.236041476438667,-0.5289448764386675
178,4.731568,5.2595096561570704,-0.5279416561570702
179,4.756513,5.2778974874864195,-0.5213844874864195
180,4.7818255,5.303607058337422,-0.5217815583374223
181,4.807398,5.321228628968016,-0.5138306289680159
182,4.8331227,5.326541939441084,-0.4934192394410841
183,4.8588924,5.3309700608421755,-0.4720776608421753
184,4.8846,5.333951520082843,-0.4493515200828435
185,4.910138,5.335527906962313,-0.42538990696231327
186,4.9353986,5.334855984492128,-0.39945738449212786
187,4.960275,5.333548798671136,-0.37327379867113564
188,4.98466,5.330237721090298,-0.34557772109029816
189,5.0084457,5.327366854440777,-0.31892115444077707
190,5.031525,5.3237903971497404,-0.2922653971497402
191,5.0537906,5.3177634574019725,-0.2639728574019724
192,5.0751348,5.309707884396896,-0.23457308439689584
193,5.095451,5.300096026125426,-0.20464502612542645
194,5.1146307,5.289398619511191,-0.17476791951119086
195,5.132568,5.277616571119222,-0.1450485711192222
196,5.149154,5.2643856189167915,-0.11523161891679123
197,5.1642823,5.25095866956981,-0.08667636956981006
198,5.1778455,5.2364194315318935,-0.058573931531893386
199,5.1897364,5.244002536778156,-0.05426613677815606
200,5.1998467,5.261480690472133,-0.06163399047213325
201,5.2080703,5.272223576805073,-0.06415327680507321
202,5.2142987,5.248766965737822,-0.03446826573782236
203,5.2184253,5.225717467240087,-0.007292167240087188
204,5.2203426,5.203166741032245,0.01717585896775553
205,5.1863065,5.181199773756712,0.005106726243287341
206,5.126879,5.15989393478181,-0.033014934781809835
207,5.0516214,5.139318311186403,-0.08769691118640299
208,4.97219,5.119533258331533,-0.1473432583315324
209,4.8962936,5.100590043999809,-0.20429644399980873
210,4.825698,5.08253082077657,-0.25683282077656955
211,4.764341,5.065388808236041,-0.30104780823604127
212,4.7108274,5.049188623551885,-0.33836122355188447
213,4.67287,5.033946888407169,-0.3610768884071698
214,4.64475,5.019672767074589,-0.3749227670745885
215,4.624821,5.006368003283919,-0.3815470032839192
216,4.6135917,4.994025874203489,-0.38043417420348913
217,4.6090646,4.98263042293168,-0.3735658229316803
218,4.611512,4.972156558462497,-0.36064455846249643
219,4.620527,4.9625704529338375,-0.3420434529338374
220,4.631958,4.953829982608803,-0.321871982608803
221,4.6523185,4.945885136262746,-0.2935666362627458
222,4.6728973,4.938678041661807,-0.265780741661807
223,4.6980057,4.932143494103399,-0.23413779410339863
224,4.7249503,4.926211869483985,-0.201261569483985
225,4.7496567,4.920807722579045,-0.17115102257904535
226,4.7727,4.915849684229,-0.14314968422899987
227,4.7938166,4.9507771108016065,-0.1569605108016061
228,4.814077,4.988782125863035,-0.174705125863035
229,4.833976,4.9997350762137165,-0.16575907621371666
230,4.8562875,5.011412476741436,-0.155124976741436
231,4.8853226,5.020588658651332,-0.13526605865133146
232,4.925149,5.0274667958158945,-0.10231779581589429
233,4.9452477,5.033210405884425,-0.08796270588442479
234,4.9234548,5.036243932101584,-0.11278913210158414
235,4.872004,5.040456704830138,-0.16845270483013852
236,4.794826,5.043534346612875,-0.248708346612875
237,4.695854,5.04507056621046,-0.34921656621046004
238,4.5790186,5.044963202024598,-0.46594460202459764
239,4.4482603,5.042919586196724,-0.5946592861967241
240,4.3075037,5.038612403223901,-0.7311087032239012
241,4.160688,5.033242661344665,-0.8725546613446644
242,4.011738,5.026917302401696,-1.0151793024016955
243,3.8645906,5.019115733793899,-1.1545251337938987
244,3.7231786,5.0115799643706325,-1.2884013643706327
245,3.5914345,5.0050140360602295,-1.4135795360602295
246,3.4732935,4.998544872207246,-1.5252513722072458
247,3.3726828,4.992462555855729,-1.619779755855729
248,3.2935398,4.9860505969755495,-1.6925107969755495
249,3.2397933,4.9791898765815805,-1.7393965765815804
250,3.215378,4.97041240646223,-1.7550344064622299
251,3.3792062,4.961436758565629,-1.5822305585656289
252,3.6007333,4.9526167362629705,-1.3518834362629706
253,3.8314092,4.9436630724042505,-1.1122538724042506
254,4.063394,4.935788370230809,-0.8723943702308095
255,4.2934923,4.927833160836025,-0.6343408608360255
256,4.513891,4.920113796001547,-0.406222796001547
257,4.730836,4.912573862758977,-0.1817378627589772
258,4.936373,4.906224473768923,0.030148526231077
259,5.1273575,4.900311239027216,0.22704626097278346
260,5.148177,4.89426650893792,0.2539104910620793
261,5.2945642,4.889311238104001,0.40525296189599924
262,5.3096213,4.8847772868306665,0.4248440131693334
263,5.306538,4.880585177922498,0.42595282207750174
264,5.294125,4.877454193658268,0.4166708063417319
265,5.2839026,4.875092646441453,0.40880995355854743
266,5.257833,4.873421645220022,0.3844113547799779
267,5.2055902,4.872838225359844,0.33275197464015527
268,5.133723,4.8735303665322816,0.26019263346771826
269,5.0573773,4.876738067079006,0.18063923292099382
270,4.989115,4.880862108051267,0.10825289194873289
271,4.93385,4.895442647224032,0.03840735277596785
272,4.8923993,4.907917315899539,-0.015518015899538717
273,4.862263,4.920832274754633,-0.05856927475463358
274,4.837497,4.934741263405249,-0.0972442634052495
275,4.8147244,4.948290862488828,-0.13356646248882775
276,4.7920065,4.963477563348912,-0.17147106334891138
277,4.7775345,4.979926506391085,-0.20239200639108557
278,4.679089,4.997570366301602,-0.31848136630160173
279,4.6685734,5.016523369208089,-0.3479499692080896
280,4.6943903,5.0368458091664445,-0.3424555091664443
281,4.7194767,5.058007117772494,-0.3385304177724935
282,4.743843,5.080058458108209,-0.3362154581082093
283,4.7674994,5.1032506100194714,-0.3357512100194713
284,4.790457,5.126711199787774,-0.33625419978777416
285,4.812725,5.150656723098315,-0.33793172309831476
286,4.8343153,5.174878558016287,-0.34056325801628695
287,4.8552375,5.1986348383100145,-0.3433973383100142
288,4.875502,5.222523689042445,-0.3470216890424451
289,4.89512,5.246984762502417,-0.3518647625024167
290,4.914102,5.274767866708636,-0.36066586670863643
291,4.932458,5.302892848827651,-0.3704348488276512
292,4.9501987,5.33042191783726,-0.3802232178372602
293,4.967334,5.35768912405157,-0.39035512405156947
294,4.983875,5.384717484626814,-0.40084248462681416
295,4.999832,5.411441613174716,-0.41160961317471667
296,5.015216,5.439207652466596,-0.4239916524665963
297,5.0300364,5.467178341407923,-0.43714194140792273
298,5.044305,5.485501340886311,-0.44119634088631177
299,5.058031,5.5160512192047015,-0.4580202192047018
300,5.0712256,5.54256974017188,-0.47134414017187964
301,5.0838995,5.555332612151362,-0.4714331121513622
302,5.0960627,5.566841854091676,-0.4707791540916757
303,5.107726,5.577033845695937,-0.469307845695937
304,5.1189,5.585954142372516,-0.46705414237251563
305,5.1295943,5.594028572462672,-0.46443427246267177
306,5.13982,5.600461479062954,-0.4606414790629536
307,5.149588,5.606420995173751,-0.45683299517375175
308,5.158908,5.610915086079679,-0.45200708607967854
309,5.1677914,5.613984335647542,-0.4461929356475425
310,5.1762476,5.616226057539006,-0.4399784575390058
311,5.184288,5.617159239680394,-0.4328712396803942
312,5.1919227,5.616839740236722,-0.42491704023672217
313,5.1991615,5.615435523261915,-0.41627402326191554
314,5.2060165,5.6129060552846965,-0.40688955528469695
315,5.2124968,5.623521539998836,-0.4110247399988358
316,5.2186136,5.653868475769753,-0.4352548757697523
317,5.224377,5.679440192321564,-0.455063192321564
318,5.229798,5.665673278261061,-0.43587527826106154
319,5.234886,5.6511356711377605,-0.4162496711377601
320,5.2396526,5.635822567732003,-0.3961699677320025
321,5.244108,5.6197389539621305,-0.37563095396213075
322,5.2482624,5.602901500748715,-0.35463910074871485
323,5.2521267,5.585339301586238,-0.3332126015862382
324,5.255711,5.56709410703305,-0.31138310703305017
325,5.259026,5.548219927358537,-0.28919392735853666
326,5.262082,5.528782222311813,-0.2667002223118127
327,5.2648897,5.508856619266655,-0.24396691926665426
328,5.2674594,5.488527527181095,-0.2210681271810948
329,5.2698016,5.467886690771768,-0.19808509077176772
330,5.2719274,5.4470315943040655,-0.17510419430406543
331,5.273846,5.426063743451644,-0.15221774345164452
332,5.275569,5.405086764649682,-0.12951776464968212
333,5.2771063,5.384204468616748,-0.10709816861674781
334,5.278469,5.363518694346527,-0.08504969434652665
335,5.279667,5.343127333889276,-0.0634603338892763
336,5.2807107,5.323123051778588,-0.04241235177858815
337,5.2816114,5.303592114495802,-0.02198071449580219
338,5.2823787,5.284612178655419,-0.002233478655419674
339,5.2830234,5.266242230133051,0.016781169866948886
340,5.2835565,5.24851442913094,0.03504207086906064
341,5.2839875,5.23143562743434,0.05255187256565996
342,5.2843275,5.214999500863916,0.06932799913608356
343,5.284587,5.1991955941967865,0.0853914058032137
344,5.2847757,5.184012737776278,0.10076296222372161
345,5.2849054,5.169440494551454,0.1154649054485466
346,5.284986,5.155469662560927,0.12951633743907287
347,5.285028,5.142092291139261,0.1429357088607386
348,5.2839265,5.129301466830577,0.154625033169423
349,5.202751,5.117091029279104,0.08565997072089626
350,5.0889654,5.105455325804687,-0.01648992580468711
351,4.9695444,5.094389082416172,-0.12484468241617197
352,4.860125,5.083887447123492,-0.2237624471234918
353,4.7589755,5.073946242064324,-0.3149707420643244
354,4.668626,5.064562440595959,-0.39593644059595956
355,4.587336,5.055734862793775,-0.4683988627937756
356,4.5151052,5.047465058251564,-0.5323598582515645
357,4.4528275,5.039758320567966,-0.5869308205679662
358,4.398412,5.032624756082536,-0.6342127560825359
359,4.3495703,5.056131086365005,-0.7065607863650047
360,4.305392,5.081622572614095,-0.7762305726140948
361,4.269019,5.085114976074688,-0.8160959760746875
362,4.242256,5.089451474788937,-0.8471954747889363
363,4.2182117,5.094697250390009,-0.8764855503900089
364,4.206337,5.099799981865489,-0.8934629818654889
365,4.2022967,5.103680150086327,-0.9013834500863274
366,4.2081723,5.107044583220875,-0.8988722832208751
367,4.225245,5.11120483420501,-0.8859598342050097
368,4.2512546,5.115578838746949,-0.8643242387469492
369,4.2860413,5.121063808632345,-0.8350225086323446
370,4.336453,5.127298890968496,-0.7908458909684963
371,4.380393,5.134168495199964,-0.7537754951999647
372,4.4284873,5.142501480464759,-0.7140141804647593
373,4.476181,5.151955200624638,-0.6757742006246374
374,4.523397,5.1621834722017095,-0.6387864722017094
375,4.5898294,5.1731641324489885,-0.5833347324489884
376,4.5061927,5.185050138319937,-0.6788574383199375
377,4.4642673,5.1974505210645905,-0.7331832210645901
378,4.4660735,5.210298548313516,-0.744225048313516
379,4.4696145,5.223613834438662,-0.753999334438662
380,4.4748125,5.237269575701117,-0.7624570757011178
381,4.4815903,5.251911043588208,-0.7703207435882087
382,4.4898715,5.266506869603156,-0.7766353696031567
383,4.4995794,5.280397354633013,-0.7808179546330134
384,4.510637,5.294201653207454,-0.7835646532074536
385,4.522967,5.307977371630218,-0.7850103716302179
386,4.5364923,5.321138618188599,-0.7846463181885994
387,4.5511365,5.334744414228714,-0.783607914228714
388,4.5668225,5.348411871171559,-0.7815893711715596
389,4.5834737,5.360916058857348,-0.777442358857348
390,4.601012,5.373156706707867,-0.7721447067078673
391,4.6193624,5.385106187223296,-0.765743787223296
392,4.638446,5.396972937855102,-0.7585269378551018
393,4.6581864,5.413009866071237,-0.7548234660712367
394,4.678508,5.4274206751817315,-0.7489126751817317
395,4.699332,5.436109766023986,-0.7367777660239856
396,4.7205825,5.444204102135494,-0.723621602135494
397,4.7421827,5.45114138540542,-0.7089586854054204
398,4.7640553,5.456537825719547,-0.692482525719547
399,4.7861233,5.461086894781032,-0.6749635947810324
400,4.80831,5.464127046940795,-0.6558170469407951
401,4.8305383,5.466450857184974,-0.635912557184974
402,4.852731,5.46702539891082,-0.61429439891082
403,4.874812,5.466029921195206,-0.5912179211952058
404,4.896704,5.463501232792087,-0.5667972327920872
405,4.9183292,5.459436342345873,-0.5411071423458731
406,4.939612,5.454298930741235,-0.5146869307412345
407,4.9604745,5.447737217279665,-0.4872627172796653
408,4.98084,5.440881330366716,-0.46004133036671657
409,5.000633,5.433028636371391,-0.43239563637139167
410,5.0197744,5.422783284008679,-0.4030088840086785
411,5.0381885,5.411796232065749,-0.37360773206574827
412,5.0557976,5.3987258793390795,-0.34292827933907954
413,5.0725255,5.410676602751865,-0.33815110275186466
414,5.088295,5.424367094554202,-0.3360720945542024
415,5.103029,5.428856034569521,-0.3258270345695209
416,5.1166506,5.404788860493143,-0.2881382604931435
417,5.1290836,5.3804592287555435,-0.2513756287555431
418,5.1402497,5.3559750802233435,-0.21572538022334342
419,5.150073,5.331445245342622,-0.1813722453426223
420,5.158477,5.306977716296723,-0.14850071629672268
421,5.1653833,5.28267767541603,-0.11729437541603005
422,5.170716,5.258645523238035,-0.08792952323803505
423,5.1743975,5.234975357067677,-0.06057785706767671
424,5.176352,5.2117540697628275,-0.03540206976282789
425,5.1456842,5.189060554718942,-0.04337635471894252
426,5.0675364,5.16696486007637,-0.0994284600763704
427,4.96766,5.145527192523766,-0.17786719252376582
428,4.8603373,5.124796763763394,-0.26445946376339347
429,4.762797,5.104811822481926,-0.34201482248192594
430,4.653779,5.08560024323768,-0.43182124323768
431,4.5665994,5.067180140074869,-0.5005807400748683
432,4.5206885,5.049560359682066,-0.5288718596820656
433,4.472157,5.032741366037352,-0.560584366037352
434,4.4234314,5.016716805762139,-0.5932854057621393
435,4.382769,5.001475175517793,-0.6187061755177936
436,4.3526406,4.987001383959763,-0.6343607839597629
437,4.3302026,4.973277937524598,-0.6430753375245981
438,4.3118353,4.960285991347827,-0.6484506913478265
439,4.2967124,4.948006658926822,-0.6512942589268222
440,4.2869635,4.936422206491096,-0.6494587064910959
441,4.2705917,4.9255168866980386,-0.6549251866980388
442,4.2656226,4.915277419617459,-0.6496548196174583
443,4.265732,4.905693382720295,-0.639961382720295
444,4.269979,4.896757644373092,-0.6267786443730916
445,4.2766027,4.9191807489341,-0.6425780489341006
446,4.2835355,4.943799466189422,-0.6602639661894214
447,4.2884946,4.948825466629818,-0.6603308666298178
448,4.2905707,4.952254395651369,-0.6616836956513694
449,4.2959166,4.954511741924193,-0.6585951419241933
450,4.303549,4.95698684865265,-0.6534378486526498
451,4.3127975,4.9600431888276,-0.6472456888276001
452,4.3235855,4.963132230937366,-0.6395467309373659
453,4.3358355,4.966577169297211,-0.630741669297211
454,4.3494706,4.970139092831171,-0.6206684928311708
455,4.364413,4.972927266703415,-0.6085142667034154
456,4.380586,4.97563332713643,-0.59504732713643
457,4.397913,4.978628901947129,-0.5807159019471291
458,4.416316,4.9822478940639074,-0.5659318940639073
459,4.4357176,4.986540240411943,-0.5508226404119432
460,4.456041,4.990764729210448,-0.5347237292104481
461,4.4772086,4.994630756409455,-0.517422156409455
462,4.499144,4.99840145591624,-0.49925745591623993
463,4.52177,5.001810893025633,-0.4800408930256328
464,4.5450087,5.006509861613247,-0.4615011616132465
465,4.568783,5.013317667043746,-0.44453466704374645
466,4.5930157,5.020898775147994,-0.42788307514799406
467,4.6176295,5.028460476434721,-0.41083097643472133
468,4.642548,5.043440485214929,-0.4008924852149294
469,4.6676936,5.066239484493015,-0.3985458844930152
470,4.692989,5.08012914309039,-0.3871401430903898
471,4.7183566,5.089150376029425,-0.37079377602942554
472,4.74372,5.097476410461714,-0.35375641046171413
473,4.7690015,5.10550272693739,-0.33650122693738993
474,4.794124,5.11417595409872,-0.32005195409872034
475,4.8190107,5.1224912520331465,-0.3034805520331467
476,4.8435836,5.132302929971062,-0.2887193299710624
477,4.8677664,5.142395950210117,-0.2746295502101175
478,4.891481,5.159218270798061,-0.26773727079806164
479,4.9146504,5.183951977021342,-0.2693015770213414
480,4.9371977,5.201835858957909,-0.26463815895790965
481,4.9590464,5.211931507272055,-0.25288510727205527
482,4.980118,5.2226143063970705,-0.24249630639707043
483,5.000336,5.23242425764655,-0.2320882576465504
484,5.0196233,5.242175789202326,-0.22255248920232606
485,5.037902,5.2531406373982135,-0.21523863739821358
486,5.0550957,5.265507033168465,-0.21041133316846494
487,5.071127,5.276411571976525,-0.2052845719765255
488,5.0859184,5.286048506926084,-0.20013010692608457
489,5.0993934,5.296149827950872,-0.19675642795087178
490,5.1114736,5.305616503824839,-0.19414290382483923
491,5.1220827,5.315010364088206,-0.19292766408820583
492,5.1311436,5.3239405153169,-0.19279691531690002
493,5.1385784,5.331452533962366,-0.1928741339623663
494,5.1443105,5.338721548643696,-0.19441104864369674
495,5.148263,5.345877396972786,-0.19761439697278593
496,5.1503577,5.353045734410863,-0.2026880344108628
497,5.1174417,5.359293403899375,-0.24185170389937571
498,5.034389,5.363922005498269,-0.329533005498269
499,4.9537683,5.3679647229413145,-0.4141964229413144
500,4.87968,5.3717063734390145,-0.4920263734390149
501,4.811265,5.375695257733099,-0.5644302577330995
502,4.748173,5.3810812090887,-0.6329082090886997
503,4.6834574,5.384195679435099,-0.7007382794350994
504,4.6183624,5.3869098005760865,-0.7685474005760868
505,4.5579615,5.389189210982807,-0.831227710982807
506,4.5024285,5.392111319359554,-0.8896828193595541
507,4.449719,5.394497097510567,-0.9447780975105671
508,4.3979897,5.3954914034278865,-0.9975017034278864
509,4.3494415,5.396035816308668,-1.046594316308668
510,4.3030667,5.395996548585744,-1.0929298485857446
511,4.259847,5.396440718196596,-1.136593718196596
512,4.2251916,5.396934268207483,-1.1717426682074832
513,4.1975884,5.396502354068462,-1.1989139540684617
514,4.176905,5.395843125822471,-1.2189381258224712
515,4.1654043,5.395161772046848,-1.229757472046848
516,4.162361,5.394757033754546,-1.2323960337545463
517,4.1668496,5.39412683848709,-1.2272772384870905
518,4.1793876,5.392862991466945,-1.213475391466945
519,4.1960754,5.3913731452884255,-1.1952977452884257
520,4.218204,5.389606560305174,-1.1714025603051743
521,4.2449493,5.387570210174292,-1.1426209101742923
522,4.275878,5.385578161423085,-1.1097001614230857
523,4.3087115,5.3842154924951,-1.0755039924950998
524,4.3442545,5.381859075626002,-1.037604575626002
525,4.3795276,5.379735375483503,-1.0002077754835028
526,4.414856,5.37775559206517,-0.9628995920651695
527,4.447026,5.375839651768118,-0.9288136517681176
528,4.472665,5.373466308139987,-0.9008013081399868
529,4.494077,5.370921559850504,-0.8768445598505039
530,4.514976,5.368417639605012,-0.8534416396050117
531,4.535721,5.366463060029843,-0.8307420600298432
532,4.556298,5.36437720344944,-0.8080792034494397
533,4.5766935,5.362705648634,-0.7860121486339997
534,4.596895,5.360982636108771,-0.764087636108771
535,4.6168895,5.358376436229016,-0.7414869362290162
536,4.636662,5.356271493713163,-0.719609493713163
537,4.6562004,5.354192421147173,-0.6979920211471731
538,4.675491,5.352644167877514,-0.6771531678775142
539,4.6945205,5.3510152000075015,-0.6564947000075012
540,4.713276,5.348934552572611,-0.6356585525726111
541,4.731744,5.347430387527109,-0.6156863875271092
542,4.7499104,5.3458814048766845,-0.5959710048766844
543,4.767762,5.344244616214426,-0.5764826162144256
544,4.7852864,5.3424946440748435,-0.5572082440748432
545,4.80247,5.34288696141823,-0.5404169614182308
546,4.819299,5.343489269769918,-0.5241902697699183
547,4.8357606,5.342197451433337,-0.5064368514333362
548,4.851841,5.3409183269518925,-0.4890773269518922
549,4.867527,5.339631935785269,-0.4721049357852687
550,4.882805,5.33852332407797,-0.45571832407796986
551,4.897662,5.3372434507480495,-0.4395814507480491
552,4.9120855,5.336057520459079,-0.4239720204590789
553,4.9260607,5.335037628612032,-0.4089769286120317
554,4.9395747,5.33419918527681,-0.39462448527681016
555,4.952615,5.334040047513879,-0.3814250475138792
556,4.9651666,5.332709196321122,-0.3675425963211225
557,4.9772177,5.331440144175233,-0.3542224441752335
558,4.9887547,5.330442887697859,-0.3416881876978586
559,4.999764,5.329326404799926,-0.32956240479992616
560,5.0102324,5.328099978620381,-0.3178675786203815
561,5.020146,5.326755396429676,-0.30660939642967566
562,5.0294924,5.325876139744876,-0.29638373974487653
563,5.0382576,5.324935466503707,-0.2866778665037071
564,5.046428,5.323681250884297,-0.2772532508842973
565,5.053992,5.322510284668469,-0.2685182846684686
566,5.060934,5.321452634598147,-0.2605186345981476
567,5.067242,5.320535982123488,-0.25329398212348764
568,5.072902,5.319580867174241,-0.24667886717424103
569,5.077902,5.3187148588712585,-0.24081285887125858
570,5.0822268,5.317881082324481,-0.23565428232448138
571,5.085864,5.317049518359623,-0.23118551835962275
572,5.0888004,5.3163337828196084,-0.22753338281960822
573,5.091023,5.315612700111013,-0.22458970011101353
574,5.0925174,5.314673104736226,-0.2221557047362257
575,5.093271,5.3136897952989015,-0.22041879529890185
576,5.0932727,5.312534685791615,-0.21926198579161493
577,5.0874677,5.31148054900362,-0.2240128490036195
578,5.0732627,5.310246541329877,-0.23698384132987727
579,5.0532312,5.308428432747064,-0.2551972327470642
580,5.025357,5.306337460753382,-0.28098046075338257
581,4.9986258,5.304061524612736,-0.30543572461273616
582,4.974494,5.30166843187138,-0.32717443187137984
583,4.955396,5.298991975573116,-0.3435959755731153
584,4.9414268,5.296247494169046,-0.35482069416904594
585,4.9287925,5.293462142482243,-0.36466964248224265
586,4.913391,5.2904646471166314,-0.3770736471166316
587,4.8889008,5.287932713805602,-0.39903191380560177
588,4.857655,5.28518765437725,-0.4275326543772495
589,4.8267465,5.281765095914326,-0.4550185959143267
590,4.797831,5.278137812907121,-0.48030681290712085
591,4.775688,5.2747139130252085,-0.4990259130252088
592,4.7586846,5.271733923484402,-0.5130493234844025
593,4.7471337,5.269109384123891,-0.5219756841238912
594,4.7417035,5.266101918333925,-0.5243984183339254
595,4.7416205,5.263316654941919,-0.5216961549419192
596,4.7447925,5.260770116897643,-0.5159776168976427
597,4.7517514,5.259152295359411,-0.5074008953594111
598,4.758715,5.25801386958806,-0.4992988695880607
599,4.764095,5.256859062710177,-0.4927640627101768
600,4.765757,5.256154576973495,-0.4903975769734954
601,4.761695,5.256127064151709,-0.4944320641517095
602,4.753855,5.257340070200124,-0.5034850702001243
603,4.753248,5.2594548851697045,-0.5062068851697044
604,4.753307,5.261922505294552,-0.5086155052945518
605,4.7534065,5.2650671305918495,-0.5116606305918499
606,4.753545,5.268928371115791,-0.5153833711157914
607,4.753722,5.274157110305003,-0.5204351103050033
608,4.7539372,5.280680280139884,-0.5267430801398838
609,4.7541885,5.2878070435032765,-0.5336185435032768
610,4.754476,5.29557257300675,-0.5410965730067501
611,4.754798,5.304266501207474,-0.5494685012074738
612,4.7551537,5.31428243099034,-0.5591287309903397
613,4.7555423,5.325140266736511,-0.5695979667365112
614,4.755963,5.33657544467351,-0.5806124446735099
615,4.7564144,5.348785149751137,-0.5923707497511375
616,4.7569294,5.361278309154955,-0.6043489091549556
617,4.7579536,5.377595532719971,-0.6196419327199711
618,4.759243,5.393291602652961,-0.6340486026529613
619,4.760828,5.405722211073375,-0.6448942110733746
620,4.7627378,5.418049081296666,-0.6553112812966662
621,4.7650027,5.430255661662379,-0.6652529616623788
622,4.767653,5.442507698602962,-0.674854698602962
623,4.7707186,5.454740045256286,-0.6840214452562856
624,4.77423,5.465702830866763,-0.691472830866763
625,4.7782164,5.479177456597549,-0.7009610565975493
626,4.782709,5.491987302244528,-0.7092783022445284
627,4.7877364,5.500896788027854,-0.7131603880278536
628,4.79333,5.509073777655647,-0.7157437776556472
629,4.7995195,5.516628892673052,-0.7171093926730521
630,4.8063345,5.52669351043734,-0.7203590104373401
631,4.8138056,5.53594542837803,-0.7221398283780296
632,4.8219624,5.542340693586853,-0.7203782935868528
633,4.8308353,5.547310460928693,-0.7164751609286926
634,4.840812,5.550707497291588,-0.7098954972915887
635,4.851299,5.553604446378776,-0.7023054463787757
636,4.862534,5.555484481843417,-0.6929504818434165
637,4.874607,5.556116901694282,-0.681509901694282
638,4.888026,5.55540158898529,-0.6673755889852897
639,4.9019804,5.553862610916847,-0.6518822109168472
640,4.9167852,5.551708403281757,-0.6349232032817573
641,4.932549,5.548839120116043,-0.6162901201160436
642,4.9493017,5.549820466773345,-0.6005187667733445
643,4.967074,5.553092368650306,-0.586018368650306
644,4.9848204,5.558749271060986,-0.5739288710609856
645,4.997418,5.567022273170142,-0.5696042731701425
646,5.00958,5.58165270873076,-0.5720727087307607
647,5.021223,5.590571462887346,-0.569348462887346
648,5.032262,5.573855628204325,-0.5415936282043248
649,5.0426126,5.556662516259406,-0.5140499162594061
650,5.0521913,5.539055856749373,-0.48686455674937346
651,5.060913,5.521094304726052,-0.4601813047260519
652,5.068694,5.502820140158088,-0.4341261401580878
653,5.0754514,5.484255722466302,-0.4088043224663016
654,5.081099,5.465417103588022,-0.3843181035880221
655,5.0855536,5.446325209771411,-0.3607716097714109
656,5.0887313,5.427008799345265,-0.3382774993452653
657,5.090548,5.407504665251139,-0.31695666525113886
658,5.0766077,5.387856595273771,-0.31124889527377064
659,5.006292,5.368113773087812,-0.3618217730878115
660,4.922661,5.34832900586059,-0.42566800586059017
661,4.8407187,5.328557017481995,-0.48783831748199535
662,4.768441,5.308852962492314,-0.540411962492314
663,4.7068033,5.289271262763042,-0.582467962763042
664,4.6520257,5.269863074878176,-0.6178373748781754
665,4.6017923,5.250664369732553,-0.648872069732553
666,4.5588565,5.231688609775715,-0.6728321097757153
667,4.522014,5.2129349510930325,-0.6909209510930321
668,4.491334,5.1943971510414,-0.7030631510414
669,4.46571,5.176068399295033,-0.7103583992950337
670,4.444737,5.157945308122169,-0.7132083081221694
671,4.426371,5.140031772546551,-0.7136607725465511
672,4.4005084,5.1223423219304705,-0.7218339219304708
673,4.3818436,5.104904033071571,-0.7230604330715709
674,4.3665094,5.087757107935708,-0.7212477079357082
675,4.353194,5.070954993483358,-0.717760993483358
676,4.3363113,5.054564144895304,-0.7182528448953036
677,4.3167768,5.038662868199352,-0.7218860681993515
678,4.29873,5.023338919271094,-0.7246089192710938
679,4.2796826,5.008686913553986,-0.7290043135539861
680,4.2647204,4.99480552670294,-0.7300851267029405
681,4.2567773,4.981793956419331,-0.7250166564193306
682,4.2572317,4.96974751681006,-0.7125158168100603
683,4.268415,4.95875284666229,-0.69033784666229
684,4.285854,4.976629597011579,-0.6907755970115792
685,4.308753,4.997669839310971,-0.6889168393109708
686,4.3367496,5.005548229502904,-0.6687986295029038
687,4.387881,5.013342502887273,-0.6254615028872728
688,4.3277926,5.019302262909051,-0.6915096629090502
689,4.372429,5.025209402740383,-0.6527804027403823
690,4.418993,5.031967910926924,-0.6129749109269236
691,4.462739,5.039888504528991,-0.5771495045289914
692,4.5037537,5.046891791352949,-0.5431380913529491
693,4.5421243,5.052147451438509,-0.5100231514385092
694,4.577939,5.055045954414698,-0.4771069544146984
695,4.611285,5.056572963216784,-0.4452879632167841
696,4.6422515,5.05666179707647,-0.41441029707646937
697,4.670924,5.055972580017087,-0.3850485800170871
698,4.697392,5.054683507769174,-0.3572915077691743
699,4.7217417,5.053829406893302,-0.3320877068933017
700,4.7440615,5.05260752192844,-0.30854602192844016
701,4.764439,5.050207638454299,-0.28576863845429834
702,4.7829623,5.047019038468462,-0.26405673846846156
703,4.799718,5.0431415273589755,-0.2434235273589751
704,4.814794,5.0379290756174875,-0.22313507561748747
705,4.8282785,5.0319613484753765,-0.20368284847537677
706,4.840259,5.025479588029363,-0.18522058802936314
707,4.850823,5.018937500260078,-0.1681145002600779
708,4.8600583,5.018341957246345,-0.1582836572463444
709,4.868052,5.020901183407173,-0.15284918340717368
710,4.8748927,5.017500001213976,-0.14260730121397547
711,4.880667,5.008261487768853,-0.12759448776885307
712,4.885463,4.999147561308273,-0.11368456130827376
713,4.889369,4.9898378251439786,-0.10046882514397826
714,4.892472,4.979899709673208,-0.08742770967320812
715,4.89486,4.970257984698694,-0.07539798469869385
716,4.8966193,4.960306365238476,-0.06368706523847578
717,4.8978395,4.950174832965031,-0.0523353329650309
718,4.8986073,4.94075392453963,-0.042146624539629585
719,4.89901,4.9316178157304,-0.03260781573040017
720,4.8985896,4.922610769885611,-0.02402116988561076
721,4.8820767,4.914123063025799,-0.032046363025798996
722,4.8441806,4.906591106969524,-0.06241050696952399
723,4.790051,4.900021090236611,-0.10997009023661075
724,4.726522,4.893898705916623,-0.1673767059166229
725,4.6583056,4.9189223311644446,-0.2606167311644443
726,4.5939136,4.94830169309332,-0.35438809309332076
727,4.537541,4.980755415498459,-0.44321441549845897
728,4.4808774,4.969327189738631,-0.48844978973863107
729,4.422492,4.95910897719799,-0.5366169771979896
730,4.364719,4.950070421846104,-0.585351421846104
731,4.3098154,4.942177152704285,-0.6323617527042851
732,4.260349,4.935392368493597,-0.675043368493597
733,4.223152,4.9296774165673805,-0.7065254165673807
734,4.1905007,4.92498940778507,-0.7344887077850695
735,4.1704383,4.921281294407022,-0.7508429944070221
736,4.1643043,4.918504147597897,-0.7541998475978966
737,4.17049,4.916608185648526,-0.7461181856485259
738,4.1819816,4.915542846557676,-0.7335612465576755
739,4.205006,4.949941871762573,-0.7449358717625731
740,4.234011,4.989807513862748,-0.755796513862748
741,4.2721057,5.003367533009635,-0.7312618330096354
742,4.318,5.016708164327583,-0.6987081643275834
743,4.3580375,5.0308777265545555,-0.6728402265545554
744,4.3965564,5.04397002254515,-0.6474136225451499
745,4.429258,5.055290458321169,-0.6260324583211689
746,4.4557548,5.064979039967117,-0.6092242399671166
747,4.4778028,5.075307337118493,-0.5975045371184926
748,4.4961667,5.086544771147286,-0.5903780711472866
749,4.512452,5.097263832431073,-0.5848118324310736
750,4.5271225,5.107077953042051,-0.579955453042051
751,4.5386624,5.116693344650154,-0.5780309446501546
752,4.5478387,5.127390168956779,-0.5795514689567796
753,4.555709,5.136669842626698,-0.5809608426266974
754,4.5625663,5.144904889711272,-0.5823385897112718
755,4.5683203,5.152626912301257,-0.5843066123012575
756,4.574729,5.160856148131497,-0.5861271481314976
757,4.5799017,5.169265057930986,-0.5893633579309858
758,4.5848064,5.177959176591255,-0.5931527765912552
759,4.5940533,5.186712715520817,-0.5926594155208171
760,4.6041985,5.196001649735754,-0.5918031497357541
761,4.6151676,5.205944129383038,-0.5907765293830378
762,4.626899,5.214552087240163,-0.5876530872401631
763,4.63933,5.22315299373452,-0.5838229937345201
764,4.6523995,5.231383129923762,-0.5789836299237621
765,4.6660457,5.2409801498702935,-0.5749344498702937
766,4.680207,5.251695998174406,-0.5714889981744058
767,4.69482,5.2607761165620275,-0.5659561165620275
768,4.7098246,5.2692875758449285,-0.5594629758449283
769,4.725158,5.273973649063122,-0.5488156490631217
770,4.7407584,5.278924998915629,-0.5381665989156295
771,4.7565637,5.282166775766801,-0.5256030757668011
772,4.7725115,5.286061729748738,-0.5135502297487378
773,4.788541,5.290395996521152,-0.5018549965211516
774,4.8045893,5.29186467525056,-0.48727537525055986
775,4.8205957,5.292674756527468,-0.47207905652746796
776,4.836497,5.293962143712054,-0.4574651437120547
777,4.852232,5.297637318341782,-0.4454053183417823
778,4.8677387,5.299937293717046,-0.43219859371704583
779,4.882955,5.2979812817394905,-0.4150262817394905
780,4.897819,5.29501488862575,-0.39719588862574984
781,4.912269,5.291820971600964,-0.37955197160096343
782,4.926243,5.2881014736479734,-0.3618584736479731
783,4.939679,5.284065437414729,-0.3443864374147294
784,4.952515,5.279458982364216,-0.32694398236421574
785,4.9646893,5.27342111279378,-0.3087318127937797
786,4.97614,5.2664631055629,-0.29032310556289964
787,4.986805,5.258997845965403,-0.27219284596540305
788,4.9966226,5.251715757697696,-0.25509315769769536
789,5.005531,5.244010295718315,-0.2384792957183146
790,5.0134673,5.23483387105874,-0.22136657105873958
791,5.020371,5.225346119937187,-0.20497511993718742
792,5.0261793,5.214961804327846,-0.18878250432784593
793,5.0308304,5.204372880580491,-0.17354248058049127
794,5.0342627,5.193548917639225,-0.15928621763922468
795,5.0364137,5.182616416943483,-0.14620271694348297
796,5.0362473,5.173570924246154,-0.13732362424615374
797,5.0320764,5.166558878607185,-0.1344824786071852
798,5.011494,5.1613230333256155,-0.1498290333256156
799,4.9747643,5.152674722763247,-0.17791042276324642
800,4.930781,5.1407033474624635,-0.20992234746246385
801,4.877154,5.130867592333027,-0.25371359233302737
802,4.8087945,5.12333189407994,-0.31453739407993986
803,4.735369,5.1137184719492,-0.37834947194919977
804,4.664382,5.1057080021828245,-0.4413260021828247
805,4.602366,5.097190935810726,-0.4948249358107262
806,4.552376,5.0881124653496475,-0.5357364653496477
807,4.511823,5.079810925335552,-0.5679879253355526
808,4.477668,5.082384109284883,-0.6047161092848823
809,4.4467826,5.081032332274209,-0.6342497322742089
810,4.421786,5.076807869194525,-0.6550218691945249
811,4.4016395,5.074128239080291,-0.6724887390802907
812,4.389908,5.073611707992787,-0.6837037079927866
813,4.3872476,5.06801430646543,-0.6807667064654295
814,4.3933225,5.060738577500911,-0.6674160775009108
815,4.407937,5.054298871120403,-0.6463618711204022
816,4.432383,5.048133947908269,-0.6157509479082695
817,4.4644504,5.042326780640999,-0.5778763806409994
818,4.5002856,5.039680678311615,-0.5393950783116148
819,4.5292273,5.037406110201569,-0.508178810201569
820,4.537564,5.033991494391865,-0.49642749439186495
821,4.5234714,5.030782100274917,-0.5073107002749166
822,4.496655,5.030342345051212,-0.5336873450512121
823,4.4669952,5.030033652278505,-0.563038452278505
824,4.444287,5.0284837095737505,-0.5841967095737504
825,4.43122,5.02541100247309,-0.5941910024730905
826,4.429925,5.02156064997163,-0.5916356499716304
827,4.4381127,5.017630698608595,-0.579517998608595
828,4.455077,5.015186837289218,-0.5601098372892181
829,4.4818335,5.013272097832307,-0.5314385978323077
830,4.5124307,5.01037543216715,-0.4979447321671495
831,4.5482025,5.00746294769174,-0.45926044769173924
832,4.585265,5.004623355874,-0.4193583558740004
833,4.621509,5.002635267393179,-0.3811262673931797
834,4.653221,5.000298316665044,-0.34707731666504404
835,4.6650753,4.997076393736565,-0.33200109373656517
836,4.6755304,4.995429168442258,-0.3198987684422576
837,4.686198,4.9940105045799505,-0.30781250457995046
838,4.697057,4.990977432610608,-0.29392043261060774
839,4.708084,4.989273156156245,-0.28118915615624474
840,4.719259,4.987158001788102,-0.267899001788102
841,4.7305593,4.984019333992665,-0.25346003399266426
842,4.7419634,4.981167460867366,-0.23920406086736534
843,4.7534504,4.977356056327281,-0.22390565632728077
844,4.7649975,4.973214469429687,-0.20821696942968693
845,4.7765837,4.969427722517588,-0.1928440225175878
846,4.788187,4.9666568888010865,-0.17846988880108672
847,4.799786,4.965001047697548,-0.16521504769754802
848,4.8113585,4.967241216802102,-0.1558827168021022
849,4.822883,4.968469617505732,-0.14558661750573165
850,4.8343387,4.971018034578828,-0.13667933457882775
851,4.845702,4.978439004784825,-0.13273700478482464
852,4.856953,4.9781863015304815,-0.12123330153048162
853,4.868069,4.974323562271295,-0.10625456227129515
854,4.879029,4.971931620099503,-0.0929026200995029
855,4.8898106,4.968472765335957,-0.07866216533595694
856,4.9003925,4.965856910653601,-0.06546441065360131
857,4.910753,4.966298881673245,-0.055545881673245034
858,4.9208703,4.9670862883002505,-0.04621598830025064
859,4.930722,4.968885553420592,-0.03816355342059197
860,4.940288,4.970517934808374,-0.030229934808374104
861,4.949546,4.970444313732885,-0.020898313732884866
862,4.958473,4.970263151132326,-0.01179015113232662
863,4.967049,4.970847356202754,-0.0037983562027541495
864,4.9752517,4.972462486116311,0.0027892138836893565
865,4.9830594,4.9729583064778735,0.010101093522126625
866,4.99045,4.9743920327511075,0.016057967248892524
867,4.9974027,4.976059455021475,0.021343244978525355
868,5.003895,4.978707450579919,0.025187549420080835
869,5.009905,4.982750192969559,0.02715480703044104
870,5.015412,4.98736149497901,0.028050505020990713
871,5.0203934,4.991967123019839,0.02842627698016109
872,5.024828,4.9980503004158345,0.02677769958416576
873,5.028694,5.005991990412142,0.022702009587857397
874,5.031926,5.012359869734445,0.019566130265554982
875,5.0345845,5.017035030372085,0.017549469627915038
876,5.036628,5.020059784322425,0.016568215677575715
877,5.0380163,5.023822792786766,0.014193507213233758
878,5.0387316,5.026520471178437,0.012211128821562944
879,5.0342603,5.028934930467703,0.005325369532296342
880,5.0347376,5.03071926655086,0.0040183334491397105
881,5.024203,5.033313677661899,-0.00911067766189877
882,5.009931,5.033673900871184,-0.023742900871184247
883,4.9924903,5.032159966981359,-0.039669666981358986
884,4.979889,5.034133429821095,-0.0542444298210949
885,4.9796,5.037128317383915,-0.05752831738391517
886,4.94482,5.037234950746898,-0.09241495074689787
887,4.9262357,5.037867336307133,-0.11163163630713235
888,4.902555,5.038261070142412,-0.13570607014241176
889,4.8787665,5.037895988838572,-0.15912948883857148
890,4.8572116,5.035781774234749,-0.17857017423474897
891,4.8469443,5.033101405998616,-0.18615710599861668
892,4.846462,5.031931147131763,-0.1854691471317631
893,4.843362,5.030628887357867,-0.18726688735786734
894,4.827105,5.029245758374053,-0.20214075837405243
895,4.821543,5.027260173767705,-0.20571717376770504
896,4.813556,5.026480714709802,-0.21292471470980168
897,4.804272,5.025506997333776,-0.2212349973337755
898,4.7983356,5.02360287495593,-0.22526727495593057
899,4.7981467,5.020815054416873,-0.22266835441687238
900,4.80106,5.019057612064445,-0.2179976120644449
901,4.801578,5.018897124807716,-0.21731912480771598
902,4.801043,5.018715554339449,-0.21767255433944932
903,4.801797,5.017841384339166,-0.21604438433916595
904,4.8075433,5.022436356871156,-0.21489305687115579
905,4.8132544,5.025006491755332,-0.21175209175533194
906,4.815673,5.022287794304103,-0.20661479430410257
907,4.8208423,5.020293298635124,-0.1994509986351245
908,4.8273826,5.018363275039129,-0.1909806750391292
909,4.8355365,5.016525588655851,-0.18098908865585095
910,4.8445444,5.0166293855701625,-0.17208498557016227
911,4.8523507,5.015795413624028,-0.16344471362402846
912,4.8599267,5.015242980576099,-0.15531628057609925
913,4.8668356,5.015343897489757,-0.1485082974897569
914,4.881594,5.017706365943521,-0.1361123659435215
915,4.897329,5.020638647962715,-0.12330964796271537
916,4.913082,5.0222113918715685,-0.10912939187156834
917,4.928816,5.023575199294891,-0.09475919929489063
918,4.944493,5.024830320957563,-0.08033732095756374
919,4.9600744,5.026869728696207,-0.06679532869620708
920,4.9755225,5.030142910314596,-0.054620410314595524
921,4.990799,5.032157249933921,-0.04135824993392134
922,5.0058656,5.033965460848023,-0.028099860848023184
923,5.0206842,5.035522037199428,-0.014837837199427995
924,5.035217,5.050278940569828,-0.01506194056982757
925,5.0494256,5.06496586551628,-0.015540265516279739
926,5.063272,5.0666533196464965,-0.003381319646496017
927,5.0767183,5.0676624583412515,0.009055841658748065
928,5.0897255,5.068477296209746,0.02124820379025394
929,5.102257,5.069251392423638,0.03300560757636184
930,5.1142735,5.069824748333302,0.044448751666698705
931,5.125737,5.073352438750458,0.05238456124954194
932,5.1366096,5.087302723845421,0.04930687615457874
933,5.1468534,5.099571967823433,0.04728143217656733
934,5.1564302,5.100356629221827,0.056073570778172765
935,5.1653013,5.100152292329133,0.0651490076708674
936,5.1734295,5.09839277728883,0.0750367227111699
937,5.180776,5.09610855363566,0.08466744636433976
938,5.187303,5.093315369625199,0.09398763037480062
939,5.192972,5.09377304914885,0.09919895085115016
940,5.197746,5.094525538242155,0.1032204617578456
941,5.2015853,5.091789910780346,0.10979538921965393
942,5.204453,5.091493855168114,0.11295914483188607
943,5.2063103,5.103504490946696,0.10280580905330439
944,5.2071195,5.115962711419768,0.09115678858023202
945,5.1778293,5.11600746551968,0.06182183448031964
946,5.124494,5.115726748345829,0.008767251654171027
947,5.0592685,5.11481098696501,-0.05554248696500963
948,4.990287,5.113849444643523,-0.12356244464352262
949,4.925237,5.113660363848051,-0.18842336384805058
950,4.867419,5.112929737217974,-0.24551073721797412
951,4.819423,5.112447335988848,-0.29302433598884825
952,4.7818885,5.111343227777672,-0.32945472777767204
953,4.756753,5.111737410927833,-0.35498441092783306
954,4.7387533,5.113414976322294,-0.37466167632229386
955,4.7275443,5.114252351848136,-0.38670805184813606
956,4.7188535,5.113563539366133,-0.39471003936613336
957,4.711479,5.112751702043976,-0.40127270204397636
958,4.706086,5.111218112985925,-0.40513211298592466
959,4.6964984,5.109786054759735,-0.41328765475973483
960,4.6890845,5.109135623666179,-0.42005112366617947
961,4.683502,5.108445545909019,-0.42494354590901917
962,4.6812973,5.108695943050326,-0.42739864305032604
963,4.682397,5.106801779185998,-0.4244047791859984
964,4.68848,5.107387676781799,-0.4189076767817985
965,4.6981864,5.1082961110840825,-0.41010971108408256
966,4.7140546,5.105335834743662,-0.39128123474366205
967,4.734519,5.102772964836598,-0.36825396483659834
968,4.757999,5.1001034967669625,-0.34210449676696264
969,4.7807474,5.097368454751616,-0.31662105475161617
970,4.801383,5.093519254053311,-0.292136254053311
971,4.816718,5.088584641900141,-0.2718666419001412
972,4.8292966,5.085616223964068,-0.2563196239640675
973,4.8405786,5.08471795273469,-0.24413935273469
974,4.849705,5.083567191737944,-0.23386219173794398
975,4.8583417,5.080031658346791,-0.22168995834679084
976,4.8651757,5.074938212036845,-0.20976251203684537
977,4.8708487,5.072073190524627,-0.201224490524627
978,4.875717,5.067004226026289,-0.19128722602628923
979,4.877265,5.0633309492130545,-0.18606594921305408
980,4.874494,5.058433143747043,-0.18393914374704234
981,4.86882,5.053626740798218,-0.18480674079821746
982,4.859629,5.049718355914539,-0.19008935591453913
983,4.84563,5.045259038528501,-0.1996290385285011
984,4.8265967,5.04229367683537,-0.21569697683537026
985,4.808063,5.038318455334036,-0.2302554553340359
986,4.800291,5.0331701947094905,-0.2328791947094908
987,4.801303,5.028744226778566,-0.22744122677856637
988,4.803093,5.025021440360809,-0.22192844036080928
989,4.805632,5.021731566017725,-0.21609956601772495
990,4.8088913,5.018694592769268,-0.20980329276926835
991,4.812842,5.01622441284244,-0.20338241284243974
992,4.8174543,5.015107486518398,-0.1976531865183988
993,4.8227005,5.016416621751551,-0.19371612175155128
994,4.8285503,5.019955173733388,-0.19140487373338821
995,4.8349752,5.021160858995868,-0.18618565899586859
996,4.8419466,5.0205384090778145,-0.17859180907781447
997,4.8494353,5.021133665559933,-0.17169836555993356
998,4.857412,5.023547394328201,-0.1661353943282009
999,4.8658476,5.027096586434136,-0.16124898643413577
1000,4.8747134,5.028822546450238,-0.15410914645023777
1001,4.8839808,5.030983168804775,-0.1470023688047748
1002,4.8936205,5.032868040455909,-0.13924754045590948
1003,4.9036026,5.033548390338414,-0.12994579033841358
1004,4.9138985,5.034512292896653,-0.12061379289665286
1005,4.9244804,5.03795479962427,-0.11347439962426975
1006,4.9353185,5.041174048627118,-0.10585554862711799
1007,4.9463835,5.044912281300802,-0.09852878130080267
1008,4.9576473,5.047517838390129,-0.08987053839012926
1009,4.96908,5.051510069424425,-0.08243006942442488
1010,4.980653,5.056012600943601,-0.07535960094360039
1011,4.992337,5.0578123230841605,-0.06547532308416049
1012,5.0041037,5.058213851712176,-0.054110151712175814
1013,5.015923,5.059566937720339,-0.04364393772033903
1014,5.027767,5.061133644466558,-0.03336664446655835
1015,5.039606,5.062773421471132,-0.02316742147113171
1016,5.0514116,5.062956618799843,-0.011545018799843376
1017,5.0631537,5.063426627106057,-0.00027292710605664183
1018,5.074805,5.065113492938412,0.009691507061587501
1019,5.0863347,5.0671453598800635,0.01918934011993656
1020,5.097715,5.068368029392129,0.029346970607870837
1021,5.1089168,5.0690848052067885,0.039831994793211756
1022,5.1199102,5.071739896264748,0.048170303735251885
1023,5.126887,5.074809340210581,0.05207765978941925
1024,5.1281366,5.077805308751952,0.05033129124804869
1025,5.1240005,5.081611487327273,0.04238901267272688
1026,5.1041455,5.083752000499978,0.020393499500021228
1027,5.058198,5.084981819574497,-0.02678381957449716
1028,4.9875445,5.087583793022357,-0.10003929302235637
1029,4.9095697,5.090156050892794,-0.18058635089279473
1030,4.8405905,5.093269996135316,-0.2526794961353156
1031,4.7856727,5.096481993290856,-0.3108092932908555
1032,4.7471957,5.099936049969334,-0.35274034996933423
1033,4.7252054,5.103635039331859,-0.37842963933185914
1034,4.715673,5.111079892875308,-0.3954068928753083
1035,4.717307,5.119080429670465,-0.4017734296704649
1036,4.72635,5.124645599117492,-0.3982955991174917
1037,4.740302,5.129077057944561,-0.388775057944561
1038,4.756668,5.134090869411863,-0.37742286941186265
1039,4.775939,5.14102121911863,-0.36508221911863004
1040,4.7969947,5.148006409037141,-0.35101170903714074
1041,4.818619,5.152760580239723,-0.33414158023972274
1042,4.837415,5.158366143557642,-0.3209511435576422
1043,4.8561893,5.163262477429775,-0.3070731774297757
1044,4.8720617,5.169267711224793,-0.2972060112247936
1045,4.887719,5.173785789012084,-0.28606678901208404
1046,4.9029593,5.179658234924433,-0.27669893492443265
1047,4.92047,5.18691681570547,-0.26644681570547046
1048,4.9380426,5.194440258387458,-0.2563976583874581
1049,4.954193,5.199187225935215,-0.2449942259352147
1050,4.970191,5.202670534628911,-0.23247953462891147
1051,4.9868217,5.212101646583583,-0.22527994658358264
1052,5.0024304,5.2181746755949066,-0.21574427559490683
1053,5.0193186,5.221692016595966,-0.2023734165959663
1054,5.0368524,5.223842966227341,-0.18699056622734123
1055,5.0553207,5.2271649103233235,-0.1718442103233233
1056,5.070595,5.228496974382544,-0.15790197438254427
1057,5.087727,5.227758887367216,-0.14003188736721572
1058,5.102006,5.22954054567401,-0.1275345456740098
1059,5.11774,5.230887663788167,-0.11314766378816632
1060,5.1312943,5.229685471331714,-0.0983911713317136
1061,5.1451135,5.230040610409416,-0.08492711040941625
1062,5.1586633,5.228391617490898,-0.06972831749089803
1063,5.1703806,5.2247621919044,-0.054381591904400395
1064,5.180796,5.2212394546686305,-0.04044345466863053
1065,5.186677,5.217995564127808,-0.03131856412780731
1066,5.184932,5.215005043255322,-0.030073043255321785
1067,5.17613,5.210723750215649,-0.0345937502156497
1068,5.176166,5.205640370397347,-0.029474370397347016
1069,5.176237,5.200273531367877,-0.024036531367876535
1070,5.17634,5.194600930917806,-0.01826093091780656
1071,5.176473,5.1886664854938465,-0.0121934854938468
1072,5.1766334,5.182468026204089,-0.0058346262040887
1073,5.176819,5.175684240282661,0.0011347597173392288
1074,5.177027,5.168392675712502,0.008634324287497996
1075,5.1772566,5.1611403580897495,0.016116241910250295
1076,5.177504,5.153893567968776,0.023610432031223816
1077,5.177768,5.145730000333301,0.03203799966669951
1078,5.1780457,5.137280690854383,0.04076500914561709
1079,5.1783347,5.127830412870104,0.050504287129895964
1080,5.1786327,5.118623913190125,0.06000878680987487
1081,5.178938,5.109557546592933,0.06938045340706633
1082,5.179248,5.100163411985167,0.0790845880148332
1083,5.17956,5.090678187644213,0.08888181235578774
1084,5.1798725,5.080560331814049,0.09931216818595079
1085,5.1801825,5.070880151677212,0.10930234832278796
1086,5.180488,5.06317908801919,0.11730891198081039
1087,5.180787,5.056218236563304,0.1245687634366952
1088,5.181077,5.047193376322355,0.1338836236776455
1089,5.1813555,5.038801599400669,0.1425539005993306
1090,5.1816206,5.033567976815923,0.14805262318407664
1091,5.1818695,5.029386488467835,0.1524830115321656
1092,5.1821003,5.021894405239635,0.16020589476036484
1093,5.1823106,5.015319548809739,0.16699105119026125
1094,5.1824985,5.008779204896641,0.1737192951033597
1095,5.1826606,5.004929896465707,0.17773070353429343
1096,5.182796,4.999938560590508,0.18285743940949217
1097,5.1829014,4.998619662769985,0.18428173723001517
1098,5.1829753,4.995785972826853,0.1871893271731464
1099,5.183015,4.991940763175214,0.19107423682478597
1100,5.1828427,4.987943529850224,0.19489917014977642
1101,5.1776767,4.984489955337002,0.1931867446629978
1102,5.1724973,4.980398288861251,0.19209901113874928
1103,5.1656427,4.977779634922973,0.18786306507702744
1104,5.1543937,4.976364781310098,0.17802891868990223
1105,5.1388245,4.975908944077275,0.16291555592272555
1106,5.115268,4.974219960977147,0.141048039022853
1107,5.0861936,4.971681440289271,0.11451215971072859
1108,5.0520334,4.968808028998918,0.08322537100108196
1109,5.0155005,4.966278510756335,0.04922198924366494
1110,4.977259,4.964493351058879,0.0127656489411212
1111,4.9454412,4.969524081181436,-0.02408288118143531
1112,4.9268546,4.972081473978776,-0.045226873978776005
1113,4.9186435,4.97169042384278,-0.0530469238427802
1114,4.917979,4.969553672367519,-0.05157467236751945
1115,4.9191275,4.9684451127717955,-0.04931761277179536
1116,4.9152656,4.9677150711199225,-0.05244947111992282
1117,4.9024744,4.964329543456225,-0.061855143456225115
1118,4.882758,4.961608375781351,-0.07885037578135101
1119,4.863775,4.959314109567697,-0.09553910956769673
1120,4.849215,4.959948420194223,-0.11073342019422316
1121,4.8386045,4.9578042451787665,-0.11919974517876675
1122,4.830674,4.958515610862406,-0.12784161086240609
1123,4.828233,4.959840978147117,-0.1316079781471169
1124,4.8301163,4.957075454702736,-0.12695915470273533
1125,4.8348913,4.954859143069177,-0.11996784306917707
1126,4.8404627,4.953322348728606,-0.11285964872860621
1127,4.845205,4.953154560457511,-0.10794956045751114
1128,4.8526053,4.955094770204196,-0.10248947020419674
1129,4.861869,4.955825509286892,-0.09395650928689125
1130,4.8754067,4.957648198664648,-0.08224149866464803
1131,4.888819,4.961611923034019,-0.07279292303401963
1132,4.905898,4.962616345210098,-0.056718345210098775
1133,4.9242783,4.964717740128352,-0.040439440128351656
1134,4.943952,4.965851485184804,-0.02189948518480378
1135,4.9620185,4.971163550604555,-0.009145050604554505
1136,4.9787717,4.9750243779768155,0.0037473220231847293
1137,4.993088,4.978159727592416,0.014928272407583876
1138,5.0034366,4.9826704549226895,0.020766145077310227
1139,5.012156,4.985459607245993,0.02669639275400737
1140,5.0166492,4.987402505616067,0.029246694383933125
1141,5.0212655,4.990950812366996,0.03031468763300449
1142,5.0265236,4.9949267190921205,0.03159688090787949
1143,5.031631,4.997989919660106,0.0336410803398941
1144,5.03659,5.003381226040641,0.03320877395935895
1145,5.0414033,5.006466596805803,0.03493670319419717
1146,5.0460734,5.009970594527055,0.036102805472944866
1147,5.050603,5.012073718876813,0.03852928112318654
1148,5.0549946,5.015728508689245,0.03926609131075498
1149,5.0592504,5.0272783000925525,0.031972099907447316
1150,5.063373,5.0345909855337245,0.028782014466275818
1151,5.067365,5.03706715724265,0.030297842757349258
1152,5.0712295,5.0393865387114944,0.03184296128850583
1153,5.074968,5.0391259481491195,0.03584205185088063
1154,5.0785832,5.038008375780857,0.040574824219143046
1155,5.0820785,5.03722017411086,0.044858325889139294
1156,5.0854554,5.0368336442914545,0.04862175570854532
1157,5.088717,5.037147271147421,0.05156972885257893
1158,5.0918655,5.037089788540695,0.05477571145930504
1159,5.0949035,5.036160487820261,0.05874301217973876
1160,5.0978336,5.0374248998685065,0.06040870013149391
1161,5.100658,5.04488325820683,0.055774741793170435
1162,5.1033797,5.052014058627579,0.05136564137242061
1163,5.106001,5.050808137542507,0.055192862457492886
1164,5.1085243,5.05018841147893,0.058335888521069634
1165,5.110952,5.050125686736375,0.06082631326362531
1166,5.113287,5.05034388416614,0.06294311583385959
1167,5.115532,5.0509762396213445,0.06455576037865551
1168,5.1176887,5.05217991020613,0.06550878979387065
1169,5.11976,5.055303198817374,0.06445680118262587
1170,5.121749,5.062827642993802,0.058921357006198605
1171,5.123657,5.070462732965692,0.05319426703430796
1172,5.1240573,5.077424968736207,0.04663233126379218
1173,5.1116138,5.083164239762014,0.02844956023798595
1174,5.0774198,5.088523783357469,-0.01110398335746865
1175,5.030453,5.094582220724877,-0.06412922072487781
1176,4.986511,5.1022996616218785,-0.1157886616218784
1177,4.9534965,5.11054729022432,-0.15705079022431967
1178,4.9296527,5.119913922869124,-0.19026122286912361
1179,4.916787,5.12762869316929,-0.21084169316928936
1180,4.9139175,5.137566388127616,-0.22364888812761574
1181,4.918424,5.148591703483646,-0.23016770348364624
1182,4.9277444,5.156605849298496,-0.2288614492984964
1183,4.941302,5.1631469637406715,-0.2218449637406712
1184,4.955584,5.172668932345773,-0.21708493234577286
1185,4.968365,5.182920769355757,-0.2145557693557567
1186,4.978947,5.195871597578022,-0.2169245975780223
1187,4.987953,5.216860809815257,-0.22890780981525705
1188,4.994764,5.2319438518691195,-0.2371798518691195
1189,4.9993243,5.247685187311889,-0.24836088731188966
1190,5.001369,5.252348786764679,-0.25097978676467836
1191,5.0023565,5.265247686121283,-0.2628911861212826
1192,5.0084305,5.26996123834728,-0.2615307383472798
1193,5.0098825,5.273187304134068,-0.2633048041340684
1194,5.021064,5.275597788056116,-0.2545337880561158
1195,5.035459,5.278151399288115,-0.24269239928811448
1196,5.050923,5.280458778882529,-0.22953577888252852
1197,5.06684,5.280838345824645,-0.2139983458246446
1198,5.0778494,5.282855160642434,-0.20500576064243425
1199,5.088401,5.283860442791944,-0.19545944279194405
1200,5.095154,5.282380741404508,-0.18722674140450835
1201,5.0984445,5.281892049677501,-0.183447549677501
1202,5.102361,5.28089707647034,-0.17853607647033964
1203,5.1059866,5.2783499382410275,-0.1723633382410279
1204,5.1071124,5.2760832529119766,-0.16897085291197644
1205,5.105741,5.274942310996767,-0.16920131099676716
1206,5.106869,5.273840648715471,-0.16697164871547177
1207,5.11041,5.2711059654583305,-0.16069596545833065
1208,5.1135764,5.26824741366518,-0.15467101366517966
1209,5.1199026,5.265821264339209,-0.14591866433920941
1210,5.126441,5.263456388521648,-0.13701538852164852
1211,5.125207,5.261136962025749,-0.1359299620257497
1212,5.109837,5.258878266863365,-0.1490412668633656
1213,5.0810504,5.256323990427117,-0.17527359042711765
1214,5.039603,5.253719170430857,-0.21411617043085762
1215,4.988833,5.251389001381464,-0.26255600138146473
1216,4.9592752,5.249767643949607,-0.2904924439496064
1217,4.9592853,5.2489728160946605,-0.28968751609466015
1218,4.9593167,5.249063305177303,-0.289746605177303
1219,4.9593797,5.251775380232219,-0.29239568023221896
1220,4.959485,5.253415039942263,-0.2939300399422633
1221,4.9596434,5.253123735993653,-0.2934803359936531
1222,4.959866,5.2522562205848216,-0.29239022058482167
1223,4.960163,5.2501094174426495,-0.2899464174426498
1224,4.9605455,5.247545814631675,-0.2870003146316744
1225,4.9610248,5.245835591153263,-0.28481079115326313
1226,4.9616103,5.245220083270611,-0.28360978327061037
1227,4.9623137,5.242971107791194,-0.2806574077911934
1228,4.9631457,5.241076957164524,-0.27793125716452405
1229,4.9641166,5.237918014325222,-0.27380141432522276
1230,4.9652376,5.236880937702591,-0.2716433377025913
1231,4.9665194,5.240653132918941,-0.2741337329189406
1232,4.9679728,5.241439775249306,-0.2734669752493062
1233,4.969608,5.2387124834933445,-0.2691044834933445
1234,4.971436,5.234006227172425,-0.26257022717242506
1235,4.9734683,5.229162824403219,-0.2556945244032187
1236,4.9757147,5.226828168022346,-0.25111346802234547
1237,4.9781866,5.224882814895878,-0.246696214895878
1238,4.980894,5.221350355761953,-0.24045635576195323
1239,4.9838486,5.216121222680431,-0.2322726226804308
1240,4.9870605,5.216382211451192,-0.22932171145119185
1241,4.9905405,5.21450721874599,-0.2239667187459906
1242,4.9942994,5.212486130782665,-0.21818673078266482
1243,4.998348,5.213097794931744,-0.21474979493174384
1244,5.0026975,5.2060643062029985,-0.20336680620299852
1245,5.0073576,5.199085526951525,-0.19172792695152552
1246,5.01234,5.192563701484199,-0.18022370148419942
1247,5.0176554,5.185711321017001,-0.16805592101700118
1248,5.023314,5.182685407046114,-0.1593714070461143
1249,5.0293264,5.17877998109628,-0.14945358109627982
1250,5.0357046,5.170569661244277,-0.13486506124427677
1251,5.042458,5.164433020342342,-0.12197502034234198
1252,5.049598,5.158560807184995,-0.10896280718499529
1253,5.057135,5.149844246738513,-0.09270924673851333
1254,5.065079,5.140402879705306,-0.07532387970530596
1255,5.0734434,5.130824990959612,-0.05738159095961137
1256,5.082237,5.121881750616125,-0.039644750616124824
1257,5.0914702,5.111364228901457,-0.019894028901457084
1258,5.101155,5.10516222860473,-0.0040072286047294625
1259,5.1113014,5.099309238682672,0.011992161317328609
1260,5.122147,5.088442313310225,0.03370468668977544
1261,5.1332593,5.080143174780358,0.05311612521964193
1262,5.144866,5.072191271103319,0.0726747288966818
1263,5.1569777,5.060662394330246,0.0963153056697541
1264,5.213463,5.0481407672358065,0.16532223276419344
1265,5.236279,5.0356152733001185,0.2006637266998812
1266,5.2210684,5.02339246841269,0.19767593158730978
1267,5.200103,5.010517215051968,0.18958578494803202
1268,5.1703796,4.997877554354551,0.1725020456454498
1269,5.1210914,4.984185675185916,0.13690572481408392
1270,5.04623,4.970635102970522,0.07559489702947886
1271,4.952991,4.955996501176207,-0.003005501176207126
1272,4.852343,4.94142831252324,-0.08908531252324003
1273,4.7546387,4.925287770952706,-0.17064907095270598
1274,4.664021,4.909126387940477,-0.24510538794047676
1275,4.580746,4.890571472757804,-0.3098254727578036
1276,4.505491,4.87283112752718,-0.3673401275271795
1277,4.4349737,4.854198373475671,-0.4192246734756715
1278,4.367835,4.835126319296756,-0.4672913192967556
1279,4.29937,4.815012619174395,-0.515642619174395
1280,4.2310705,4.794705126485681,-0.5636346264856806
1281,4.1646533,4.7793496148253585,-0.6146963148253581
1282,4.101216,4.766535763869568,-0.6653197638695678
1283,4.040775,4.74787404454999,-0.7070990445499898
1284,3.98447,4.729663545676487,-0.7451935456764867
1285,3.9323556,4.710901299346349,-0.7785456993463491
1286,3.8841999,4.69240162381587,-0.8082017238158703
1287,3.8399494,4.67510850761529,-0.83515910761529
1288,3.799519,4.659214254646581,-0.8596952546465806
1289,3.7625275,4.644080008908897,-0.8815525089088974
1290,3.727322,4.62883756286464,-0.9015155628646401
1291,3.6907709,4.614661056668352,-0.9238901566683517
1292,3.6842177,4.599566410934045,-0.9153487109340452
1293,3.68921,4.58500213186936,-0.89579213186936
1294,3.697293,4.571756245712177,-0.8744632457121773
1295,3.7082334,4.559702286236211,-0.8514688862362112
1296,3.7217972,4.54854232583709,-0.8267451258370899
1297,3.7377508,4.537908303556503,-0.8001575035565032
1298,3.7558599,4.527635622150262,-0.7717757221502621
1299,3.775891,4.518776442892918,-0.7428854428929177
1300,3.79761,4.511636635348261,-0.7140266353482612
1301,3.820783,4.506638519555343,-0.6858555195553433
1302,3.8451765,4.505483952025399,-0.6603074520253989
1303,3.8705564,4.5043721732040325,-0.6338157732040326
1304,3.896689,4.50093016641309,-0.60424116641309
1305,3.92334,4.498396050029608,-0.5750560500296076
1306,3.9502761,4.4983160494718,-0.5480399494718
1307,3.977263,4.498786956422347,-0.5215239564223464
1308,4.0040674,4.498515927468884,-0.4944485274688839
1309,4.030455,4.4998347488624555,-0.4693797488624556
1310,4.0561924,4.505176558157255,-0.44898415815725556
1311,4.0810447,4.514882184860487,-0.43383748486048734
1312,4.104779,4.522652906725607,-0.41787390672560765
1313,4.1271615,4.529424770129796,-0.40226327012979635
1314,4.147958,4.5375632319528645,-0.38960523195286445
1315,4.1669345,4.545838106337751,-0.3789036063377509
1316,4.1838574,4.55551787649271,-0.3716604764927096
1317,4.1984925,4.564692832885984,-0.36620033288598375
1318,4.2106066,4.574029850776339,-0.3634232507763384
1319,4.2199655,4.592074391443973,-0.37210889144397274
1320,4.226335,4.615453292166209,-0.3891182921662093
1321,4.2294817,4.638797314805487,-0.40931561480548684
1322,4.225207,4.663425557756587,-0.4382185577565867
1323,4.213223,4.683895642983111,-0.47067264298311073
1324,4.2023034,4.699807573716339,-0.49750417371633926
1325,4.195915,4.721823643047978,-0.5259086430479778
1326,4.1781573,4.7467617954767505,-0.5686044954767508
1327,4.169811,4.7595636655000035,-0.5897526655000034
1328,4.16893,4.784142410029751,-0.6152124100297511
1329,4.1774826,4.809526682300448,-0.6320440823004478
1330,4.1925745,4.823175669577939,-0.6306011695779388
1331,4.2224936,4.837042105557051,-0.6145485055570514
1332,4.242591,4.851948239043821,-0.6093572390438213
1333,4.2589364,4.865518788726425,-0.6065823887264257
1334,4.2734747,4.880118614661667,-0.6066439146616665
1335,4.288671,4.900547414513341,-0.6118764145133415
1336,4.305047,4.922232207421342,-0.6171852074213415
1337,4.3246775,4.949749529617742,-0.6250720296177423
1338,4.3471875,4.977179806520956,-0.6299923065209558
1339,4.3740606,4.998697505371686,-0.6246369053716858
1340,4.4037347,5.017675220502717,-0.6139405205027169
1341,4.4334607,5.037694458144057,-0.6042337581440567
1342,4.464291,5.063841439504763,-0.599550439504763
1343,4.4961524,5.077415663807488,-0.5812632638074886
1344,4.5266385,5.090970163044664,-0.5643316630446646
1345,4.5557914,5.106178285724803,-0.5503868857248024
1346,4.581859,5.120873832793616,-0.5390148327936162
1347,4.6063232,5.133468708056656,-0.5271455080566554
1348,4.6285477,5.14596810508232,-0.5174204050823192
1349,4.648564,5.15838649635658,-0.5098224963565796
1350,4.6667447,5.168208151444698,-0.5014634514446978
1351,4.6836143,5.177514025925224,-0.4938997259252238
1352,4.6993933,5.186400795767262,-0.4870074957672621
1353,4.7057977,5.194805453113331,-0.48900775311333167
1354,4.683708,5.202641588856067,-0.5189335888560667
1355,4.608758,5.2100177775890515,-0.6012597775890516
1356,4.4995337,5.21767887523613,-0.7181451752361303
1357,4.38842,5.224425514142979,-0.836005514142979
1358,4.293308,5.230362237212067,-0.9370542372120676
1359,4.221226,5.235724073012098,-1.0144980730120983
1360,4.169355,5.240558371699278,-1.0712033716992773
1361,4.137908,5.246107381665303,-1.1081993816653029
1362,4.1190405,5.251556313129881,-1.1325158131298814
1363,4.104866,5.282097280571441,-1.1772312805714407
1364,4.0963864,5.31060878122222,-1.2142223812222195
1365,4.096015,5.310311153623745,-1.2142961536237449
1366,4.103921,5.310451834743807,-1.2065308347438073
1367,4.1343284,5.3112911292223295,-1.1769627292223293
1368,4.0673623,5.311802437018806,-1.244440137018806
1369,4.0350795,5.317270335541035,-1.2821908355410345
1370,4.0875893,5.32477850130042,-1.2371892013004198
1371,4.143655,5.3274070608966255,-1.1837520608966257
1372,4.1963673,5.328663693124505,-1.1322963931245047
1373,4.245825,5.329006036881136,-1.083181036881136
1374,4.2921267,5.3299647915900055,-1.0378380915900056
1375,4.3353715,5.331412867883822,-0.996041367883822
1376,4.3756595,5.334135243752875,-0.9584757437528744
1377,4.413088,5.338443511243354,-0.925355511243354
1378,4.447757,5.339488265463384,-0.8917312654633838
1379,4.4797645,5.338291015222403,-0.8585265152224029
1380,4.5092096,5.337023058412016,-0.8278134584120158
1381,4.5361924,5.337137024520239,-0.8009446245202394
1382,4.5608106,5.3424951491300945,-0.7816845491300946
1383,4.5831633,5.353277772202243,-0.770114472202243
1384,4.6033497,5.360653131161574,-0.7573034311615743
1385,4.6214685,5.36021984329107,-0.73875134329107
1386,4.637619,5.3605775119762304,-0.7229585119762305
1387,4.6519003,5.361655818233696,-0.7097555182336954
1388,4.66441,5.358467552416426,-0.6940575524164254
1389,4.6752477,5.352587287703851,-0.6773395877038508
1390,4.6845126,5.344501282206555,-0.6599886822065555
1391,4.6923046,5.33479592023974,-0.6424913202397402
1392,4.6987214,5.32747866901955,-0.62875726901955
1393,4.703862,5.318246660825838,-0.6143846608258379
1394,4.7078257,5.305303208788253,-0.5974775087882529
1395,4.7107105,5.292638732958173,-0.5819282329581732
1396,4.712617,5.280757605771176,-0.568140605771176
1397,4.713642,5.268658441430028,-0.5550164414300278
1398,4.707614,5.256373118026448,-0.5487591180264477
1399,4.6664286,5.241479008631444,-0.5750504086314443
1400,4.6151495,5.230405897737796,-0.6152563977377961
1401,4.56531,5.219853935244829,-0.6545439352448286
1402,4.5211334,5.208018325831608,-0.6868849258316079
1403,4.4912524,5.197122555841728,-0.7058701558417289
1404,4.4723315,5.182439626302774,-0.7101081263027735
1405,4.4609866,5.171561539063302,-0.710574939063302
1406,4.4565463,5.176936413112035,-0.7203901131120345
1407,4.4553995,5.1812244175118325,-0.7258249175118321
1408,4.455804,5.158879475422446,-0.7030754754224464
1409,4.4518695,5.137101581533018,-0.6852320815330177
1410,4.4474554,5.115967876086709,-0.6685124760867094
1411,4.444252,5.095554823694725,-0.6513028236947251
1412,4.44081,5.075936261590999,-0.6351262615909992
1413,4.4388037,5.057183613524813,-0.6183799135248131
1414,4.434667,5.039365569880777,-0.6046985698807772
1415,4.42783,5.022547132092878,-0.5947171320928781
1416,4.417549,5.006789057650209,-0.5892400576502093
1417,4.4016867,4.9921471173804255,-0.5904604173804255
1418,4.382759,4.978670917216116,-0.5959119172161156
1419,4.3648996,4.966402844621337,-0.6015032446213366
1420,4.3532953,4.955377466331933,-0.6020821663319333
1421,4.349374,4.945620965623659,-0.5962469656236591
1422,4.3457184,4.937150774823214,-0.5914323748232144
1423,4.3468485,4.929975458547224,-0.5831269585472239
1424,4.3546515,4.92409456091879,-0.5694430609187897
1425,4.3632007,4.937418137934416,-0.5742174379344158
1426,4.3694983,4.954961296233059,-0.5854629962330593
1427,4.37382,4.961471530407504,-0.5876515304075038
1428,4.375216,4.969232262500675,-0.5940162625006753
1429,4.3755517,4.9776565169184135,-0.6021048169184136
1430,4.375489,4.9884939164028665,-0.6130049164028666
1431,4.376335,5.00121414058598,-0.6248791405859802
1432,4.3796115,5.013777338168385,-0.6341658381683848
1433,4.3873672,5.026277563012612,-0.6389103630126121
1434,4.399799,5.038686578107461,-0.638887578107461
1435,4.4180713,5.049560161786559,-0.6314888617865586
1436,4.4413342,5.058803320768932,-0.6174691207689316
1437,4.4691925,5.067783837201791,-0.5985913372017908
1438,4.498716,5.077022432948918,-0.578306432948918
1439,4.530413,5.086255705895144,-0.5558427058951434
1440,4.560112,5.110494398412053,-0.5503823984120526
1441,4.5805826,5.1432817198891865,-0.5626991198891869
1442,4.590663,5.159433438545668,-0.568770438545668
1443,4.6003923,5.172386839012136,-0.5719945390121355
1444,4.609771,5.184279627514641,-0.5745086275146409
1445,4.618799,5.196368851299269,-0.5775698512992689
1446,4.6274796,5.211577724340634,-0.5840981243406338
1447,4.635812,5.226770407206888,-0.5909584072068883
1448,4.6437974,5.240132952445543,-0.5963355524455425
1449,4.6514378,5.250693165310735,-0.5992553653107349
1450,4.6587334,5.260077486069082,-0.6013440860690817
1451,4.665685,5.270267894346418,-0.604582894346418
1452,4.6722946,5.281545197530796,-0.6092505975307958
1453,4.6785626,5.292597479948032,-0.614034879948032
1454,4.68449,5.303019890538894,-0.6185298905388938
1455,4.6900783,5.312556673059491,-0.6224783730594909
1456,4.6953278,5.320131340239336,-0.6248035402393359
1457,4.70024,5.328573363735021,-0.6283333637350212
1458,4.704816,5.3366556280414725,-0.6318396280414724
1459,4.7090564,5.34286533833831,-0.6338089383383103
1460,4.712962,5.366273190093591,-0.6533111900935911
1461,4.7165346,5.389115603497199,-0.6725810034971991
1462,4.719775,5.393611879422718,-0.6738368794227174
1463,4.722684,5.398036172628642,-0.6753521726286422
1464,4.7252626,5.399897957199636,-0.6746353571996364
1465,4.7275124,5.402709887712192,-0.6751974877121922
1466,4.7294335,5.404489949678072,-0.6750564496780722
1467,4.7310276,5.409416301947543,-0.6783887019475427
1468,4.7322955,5.4140657113216015,-0.6817702113216013
1469,4.733238,5.415273502362532,-0.682035502362532
1470,4.733856,5.415907763893358,-0.6820517638933579
1471,4.734152,5.415912298812623,-0.6817602988126232
1472,4.7321506,5.415817719227633,-0.6836671192276329
1473,4.735234,5.418524035346722,-0.6832900353467215
1474,4.738838,5.422090204153199,-0.6832522041531988
1475,4.74464,5.4292197621766825,-0.684579762176682
1476,4.752148,5.434750448987495,-0.6826024489874953
1477,4.761295,5.441110851212063,-0.6798158512120631
1478,4.771848,5.45319373761068,-0.6813457376106795
1479,4.783114,5.4574390898503875,-0.6743250898503872
1480,4.793346,5.456683934800065,-0.6633379348000652
1481,4.8060184,5.456606511555285,-0.650588111555285
1482,4.8234787,5.454108321841496,-0.6306296218414964
1483,4.832757,5.450719118218261,-0.6179621182182613
1484,4.8428717,5.446847720904729,-0.6039760209047289
1485,4.85053,5.447882805187296,-0.5973528051872963
1486,4.8541117,5.449926156020635,-0.5958144560206353
1487,4.8493085,5.4471401911348085,-0.5978316911348083
1488,4.83678,5.445657931331471,-0.6088779313314712
1489,4.8176465,5.444176945422964,-0.6265304454229632
1490,4.7948904,5.441192037015897,-0.6463016370158972
1491,4.777227,5.438110910765622,-0.6608839107656221
1492,4.765526,5.435678574637082,-0.6701525746370818
1493,4.762012,5.433203885815258,-0.6711918858152579
1494,4.767468,5.429905546884557,-0.6624375468845569
1495,4.7801003,5.426985324701689,-0.6468850247016888
1496,4.7959323,5.423840437341027,-0.6279081373410271
1497,4.816972,5.420449143383311,-0.6034771433833113
1498,4.8378677,5.417844132986387,-0.5799764329863866
1499,4.8563495,5.414900955688243,-0.5585514556882423
1500,4.871059,5.410669371800882,-0.5396103718008822
1501,4.8857684,5.4061233908405075,-0.5203549908405076
1502,4.893581,5.401137777054838,-0.5075567770548375
1503,4.89717,5.395663236892493,-0.49849323689249303
1504,4.8906207,5.389268723053993,-0.4986480230539927
1505,4.8884387,5.382365593946147,-0.4939268939461474
1506,4.8863406,5.375049516427173,-0.4887089164271732
1507,4.8893943,5.367242050175397,-0.47784775017539705
1508,4.8946023,5.358932215184657,-0.46432991518465716
1509,4.8993554,5.349589578745506,-0.45023417874550553
1510,4.90493,5.3394861916020755,-0.43455619160207526
1511,4.9059362,5.32838862366779,-0.42245242366778957
1512,4.906495,5.317077346503777,-0.41058234650377745
1513,4.9079156,5.305393325250915,-0.39747772525091474
1514,4.9101424,5.292444525710405,-0.3823021257104049
1515,4.91314,5.278473433044097,-0.36533343304409716
1516,4.9168725,5.263869200686185,-0.3469967006861845
1517,4.921305,5.248984092992897,-0.32767909299289677
1518,4.926401,5.2336064858272415,-0.3072054858272413
1519,4.9321256,5.2173939879713185,-0.2852683879713185
1520,4.938443,5.2049909427077825,-0.26654794270778215
1521,4.9453177,5.191748657375194,-0.2464309573751935
1522,4.952714,5.175719098721398,-0.22300509872139784
1523,4.9605966,5.159513493281219,-0.1989168932812193
1524,4.96893,5.14190611079705,-0.17297611079705
1525,4.977678,5.123437035681349,-0.14575903568134851
1526,4.986805,5.104359877962319,-0.117554877962319
1527,4.9962764,5.085106919198247,-0.0888305191982468
1528,5.006056,5.0657125509414795,-0.05965655094147948
1529,5.016108,5.046209993219317,-0.030101993219316725
1530,5.0263977,5.026760485755439,-0.00036278575543846614
1531,5.0368886,5.007062388534875,0.02982621146512532
1532,5.0475454,4.9889261203199196,0.05861927968008018
1533,5.058333,4.971183101599801,0.08714989840019882
1534,5.069215,4.952607992124577,0.11660700787542311
1535,5.080157,4.934171141206493,0.145985858793507
1536,5.0911217,4.915665953191948,0.1754557468080522
1537,5.102075,4.897724154067437,0.20435084593256292
1538,5.112981,4.880119959437736,0.23286104056226442
1539,5.123804,4.863007148348555,0.2607968516514445
1540,5.1345086,4.85565887576757,0.2788497242324306
1541,5.1450586,4.848577078292538,0.2964815217074612
1542,5.1554193,4.833655662036453,0.32176363796354757
1543,5.1655545,4.819932857098714,0.3456216429012855
1544,5.175429,4.806863580818062,0.3685654191819383
1545,5.185007,4.795223063350199,0.3897839366498008
1546,5.1942534,4.784654916772272,0.40959848322772796
1547,5.2031317,4.774931831620298,0.4281998683797017
1548,5.211607,4.769091137881909,0.4425158621180909
1549,5.2196436,4.765613833598651,0.45402976640134973
1550,5.227206,4.761416531202204,0.46578946879779615
1551,5.234259,4.757924763296925,0.4763342367030745
1552,5.240766,4.754183994143745,0.48658200585625444
1553,5.246692,4.7513858367727995,0.4953061632272009
1554,5.2520022,4.7482634669728885,0.5037387330271113
1555,5.2566595,4.743556174214603,0.513103325785397
1556,5.2606297,4.738751733768916,0.5218779662310844
1557,5.2638764,4.733810847649597,0.5300655523504032
1558,5.266364,4.730021369774672,0.5363426302253282
1559,5.268058,4.726301284706442,0.5417567152935581
1560,5.2689214,4.720826481950238,0.5480949180497623
1561,5.260269,4.716485240241051,0.5437837597589494
1562,5.2042933,4.711510961799121,0.4927823382008789
1563,5.1512103,4.709227173824117,0.44198312617588265
1564,5.0751038,4.706594886300546,0.36850891369945415
1565,4.9907403,4.701034573194152,0.28970572680584805
1566,4.901718,4.69506625628185,0.2066517437181501
1567,4.8186297,4.6879796718658175,0.13065002813418225
1568,4.736993,4.681879747847244,0.055113252152755976
1569,4.662417,4.674846170746265,-0.01242917074626515
1570,4.5919013,4.665752146522069,-0.07385084652206864
1571,4.5242004,4.656150155678992,-0.13194975567899192
1572,4.4622107,4.645946624043746,-0.18373592404374595
1573,4.3300486,4.638849272774035,-0.30880067277403533
1574,4.2845316,4.63341898754627,-0.34888738754627013
1575,4.2354703,4.6257912503457375,-0.3903209503457372
1576,4.1843023,4.6164644618665225,-0.4321621618665228
1577,4.13267,4.605933932902455,-0.47326393290245505
1578,4.079226,4.598198242612713,-0.5189722426127128
1579,4.0264077,4.590599863499672,-0.5641921634996718
1580,3.968469,4.57876052979322,-0.6102915297932201
1581,3.9549975,4.568545386979566,-0.6135478869795659
1582,3.9177585,4.559974650182672,-0.6422161501826715
1583,3.8736126,4.555193835826591,-0.6815812358265911
1584,3.8358524,4.550834647065619,-0.7149822470656191
1585,3.8026013,4.546341872243839,-0.7437405722438388
1586,3.7691379,4.544180607607168,-0.775042707607168
1587,3.7345603,4.541231210900014,-0.8066709109000136
1588,3.7001584,4.5415886922925255,-0.8414302922925256
1589,3.635983,4.542898211264947,-0.906915211264947
1590,3.5853848,4.541599706154959,-0.9562149061549592
1591,3.5626874,4.542705564432683,-0.9800181644326824
1592,3.5450842,4.545554225866524,-1.000470025866524
1593,3.5356708,4.552064823865461,-1.0163940238654607
1594,3.543239,4.560830714673377,-1.0175917146733768
1595,3.4812143,4.568829740215159,-1.0876154402151594
1596,3.4417496,4.57831710953246,-1.1365675095324597
1597,3.4417515,4.589605359136726,-1.1478538591367262
1598,3.4417586,4.605226029153287,-1.163467429153287
1599,3.4417753,4.622335774208754,-1.1805604742087534
1600,3.4418051,4.658454079292555,-1.2166489792925548
1601,3.4418516,4.698375136211864,-1.2565235362118643
1602,3.441919,4.720136903706869,-1.2782179037068686
1603,3.4420114,4.741189017436457,-1.2991776174364569
1604,3.442132,4.762827376074655,-1.3206953760746547
1605,3.442285,4.7852052443042545,-1.3429202443042545
1606,3.4424744,4.807741608601735,-1.3652672086017352
1607,3.4427044,4.830518638213802,-1.3878142382138021
1608,3.442983,4.853881212603365,-1.4108982126033647
1609,3.4433048,4.877230121969452,-1.4339253219694523
1610,3.4436781,4.911182550413367,-1.4675044504133665
1611,3.4441085,4.94575277286472,-1.5016442728647204
1612,3.4446063,4.970088540630946,-1.525482240630946
1613,3.445159,4.991488314896209,-1.5463293148962092
1614,3.4457788,5.012055628837707,-1.5662768288377076
1615,3.4464698,5.030809650673713,-1.5843398506737127
1616,3.4472353,5.048147955216341,-1.6009126552163409
1617,3.4480796,5.064427624736097,-1.616348024736097
1618,3.4588044,5.09342298863364,-1.6346185886336402
1619,3.4941757,5.155004427291231,-1.6608287272912308
1620,3.5504234,5.2104409618657,-1.6600175618657
1621,3.6234555,5.21912780951412,-1.59567230951412
1622,3.709189,5.22665839537311,-1.51746939537311
1623,3.803514,5.232505713488008,-1.4289917134880081
1624,3.9023466,5.236539821745846,-1.334193221745846
1625,4.0015945,5.238016800067714,-1.236422300067714
1626,4.0971656,5.2375320551803854,-1.1403664551803852
1627,4.184976,5.27016517115629,-1.0851891711562898
1628,4.2609158,5.32169426154934,-1.06077846154934
1629,4.3209014,5.3454884968409235,-1.0245870968409232
1630,4.3608413,5.335606962240228,-0.9747656622402285
1631,4.3766427,5.3237375923563715,-0.9470948923563718
1632,4.350877,5.316410118150337,-0.9655331181503373
1633,4.3075385,5.345423341399058,-1.037884841399058
1634,4.252826,5.36886952001361,-1.1160435200136103
1635,4.1898737,5.345460774532217,-1.1555870745322174
1636,4.129376,5.321952303752726,-1.192576303752726
1637,4.0676084,5.298450910975916,-1.2308425109759158
1638,4.0088196,5.275066495350697,-1.2662468953506973
1639,3.954786,5.25190951418888,-1.2971235141888804
1640,3.9105213,5.229088749376464,-1.3185674493764639
1641,3.8760898,5.20670946687036,-1.3306196668703603
1642,3.8521216,5.184872029747325,-1.3327504297473252
1643,3.8394275,5.163670997219816,-1.3242434972198156
1644,3.838648,5.143194712508692,-1.3045467125086923
1645,3.84837,5.123525351475618,-1.2751553514756182
1646,3.8657773,5.1047393730357005,-1.2389620730357005
1647,3.8870697,5.08690828416581,-1.1998385841658101
1648,3.9105988,5.070099609724606,-1.159500809724606
1649,3.9304135,5.054377942952331,-1.1239644429523312
1650,3.9499152,5.039805948266475,-1.0898907482664755
1651,3.9678955,5.026445194529952,-1.058549694529952
1652,3.9868786,5.014356713825221,-1.0274781138252216
1653,4.0055413,5.003601206272195,-0.9980599062721947
1654,4.025261,4.994238843058222,-0.9689778430582212
1655,4.044703,4.986328654566114,-0.9416256545661135
1656,4.0616574,4.979927525118754,-0.9182701251187542
1657,4.0753284,4.975088847457345,-0.8997604474573446
1658,4.0872955,4.971860916194402,-0.8845654161944019
1659,4.0977902,4.9702851583911,-0.8724949583910995
1660,4.1092615,4.970394310148718,-0.8611328101487183
1661,4.1232767,4.972210650505126,-0.8489339505051259
1662,4.141885,5.008610245065346,-0.8667252450653455
1663,4.167478,5.051755099374044,-0.8842770993740441
1664,4.220569,5.077762193305712,-0.8571931933057115
1665,4.1286325,5.102063101852862,-0.9734306018528622
1666,4.017444,5.12688163148577,-1.1094376314857701
1667,4.0174866,5.15283807403997,-1.13535147403997
1668,4.0176044,5.175617449584248,-1.1580130495842482
1669,4.0178313,5.195010443741581,-1.177179143741581
1670,4.0181994,5.211225068065914,-1.1930256680659133
1671,4.018742,5.226198156154462,-1.2074561561544623
1672,4.0194926,5.24122026252783,-1.2217276625278295
1673,4.020483,5.257597614554529,-1.237114614554529
1674,4.021747,5.277481131978539,-1.2557341319785387
1675,4.0233173,5.296296050040034,-1.2729787500400338
1676,4.025227,5.312015710456827,-1.2867887104568272
1677,4.0275087,5.327349707277912,-1.2998410072779114
1678,4.030195,5.342095875901521,-1.3119008759015207
1679,4.03332,5.357004947916769,-1.3236849479167692
1680,4.036916,5.3718795424833266,-1.3349635424833268
1681,4.0410156,5.386138631857192,-1.3451230318571925
1682,4.0456524,5.400119096513003,-1.3544666965130032
1683,4.0508585,5.412427451763863,-1.3615689517638625
1684,4.056668,5.422927120904852,-1.3662591209048518
1685,4.0631127,5.432846012831639,-1.3697333128316398
1686,4.070226,5.441441636240041,-1.3712156362400414
1687,4.0780416,5.448829836164478,-1.3707882361644783
1688,4.086591,5.455193499599497,-1.368602499599497
1689,4.0960836,5.460763005605168,-1.3646794056051679
1690,4.106464,5.464881597447771,-1.3584175974477715
1691,4.1226134,5.468028817270505,-1.3454154172705053
1692,4.155466,5.4695941860217,-1.3141281860217005
1693,4.202218,5.469961914521828,-1.2677439145218274
1694,4.2601757,5.468704779990571,-1.208529079990571
1695,4.326646,5.464853431258616,-1.138207431258616
1696,4.398936,5.46026690509112,-1.0613309050911202
1697,4.4743524,5.454302593868512,-0.979950193868512
1698,4.550202,5.447473813782571,-0.897271813782571
1699,4.623792,5.440045162109953,-0.8162531621099527
1700,4.692442,5.4311312768811035,-0.7386892768811038
1701,4.7534313,5.421701094590666,-0.6682697945906657
1702,4.8040814,5.429523292857471,-0.625441892857471
1703,4.841698,5.4473969043341075,-0.6056989043341074
1704,4.86359,5.457681233388088,-0.5940912333880881
1705,4.8673444,5.432738023405765,-0.5653936234057646
1706,4.865415,5.407199878470683,-0.5417848784706836
1707,4.866183,5.381162362464921,-0.5149793624649206
1708,4.8664026,5.354729601934804,-0.4883270019348043
1709,4.868236,5.3280065468897755,-0.4597705468897759
1710,4.86567,5.301095211192055,-0.43542521119205535
1711,4.8632746,5.274101088077936,-0.4108264880779364
1712,4.8516626,5.2471377363782,-0.39547513637819964
1713,4.834449,5.220327066601989,-0.38587806660198876
1714,4.807458,5.193798042250243,-0.3863400422502439
1715,4.777127,5.167684572064232,-0.3905575720642318
1716,4.745692,5.142122974008989,-0.39643097400898863
1717,4.712459,5.1172490420802355,-0.4047900420802355
1718,4.680442,5.093193816040023,-0.4127518160400232
1719,4.655866,5.07007944477753,-0.4142134447775305
1720,4.6369348,5.048017192809835,-0.4110823928098357
1721,4.6240845,5.027106207744041,-0.403021707744041
1722,4.6123495,5.007431970412566,-0.39508247041256617
1723,4.5981817,4.989066037997274,-0.3908843379972744
1724,4.5784836,4.972066276370289,-0.393582676370289
1725,4.5614133,4.956477372766579,-0.39506407276657907
1726,4.543542,4.942331339321922,-0.3987893393219215
1727,4.525126,4.929648139232555,-0.4045221392325544
1728,4.5087094,4.918436742718971,-0.4097273427189707
1729,4.495743,4.908697267613664,-0.4129542676136637
1730,4.4859347,4.900422578193021,-0.4144878781930217
1731,4.482676,4.893599102590837,-0.41092310259083753
1732,4.482666,4.888208042782503,-0.4055420427825034
1733,4.492122,4.884226992485847,-0.39210499248584707
1734,4.5036187,4.881630713670546,-0.3780120136705465
1735,4.515202,4.880391319248344,-0.3651893192483433
1736,4.520718,4.880477950238039,-0.35975995023803975
1737,4.5218616,4.8989881887036075,-0.37712658870360727
1738,4.5226135,4.918152136849008,-0.3955386368490075
1739,4.5256968,4.94146772430039,-0.4157709243003893
1740,4.532936,4.960260669191978,-0.42732466919197787
1741,4.5431128,4.975593515915096,-0.43248071591509607
1742,4.55429,4.993924376240991,-0.4396343762409911
1743,4.5649567,5.03079586614759,-0.4658391661475898
1744,4.577207,5.066055390619627,-0.48884839061962726
1745,4.607241,5.080902359662454,-0.4736613596624535
1746,4.4688845,5.094391988362089,-0.6255074883620892
1747,4.4195476,5.107073996341721,-0.6875263963417213
1748,4.444299,5.119181372196396,-0.6748823721963957
1749,4.466149,5.137146906239491,-0.6709979062394913
1750,4.4876122,5.156542626280858,-0.6689304262808582
1751,4.508696,5.168933939158448,-0.6602379391584483
1752,4.52941,5.189005653947675,-0.659595653947675
1753,4.5497603,5.208607699621398,-0.6588473996213979
1754,4.5697565,5.224181803529408,-0.6544253035294076
1755,4.589406,5.238643725096734,-0.649237725096734
1756,4.6087165,5.253802016509749,-0.6450855165097495
1757,4.627696,5.269907031646005,-0.6422110316460046
1758,4.6463532,5.282847650714423,-0.636494450714423
1759,4.664695,5.303245886280577,-0.6385508862805773
1760,4.68273,5.324843132251107,-0.6421131322511071
1761,4.7004666,5.361680561759501,-0.6612139617595005
1762,4.717912,5.398323456648903,-0.680411456648903
1763,4.7350745,5.403217048967644,-0.6681425489676442
1764,4.751962,5.4093304873587265,-0.6573684873587267
1765,4.7685833,5.41392131546977,-0.6453380154697692
1766,4.784945,5.4163588462834795,-0.63141384628348
1767,4.801056,5.418083959268419,-0.6170279592684187
1768,4.816924,5.419117399915094,-0.6021933999150937
1769,4.8325567,5.4218254094214675,-0.5892687094214679
1770,4.847963,5.42640703019968,-0.5784440301996803
1771,4.86315,5.426608086381815,-0.5634580863818153
1772,4.878126,5.426843745999971,-0.548717745999971
1773,4.892899,5.425920738257046,-0.5330217382570464
1774,4.907477,5.425560345591346,-0.5180833455913456
1775,4.921868,5.425487805202091,-0.5036198052020913
1776,4.93608,5.422456786611097,-0.48637678661109707
1777,4.9501204,5.419261856406296,-0.46914145640629545
1778,4.9639983,5.416313778108902,-0.45231547810890227
1779,4.9809656,5.414566114295203,-0.4336005142952031
1780,4.990882,5.414020097852869,-0.4231380978528687
1781,4.9996347,5.41330509807293,-0.41367039807292993
1782,4.9994254,5.410042063665762,-0.41061666366576244
1783,5.004338,5.427051310561059,-0.42271331056105943
1784,5.005587,5.438972724149954,-0.4333857241499537
1785,5.006025,5.429020521225431,-0.42299552122543105
1786,5.0066366,5.419026067881766,-0.41238946788176545
1787,5.008756,5.4089545626811,-0.40019856268110043
1788,5.010728,5.398779002395722,-0.38805100239572177
1789,5.0142083,5.388479744376669,-0.37427144437666904
1790,5.003261,5.3780437615276195,-0.37478276152761936
1791,5.0061164,5.367463783210509,-0.36134738321050897
1792,5.0072336,5.360981085760414,-0.3537474857604135
1793,5.0048304,5.356833296536655,-0.3520028965366544
1794,4.9948196,5.349939720854679,-0.3551201208546795
1795,4.972229,5.342671851650476,-0.3704428516504761
1796,4.92586,5.3373074855063205,-0.4114474855063204
1797,4.863711,5.3294014711245365,-0.4656904711245362
1798,4.792294,5.32182678201436,-0.5295327820143596
1799,4.7197986,5.3134683699278025,-0.5936697699278026
1800,4.6530585,5.306091761103033,-0.6530332611030332
1801,4.593181,5.299186334375369,-0.7060053343753685
1802,4.5441284,5.292877877840298,-0.7487494778402981
1803,4.505795,5.283799751477113,-0.7780047514771127
1804,4.4804306,5.275971869888499,-0.7955412698884992
1805,4.467414,5.269424916072077,-0.802010916072077
1806,4.467809,5.262255809319667,-0.794446809319667
1807,4.4785953,5.25376101496521,-0.77516571496521
1808,4.500556,5.246879434295223,-0.7463234342952232
1809,4.5294757,5.240594619077213,-0.7111189190772134
1810,4.563952,5.236005688553374,-0.6720536885533743
1811,4.6033087,5.231980472816331,-0.6286717728163307
1812,4.6434197,5.229614920955255,-0.586195220955255
1813,4.6835566,5.22727126855988,-0.5437146685598799
1814,4.7213964,5.22446226722733,-0.5030658672273303
1815,4.7590528,5.222516660020698,-0.46346386002069817
1816,4.793958,5.221706859648898,-0.4277488596488981
1817,4.8612237,5.221685211838827,-0.36046151183882724
1818,4.766689,5.222825606988618,-0.45613660698861747
1819,4.751007,5.225938096174768,-0.4749310961747675
1820,4.7703524,5.230683736217154,-0.4603313362171537
1821,4.788887,5.23620136070293,-0.4473143607029302
1822,4.806637,5.243701254584049,-0.4370642545840484
1823,4.8236275,5.252571558557245,-0.4289440585572448
1824,4.8398843,5.263203573083561,-0.4233192730835613
1825,4.8554344,5.275179493189741,-0.41974509318974107
1826,4.870303,5.288297818350171,-0.41799481835017094
1827,4.8845162,5.302958231139255,-0.4184420311392545
1828,4.898099,5.326326302116184,-0.4282273021161842
1829,4.9110785,5.351636827328437,-0.4405583273284366
1830,4.9234796,5.367481656743091,-0.44400205674309046
1831,4.9353285,5.384511108026503,-0.44918260802650334
1832,4.9466515,5.401315146387649,-0.4546636463876492
1833,4.9574738,5.4175871092508,-0.46011330925079985
1834,4.9678216,5.435246045044153,-0.4674244450441529
1835,4.9777207,5.45299798761069,-0.4752772876106901
1836,4.987197,5.47034726475726,-0.48315026475725986
1837,4.9962764,5.487855731971215,-0.49157933197121473
1838,5.0049844,5.504362748114909,-0.49937834811490944
1839,5.013347,5.522653692046089,-0.5093066920460885
1840,5.021391,5.538819217563037,-0.5174282175630367
1841,5.029141,5.553048434530778,-0.5239074345307779
1842,5.0366235,5.566096400589772,-0.5294729005897718
1843,5.0438643,5.578064892708772,-0.5342005927087721
1844,5.050889,5.593440494121136,-0.5425514941211365
1845,5.0577235,5.6097878979011195,-0.5520643979011197
1846,5.0643945,5.622399291021253,-0.5580047910212533
1847,5.0709267,5.632953942295118,-0.5620272422951178
1848,5.0773463,5.642522129210348,-0.5651758292103475
1849,5.0836797,5.651989338724047,-0.5683096387240472
1850,5.0899525,5.6596839466983955,-0.5697314466983956
1851,5.09619,5.666349776678105,-0.5701597766781052
1852,5.102419,5.672447527049952,-0.5700285270499519
1853,5.1086645,5.676811865309844,-0.5681473653098443
1854,5.114953,5.681340327124815,-0.566387327124815
1855,5.1213098,5.703650054942932,-0.582340254942932
1856,5.1277614,5.738054010664787,-0.6102926106647875
1857,5.134333,5.759353585556246,-0.6250205855562463
1858,5.1410513,5.750864479055025,-0.609813179055025
1859,5.1479416,5.741887905540395,-0.5939463055403946
1860,5.15503,5.732392268441367,-0.5773622684413668
1861,5.1623416,5.722349442362907,-0.5600078423629062
1862,5.1699033,5.711737674797144,-0.5418343747971441
1863,5.1777406,5.700543556226778,-0.5228029562267782
1864,5.185879,5.688763455153282,-0.5028844551532821
1865,5.194345,5.676404548142087,-0.48205954814208685
1866,5.203164,5.663485491916427,-0.46032149191642713
1867,5.2123623,5.650036754772026,-0.4376744547720266
1868,5.2219653,5.636100617619913,-0.4141353176199134
1869,5.2319984,5.621730859091045,-0.3897324590910447
1870,5.242489,5.606992148160207,-0.3645031481602068
1871,5.253462,5.591959177675012,-0.33849717767501186
1872,5.264943,5.576715580320187,-0.31177258032018695
1873,5.2769585,5.5613526732984395,-0.2843941732984394
1874,5.2895336,5.545968078750058,-0.25643447875005787
1875,5.302695,5.530664263909585,-0.22796926390958472
1876,5.3164682,5.515547039104792,-0.19907883910479196
1877,5.331186,5.500724044213154,-0.16953804421315422
1878,5.3462744,5.486303246468117,-0.14002884646811697
1879,5.362053,5.472390785437205,-0.11033778543720452
1880,5.3785467,5.4590849989628865,-0.08053829896288622
1881,5.397956,5.446471514944382,-0.04851551494438233
1882,5.4140854,5.434622962817981,-0.020537562817980692
1883,5.4135437,5.423600248894013,-0.010056548894013417
1884,5.384019,5.413453985048867,-0.029434985048866658
1885,5.314632,5.404224867991754,-0.08959286799175459
1886,5.21903,5.395943232193748,-0.17691323219374766
1887,5.1235995,5.388629049965401,-0.2650295499654005
1888,5.0395083,5.382292524391172,-0.3427842243911723
1889,4.972485,5.3769347581340545,-0.4044497581340547
1890,4.9202795,5.372548326528211,-0.45226882652821043
1891,4.880572,5.369118136040277,-0.4885461360402772
1892,4.852741,5.366622457017729,-0.513881457017729
1893,4.8380227,5.365033649008056,-0.5270109490080559
1894,4.760873,5.364318266772142,-0.6034452667721419
1895,4.68709,5.364436429646115,-0.6773464296461142
1896,4.725383,5.365339884861159,-0.6399568848611592
1897,4.7620587,5.366969072434651,-0.6049103724346514
1898,4.7971444,5.369249958723413,-0.572105558723413
1899,4.8306656,5.372092592571768,-0.5414269925717683
1900,4.8626485,5.375389839993232,-0.5127413399932319
1901,4.8931193,5.379018713516742,-0.4858994135167416
1902,4.9221044,5.382850209194493,-0.46074580919449293
1903,4.9496303,5.386757356385605,-0.4371270563856049
1904,4.975722,5.39061882553006,-0.41489682553006
1905,5.0004063,5.418945903830579,-0.4185396038305793
1906,5.0237093,5.44748207011043,-0.42377277011043013
1907,5.0456576,5.4590493184317355,-0.4133917184317353
1908,5.066277,5.469269175845548,-0.40299217584554725
1909,5.085593,5.477068359867136,-0.3914753598671359
1910,5.103633,5.4831172989009165,-0.3794842989009162
1911,5.120423,5.488868728653824,-0.36844572865382386
1912,5.1359878,5.494879404971742,-0.3588916049717428
1913,5.150355,5.499801229763517,-0.349446229763517
1914,5.16355,5.504228348947555,-0.3406783489475549
1915,5.175599,5.508919591560053,-0.333320591560053
1916,5.186529,5.511284415123331,-0.32475541512333095
1917,5.1963654,5.513766018584908,-0.31740061858490787
1918,5.2051344,5.512551407762765,-0.3074170077627647
1919,5.212862,5.5117826773796335,-0.2989206773796331
1920,5.219575,5.510595808925135,-0.2910208089251354
1921,5.225299,5.506830470949922,-0.2815314709499219
1922,5.2300606,5.500559243238113,-0.27049864323811335
1923,5.2338853,5.493684597997866,-0.2597992979978665
1924,5.2367997,5.48611886495553,-0.24931916495552997
1925,5.23883,5.478323390977076,-0.239493390977076
1926,5.240002,5.4703144665512955,-0.2303124665512959
1927,5.2394423,5.462150574166327,-0.22270827416632688
1928,5.23236,5.455005817363651,-0.2226458173636514
1929,5.219284,5.447850288759354,-0.22856628875935403
1930,5.200326,5.440824307012994,-0.24049830701299424
1931,5.187291,5.434288984377365,-0.24699798437736487
1932,5.175411,5.43971960631608,-0.2643086063160798
1933,5.1646147,5.44519390878901,-0.28057920878901044
1934,5.1548314,5.43586665138927,-0.28103525138927044
1935,5.1459904,5.427254092595472,-0.28126369259547257
1936,5.1380205,5.419378724201683,-0.281358224201683
1937,5.13085,5.412254766475927,-0.2814047664759274
1938,5.12441,5.405887559909489,-0.2814775599094892
1939,5.118629,5.400272904125064,-0.28164390412506357
1940,5.1134357,5.3953956570713535,-0.28195995707135335
1941,5.10876,5.391228378193548,-0.2824683781935482
1942,5.10453,5.387731230457552,-0.28320123045755263
1943,5.1006756,5.3848532865497605,-0.2841776865497607
1944,5.0971856,5.382534217280036,-0.2853486172800359
1945,5.094238,5.380705185647771,-0.28646718564777096
1946,5.0908537,5.379289834834635,-0.2884361348346349
1947,5.087025,5.3782056359258394,-0.29118063592583976
1948,5.082744,5.377365655792629,-0.29462165579262933
1949,5.078002,5.37668099375978,-0.29867899375978
1950,5.0727906,5.376062585116153,-0.3032719851161527
1951,5.067102,5.375422570701466,-0.3083205707014658
1952,5.060928,5.374675824556279,-0.3137478245562795
1953,5.0542593,5.373741726324176,-0.3194824263241758
1954,5.047089,5.3859755222928785,-0.33888652229287874
1955,5.0394087,5.400879612667984,-0.3614709126679836
1956,5.0312095,5.410178021012724,-0.37896852101272405
1957,5.0224833,5.417255790623237,-0.3947724906232368
1958,5.013222,5.420838457298741,-0.4076164572987411
1959,5.003418,5.4246472070345675,-0.42122920703456757
1960,4.993062,5.428573120544941,-0.4355111205449411
1961,4.9821467,5.4307182767866795,-0.44857157678667914
1962,4.970663,5.430664521207685,-0.4600015212076851
1963,4.9586034,5.428979471230508,-0.4703760712305076
1964,4.945959,5.425987366990504,-0.48002836699050366
1965,4.932722,5.420712622667068,-0.48799062266706805
1966,4.9188843,5.413323620301005,-0.4944393203010051
1967,4.904437,5.404660264356966,-0.5002232643569666
1968,4.8893723,5.395808147221935,-0.506435847221935
1969,4.8736825,5.387511146937935,-0.5138286469379345
1970,4.857359,5.382780926078126,-0.5254219260781259
1971,4.8238645,5.382431532395077,-0.5585670323950769
1972,4.7803597,5.387891423815211,-0.6075317238152111
1973,4.745608,5.3933564241341845,-0.6477484241341847
1974,4.722544,5.402851343462124,-0.6803073434621236
1975,4.710819,5.411214611216278,-0.7003956112162779
1976,4.708495,5.396415349231552,-0.6879203492315522
1977,4.712248,5.381882973855107,-0.6696349738551071
1978,4.7161117,5.367652776414665,-0.6515410764146647
1979,4.719908,5.353757266484859,-0.6338492664848587
1980,4.7236733,5.340225606728048,-0.6165523067280478
1981,4.7274423,5.32708330985162,-0.59964100985162
1982,4.7312512,5.3143529281105115,-0.5831017281105115
1983,4.735136,5.3020543524297175,-0.5669183524297177
1984,4.7391324,5.290205676055642,-0.551073276055642
1985,4.743276,5.278823662869645,-0.5355476628696456
1986,4.747603,5.2679239459648155,-0.5203209459648157
1987,4.7521486,5.257521314898406,-0.5053727148984057
1988,4.756949,5.247629071399079,-0.49068007139907976
1989,4.76204,5.238257937404958,-0.4762179374049582
1990,4.7674575,5.2294156323828,-0.4619581323827999
1991,4.7732368,5.221106478541028,-0.44786967854102766
1992,4.779414,5.213330836941028,-0.43391683694102756
1993,4.786025,5.206084209630738,-0.42005920963073784
1994,4.793105,5.199356406563902,-0.4062514065639027
1995,4.800691,5.210058412674971,-0.4093674126749711
1996,4.808818,5.224003933120701,-0.41518593312070173
1997,4.817521,5.232461240702072,-0.41494024070207214
1998,4.8268375,5.234312315980344,-0.4074748159803443
1999,4.836802,5.237578041136592,-0.4007760411365924
2000,4.8474507,5.238419359113926,-0.3909686591139261
2001,4.85882,5.241324777156429,-0.38250477715642894
2002,4.8709445,5.244029041027242,-0.3730845410272421
2003,4.883861,5.245023602683001,-0.3611626026830015
2004,4.8976045,5.248124998645954,-0.35052049864595425
2005,4.9122114,5.252539188382272,-0.34032778838227173
2006,4.9277163,5.253760746297977,-0.3260444462979768
2007,4.9441557,5.25453832265873,-0.3103826226587305
2008,4.961567,5.254053768136652,-0.2924867681366523
2009,4.9799843,5.251582077309589,-0.271597777309589
2010,4.9994435,5.248867575165145,-0.24942407516514464
2011,5.0199814,5.246384890483293,-0.22640349048329345
2012,5.0416327,5.2427837046993195,-0.20115100469931946
2013,5.0644336,5.239173664233931,-0.17474006423393096
2014,5.098636,5.237974799517597,-0.13933879951759742
2015,5.112708,5.238462304859097,-0.12575430485909767
2016,5.1253204,5.238194999743883,-0.11287459974388359
2017,5.1331787,5.235618740066531,-0.10244004006653107
2018,5.1439066,5.231536981227135,-0.08763038122713507
2019,5.1477704,5.22899301868126,-0.08122261868126035
2020,5.156446,5.2258426375668074,-0.06939663756680758
2021,5.146187,5.22262985816211,-0.0764428581621095
2022,5.1181836,5.218775620960604,-0.10059202096060371
2023,5.080619,5.212608774861504,-0.13198977486150376
2024,5.0376945,5.207615968249988,-0.16992146824998855
2025,4.9894147,5.202966032958738,-0.21355133295873774
2026,4.9333625,5.197915554932341,-0.2645530549323407
2027,4.875422,5.192103105407533,-0.31668110540753247
2028,4.8157587,5.184402221534549,-0.3686435215345494
2029,4.754525,5.176916437679404,-0.422391437679404
2030,4.6888666,5.170896233830007,-0.48202963383000696
2031,4.6218405,5.16667018578197,-0.5448296857819699
2032,4.5564585,5.160258305600826,-0.6037998056008265
2033,4.497489,5.15491105065063,-0.6574220506506299
2034,4.444164,5.1499990584379525,-0.7058350584379527
2035,4.3973136,5.142990116138696,-0.7456765161386958
2036,4.355252,5.135518561644053,-0.7802665616440532
2037,4.314997,5.127850728034857,-0.8128537280348569
2038,4.278477,5.120304616039773,-0.8418276160397733
2039,4.2494593,5.113764039203595,-0.864304739203595
2040,4.22972,5.108801099580245,-0.8790810995802447
2041,4.2168603,5.10385730365372,-0.88699700365372
2042,4.20932,5.097812638755611,-0.8884926387556114
2043,4.2069635,5.092838607495283,-0.8858751074952833
2044,4.2094913,5.08977326397887,-0.8802819639788702
2045,4.215659,5.086967473497192,-0.8713084734971925
2046,4.229888,5.08444124290523,-0.8545532429052303
2047,4.2464423,5.083030516726185,-0.8365882167261853
2048,4.269905,5.085654956450126,-0.8157499564501265
2049,4.300399,5.089131123163142,-0.7887321231631423
2050,4.3467627,5.09438672818483,-0.7476240281848296
2051,4.353085,5.098990689038667,-0.7459056890386666
2052,4.2364626,5.103796606572247,-0.8673340065722464
2053,4.2225122,5.107942366601357,-0.8854301666013571
2054,4.231156,5.115333900887472,-0.8841779008874715
2055,4.2445207,5.122493582651186,-0.8779728826511866
2056,4.26225,5.127962285479905,-0.8657122854799049
2057,4.283986,5.135187322202578,-0.851201322202578
2058,4.3093705,5.139806296403702,-0.8304357964037017
2059,4.338047,5.145328290178795,-0.8072812901787945
2060,4.3696575,5.1500840302709925,-0.7804265302709927
2061,4.403845,5.153514283046751,-0.7496692830467513
2062,4.440252,5.1584549314023835,-0.7182029314023834
2063,4.4785204,5.164096831787413,-0.6855764317874131
2064,4.518293,5.167766160862755,-0.6494731608627555
2065,4.559212,5.170984754035937,-0.611772754035937
2066,4.6009216,5.173144194486797,-0.5722225944867967
2067,4.6430626,5.175416022316292,-0.5323534223162918
2068,4.6852784,5.1767748951886245,-0.4914964951886249
2069,4.7272105,5.17708588443748,-0.44987538443747965
2070,4.768502,5.1732060997746405,-0.4047040997746407
2071,4.8087964,5.166929271049716,-0.35813287104971536
2072,4.847735,5.158068032363503,-0.31033303236350296
2073,4.884961,5.146783167291629,-0.261822167291629
2074,4.9201164,5.134788700090837,-0.21467230009083682
2075,4.952844,5.120941362271118,-0.16809736227111838
2076,4.9827867,5.104976759438787,-0.12219005943878702
2077,5.009587,5.086848053423083,-0.07726105342308287
2078,5.0328865,5.0640758657989355,-0.031189365798935498
2079,5.052328,5.039543943348243,0.01278405665175697
2080,5.067555,5.014074400625646,0.05348059937435323
2081,5.0782094,4.988120753943928,0.09008864605607236
2082,5.083934,4.962071958421241,0.12186204157875924
2083,5.0638156,4.935121569670131,0.1286940303298687
2084,4.986752,4.907853680277101,0.0788983197228994
2085,4.8874664,4.879010622822954,0.008455777177045931
2086,4.785067,4.851442887552946,-0.06637588755294654
2087,4.688637,4.824788945332493,-0.13615194533249309
2088,4.602857,4.797351244706702,-0.19449424470670174
2089,4.5337296,4.797628719297596,-0.26389911929759613
2090,4.480653,4.797036756237802,-0.31638375623780135
2091,4.439583,4.763890156660812,-0.32430715666081245
2092,4.4064536,4.732714997865752,-0.3262613978657525
2093,4.3806663,4.703657717763429,-0.3229914177634292
2094,4.362212,4.676838553381147,-0.31462655338114676
2095,4.3514514,4.652351073599933,-0.3008996735999325
2096,4.350891,4.630262155793573,-0.27937115579357297
2097,4.360756,4.61061222174712,-0.24985622174711963
2098,4.376176,4.593415878696143,-0.2172398786961427
2099,4.3959537,4.578663243294582,-0.18270954329458267
2100,4.4183097,4.566321656897798,-0.14801195689779778
2101,4.43534,4.556337464470742,-0.12099746447074189
2102,4.4435325,4.5486377152620925,-0.1051052152620926
2103,4.4463797,4.543132321301815,-0.09675262130181572
2104,4.4468436,4.539716889184387,-0.09287328918438664
2105,4.4496264,4.538275399280526,-0.08864899928052594
2106,4.455186,4.538682482925639,-0.08349648292563838
2107,4.461858,4.540805231806364,-0.07894723180636376
2108,4.4655757,4.544505126859679,-0.07892942685967963
2109,4.4708667,4.549640541683953,-0.07877384168395274
2110,4.477648,4.556069079954073,-0.07842107995407233
2111,4.4858356,4.596087518688004,-0.11025191868800466
2112,4.495347,4.647450490038134,-0.15210349003813395
2113,4.506098,4.684173074391851,-0.17807507439185155
2114,4.5180054,4.7210347043584955,-0.20302930435849564
2115,4.530986,4.751677140305561,-0.22069114030556047
2116,4.544956,4.782301728246883,-0.23734572824688271
2117,4.559833,4.81153827723398,-0.25170527723398006
2118,4.5755324,4.834311844816405,-0.2587794448164047
2119,4.5919714,4.8551187558671485,-0.2631473558671482
2120,4.609066,4.87335740884969,-0.26429140884968927
2121,4.6267343,4.892613797422522,-0.2658794974225218
2122,4.6448913,4.910860561467812,-0.26596926146781197
2123,4.6634545,4.929364534245191,-0.26591003424519055
2124,4.6823397,4.947529454172742,-0.2651897541727424
2125,4.7014647,4.962550433714728,-0.26108573371472854
2126,4.720745,4.9763467943280535,-0.2556017943280535
2127,4.740098,4.989425878693327,-0.24932787869332707
2128,4.7594395,4.999575799306232,-0.24013629930623193
2129,4.778687,5.010492024570567,-0.2318050245705674
2130,4.797756,5.020903295266948,-0.22314729526694865
2131,4.8165627,5.034218281330205,-0.21765558133020502
2132,4.8350253,5.046275002324772,-0.21124970232477214
2133,4.8530607,5.052893638646663,-0.1998329386466624
2134,4.870585,5.058941617173154,-0.1883566171731541
2135,4.887514,5.069461055670898,-0.1819470556708973
2136,4.903765,5.08294401479462,-0.17917901479462017
2137,4.919255,5.091912985750675,-0.17265798575067492
2138,4.9338994,5.095579132608924,-0.1616797326089241
2139,4.947615,5.09681565151619,-0.14920065151618989
2140,4.9603195,5.098013304029328,-0.13769380402932807
2141,4.9719286,5.100804528676184,-0.1288759286761838
2142,4.9823594,5.103847274580809,-0.12148787458080879
2143,4.991528,5.105343015870132,-0.11381501587013254
2144,4.999351,5.107372735996641,-0.10802173599664133
2145,5.0057454,5.110014374299532,-0.10426897429953197
2146,5.0106277,5.11316974225722,-0.10254204225722052
2147,5.013914,5.115788784527906,-0.10187478452790621
2148,5.015522,5.117099296147916,-0.10157729614791577
2149,5.0118747,5.117758944609551,-0.10588424460955093
2150,5.0016894,5.117901399577758,-0.11621199957775818
2151,4.986351,5.119735476844727,-0.13338447684472676
2152,4.9645658,5.121034062873699,-0.15646826287369908
2153,4.9350104,5.12050849687499,-0.18549809687498975
2154,4.8958664,5.120189720552239,-0.22432332055223903
2155,4.8502374,5.1187934294145325,-0.2685560294145324
2156,4.7994285,5.117869154862455,-0.31844065486245476
2157,4.746594,5.118021861323315,-0.3714278613233146
2158,4.7000766,5.117054429976082,-0.4169778299760818
2159,4.656834,5.116186569770657,-0.4593525697706573
2160,4.6175485,5.115696740157377,-0.49814824015737713
2161,4.585217,5.1172098712088,-0.5319928712088
2162,4.557917,5.1173220206184675,-0.5594050206184678
2163,4.5358744,5.114462104813764,-0.5785877048137644
2164,4.5178833,5.110804321901863,-0.592921021901863
2165,4.5029397,5.106612582916602,-0.6036728829166025
2166,4.4917765,5.102869766453419,-0.6110932664534188
2167,4.485905,5.0993921054147355,-0.6134871054147357
2168,4.4853516,5.094471938678959,-0.6091203386789585
2169,4.489177,5.088891461446072,-0.5997144614460721
2170,4.492981,5.082586955037088,-0.5896059550370873
2171,4.4963293,5.076267075853458,-0.5799377758534581
2172,4.4974127,5.0697129733612885,-0.5723002733612885
2173,4.4977612,5.062190211010521,-0.564429011010521
2174,4.4920893,5.054171444614692,-0.562082144614692
2175,4.4787774,5.046109298838314,-0.5673318988383134
2176,4.458814,5.038747091275431,-0.5799330912754304
2177,4.434867,5.030877003114422,-0.5960100031144222
2178,4.4082284,5.02157211991099,-0.6133437199109908
2179,4.382748,5.012430891563535,-0.6296828915635349
2180,4.3587537,5.003606718844044,-0.644853018844044
2181,4.33935,4.996157431068833,-0.6568074310688337
2182,4.3258157,4.988943889624718,-0.6631281896247181
2183,4.3177743,4.980583712859014,-0.6628094128590138
2184,4.3148913,4.972259099354313,-0.6573677993543132
2185,4.3177295,4.965257200162241,-0.6475277001622404
2186,4.3240576,4.960385962223253,-0.636328362223253
2187,4.3331747,4.9559892770177525,-0.6228145770177527
2188,4.3443017,4.950379891317114,-0.6060781913171143
2189,4.358747,4.946022063404542,-0.587275063404542
2190,4.3743668,4.940824129208722,-0.5664573292087223
2191,4.390732,4.938481714394667,-0.5477497143946675
2192,4.40521,4.93649731378027,-0.53128731378027
2193,4.4165106,4.931604289117972,-0.5150936891179727
2194,4.4226465,4.927123771094242,-0.5044772710942418
2195,4.420541,4.923454588140293,-0.5029135881402933
2196,4.4151955,4.921560104444378,-0.5063646044443777
2197,4.4169445,4.920700332664234,-0.5037558326642344
2198,4.4206815,4.919510813449271,-0.4988293134492716
2199,4.4262767,4.9187333613277,-0.49245666132769994
2200,4.433599,4.918833698995824,-0.48523469899582405
2201,4.442518,4.922871567846741,-0.4803535678467412
2202,4.452904,4.926765600907299,-0.47386160090729845
2203,4.4646263,4.928978440266943,-0.4643521402669428
2204,4.4775543,4.930519345665933,-0.4529650456659322
2205,4.491558,4.932580323205973,-0.44102232320597246
2206,4.506507,4.936471216379445,-0.42996421637944504
2207,4.5222707,4.94187681851266,-0.41960611851266005
2208,4.538718,4.947513129055031,-0.4087951290550311
2209,4.5557203,4.95300675977285,-0.39728645977285026
2210,4.5731463,4.957520367976549,-0.38437406797654905
2211,4.590865,4.961227036129729,-0.3703620361297286
2212,4.6087475,4.965355213249624,-0.35660771324962415
2213,4.626662,4.9718545130896885,-0.3451925130896889
2214,4.644479,4.9802345131527295,-0.3357555131527299
2215,4.6620674,4.98652785064794,-0.3244604506479405
2216,4.6792974,4.992066897894011,-0.31276949789401076
2217,4.696039,4.997875847481096,-0.30183684748109574
2218,4.712161,5.003482170236106,-0.29132117023610604
2219,4.7275333,5.01030666671979,-0.28277336671979025
2220,4.7420263,5.017886168137182,-0.2758598681371822
2221,4.7555084,5.023806436959032,-0.268298036959032
2222,4.7678494,5.030010883889215,-0.2621614838892148
2223,4.7789197,5.0371587627830685,-0.2582390627830682
2224,4.7885885,5.042887064332088,-0.2542985643320881
2225,4.7967257,5.051761249347252,-0.2550355493472525
2226,4.8032007,5.0597793501195465,-0.25657865011954684
2227,4.8078833,5.066170308032241,-0.2582870080322408
2228,4.8106422,5.07228970429805,-0.2616475042980495
2229,4.8098855,5.079561120626946,-0.2696756206269457
2230,4.7985315,5.08797428846254,-0.2894427884625399
2231,4.787968,5.095517655993743,-0.30754965599374273
2232,4.780877,5.101980096968577,-0.3211030969685771
2233,4.779589,5.10855100844819,-0.32896200844819035
2234,4.780075,5.112951418228179,-0.3328764182281789
2235,4.7835975,5.116536544533625,-0.33293904453362533
2236,4.7854886,5.120918949126733,-0.3354303491267334
2237,4.7880564,5.125336992199632,-0.33728059219963136
2238,4.788364,5.128841655469738,-0.34047765546973796
2239,4.78955,5.130612190577792,-0.34106219057779175
2240,4.788146,5.131109064646271,-0.3429630646462707
2241,4.789138,5.131515360699905,-0.34237736069990454
2242,4.7912173,5.134981582071432,-0.34376428207143217
2243,4.7947183,5.136800322662333,-0.3420820226623329
2244,4.801615,5.1369329804531105,-0.33531798045311056
2245,4.8110514,5.136627263949078,-0.3255758639490782
2246,4.8210373,5.13731253707946,-0.31627523707945926
2247,4.832334,5.139690576468365,-0.307356576468365
2248,4.841484,5.138899902367214,-0.2974159023672138
2249,4.8477817,5.137002233640216,-0.2892205336402167
2250,4.851566,5.135512189937281,-0.28394618993728127
2251,4.8472595,5.135379812038759,-0.28812031203875943
2252,4.837604,5.1345352094065095,-0.29693120940650974
2253,4.8260717,5.132269244074876,-0.30619754407487587
2254,4.8127127,5.129635034884235,-0.31692233488423494
2255,4.8093715,5.127180956763308,-0.31780945676330763
2256,4.8154106,5.124986695226826,-0.3095760952268263
2257,4.8206115,5.123707690834365,-0.30309619083436523
2258,4.8251214,5.122751341162661,-0.2976299411626613
2259,4.8290877,5.12130892257632,-0.29222122257632055
2260,4.832657,5.120304171513337,-0.28764717151333663
2261,4.8359756,5.119118052150138,-0.28314245215013756
2262,4.839191,5.118569411350803,-0.27937841135080355
2263,4.8424506,5.118948822417821,-0.2764982224178203
2264,4.845901,5.1185753544643635,-0.27267435446436394
2265,4.8496895,5.117637540582809,-0.26794804058280874
2266,4.8539634,5.116066533764398,-0.2621031337643984
2267,4.8588686,5.114499228687642,-0.2556306286876415
2268,4.863812,5.114220193660122,-0.2504081936601219
2269,4.868259,5.112579873824947,-0.24432087382494672
2270,4.8690515,5.110911458296028,-0.24185995829602813
2271,4.8692117,5.109990744089425,-0.2407790440894253
2272,4.869501,5.108074729941893,-0.2385737299418933
2273,4.8699126,5.106097485910574,-0.23618488591057396
2274,4.8704395,5.103704332683592,-0.23326483268359244
2275,4.871074,5.101214975497856,-0.23014097549785628
2276,4.87181,5.0991125887825,-0.22730258878249998
2277,4.8726387,5.097085141019729,-0.22444644101972866
2278,4.8735538,5.0953253216972865,-0.22177152169728664
2279,4.874548,5.093471932960749,-0.21892393296074886
2280,4.8756137,5.091386899846368,-0.21577319984636834
2281,4.876744,5.088847573792341,-0.21210357379234068
2282,4.877931,5.086425347172541,-0.20849434717254045
2283,4.8791685,5.083410174899841,-0.20424167489984146
2284,4.880449,5.079670479021329,-0.1992214790213298
2285,4.8817644,5.075921214473279,-0.19415681447327948
2286,4.8831086,5.072476656529782,-0.18936805652978173
2287,4.884474,5.068869217672823,-0.1843952176728232
2288,4.885853,5.065530298022129,-0.17967729802212862
2289,4.8872385,5.06211357767112,-0.17487507767112032
2290,4.8886237,5.058501711494316,-0.16987801149431547
2291,4.890001,5.055020372620101,-0.16501937262010102
2292,4.891363,5.053110835718272,-0.16174783571827156
2293,4.892703,5.051768810773607,-0.15906581077360737
2294,4.8940134,5.049940740454023,-0.15592734045402246
2295,4.895287,5.048936931297754,-0.15364993129775417
2296,4.896517,5.049249955487755,-0.152732955487755
2297,4.897695,5.048320819940094,-0.15062581994009427
2298,4.898815,5.050562693711662,-0.15174769371166175
2299,4.8998694,5.052889802086846,-0.1530204020868462
2300,4.900851,5.055457983828981,-0.1546069838289803
2301,4.901752,5.056871766641977,-0.15511976664197658
2302,4.9025655,5.059479539229102,-0.1569140392291022
2303,4.9032845,5.062374249640828,-0.15908974964082834
2304,4.903902,5.063358312071415,-0.15945631207141453
2305,4.9044104,5.0637278000731305,-0.15931740007313078
2306,4.9048023,5.063461024661276,-0.15865872466127584
2307,4.905071,5.063523637331894,-0.15845263733189352
2308,4.905208,5.063954642302604,-0.15874664230260382
2309,4.8878884,5.063426857478653,-0.1755384574786536
2310,4.841279,5.062872486673147,-0.2215934866731466
2311,4.785296,5.06243694773244,-0.27714094773244025
2312,4.7323794,5.062712702292659,-0.3303333022926589
2313,4.6835794,5.063596314322654,-0.3800169143226535
2314,4.63998,5.06400393192046,-0.42402393192045995
2315,4.6082926,5.064398405253805,-0.45610580525380495
2316,4.5872965,5.064898902114971,-0.47760240211497074
2317,4.5747113,5.067358426077425,-0.49264712607742567
2318,4.570622,5.069897538375327,-0.49927553837532646
2319,4.567843,5.070514110810859,-0.5026711108108595
2320,4.568404,5.071249455591333,-0.5028454555913333
2321,4.570972,5.072010693978409,-0.5010386939784084
2322,4.5754056,5.0727998408424675,-0.49739424084246764
2323,4.581409,5.072995492344792,-0.49158649234479235
2324,4.587845,5.074674282199161,-0.4868292821991611
2325,4.5936303,5.075901074752473,-0.4822707747524726
2326,4.595205,5.074753565936431,-0.47954856593643136
2327,4.5933805,5.073180737719117,-0.4798002377191164
2328,4.5896792,5.075394801005765,-0.48571560100576505
2329,4.58569,5.077713540536763,-0.49202354053676345
2330,4.581472,5.07628195162212,-0.4948099516221198
2331,4.575845,5.074584913442546,-0.4987399134425461
2332,4.5707526,5.07359190084122,-0.5028393008412202
2333,4.5648913,5.07240650363482,-0.5075152036348198
2334,4.558769,5.071018583343148,-0.5122495833431477
2335,4.5540824,5.069989633979653,-0.5159072339796529
2336,4.545471,5.0692039053155,-0.5237329053154998
2337,4.5347037,5.068583596511998,-0.5338798965119986
2338,4.5244565,5.0691995674227615,-0.5447430674227611
2339,4.511952,5.069406598211114,-0.5574545982111143
2340,4.50228,5.068403212687109,-0.566123212687109
2341,4.483889,5.067859448622064,-0.5839704486220647
2342,4.474545,5.067958186366315,-0.5934131863663152
2343,4.4700656,5.0687629612897505,-0.5986973612897506
2344,4.4705453,5.06957789510065,-0.5990325951006499
2345,4.4743295,5.071053209842885,-0.5967237098428857
2346,4.4821296,5.073049131652189,-0.5909195316521885
2347,4.492897,5.075659697329442,-0.582762697329442
2348,4.478542,5.079293190617723,-0.6007511906177232
2349,4.371351,5.0836495738815595,-0.7122985738815597
2350,4.3795447,5.089143551170434,-0.7095988511704334
2351,4.383472,5.095530255772857,-0.712058255772857
2352,4.389928,5.103424236163269,-0.7134962361632686
2353,4.3987055,5.111867790220234,-0.7131622902202341
2354,4.409596,5.119511646756922,-0.7099156467569223
2355,4.4223924,5.127696830782269,-0.7053044307822693
2356,4.4368863,5.136034973687927,-0.6991486736879269
2357,4.45287,5.144026377984285,-0.6911563779842851
2358,4.470135,5.152466362279647,-0.6823313622796467
2359,4.4884744,5.16092304922238,-0.67244864922238
2360,4.50768,5.169008103157367,-0.6613281031573672
2361,4.5275435,5.176428803584482,-0.6488853035844819
2362,4.5478578,5.184011937139296,-0.6361541371392958
2363,4.5684147,5.19076748716238,-0.62235278716238
2364,4.589006,5.1957900462049,-0.6067840462048997
2365,4.609424,5.199661973704337,-0.5902379737043368
2366,4.629461,5.202649841978682,-0.5731888419786824
2367,4.648909,5.205993390685324,-0.5570843906853247
2368,4.6675606,5.2079704732231065,-0.5404098732231066
2369,4.685207,5.207606373478486,-0.5223993734784855
2370,4.7016406,5.206096968842897,-0.5044563688428969
2371,4.7166543,5.215517285211169,-0.49886298521116856
2372,4.730039,5.223215751877689,-0.49317675187768906
2373,4.7415886,5.218846684266335,-0.4772580842663352
2374,4.7510934,5.212291357113074,-0.46119795711307354
2375,4.7583466,5.205087528871165,-0.446740928871165
2376,4.7631397,5.198111496913961,-0.4349717969139606
2377,4.7652655,5.190477140866848,-0.4252116408668485
2378,4.7558246,5.184954218750602,-0.4291296187506015
2379,4.7384057,5.190444908242299,-0.45203920824229904
2380,4.712374,5.19433226345131,-0.4819582634513102
2381,4.682958,5.184940853203832,-0.501982853203832
2382,4.6520233,5.1754946492719975,-0.5234713492719978
2383,4.6211724,5.166495335666535,-0.545322935666535
2384,4.597919,5.157294612016172,-0.5593756120161721
2385,4.5688314,5.147733100399234,-0.5789017003992347
2386,4.5596805,5.172056137343999,-0.612375637343999
2387,4.5587683,5.194459409891945,-0.6356911098919458
2388,4.5642886,5.179156182752328,-0.6148675827523276
2389,4.575114,5.164627172091518,-0.5895131720915181
2390,4.5852118,5.150875343435466,-0.5656635434354662
2391,4.5943265,5.137897151975607,-0.5435706519756067
2392,4.603147,5.125684101944443,-0.5225371019444429
2393,4.6113358,5.114223952268883,-0.5028881522688833
2394,4.618839,5.103501355275725,-0.48466235527572454
2395,4.6191187,5.0934984857464585,-0.4743797857464589
2396,4.618551,5.084195773861641,-0.4656447738616407
2397,4.6142426,5.07557244073586,-0.4613298407358597
2398,4.608068,5.067606870219615,-0.4595388702196148
2399,4.600492,5.0602769093584055,-0.45978490935840544
2400,4.5910993,5.05356012262441,-0.46246082262441046
2401,4.582682,5.047434017071262,-0.46475201707126157
2402,4.576403,5.041876124583081,-0.465473124583081
2403,4.573571,5.036863777987589,-0.46329277798758906
2404,4.577166,5.032373595593697,-0.4552075955936967
2405,4.583156,5.062014462534236,-0.4788584625342365
2406,4.5897546,5.095448661221292,-0.5056940612212921
2407,4.6064563,5.109147959446825,-0.5026916594468256
2408,4.6275764,5.120019090741886,-0.4924426907418864
2409,4.65093,5.130085503152093,-0.4791555031520929
2410,4.6760416,5.138086230103999,-0.46204463010399976
2411,4.7005606,5.145210266070419,-0.44464966607041845
2412,4.723611,5.152349601570971,-0.4287386015709709
2413,4.7442193,5.159389399584464,-0.41517009958446405
2414,4.764922,5.164060637762653,-0.39913863776265224
2415,4.7830806,5.165192008488122,-0.38211140848812253
2416,4.79761,5.1639521099344705,-0.3663421099344708
2417,4.809052,5.161988837747558,-0.35293683774755724
2418,4.819506,5.160677079978416,-0.341171079978416
2419,4.8290186,5.159252136887348,-0.3302335368873477
2420,4.8376374,5.1579759050961345,-0.32033850509613426
2421,4.8454094,5.156664931943842,-0.3112555319438419
2422,4.8523817,5.15642230329615,-0.30404060329615046
2423,4.858602,5.160712094768993,-0.30211009476899253
2424,4.864117,5.162811667498763,-0.29869466749876317
2425,4.868974,5.160922734995929,-0.29194873499592955
2426,4.8732204,5.159220271150313,-0.2859998711503131
2427,4.8769035,5.157385122043925,-0.2804816220439248
2428,4.88007,5.155441749535091,-0.2753717495350907
2429,4.882768,5.153557682933433,-0.2707896829334322
2430,4.885044,5.1513490370525075,-0.26630503705250774
2431,4.8869457,5.14919935583996,-0.2622536558399595
2432,4.8885493,5.147227313235036,-0.2586780132350359
2433,4.889838,5.145582949125584,-0.25574494912558343
2434,4.890895,5.144132971862487,-0.25323797186248687
2435,4.891767,5.142154745939764,-0.2503877459397641
2436,4.892489,5.140429856268147,-0.24794085626814688
2437,4.8931336,5.138814938716158,-0.2456813387161585
2438,4.8937354,5.13785566087679,-0.24412026087679006
2439,4.8943405,5.1367460091242485,-0.2424055091242483
2440,4.894996,5.135062121011588,-0.24006612101158797
2441,4.895749,5.133386273275866,-0.23763727327586537
2442,4.896647,5.131527980854451,-0.23488098085445142
2443,4.8977375,5.134549616403881,-0.23681211640388078
2444,4.899067,5.138078793571844,-0.23901179357184432
2445,4.900683,5.136174628251126,-0.23549162825112635
2446,4.9026327,5.133919955854945,-0.23128725585494525
2447,4.9049635,5.13164909172133,-0.2266855917213304
2448,4.9077225,5.131724386940549,-0.2240018869405489
2449,4.910957,5.132276396117386,-0.22131939611738627
2450,4.914714,5.1312699318797685,-0.21655593187976852
2451,4.919041,5.128957566424797,-0.2099165664247966
2452,4.9239855,5.125555228354762,-0.2015697283547624
2453,4.929594,5.124159534547959,-0.19456553454795955
2454,4.9359136,5.122756537500782,-0.1868429375007823
2455,4.942992,5.119704037835073,-0.17671203783507305
2456,4.950877,5.115963185825746,-0.16508618582574552
2457,4.9555287,5.111997964392922,-0.1564692643929213
2458,4.959152,5.110649065167211,-0.15149706516721118
2459,4.9624696,5.108991859066238,-0.14652225906623784
2460,4.9654813,5.10353995700919,-0.1380586570091893
2461,4.9681907,5.0971891549782535,-0.12899845497825346
2462,4.970599,5.0908328099406654,-0.12023380994066546
2463,4.972708,5.084477055811,-0.11176905581100005
2464,4.9745207,5.078235189624629,-0.10371448962462892
2465,4.976038,5.069209695488726,-0.09317169548872606
2466,4.977262,5.059063394160636,-0.08180139416063614
2467,4.978195,5.047838812787728,-0.06964381278772791
2468,4.978839,5.0368891329733545,-0.05805013297335471
2469,4.979195,5.024988581124245,-0.045793581124245364
2470,4.9688654,5.012248533052969,-0.043383133052969036
2471,4.9151764,4.999186557412239,-0.08401015741223894
2472,4.849991,4.985764931512262,-0.13577393151226147
2473,4.7858124,4.972032901306425,-0.18622050130642442
2474,4.7258997,4.958094019754709,-0.23219431975470872
2475,4.666992,4.944001163891954,-0.27700916389195473
2476,4.6028543,4.930173180472193,-0.32731888047219293
2477,4.531841,4.917164913284926,-0.38532391328492643
2478,4.456425,4.905787882946585,-0.449362882946585
2479,4.380904,4.894044527664043,-0.5131405276640431
2480,4.308921,4.8811789217525146,-0.5722579217525148
2481,4.2448096,4.869041541140507,-0.6242319411405068
2482,4.190188,4.858083631041936,-0.6678956310419357
2483,4.1449084,4.85055593994514,-0.7056475399451401
2484,4.1066904,4.845019114193639,-0.7383287141936394
2485,4.069894,4.839215588741822,-0.7693215887418221
2486,4.0368314,4.8358079728867995,-0.7989765728867999
2487,4.006803,4.8334061312421595,-0.8266031312421598
2488,3.9834704,4.839881942019975,-0.8564115420199752
2489,3.9667206,4.84624572310388,-0.8795251231038796
2490,3.9585364,4.848106433522703,-0.8895700335227028
2491,3.9550455,4.8499079754861185,-0.8948624754861183
2492,3.9573758,4.8529849085733625,-0.8956091085733626
2493,3.963937,4.862610262442059,-0.8986732624420593
2494,3.9787555,4.879259045129147,-0.9005035451291468
2495,3.9974027,4.89237533281393,-0.8949726328139298
2496,4.026212,4.90132807620761,-0.8751160762076102
2497,4.035732,4.91115051612178,-0.8754185161217798
2498,3.9372442,4.9218908025578,-0.9846466025578002
2499,3.9271686,4.934651068296537,-1.007482468296537
2500,3.9358976,4.948713269038729,-1.0128156690387287
2501,3.948321,4.964283333456936,-1.0159623334569359
2502,3.966334,4.9818794390982255,-1.0155454390982257
2503,3.9886222,4.999906651244963,-1.011284451244963
2504,4.0147953,5.016431713075573,-1.0016364130755724
2505,4.0444636,5.038724500484661,-0.9942609004846608
2506,4.077236,5.062749915735942,-0.9855139157359423
2507,4.112723,5.081408607869122,-0.968685607869122
2508,4.150534,5.099516218400684,-0.9489822184006833
2509,4.1902804,5.117245462336976,-0.9269650623369765
2510,4.2315702,5.134029408142744,-0.9024592081427443
2511,4.2740145,5.149921569839597,-0.875907069839597
2512,4.3172226,5.165865127560037,-0.8486425275600373
2513,4.360804,5.180610720734414,-0.8198067207344142
2514,4.4043703,5.1942290047487045,-0.7898587047487045
2515,4.44753,5.208113409194295,-0.7605834091942949
2516,4.4898925,5.219709558049061,-0.7298170580490613
2517,4.531069,5.22746749257113,-0.6963984925711308
2518,4.570668,5.234011404317622,-0.6633434043176214
2519,4.608301,5.23925072524148,-0.6309497252414804
2520,4.643577,5.241313800789279,-0.5977368007892796
2521,4.6761055,5.242573526113112,-0.5664680261131121
2522,4.705497,5.243353527668214,-0.5378565276682137
2523,4.731361,5.242940990712872,-0.511579990712872
2524,4.753308,5.239681582744298,-0.48637358274429854
2525,4.770947,5.240373012003018,-0.4694260120030185
2526,4.783889,5.245061684015477,-0.4611726840154766
2527,4.7917423,5.241534761276314,-0.44979246127631356
2528,4.789761,5.2314171838544725,-0.44165618385447214
2529,4.767189,5.220334895503243,-0.45314589550324325
2530,4.728034,5.2084723609925705,-0.4804383609925704
2531,4.6821094,5.197505948012379,-0.5153965480123794
2532,4.6379113,5.192043286508562,-0.5541319865085619
2533,4.597657,5.1901156623877895,-0.5924586623877897
2534,4.569091,5.181588053609223,-0.6124970536092231
2535,4.551032,5.20810959951927,-0.6570775995192699
2536,4.542205,5.228142310522132,-0.6859373105221316
2537,4.5427213,5.2060120218408334,-0.6632907218408333
2538,4.5477777,5.184363065569528,-0.6365853655695277
2539,4.558645,5.163242725015713,-0.6045977250157124
2540,4.570867,5.142694495151937,-0.5718274951519371
2541,4.5756216,5.122761408970672,-0.5471398089706723
2542,4.571215,5.103489765683541,-0.5322747656835416
2543,4.558705,5.0849313594075385,-0.5262263594075387
2544,4.5462255,5.067144057955428,-0.5209185579554276
2545,4.536143,5.0501915336898575,-0.5140485336898575
2546,4.534015,5.034141656336637,-0.5001266563366364
2547,4.540511,5.019065291810883,-0.47855429181088294
2548,4.553589,5.005034823577554,-0.45144582357755425
2549,4.570645,4.992120434534724,-0.4214754345347238
2550,4.591602,4.980385195134463,-0.38878319513446336
2551,4.6092486,4.969881470149013,-0.36063287014901313
2552,4.6214643,4.9606488067294325,-0.3391845067294321
2553,4.6284246,4.9527125828856935,-0.3242879828856937
2554,4.6337137,4.946082249746755,-0.312368549746755
2555,4.635436,4.940749853692653,-0.3053138536926525
2556,4.6479864,4.936689244491498,-0.28870284449149786
2557,4.6275134,4.959528661675842,-0.33201526167584205
2558,4.499065,4.989498137677716,-0.4904331376777158
2559,4.3366776,5.003217421111317,-0.6665398211113169
2560,4.200832,5.014708187807861,-0.8138761878078613
2561,4.19844,5.029468250025747,-0.8310282500257475
2562,4.2027073,5.041244219840766,-0.8385369198407657
2563,4.2096434,5.054331344482422,-0.8446879444824216
2564,4.2191024,5.065327397587939,-0.8462249975879397
2565,4.230938,5.077331630304706,-0.8463936303047062
2566,4.2450047,5.088452078145946,-0.843447378145946
2567,4.261156,5.094741163213226,-0.8335851632132263
2568,4.2792463,5.099534936439826,-0.8202886364398267
2569,4.2991295,5.104822307311414,-0.8056928073114138
2570,4.3206606,5.108515732438016,-0.7878551324380156
2571,4.3436933,5.1115177943946755,-0.7678244943946755
2572,4.368081,5.113539275206217,-0.7454582752062171
2573,4.393678,5.11441799611875,-0.7207399961187493
2574,4.420339,5.116648208022624,-0.6963092080226234
2575,4.4479184,5.116523212266775,-0.6686048122667749
2576,4.4762697,5.116518555176708,-0.6402488551767087
2577,4.505247,5.116057281617907,-0.6108102816179075
2578,4.534704,5.114567240529247,-0.5798632405292476
2579,4.564496,5.113598723454345,-0.5491027234543449
2580,4.594476,5.110442180160902,-0.5159661801609019
2581,4.624499,5.106582791631551,-0.4820837916315508
2582,4.6544185,5.102145186513654,-0.4477266865136533
2583,4.6840887,5.0975967022775865,-0.41350800227758633
2584,4.713363,5.093179723722049,-0.37981672372204844
2585,4.7420974,5.089258361312817,-0.3471609613128175
2586,4.770145,5.0832235351278765,-0.3130785351278762
2587,4.7973595,5.076577531353239,-0.2792180313532393
2588,4.823595,5.069218491585233,-0.2456234915852331
2589,4.8487067,5.063868970066368,-0.2151622700663678
2590,4.8725476,5.058638883948533,-0.18609128394853336
2591,4.8949723,5.053051802375627,-0.15807950237562718
2592,4.915835,5.047756184480889,-0.13192118448088852
2593,4.9349895,5.042096611897157,-0.10710711189715649
2594,4.9522896,5.043761794294443,-0.09147219429444231
2595,4.9675903,5.0657192040132255,-0.09812890401322516
2596,4.9807453,5.079699156452928,-0.09895385645292798
2597,4.9916086,5.067057618773906,-0.07544901877390586
2598,5.000035,5.055261277567428,-0.055226277567428816
2599,5.005877,5.044323716395332,-0.038446716395331926
2600,5.0089903,5.034254180643981,-0.02526388064398155
2601,5.0114365,5.025058260037668,-0.013621760037668018
2602,4.99949,5.01673755237475,-0.01724755237475062
2603,4.987308,5.009288040323901,-0.021980040323901662
2604,4.9673834,5.002700207033072,-0.03531680703307227
2605,4.9443436,4.99696012928658,-0.05261652928658034
2606,4.914433,4.992050364343374,-0.07761736434337418
2607,4.8756104,4.987950263818384,-0.11233986381838346
2608,4.8311496,5.013912302990177,-0.1827627029901775
2609,4.7865753,5.043532317712079,-0.2569570177120788
2610,4.7466354,5.053120092702852,-0.3064846927028526
2611,4.715659,5.059033023173316,-0.34337402317331644
2612,4.6947207,5.07553847155309,-0.3808177715530894
2613,4.682711,5.090557774867497,-0.40784677486749654
2614,4.6784415,5.100406955386669,-0.42196545538666896
2615,4.679778,5.1115590044842705,-0.4317810044842707
2616,4.6876144,5.117124103872705,-0.4295097038727045
2617,4.6997876,5.1236865211011855,-0.4238989211011859
2618,4.7163053,5.130288834888453,-0.41398353488845263
2619,4.733991,5.13635988499506,-0.4023688849950604
2620,4.7531075,5.144466405538038,-0.39135890553803865
2621,4.772255,5.149610588130103,-0.3773555881301025
2622,4.791181,5.1537086619219155,-0.36252766192191554
2623,4.810256,5.1616448131878725,-0.35138881318787263
2624,4.8279004,5.17318987788962,-0.3452894778896205
2625,4.8463745,5.183515345801246,-0.3371408458012466
2626,4.863555,5.191931723447291,-0.32837672344729096
2627,4.8817344,5.197587929057516,-0.31585352905751574
2628,4.896916,5.203283556658159,-0.3063675566581585
2629,4.9086413,5.207443345182718,-0.29880204518271736
2630,4.9172583,5.209492371794116,-0.2922340717941161
2631,4.9198346,5.214127405977146,-0.2942928059771459
2632,4.9216146,5.216165116443632,-0.29455051644363195
2633,4.9235306,5.219248334262428,-0.29571773426242753
2634,4.9266367,5.221126296879897,-0.2944895968798962
2635,4.9324775,5.220108670576267,-0.2876311705762671
2636,4.939753,5.21682663143412,-0.27707363143412067
2637,4.9427805,5.213276436873124,-0.27049593687312434
2638,4.9341974,5.209835675595376,-0.2756382755953757
2639,4.9286504,5.208973096168828,-0.28032269616882743
2640,4.9287663,5.20755338011624,-0.2787870801162393
2641,4.928984,5.201476789705997,-0.2724927897059972
2642,4.929305,5.19516859286232,-0.26586359286231964
2643,4.929732,5.188139151608399,-0.25840715160839967
2644,4.9302664,5.181140649561559,-0.25087424956155946
2645,4.9309106,5.173123831869525,-0.24221323186952493
2646,4.9316664,5.164327065415995,-0.23266066541599528
2647,4.9325356,5.15575958832837,-0.2232239883283702
2648,4.933521,5.146505959722483,-0.21298495972248332
2649,4.9346237,5.138696285258256,-0.20407258525825522
2650,4.9358463,5.130445551579804,-0.1945992515798043
2651,4.9371905,5.119545223078744,-0.18235472307874456
2652,4.9386587,5.109009379024935,-0.17035067902493495
2653,4.940253,5.097875869353541,-0.15762286935354108
2654,4.941974,5.088199000916396,-0.14622500091639612
2655,4.9438257,5.078497797654113,-0.13467209765411337
2656,4.9458094,5.067474787419179,-0.12166538741917865
2657,4.9479265,5.05504839934278,-0.10712189934278005
2658,4.9501796,5.0428267636494555,-0.09264716364945524
2659,4.9525704,5.03199250480681,-0.07942210480681045
2660,4.9551015,5.022221886525035,-0.06712038652503516
2661,4.9577746,5.0104217501657216,-0.05264715016572197
2662,4.9605913,4.9956968988387445,-0.035105598838744534
2663,4.9635544,4.981519366131554,-0.017964966131554405
2664,4.966665,4.968107623088354,-0.001442623088354189
2665,4.969926,4.954724121136022,0.01520187886397828
2666,4.9733386,4.942379602391561,0.030958997608438565
2667,4.9769053,4.930240358808164,0.046664941191836284
2668,4.9806285,4.917200625300403,0.0634278746995971
2669,4.9845095,4.905532498958548,0.07897700104145144
2670,4.9885507,4.89114157739319,0.0974091226068099
2671,4.992754,4.8748270499682045,0.11792695003179521
2672,4.9971213,4.859006962946116,0.1381143370538842
2673,5.001655,4.848489796415506,0.1531652035844946
2674,5.0053134,4.838107981034118,0.16720541896588248
2675,5.000035,4.825470553977801,0.1745644460221989
2676,4.9818454,4.815895011356568,0.1659503886434317
2677,4.9375787,4.811594681262682,0.12598401873731824
2678,4.8797116,4.805128887022545,0.07458271297745522
2679,4.8105664,4.7982548622488785,0.01231153775112137
2680,4.7428293,4.791107887210891,-0.0482785872108904
2681,4.673829,4.785574231639759,-0.1117452316397598
2682,4.614901,4.779219779707493,-0.16431877970749298
2683,4.561992,4.775650282080597,-0.21365828208059678
2684,4.516876,4.771740353064974,-0.2548643530649741
2685,4.4767466,4.769680604097679,-0.29293400409767845
2686,4.442289,4.767496741836672,-0.3252077418366719
2687,4.4156995,4.768417981878461,-0.352718481878461
2688,4.394187,4.770628695301034,-0.37644169530103433
2689,4.3808756,4.773181744941188,-0.39230614494118754
2690,4.3719077,4.776995316289192,-0.4050876162891912
2691,4.364568,4.780524345280751,-0.4159563452807511
2692,4.359471,4.7842934257622565,-0.4248224257622564
2693,4.355651,4.789667046248875,-0.4340160462488747
2694,4.3552146,4.796450803248779,-0.44123620324877866
2695,4.359324,4.803958176834973,-0.4446341768349731
2696,4.364915,4.813957372702522,-0.44904237270252256
2697,4.3759375,4.824030518054498,-0.4480930180544975
2698,4.389968,4.834856086382115,-0.4448880863821154
2699,4.4082465,4.84968805869008,-0.44144155869008017
2700,4.4267097,4.866141837658275,-0.43943213765827505
2701,4.444955,4.88051046073567,-0.43555546073567
2702,4.460931,4.892957615239817,-0.4320266152398169
2703,4.4755654,4.9070334899290895,-0.4314680899290897
2704,4.489475,4.9241801186489464,-0.4347051186489468
2705,4.50274,4.939770953686913,-0.4370309536869126
2706,4.5156546,4.953358541487251,-0.4377039414872508
2707,4.5281563,4.96853179994993,-0.44037549994992986
2708,4.53992,4.981481771823578,-0.4415617718235776
2709,4.551776,4.993480719982847,-0.4417047199828463
2710,4.5637116,5.005524666476624,-0.441813066476624
2711,4.575712,5.017852309680196,-0.44214030968019546
2712,4.5877643,5.030166501712682,-0.4424022017126825
2713,4.5998535,5.040737263855731,-0.440883763855731
2714,4.6119666,5.052385494552247,-0.4404188945522476
2715,4.6240892,5.069823290836467,-0.4457340908364671
2716,4.6362076,5.084181950523424,-0.44797435052342394
2717,4.648308,5.090149690260289,-0.4418416902602891
2718,4.6603765,5.095097309322528,-0.43472080932252766
2719,4.672399,5.1002472840914415,-0.42784828409144104
2720,4.684362,5.107061377279353,-0.42269937727935325
2721,4.6962514,5.113590385178322,-0.417338985178322
2722,4.7080536,5.11983741694596,-0.41178381694595956
2723,4.7197537,5.126017586228521,-0.40626388622852083
2724,4.7313395,5.126905408669582,-0.39556590866958263
2725,4.7427955,5.128409669455718,-0.38561416945571825
2726,4.754109,5.129102851076473,-0.3749938510764732
2727,4.7652655,5.1299858896139785,-0.36472038961397857
2728,4.7762513,5.1289150688365055,-0.3526637688365053
2729,4.787052,5.126092260142357,-0.3390402601423572
2730,4.797655,5.126400064139882,-0.32874506413988236
2731,4.8080454,5.124866953349159,-0.3168215533491585
2732,4.8182096,5.123217966235824,-0.30500836623582384
2733,4.828134,5.121177304921278,-0.2930433049212775
2734,4.8378043,5.118009977065511,-0.2802056770655108
2735,4.8472066,5.115520041277274,-0.2683134412772743
2736,4.856327,5.113411937742206,-0.25708493774220553
2737,4.865152,5.1089522693555525,-0.24380026935555232
2738,4.8736677,5.103472525573874,-0.22980482557387383
2739,4.88186,5.096696160397125,-0.21483616039712494
2740,4.8897147,5.091281582310455,-0.2015668823104555
2741,4.8972187,5.085250014869298,-0.18803131486929825
2742,4.9043574,5.07713556655085,-0.17277816655084965
2743,4.9111176,5.073533976898246,-0.16241637689824628
2744,4.9174848,5.070442342580432,-0.15295754258043193
2745,4.9234457,5.065369239389875,-0.14192353938987434
2746,4.928986,5.062263894289985,-0.13327789428998482
2747,4.934092,5.056046437433092,-0.12195443743309209
2748,4.93875,5.050070264201971,-0.1113202642019715
2749,4.9429455,5.0487826104048725,-0.10583711040487209
2750,4.946665,5.051799603825369,-0.10513460382536888
2751,4.9498944,5.051098868935651,-0.10120446893565127
2752,4.9526205,5.050405771476337,-0.09778527147633653
2753,4.954829,5.051599801004948,-0.09677080100494795
2754,4.956506,5.0499679970608184,-0.09346199706081837
2755,4.9576373,5.046389505451899,-0.08875220545189855
2756,4.95821,5.042535039445973,-0.08432503944597247
2757,4.950554,5.042521004035459,-0.09196700403545854
2758,4.92133,5.040868900460925,-0.11953890046092486
2759,4.8619375,5.037284322256501,-0.17534682225650133
2760,4.771104,5.035741633826141,-0.2646376338261405
2761,4.6715317,5.030869733066794,-0.3593380330667939
2762,4.576659,5.022374967646884,-0.44571596764688337
2763,4.494059,5.014319197037885,-0.5202601970378851
2764,4.423406,5.006679714658771,-0.5832737146587714
2765,4.367859,5.001730902654883,-0.6338719026548825
2766,4.324222,4.997758352539339,-0.6735363525393394
2767,4.29289,4.9921635936006625,-0.6992735936006627
2768,4.2712426,4.9869595633994,-0.7157169633993998
2769,4.2584577,4.982482238958325,-0.7240245389583251
2770,4.255151,4.979727327768829,-0.7245763277688297
2771,4.260341,4.976890948669162,-0.7165499486691616
2772,4.2704263,4.973446919419236,-0.7030206194192363
2773,4.2832184,4.970412075426219,-0.6871936754262187
2774,4.2934036,4.9681761176873955,-0.6747725176873951
2775,4.301835,4.967573218738718,-0.665738218738718
2776,4.3074365,4.967955238738527,-0.660518738738527
2777,4.308599,4.968159268861654,-0.6595602688616538
2778,4.308587,4.968514379315636,-0.6599273793156355
2779,4.309116,4.969202608421841,-0.6600866084218406
2780,4.312184,4.971616275934409,-0.6594322759344085
2781,4.319192,4.97406241052519,-0.6548704105251897
2782,4.329601,4.976345088461655,-0.6467440884616549
2783,4.343796,4.979324621274717,-0.6355286212747169
2784,4.358089,4.9823640453294695,-0.6242750453294699
2785,4.374093,4.9860464569028045,-0.6119534569028042
2786,4.3881125,4.990334246995257,-0.6022217469952569
2787,4.4001584,4.993528345631175,-0.5933699456311752
2788,4.4097247,4.996665765945508,-0.5869410659455081
2789,4.4181695,4.999711899840314,-0.5815423998403135
2790,4.424735,5.003333986830471,-0.5785989868304711
2791,4.4294486,5.0066929507580324,-0.5772443507580327
2792,4.4280353,5.010071280634214,-0.5820359806342132
2793,4.42459,5.013544392287034,-0.5889543922870342
2794,4.4187384,5.016945457534501,-0.5982070575345011
2795,4.41018,5.0208389692851885,-0.610658969285188
2796,4.415899,5.024666450263243,-0.6087674502632439
2797,4.4233656,5.029031400751087,-0.6056658007510869
2798,4.430844,5.033074097525109,-0.6022300975251094
2799,4.438369,5.037189321936587,-0.5988203219365875
2800,4.4459743,5.042205518653539,-0.5962312186535392
2801,4.453696,5.046500947654111,-0.5928049476541108
2802,4.4615684,5.050003929372964,-0.5884355293729637
2803,4.469627,5.0524990079044585,-0.5828720079044585
2804,4.4779058,5.056109406596475,-0.5782036065964746
2805,4.4864407,5.058075143022946,-0.5716344430229459
2806,4.495266,5.0617699702954155,-0.5665039702954155
2807,4.504417,5.063067624483518,-0.5586506244835183
2808,4.513928,5.064109776286602,-0.5501817762866024
2809,4.523834,5.064652297800903,-0.5408182978009028
2810,4.534171,5.065771600241653,-0.5316006002416529
2811,4.5449724,5.066656368162537,-0.5216839681625371
2812,4.556273,5.067582224887934,-0.5113092248879338
2813,4.5681095,5.067397883159173,-0.4992883831591728
2814,4.580516,5.0682882804758,-0.48777228047579957
2815,4.5935273,5.069220443537425,-0.4756931435374252
2816,4.607178,5.070628657083036,-0.4634506570830359
2817,4.6215034,5.0711121104751635,-0.4496087104751636
2818,4.636538,5.071424489364236,-0.4348864893642359
2819,4.6523175,5.072219376148628,-0.4199018761486286
2820,4.668876,5.073589938204284,-0.40471393820428414
2821,4.6862493,5.075044872915401,-0.38879557291540134
2822,4.704471,5.0767637672167805,-0.3722927672167806
2823,4.723577,5.078507315630795,-0.3549303156307957
2824,4.742408,5.080544943956986,-0.3381369439569859
2825,4.7498236,5.0834907548138535,-0.33366715481385345
2826,4.7377276,5.086597027418235,-0.3488694274182347
2827,4.6998725,5.089867138722747,-0.3899946387227473
2828,4.6492004,5.092585144263493,-0.4433847442634935
2829,4.5962,5.095723185322345,-0.49952318532234496
2830,4.5476313,5.099656098745632,-0.5520247987456317
2831,4.505284,5.104348661038879,-0.599064661038879
2832,4.466594,5.108842284750489,-0.6422482847504893
2833,4.4319763,5.113008380483802,-0.6810320804838019
2834,4.4033422,5.117060823289261,-0.7137186232892612
2835,4.380295,5.121908220424441,-0.7416132204244406
2836,4.362549,5.126972772922874,-0.764423772922874
2837,4.351822,5.131772531510093,-0.7799505315100923
2838,4.344768,5.1362912061428085,-0.7915232061428084
2839,4.3438697,5.140822364975674,-0.7969526649756737
2840,4.3487964,5.145765163494398,-0.796968763494398
2841,4.357254,5.150723010836496,-0.7934690108364961
2842,4.369849,5.155046593328887,-0.7851975933288866
2843,4.386468,5.159330916098642,-0.7728629160986422
2844,4.4037695,5.163693874616949,-0.7599243746169488
2845,4.423122,5.168566433798191,-0.7454444337981911
2846,4.439852,5.173343136735976,-0.7334911367359762
2847,4.453892,5.1783536071702825,-0.7244616071702827
2848,4.4640436,5.183296760498017,-0.7192531604980168
2849,4.4726715,5.18812744779901,-0.7154559477990103
2850,4.4774804,5.193085268551185,-0.7156048685511847
2851,4.4817395,5.1980751123007565,-0.7163356123007567
2852,4.486707,5.203138215093901,-0.716431215093901
2853,4.4945855,5.208176858686994,-0.713591358686994
2854,4.505879,5.212670308285375,-0.706791308285375
2855,4.523913,5.217349911273775,-0.6934369112737748
2856,4.543614,5.222248423926893,-0.6786344239268933
2857,4.568172,5.226822601427318,-0.6586506014273183
2858,4.5950885,5.2312355863580215,-0.6361470863580214
2859,4.622378,5.235671919389548,-0.6132939193895472
2860,4.650724,5.240180323728233,-0.5894563237282329
2861,4.6798944,5.244530945332025,-0.564636545332025
2862,4.7083783,5.2491818803208545,-0.5408035803208548
2863,4.7302117,5.254446819236096,-0.5242351192360957
2864,4.7444873,5.259345299843083,-0.5148579998430831
2865,4.751925,5.266649808472769,-0.5147248084727689
2866,4.7446704,5.27408685387718,-0.5294164538771797
2867,4.739269,5.279705267084908,-0.5404362670849077
2868,4.678031,5.286101237728884,-0.6080702377288842
2869,4.5828657,5.292469814256085,-0.7096041142560852
2870,4.5783834,5.298936308973722,-0.7205529089737217
2871,4.5743656,5.306113948957448,-0.7317483489574474
2872,4.5707855,5.313362466069661,-0.7425769660696604
2873,4.567619,5.3215530332359675,-0.7539340332359679
2874,4.5648403,5.32973797754151,-0.7648976775415095
2875,4.5624237,5.33827977303516,-0.7758560730351602
2876,4.5603447,5.346460345636073,-0.7861156456360732
2877,4.5585775,5.354593624354349,-0.7960161243543489
2878,4.5570965,5.362472897735747,-0.8053763977357473
2879,4.5558314,5.369276661982544,-0.8134452619825439
2880,4.554857,5.375613551461424,-0.8207565514614235
2881,4.554092,5.381352162089523,-0.827260162089523
2882,4.5537214,5.386247437001153,-0.8325260370011529
2883,4.5598392,5.389900160562189,-0.8300609605621894
2884,4.573359,5.392915737684881,-0.8195567376848807
2885,4.5930076,5.39450665172996,-0.8014990517299596
2886,4.6174417,5.394894776955704,-0.7774530769557044
2887,4.645318,5.39397394471364,-0.74865594471364
2888,4.675299,5.391497561968034,-0.7161985619680342
2889,4.70603,5.387849467585744,-0.6818194675857434
2890,4.7361736,5.383185054873475,-0.6470114548734749
2891,4.764386,5.376928924959474,-0.6125429249594738
2892,4.7893243,5.369027931785519,-0.5797036317855193
2893,4.8096457,5.359766987066905,-0.5501212870669052
2894,4.8240066,5.349082342278789,-0.5250757422787897
2895,4.8310633,5.337319781508461,-0.5062564815084611
2896,4.8289456,5.324618791905236,-0.49567319190523573
2897,4.8227334,5.310997285812087,-0.4882638858120876
2898,4.8085504,5.296315103428012,-0.48776470342801215
2899,4.7810364,5.280436126709961,-0.499399726709961
2900,4.7333474,5.263734728211115,-0.5303873282111145
2901,4.6676965,5.247226981387818,-0.5795304813878177
2902,4.5928693,5.230171659877274,-0.6373023598772738
2903,4.5193276,5.2121156697744295,-0.69278806977443
2904,4.4537134,5.193762879884131,-0.7400494798841315
2905,4.396941,5.179383018335383,-0.7824420183353826
2906,4.351243,5.183920795823311,-0.8326777958233107
2907,4.3162045,5.185572675829406,-0.8693681758294058
2908,4.2889667,5.162529127034722,-0.8735624270347229
2909,4.265857,5.139857704405943,-0.874000704405943
2910,4.2420588,5.117586827522649,-0.8755280275226491
2911,4.2158237,5.095736001204844,-0.8799123012048442
2912,4.184602,5.0743157686888525,-0.8897137686888525
2913,4.1507416,5.053328776444841,-0.9025871764448414
2914,4.1123037,5.032771361978941,-0.9204676619789414
2915,4.0706406,5.012634439499202,-0.9419938394992018
2916,4.0276346,4.992903913737361,-0.9652693137373616
2917,3.9873712,4.973562530727023,-0.9861913307270225
2918,3.949766,4.954592434179095,-1.0048264341790953
2919,3.9195514,4.935977162738291,-1.0164257627382907
2920,3.8957214,4.917702828435985,-1.0219814284359852
2921,3.8778055,4.8997590833590765,-1.0219535833590765
2922,3.8602545,4.882139635571753,-1.021885135571753
2923,3.8476682,4.8648428532547365,-1.0171746532547363
2924,3.8370645,4.847872672705796,-1.0108081727057958
2925,3.823059,4.853429539248594,-1.0303705392485942
2926,3.8025022,4.8648005955114115,-1.0622983955114114
2927,3.7737796,4.860668778615778,-1.0868891786157775
2928,3.7426288,4.857594754795576,-1.1149659547955761
2929,3.7162683,4.858015894752114,-1.1417475947521143
2930,3.7036874,4.857007841558049,-1.1533204415580491
2931,3.6884253,4.8549304582614194,-1.1665051582614194
2932,3.6860416,4.85059424529174,-1.16455264529174
2933,3.6913724,4.842813593164515,-1.1514411931645152
2934,3.7107978,4.831750003273069,-1.1209522032730694
2935,3.741569,4.820121132239392,-1.078552132239392
2936,3.7719965,4.80959876198542,-1.0376022619854197
2937,3.80207,4.7997900783697585,-0.9977200783697584
2938,3.8317811,4.789361360481628,-0.9575802604816279
2939,3.8611212,4.779189168916821,-0.9180679689168207
2940,3.8900802,4.770178563985732,-0.8800983639857325
2941,3.91865,4.762045073472697,-0.8433950734726969
2942,3.946821,4.75396696982183,-0.8071459698218302
2943,3.974584,4.745951237844621,-0.771367237844621
2944,4.00193,4.7390509053802115,-0.7371209053802117
2945,4.02885,4.732874356360717,-0.7040243563607165
2946,4.0553346,4.7280855858008275,-0.6727509858008274
2947,4.0813756,4.724289799085278,-0.6429141990852774
2948,4.1069627,4.720234416969434,-0.6132717169694333
2949,4.1320877,4.716825893163957,-0.5847381931639575
2950,4.1567407,4.714577134466031,-0.5578364344660312
2951,4.180913,4.713466632531905,-0.5325536325319042
2952,4.204596,4.712823286210601,-0.5082272862106016
2953,4.22778,4.711960291338807,-0.4841802913388067
2954,4.250456,4.711664092508008,-0.4612080925080084
2955,4.2726154,4.712191853921911,-0.43957645392191047
2956,4.294248,4.714765642470802,-0.42051764247080214
2957,4.3153462,4.716940367560115,-0.40159416756011534
2958,4.3358994,4.721760469698627,-0.38586106969862755
2959,4.3558993,4.735023548575368,-0.3791242485753683
2960,4.375337,4.744378791646098,-0.3690417916460982
2961,4.3942027,4.747400117251069,-0.353197417251069
2962,4.4124885,4.752002839824722,-0.33951433982472157
2963,4.4301844,4.757871572212094,-0.3276871722120944
2964,4.447281,4.764363069168393,-0.3170820691683929
2965,4.46377,4.7718564321056345,-0.30808643210563424
2966,4.4796414,4.77948872810178,-0.29984732810178016
2967,4.494887,4.7870134797133135,-0.2921264797133132
2968,4.5094976,4.80111124263033,-0.2916136426303293
2969,4.5234637,4.815222759953039,-0.29175905995303886
2970,4.536776,4.820337821739134,-0.28356182173913425
2971,4.549426,4.824701432555513,-0.2752754325555129
2972,4.5614047,4.829110499862029,-0.26770579986202936
2973,4.5727024,4.8363504255122995,-0.2636480255122997
2974,4.58331,4.842357400102902,-0.2590474001029017
2975,4.5932193,4.846374531704309,-0.25315523170430865
2976,4.6024203,4.852805849771647,-0.2503855497716465
2977,4.611454,4.859939624920675,-0.24848562492067483
2978,4.617301,4.864116507203441,-0.2468155072034408
2979,4.6116095,4.866158325442454,-0.2545488254424537
2980,4.5910873,4.867934109464846,-0.2768468094648462
2981,4.553593,4.8696193255417075,-0.3160263255417073
2982,4.500318,4.8729266493863115,-0.37260864938631144
2983,4.4340405,4.874539028456037,-0.440498528456037
2984,4.364333,4.8771089576224576,-0.5127759576224573
2985,4.2870994,4.879577909821062,-0.5924785098210625
2986,4.226555,4.884393108810624,-0.6578381088106235
2987,4.1707373,4.887228486841628,-0.7164911868416279
2988,4.1234765,4.889667060344005,-0.7661905603440049
2989,4.084649,4.893556296754008,-0.8089072967540085
2990,4.0531626,4.899754644544845,-0.8465920445448445
2991,4.0305743,4.903317543728393,-0.8727432437283937
2992,4.026184,4.9056419454738025,-0.8794579454738027
2993,4.0312905,4.907854217767575,-0.8765637177675751
2994,4.0402613,4.911154609186556,-0.870893309186556
2995,4.0598807,4.914175398229693,-0.8542946982296931
2996,4.0891547,4.918497489388867,-0.8293427893888667
2997,4.130483,4.922230407282092,-0.7917474072820925
2998,4.174583,4.924631229428703,-0.7500482294287032
2999,4.2115264,4.927563247528974,-0.716036847528974
3000,4.243037,4.93215261337481,-0.6891156133748098
3001,4.2699533,4.937852663261271,-0.6678993632612711
3002,4.2931156,4.943731082498745,-0.6506154824987451
3003,4.3133626,4.948751893906224,-0.6353892939062247
3004,4.3315334,4.952450958160887,-0.6209175581608877
3005,4.3484683,4.956615970573144,-0.6081476705731435
3006,4.3650055,4.962379583117173,-0.597374083117173
3007,4.3819847,4.969284283275304,-0.5872995832753034
3008,4.4002433,4.975274320812267,-0.5750310208122675
3009,4.420624,4.980305048330935,-0.5596810483309351
3010,4.443965,4.985699239104795,-0.5417342391047946
3011,4.4711056,4.990419796118939,-0.5193141961189394
3012,4.501313,4.995638288760829,-0.4943252887608294
3013,4.5307183,4.999546317260585,-0.4688280172605852
3014,4.5650253,5.003153419950183,-0.43812811995018297
3015,4.5838733,5.007028704298309,-0.423155404298309
3016,4.6011157,5.011719407193022,-0.4106037071930215
3017,4.612354,5.022291526353961,-0.4099375263539615
3018,4.6171494,5.031708444837438,-0.41455904483743833
3019,4.6140933,5.033452003078666,-0.4193587030786654
3020,4.604099,5.034294676658475,-0.43019567665847536
3021,4.5945277,5.036636058792341,-0.4421083587923409
3022,4.5952063,5.037649942346569,-0.44244364234656874
3023,4.5965962,5.0518102565467125,-0.4552140565467129
3024,4.598666,5.063949083959166,-0.4652830839591662
3025,4.6013846,5.0655751414583365,-0.46419054145833627
3026,4.60472,5.064065786473279,-0.4593457864732784
3027,4.60864,5.062236956359369,-0.4535969563593687
3028,4.6131134,5.05993196510172,-0.44681856510172047
3029,4.6181083,5.056964632736881,-0.43885633273688107
3030,4.623593,5.05432722101553,-0.4307342210155305
3031,4.629536,5.051801262437523,-0.4222652624375227
3032,4.6359053,5.048546012542324,-0.4126407125423235
3033,4.6426697,5.0482278501035935,-0.40555815010359364
3034,4.649797,5.048234814571557,-0.39843781457155636
3035,4.6572556,5.042856030235164,-0.3856004302351641
3036,4.6650143,5.038846987957623,-0.3738326879576226
3037,4.673041,5.035284899797203,-0.3622438997972033
3038,4.6813035,5.0306760489732545,-0.3493725489732542
3039,4.689771,5.026588044196116,-0.336817044196116
3040,4.698412,5.022592611604566,-0.32418061160456535
3041,4.7071934,5.018246513809172,-0.3110531138091712
3042,4.716085,5.0149016844537515,-0.29881668445375187
3043,4.7250543,5.012912553968183,-0.2878582539681833
3044,4.73407,5.011773670509404,-0.27770367050940425
3045,4.7430997,5.010275618933364,-0.267175918933364
3046,4.752113,5.008307645698754,-0.2561946456987547
3047,4.761077,5.006973919600557,-0.2458969196005567
3048,4.7699604,5.003854205211144,-0.23389380521114322
3049,4.778732,4.999069384182498,-0.22033738418249804
3050,4.7873588,4.993440532589657,-0.20608173258965756
3051,4.7958107,4.986604327623644,-0.19079362762364394
3052,4.804055,4.98906140187992,-0.18500640187992
3053,4.8120604,4.991599836427912,-0.1795394364279117
3054,4.819795,4.983855487691291,-0.164060487691291
3055,4.8272276,4.9759709520252855,-0.14874335202528588
3056,4.834326,4.968943807128672,-0.13461780712867188
3057,4.8410583,4.963754416781935,-0.1226961167819347
3058,4.8473935,4.9579562480503485,-0.1105627480503486
3059,4.8532996,4.95156646286174,-0.09826686286174002
3060,4.8587446,4.9462594303345515,-0.08751483033455187
3061,4.8636975,4.94150361307196,-0.0778061130719605
3062,4.8681254,4.936989091805352,-0.06886369180535201
3063,4.8719983,4.93233899450735,-0.060340694507350356
3064,4.8752832,4.926708374774215,-0.05142517477421471
3065,4.8779488,4.92129840335908,-0.043349603359079225
3066,4.879964,4.916191885385554,-0.03622788538555355
3067,4.8812957,4.911967291307407,-0.030671591307407375
3068,4.881913,4.907743480291636,-0.025830480291635816
3069,4.8303375,4.90287379476511,-0.07253629476511048
3070,4.740738,4.8981309732101055,-0.15739297321010515
3071,4.64889,4.89367285243202,-0.24478285243201992
3072,4.5658646,4.890180918886725,-0.32431631888672463
3073,4.491817,4.8869556131783,-0.39513861317829946
3074,4.4198217,4.884001161598334,-0.46417946159833434
3075,4.352223,4.880835983551222,-0.5286129835512217
3076,4.299323,4.8773925197869845,-0.5780695197869843
3077,4.2561483,4.875474694289034,-0.6193263942890335
3078,4.2202616,4.874154219361248,-0.6538926193612484
3079,4.186086,4.871216466319231,-0.6851304663192304
3080,4.1609445,4.8696410994482955,-0.7086965994482952
3081,4.1399755,4.866474130153558,-0.7264986301535581
3082,4.1267004,4.865471632530963,-0.7387712325309632
3083,4.1276364,4.8648553093942795,-0.7372189093942794
3084,4.1214795,4.863094773380943,-0.7416152733809422
3085,4.12407,4.861369589754526,-0.7372995897545263
3086,4.1296506,4.861051632116782,-0.7314010321167821
3087,4.138199,4.861338694694073,-0.7231396946940727
3088,4.1486235,4.861036637875328,-0.7124131378753278
3089,4.160205,4.860181234653166,-0.6999762346531657
3090,4.172027,4.861629314305653,-0.6896023143056533
3091,4.1842003,4.863057445896508,-0.678857145896508
3092,4.1968336,4.866471881581278,-0.6696382815812782
3093,4.2100363,4.870073402888841,-0.6600371028888414
3094,4.2239184,4.874167370397248,-0.6502489703972483
3095,4.23859,4.878088345225167,-0.6394983452251664
3096,4.25416,4.881925590416879,-0.6277655904168791
3097,4.270738,4.889230502479275,-0.6184925024792749
3098,4.2884345,4.8982542306457075,-0.6098197306457074
3099,4.3073583,4.9064245906819774,-0.5990662906819777
3100,4.3276196,4.914990208741081,-0.5873706087410806
3101,4.349328,4.927324560338028,-0.5779965603380282
3102,4.372593,4.939514055141873,-0.5669210551418731
3103,4.4055166,4.952212351551857,-0.5466957515518569
3104,4.4465933,4.965020500475821,-0.5184272004758208
3105,4.517568,4.980051015905932,-0.4624830159059323
3106,4.4421573,4.996568515197972,-0.5544112151979723
3107,4.320906,5.013331925727547,-0.6924259257275471
3108,4.3221374,5.030911651965266,-0.7087742519652664
3109,4.324461,5.049530002107948,-0.725069002107948
3110,4.3278313,5.069051573544594,-0.7412202735445943
3111,4.332204,5.088920590943734,-0.7567165909437339
3112,4.3375335,5.1308485527921395,-0.7933150527921393
3113,4.3437757,5.173614794755498,-0.8298390947554974
3114,4.350885,5.196718847426624,-0.8458338474266238
3115,4.358816,5.218081191900721,-0.8592651919007208
3116,4.367525,5.239275420432103,-0.8717504204321029
3117,4.3769665,5.260733291149515,-0.8837667911495153
3118,4.387095,5.2819345926320835,-0.8948395926320831
3119,4.3978662,5.302066043648268,-0.9041998436482679
3120,4.409235,5.321427294512891,-0.9121922945128915
3121,4.4211564,5.353719931651567,-0.9325635316515672
3122,4.4335856,5.385495641950383,-0.9519100419503834
3123,4.446477,5.402161649489784,-0.9556846494897844
3124,4.4597864,5.416807514122059,-0.9570211141220595
3125,4.4734683,5.430809344556116,-0.9573410445561157
3126,4.4874783,5.443818512649857,-0.9563402126498568
3127,4.501771,5.455488296331329,-0.9537172963313294
3128,4.5163016,5.466632859566195,-0.9503312595661946
3129,4.531025,5.476291072120905,-0.945266072120905
3130,4.5458965,5.485020666521894,-0.9391241665218946
3131,4.560871,5.492623990386267,-0.9317529903862676
3132,4.575904,5.49933269553443,-0.9234286955344295
3133,4.590948,5.504736262207847,-0.9137882622078468
3134,4.6059613,5.508320324303585,-0.9023590243035855
3135,4.6208987,5.510666952300773,-0.8897682523007733
3136,4.635714,5.511610174488084,-0.8758961744880835
3137,4.6503625,5.511776394917416,-0.8614138949174164
3138,4.664799,5.510411620757386,-0.845612620757386
3139,4.67898,5.5067879744188,-0.8278079744187998
3140,4.6928587,5.5018686899708245,-0.8090099899708241
3141,4.706391,5.495550693715966,-0.7891596937159662
3142,4.7195315,5.488376364170872,-0.7688448641708714
3143,4.732236,5.4997460008971375,-0.7675100008971372
3144,4.7444587,5.519070227730148,-0.7746115277301477
3145,4.756155,5.530321434574047,-0.7741664345740471
3146,4.7672806,5.508359853814787,-0.741079253814787
3147,4.7777896,5.485554547992304,-0.7077649479923034
3148,4.787637,5.461959598576598,-0.6743225985765982
3149,4.7967787,5.437639193164791,-0.6408604931647908
3150,4.805169,5.412666481579391,-0.607497481579391
3151,4.8127637,5.387122713001996,-0.5743590130019962
3152,4.819517,5.3610964385564825,-0.5415794385564823
3153,4.825384,5.334682334053597,-0.5092983340535975
3154,4.8303204,5.307979788762004,-0.477659388762004
3155,4.834281,5.281091288610296,-0.4468102886102958
3156,4.8372207,5.2541211824692375,-0.41690048246923794
3157,4.8390946,5.227174523686003,-0.38807992368600264
3158,4.838803,5.200355547461633,-0.361552547461633
3159,4.7612,5.173765552972943,-0.4125655529729437
3160,4.6619415,5.147501292678433,-0.4855597926784325
3161,4.5677457,5.121654677758122,-0.5539089777581223
3162,4.480105,5.096312027613615,-0.6162070276136147
3163,4.40001,5.071552979605018,-0.6715429796050181
3164,4.324329,5.047449443941692,-0.7231204439416921
3165,4.2525396,5.024064390756905,-0.7715247907569047
3166,4.1875772,5.001451730411289,-0.8138745304112893
3167,4.130405,4.979656754469396,-0.849251754469396
3168,4.0805306,4.9587164557720005,-0.8781858557720001
3169,4.040078,4.9386591844552274,-0.8985811844552272
3170,4.007321,4.9195044407808215,-0.9121834407808214
3171,3.9788861,4.9012637450419225,-0.9223776450419225
3172,3.955682,4.883940841419272,-0.9282588414192721
3173,3.940749,4.867531563962532,-0.9267825639625324
3174,3.9284885,4.85202476971108,-0.92353626971108
3175,3.929353,4.837403331948154,-0.9080503319481545
3176,3.9361095,4.823645108036789,-0.8875356080367891
3177,3.9471893,4.832023426581912,-0.8848341265819126
3178,3.960887,4.843325474968787,-0.882438474968787
3179,3.9770315,4.842063172930926,-0.8650316729309262
3180,3.99545,4.839267051726435,-0.8438170517264352
3181,4.015972,4.83516893985954,-0.8191969398595402
3182,4.038425,4.832207104703911,-0.7937821047039106
3183,4.0626373,4.829469599810426,-0.7668322998104262
3184,4.088438,4.826739709651537,-0.7383017096515374
3185,4.1156545,4.825220193233592,-0.7095656932335919
3186,4.1441154,4.825057483999639,-0.6809420839996392
3187,4.1736493,4.825814612525793,-0.6521653125257929
3188,4.2040834,4.8265603391391005,-0.6224769391391005
3189,4.2352476,4.827344150334004,-0.5920965503340039
3190,4.266969,4.828488546300859,-0.5615195463008593
3191,4.299076,4.829402052832922,-0.5303260528329217
3192,4.3313975,4.830620526512654,-0.49922302651265404
3193,4.363761,4.83118861434157,-0.46742761434156943
3194,4.3959956,4.8304180390015015,-0.43442243900150146
3195,4.427929,4.828429536814119,-0.40050053681411946
3196,4.4593897,4.825013101077203,-0.3656234010772028
3197,4.490206,4.82158747464799,-0.3313814746479906
3198,4.520206,4.819051269091442,-0.2988452690914425
3199,4.549218,4.81643970751866,-0.2672217075186598
3200,4.5770707,4.81430060574446,-0.23722990574446
3201,4.603592,4.812308083132987,-0.2087160831329875
3202,4.62861,4.811500025359825,-0.1828900253598249
3203,4.6519537,4.811476754663571,-0.15952305466357064
3204,4.6734505,4.810672143321835,-0.13722164332183429
3205,4.6929297,4.810273649265873,-0.117343949265873
3206,4.7102184,4.810927765284007,-0.10070936528400765
3207,4.7251463,4.812509460264392,-0.08736316026439273
3208,4.7375402,4.814465952975945,-0.07692575297594484
3209,4.7472296,4.816966490869842,-0.06973689086984258
3210,4.7540417,4.820014031759098,-0.06597233175909789
3211,4.757806,4.822934107391596,-0.06512810739159569
3212,4.746061,4.827008175096354,-0.08094717509635352
3213,4.699028,4.833170814632856,-0.13414281463285604
3214,4.636822,4.839318849732267,-0.20249684973226678
3215,4.568329,4.844881581106951,-0.2765525811069507
3216,4.498965,4.852357138073582,-0.3533921380735823
3217,4.435306,4.859712843527418,-0.424406843527418
3218,4.3812714,4.866775054497619,-0.48550365449761923
3219,4.337822,4.874343772751716,-0.5365217727517155
3220,4.312322,4.881523416618563,-0.5692014166185633
3221,4.2985306,4.88830452143255,-0.5897739214325499
3222,4.294192,4.895084423702265,-0.6008924237022653
3223,4.2950754,4.902638735705929,-0.6075633357059287
3224,4.2970667,4.910338224278168,-0.6132715242781677
3225,4.297311,4.9169903946408775,-0.6196793946408778
3226,4.297482,4.92259727649266,-0.6251152764926609
3227,4.2982078,4.927987468064054,-0.6297796680640539
3228,4.3020444,4.932808119564929,-0.6307637195649294
3229,4.308778,4.937693203713665,-0.6289152037136647
3230,4.3166623,4.9406691080065865,-0.6240068080065866
3231,4.326522,4.942626070975553,-0.6161040709755534
3232,4.3325577,4.94402169473137,-0.6114639947313707
3233,4.3315954,4.946481457196116,-0.6148860571961157
3234,4.320985,4.9478888735408315,-0.6269038735408312
3235,4.2968106,4.945423129468603,-0.6486125294686031
3236,4.2586017,4.943207494148473,-0.6846057941484736
3237,4.210908,4.940135158354245,-0.7292271583542451
3238,4.1534925,4.936684542201277,-0.7831920422012777
3239,4.0926538,4.934273157361227,-0.8416193573612274
3240,4.0331826,4.929034741769428,-0.8958521417694278
3241,3.9827893,4.9224899517410226,-0.9397006517410227
3242,3.9406552,4.91479801242258,-0.9741428124225795
3243,3.9076822,4.908190224980075,-1.0005080249800749
3244,3.8842065,4.901444288055943,-1.0172377880559433
3245,3.8772388,4.891990477041015,-1.0147516770410152
3246,3.8799772,4.88432230455436,-1.0043451045543597
3247,3.8858528,4.877482793380386,-0.991629993380386
3248,3.8946905,4.868566786774713,-0.9738762867747135
3249,3.9063137,4.86017402338549,-0.9538603233854897
3250,3.9205475,4.851280867909216,-0.9307333679092156
3251,3.9372163,4.843271862431964,-0.906055562431964
3252,3.9561448,4.835902845689464,-0.879758045689464
3253,3.977158,4.830031141246877,-0.8528731412468771
3254,4.000079,4.824365974980797,-0.8242869749807964
3255,4.024733,4.8176895217738025,-0.7929565217738022
3256,4.050945,4.815089777497378,-0.7641447774973784
3257,4.078539,4.813499507952442,-0.7349605079524419
3258,4.107336,4.813532810749444,-0.7061968107494438
3259,4.1371665,4.813366016212221,-0.676199516212221
3260,4.167854,4.810768951826825,-0.6429149518268247
3261,4.19922,4.808630502972298,-0.609410502972298
3262,4.231092,4.807882305633827,-0.5767903056338266
3263,4.2632933,4.810190869864229,-0.5468975698642291
3264,4.2956476,4.813085000665753,-0.5174374006657532
3265,4.32798,4.815055800894764,-0.48707580089476377
3266,4.3601146,4.819780334479538,-0.45966573447953785
3267,4.3918767,4.82475630013554,-0.43287960013554017
3268,4.423091,4.828241103369113,-0.4051501033691123
3269,4.4535804,4.833441800024109,-0.37986140002410895
3270,4.4831705,4.838089263552462,-0.35491876355246177
3271,4.511686,4.8454759802547684,-0.33378998025476836
3272,4.53895,4.852322172737926,-0.3133721727379264
3273,4.56479,4.860483483163831,-0.2956934831638307
3274,4.5890274,4.869427908484176,-0.28040050848417586
3275,4.611488,4.876486767694939,-0.264998767694939
3276,4.6319957,4.884191427380069,-0.25219572738006857
3277,4.6503754,4.8930088608652405,-0.24263346086524074
3278,4.6664524,4.9053475055296625,-0.23889510552966264
3279,4.68005,4.917987090312492,-0.23793709031249222
3280,4.6909933,4.927324454358293,-0.2363311543582931
3281,4.6991067,4.935648072535103,-0.2365413725351031
3282,4.7042146,4.943694030633812,-0.2394794306338115
3283,4.7051787,4.952377114622702,-0.24719841462270153
3284,4.6738358,4.959210255576403,-0.2853744555764033
3285,4.62762,4.962990195816554,-0.33537019581655336
3286,4.5766025,4.971164435391598,-0.39456193539159834
3287,4.5266657,4.977961218822277,-0.4512955188222776
3288,4.475842,4.9826367160681055,-0.5067947160681054
3289,4.4248405,4.989048546089858,-0.564208046089858
3290,4.3795276,4.993784764658663,-0.614257164658663
3291,4.3441033,4.996860128255122,-0.6527568282551224
3292,4.3111606,5.000194622352379,-0.689034022352379
3293,4.3005776,5.003154055230882,-0.7025764552308829
3294,4.297253,5.0074097397110995,-0.710156739711099
3295,4.3063245,5.009426718968068,-0.703102218968068
3296,4.3117304,5.011577717496579,-0.6998473174965794
3297,4.3176336,5.013383539912998,-0.6957499399129983
3298,4.3254294,5.015586250623232,-0.6901568506232323
3299,4.342176,5.0183467577902015,-0.6761707577902012
3300,4.34495,5.02100165277211,-0.6760516527721103
3301,4.353145,5.023402802030886,-0.6702578020308865
3302,4.364185,5.026213598432169,-0.662028598432169
3303,4.379653,5.029134747218636,-0.649481747218636
3304,4.39671,5.031852240426252,-0.6351422404262523
3305,4.4137597,5.034245602405761,-0.6204859024057612
3306,4.4258566,5.0365112648325026,-0.6106546648325022
3307,4.430314,5.039737936096586,-0.6094239360965856
3308,4.425099,5.0429714078141,-0.6178724078141
3309,4.4166727,5.045268838358922,-0.6285961383589216
3310,4.4111643,5.048131152749625,-0.6369668527496248
3311,4.4079623,5.051198282273319,-0.6432359822733185
3312,4.410724,5.0539169076333454,-0.6431929076333454
3313,4.416509,5.05641874611706,-0.6399097461170609
3314,4.4234586,5.059668519077092,-0.6362099190770918
3315,4.430905,5.062492851843766,-0.6315878518437659
3316,4.434868,5.065595512470728,-0.6307275124707283
3317,4.440205,5.069015132886237,-0.6288101328862377
3318,4.441581,5.072558737224894,-0.6309777372248941
3319,4.4410596,5.076176652049612,-0.6351170520496119
3320,4.440305,5.079617362476579,-0.6393123624765789
3321,4.436589,5.083343024116679,-0.6467540241166789
3322,4.437855,5.086500301658236,-0.6486453016582363
3323,4.440432,5.090027287325694,-0.6495952873256936
3324,4.444245,5.092787286613354,-0.6485422866133543
3325,4.449216,5.0958914612186295,-0.6466754612186296
3326,4.4552684,5.098421824872248,-0.6431534248722484
3327,4.4623256,5.100803434202274,-0.6384778342022743
3328,4.4703107,5.1034644936977065,-0.6331537936977067
3329,4.479147,5.111969824828778,-0.6328228248287777
3330,4.4887576,5.125341197083686,-0.6365835970836864
3331,4.499066,5.1317367236384825,-0.6326707236384825
3332,4.5099945,5.132851560623863,-0.622857060623863
3333,4.5214677,5.133918105478074,-0.6124504054780742
3334,4.5334077,5.134590717570002,-0.6011830175700021
3335,4.545738,5.1353879768352195,-0.5896499768352195
3336,4.558382,5.135470933162323,-0.5770889331623232
3337,4.5712624,5.142572374383655,-0.5713099743836549
3338,4.5843034,5.150635438385386,-0.5663320383853865
3339,4.5974274,5.151747368534259,-0.5543199685342595
3340,4.6105576,5.152456277156839,-0.5418986771568388
3341,4.623617,5.153737381965103,-0.5301203819651024
3342,4.63653,5.155029266340087,-0.5184992663400871
3343,4.6492186,5.154738851480333,-0.5055202514803332
3344,4.661607,5.155600449874282,-0.4939934498742815
3345,4.6736174,5.155193185918981,-0.48157578591898087
3346,4.685173,5.1543858615432425,-0.4692128615432427
3347,4.696198,5.153746498264709,-0.45754849826470956
3348,4.706615,5.153127074641911,-0.4465120746419107
3349,4.716347,5.15286890531391,-0.43652190531391
3350,4.725318,5.151591336906851,-0.426273336906851
3351,4.7334504,5.150286558578546,-0.41683615857854583
3352,4.7406673,5.148416155277457,-0.40774885527745663
3353,4.746893,5.147743613530403,-0.40085061353040263
3354,4.7520494,5.1467122676536805,-0.39466286765368075
3355,4.7560606,5.145600759935327,-0.3895401599353274
3356,4.758849,5.1434739540508,-0.38462495405080066
3357,4.760339,5.1428396309477,-0.3825006309476997
3358,4.7626987,5.140653645670135,-0.377954945670135
3359,4.7542596,5.1388539615594135,-0.3845943615594134
3360,4.7371554,5.136420281512773,-0.3992648815127735
3361,4.7183795,5.134013877580481,-0.4156343775804805
3362,4.7004437,5.131608726677781,-0.4311650266777809
3363,4.6866117,5.1295459645880035,-0.4429342645880032
3364,4.676553,5.127683004990006,-0.4511300049900058
3365,4.662217,5.125927605248132,-0.46371060524813235
3366,4.6563087,5.124321403505784,-0.4680127035057833
3367,4.657563,5.122830714147395,-0.4652677141473953
3368,4.6425357,5.122037814208972,-0.47950211420897215
3369,4.6320825,5.12104486643314,-0.48896236643313973
3370,4.628333,5.11997195210746,-0.49163895210746045
3371,4.6169705,5.118900990306208,-0.5019304903062078
3372,4.6195993,5.11781805255812,-0.4982187525581203
3373,4.6062675,5.116942721011707,-0.5106752210117067
3374,4.6066775,5.116596399252046,-0.509918899252046
3375,4.614452,5.115713892874053,-0.5012618928740533
3376,4.61718,5.115397268592108,-0.498217268592108
3377,4.6124845,5.115045226145432,-0.5025607261454317
3378,4.6180367,5.115078755392661,-0.49704205539266066
3379,4.6210284,5.116405393620234,-0.49537699362023346
3380,4.615461,5.118199242965643,-0.5027382429656431
3381,4.62066,5.118392478191078,-0.4977324781910779
3382,4.623329,5.119204350402977,-0.4958753504029767
3383,4.6344757,5.120053882636176,-0.4855781826361758
3384,4.6463666,5.121784906547405,-0.4754183065474047
3385,4.6548624,5.124262220663488,-0.4693998206634884
3386,4.670262,5.1261622576069295,-0.4559002576069293
3387,4.6842227,5.127281873008036,-0.4430591730080353
3388,4.6976404,5.128531316981754,-0.4308909169817543
3389,4.711549,5.130961395793541,-0.4194123957935414
3390,4.712851,5.133432968430651,-0.42058196843065154
3391,4.721168,5.135060573301145,-0.4138925733011458
3392,4.729766,5.1373483264110655,-0.40758232641106584
3393,4.7376556,5.1393491140065946,-0.4016935140065945
3394,4.744874,5.142179459961811,-0.3973054599618111
3395,4.7514577,5.144821190553545,-0.39336349055354525
3396,4.757442,5.146962650564305,-0.38952065056430474
3397,4.7628646,5.149170038064231,-0.38630543806423034
3398,4.7677608,5.151015471441933,-0.38325467144193315
3399,4.772167,5.15326165446311,-0.3810946544631104
3400,4.7761197,5.155516813359343,-0.37939711335934323
3401,4.7796555,5.166346329176742,-0.38669082917674213
3402,4.7828107,5.178017893302106,-0.39520719330210596
3403,4.785621,5.181071578761082,-0.39545057876108203
3404,4.7881236,5.183560680852911,-0.3954370808529113
3405,4.7903543,5.186506009548248,-0.3961517095482483
3406,4.79235,5.188129034037704,-0.3957790340377043
3407,4.7941456,5.190178035074883,-0.3960324350748827
3408,4.7957788,5.191269565713706,-0.39549076571370634
3409,4.797285,5.192513748088245,-0.39522874808824504
3410,4.798702,5.202531611430552,-0.4038296114305524
3411,4.8000646,5.214036891314283,-0.41397229131428315
3412,4.8014097,5.2155550126231,-0.4141453126231003
3413,4.8027735,5.214218239764959,-0.411444739764959
3414,4.804193,5.212688513105333,-0.4084955131053336
3415,4.8057036,5.210645911077861,-0.4049423110778605
3416,4.8073416,5.206789885880918,-0.39944828588091763
3417,4.8091445,5.202357178845514,-0.39321267884551325
3418,4.811147,5.197412383335746,-0.3862653833357461
3419,4.813387,5.193140459871153,-0.3797534598711536
3420,4.8159,5.188548499482412,-0.37264849948241174
3421,4.818722,5.182609904446267,-0.3638879044462664
3422,4.82189,5.176132919682747,-0.354242919682747
3423,4.82544,5.169359544033961,-0.34391954403396063
3424,4.8294086,5.164636479981465,-0.3352278799814652
3425,4.833832,5.1598602351172715,-0.3260282351172714
3426,4.838746,5.152350661749484,-0.3136046617494834
3427,4.8441877,5.144938217336527,-0.30075051733652725
3428,4.850193,5.137690030569602,-0.2874970305696021
3429,4.8567986,5.129984072308529,-0.27318547230852896
3430,4.8640404,5.122552283239252,-0.2585118832392519
3431,4.8628964,5.114377877783233,-0.2514814777832326
3432,4.850974,5.105932375281944,-0.2549583752819444
3433,4.830686,5.097303036231098,-0.2666170362310982
3434,4.798696,5.089873357867457,-0.2911773578674577
3435,4.7560315,5.082618747600629,-0.32658724760062885
3436,4.707383,5.075382464674999,-0.3679994646749991
3437,4.6592093,5.068050529180407,-0.4088412291804078
3438,4.6190057,5.061591991960447,-0.4425862919604473
3439,4.5860248,5.056847569009652,-0.4708227690096525
3440,4.5599136,5.053004781800426,-0.493091181800426
3441,4.538886,5.047582902990699,-0.5086969029906996
3442,4.518135,5.042526104652072,-0.5243911046520724
3443,4.4892797,5.037681392481673,-0.548401692481673
3444,4.4516363,5.035249613314648,-0.5836133133146486
3445,4.408192,5.031939466967302,-0.623747466967302
3446,4.3637185,5.0272301475608305,-0.6635116475608305
3447,4.3228498,5.023935091656428,-0.7010852916564279
3448,4.287702,5.020557328428175,-0.7328553284281742
3449,4.2579627,5.020015408223435,-0.7620527082234352
3450,4.238099,5.018305901553261,-0.7802069015532611
3451,4.2200522,5.014916011436899,-0.7948638114368993
3452,4.20588,5.013918196727368,-0.8080381967273684
3453,4.196205,5.01119480185256,-0.8149898018525601
3454,4.190929,5.011561320056518,-0.820632320056518
3455,4.191256,5.011653408214899,-0.820397408214899
3456,4.1956034,5.00977484825198,-0.8141714482519795
3457,4.2013483,5.008055233259551,-0.8067069332595507
3458,4.2120295,5.006367232402184,-0.7943377324021839
3459,4.22714,5.003357092803372,-0.776217092803372
3460,4.2435913,5.000398617058368,-0.7568073170583673
3461,4.263833,4.996350581291295,-0.7325175812912947
3462,4.286327,4.991670909609392,-0.7053439096093923
3463,4.3098254,4.987902365620663,-0.6780769656206624
3464,4.333944,4.98499463744197,-0.65105063744197
3465,4.3589945,4.980906427310643,-0.6219119273106433
3466,4.3813424,4.97707953878371,-0.5957371387837096
3467,4.405538,4.9732171652338675,-0.5676791652338675
3468,4.4291577,4.968642018209872,-0.5394843182098716
3469,4.4511237,4.964406760750684,-0.513283060750684
3470,4.47725,4.9608903090421235,-0.48364030904212374
3471,4.4925027,4.957111149138509,-0.46460844913850874
3472,4.505262,4.953141211235429,-0.4478792112354286
3473,4.515457,4.949720214129437,-0.43426321412943736
3474,4.524303,4.947332805867168,-0.4230298058671682
3475,4.5351024,4.945441522155447,-0.4103391221554462
3476,4.545934,4.9441475544203755,-0.39821355442037554
3477,4.5567,4.943960655288745,-0.38726065528874454
3478,4.5673003,4.944236239492055,-0.3769359394920544
3479,4.577636,4.946399643744719,-0.36876364374471926
3480,4.5876107,4.948893065654665,-0.36128236565466487
3481,4.597119,4.95094955754148,-0.35383055754147996
3482,4.6060643,4.954035800129167,-0.3479715001291668
3483,4.614348,4.958847536469262,-0.3444995364692627
3484,4.6218705,4.964756992549035,-0.34288649254903536
3485,4.6285334,4.971661766050798,-0.3431283660507978
3486,4.6342363,4.978562239966972,-0.34432593996697136
3487,4.638881,4.986706521329489,-0.3478255213294892
3488,4.6422563,4.996792840601345,-0.35453654060134543
3489,4.644184,5.014590230652152,-0.3704062306521516
3490,4.6455336,5.030376536425203,-0.38484293642520306
3491,4.6464124,5.040247272719759,-0.3938348727197587
3492,4.646927,5.04927856104038,-0.40235156104037983
3493,4.647185,5.058496619175605,-0.41131161917560455
3494,4.6472936,5.0671347968006035,-0.4198411968006033
3495,4.6473603,5.0753883874338515,-0.42802808743385157
3496,4.6475,5.082735618653762,-0.4352356186537625
3497,4.647813,5.089274605234791,-0.4414616052347906
3498,4.64841,5.094750391850936,-0.4463403918509359
3499,4.649398,5.100029462837285,-0.4506314628372854
3500,4.6508846,5.104468914155883,-0.45358431415588285
3501,4.652976,5.107172376324133,-0.45419637632413323
3502,4.6573567,5.108431796444281,-0.45107509644428045
3503,4.664876,5.108384989909374,-0.4435089899093745
3504,4.6748767,5.1071587353958,-0.4322820353957999
3505,4.6867995,5.104334887987257,-0.41753538798725653
3506,4.700083,5.100171317193735,-0.4000883171937346
3507,4.7141666,5.094793339942146,-0.38062673994214524
3508,4.72849,5.091140594523409,-0.36265059452340953
3509,4.742493,5.089936591762462,-0.3474435917624623
3510,4.755615,5.084699394117735,-0.3290843941177357
3511,4.7673,5.076197393026451,-0.30889739302645136
3512,4.776978,5.066897592898574,-0.28991959289857405
3513,4.7840934,5.059249242528728,-0.2751558425287284
3514,4.7880855,5.055556937415153,-0.26747143741515256
3515,4.7838635,5.053010422300642,-0.2691469223006422
3516,4.7395697,5.053706888632676,-0.31413718863267626
3517,4.7095666,5.055181594324778,-0.3456149943247784
3518,4.6796885,5.0551233292770155,-0.3754348292770153
3519,4.654737,5.056915909169051,-0.4021789091690513
3520,4.6305213,5.057990280560026,-0.42746898056002625
3521,4.6083527,5.0801644530542145,-0.4718117530542143
3522,4.584643,5.0964951703644905,-0.5118521703644907
3523,4.5626287,5.080434718181717,-0.5178060181817168
3524,4.5319924,5.065444583229398,-0.5334521832293984
3525,4.5032034,5.051527673331383,-0.5483242733313825
3526,4.476277,5.0386775556368635,-0.5624005556368639
3527,4.4513497,5.026879545075,-0.5755298450750006
3528,4.429424,5.0161120665952454,-0.5866880665952454
3529,4.4108343,5.0063477470804605,-0.5955134470804602
3530,4.399801,4.997554135250534,-0.5977531352505343
3531,4.3884463,4.989694495997474,-0.6012481959974743
3532,4.372697,4.982728688054717,-0.6100316880547174
3533,4.360733,4.9766141388858935,-0.6158811388858938
3534,4.3599753,4.971306699574596,-0.6113313995745955
3535,4.3648987,4.966761309745555,-0.601862609745555
3536,4.372817,4.962932552111388,-0.5901155521113877
3537,4.378463,4.9597751560720225,-0.5813121560720225
3538,4.3861566,4.9909001468394445,-0.6047435468394449
3539,4.3907504,5.024779445518436,-0.6340290455184361
3540,4.398318,5.030227447415148,-0.6319094474151479
3541,4.400008,5.037595409484929,-0.6375874094849294
3542,4.3944592,5.045438483112478,-0.6509792831124779
3543,4.3889227,5.054232282201627,-0.6653095822016271
3544,4.3849173,5.063265644209768,-0.678348344209768
3545,4.3843265,5.072040591985283,-0.6877140919852831
3546,4.3846307,5.080408274542468,-0.6957775745424684
3547,4.381423,5.089118994035016,-0.7076959940350163
3548,4.388536,5.098336770139979,-0.7098007701399789
3549,4.399302,5.1064137087105514,-0.7071117087105518
3550,4.410734,5.112561716234289,-0.7018277162342894
3551,4.422771,5.1166480544915105,-0.6938770544915105
3552,4.4353547,5.119074843423186,-0.6837201434231854
3553,4.4484243,5.120807316760802,-0.6723830167608016
3554,4.4619217,5.128740592399874,-0.6668188923998732
3555,4.475786,5.137390992786843,-0.6616049927868426
3556,4.489959,5.139339556574824,-0.6493805565748243
3557,4.50438,5.140822422468411,-0.6364424224684111
3558,4.518991,5.141606022164957,-0.6226150221649576
3559,4.5337305,5.141842541982544,-0.6081120419825439
3560,4.5485406,5.141492598696286,-0.5929519986962859
3561,4.563361,5.145320788342993,-0.581959788342993
3562,4.5781326,5.151397187479618,-0.5732645874796178
3563,4.592796,5.1546721985446515,-0.5618761985446517
3564,4.607291,5.1548531360734176,-0.5475621360734175
3565,4.6215587,5.155230216522739,-0.5336715165227393
3566,4.635539,5.155595839316743,-0.5200568393167435
3567,4.6491733,5.155544374612829,-0.5063710746128285
3568,4.6624017,5.154978078457661,-0.49257637845766045
3569,4.675164,5.154397909037599,-0.47923390903759966
3570,4.6874013,5.153436751348348,-0.4660354513483478
3571,4.6990542,5.152235674152662,-0.45318147415266186
3572,4.710063,5.150981546309011,-0.4409185463090113
3573,4.720369,5.14976521998673,-0.42939621998672983
3574,4.729911,5.147961350026678,-0.4180503500266779
3575,4.738631,5.146238497451484,-0.40760749745148406
3576,4.746468,5.144309677465714,-0.3978416774657143
3577,4.753364,5.141415889016617,-0.3880518890166167
3578,4.7592587,5.138383588980672,-0.3791248889806722
3579,4.7640934,5.135399798204504,-0.37130639820450373
3580,4.7678075,5.132449055496991,-0.3646415554969913
3581,4.770342,5.129297859541264,-0.35895585954126386
3582,4.771637,5.125698510918377,-0.3540615109183767
3583,4.7526693,5.122053584409647,-0.3693842844096471
3584,4.7108254,5.118411948040061,-0.40758654804006067
3585,4.6577497,5.114914306234799,-0.45716460623479893
3586,4.5999527,5.111222990909067,-0.5112702909090672
3587,4.5452433,5.107688719349928,-0.5624454193499275
3588,4.4903283,5.103801097028703,-0.6134727970287033
3589,4.4505334,5.0996795333485805,-0.6491461333485802
3590,4.405247,5.095625697582289,-0.6903786975822888
3591,4.3676934,5.091310610044764,-0.7236172100447638
3592,4.334609,5.08780098213402,-0.7531919821340196
3593,4.305715,5.084009018685338,-0.7782940186853375
3594,4.2787595,5.079842086094279,-0.801082586094279
3595,4.251598,5.075394190501569,-0.8237961905015689
3596,4.2261124,5.070984546012884,-0.8448721460128841
3597,4.2002053,5.066638911344605,-0.866433611344605
3598,4.1767917,5.062616255827419,-0.8858245558274191
3599,4.1575766,5.058444702713219,-0.9008681027132193
3600,4.141494,5.055185462940402,-0.9136914629404025
3601,4.128697,5.05093942877258,-0.9222424287725799
3602,4.101617,5.0460783912818625,-0.9444613912818625
3603,4.0832467,5.0413035801946515,-0.9580568801946514
3604,4.06903,5.037211259543884,-0.9681812595438846
3605,4.051396,5.032885741245191,-0.9814897412451904
3606,4.028071,5.028632078666293,-1.0005610786662933
3607,4.002899,5.023929890228289,-1.021030890228289
3608,3.9918845,5.019367303419326,-1.0274828034193262
3609,3.984981,5.0149962158222205,-1.0300152158222207
3610,3.9836109,5.01081164053553,-1.02720074053553
3611,3.994436,5.0067365270093385,-1.0123005270093386
3612,4.0110397,5.002665319238003,-0.9916256192380022
3613,4.03257,4.999108069385021,-0.9665380693850212
3614,4.041699,4.995729999643701,-0.9540309996437006
3615,4.043814,4.992341111829982,-0.9485271118299821
3616,4.034706,4.989280171032768,-0.9545741710327684
3617,4.017069,4.986299459389941,-0.9692304593899408
3618,3.9924412,4.983650579742468,-0.9912093797424681
3619,3.9623623,4.981429303162433,-1.0190670031624331
3620,3.9283717,4.97957404003865,-1.05120234003865
3621,3.8920083,4.977726419113947,-1.0857181191139467
3622,3.8548112,4.976106706610339,-1.121295506610339
3623,3.8183196,4.974601711494268,-1.1562821114942676
3624,3.7840729,4.973565420965173,-1.1894925209651728
3625,3.75361,4.972960500978375,-1.2193505009783747
3626,3.72847,4.972513569638187,-1.2440435696381864
3627,3.7101922,4.978234543141579,-1.2680423431415795
3628,3.700316,4.983260297487432,-1.2829442974874317
3629,3.7131548,4.983747385268102,-1.2705925852681021
3630,3.7436614,4.98472128747712,-1.2410598874771197
3631,3.7769043,4.985889704349453,-1.2089854043494528
3632,3.8126206,4.986559925598075,-1.1739393255980755
3633,3.850548,4.987253380189879,-1.1367053801898788
3634,3.8904238,4.987885427439789,-1.0974616274397886
3635,3.9319851,4.989353529060953,-1.0573684290609529
3636,3.974969,4.991482569829091,-1.0165135698290908
3637,4.0191126,4.993188519832278,-0.9740759198322779
3638,4.064154,4.99464661672987,-0.9304926167298699
3639,4.1098304,5.001017657404901,-0.8911872574049013
3640,4.155879,5.02804840362815,-0.87216940362815
3641,4.202037,5.05061674683338,-0.84857974683338
3642,4.2480416,5.051468188957737,-0.8034265889577377
3643,4.29363,5.051814228622203,-0.7581842286222029
3644,4.3385406,5.056038066909021,-0.7174974669090206
3645,4.3825097,5.0618714909046245,-0.6793617909046246
3646,4.425275,5.0633916076931635,-0.6381166076931635
3647,4.466573,5.064132859404912,-0.5975598594049121
3648,4.5061417,5.065666454298281,-0.5595247542982813
3649,4.5437193,5.067281733761449,-0.5235624337614491
3650,4.5790415,5.0700890273670955,-0.4910475273670958
3651,4.6118474,5.073292632484373,-0.4614452324843725
3652,4.6418724,5.07531104543936,-0.4334386454393604
3653,4.668855,5.077114746931678,-0.40825974693167844
3654,4.692532,5.078663598716891,-0.38613159871689096
3655,4.7126417,5.081502353019237,-0.36886065301923754
3656,4.72892,5.084171805092698,-0.35525180509269827
3657,4.7411056,5.086554153287595,-0.3454485532875946
3658,4.7489347,5.0897486275207955,-0.3408139275207951
3659,4.752091,5.0932201990107036,-0.3411291990107035
3660,4.7441797,5.097963179312889,-0.3537834793128889
3661,4.715465,5.102492548999673,-0.38702754899967307
3662,4.6674643,5.106246624126424,-0.43878232412642415
3663,4.6095276,5.109771536582268,-0.500243936582268
3664,4.5491476,5.113436454155401,-0.564288854155401
3665,4.491238,5.116100286443086,-0.6248622864430855
3666,4.438541,5.117906979305105,-0.6793659793051052
3667,4.3932977,5.118292137896249,-0.7249944378962496
3668,4.3549905,5.118316525806581,-0.7633260258065802
3669,4.322866,5.119391027067394,-0.7965250270673936
3670,4.2958255,5.120297395338891,-0.824471895338891
3671,4.27507,5.120511883685519,-0.8454418836855186
3672,4.25658,5.1197594789397085,-0.8631794789397089
3673,4.2383814,5.118995970174704,-0.8806145701747043
3674,4.2185636,5.117378564730492,-0.8988149647304917
3675,4.196833,5.115582110800106,-0.918749110800106
3676,4.178589,5.114302096898441,-0.9357130968984411
3677,4.160569,5.112319925549422,-0.9517509255494225
3678,4.145791,5.110222905084463,-0.9644319050844627
3679,4.1310415,5.107844621087263,-0.9768031210872623
3680,4.114573,5.106172794537881,-0.9915997945378807
3681,4.0992956,5.104491861355563,-1.0051962613555636
3682,4.0801535,5.1021407861380546,-1.0219872861380548
3683,4.0554504,5.099759722516008,-1.0443093225160078
3684,4.02726,5.097408958756705,-1.0701489587567048
3685,4.001952,5.095862307841022,-1.0939103078410222
3686,3.982872,5.0945393487691115,-1.1116673487691116
3687,3.970144,5.093339313303751,-1.1231953133037513
3688,3.9648557,5.092207582144478,-1.1273518821444775
3689,3.961077,5.091584814597228,-1.130507814597228
3690,3.9573538,5.092038952627493,-1.134685152627493
3691,3.9545321,5.09155115514054,-1.1370190551405401
3692,3.954057,5.091648261824207,-1.1375912618242068
3693,3.9575794,5.091170518543518,-1.1335911185435181
3694,3.9605353,5.090641032018344,-1.130105732018344
3695,3.9674857,5.091157835332738,-1.123672135332738
3696,3.9749146,5.091687130448964,-1.116772530448964
3697,3.9794354,5.0917145566260915,-1.1122791566260917
3698,3.9818726,5.091341023897903,-1.1094684238979031
3699,3.9850764,5.091005914841778,-1.1059295148417783
3700,3.9907734,5.091072451579708,-1.1002990515797082
3701,3.9987776,5.090677919334132,-1.091900319334132
3702,4.0089283,5.090186124229049,-1.0812578242290494
3703,4.021063,5.089917022218325,-1.068854022218325
3704,4.0350213,5.0908602684099105,-1.05583896840991
3705,4.050642,5.090123156887751,-1.0394811568877511
3706,4.0677633,5.089503214114183,-1.0217399141141827
3707,4.0862246,5.086844306920377,-1.0006197069203768
3708,4.1058636,5.084045733703349,-0.9781821337033492
3709,4.1265197,5.080503448529685,-0.9539837485296845
3710,4.1480317,5.077341728163582,-0.9293100281635827
3711,4.170238,5.0739767440203165,-0.9037387440203162
3712,4.192977,5.070495106166886,-0.8775181061668862
3713,4.216089,5.066457881686964,-0.8503688816869639
3714,4.2394104,5.062503715972967,-0.823093315972967
3715,4.2627816,5.0581469111066335,-0.7953653111066332
3716,4.2860403,5.054348441196225,-0.7683081411962256
3717,4.3090262,5.052040613141848,-0.7430144131418484
3718,4.3315773,5.048661835866866,-0.7170845358668654
3719,4.3535323,5.044913729751551,-0.6913814297515506
3720,4.37473,5.041087390702206,-0.6663573907022062
3721,4.3950095,5.03851311552622,-0.6435036155262202
3722,4.4142094,5.035943400392805,-0.6217340003928049
3723,4.432168,5.032466625979317,-0.6002986259793168
3724,4.4487243,5.029890973545271,-0.5811666735452707
3725,4.463717,5.030826589542128,-0.5671095895421283
3726,4.4769845,5.029589909179265,-0.5526054091792645
3727,4.488366,5.031677498223124,-0.5433114982231242
3728,4.4977,5.030344707693342,-0.5326447076933416
3729,4.5048256,5.029032406476661,-0.524206806476661
3730,4.5095806,5.027906610898648,-0.5183260108986483
3731,4.5118046,5.02774532573258,-0.5159407257325803
3732,4.462109,5.028268195213451,-0.5661591952134515
3733,4.3758197,5.029562636647359,-0.653742936647359
3734,4.288703,5.031213884773109,-0.7425108847731092
3735,4.2082825,5.032654655282574,-0.8243721552825738
3736,4.1392407,5.038070895452571,-0.8988301954525708
3737,4.0789948,5.0432772410880204,-0.9642824410880202
3738,4.028244,5.044082564522536,-1.0158385645225358
3739,3.986774,5.045685798326219,-1.058911798326219
3740,3.9552753,5.04795035106824,-1.0926750510682406
3741,3.9322782,5.0519744548916234,-1.1196962548916236
3742,3.9157639,5.0572905250021565,-1.1415266250021565
3743,3.905924,5.0618246036282395,-1.1559006036282393
3744,3.8984091,5.065828330057518,-1.1674192300575181
3745,3.8919132,5.069906066049887,-1.177992866049887
3746,3.8872464,5.075928565598573,-1.1886821655985726
3747,3.8850653,5.081683825152544,-1.1966185251525436
3748,3.8835657,5.085355087163589,-1.201789387163589
3749,3.884199,5.088789450338344,-1.2045904503383436
3750,3.8870022,5.091790785617764,-1.2047885856177643
3751,3.8947122,5.0941260394645544,-1.1994138394645546
3752,3.9064963,5.095899543428284,-1.1894032434282837
3753,3.9212506,5.097477197861532,-1.176226597861532
3754,3.9394803,5.102411527510937,-1.1629312275109371
3755,3.956459,5.106946975563148,-1.150487975563148
3756,3.9761527,5.108178253409402,-1.1320255534094015
3757,3.9970746,5.109857401017701,-1.1127828010177008
3758,4.018764,5.109961280853077,-1.091197280853077
3759,4.040972,5.109476417785506,-1.0685044177855056
3760,4.0622644,5.110548896226419,-1.0482844962264188
3761,4.0812726,5.112697349142011,-1.031424749142011
3762,4.099462,5.1139932727747865,-1.0145312727747866
3763,4.1145835,5.113967538677299,-0.9993840386772987
3764,4.127366,5.113659278024812,-0.9862932780248119
3765,4.135911,5.114102756626648,-0.9781917566266483
3766,4.14101,5.116059723625514,-0.9750497236255145
3767,4.141604,5.118556178903153,-0.9769521789031526
3768,4.1434054,5.121271505738592,-0.9778661057385918
3769,4.1483774,5.124059424496311,-0.9756820244963107
3770,4.1575994,5.127500461620886,-0.9699010616208863
3771,4.169187,5.132654016194915,-0.9634670161949153
3772,4.1830783,5.138499885302144,-0.9554215853021439
3773,4.197161,5.145428255986043,-0.9482672559860426
3774,4.211224,5.153354006649646,-0.9421300066496467
3775,4.240087,5.161295079579208,-0.9212080795792081
3776,4.204676,5.170420662243472,-0.9657446622434716
3777,4.1142516,5.180406937797057,-1.0661553377970572
3778,4.1071205,5.191238160269646,-1.084117660269646
3779,4.101569,5.202488192656357,-1.1009191926563577
3780,4.0963984,5.215084432488103,-1.1186860324881032
3781,4.0915937,5.228577801889635,-1.1369841018896354
3782,4.0871434,5.2422619881399894,-1.155118588139989
3783,4.0830326,5.255570101300755,-1.1725375013007548
3784,4.0792484,5.268835941849713,-1.189587541849713
3785,4.0757775,5.28215559571397,-1.20637809571397
3786,4.0726056,5.296033201123539,-1.2234276011235385
3787,4.0697203,5.31057386823671,-1.2408535682367097
3788,4.0671077,5.324387754761555,-1.257280054761555
3789,4.064754,5.338022521524404,-1.273268521524404
3790,4.0626464,5.352013201223649,-1.2893668012236486
3791,4.060771,5.364728389942092,-1.3039573899420924
3792,4.0591145,5.376986106199523,-1.3178716061995237
3793,4.0576634,5.3883312301132555,-1.3306678301132555
3794,4.056404,5.399210661637011,-1.3428066616370113
3795,4.055323,5.4090041773493525,-1.353681177349353
3796,4.054407,5.417817380445239,-1.3634103804452389
3797,4.0536427,5.425368728492845,-1.3717260284928452
3798,4.0530167,5.432083646059904,-1.379066946059904
3799,4.0528197,5.436802243798605,-1.3839825437986057
3800,4.0633287,5.439692436347443,-1.376363736347443
3801,4.0878344,5.441491001003519,-1.353656601003519
3802,4.124036,5.441936532033296,-1.3179005320332955
3803,4.169633,5.440713977603484,-1.271080977603484
3804,4.222346,5.437903892255463,-1.2155578922554628
3805,4.2798324,5.433769170024474,-1.1539367700244743
3806,4.3398113,5.4282778862046746,-1.0884665862046745
3807,4.3999815,5.4212546206914975,-1.0212731206914976
3808,4.458042,5.412829827081567,-0.9547878270815673
3809,4.511693,5.403504586444243,-0.8918115864442431
3810,4.5586333,5.393195796218113,-0.8345624962181128
3811,4.596562,5.382342625671607,-0.7857806256716078
3812,4.623178,5.370431130960231,-0.7472531309602308
3813,4.636182,5.368515009817946,-0.7323330098179461
3814,4.6129117,5.387965767344157,-0.7750540673441577
3815,4.555444,5.405172934593914,-0.8497289345939141
3816,4.488835,5.384488063891236,-0.8956530638912357
3817,4.4270883,5.364035718712965,-0.9369474187129647
3818,4.374615,5.343932007953605,-0.9693170079536042
3819,4.3335366,5.324288347967666,-0.990751747967666
3820,4.3104315,5.305209504135777,-0.9947780041357772
3821,4.2938766,5.286791860627106,-0.9929152606271057
3822,4.2877893,5.269122032667265,-0.9813327326672647
3823,4.2822013,5.25227564883509,-0.97007434883509
3824,4.286732,5.236316431587996,-0.9495844315879962
3825,4.283276,5.221295584214767,-0.9380195842147669
3826,4.289579,5.207251328287632,-0.9176723282876322
3827,4.2933173,5.194208863369892,-0.9008915633698917
3828,4.297822,5.18218047993149,-0.8843584799314899
3829,4.3033133,5.171166119983815,-0.8678528199838151
3830,4.309955,5.161154393599075,-0.8511993935990745
3831,4.3197412,5.152123685305364,-0.8323824853053639
3832,4.330816,5.144043157024706,-0.8132271570247056
3833,4.3424444,5.136873590624804,-0.794429190624804
3834,4.352694,5.130568501812085,-0.777874501812085
3835,4.3635993,5.125075766888635,-0.7614764668886354
3836,4.376119,5.120339274935265,-0.7442202749352651
3837,4.388748,5.116300285110829,-0.7275522851108294
3838,4.402805,5.112898437952592,-0.710093437952592
3839,4.4162087,5.110072808669235,-0.693864108669235
3840,4.428181,5.1077631950128115,-0.6795821950128111
3841,4.432847,5.105910966022668,-0.673063966022668
3842,4.437261,5.10445972947191,-0.6671987294719095
3843,4.439102,5.133683505423287,-0.6945815054232867
3844,4.438375,5.168591407445636,-0.7302164074456359
3845,4.439064,5.18387618478878,-0.7448121847887803
3846,4.4409146,5.199265229540893,-0.7583506295408933
3847,4.4420896,5.21381595975293,-0.7717263597529298
3848,4.4439216,5.222875551327733,-0.7789539513277326
3849,4.446873,5.228724727411055,-0.7818517274110546
3850,4.455404,5.235033726175336,-0.7796297261753367
3851,4.4644184,5.239226576830298,-0.7748081768302981
3852,4.473055,5.240287331570642,-0.7672323315706429
3853,4.4809136,5.2394593162070775,-0.7585457162070774
3854,4.488154,5.238808180133709,-0.7506541801337097
3855,4.4948153,5.23813967868791,-0.7433243786879098
3856,4.500939,5.237997767678666,-0.7370587676786666
3857,4.506564,5.2384168418497055,-0.7318528418497054
3858,4.5117316,5.237934397025258,-0.726202797025258
3859,4.5164814,5.2373962860192345,-0.7209148860192345
3860,4.520853,5.237057830364913,-0.7162048303649131
3861,4.5248876,5.236506021730495,-0.7116184217304955
3862,4.5286245,5.235666679585006,-0.7070421795850059
3863,4.532104,5.236913192897045,-0.704809192897045
3864,4.5353665,5.244819979651319,-0.7094534796513186
3865,4.538452,5.250169449079974,-0.7117174490799734
3866,4.541401,5.2489030644227626,-0.707502064422763
3867,4.544253,5.246237250274339,-0.7019842502743385
3868,4.5470486,5.243247124332192,-0.6961985243321918
3869,4.5498276,5.24018198245215,-0.6903543824521492
3870,4.5526304,5.236979499289634,-0.6843490992896344
3871,4.555497,5.2345638311900125,-0.6790668311900125
3872,4.558468,5.232051413629967,-0.6735834136299665
3873,4.5615826,5.229588558563913,-0.6680059585639126
3874,4.5648823,5.226196148241127,-0.6613138482411269
3875,4.568406,5.223390245372633,-0.6549842453726322
3876,4.572194,5.220795691255434,-0.6486016912554344
3877,4.5762873,5.219290274934308,-0.6430029749343085
3878,4.580725,5.2278015587463775,-0.6470765587463774
3879,4.5855484,5.237010630571013,-0.6514622305710125
3880,4.5907965,5.2348115609627675,-0.6440150609627677
3881,4.5965104,5.232229632881366,-0.6357192328813666
3882,4.6027293,5.230149302271752,-0.6274200022717515
3883,4.6094937,5.2282958704516105,-0.6188021704516107
3884,4.6168447,5.2264169146223285,-0.6095722146223288
3885,4.6203775,5.224390828308947,-0.6040133283089473
3886,4.614451,5.222923532527215,-0.6084725325272151
3887,4.6040597,5.221569785090292,-0.6175100850902924
3888,4.5906787,5.220402718429915,-0.6297240184299149
3889,4.5751214,5.2189656932115875,-0.643844293211588
3890,4.5556083,5.2178901643719735,-0.6622818643719732
3891,4.5287986,5.216695022058515,-0.6878964220585146
3892,4.5108666,5.2162029308216535,-0.7053363308216536
3893,4.488749,5.215732676492957,-0.7269836764929565
3894,4.4638214,5.215271428996067,-0.751450028996067
3895,4.4366736,5.214890995223442,-0.7782173952234421
3896,4.409729,5.214134206519532,-0.8044052065195322
3897,4.385521,5.213607427661395,-0.8280864276613951
3898,4.3620114,5.212873321611273,-0.8508619216112727
3899,4.3475385,5.212044936520566,-0.8645064365205659
3900,4.3259406,5.211691094218519,-0.8857504942185193
3901,4.323884,5.210825690842676,-0.8869416908426766
3902,4.3297577,5.2105429795722715,-0.8807852795722715
3903,4.3421597,5.2096963049996,-0.8675366049996001
3904,4.359609,5.208264883853777,-0.8486558838537768
3905,4.3788137,5.206662004854621,-0.827848304854621
3906,4.398156,5.205263847192923,-0.8071078471929232
3907,4.418117,5.204672398695869,-0.7865553986958691
3908,4.4365563,5.204012111944833,-0.7674558119448323
3909,4.4553647,5.2023826594109615,-0.7470179594109618
3910,4.4700418,5.200466442394789,-0.7304246423947891
3911,4.4845695,5.198629039144821,-0.714059539144821
3912,4.4990516,5.197378965199288,-0.6983273651992885
3913,4.513472,5.195978395708664,-0.6825063957086641
3914,4.527817,5.1936404753375,-0.6658234753375005
3915,4.54207,5.192213922790554,-0.6501439227905541
3916,4.556218,5.190358774100762,-0.6341407741007616
3917,4.570245,5.189873731395376,-0.6196287313953759
3918,4.5841355,5.188536796741232,-0.6044012967412318
3919,4.5978756,5.186412235786479,-0.588536635786479
3920,4.61145,5.183932373469989,-0.5724823734699891
3921,4.624844,5.181356777009511,-0.5565127770095106
3922,4.6380424,5.179132826184737,-0.5410904261847369
3923,4.65103,5.176944952257276,-0.5259149522572759
3924,4.663792,5.174507981048887,-0.5107159810488868
3925,4.676312,5.1722825261809895,-0.49597052618098925
3926,4.688578,5.169699095237013,-0.48112109523701374
3927,4.7005744,5.167579604420328,-0.4670052044203281
3928,4.712285,5.165694470531895,-0.45340947053189495
3929,4.723696,5.169634132637561,-0.44593813263756044
3930,4.7347913,5.173452915654887,-0.4386616156548868
3931,4.745557,5.1701602506361235,-0.4246032506361237
3932,4.755977,5.166370958035293,-0.4103939580352929
3933,4.7660375,5.163072755003434,-0.3970352550034333
3934,4.775723,5.158896516830394,-0.3831735168303938
3935,4.785019,5.153961983039845,-0.36894298303984474
3936,4.7939095,5.1493209545707535,-0.3554114545707536
3937,4.8023806,5.150337017044156,-0.3479564170441556
3938,4.810417,5.152559458829529,-0.342142458829529
3939,4.8180037,5.149655437001062,-0.3316517370010619
3940,4.8251257,5.141940597943662,-0.3168148979436616
3941,4.8317685,5.132819893685228,-0.3010513936852277
3942,4.8379164,5.124323768413121,-0.286407368413121
3943,4.8435555,5.115202035372463,-0.2716465353724633
3944,4.84867,5.104142680942847,-0.25547268094284714
3945,4.8532453,5.093014672153803,-0.23976937215380278
3946,4.857266,5.081907637486135,-0.22464163748613508
3947,4.860718,5.071225672846139,-0.21050767284613858
3948,4.863585,5.06068324290466,-0.19709824290466038
3949,4.865854,5.049957834014121,-0.18410383401412123
3950,4.8675084,5.039690347193813,-0.1721819471938124
3951,4.8685336,5.0296543656956345,-0.16112076569563438
3952,4.8643637,5.020652391506115,-0.15628869150611457
3953,4.831898,5.012571113705276,-0.18067311370527595
3954,4.784012,5.004278648744821,-0.22026664874482105
3955,4.719199,4.9963022105113275,-0.2771032105113278
3956,4.6530347,4.988653559086789,-0.33561885908678857
3957,4.5963025,4.982236473043294,-0.3859339730432936
3958,4.551121,4.9763247932725605,-0.4252037932725603
3959,4.5106483,4.969609438213339,-0.45896113821333895
3960,4.4876556,4.962642867673035,-0.47498726767303534
3961,4.477077,4.956027136641537,-0.4789501366415365
3962,4.4746747,4.950658021110868,-0.47598332111086883
3963,4.480107,4.945774751210309,-0.4656677512103089
3964,4.493827,4.941152071604894,-0.44732507160489465
3965,4.515625,4.936781489494477,-0.4211564894944768
3966,4.540305,4.931520877648109,-0.3912158776481087
3967,4.565212,4.9280592225952855,-0.3628472225952857
3968,4.580512,4.92455843047419,-0.34404643047419015
3969,4.5956573,4.920376634687393,-0.32471933468739334
3970,4.6087775,4.916996673775573,-0.30821917377557284
3971,4.620115,4.913532984056329,-0.2934179840563287
3972,4.63164,4.912025859561798,-0.2803858595617976
3973,4.6448126,4.911257325082836,-0.26644472508283634
3974,4.659768,4.909066791348312,-0.24929879134831268
3975,4.674384,4.907179676367349,-0.2327956763673491
3976,4.688808,4.9064182314820854,-0.21761023148208558
3977,4.7041364,4.907893189342006,-0.20375678934200536
3978,4.721043,4.91000558135787,-0.18896258135787036
3979,4.7383814,4.910200701784567,-0.17181930178456728
3980,4.7513733,4.911396691873442,-0.16002339187344194
3981,4.765734,4.91345464571802,-0.14772064571802002
3982,4.7760925,4.918093361255941,-0.14200086125594158
3983,4.7863073,4.924242936659126,-0.137935636659126
3984,4.7916913,4.9300018220665525,-0.13831052206655237
3985,4.794294,4.935787345928895,-0.14149334592889495
3986,4.793489,4.943474768487179,-0.14998576848717882
3987,4.785731,4.952957268871832,-0.16722626887183178
3988,4.7715707,4.962211322494755,-0.19064062249475544
3989,4.752206,4.9732399657379665,-0.2210339657379663
3990,4.7288356,4.985844740825286,-0.2570091408252857
3991,4.7026587,5.000775037135896,-0.29811633713589636
3992,4.674873,5.01908330351101,-0.34421030351101045
3993,4.646677,5.036654102012698,-0.38997710201269786
3994,4.6192694,5.052257092147447,-0.4329876921474467
3995,4.5938487,5.069186438171045,-0.47533773817104574
3996,4.571613,5.087094438488668,-0.5154814384886679
3997,4.553761,5.1060690250836025,-0.5523080250836028
3998,4.5414915,5.125838454073093,-0.5843469540730926
3999,4.536003,5.14603199882451,-0.61002899882451
4000,4.5356426,5.166897356214149,-0.6312547562141493
4001,4.5354295,5.187465920607925,-0.6520364206079252
4002,4.5352297,5.209314437714838,-0.6740847377148373
4003,4.5350432,5.231128084274192,-0.6960848842741925
4004,4.534869,5.251776126781653,-0.7169071267816536
4005,4.5347075,5.276210517483435,-0.741503017483435
4006,4.534558,5.301002783358085,-0.766444783358085
4007,4.5344195,5.318860397972835,-0.7844408979728348
4008,4.534292,5.336925448830902,-0.8026334488309024
4009,4.534175,5.353464505348082,-0.819289505348082
4010,4.534068,5.368749266349366,-0.8346812663493655
4011,4.5339704,5.383516476298988,-0.8495460762989877
4012,4.533882,5.397631961419832,-0.8637499614198321
4013,4.5338025,5.410829326536414,-0.8770268265364134
4014,4.533731,5.422044646124309,-0.8883136461243089
4015,4.533667,5.431768582480876,-0.8981015824808756
4016,4.533611,5.4403744339966265,-0.9067634339966268
4017,4.533561,5.450149526755874,-0.9165885267558744
4018,4.5335183,5.457275691986704,-0.9237573919867037
4019,4.5334816,5.461363062692,-0.9278814626919996
4020,4.5334496,5.4638438419852475,-0.9303942419852476
4021,4.5334234,5.465875866849804,-0.9324524668498038
4022,4.5334015,5.466729783268811,-0.9333282832688106
4023,4.533384,5.465507038213569,-0.932123038213569
4024,4.53337,5.461787484111077,-0.928417484111077
4025,4.53481,5.458015084872534,-0.9232050848725342
4026,4.5434937,5.458865645220072,-0.9153719452200724
4027,4.559325,5.469511946684295,-0.9101869466842949
4028,4.5803947,5.485210896992532,-0.9048161969925319
4029,4.605711,5.494328540899644,-0.8886175408996433
4030,4.634027,5.51034872917064,-0.8763217291706402
4031,4.664097,5.514018804950975,-0.8499218049509754
4032,4.6946855,5.491836526740141,-0.7971510267401403
4033,4.724522,5.469014935262221,-0.7444929352622207
4034,4.7523723,5.445628402024951,-0.693256102024951
4035,4.7769885,5.4217580336591755,-0.6447695336591757
4036,4.797125,5.397488881638278,-0.6003638816382777
4037,4.8115344,5.372904706279409,-0.5613703062794091
4038,4.818971,5.348079973864654,-0.5291089738646537
4039,4.807759,5.323075039078123,-0.5153160390781233
4040,4.7625146,5.2979331097848945,-0.5354185097848942
4041,4.7022433,5.272680924691904,-0.5704376246919036
4042,4.637463,5.247326409259349,-0.6098634092593489
4043,4.5719275,5.221854685053153,-0.6499271850531532
4044,4.5092154,5.196233962444523,-0.6870185624445222
4045,4.4512796,5.170425892478544,-0.7191462924785439
4046,4.4001245,5.144392900804838,-0.7442684008048372
4047,4.3586535,5.1181031314953955,-0.7594496314953956
4048,4.324111,5.091534528399145,-0.7674235283991448
4049,4.2992477,5.064677860256875,-0.7654301602568756
4050,4.281661,5.037537252278719,-0.7558762522787195
4051,4.268317,5.01012921505902,-0.7418122150590207
4052,4.2555413,4.98248118164486,-0.72693988164486
4053,4.2380786,4.954629259581093,-0.7165506595810935
4054,4.2171164,4.926615465662673,-0.7094990656626727
4055,4.1994348,4.898485679642229,-0.699050879642229
4056,4.186688,4.870287600809523,-0.6835996008095231
4057,4.180469,4.842068841612703,-0.6615998416127029
4058,4.1773987,4.813877063893179,-0.636478363893179
4059,4.1769485,4.785760660884279,-0.6088121608842787
4060,4.169754,4.757768666677559,-0.5880146666775588
4061,4.1515265,4.729950109125274,-0.5784236091252737
4062,4.118016,4.7023532785395235,-0.5843372785395236
4063,4.0762067,4.675026164000949,-0.5988194640009485
4064,4.032791,4.648018596930729,-0.6152275969307297
4065,3.9946365,4.621384172679081,-0.6267476726790808
4066,3.9681396,4.620859160143402,-0.6527195601434017
4067,3.9444592,4.623269421297443,-0.678810221297443
4068,3.928444,4.606633343932778,-0.678189343932778
4069,3.918444,4.593723366070448,-0.6752793660704484
4070,3.9153965,4.583479742148889,-0.6680832421488887
4071,3.9204762,4.570848319687497,-0.6503721196874968
4072,3.9382217,4.5621331252711395,-0.6239114252711393
4073,3.9671485,4.555618100929472,-0.5884696009294719
4074,4.005384,4.547681015851863,-0.5422970158518625
4075,4.0510564,4.536844898513129,-0.4857884985131289
4076,4.102294,4.5239265582647565,-0.4216325582647569
4077,4.157224,4.508857168401115,-0.3516331684011149
4078,4.213975,4.5019997063646695,-0.2880247063646699
4079,4.270675,4.496341782582651,-0.2256667825826515
4080,4.325452,4.4826984326592285,-0.15724643265922822
4081,4.376434,4.4716541810685095,-0.09522018106850982
4082,4.421748,4.461567920879087,-0.039819920879087256
4083,4.4595237,4.4569796282005925,0.0025440717994076323
4084,4.4878883,4.4538521788980985,0.03403612110190135
4085,4.5052795,4.447203353494595,0.058076146505404935
4086,4.5205727,4.440982555678824,0.07959014432117595
4087,4.5346656,4.4369913835214785,0.09767421647852181
4088,4.5476227,4.436166587066412,0.11145611293358737
4089,4.5595093,4.434842846064926,0.12466645393507392
4090,4.57039,4.433476347475082,0.1369136525249175
4091,4.58033,4.433754332403132,0.1465756675968679
4092,4.5893936,4.4364754361148035,0.15291816388519663
4093,4.597646,4.441398765755213,0.1562472342447867
4094,4.605152,4.443786885827451,0.16136511417254962
4095,4.6119766,4.445920469297829,0.16605613070217107
4096,4.618184,4.449309062658671,0.16887493734132963
4097,4.6238394,4.45191538486547,0.17192401513452982
4098,4.629008,4.456867140270325,0.17214085972967474
4099,4.633754,4.462084835666759,0.17166916433324086
4100,4.638142,4.465005086318206,0.17313691368179462
4101,4.6422377,4.467314495802137,0.17492320419786278
4102,4.6461053,4.470967663598229,0.1751376364017716
4103,4.6498103,4.4801780708316175,0.16963222916838294
4104,4.6534166,4.48617694279859,0.1672396572014101
4105,4.6569896,4.492443047103897,0.16454655289610276
4106,4.660594,4.4998216515607,0.16077234843929933
4107,4.6642947,4.508017725862443,0.15627697413755737
4108,4.6681566,4.514996468659958,0.1531601313400417
4109,4.672244,4.524109599859539,0.14813440014046098
4110,4.6766224,4.5347840684928755,0.14183833150712477
4111,4.681356,4.552986832102875,0.12836916789712483
4112,4.6865106,4.585403602509373,0.10110699749062668
4113,4.6921496,4.616270062847721,0.07587953715227869
4114,4.698339,4.65315545360777,0.04518354639222988
4115,4.7051435,4.681154060361203,0.02398943963879674
4116,4.712627,4.720910850385188,-0.008283850385187641
4117,4.720855,4.770612500706051,-0.04975750070605045
4118,4.729893,4.799892062480694,-0.06999906248069454
4119,4.739968,4.817045919185303,-0.07707791918530305
4120,4.741249,4.8308632184364315,-0.08961421843643169
4121,4.728591,4.841291419042917,-0.11270041904291705
4122,4.7090487,4.847632839532674,-0.13858413953267412
4123,4.689706,4.850503018359385,-0.16079701835938476
4124,4.6733847,4.855113028379505,-0.18172832837950548
4125,4.6608725,4.860464477727552,-0.1995919777275521
4126,4.6519523,4.866274411217924,-0.21432211121792477
4127,4.643525,4.873949382240858,-0.23042438224085782
4128,4.635983,4.884024374616115,-0.24804137461611475
4129,4.6286764,4.8936694874518505,-0.2649930874518507
4130,4.6199102,4.905236193098754,-0.2853259930987546
4131,4.6118875,4.918595465599468,-0.3067079655994682
4132,4.6053324,4.92842378742331,-0.3230913874233101
4133,4.6004844,4.938158296913885,-0.33767389691388505
4134,4.5931125,4.949600511419064,-0.3564880114190636
4135,4.5759635,4.963617230937628,-0.387653730937628
4136,4.543553,4.980711417305543,-0.43715841730554317
4137,4.50093,4.998046768239512,-0.4971167682395121
4138,4.4584284,5.012181735691538,-0.5537533356915381
4139,4.4216614,5.0266818925944134,-0.6050204925944138
4140,4.393827,5.0405420996122015,-0.6467150996122015
4141,4.370006,5.056028212891024,-0.6860222128910243
4142,4.345146,5.075856432577994,-0.7307104325779941
4143,4.316087,5.095851403539896,-0.7797644035398967
4144,4.263383,5.119517381576032,-0.856134381576032
4145,4.065869,5.141958474113012,-1.0760894741130116
4146,4.067698,5.157612624462437,-1.0899146244624367
4147,4.0679536,5.173205878409318,-1.105252278409318
4148,4.0685024,5.195184272287456,-1.126681872287456
4149,4.069434,5.21437733739951,-1.1449433373995097
4150,4.070839,5.229605497106034,-1.1587664971060336
4151,4.072807,5.24685521864764,-1.1740482186476395
4152,4.0754275,5.263044324811741,-1.187616824811741
4153,4.078792,5.27882331350595,-1.2000313135059502
4154,4.0829897,5.292524683046011,-1.2095349830460114
4155,4.088111,5.304861341468449,-1.2167503414684493
4156,4.094245,5.317680523982499,-1.2234355239824994
4157,4.101483,5.329736153357576,-1.228253153357576
4158,4.1099143,5.344164925185476,-1.2342506251854761
4159,4.1196294,5.357097267168688,-1.2374678671686876
4160,4.130718,5.3653579099362085,-1.2346399099362086
4161,4.1432705,5.372538356962332,-1.2292678569623323
4162,4.157377,5.3797125207189955,-1.2223355207189952
4163,4.1731772,5.388040856828539,-1.2148636568285394
4164,4.1906104,5.393414578794928,-1.2028041787949286
4165,4.209918,5.399923443239554,-1.1900054432395537
4166,4.231139,5.402157824443307,-1.1710188244433075
4167,4.254365,5.403666682785651,-1.1493016827856515
4168,4.280465,5.405881339779225,-1.1254163397792247
4169,4.313693,5.406270887766393,-1.0925778877663932
4170,4.352331,5.404951639245711,-1.0526206392457107
4171,4.3950977,5.401224453145258,-1.0061267531452582
4172,4.4407105,5.396259268248471,-0.9555487682484713
4173,4.4878874,5.389147253758547,-0.901259853758547
4174,4.5353646,5.380903192708141,-0.8455385927081407
4175,4.5818224,5.371462522793624,-0.7896401227936236
4176,4.6259975,5.3594068931166925,-0.7334093931166921
4177,4.6666083,5.3458510066885285,-0.6792427066885285
4178,4.7023716,5.331490700321299,-0.629119100321299
4179,4.7320065,5.316934386697684,-0.5849278866976846
4180,4.75423,5.2979783563765155,-0.5437483563765158
4181,4.7677603,5.27773127880222,-0.5099709788022198
4182,4.771302,5.276648100962814,-0.5053461009628135
4183,4.7634683,5.280937897572163,-0.5174695975721626
4184,4.744825,5.274884269898735,-0.530059269898735
4185,4.7087073,5.243251363354422,-0.5345440633544216
4186,4.6513925,5.211323745391301,-0.5599312453913008
4187,4.5752234,5.179237727631111,-0.604014327631111
4188,4.4890714,5.147133453761317,-0.6580620537613164
4189,4.403254,5.115153912352516,-0.711899912352516
4190,4.318001,5.083443455823303,-0.7654424558233028
4191,4.232243,5.052145696102472,-0.8199026961024716
4192,4.1483145,5.0214011861668695,-0.8730866861668698
4193,4.069369,4.991346274815109,-0.9219772748151094
4194,3.9990802,4.962111972846746,-0.9630317728467466
4195,3.9350903,4.9338210256892845,-0.9987307256892843
4196,3.8771527,4.906585667158516,-1.0294329671585158
4197,3.8261905,4.88050729893257,-1.05431679893257
4198,3.7831693,4.855675775037989,-1.0725064750379891
4199,3.7464175,4.832168109016029,-1.0857506090160292
4200,3.7124164,4.810047192575546,-1.0976307925755457
4201,3.6781857,4.789361285751157,-1.1111755857511576
4202,3.6487753,4.77014367162856,-1.1213683716285598
4203,3.623644,4.752412202147619,-1.128768202147619
4204,3.601047,4.736169154739751,-1.1351221547397512
4205,3.5777915,4.721400934610097,-1.143609434610097
4206,3.5593643,4.708078217100723,-1.1487139171007228
4207,3.54621,4.696157069472115,-1.1499470694721148
4208,3.5372021,4.685580460363969,-1.148378360363969
4209,3.5296032,4.697768858976985,-1.1681656589769847
4210,3.5242343,4.712633919708952,-1.1883996197089521
4211,3.5233502,4.7162976531319805,-1.1929474531319806
4212,3.523805,4.7163681822612515,-1.1925631822612517
4213,3.5214648,4.718943267810418,-1.1974784678104178
4214,3.5238092,4.723105208561597,-1.1992960085615967
4215,3.5279138,4.7287257005034,-1.2008119005034001
4216,3.5346549,4.734380238451183,-1.199725338451183
4217,3.5506766,4.74052354327965,-1.1898469432796501
4218,3.5709708,4.750129129891043,-1.179158329891043
4219,3.5955865,4.759023291125031,-1.1634367911250307
4220,3.6185095,4.76529658526826,-1.1467870852682598
4221,3.6409824,4.768150344208796,-1.127167944208796
4222,3.656202,4.770054037351575,-1.1138520373515752
4223,3.664519,4.771765683643829,-1.107246683643829
4224,3.6671383,4.777388597613949,-1.1102502976139488
4225,3.668643,4.782592845845391,-1.1139498458453914
4226,3.6740825,4.785309647646296,-1.1112271476462965
4227,3.6825597,4.7881420389154705,-1.1055823389154704
4228,3.6939,4.79154231624326,-1.0976423162432596
4229,3.70793,4.7979692126081765,-1.0900392126081764
4230,3.7244754,4.804436183288555,-1.0799607832885547
4231,3.7433624,4.806767239212526,-1.063404839212526
4232,3.7644172,4.808270885560342,-1.0438536855603417
4233,3.7874653,4.810959541070654,-1.0234942410706536
4234,3.812333,4.812887086941932,-1.0005540869419316
4235,3.8388462,4.816356703780339,-0.9775105037803389
4236,3.8668306,4.817749875908136,-0.9509192759081362
4237,3.896113,4.81819326371738,-0.9220802637173802
4238,3.9265194,4.819266375967482,-0.8927469759674818
4239,3.9578755,4.82701902523157,-0.8691435252315696
4240,3.990007,4.833236687969463,-0.8432296879694632
4241,4.02274,4.836121905751958,-0.8133819057519585
4242,4.0559006,4.837277849429929,-0.7813772494299291
4243,4.0893154,4.839405021820519,-0.7500896218205186
4244,4.1228104,4.843742932484761,-0.7209325324847615
4245,4.1562104,4.848087172020097,-0.6918767720200973
4246,4.189342,4.852090714055033,-0.6627487140550334
4247,4.2220316,4.85722581631027,-0.6351942163102695
4248,4.2541056,4.862616403193412,-0.6085108031934121
4249,4.285389,4.869374548313955,-0.5839855483139544
4250,4.315708,4.876383064566051,-0.560675064566051
4251,4.344889,4.881995737315865,-0.5371067373158649
4252,4.372758,4.887276592701978,-0.514518592701978
4253,4.399141,4.893518427917735,-0.4943774279177351
4254,4.4238634,4.902672215242809,-0.47880881524280916
4255,4.446752,4.911317061312998,-0.4645650613129977
4256,4.467633,4.9188984080161955,-0.4512654080161953
4257,4.486331,4.926849709991702,-0.44051870999170184
4258,4.5026736,4.934607935141109,-0.43193433514110957
4259,4.5164857,4.94638297967509,-0.4298972796750906
4260,4.527594,4.959497779000697,-0.431903779000697
4261,4.535825,4.971621767717534,-0.43579676771753384
4262,4.541003,4.981886699842133,-0.44088369984213305
4263,4.5424623,4.991757858124827,-0.4492955581248266
4264,4.5255957,5.001127797779092,-0.4755320977790918
4265,4.490092,5.011315172468835,-0.5212231724688356
4266,4.444519,5.022450245964175,-0.5779312459641757
4267,4.3917365,5.0303041667893895,-0.6385676667893891
4268,4.3347974,5.036872035946241,-0.7020746359462411
4269,4.2762885,5.047264963433686,-0.7709764634336862
4270,4.2185984,5.056145464412919,-0.8375470644129184
4271,4.167271,5.060718818927972,-0.8934478189279718
4272,4.125775,5.065567054900614,-0.9397920549006145
4273,4.085605,5.070131201872901,-0.9845262018729004
4274,4.0521493,5.074938583611368,-1.0227892836113677
4275,4.022476,5.077676320242372,-1.0552003202423714
4276,3.99406,5.079991609091775,-1.0859316090917748
4277,3.968229,5.082203869639196,-1.113974869639196
4278,3.9418933,5.0834558559572605,-1.1415625559572606
4279,3.9116092,5.08564935358705,-1.1740401535870504
4280,3.8808038,5.087369992804421,-1.206566192804421
4281,3.851994,5.0874280651935235,-1.2354340651935236
4282,3.825713,5.086783198102702,-1.261070198102702
4283,3.8035693,5.08555711856997,-1.2819878185699705
4284,3.7839236,5.086020999091522,-1.302097399091522
4285,3.772607,5.085901831311262,-1.3132948313112625
4286,3.7634518,5.084561821307606,-1.321110021307606
4287,3.7536032,5.08288900559769,-1.32928580559769
4288,3.743852,5.082005762593206,-1.338153762593206
4289,3.7324197,5.081765296458895,-1.3493455964588947
4290,3.7228644,5.081730050920501,-1.3588656509205008
4291,3.719549,5.081532392625387,-1.3619833926253864
4292,3.7211456,5.081571760608592,-1.3604261606085926
4293,3.7312088,5.0809606671495064,-1.3497518671495063
4294,3.7504382,5.083514570720272,-1.333076370720272
4295,3.7724729,5.085794458621684,-1.3133215586216838
4296,3.795843,5.086421329602002,-1.2905783296020021
4297,3.8184378,5.087380774833754,-1.2689429748337542
4298,3.839764,5.0878934886715665,-1.2481294886715664
4299,3.8522315,5.089533627719079,-1.237302127719079
4300,3.8657072,5.090927455902097,-1.225220255902097
4301,3.8807147,5.093062552958912,-1.2123478529589122
4302,3.8971481,5.095867361322672,-1.1987192613226725
4303,3.9149015,5.099220595352495,-1.1843190953524951
4304,3.933869,5.102865226878253,-1.1689962268782526
4305,3.9539442,5.107741030831948,-1.1537968308319484
4306,3.9750216,5.112972558605323,-1.1379509586053231
4307,3.9969952,5.117018437444969,-1.1200232374449688
4308,4.019759,5.119954099454677,-1.1001950994546776
4309,4.0432076,5.124221573865821,-1.0810139738658213
4310,4.0672345,5.129524063535194,-1.0622895635351943
4311,4.091734,5.133431395460414,-1.0416973954604138
4312,4.1165996,5.138775889618514,-1.022176289618514
4313,4.141726,5.143757420995889,-1.0020314209958885
4314,4.1670074,5.150760709316296,-0.9837533093162962
4315,4.192338,5.157497549729256,-0.9651595497292558
4316,4.217611,5.162246906366693,-0.9446359063666936
4317,4.242721,5.170303745554133,-0.9275827455541323
4318,4.267562,5.179327148512584,-0.9117651485125844
4319,4.2920284,5.186812250005837,-0.8947838500058367
4320,4.3160143,5.192969662348533,-0.8769553623485331
4321,4.339413,5.196905089001992,-0.8574920890019913
4322,4.362119,5.200651683856023,-0.8385326838560232
4323,4.384027,5.204443025120709,-0.8204160251207098
4324,4.4050303,5.2088265470584565,-0.8037962470584565
4325,4.425023,5.21371405702854,-0.7886910570285393
4326,4.4438996,5.218367383375276,-0.7744677833752762
4327,4.461554,5.221371290130861,-0.7598172901308615
4328,4.4778805,5.222368018407753,-0.7444875184077526
4329,4.492772,5.223571171813433,-0.7307991718134321
4330,4.5061245,5.224374468338563,-0.7182499683385624
4331,4.517831,5.22774897598382,-0.7099179759838199
4332,4.5277853,5.232029177951492,-0.7042438779514919
4333,4.535882,5.233698307938095,-0.697816307938095
4334,4.542015,5.234142454465944,-0.6921274544659441
4335,4.5460787,5.234242495089178,-0.6881637950891779
4336,4.5479665,5.234532238819388,-0.6865657388193878
4337,4.551974,5.235121641718355,-0.6831476417183548
4338,4.556076,5.2354753943354595,-0.6793993943354595
4339,4.556538,5.235498690330848,-0.6789606903308485
4340,4.5559506,5.234746411872731,-0.6787958118727309
4341,4.5553613,5.232913369346911,-0.6775520693469108
4342,4.552414,5.230730155985099,-0.6783161559850992
4343,4.5459986,5.228213255031845,-0.6822146550318449
4344,4.536666,5.226061946153202,-0.6893959461532013
4345,4.5293274,5.2235015535767975,-0.6941741535767978
4346,4.518514,5.21998130512403,-0.7014673051240301
4347,4.507653,5.2157802257517725,-0.7081272257517721
4348,4.4987717,5.211748776783682,-0.712977076783682
4349,4.4880304,5.207358190692081,-0.7193277906920805
4350,4.4772544,5.202705489077826,-0.7254510890778265
4351,4.4643893,5.197902660857546,-0.7335133608575459
4352,4.450228,5.193166627505627,-0.7429386275056267
4353,4.4374475,5.18822375236911,-0.7507762523691097
4354,4.428726,5.183396789972067,-0.7546707899720673
4355,4.4231744,5.178622304288491,-0.7554479042884914
4356,4.424714,5.173700763211198,-0.7489867632111986
4357,4.4337134,5.169059716415303,-0.7353463164153027
4358,4.4494977,5.1647760675683765,-0.7152783675683763
4359,4.468361,5.161095951217969,-0.692734951217969
4360,4.489735,5.1579239249525095,-0.6681889249525099
4361,4.5127954,5.1548798311780155,-0.6420844311780156
4362,4.5349774,5.152297302246328,-0.6173199022463285
4363,4.551785,5.150307770678425,-0.5985227706784251
4364,4.5650506,5.149185100101333,-0.5841345001013325
4365,4.5768228,5.148953177930787,-0.5721303779307867
4366,4.582878,5.14911780491952,-0.5662398049195199
4367,4.5827603,5.150230593486371,-0.5674702934863705
4368,4.57442,5.151967806999956,-0.5775478069999558
4369,4.560828,5.154629038342491,-0.593801038342491
4370,4.5429254,5.157938703346406,-0.615013303346406
4371,4.52165,5.161299315256514,-0.6396493152565137
4372,4.497942,5.165488201386205,-0.6675462013862052
4373,4.472731,5.1703933326924805,-0.6976623326924809
4374,4.446976,5.176518796006734,-0.7295427960067338
4375,4.421607,5.183136737495088,-0.7615297374950885
4376,4.3975635,5.190072275431412,-0.7925087754314113
4377,4.375785,5.197505251411217,-0.8217202514112172
4378,4.3572106,5.205444703148839,-0.8482341031488385
4379,4.34278,5.2139928268326905,-0.8712128268326902
4380,4.333433,5.223469101076679,-0.8900361010766789
4381,4.3301086,5.233146238061388,-0.903037638061388
4382,4.339512,5.242141366171949,-0.9026293661719489
4383,4.350063,5.251293269872623,-0.9012302698726238
4384,4.361686,5.260160923218611,-0.8984749232186111
4385,4.374308,5.269349529175209,-0.8950415291752085
4386,4.3878536,5.278285128972706,-0.890431528972706
4387,4.402249,5.286322063183195,-0.8840730631831946
4388,4.417419,5.296273509912745,-0.8788545099127454
4389,4.43329,5.305477548952248,-0.8721875489522475
4390,4.449788,5.311360603627943,-0.861572603627943
4391,4.466838,5.316127005293338,-0.849289005293338
4392,4.4843655,5.3192840797893055,-0.8349185797893055
4393,4.5022964,5.321350984317124,-0.819054584317124
4394,4.520556,5.322509377888158,-0.8019533778881582
4395,4.5390706,5.323004257691859,-0.7839336576918594
4396,4.557766,5.322055777692853,-0.764289777692853
4397,4.576566,5.319778703628093,-0.7432127036280933
4398,4.5953984,5.317159173941221,-0.7217607739412211
4399,4.6141877,5.313580671545368,-0.6993929715453682
4400,4.63286,5.308978949879274,-0.6761189498792737
4401,4.651341,5.302476173423747,-0.6511351734237465
4402,4.6695557,5.293986482933892,-0.6244307829338922
4403,4.68743,5.284687155584871,-0.5972571555848711
4404,4.7048893,5.275228010624683,-0.5703387106246831
4405,4.72186,5.267205460229508,-0.545345460229508
4406,4.7382674,5.260481453680415,-0.5222140536804156
4407,4.7540364,5.255054459518719,-0.501018059518719
4408,4.769094,5.249513759102233,-0.480419759102233
4409,4.7813063,5.247304194370537,-0.4659978943705374
4410,4.7687554,5.244954346536071,-0.476198946536071
4411,4.742162,5.243261497459371,-0.5010994974593705
4412,4.7043676,5.253041277618335,-0.5486736776183347
4413,4.6636963,5.25789027165968,-0.5941939716596805
4414,4.6237717,5.239165130329254,-0.6153934303292541
4415,4.5891333,5.2209042634814455,-0.6317709634814452
4416,4.5624804,5.203118580430698,-0.640638180430698
4417,4.5441217,5.1858107076033955,-0.6416890076033956
4418,4.532972,5.168975782019044,-0.6360037820190438
4419,4.5254126,5.152602470854942,-0.6271898708549415
4420,4.519503,5.136673732869117,-0.6171707328691172
4421,4.514946,5.121166678114334,-0.606220678114334
4422,4.512243,5.10605302634098,-0.5938100263409805
4423,4.511456,5.0913010572597335,-0.5798450572597336
4424,4.510363,5.076877570869503,-0.5665145708695034
4425,4.50879,5.062749403771703,-0.553959403771703
4426,4.502326,5.048884976120133,-0.5465589761201333
4427,4.4872947,5.035256027112965,-0.5479613271129651
4428,4.4599066,5.021839848995964,-0.5619332489959641
4429,4.4219413,5.008621426035039,-0.5866801260350387
4430,4.3795266,4.995594301244851,-0.6160677012448508
4431,4.3377795,4.9827601029024775,-0.6449806029024776
4432,4.299164,4.97012810732916,-0.6709641073291595
4433,4.2678876,4.981723499214707,-0.7138358992147067
4434,4.242797,4.9958436783622595,-0.7530466783622591
4435,4.223223,4.991570264621881,-0.7683472646218812
4436,4.2077627,4.987830779228474,-0.7800680792284744
4437,4.198951,4.9884632354874086,-0.7895122354874085
4438,4.1961856,4.993039354739483,-0.796853754739483
4439,4.1999054,4.991613515875553,-0.7917081158755535
4440,4.2106094,4.9892557916511056,-0.7786463916511055
4441,4.229697,4.988465364366878,-0.7587683643668779
4442,4.254998,4.98779793495627,-0.7327999349562706
4443,4.281443,4.985978489014368,-0.7045354890143676
4444,4.3083835,4.983354832005808,-0.674971332005808
4445,4.334564,4.980057642065802,-0.6454936420658015
4446,4.3555856,4.977173485188318,-0.6215878851883172
4447,4.3725705,4.973599412644949,-0.6010289126449493
4448,4.387183,4.968819830693495,-0.5816368306934949
4449,4.400767,4.9650933530820485,-0.5643263530820484
4450,4.412502,4.9641006862224,-0.5515986862224
4451,4.4151645,4.9631468608468285,-0.5479823608468282
4452,4.416837,4.960490168744069,-0.5436531687440684
4453,4.419854,4.958709840991589,-0.5388558409915891
4454,4.4241266,4.957352463701949,-0.5332258637019489
4455,4.4295683,4.957554795492698,-0.5279864954926987
4456,4.4360914,4.959634287053575,-0.5235428870535754
4457,4.443608,4.961708833741626,-0.5181008337416255
4458,4.4520316,4.962330262913747,-0.5102986629137476
4459,4.461274,4.962943884306797,-0.5016698843067964
4460,4.4712486,4.967860374571318,-0.4966117745713179
4461,4.481868,4.971729830755426,-0.48986183075542566
4462,4.493044,4.973767232334685,-0.48072323233468506
4463,4.5046897,4.976502927290791,-0.47181322729079067
4464,4.516718,4.977383314587352,-0.46066531458735227
4465,4.529041,4.979300987267415,-0.45025998726741445
4466,4.5415716,4.981585650868368,-0.44001405086836787
4467,4.554222,4.982214643925174,-0.4279926439251742
4468,4.5669055,4.983456781247177,-0.4165512812471768
4469,4.5795345,4.9847929716284565,-0.4052584716284562
4470,4.592021,4.989082537590356,-0.3970615375903561
4471,4.6042786,4.992856953870804,-0.3885783538708045
4472,4.6162195,4.993171381572882,-0.3769518815728823
4473,4.6277556,4.992107273507076,-0.364351673507076
4474,4.638801,4.990713875093352,-0.351912875093352
4475,4.649267,4.991644423765908,-0.34237742376590763
4476,4.6590667,4.994862842821246,-0.3357961428212457
4477,4.6681128,4.9952683570703895,-0.32715555707038924
4478,4.6763177,4.994792830352466,-0.318475130352466
4479,4.683594,4.994288254932149,-0.31069425493214897
4480,4.689855,4.995161365182085,-0.3053063651820853
4481,4.6950126,4.998720460734563,-0.3037078607345629
4482,4.6989794,4.999084233300494,-0.30010483330049453
4483,4.7016683,5.0014674614511,-0.29979916145110064
4484,4.702992,5.00815434059019,-0.30516234059019
4485,4.6907196,5.011523854374024,-0.32080425437402393
4486,4.6771817,5.011238063130369,-0.3340563631303688
4487,4.660202,5.010630428736936,-0.3504284287369357
4488,4.6429114,5.009237972861191,-0.3663265728611913
4489,4.624892,5.009223425578912,-0.3843314255789121
4490,4.603615,5.009383588992092,-0.40576858899209256
4491,4.5854416,5.009633376187249,-0.4241917761872491
4492,4.575236,5.009595546504124,-0.43435954650412345
4493,4.571784,5.00946425739078,-0.4376802573907801
4494,4.5736823,5.010111532782125,-0.43642923278212553
4495,4.580924,5.014440274805043,-0.43351627480504273
4496,4.590501,5.019415506083978,-0.4289145060839781
4497,4.6001434,5.022708542643978,-0.42256514264397804
4498,4.6101913,5.026897796049057,-0.4167064960490565
4499,4.6207647,5.032241985184444,-0.4114772851844446
4500,4.631335,5.038185619557544,-0.4068506195575443
4501,4.6440406,5.044456523162353,-0.4004159231623525
4502,4.6590967,5.04909315312331,-0.38999645312330955
4503,4.6762085,5.052621636598541,-0.3764131365985408
4504,4.6949897,5.0575531348798695,-0.36256343487986964
4505,4.7148733,5.065226210919869,-0.3503529109198693
4506,4.740304,5.073397349367157,-0.3330933493671573
4507,4.759941,5.078468270040394,-0.31852727004039316
4508,4.7815485,5.0821137386451,-0.3005652386450999
4509,4.800257,5.087225383539684,-0.28696838353968346
4510,4.8147025,5.091853840614589,-0.2771513406145889
4511,4.826562,5.096330485608696,-0.2697684856086964
4512,4.837377,5.100201657164885,-0.26282465716488534
4513,4.844659,5.104570314362794,-0.25991131436279424
4514,4.8510056,5.108677930406816,-0.25767233040681603
4515,4.85718,5.111770714823844,-0.254590714823844
4516,4.8635983,5.115158176128246,-0.2515598761282467
4517,4.871766,5.118098641621311,-0.24633264162131052
4518,4.879871,5.121184853929479,-0.24131385392947902
4519,4.889898,5.126137734027158,-0.23623973402715848
4520,4.9003034,5.130015775882487,-0.22971237588248705
4521,4.90568,5.1322393585759185,-0.22655935857591825
4522,4.912808,5.134593000686676,-0.22178500068667617
4523,4.917756,5.137499639440298,-0.2197436394402983
4524,4.9254293,5.139998693936348,-0.21456939393634755
4525,4.9276175,5.1433012849067135,-0.21568378490671325
4526,4.927849,5.1463838074423895,-0.2185348074423894
4527,4.928184,5.149122732341169,-0.22093873234116934
4528,4.9287186,5.158124506392424,-0.22940590639242409
4529,4.929443,5.167386417243094,-0.23794341724309387
4530,4.930348,5.171822341985845,-0.24147434198584428
4531,4.931424,5.175547302358046,-0.24412330235804625
4532,4.932662,5.178329240760565,-0.24566724076056534
4533,4.9340515,5.181419179422219,-0.2473676794222195
4534,4.935583,5.184733853254491,-0.24915085325449038
4535,4.937248,5.187832588925509,-0.2505845889255083
4536,4.9390364,5.190880815854131,-0.25184441585413087
4537,4.940938,5.193859591856707,-0.2529215918567074
4538,4.942944,5.196284173860298,-0.2533401738602983
4539,4.9450445,5.1985652881290685,-0.25352078812906864
4540,4.947231,5.201290021856185,-0.25405902185618423
4541,4.9494925,5.203704961112643,-0.25421246111264306
4542,4.95182,5.205587909821489,-0.2537679098214891
4543,4.954204,5.207276935844078,-0.2530729358440782
4544,4.9566355,5.211168678331764,-0.2545331783317639
4545,4.9591045,5.215583383972732,-0.2564788839727328
4546,4.9616013,5.2169675265121755,-0.25536622651217566
4547,4.9641166,5.218029079588508,-0.25391247958850816
4548,4.966641,5.219323264594555,-0.25268226459455523
4549,4.9691644,5.219823022182022,-0.25065862218202195
4550,4.971678,5.220205108759938,-0.2485271087599381
4551,4.9741716,5.22108888287926,-0.2469172828792603
4552,4.976636,5.2214737961695885,-0.24483779616958845
4553,4.9790616,5.221159398059527,-0.24209779805952714
4554,4.981439,5.220677762034361,-0.23923876203436123
4555,4.983759,5.220001326795678,-0.23624232679567836
4556,4.986011,5.219856551326818,-0.2338455513268176
4557,4.9881864,5.219262754739784,-0.23107635473978405
4558,4.990275,5.219775347462622,-0.22950034746262205
4559,4.992268,5.220105517531844,-0.2278375175318441
4560,4.9941554,5.218787628902954,-0.2246322289029532
4561,4.995928,5.217833639030201,-0.22190563903020077
4562,4.9975753,5.217352241036301,-0.21977694103630085
4563,4.9990892,5.216461034037469,-0.2173718340374684
4564,5.000459,5.215515018033582,-0.21505601803358143
4565,5.001676,5.214307414112755,-0.21263141411275477
4566,5.00273,5.214012490415365,-0.21128249041536495
4567,5.003612,5.213625018991625,-0.21001301899162428
4568,5.004312,5.213301257805846,-0.20898925780584676
4569,5.004821,5.2126836391857125,-0.2078626391857128
4570,5.005129,5.211879930339794,-0.20675093033979408
4571,5.0062137,5.211709286548984,-0.2054955865489836
4572,5.00624,5.212210753297144,-0.20597075329714354
4573,5.0035315,5.212641899969578,-0.20911039996957737
4574,5.001554,5.213131940628059,-0.21157794062805912
4575,4.9937286,5.213652148843791,-0.2199235488437914
4576,4.9848533,5.214903358462124,-0.23005005846212345
4577,4.966398,5.216482209813052,-0.25008420981305246
4578,4.953515,5.217837549132677,-0.26432254913267705
4579,4.9469137,5.218871872134261,-0.2719581721342612
4580,4.941971,5.219714248712339,-0.2777432487123397
4581,4.936312,5.221200762648797,-0.28488876264879703
4582,4.9339066,5.222853365398178,-0.2889467653981779
4583,4.934249,5.224165710962468,-0.2899167109624674
4584,4.9399796,5.225394463801621,-0.28541486380162073
4585,4.9466867,5.226405918006295,-0.27971921800629485
4586,4.9563937,5.228013714946571,-0.2716200149465715
4587,4.968094,5.229731171555357,-0.26163717155535693
4588,4.9795947,5.230219678395748,-0.2506249783957486
4589,4.994451,5.22931418389643,-0.23486318389643035
4590,5.0073733,5.228656983702769,-0.22128368370276874
4591,5.0196967,5.228107304883895,-0.20841060488389473
4592,5.029224,5.226906305961277,-0.19768230596127712
4593,5.033599,5.224145247486004,-0.19054624748600446
4594,5.0358176,5.2207541566105595,-0.18493655661055985
4595,5.0375443,5.217004846244991,-0.1794605462449903
4596,5.035554,5.2129086322668075,-0.17735463226680714
4597,5.032959,5.208656689409836,-0.17569768940983632
4598,5.0253415,5.203119474782141,-0.17777797478214108
4599,4.9958997,5.197053475521433,-0.20115377552143343
4600,4.9640856,5.19043752964531,-0.22635192964531026
4601,4.9643884,5.1836051280596,-0.21921672805960046
4602,4.9649844,5.176114456475954,-0.2111300564759544
4603,4.9658613,5.16760661643529,-0.20174531643528937
4604,4.967009,5.1588582912794045,-0.19184929127940453
4605,4.9684153,5.150146659294663,-0.18173135929466255
4606,4.97007,5.143011267067072,-0.17294126706707225
4607,4.9719605,5.135664801524301,-0.1637043015243016
4608,4.974077,5.126386025237569,-0.15230902523756829
4609,4.9764085,5.116854235567845,-0.14044573556784545
4610,4.9789424,5.107898388906208,-0.12895598890620796
4611,4.9816685,5.100029121022502,-0.11836062102250278
4612,4.9845753,5.092513082378533,-0.10793778237853235
4613,4.987652,5.084939613292007,-0.09728761329200708
4614,4.990886,5.0786534112434545,-0.08776741124345477
4615,4.9942684,5.077709565851096,-0.08344116585109607
4616,4.9977865,5.079093873995958,-0.08130737399595755
4617,5.0014296,5.075256018664929,-0.0738264186649289
4618,5.005186,5.068814479284117,-0.06362847928411686
4619,5.0090456,5.0633602186280084,-0.05431461862800813
4620,5.0129957,5.0590666946298155,-0.04607099462981523
4621,5.0170264,5.055944661936185,-0.038918261936185417
4622,5.0211263,5.05437098479334,-0.033244684793340085
4623,5.0252833,5.0571994510159595,-0.03191615101595957
4624,5.029487,5.060848866907931,-0.031361866907931635
4625,5.0337267,5.062119697690932,-0.028392997690931843
4626,5.0379906,5.062751603506534,-0.02476100350653443
4627,5.042267,5.068273500661075,-0.026006500661075016
4628,5.0465455,5.075991796827247,-0.02944629682724731
4629,5.0508146,5.079765831889095,-0.028951231889094764
4630,5.0550632,5.0837637194058365,-0.02870051940583629
4631,5.0592804,5.0903801567884726,-0.031099756788472988
4632,5.0634546,5.097961435693783,-0.03450683569378299
4633,5.0675745,5.103669898279146,-0.036095398279146096
4634,5.0716295,5.107403705479561,-0.03577420547956045
4635,5.075608,5.112299374809967,-0.036691374809967314
4636,5.079499,5.117062168301478,-0.0375631683014781
4637,5.083291,5.121735556810021,-0.038444556810021346
4638,5.0869727,5.124978463456073,-0.03800576345607354
4639,5.0905337,5.128196364433277,-0.03766266443327737
4640,5.0939627,5.131397074468348,-0.037434374468348075
4641,5.0972476,5.1412886691518604,-0.044041069151860235
4642,5.100378,5.148478323275768,-0.04810032327576774
4643,5.1033425,5.152335174616659,-0.04899267461665868
4644,5.10613,5.154989286889554,-0.0488592868895541
4645,5.1087294,5.157383978216307,-0.0486545782163077
4646,5.1111293,5.162386346907747,-0.051257046907746684
4647,5.1133184,5.167887112448613,-0.05456871244861361
4648,5.115286,5.168908492442561,-0.05362249244256034
4649,5.1170206,5.167901501653796,-0.05088090165379633
4650,5.1185107,5.167124740443242,-0.048614040443242246
4651,5.1197457,5.165853969543356,-0.046108269543355895
4652,5.120714,5.163677898223933,-0.04296389822393287
4653,5.121405,5.160254919630561,-0.03884991963056095
4654,5.121807,5.1562248522809275,-0.034417852280927086
4655,5.1181564,5.151574388917436,-0.03341798891743597
4656,5.0877566,5.1486334021698035,-0.060876802169803845
4657,5.0351825,5.149027940656375,-0.11384544065637492
4658,4.9653745,5.145307553714334,-0.17993305371433355
4659,4.8858533,5.1365404234563155,-0.2506871234563155
4660,4.8018503,5.129526239172222,-0.32767593917222193
4661,4.722474,5.12119663898377,-0.39872263898377014
4662,4.651002,5.113397403080319,-0.46239540308031923
4663,4.587654,5.105365832041831,-0.5177118320418312
4664,4.5280075,5.096440667194881,-0.5684331671948808
4665,4.471989,5.086528391693357,-0.6145393916933575
4666,4.4205594,5.07926682865218,-0.6587074286521801
4667,4.3719025,5.070781906508103,-0.6988794065081025
4668,4.327507,5.062141270264156,-0.7346342702641566
4669,4.2839026,5.054838235097549,-0.7709356350975485
4670,4.244561,5.044686785656239,-0.8001257856562392
4671,4.215133,5.035956729376564,-0.8208237293765643
4672,4.2156873,5.025338598826803,-0.809651298826803
4673,4.217557,5.016395919039876,-0.7988389190398761
4674,4.220503,5.009241857271061,-0.7887388572710607
4675,4.224489,5.001772565746073,-0.7772835657460728
4676,4.2294807,4.995212350470741,-0.765731650470741
4677,4.2354426,4.989212239048884,-0.7537696390488842
4678,4.2423396,4.98079403806357,-0.7384544380635694
4679,4.250136,4.97278154580299,-0.7226455458029895
4680,4.258797,4.9652371504657795,-0.7064401504657791
4681,4.268287,4.962027201709767,-0.6937402017097671
4682,4.2785716,4.961484881829929,-0.6829132818299284
4683,4.2896147,4.957741885394165,-0.668127185394165
4684,4.3013806,4.953269413122688,-0.6518888131226879
4685,4.313835,4.948949513407679,-0.6351145134076788
4686,4.326943,4.944203639844987,-0.6172606398449867
4687,4.340668,4.940504085025524,-0.5998360850255242
4688,4.354975,4.9361383254242845,-0.581163325424285
4689,4.36983,4.931671571105577,-0.5618415711055764
4690,4.3851967,4.9287124711914965,-0.5435157711914966
4691,4.4010406,4.925492607943775,-0.5244520079437747
4692,4.4173255,4.922363975939856,-0.5050384759398563
4693,4.434016,4.918452238362499,-0.48443623836249916
4694,4.4510784,4.914642097753741,-0.46356369775374073
4695,4.468476,4.911336904246788,-0.44286090424678815
4696,4.486174,4.90918999563893,-0.4230159956389299
4697,4.5041375,4.908316196220883,-0.40417869622088354
4698,4.5223308,4.9079304430087864,-0.3855996430087867
4699,4.5407186,4.908360950894036,-0.36764235089403563
4700,4.5592656,4.906679854106545,-0.34741425410654525
4701,4.577937,4.9070822025828775,-0.32914520258287716
4702,4.596698,4.907633313374094,-0.3109353133740944
4703,4.615512,4.906780180819606,-0.29126818081960604
4704,4.6340156,4.906897885037956,-0.272882285037956
4705,4.6465726,4.90738928471477,-0.2608166847147704
4706,4.650844,4.910687616620957,-0.259843616620957
4707,4.6514597,4.912861427713607,-0.2614017277136069
4708,4.6509027,4.917041296907743,-0.26613859690774344
4709,4.651123,4.9220932602789995,-0.2709702602789994
4710,4.6539145,4.926872278521266,-0.272957778521266
4711,4.657704,4.930515539849397,-0.2728115398493971
4712,4.6620092,4.934548967148621,-0.27253976714862116
4713,4.661628,4.9354371595541915,-0.27380915955419116
4714,4.645813,4.938477114538295,-0.29266411453829466
4715,4.609036,4.943618754416016,-0.33458275441601604
4716,4.556282,4.948254590913674,-0.39197259091367354
4717,4.505093,4.952655659548125,-0.447562659548125
4718,4.4617286,4.956612242676013,-0.4948836426760135
4719,4.4292483,4.960143415274879,-0.5308951152748786
4720,4.4089355,4.96696709097242,-0.55803159097242
4721,4.3984876,4.973210098691674,-0.5747224986916741
4722,4.397466,4.978227633270587,-0.5807616332705869
4723,4.404073,4.986011411346438,-0.5819384113464379
4724,4.414773,4.99029532281148,-0.5755223228114801
4725,4.4254575,4.993625645705696,-0.5681681457056955
4726,4.433124,4.997517534704162,-0.5643935347041618
4727,4.4359183,5.008454799030796,-0.5725364990307957
4728,4.4353094,5.017411743130514,-0.5821023431305132
4729,4.4319468,5.02207699321966,-0.5901301932196592
4730,4.426945,5.029102548345247,-0.6021575483452475
4731,4.4200397,5.032464628209817,-0.6124249282098164
4732,4.4137454,5.034277897992183,-0.6205324979921834
4733,4.4065433,5.037844711231109,-0.6313014112311093
4734,4.3912354,5.04038691256946,-0.6491515125694596
4735,4.3548727,5.0396899001773665,-0.6848172001773669
4736,4.297638,5.038776728796315,-0.7411387287963151
4737,4.231051,5.040449018508361,-0.8093980185083609
4738,4.1666193,5.040379925096456,-0.8737606250964562
4739,4.1060867,5.037729095140661,-0.9316423951406616
4740,4.054807,5.034923450173941,-0.9801164501739406
4741,4.009444,5.033077684871146,-1.0236336848711458
4742,3.970483,5.034900237450846,-1.0644172374508458
4743,3.9398282,5.037506303945474,-1.0976781039454737
4744,3.915474,5.037385923459353,-1.1219119234593529
4745,3.900431,5.037745702309153,-1.137314702309153
4746,3.89482,5.038356996026074,-1.1435369960260742
4747,3.9016736,5.042014201761138,-1.1403406017611375
4748,3.9158783,5.046477980054871,-1.1305996800548712
4749,3.937402,5.049016828597774,-1.1116148285977743
4750,3.954057,5.053393615432551,-1.0993366154325508
4751,3.9510303,5.059259415546441,-1.1082291155464405
4752,3.929465,5.067944029378175,-1.1384790293781752
4753,3.8974621,5.07854420552617,-1.1810821055261704
4754,3.8725324,5.088444210854554,-1.2159118108545544
4755,3.8376606,5.097738446750096,-1.2600778467500962
4756,3.665162,5.10682318791359,-1.4416611879135899
4757,3.6404905,5.116992750256275,-1.4765022502562748
4758,3.6458561,5.128260869990284,-1.4824047699902843
4759,3.6544118,5.143994667221313,-1.489582867221313
4760,3.6659994,5.162905402804257,-1.496906002804257
4761,3.6804612,5.177661866563658,-1.497200666563658
4762,3.6976388,5.190826344421353,-1.4931875444213532
4763,3.7173736,5.212838924926941,-1.4954653249269407
4764,3.7395086,5.23635246517671,-1.4968438651767095
4765,3.763885,5.251170307126421,-1.4872853071264212
4766,3.790345,5.265702513095807,-1.475357513095807
4767,3.81873,5.282647637490438,-1.4639176374904381
4768,3.848883,5.298707967950445,-1.4498249679504456
4769,3.8806446,5.312966999439377,-1.4323223994393768
4770,3.913858,5.327999486529771,-1.4141414865297715
4771,3.9483643,5.343350039849292,-1.3949857398492918
4772,3.9840052,5.360737167118544,-1.3767319671185443
4773,4.020623,5.374895569853688,-1.3542725698536886
4774,4.0580597,5.391711545728888,-1.3336518457288875
4775,4.0961576,5.404845130822518,-1.3086875308225183
4776,4.134757,5.413688002671404,-1.2789310026714045
4777,4.1737013,5.420675796917506,-1.246974496917506
4778,4.212832,5.427320059292144,-1.2144880592921439
4779,4.2519913,5.439267084668341,-1.1872757846683406
4780,4.291021,5.448069322162821,-1.1570483221628214
4781,4.329763,5.454896056665754,-1.1251330566657538
4782,4.368059,5.46278039348379,-1.0947213934837903
4783,4.4057503,5.465576633902529,-1.059826333902529
4784,4.4426804,5.460930479636448,-1.0182500796364478
4785,4.4786897,5.4561083351316615,-0.9774186351316612
4786,4.513621,5.450334118318672,-0.9367131183186723
4787,4.547316,5.444831885447285,-0.8975158854472847
4788,4.5796156,5.437859174337151,-0.858243574337151
4789,4.6103587,5.425291189004707,-0.8149324890047067
4790,4.6393957,5.412170384849817,-0.7727746848498169
4791,4.6665645,5.398272944558855,-0.7317084445588549
4792,4.6917067,5.384757130986248,-0.693050430986248
4793,4.7146635,5.394759537681663,-0.6800960376816629
4794,4.7352777,5.4031946320081445,-0.6679169320081444
4795,4.7533903,5.380315380853341,-0.6269250808533409
4796,4.768844,5.35745228478731,-0.58860828478731
4797,4.781481,5.334713164330591,-0.5532321643305904
4798,4.791142,5.312201094514938,-0.5210590945149383
4799,4.780193,5.290012605344027,-0.5098196053440276
4800,4.750497,5.268237617657629,-0.5177406176576289
4801,4.7191095,5.246958864358567,-0.5278493643585671
4802,4.685496,5.226250753832723,-0.5407547538327231
4803,4.652453,5.206177636456146,-0.5537246364561454
4804,4.620792,5.186792840086934,-0.5660008400869341
4805,4.5919952,5.168139399677409,-0.576144199677409
4806,4.5698676,5.1502505234215405,-0.5803829234215403
4807,4.555641,5.133150246938601,-0.5775092469386012
4808,4.550176,5.1168548767403115,-0.566678876740311
4809,4.5535254,5.10137386081226,-0.5478484608122605
4810,4.5622516,5.086710676986789,-0.5244590769867896
4811,4.575664,5.072865591454702,-0.49720159145470255
4812,4.590261,5.0598378852054235,-0.4695768852054236
4813,4.606951,5.04762707541281,-0.44067607541281006
4814,4.623475,5.036233324275058,-0.41275832427505765
4815,4.638392,5.025657199391834,-0.3872651993918348
4816,4.651307,5.015899995783356,-0.36459299578335624
4817,4.661182,5.006964286013035,-0.3457822860130344
4818,4.663949,4.998853396036007,-0.3349043960360074
4819,4.6608725,4.99157005690908,-0.3306975569090804
4820,4.6503067,4.985113836959724,-0.3348071369597241
4821,4.636092,4.97947775907452,-0.3433857590745202
4822,4.617046,4.97464762008985,-0.3576016200898495
4823,4.5966253,4.970601926581592,-0.3739766265815918
4824,4.5703225,4.986422109589561,-0.41609960958956105
4825,4.538621,5.007901970051986,-0.46928097005198577
4826,4.536693,5.022302978423328,-0.4856099784233283
4827,4.538417,5.037351538901602,-0.4989345389016018
4828,4.5412035,5.052915439791107,-0.5117119397911072
4829,4.544984,5.071341979285612,-0.5263579792856117
4830,4.549686,5.081698274278413,-0.5320122742784124
4831,4.55524,5.089698443109118,-0.5344584431091173
4832,4.561576,5.099583944353964,-0.5380079443539643
4833,4.5686226,5.111150941126675,-0.5425283411266744
4834,4.5763097,5.1189798082667775,-0.5426701082667771
4835,4.584567,5.127286609927873,-0.5427196099278735
4836,4.5933237,5.135756219406237,-0.5424325194062369
4837,4.602509,5.143309644734338,-0.5408006447343379
4838,4.6120524,5.146004353262264,-0.5339519532622647
4839,4.6218843,5.145236729995887,-0.5233524299958878
4840,4.6319337,5.1464220756121195,-0.5144883756121192
4841,4.6421294,5.147663335944888,-0.5055339359448876
4842,4.652402,5.148225660697876,-0.49582366069787565
4843,4.66268,5.1474790219139885,-0.4847990219139886
4844,4.672894,5.145697369758997,-0.4728033697589966
4845,4.6829724,5.142921784357047,-0.45994938435704746
4846,4.6928453,5.139773856077548,-0.4469285560775482
4847,4.702442,5.138198321408322,-0.43575632140832266
4848,4.711692,5.134669148999828,-0.42297714899982797
4849,4.720525,5.128861132628395,-0.40833613262839474
4850,4.72887,5.123287478120216,-0.3944174781202161
4851,4.736657,5.117653180762688,-0.38099618076268804
4852,4.7438154,5.113443398082619,-0.3696279980826187
4853,4.7502747,5.107796133490548,-0.35752143349054766
4854,4.7559643,5.101382304238739,-0.3454180042387396
4855,4.760813,5.09232839291178,-0.33151539291178
4856,4.764752,5.083995488289254,-0.31924348828925453
4857,4.7677093,5.077575726078302,-0.30986642607830195
4858,4.7696147,5.070639161519271,-0.30102446151927076
4859,4.770384,5.060724851914079,-0.2903408519140793
4860,4.7682037,5.049723900499301,-0.28152020049930115
4861,4.7548327,5.0426760520543015,-0.2878433520543018
4862,4.730316,5.034740090019288,-0.30442409001928805
4863,4.695597,5.028003472774696,-0.3324064727746956
4864,4.6522717,5.018699564671336,-0.36642786467133615
4865,4.5973153,5.005623415756403,-0.4083081157564026
4866,4.5349307,4.994668925377294,-0.4597382253772935
4867,4.455548,4.984368126122739,-0.5288201261227385
4868,4.3726554,4.9725775933192065,-0.5999221933192063
4869,4.2979856,4.960389940427903,-0.6624043404279032
4870,4.240219,4.950347560571959,-0.7101285605719596
4871,4.1991587,4.939941109227247,-0.740782409227247
4872,4.173534,4.932916136746366,-0.7593821367463658
4873,4.1622467,4.923729942697335,-0.7614832426973352
4874,4.1637216,4.9117139164775585,-0.7479923164775588
4875,4.174781,4.9013529015512995,-0.7265719015512992
4876,4.192615,4.892225030942358,-0.6996100309423579
4877,4.2145104,4.887288840954307,-0.6727784409543069
4878,4.23721,4.883929777846515,-0.6467197778465152
4879,4.2547584,4.879115212255402,-0.6243568122554022
4880,4.2612314,4.877660147077655,-0.6164287470776548
4881,4.257319,4.877414613464109,-0.6200956134641089
4882,4.245396,4.876920107635581,-0.6315241076355802
4883,4.227305,4.879768939556395,-0.6524639395563945
4884,4.2041297,4.885056251778354,-0.680926551778354
4885,4.178594,4.8864348926637,-0.7078408926636994
4886,4.1539907,4.889596132687558,-0.7356054326875583
4887,4.1307383,4.893624154662926,-0.762885854662926
4888,4.1128793,4.899930856360691,-0.7870515563606908
4889,4.100379,4.908926383186705,-0.8085473831867045
4890,4.099311,4.9174531487417505,-0.8181421487417504
4891,4.116757,4.925690546121031,-0.8089335461210316
4892,4.0200315,4.936333436771662,-0.9163019367716618
4893,3.9362245,4.948740710075978,-1.0125162100759786
4894,3.9747672,4.9659236601734875,-0.9911564601734875
4895,3.9793506,4.9898256827716345,-1.0104750827716344
4896,3.987141,5.009215259710434,-1.022074259710434
4897,3.9979331,5.029888201665913,-1.031955101665913
4898,4.0115223,5.04631968876531,-1.03479738876531
4899,4.0277033,5.061317141379291,-1.0336138413792915
4900,4.046271,5.074443654057531,-1.0281726540575313
4901,4.0670204,5.087301502640145,-1.020281102640145
4902,4.0897465,5.102053591280001,-1.0123070912800003
4903,4.1142445,5.122197767362227,-1.0079532673622271
4904,4.140309,5.139151930488401,-0.9988429304884008
4905,4.167735,5.151524729832264,-0.9837897298322638
4906,4.1963177,5.164947174225731,-0.9686294742257315
4907,4.2258515,5.183932044931875,-0.9580805449318746
4908,4.2561326,5.195125040612405,-0.938992440612405
4909,4.2869544,5.2168296584253735,-0.9298752584253736
4910,4.3181133,5.229448880763144,-0.9113355807631436
4911,4.349538,5.233156785608888,-0.8836187856088884
4912,4.3806148,5.236238469653194,-0.8556236696531938
4913,4.4115524,5.238652773379631,-0.8271003733796309
4914,4.4420066,5.240695364298984,-0.7986887642989844
4915,4.4717717,5.240465964332321,-0.7686942643323214
4916,4.500643,5.237006105690904,-0.7363631056909039
4917,4.528415,5.23223611954797,-0.7038211195479702
4918,4.551044,5.228278956060113,-0.6772349560601132
4919,4.57353,5.223343540886839,-0.6498135408868393
4920,4.5960093,5.21489302218238,-0.61888372218238
4921,4.618186,5.204462268032727,-0.5862762680327274
4922,4.6397653,5.193382213098361,-0.5536169130983613
4923,4.6604524,5.1848078654653715,-0.5243554654653719
4924,4.6799517,5.172556995065589,-0.49260529506558903
4925,4.697968,5.160922356153423,-0.46295435615342306
4926,4.714207,5.147376525955856,-0.4331695259558561
4927,4.7283735,5.132749523239276,-0.40437602323927635
4928,4.740172,5.117143777620415,-0.37697177762041445
4929,4.7493076,5.105016868202911,-0.3557092682029115
4930,4.7554855,5.114313873387571,-0.35882837338757145
4931,4.75841,5.119109245365616,-0.36069924536561615
4932,4.755638,5.094663392449254,-0.3390253924492539
4933,4.7352242,5.071104604904987,-0.3358804049049864
4934,4.7029724,5.0485183746030735,-0.34554597460307335
4935,4.656867,5.02697566370826,-0.37010866370826
4936,4.6042438,5.006531685681494,-0.40228788568149376
4937,4.548621,4.98722532146983,-0.4386043214698301
4938,4.4934845,4.969078568475166,-0.47559406847516605
4939,4.4452667,4.9520972059440895,-0.5068305059440892
4940,4.405872,4.936272122281198,-0.5304001222811987
4941,4.3771887,4.921580835250585,-0.5443921352505852
4942,4.357086,4.9079891674583935,-0.5509031674583937
4943,4.34325,4.895452837225013,-0.5522028372250123
4944,4.3352084,4.883918792952392,-0.5487103929523922
4945,4.3233423,4.873326167748094,-0.5499838677480939
4946,4.309894,4.8636081071472645,-0.5537141071472647
4947,4.2990394,4.854694061554403,-0.5556546615544029
4948,4.2931037,4.846511738273766,-0.5534080382737665
4949,4.293653,4.838988127711801,-0.5453351277118008
4950,4.300961,4.8320501677969805,-0.5310891677969805
4951,4.312597,4.825626395561057,-0.5130293955610572
4952,4.326306,4.819648546177119,-0.4933425461771188
4953,4.341351,4.840504535499788,-0.49915353549978736
4954,4.3587546,4.865724636902585,-0.5069700369025849
4955,4.3777957,4.870888831694543,-0.4930931316945433
4956,4.396939,4.879346436842802,-0.4824074368428022
4957,4.423233,4.891711317622352,-0.4684783176223526
4958,4.4461203,4.901925521934493,-0.4558052219344937
4959,4.4575,4.913395095324224,-0.455895095324224
4960,4.4509463,4.919960532717328,-0.4690142327173277
4961,4.4325385,4.926028933408412,-0.4934904334084127
4962,4.4040885,4.934815286000833,-0.5307267860008329
4963,4.3716965,4.941414554859327,-0.5697180548593277
4964,4.3408194,4.944326613757442,-0.6035072137574424
4965,4.316536,4.945823214607731,-0.6292872146077313
4966,4.299227,4.9464079237275485,-0.6471809237275483
4967,4.289672,4.945332262676175,-0.6556602626761743
4968,4.2882113,4.943692535739847,-0.6554812357398463
4969,4.294399,4.941130881228194,-0.6467318812281935
4970,4.303092,4.938722406169286,-0.6356304061692857
4971,4.3053503,4.936942804871971,-0.6315925048719713
4972,4.3067737,4.933510554476756,-0.6267368544767562
4973,4.3096814,4.930798384836591,-0.6211169848365916
4974,4.313996,4.927552277631586,-0.6135562776315853
4975,4.319639,4.921717855763258,-0.6020788557632581
4976,4.326535,4.914940953182934,-0.5884059531829342
4977,4.3346057,4.908260972396588,-0.5736552723965884
4978,4.3437743,4.901617589638109,-0.5578432896381091
4979,4.353963,4.892337530964675,-0.538374530964675
4980,4.365094,4.881355814063535,-0.5162618140635349
4981,4.377092,4.874247393499148,-0.49715539349914817
4982,4.389878,4.869232613323901,-0.47935461332390084
4983,4.4033756,4.860991347580574,-0.457615747580574
4984,4.417507,4.850489103444896,-0.4329821034448962
4985,4.4321957,4.838397051772213,-0.4062013517722125
4986,4.447364,4.827063301331631,-0.3796993013316303
4987,4.462934,4.823022300725619,-0.3600883007256197
4988,4.4788294,4.818255602814783,-0.3394262028147823
4989,4.4949727,4.8080342912634135,-0.3130615912634136
4990,4.5112867,4.800930200478491,-0.2896435004784905
4991,4.5276937,4.795842299021892,-0.2681485990218917
4992,4.5441175,4.789388904215512,-0.2452714042155124
4993,4.5604796,4.781756084011265,-0.22127648401126532
4994,4.5767035,4.774290011361746,-0.1975865113617461
4995,4.5927114,4.767862147120137,-0.17515074712013678
4996,4.608427,4.7596569626893395,-0.15122996268933964
4997,4.6237717,4.751298752575983,-0.1275270525759833
4998,4.6386695,4.744030171162224,-0.10536067116222458
4999,4.6530423,4.73798343405611,-0.08494113405610992
5000,4.6668134,4.731506217648183,-0.06469281764818291
5001,4.678842,4.725614967618772,-0.04677296761877159
5002,4.6912436,4.720688700906996,-0.02944510090699648
5003,4.702818,4.717817990634712,-0.014999990634712468
5004,4.7134876,4.719017506251852,-0.005529906251852346
5005,4.7231755,4.718224924548961,0.00495057545103883
5006,4.731805,4.717564925885088,0.014240074114911572
5007,4.7392974,4.717733687115144,0.02156371288485559
5008,4.745577,4.720705424622464,0.024871575377535926
5009,4.7505655,4.7231405821037615,0.02742491789623891
5010,4.754186,4.727787196992257,0.026398803007742444
5011,4.7563615,4.731967565674158,0.02439393432584147
5012,4.755703,4.738644569987038,0.0170584300129617
5013,4.7405057,4.743577643399478,-0.0030719433994779166
5014,4.713608,4.748847492202898,-0.03523949220289779
5015,4.675465,4.75408228608446,-0.07861728608445961
5016,4.6303277,4.759641937025684,-0.12931423702568434
5017,4.5697293,4.766032144196025,-0.19630284419602528
5018,4.504864,4.7737242096972805,-0.2688602096972801
5019,4.427753,4.78425797731727,-0.35650497731726993
5020,4.3614645,4.793858079530577,-0.43239357953057667
5021,4.3056293,4.803350447501608,-0.49772114750160856
5022,4.2605896,4.813114004056129,-0.552524404056129
5023,4.2267575,4.825192871997033,-0.5984353719970334
5024,4.201477,4.8392229343385145,-0.6377459343385148
5025,4.1836677,4.851210649793786,-0.6675429497937859
5026,4.1723523,4.8633237815538495,-0.6909714815538495
5027,4.1681747,4.875788671696969,-0.7076139716969694
5028,4.169464,4.8906228407358565,-0.7211588407358569
5029,4.178057,4.905235832152746,-0.7271788321527461
5030,4.191671,4.917723966202729,-0.7260529662027286
5031,4.2097178,4.9306862489198835,-0.7209684489198835
5032,4.2313046,4.944089235613929,-0.7127846356139296
5033,4.2538495,4.957426504750735,-0.703577004750735
5034,4.2767267,4.970180122948905,-0.6934534229489051
5035,4.298824,4.982764732659155,-0.6839407326591553
5036,4.3199944,4.993283090096129,-0.673288690096129
5037,4.3399897,5.001920011423113,-0.661930311423113
5038,4.3560934,5.0081988054270585,-0.6521054054270587
5039,4.3718762,5.014521394499072,-0.6426451944990719
5040,4.3861074,5.032658071818336,-0.6465506718183356
5041,4.398852,5.048443956792378,-0.6495919567923778
5042,4.412689,5.051703257398275,-0.6390142573982747
5043,4.4245276,5.0549061640458035,-0.6303785640458033
5044,4.4362206,5.058421202703187,-0.6222006027031863
5045,4.4449496,5.0610811490994205,-0.6161315490994204
5046,4.4532447,5.063451149240653,-0.6102064492406534
5047,4.460022,5.0665949566064485,-0.6065729566064482
5048,4.466346,5.069220096653299,-0.6028740966532995
5049,4.473151,5.071864258774007,-0.5987132587740076
5050,4.4817734,5.075349424897338,-0.5935760248973381
5051,4.489902,5.076518458914992,-0.5866164589149925
5052,4.494642,5.078440096976215,-0.5837980969762153
5053,4.4940257,5.080314606884354,-0.586288906884354
5054,4.494634,5.081822228519407,-0.5871882285194072
5055,4.495721,5.08241380770652,-0.5866928077065205
5056,4.4972787,5.082624223371944,-0.5853455233719442
5057,4.4993,5.083331214930022,-0.5840312149300217
5058,4.501777,5.084919936234956,-0.5831429362349567
5059,4.504703,5.0835441834130215,-0.5788411834130214
5060,4.50807,5.082468966165153,-0.5743989661651527
5061,4.51187,5.0785326515925036,-0.5666626515925035
5062,4.516096,5.074616472683668,-0.5585204726836679
5063,4.5207405,5.070644276398647,-0.5499037763986472
5064,4.525796,5.066539515936149,-0.5407435159361489
5065,4.5312543,5.061851767051408,-0.5305974670514084
5066,4.537109,5.056082124049262,-0.5189731240492623
5067,4.5433517,5.050790553572115,-0.5074388535721157
5068,4.5499754,5.044367446793524,-0.4943920467935241
5069,4.556972,5.0386651061252525,-0.4816931061252525
5070,4.564335,5.031954464088922,-0.46761946408892197
5071,4.5720553,5.024231507675337,-0.45217620767533706
5072,4.5801272,5.014983656894918,-0.43485645689491825
5073,4.588542,5.005227748147331,-0.41668574814733095
5074,4.5972924,4.99585654826677,-0.3985641482667699
5075,4.6063714,4.986187670852643,-0.37981627085264336
5076,4.615771,4.974159121580021,-0.3583881215800213
5077,4.625483,4.962798964798426,-0.3373159647984263
5078,4.6355014,4.951192171644703,-0.31569077164470283
5079,4.6458178,4.939710340875476,-0.29389254087547645
5080,4.6564245,4.9285038173702285,-0.2720793173702285
5081,4.6673145,4.917383585656952,-0.2500690856569525
5082,4.67848,4.9064036440338255,-0.22792364403382503
5083,4.6899137,4.895191520236074,-0.20527782023607433
5084,4.7016077,4.885351065316391,-0.18374336531639113
5085,4.713555,4.875820214651459,-0.16226521465145893
5086,4.72024,4.864393723864451,-0.14415372386445036
5087,4.702662,4.854163232633031,-0.15150123263303072
5088,4.665507,4.8448374903989295,-0.17933049039892968
5089,4.6131463,4.836117969756396,-0.22297166975639549
5090,4.546757,4.827206280461686,-0.2804492804616858
5091,4.4680853,4.820462702189634,-0.3523774021896333
5092,4.385471,4.815717125575351,-0.43024612557535136
5093,4.300598,4.809035944495937,-0.5084379444959373
5094,4.2220774,4.801399413587467,-0.5793220135874675
5095,4.1521716,4.795622814058037,-0.6434512140580368
5096,4.0882134,4.788194527426947,-0.6999811274269474
5097,4.0385056,4.787105144052772,-0.7485995440527722
5098,3.999661,4.785524106535976,-0.785863106535976
5099,3.9672208,4.78146840921153,-0.8142476092115296
5100,3.9362433,4.778740252368991,-0.8424969523689905
5101,3.9064953,4.774089976598351,-0.8675946765983507
5102,3.8781629,4.769467255129397,-0.8913043551293973
5103,3.8533728,4.765611510273466,-0.9122387102734661
5104,3.8381174,4.7616007176717945,-0.9234833176717947
5105,3.8299975,4.758417032785184,-0.9284195327851839
5106,3.8337033,4.754472934223058,-0.920769634223058
5107,3.8502295,4.751383756800959,-0.9011542568009592
5108,3.8743439,4.748632176888604,-0.874288276888604
5109,3.9073715,4.748370944551982,-0.840999444551982
5110,3.944956,4.749755132757551,-0.8047991327575512
5111,3.984362,4.750758763984263,-0.7663967639842628
5112,4.0246854,4.752954548599201,-0.7282691485992006
5113,4.063746,4.755583030561713,-0.6918370305617128
5114,4.0990176,4.759024989853691,-0.6600073898536909
5115,4.130215,4.765107952861505,-0.634892952861505
5116,4.1592627,4.771512010972843,-0.6122493109728424
5117,4.1851687,4.776942709912277,-0.5917740099122772
5118,4.207443,4.78296143830196,-0.5755184383019607
5119,4.2256927,4.790793191049349,-0.5651004910493489
5120,4.2428765,4.800129045378564,-0.5572525453785637
5121,4.258621,4.808496787283411,-0.549875787283411
5122,4.2779956,4.817875523420898,-0.539879923420898
5123,4.301223,4.825731610635238,-0.5245086106352375
5124,4.3269196,4.836811863821496,-0.509892263821496
5125,4.35068,4.850430221467429,-0.499750221467429
5126,4.37352,4.861841996238957,-0.4883219962389571
5127,4.391247,4.8722850824153205,-0.48103808241532064
5128,4.400958,4.882972288167988,-0.48201428816798764
5129,4.410763,4.894475984515938,-0.4837129845159378
5130,4.4206433,4.907155395257347,-0.4865120952573472
5131,4.430583,4.920445051986655,-0.48986205198665456
5132,4.4405646,4.9327452598083825,-0.49218065980838244
5133,4.4505715,4.94809563736719,-0.4975241373671899
5134,4.460586,4.965580871393131,-0.5049948713931309
5135,4.4705925,4.9794989906533935,-0.5089064906533931
5136,4.4805727,4.994358634670297,-0.5137859346702971
5137,4.49051,5.007379502782235,-0.5168695027822352
5138,4.5003877,5.020524593352623,-0.5201368933526229
5139,4.510189,5.033196248229694,-0.5230072482296944
5140,4.519896,5.0451047491350245,-0.5252087491350244
5141,4.529493,5.056054994363116,-0.5265619943631155
5142,4.538962,5.068175859203957,-0.5292138592039572
5143,4.548286,5.078756133747701,-0.5304701337477011
5144,4.557449,5.091313712731125,-0.5338647127311251
5145,4.566433,5.105264495400031,-0.5388314954000313
5146,4.5752215,5.115846402223119,-0.5406249022231195
5147,4.583798,5.1258222398444175,-0.5420242398444177
5148,4.5921445,5.134708198250405,-0.5425636982504054
5149,4.6002445,5.143807402045083,-0.5435629020450836
5150,4.6080813,5.156363588210939,-0.548282288210939
5151,4.615638,5.167998534397036,-0.5523605343970361
5152,4.6228967,5.173636907664437,-0.550740207664437
5153,4.6298413,5.179172102775223,-0.5493308027752235
5154,4.636454,5.188689994744953,-0.5522359947449536
5155,4.6427193,5.19669875530878,-0.5539794553087791
5156,4.648619,5.1987936122363605,-0.5501746122363604
5157,4.654136,5.2024652045678925,-0.5483292045678922
5158,4.6592546,5.205518220737759,-0.5462636207377596
5159,4.6639566,5.207419356244464,-0.5434627562444643
5160,4.6682253,5.209900989766078,-0.5416756897660786
5161,4.672044,5.211903906377642,-0.5398599063776421
5162,4.675395,5.211452371841621,-0.536057371841621
5163,4.6782627,5.210558672408519,-0.5322959724085186
5164,4.6806293,5.209864505398067,-0.5292352053980673
5165,4.6824775,5.208832138904375,-0.5263546389043752
5166,4.6837907,5.208220941751921,-0.5244302417519204
5167,4.684552,5.207312930522732,-0.5227609305227316
5168,4.6830945,5.206847898102145,-0.5237533981021452
5169,4.6836896,5.206327599157228,-0.5226379991572276
5170,4.6879816,5.205288538553224,-0.5173069385532241
5171,4.697018,5.203357542282073,-0.5063395422820731
5172,4.7169027,5.200403986209128,-0.4835012862091279
5173,4.7403326,5.197824014746432,-0.45749141474643196
5174,4.768386,5.195470721236215,-0.42708472123621544
5175,4.7905917,5.1926530176829875,-0.40206131768298725
5176,4.8070536,5.190075205620488,-0.38302160562048826
5177,4.821714,5.186816404979134,-0.36510240497913404
5178,4.819047,5.183160781820064,-0.3641137818200635
5179,4.8061285,5.179900221014862,-0.37377172101486256
5180,4.8241544,5.177287898645329,-0.3531334986453283
5181,4.8213916,5.176909341813254,-0.35551774181325424
5182,4.800376,5.174832782955248,-0.37445678295524765
5183,4.764656,5.1731985101080085,-0.4085425101080089
5184,4.724968,5.1709730107750715,-0.44600501077507193
5185,4.6879196,5.167850245930669,-0.47993064593066936
5186,4.669355,5.164744087518809,-0.4953890875188085
5187,4.649583,5.161340717004961,-0.5117577170049614
5188,4.6460824,5.157913749138784,-0.5118313491387836
5189,4.6463437,5.155219390918082,-0.5088756909180816
5190,4.6486487,5.152963138039872,-0.5043144380398719
5191,4.649037,5.150722263148956,-0.5016852631489561
5192,4.64519,5.148796648488352,-0.5036066484883515
5193,4.6442842,5.147300054518784,-0.5030158545187833
5194,4.646875,5.14693923871261,-0.5000642387126106
5195,4.649856,5.147139845724213,-0.4972838457242128
5196,4.653212,5.147000761672112,-0.4937887616721124
5197,4.6569276,5.147313750975988,-0.49038615097598726
5198,4.6609864,5.147551653610603,-0.4865652536106033
5199,4.665373,5.148026867519425,-0.4826538675194252
5200,4.67007,5.149054053404519,-0.47898405340451866
5201,4.6750636,5.149889222051714,-0.4748256220517142
5202,4.6803365,5.1516124672176336,-0.47127596721763343
5203,4.6858735,5.1539457979168795,-0.4680722979168799
5204,4.6916585,5.157583277537453,-0.4659247775374533
5205,4.697675,5.161556948739761,-0.4638819487397603
5206,4.703908,5.165045467300106,-0.4611374673001061
5207,4.7103415,5.168838257404542,-0.458496757404542
5208,4.716959,5.172298002256968,-0.45533900225696744
5209,4.723745,5.177119972852277,-0.4533749728522771
5210,4.7306833,5.1829254624580186,-0.4522421624580186
5211,4.7377586,5.186948448060625,-0.4491898480606249
5212,4.7449546,5.189737072112848,-0.4447824721128484
5213,4.752256,5.193491463546132,-0.44123546354613197
5214,4.759646,5.196739069927142,-0.43709306992714225
5215,4.767109,5.199560271472844,-0.43245127147284457
5216,4.774629,5.205442674105901,-0.43081367410590055
5217,4.782191,5.215203021670048,-0.4330120216700477
5218,4.7897778,5.222572649239766,-0.43279484923976597
5219,4.7973742,5.228070712392739,-0.4306965123927391
5220,4.8049645,5.232549885729689,-0.4275853857296896
5221,4.812533,5.236763188527251,-0.42423018852725125
5222,4.8200626,5.238300438261935,-0.41823783826193495
5223,4.8275385,5.240263494129179,-0.41272499412917885
5224,4.8349442,5.250039764994813,-0.4150955649948136
5225,4.8422647,5.260669856874106,-0.4184051568741056
5226,4.849483,5.260868226673908,-0.4113852266739082
5227,4.8565836,5.260508818427508,-0.40392521842750817
5228,4.863551,5.259539046200542,-0.39598804620054207
5229,4.870369,5.257677007352529,-0.38730800735252924
5230,4.877022,5.256760864389865,-0.37973886438986515
5231,4.883493,5.25541646078324,-0.3719234607832407
5232,4.8898973,5.253352682990455,-0.36345538299045455
5233,4.8895483,5.2512363244368325,-0.3616880244368321
5234,4.881451,5.251265349130658,-0.3698143491306576
5235,4.865421,5.251742776139265,-0.38632177613926455
5236,4.8450875,5.250439608354789,-0.40535210835478885
5237,4.8263373,5.248405379531812,-0.4220680795318126
5238,4.8115396,5.246240073959206,-0.4347004739592064
5239,4.799361,5.244195096263832,-0.44483409626383175
5240,4.787712,5.242889261117435,-0.4551772611174352
5241,4.7761526,5.241418869012775,-0.46526626901277535
5242,4.769963,5.239068450034504,-0.46910545003450466
5243,4.76892,5.236872715392151,-0.4679527153921512
5244,4.771724,5.2346049818154246,-0.4628809818154247
5245,4.776646,5.233258831506051,-0.4566128315060505
5246,4.7830615,5.232165977867327,-0.4491044778673272
5247,4.7911377,5.230424404696511,-0.439286704696511
5248,4.800121,5.228168767706859,-0.42804776770685926
5249,4.809652,5.225644150072688,-0.41599215007268775
5250,4.81874,5.224863506494458,-0.40612350649445794
5251,4.827012,5.224051804356925,-0.39703980435692543
5252,4.8349752,5.221950676767417,-0.38697547676741717
5253,4.8393793,5.220798243112718,-0.38141894311271773
5254,4.838646,5.218841211044377,-0.38019521104437715
5255,4.8332477,5.217104963851904,-0.3838572638519038
5256,4.825021,5.213239555542584,-0.38821855554258455
5257,4.816112,5.20847795008236,-0.3923659500823593
5258,4.8074393,5.203776256498721,-0.3963369564987209
5259,4.7984467,5.198956166131685,-0.4005094661316848
5260,4.787663,5.193871965269782,-0.4062089652697818
5261,4.7746835,5.188535489662366,-0.4138519896623656
5262,4.759876,5.182618421180301,-0.4227424211803008
5263,4.7439346,5.176806378588176,-0.4328717785881757
5264,4.7274957,5.17091041212674,-0.44341471212673955
5265,4.710529,5.165122233790863,-0.45459323379086314
5266,4.681211,5.159455180469973,-0.4782441804699724
5267,4.625362,5.15358267198534,-0.5282206719853404
5268,4.543216,5.147850203261921,-0.604634203261921
5269,4.4525137,5.142719783839715,-0.6902060838397155
5270,4.368737,5.138171831060384,-0.7694348310603836
5271,4.298289,5.134062659596397,-0.8357736595963976
5272,4.2464347,5.130369289342026,-0.8839345893420258
5273,4.2082376,5.126711464973835,-0.9184738649738344
5274,4.1830115,5.123619244070792,-0.9406077440707916
5275,4.1697016,5.121836758514653,-0.9521351585146531
5276,4.1669397,5.120669018843762,-0.9537293188437612
5277,4.173355,5.119589666258985,-0.9462346662589853
5278,4.187417,5.118493857191259,-0.9310768571912593
5279,4.205219,5.118118713325702,-0.912899713325702
5280,4.2266498,5.119207432155223,-0.8925576321552233
5281,4.2498407,5.120467456098651,-0.8706267560986509
5282,4.2750287,5.121752814124904,-0.8467241141249042
5283,4.3004885,5.124509878591831,-0.8240213785918309
5284,4.3261714,5.129509531784557,-0.8033381317845576
5285,4.352027,5.13370961984501,-0.78168261984501
5286,4.3780055,5.136127416032917,-0.7581219160329162
5287,4.404055,5.140013627902076,-0.7359586279020762
5288,4.4301314,5.142044971999799,-0.7119135719997995
5289,4.456183,5.14222321969762,-0.6860402196976194
5290,4.4821596,5.142001427553627,-0.6598418275536266
5291,4.5080113,5.1411831725177715,-0.6331718725177717
5292,4.533689,5.1392147903298255,-0.6055257903298257
5293,4.559142,5.137205887450983,-0.5780638874509831
5294,4.5843225,5.136777049410545,-0.5524545494105455
5295,4.60918,5.138305570038244,-0.5291255700382438
5296,4.6336646,5.14166377153291,-0.5079991715329095
5297,4.6577272,5.141847869035834,-0.48412066903583373
5298,4.681318,5.136189266267176,-0.4548712662671761
5299,4.7043867,5.129373317951072,-0.4249866179510722
5300,4.726885,5.122308328181025,-0.39542332818102466
5301,4.748763,5.114319362602591,-0.3655563626025904
5302,4.7699704,5.104927821724845,-0.33495742172484455
5303,4.7904587,5.0956740616293645,-0.30521536162936425
5304,4.810177,5.086257383515854,-0.27608038351585407
5305,4.8290763,5.077343878543479,-0.24826757854347914
5306,4.847107,5.067664833674528,-0.22055783367452797
5307,4.8642197,5.057775514910525,-0.19355581491052565
5308,4.8803644,5.048387456184197,-0.16802305618419666
5309,4.8954916,5.0403039343398115,-0.14481233433981178
5310,4.909552,5.032910760694205,-0.12335876069420504
5311,4.9224963,5.024429800781562,-0.10193350078156271
5312,4.9342737,5.0158927688164905,-0.08161906881649017
5313,4.9448357,5.007728844549069,-0.06289314454906947
5314,4.9541326,5.000785954240444,-0.04665335424044326
5315,4.9621143,4.99600581868303,-0.03389151868303042
5316,4.9687314,4.991205307172719,-0.02247390717271891
5317,4.9739347,4.986084189238483,-0.01214948923848258
5318,4.977674,4.981490085836461,-0.0038160858364602035
5319,4.9799,4.9774646766213015,0.0024353233786982287
5320,4.978483,4.975453026953911,0.003029973046088763
5321,4.9523077,4.974879817300595,-0.022572117300594385
5322,4.906746,4.975347259962597,-0.06860125996259736
5323,4.852165,4.97980183662282,-0.12763683662281977
5324,4.7947965,4.98722326242028,-0.19242676242028
5325,4.740559,4.993172148717477,-0.25261314871747675
5326,4.689915,4.996166518047323,-0.30625151804732287
5327,4.6415305,5.008249918368909,-0.3667194183689091
5328,4.6003222,5.022873809044751,-0.422551609044751
5329,4.5682425,5.030584074583161,-0.46234157458316094
5330,4.5464835,5.041264808981097,-0.4947813089810973
5331,4.53217,5.0532543666859135,-0.5210843666859137
5332,4.52447,5.063567112305613,-0.5390971123056127
5333,4.519685,5.0757109795833015,-0.5560259795833016
5334,4.5163107,5.092884955840222,-0.5765742558402218
5335,4.5143805,5.111545436868115,-0.5971649368681149
5336,4.513443,5.1246424782636995,-0.6111994782636998
5337,4.5139947,5.135723570069935,-0.6217288700699353
5338,4.5160437,5.149727219059397,-0.6336835190593968
5339,4.519748,5.161997109061442,-0.6422491090614422
5340,4.524531,5.175488539035671,-0.6509575390356712
5341,4.526932,5.185977560099204,-0.6590455600992033
5342,4.520412,5.19470633811312,-0.6742943381131195
5343,4.5000772,5.203383023972044,-0.7033058239720447
5344,4.4707665,5.211541012284733,-0.7407745122847329
5345,4.440675,5.220065418962097,-0.7793904189620973
5346,4.413014,5.230171328098189,-0.8171573280981885
5347,4.3886237,5.239053156905808,-0.8504294569058075
5348,4.3677926,5.245928309500019,-0.8781357095000191
5349,4.351276,5.251729013806359,-0.9004530138063584
5350,4.3360953,5.260518194814428,-0.9244228948144277
5351,4.3221536,5.269376656713519,-0.9472230567135194
5352,4.308281,5.2747634193936195,-0.9664824193936195
5353,4.297393,5.280078317168166,-0.9826853171681664
5354,4.288944,5.285339943100546,-0.9963959431005458
5355,4.2834496,5.290287570901464,-1.006837970901464
5356,4.291293,5.29458536136983,-1.0032923613698301
5357,4.304916,5.29947368340944,-0.9945576834094396
5358,4.3190975,5.301168108013513,-0.9820706080135135
5359,4.33383,5.301963761438251,-0.968133761438251
5360,4.3491035,5.303870136924019,-0.9547666369240186
5361,4.36491,5.30439233686482,-0.9394823368648195
5362,4.3812413,5.302825199548276,-0.9215838995482759
5363,4.3980875,5.3025153686961595,-0.9044278686961595
5364,4.415441,5.303832799961685,-0.8883917999616848
5365,4.433293,5.306653607565154,-0.8733606075651537
5366,4.451634,5.304765219156952,-0.8531312191569516
5367,4.470456,5.301562839241639,-0.831106839241639
5368,4.4897504,5.298812511215231,-0.8090621112152308
5369,4.509508,5.295248947363131,-0.7857409473631307
5370,4.529721,5.2927302897727,-0.7630092897726994
5371,4.5503798,5.291413914336697,-0.7410341143366974
5372,4.5714755,5.288664215907869,-0.7171887159078691
5373,4.5930004,5.285180291067506,-0.6921798910675054
5374,4.614946,5.280856910764258,-0.665910910764258
5375,4.6373024,5.277982766291674,-0.640680366291674
5376,4.6600614,5.275664327454556,-0.6156029274545558
5377,4.6832147,5.272729575813683,-0.5895148758136832
5378,4.7067533,5.269629354870334,-0.5628760548703342
5379,4.730669,5.265810836433245,-0.5351418364332456
5380,4.7549524,5.260734046442586,-0.5057816464425864
5381,4.779595,5.256375981391051,-0.47678098139105174
5382,4.804588,5.251870896915188,-0.44728289691518786
5383,4.829923,5.245601792968165,-0.4156787929681647
5384,4.8591943,5.238819033121781,-0.3796247331217808
5385,4.884686,5.233202901829525,-0.3485169018295249
5386,4.9015265,5.226885939753289,-0.3253594397532886
5387,4.9104156,5.2202864980381145,-0.3098708980381142
5388,4.9119577,5.2123219057739325,-0.3003642057739322
5389,4.9035363,5.204698649954853,-0.30116234995485325
5390,4.884444,5.197117992845878,-0.3126739928458777
5391,4.862274,5.1889695729671175,-0.32669557296711726
5392,4.8384857,5.180143937561303,-0.34165823756130376
5393,4.819201,5.1690134670031505,-0.34981246700315083
5394,4.8056207,5.158690436702171,-0.3530697367021709
5395,4.795634,5.147782886557689,-0.35214888655768917
5396,4.7874017,5.138118996158417,-0.3507172961584164
5397,4.778644,5.127788571539521,-0.3491445715395214
5398,4.7633905,5.115738899102804,-0.35234839910280424
5399,4.7274146,5.104372961636662,-0.3769583616366621
5400,4.6698413,5.09283756290594,-0.42299626290594006
5401,4.600151,5.0820930621465905,-0.4819420621465902
5402,4.5343018,5.0709221143333325,-0.5366203143333328
5403,4.478702,5.059027691580044,-0.5803256915800441
5404,4.4333987,5.04699097353693,-0.6135922735369306
5405,4.399315,5.0361007934821025,-0.6367857934821028
5406,4.3703647,5.026115632994712,-0.655750932994712
5407,4.346793,5.017116637984192,-0.6703236379841924
5408,4.32626,5.007955728875128,-0.6816957288751277
5409,4.305373,5.0009761787490765,-0.6956031787490762
5410,4.2870035,4.9946031759405765,-0.7075996759405765
5411,4.2716284,4.988923018263086,-0.7172946182630859
5412,4.259541,4.982790429130218,-0.7232494291302185
5413,4.2546744,4.976729879496157,-0.7220554794961576
5414,4.256511,4.970286287268439,-0.7137752872684393
5415,4.260692,4.965099653593715,-0.7044076535937149
5416,4.263626,4.960475923963083,-0.6968499239630823
5417,4.2749887,4.95722374286433,-0.6822350428643302
5418,4.2886887,4.953577849587186,-0.6648891495871858
5419,4.3020706,4.949626766348027,-0.6475561663480267
5420,4.3176336,4.9470455870044745,-0.6294119870044748
5421,4.3361545,4.944571937787033,-0.6084174377870326
5422,4.3554187,4.943782252028846,-0.5883635520288459
5423,4.376325,4.942942730182904,-0.5666177301829043
5424,4.3973565,4.941455170163675,-0.5440986701636747
5425,4.417101,4.940335272363275,-0.5232342723632755
5426,4.4381666,4.94216377398275,-0.50399717398275
5427,4.4574103,4.94424962887069,-0.4868393288706896
5428,4.475296,4.944436888982392,-0.46914088898239203
5429,4.4919133,4.9461380781012165,-0.4542247781012163
5430,4.507352,4.948445360359725,-0.4410933603597247
5431,4.5217023,4.956984454524023,-0.43528215452402286
5432,4.5350537,4.967840750150825,-0.4327870501508251
5433,4.547497,4.976605765787636,-0.42910876578763624
5434,4.559121,4.98566793221146,-0.4265469322114601
5435,4.5700164,4.992051493508926,-0.4220350935089261
5436,4.5802727,4.996260612364494,-0.4159879123644936
5437,4.58998,5.000846997666933,-0.41086699766693346
5438,4.599229,5.004153123635914,-0.40492412363591335
5439,4.608108,5.007875345929983,-0.3997673459299831
5440,4.616708,5.011696861804212,-0.39498886180421167
5441,4.6251187,5.032044694969239,-0.40692599496923876
5442,4.63343,5.050433322655814,-0.4170033226558143
5443,4.6417317,5.05124368412921,-0.4095119841292094
5444,4.650114,5.049410952624497,-0.39929695262449627
5445,4.658667,5.04802775535068,-0.3893607553506797
5446,4.66748,5.04770228017093,-0.38022228017092985
5447,4.6766434,5.045762278109538,-0.36911887810953825
5448,4.6862473,5.041139963759116,-0.35489266375911654
5449,4.6963806,5.037311623567611,-0.3409310235676104
5450,4.7071342,5.032805791306846,-0.325671591306846
5451,4.718598,5.0297997501865055,-0.3112017501865054
5452,4.730861,5.02720855809198,-0.29634755809197966
5453,4.7440143,5.028686798425096,-0.28467249842509634
5454,4.7581472,5.029843048720182,-0.2716958487201824
5455,4.77335,5.020882011938653,-0.24753201193865326
5456,4.789712,5.0112603762179,-0.2215483762179007
5457,4.8073235,5.001616683487453,-0.19429318348745284
5458,4.8262744,4.990519889128653,-0.16424548912865333
5459,4.8418393,4.978979931155953,-0.13714063115595287
5460,4.8296213,4.966803480837281,-0.1371821808372804
5461,4.807564,4.955397319605719,-0.1478333196057191
5462,4.7773056,4.94332903330638,-0.16602343330638014
5463,4.728886,4.929685482612166,-0.20079948261216618
5464,4.66814,4.9161570031671715,-0.24801700316717135
5465,4.6021433,4.90365473492133,-0.3015114349213306
5466,4.54302,4.893333502465087,-0.3503135024650863
5467,4.492846,4.8823525803823316,-0.38950658038233144
5468,4.454801,4.871584957759377,-0.41678395775937727
5469,4.4281015,4.858986705310112,-0.430885205310112
5470,4.4071403,4.844366673368361,-0.437226373368361
5471,4.389788,4.830649883142858,-0.44086188314285746
5472,4.3725924,4.816789944048506,-0.44419754404850575
5473,4.3570404,4.801944142362471,-0.4449037423624711
5474,4.340854,4.789559570920701,-0.4487055709207004
5475,4.32445,4.775223686377266,-0.450773686377266
5476,4.3070874,4.758540528895292,-0.45145312889529166
5477,4.294131,4.742446437341411,-0.4483154373414111
5478,4.283553,4.725685647114358,-0.4421326471143576
5479,4.2789273,4.7091847868751255,-0.4302574868751252
5480,4.2785254,4.693636791203261,-0.41511139120326046
5481,4.285302,4.679757883106508,-0.3944558831065086
5482,4.295106,4.666371878014811,-0.37126587801481126
5483,4.301122,4.652950489842111,-0.35182848984211024
5484,4.3051486,4.6407366821422125,-0.3355880821422126
5485,4.3032117,4.628242667698407,-0.32503096769840667
5486,4.295263,4.617652963850127,-0.3223899638501271
5487,4.2825537,4.607910160283692,-0.32535646028369136
5488,4.2651596,4.597859588376355,-0.3326999883763557
5489,4.2440085,4.589370297415832,-0.3453617974158325
5490,4.2248893,4.58186450416507,-0.35697520416507
5491,4.2117014,4.575413051609828,-0.36371165160982777
5492,4.2038846,4.569674564516624,-0.3657899645166234
5493,4.2025867,4.563186655448846,-0.36059995544884593
5494,4.2016363,4.558793293700901,-0.3571569937009009
5495,4.2034326,4.556725466927325,-0.3532928669273252
5496,4.2040753,4.555219699358084,-0.35114439935808317
5497,4.2018075,4.555557216670101,-0.3537497166701007
5498,4.2003393,4.553731180643096,-0.35339188064309557
5499,4.198072,4.553928855394569,-0.35585685539456957
5500,4.1984177,4.555870149916741,-0.35745244991674063
5501,4.1980667,4.560312852939443,-0.3622461529394432
5502,4.1973853,4.564741893442785,-0.3673565934427856
5503,4.1914682,4.568807759154711,-0.37733955915471107
5504,4.1803164,4.574567115592969,-0.3942507155929693
5505,4.1665835,4.580635516887909,-0.4140520168879096
5506,4.146672,4.587714990998191,-0.44104299099819144
5507,4.132109,4.596286581475849,-0.4641775814758491
5508,4.1336274,4.604875131337256,-0.4712477313372556
5509,4.136902,4.6121254578765125,-0.47522345787651243
5510,4.1418552,4.619961919265441,-0.47810671926544046
5511,4.1484113,4.62998214792993,-0.48157084792992944
5512,4.1564913,4.6411259370888525,-0.48463463708885257
5513,4.16602,4.650515539766164,-0.4844955397661641
5514,4.1769185,4.659559641231762,-0.4826411412317615
5515,4.1891103,4.669011877958876,-0.47990157795887534
5516,4.202519,4.679672967003846,-0.47715396700384627
5517,4.2170663,4.690345081327888,-0.47327878132788825
5518,4.2326756,4.698324626948986,-0.46564902694898525
5519,4.2492695,4.707973555934628,-0.4587040559346285
5520,4.2667713,4.717962750036993,-0.4511914500369931
5521,4.2851043,4.729754441174954,-0.4446501411749537
5522,4.3041897,4.743349450529426,-0.43915975052942535
5523,4.3239517,4.754572856308383,-0.4306211563083826
5524,4.3443127,4.764077825937447,-0.4197651259374471
5525,4.3651958,4.7731315602708335,-0.4079357602708331
5526,4.3865237,4.783904824670926,-0.39738112467092623
5527,4.408219,4.79538423211675,-0.38716523211675025
5528,4.430205,4.807419883737806,-0.377214883737806
5529,4.4524045,4.816655342956963,-0.3642508429569631
5530,4.47474,4.826813142955189,-0.3520731429551889
5531,4.4971347,4.842360504804985,-0.34522580480498455
5532,4.519511,4.855960358006021,-0.33644935800602127
5533,4.5417924,4.862479623892674,-0.3206872238926737
5534,4.558764,4.871305881304785,-0.3125418813047851
5535,4.564608,4.883716328781763,-0.31910832878176354
5536,4.5602274,4.895552013369167,-0.33532461336916697
5537,4.5499344,4.9012850392176555,-0.35135063921765575
5538,4.530927,4.907422997037015,-0.376495997037015
5539,4.5015216,4.914030891685153,-0.4125092916851525
5540,4.461307,4.920462347501304,-0.45915534750130416
5541,4.4203687,4.924620733988166,-0.5042520339881662
5542,4.385981,4.9295664504009835,-0.5435854504009834
5543,4.3586035,4.935629694316322,-0.5770261943163222
5544,4.341494,4.9411432740094545,-0.5996492740094546
5545,4.3325906,4.945271259081287,-0.6126806590812874
5546,4.329227,4.950911157943447,-0.6216841579434469
5547,4.328706,4.958457433414194,-0.629751433414194
5548,4.3288946,4.964919528672977,-0.6360249286729767
5549,4.331653,4.970238840580054,-0.6385858405800535
5550,4.335,4.974745736777912,-0.639745736777912
5551,4.3417993,4.9792295379882034,-0.6374302379882035
5552,4.3488812,4.985067167277981,-0.6361859672779806
5553,4.355956,4.990946896226704,-0.6349908962267037
5554,4.367825,4.996261558961749,-0.6284365589617495
5555,4.3732734,5.002085346213344,-0.6288119462133439
5556,4.380966,5.007174270474124,-0.6262082704741241
5557,4.386927,5.013733894346554,-0.6268068943465543
5558,4.3892145,5.020046565069387,-0.630832065069387
5559,4.386472,5.025139547195415,-0.6386675471954142
5560,4.3799872,5.029772972505739,-0.649785772505739
5561,4.371388,5.033175536463083,-0.6617875364630832
5562,4.364515,5.038435367096865,-0.6739203670968648
5563,4.357655,5.042291576259198,-0.6846365762591979
5564,4.3549075,5.044393874812032,-0.6894863748120317
5565,4.355022,5.050131056558137,-0.6951090565581373
5566,4.3591437,5.054939447888872,-0.6957957478888721
5567,4.367787,5.05780235296353,-0.6900153529635302
5568,4.3789206,5.060222233960199,-0.6813016339601994
5569,4.394383,5.0616002746794155,-0.6672172746794152
5570,4.4131055,5.062204417410522,-0.6490989174105213
5571,4.431087,5.063379240371975,-0.6322922403719753
5572,4.450629,5.0663261323463855,-0.6156971323463853
5573,4.4638114,5.0654007834406904,-0.6015893834406905
5574,4.479415,5.063552035900125,-0.5841370359001248
5575,4.4940515,5.061075242823643,-0.5670237428236424
5576,4.5070596,5.057663547821258,-0.5506039478212585
5577,4.520182,5.054699694472763,-0.534517694472763
5578,4.531783,5.051156035702029,-0.5193730357020288
5579,4.542172,5.047509771832684,-0.5053377718326839
5580,4.552624,5.04328578504609,-0.4906617850460906
5581,4.562584,5.036790742188323,-0.4742067421883229
5582,4.5623236,5.03046443852734,-0.46814083852734
5583,4.574029,5.022063121183969,-0.44803412118396846
5584,4.582021,5.01497258733147,-0.43295158733146977
5585,4.5921674,5.010177653444485,-0.4180102534444847
5586,4.605073,5.0040336538729,-0.3989606538728996
5587,4.6185064,4.994509514230948,-0.3760031142309481
5588,4.632914,4.984355929467929,-0.35144192946792874
5589,4.6479545,4.973478786842894,-0.32552428684289403
5590,4.6610336,4.962557411143207,-0.30152381114320725
5591,4.667333,4.9504600092366475,-0.28312700923664735
5592,4.677949,4.942994137146565,-0.26504513714656497
5593,4.683731,4.934930245175314,-0.25119924517531445
5594,4.685997,4.9216422880464625,-0.23564528804646212
5595,4.681927,4.908456224331339,-0.22652922433133948
5596,4.670916,4.895134549104897,-0.22421854910489714
5597,4.656517,4.882451136664101,-0.225934136664101
5598,4.5813293,4.869947197234107,-0.2886178972341069
5599,4.4837985,4.857009008080963,-0.37321050808096334
5600,4.5321164,4.844748127968871,-0.3126317279688715
5601,4.5535507,4.833128677116138,-0.27957797711613797
5602,4.5655484,4.82202179163265,-0.2564733916326505
5603,4.549485,4.811050381756116,-0.26156538175611654
5604,4.520428,4.800466245309516,-0.28003824530951604
5605,4.4909964,4.790653705021547,-0.2996573050215465
5606,4.4653363,4.781464261602492,-0.31612796160249257
5607,4.441863,4.773473043245668,-0.3316100432456679
5608,4.4321856,4.766648844226099,-0.3344632442260984
5609,4.4360633,4.760083276113346,-0.32401997611334643
5610,4.4353094,4.7610338443838245,-0.3257244443838241
5611,4.4379187,4.762612160373727,-0.3246934603737266
5612,4.449476,4.7596016535372,-0.31012565353720056
5613,4.464771,4.757715765966354,-0.29294476596635377
5614,4.482738,4.755491006789893,-0.2727530067898929
5615,4.5003824,4.754473051820162,-0.254090651820162
5616,4.5134788,4.753711249647077,-0.24023244964707757
5617,4.5150385,4.75466075614984,-0.23962225614983979
5618,4.506668,4.755507204701576,-0.24883920470157594
5619,4.48865,4.755428506744073,-0.2667785067440729
5620,4.4629583,4.756683330101794,-0.2937250301017933
5621,4.432698,4.757453428102834,-0.32475542810283375
5622,4.400204,4.758152918465463,-0.3579489184654632
5623,4.3714895,4.758808816300972,-0.3873193163009718
5624,4.3483605,4.759294817247385,-0.41093431724738494
5625,4.328831,4.7594541185321155,-0.43062311853211543
5626,4.311009,4.7597270737252275,-0.4487180737252272
5627,4.2972727,4.759589823336614,-0.46231712333661434
5628,4.282731,4.759350412121186,-0.4766194121211855
5629,4.265052,4.765814040497577,-0.5007620404975768
5630,4.2461286,4.771970070084054,-0.5258414700840541
5631,4.228437,4.770917890242876,-0.5424808902428762
5632,4.21161,4.77047314720716,-0.5588631472071599
5633,4.197051,4.770423471724873,-0.5733724717248725
5634,4.1851816,4.768996648968545,-0.5838150489685452
5635,4.17231,4.767420364077507,-0.5951103640775068
5636,4.1612954,4.778384524397969,-0.6170891243979684
5637,4.151452,4.801550721449777,-0.6500987214497771
5638,4.1437116,4.82160183892552,-0.6778902389255208
5639,4.137095,4.831821147137063,-0.6947261471370627
5640,4.135121,4.840673616427521,-0.7055526164275214
5641,4.135644,4.846606220101106,-0.7109622201011057
5642,4.1386404,4.8477428640617894,-0.7091024640617896
5643,4.1431394,4.849260475901814,-0.7061210759018142
5644,4.1484027,4.851260428025058,-0.7028577280250579
5645,4.1551504,4.85288811888854,-0.6977377188885399
5646,4.1630163,4.856711602775771,-0.6936953027757715
5647,4.1728506,4.889173409343574,-0.7163228093435734
5648,4.1800866,4.926811143490283,-0.7467245434902825
5649,4.184148,4.939318611169915,-0.7551706111699144
5650,4.181809,4.940910626683135,-0.759101626683135
5651,4.1763844,4.9440281354074695,-0.7676437354074697
5652,4.1684217,4.950298488963322,-0.7818767889633227
5653,4.15847,4.958056349699726,-0.7995863496997258
5654,4.1470737,4.9651091888165775,-0.8180354888165775
5655,4.13479,4.977181438173292,-0.8423914381732924
5656,4.122164,4.990848498033284,-0.868684498033284
5657,4.109743,4.9992510514803055,-0.8895080514803055
5658,4.098077,5.008282281317025,-0.9102052813170252
5659,4.0877137,5.0177440146953245,-0.9300303146953244
5660,4.0792027,5.027974682655556,-0.9487719826555558
5661,4.073092,5.039210250861143,-0.9661182508611432
5662,4.0699306,5.051983549402131,-0.9820529494021306
5663,4.077986,5.064775163834994,-0.9867891638349935
5664,4.0935445,5.077376183023044,-0.9838316830230438
5665,4.110572,5.089510391177057,-0.9789383911770564
5666,4.129003,5.101497235721391,-0.972494235721391
5667,4.148775,5.113747867796003,-0.9649728677960034
5668,4.169824,5.125108103681502,-0.9552841036815014
5669,4.192086,5.135264202188079,-0.9431782021880792
5670,4.215497,5.143893708676407,-0.9283967086764067
5671,4.239992,5.151568856170433,-0.9115768561704334
5672,4.2655087,5.15885246761447,-0.8933437676144704
5673,4.291982,5.165287859812078,-0.8733058598120778
5674,4.3193483,5.169532709100166,-0.8501844091001667
5675,4.347544,5.17210809246723,-0.82456409246723
5676,4.376505,5.1726786469536234,-0.7961736469536236
5677,4.406166,5.1720899505272335,-0.7659239505272337
5678,4.4364653,5.170415542112408,-0.7339502421124076
5679,4.4673376,5.16594257402792,-0.6986049740279201
5680,4.498719,5.159663069120268,-0.6609440691202675
5681,4.530546,5.151742092086946,-0.6211960920869455
5682,4.5627546,5.1426981208360925,-0.5799435208360926
5683,4.59528,5.1323963711935745,-0.5371163711935747
5684,4.62806,5.121148175106021,-0.49308817510602143
5685,4.6505322,5.110856709825108,-0.4603245098251083
5686,4.660248,5.0986187346469585,-0.4383707346469583
5687,4.6685486,5.084286842673235,-0.41573824267323456
5688,4.674638,5.071551513060493,-0.3969135130604933
5689,4.677547,5.0645136572337766,-0.3869666572337769
5690,4.6792493,5.059389766126355,-0.3801404661263543
5691,4.677447,5.058401943244822,-0.3809549432448218
5692,4.6705375,5.058218743655732,-0.38768124365573176
5693,4.6564965,5.073027839610417,-0.4165313396104171
5694,4.638932,5.0810882048712065,-0.4421562048712069
5695,4.620053,5.061351897058521,-0.44129889705852055
5696,4.6015615,5.042987520855711,-0.4414260208557108
5697,4.5840325,5.0260535659929495,-0.4420210659929493
5698,4.5656314,5.0105930931478335,-0.4449616931478335
5699,4.5448084,4.996632476962111,-0.4518240769621107
5700,4.525622,4.984181164378283,-0.4585591643782827
5701,4.5078473,4.9732335321052075,-0.4653862321052076
5702,4.494194,4.963770244617905,-0.4695762446179046
5703,4.4833875,4.955758968536709,-0.47237146853670886
5704,4.4781146,4.949154721853994,-0.4710401218539948
5705,4.4770484,4.943900453895659,-0.46685205389565887
5706,4.4850607,4.9399287722692415,-0.45486807226924153
5707,4.497697,4.937163351269932,-0.4394663512699326
5708,4.5153317,4.935520288573468,-0.42018858857346775
5709,4.535357,4.934908767246258,-0.3995517672462574
5710,4.558391,4.935231870336064,-0.3768408703360633
5711,4.58352,4.936388700046459,-0.352868700046459
5712,4.608167,4.965328835065945,-0.3571618350659449
5713,4.6320333,4.999996156882665,-0.3679628568826656
5714,4.6551538,5.015264680086359,-0.36011088008635905
5715,4.677925,5.030765733852046,-0.3528407338520463
5716,4.6986814,5.046258282404033,-0.3475768824040335
5717,4.7178397,5.062426102880069,-0.34458640288006936
5718,4.7358847,5.0762039945957165,-0.34031929459571675
5719,4.751905,5.0884639010455315,-0.33655890104553166
5720,4.767556,5.098938186937113,-0.3313821869371134
5721,4.7805963,5.106937901924804,-0.32634160192480355
5722,4.7928424,5.112572810541755,-0.3197304105417551
5723,4.7981677,5.126177550885902,-0.32800985088590284
5724,4.781793,5.142253710712089,-0.36046071071208896
5725,4.7802057,5.146503771602616,-0.36629807160261585
5726,4.7802305,5.1487250863448555,-0.36849458634485543
5727,4.780276,5.1505811572817,-0.37030515728170066
5728,4.780345,5.153285474546981,-0.3729404745469811
5729,4.780442,5.15531238123129,-0.3748703812312906
5730,4.78057,5.15456518059445,-0.37399518059445036
5731,4.780733,5.15304237556802,-0.3723093755680207
5732,4.780935,5.15125142221885,-0.37031642221884997
5733,4.7811785,5.150385539105335,-0.36920703910533437
5734,4.7814684,5.151083334797628,-0.3696149347976281
5735,4.7818074,5.153403994484676,-0.37159659448467597
5736,4.7821994,5.148972085428362,-0.36677268542836217
5737,4.782648,5.14425385799786,-0.36160585799786027
5738,4.7831573,5.140283193752853,-0.357125893752853
5739,4.7837305,5.134945902466644,-0.35121540246664384
5740,4.7843714,5.1273349769146535,-0.34296357691465307
5741,4.785084,5.118614335762568,-0.33353033576256763
5742,4.7858706,5.109467402439326,-0.32359680243932587
5743,4.7867365,5.102048874016322,-0.3153123740163224
5744,4.787684,5.092846230614055,-0.3051622306140551
5745,4.7887177,5.081107271349114,-0.2923895713491138
5746,4.789841,5.070276961211117,-0.2804359612111167
5747,4.791057,5.058724288121155,-0.2676672881211548
5748,4.7923703,5.0449550236563265,-0.25258472365632656
5749,4.7937837,5.031162370939647,-0.23737867093964748
5750,4.795301,5.01725314384315,-0.22195214384314976
5751,4.796926,5.0041513391870796,-0.20722533918707953
5752,4.7986627,4.991815641711846,-0.19315294171184583
5753,4.8005137,4.9810886937064085,-0.18057499370640873
5754,4.802484,4.970614651205409,-0.16813065120540927
5755,4.804576,4.960782370380071,-0.15620637038007068
5756,4.806794,4.952051083346235,-0.14525708334623477
5757,4.8091416,4.944325973219389,-0.13518437321938848
5758,4.8116226,4.937818064529477,-0.12619546452947716
5759,4.8134656,4.930477518361971,-0.11701191836197111
5760,4.808915,4.922820186499501,-0.1139051864995011
5761,4.800405,4.917328566166177,-0.11692356616617783
5762,4.7902865,4.912951618879224,-0.12266511887922427
5763,4.7824697,4.910197722788902,-0.12772802278890172
5764,4.778135,4.909219562442187,-0.13108456244218747
5765,4.7724195,4.90943586594432,-0.1370163659443202
5766,4.7715073,4.910036536433433,-0.13852923643343296
5767,4.768836,4.912452968887463,-0.14361696888746245
5768,4.764861,4.919248446886788,-0.15438744688678785
5769,4.761128,4.925920916035093,-0.1647929160350925
5770,4.754435,4.932849261109339,-0.17841426110933867
5771,4.750251,4.9422359522964046,-0.191984952296405
5772,4.7465515,4.951384383542306,-0.20483288354230655
5773,4.7430124,4.9659113751590445,-0.2228989751590449
5774,4.741128,4.980248640051753,-0.2391206400517536
5775,4.7447214,4.9910827355446115,-0.24636133554461104
5776,4.747785,5.0034088367464555,-0.25562383674645517
5777,4.755032,5.016262036255417,-0.26123003625541674
5778,4.761079,5.031010279936972,-0.26993127993697197
5779,4.7692056,5.04676905752172,-0.27756345752171985
5780,4.7752,5.059985917820818,-0.28478591782081786
5781,4.780559,5.074434360681363,-0.2938753606813629
5782,4.7910986,5.087712929536302,-0.2966143295363022
5783,4.799904,5.10341126742545,-0.3035072674254504
5784,4.8091474,5.119256138339309,-0.3101087383393093
5785,4.819018,5.131843421273785,-0.3128254212737849
5786,4.8271813,5.144238092170767,-0.3170567921707663
5787,4.832015,5.1558233568474945,-0.3238083568474943
5788,4.834281,5.170230786849629,-0.3359497868496293
5789,4.833545,5.188045256978441,-0.354500256978441
5790,4.833702,5.200718233773745,-0.3670162337737457
5791,4.8362556,5.207834979742701,-0.37157937974270094
5792,4.839141,5.214107216926698,-0.3749662169266985
5793,4.838563,5.220670238518785,-0.3821072385187856
5794,4.8273644,5.228616084160191,-0.40125168416019097
5795,4.7973523,5.234365248443269,-0.437012948443269
5796,4.7465997,5.237343470434443,-0.4907437704344426
5797,4.6854043,5.240177036572088,-0.5547727365720876
5798,4.625483,5.245244960257359,-0.6197619602573594
5799,4.5752463,5.24884001280837,-0.67359371280837
5800,4.534138,5.248845555616824,-0.7147075556168243
5801,4.4998255,5.248967681356098,-0.7491421813560981
5802,4.4665637,5.255755144686834,-0.7891914446868338
5803,4.4338574,5.261662220338801,-0.8278048203388009
5804,4.430711,5.263644532515949,-0.8329335325159493
5805,4.433582,5.263246813078607,-0.8296648130786064
5806,4.43834,5.2616653190550515,-0.8233253190550514
5807,4.4448667,5.2597927629011165,-0.8149260629011161
5808,4.4530425,5.2597862917370195,-0.8067437917370199
5809,4.4627495,5.260127974367701,-0.7973784743677008
5810,4.4738684,5.2629888567736725,-0.7891204567736727
5811,4.48628,5.263998646320726,-0.777718646320726
5812,4.499866,5.261487973127146,-0.7616219731271459
5813,4.5145063,5.260076095990091,-0.7455697959900913
5814,4.530084,5.255840612000367,-0.7257566120003665
5815,4.5464783,5.2481411534122815,-0.7016628534122811
5816,4.5635715,5.240157311668597,-0.6765858116685965
5817,4.581244,5.232556568905239,-0.6513125689052393
5818,4.599377,5.226918314863331,-0.6275413148633318
5819,4.617852,5.221452219394676,-0.6036002193946759
5820,4.6365504,5.214295520314902,-0.5777451203149022
5821,4.655352,5.206730568820223,-0.5513785688202235
5822,4.6741395,5.197652342332782,-0.5235128423327824
5823,4.6927924,5.190596694558826,-0.4978042945588257
5824,4.7111936,5.182698212549405,-0.47150461254940534
5825,4.729223,5.171578748110921,-0.4423557481109208
5826,4.7467613,5.158669036865131,-0.41190773686513094
5827,4.763691,5.145203840445591,-0.3815128404455912
5828,4.7798924,5.132032051201066,-0.3521396512010666
5829,4.795246,5.11821312250139,-0.3229671225013906
5830,4.8096347,5.102773691035346,-0.29313899103534613
5831,4.822938,5.086370568902242,-0.26343256890224254
5832,4.835037,5.068013212801918,-0.23297621280191816
5833,4.845814,5.049202108650911,-0.20338810865091084
5834,4.8551497,5.0301151842223195,-0.1749654842223194
5835,4.8629246,5.011496198531599,-0.14857159853159896
5836,4.86902,4.992790700786981,-0.12377070078698083
5837,4.8733177,4.973176270625448,-0.09985857062544756
5838,4.8756976,4.952672795586923,-0.07697519558692356
5839,4.868989,4.9324061489431665,-0.06341714894316652
5840,4.833625,4.911205538898202,-0.07758053889820271
5841,4.77,4.889731456567275,-0.11973145656727535
5842,4.6957483,4.868638507270083,-0.17289020727008264
5843,4.6160965,4.848059949021079,-0.23196344902107846
5844,4.538058,4.82759959386768,-0.2895415938676793
5845,4.4598856,4.806540667891298,-0.3466550678912981
5846,4.388477,4.785440192200938,-0.39696319220093823
5847,4.322391,4.765068683379519,-0.44267768337951896
5848,4.2642374,4.7455717093584875,-0.48133430935848764
5849,4.2148004,4.727407505572689,-0.5126071055726893
5850,4.1779337,4.709590991223954,-0.5316572912239543
5851,4.1561365,4.692665357030984,-0.5365288570309845
5852,4.1447034,4.677327421692423,-0.5326240216924232
5853,4.143275,4.6648686938646735,-0.5215936938646735
5854,4.1467767,4.654540147239938,-0.5077634472399382
5855,4.164651,4.6447243478248055,-0.4800733478248054
5856,4.163221,4.6356608179464605,-0.4724398179464604
5857,4.165841,4.628035023722102,-0.46219402372210183
5858,4.169791,4.623481324348294,-0.4536903243482939
5859,4.1742063,4.6205926365072525,-0.4463863365072527
5860,4.176834,4.6176011032269635,-0.4407671032269631
5861,4.1786966,4.6164613128438114,-0.43776471284381113
5862,4.1776834,4.617338579283682,-0.43965517928368136
5863,4.175471,4.6221992525975555,-0.44672825259755555
5864,4.1729455,4.630019656716158,-0.4570741567161578
5865,4.1716046,4.637060603237776,-0.4654560032377759
5866,4.1716895,4.64416512322455,-0.4724756232245495
5867,4.1711535,4.652392310426536,-0.48123881042653593
5868,4.169121,4.661106872557377,-0.49198587255737714
5869,4.166102,4.671790068403677,-0.5056880684036766
5870,4.165088,4.681781226593857,-0.5166932265938575
5871,4.1658206,4.693650808778253,-0.5278302087782532
5872,4.1695895,4.70589623366175,-0.5363067336617497
5873,4.17394,4.717992226960275,-0.5440522269602752
5874,4.1783514,4.730816134737366,-0.5524647347373657
5875,4.179803,4.743641196551473,-0.5638381965514734
5876,4.177621,4.756713211060586,-0.5790922110605861
5877,4.1722445,4.767942466676347,-0.5956979666763473
5878,4.1646967,4.780799949608375,-0.6161032496083747
5879,4.1569953,4.8042742717930595,-0.6472789717930594
5880,4.151932,4.8298854221262895,-0.6779534221262891
5881,4.150529,4.84299796389871,-0.69246896389871
5882,4.1527424,4.8549507523728455,-0.7022083523728453
5883,4.157001,4.8675454550353265,-0.7105444550353264
5884,4.163074,4.881475921031977,-0.718401921031977
5885,4.1708713,4.896404265077853,-0.7255329650778535
5886,4.1803017,4.909227605064486,-0.7289259050644858
5887,4.191275,4.91933818156054,-0.7280631815605396
5888,4.203701,4.927951403173223,-0.7242504031732233
5889,4.217488,4.935976008215905,-0.7184880082159051
5890,4.232546,4.943476277477972,-0.7109302774779716
5891,4.248785,4.952257103048804,-0.7034721030488038
5892,4.266114,4.959215897748771,-0.6931018977487708
5893,4.2844424,4.998109238372474,-0.7136668383724745
5894,4.3036795,5.036237394085031,-0.7325578940850308
5895,4.323735,5.0401019928724295,-0.7163669928724294
5896,4.344518,5.042308702696481,-0.6977907026964809
5897,4.3659387,5.044758520280765,-0.6788198202807649
5898,4.387906,5.049915682041999,-0.6620096820419992
5899,4.4103293,5.0553204577605095,-0.6449911577605096
5900,4.433118,5.056580458200964,-0.6234624582009634
5901,4.4561815,5.058729723206056,-0.6025482232060568
5902,4.4794297,5.060614727831365,-0.5811850278313653
5903,4.502772,5.0633139096716615,-0.5605419096716613
5904,4.526117,5.066575317241141,-0.540458317241141
5905,4.549375,5.070045212476259,-0.5206702124762588
5906,4.572455,5.073429376828601,-0.5009743768286015
5907,4.5952663,5.078104847026877,-0.48283854702687723
5908,4.6177197,5.0830489002660615,-0.46532920026606117
5909,4.639723,5.089713767620587,-0.4499907676205872
5910,4.661186,5.098108842726689,-0.43692284272668935
5911,4.6820183,5.104088038528521,-0.4220697385285206
5912,4.702127,5.109784513821066,-0.4076575138210661
5913,4.721427,5.116260099358847,-0.3948330993588467
5914,4.7398243,5.124633871978517,-0.38480957197851673
5915,4.757229,5.133774887359194,-0.37654588735919425
5916,4.7735505,5.14321532758005,-0.36966482758005004
5917,4.7886972,5.1522762603390335,-0.36357906033903387
5918,4.8025804,5.162086748610519,-0.3595063486105188
5919,4.815108,5.172746829209161,-0.35763882920916057
5920,4.82619,5.18359961848742,-0.35740961848741915
5921,4.835736,5.194579753596417,-0.3588437535964175
5922,4.843655,5.205492886320714,-0.3618378863207141
5923,4.8498564,5.216838150272518,-0.3669817502725179
5924,4.8542504,5.228394668392782,-0.37414426839278203
5925,4.8567457,5.239070862759173,-0.38232516275917305
5926,4.8548746,5.249981711383238,-0.39510711138323806
5927,4.8431406,5.26107486323389,-0.4179342632338905
5928,4.828246,5.272740708111256,-0.4444947081112556
5929,4.813507,5.284432134689022,-0.470925134689022
5930,4.7999234,5.295321342084354,-0.49539794208435417
5931,4.7877655,5.306234969053512,-0.5184694690535121
5932,4.7765765,5.317620462065744,-0.5410439620657437
5933,4.767953,5.328573670454235,-0.5606206704542345
5934,4.76188,5.339984961272204,-0.5781049612722047
5935,4.7581677,5.350760334857458,-0.592592634857458
5936,4.756095,5.360707831755258,-0.6046128317552579
5937,4.755367,5.370340249508474,-0.6149732495084743
5938,4.75628,5.378957388254432,-0.6226773882544316
5939,4.759444,5.388490914682987,-0.6290469146829869
5940,4.764851,5.397212731032364,-0.6323617310323639
5941,4.773263,5.404588089110653,-0.6313250891106525
5942,4.7842994,5.411110663330182,-0.6268112633301817
5943,4.798561,5.417900027145945,-0.6193390271459451
5944,4.815212,5.424787836084307,-0.6095758360843071
5945,4.831118,5.43075596094869,-0.5996379609486899
5946,4.8408465,5.434769740315247,-0.593923240315247
5947,4.8481026,5.438526364717676,-0.5904237647176762
5948,4.8550873,5.4425921880668815,-0.5875048880668814
5949,4.861805,5.4462377727943245,-0.5844327727943242
5950,4.8682604,5.448135197684151,-0.5798747976841518
5951,4.8744574,5.447970137800624,-0.5735127378006242
5952,4.8804,5.447394424701691,-0.5669944247016909
5953,4.8860936,5.446211801366533,-0.5601182013665333
5954,4.891542,5.446186992010846,-0.5546449920108456
5955,4.8967495,5.444779453849642,-0.5480299538496416
5956,4.90172,5.440650246464029,-0.5389302464640293
5957,4.9064593,5.435870316106692,-0.5294110161066925
5958,4.91097,5.429881322552079,-0.5189113225520794
5959,4.915258,5.423501278606901,-0.5082432786069013
5960,4.919327,5.415863863415669,-0.4965368634156686
5961,4.9231806,5.406495354289488,-0.4833147542894878
5962,4.9268246,5.395978888405231,-0.4691542884052309
5963,4.930262,5.384360698582398,-0.45409869858239826
5964,4.9334984,5.3729327646840055,-0.4394343646840051
5965,4.9365373,5.360417262765635,-0.42387996276563467
5966,4.939383,5.346583799169348,-0.40720079916934804
5967,4.9420404,5.331878307772697,-0.389837907772697
5968,4.944514,5.316386252621411,-0.37187225262141155
5969,4.9468074,5.300264294099043,-0.35345689409904324
5970,4.9489255,5.28351559165669,-0.3345900916566906
5971,4.9508724,5.265813814042144,-0.3149414140421447
5972,4.9526525,5.247718164934097,-0.29506566493409725
5973,4.9542704,5.230935014223733,-0.27666461422373256
5974,4.9557304,5.2124571805141,-0.25672678051410003
5975,4.9570365,5.192828533667005,-0.23579203366700519
5976,4.9581933,5.172119703166952,-0.2139264031669521
5977,4.959205,5.152998023448497,-0.1937930234484968
5978,4.9600763,5.13382412756394,-0.1737478275639397
5979,4.9608116,5.115474505913476,-0.15466290591347587
5980,4.961415,5.097084661268015,-0.1356696612680155
5981,4.96189,5.075812364160352,-0.11392236416035129
5982,4.962243,5.053948744197661,-0.09170574419766098
5983,4.9624767,5.032076350999369,-0.06959965099936927
5984,4.962596,5.011930986326154,-0.04933498632615407
5985,4.9609156,4.992685498777253,-0.031769898777253225
5986,4.948087,4.972885177320794,-0.024798177320794146
5987,4.917607,4.953771309568535,-0.03616430956853467
5988,4.861858,4.935773138681691,-0.07391513868169142
5989,4.7900424,4.9168971431841815,-0.12685474318418155
5990,4.7109094,4.898791809026506,-0.1878824090265061
5991,4.6308713,4.881607606176126,-0.2507363061761261
5992,4.556366,4.864082011724792,-0.3077160117247919
5993,4.4907784,4.846709402813667,-0.35593100281366663
5994,4.4334073,4.8308510547529195,-0.3974437547529197
5995,4.384402,4.816203286465824,-0.4318012864658245
5996,4.341578,4.801130657886353,-0.4595526578863529
5997,4.3019824,4.786858256078224,-0.48487585607822403
5998,4.265247,4.774810684333351,-0.5095636843333518
5999,4.233402,4.763113664692373,-0.529711664692373
6000,4.206349,4.750895670301545,-0.5445466703015445
6001,4.1867013,4.740031073985663,-0.5533297739856629
6002,4.175002,4.730401093597551,-0.5553990935975506
6003,4.1617684,4.721623325815928,-0.5598549258159284
6004,4.153451,4.715132503131597,-0.5616815031315978
6005,4.1477094,4.7096820329003934,-0.5619726329003933
6006,4.143681,4.70410762507172,-0.5604266250717203
6007,4.1414065,4.699101669078929,-0.5576951690789285
6008,4.1399612,4.695133983377713,-0.5551727833777127
6009,4.139219,4.692965211314784,-0.5537462113147846
6010,4.1367483,4.6914805551720695,-0.5547322551720697
6011,4.137179,4.691345599358249,-0.5541665993582496
6012,4.141762,4.691659265747109,-0.5498972657471093
6013,4.1499753,4.691299713241687,-0.5413244132416866
6014,4.1614447,4.692597890581525,-0.5311531905815254
6015,4.1734247,4.694905401502945,-0.521480701502945
6016,4.1869006,4.697133604606853,-0.5102330046068522
6017,4.197647,4.699732370421874,-0.5020853704218737
6018,4.207792,4.703517537878948,-0.4957255378789478
6019,4.2207193,4.711080482874033,-0.4903611828740333
6020,4.234146,4.7182266407743665,-0.4840806407743665
6021,4.2506876,4.724659665730501,-0.4739720657305009
6022,4.2713165,4.732255630638048,-0.4609391306380477
6023,4.293579,4.739294336130764,-0.445715336130764
6024,4.3165884,4.748814956471616,-0.43222655647161634
6025,4.3359733,4.760432406614477,-0.42445910661447694
6026,4.35122,4.770244620753878,-0.4190246207538779
6027,4.3591104,4.780472433124766,-0.4213620331247663
6028,4.3626776,4.801688093879475,-0.43901049387947566
6029,4.3643007,4.828111999806898,-0.46381129980689817
6030,4.3732076,4.840731391041312,-0.46752379104131236
6031,4.381932,4.851863476092219,-0.46993147609221886
6032,4.3905015,4.862462104198033,-0.4719606041980331
6033,4.398945,4.873863060925265,-0.47491806092526456
6034,4.40729,4.886157152825653,-0.4788671528256536
6035,4.4155645,4.898600136924638,-0.4830356369246376
6036,4.423797,4.910761730246885,-0.4869647302468847
6037,4.4320145,4.923740893202989,-0.49172639320298916
6038,4.4402475,4.936351715499891,-0.4961042154998907
6039,4.448523,4.950593192812712,-0.5020701928127123
6040,4.456869,4.972992986158083,-0.5161239861580826
6041,4.4653134,4.992100132030699,-0.5267867320306987
6042,4.473885,5.000314530494667,-0.5264295304946671
6043,4.482611,5.009170365748793,-0.5265593657487928
6044,4.4915204,5.020835025930356,-0.5293146259303558
6045,4.500641,5.033072210449251,-0.5324312104492508
6046,4.51,5.042951186843316,-0.5329511868433165
6047,4.519627,5.052206468729509,-0.5325794687295096
6048,4.5295496,5.0609523611501475,-0.5314027611501473
6049,4.539796,5.070623298586212,-0.5308272985862121
6050,4.550394,5.079394161951889,-0.5290001619518891
6051,4.5613723,5.084894971178525,-0.523522671178525
6052,4.572758,5.089820033023393,-0.517062033023393
6053,4.5845804,5.093275451383431,-0.5086950513834312
6054,4.596867,5.095287910655269,-0.4984209106552697
6055,4.6096463,5.098580633567191,-0.4889343335671912
6056,4.622946,5.10320042658593,-0.48025442658593054
6057,4.6367946,5.106044446412074,-0.46924984641207423
6058,4.65122,5.107719730828421,-0.4564997308284209
6059,4.6662498,5.108517813665378,-0.4422680136653776
6060,4.6819134,5.110257007619732,-0.4283436076197322
6061,4.698238,5.111548897962035,-0.41331089796203546
6062,4.715252,5.110455639577478,-0.3952036395774776
6063,4.7329836,5.107771138542664,-0.3747875385426642
6064,4.7514606,5.103966834446256,-0.3525062344462562
6065,4.7707114,5.10020060817426,-0.32948920817426064
6066,4.7907643,5.096420348140726,-0.305656048140726
6067,4.811153,5.091074562582183,-0.27992156258218337
6068,4.822419,5.085404547128786,-0.2629855471287863
6069,4.820828,5.080459124784564,-0.2596311247845646
6070,4.813169,5.075513982732726,-0.262344982732726
6071,4.7928824,5.069061286041442,-0.2761788860414418
6072,4.7534246,5.06057172535482,-0.30714712535482036
6073,4.7512064,5.051566352267891,-0.3003599522678906
6074,4.7491174,5.04265062993087,-0.29353322993086994
6075,4.747154,5.036883630349728,-0.2897296303497283
6076,4.745312,5.031479531244203,-0.28616753124420313
6077,4.7435884,5.025884797691154,-0.28229639769115344
6078,4.741978,5.023527970017974,-0.28154997001797444
6079,4.740478,5.019242932447782,-0.2787649324477819
6080,4.739084,5.012203475568549,-0.2731194755685493
6081,4.737792,5.005825748919917,-0.26803374891991716
6082,4.7365985,4.999566081303457,-0.26296758130345665
6083,4.7354994,4.993272048843139,-0.25777264884313844
6084,4.7344904,4.98797192257758,-0.2534815225775793
6085,4.7335687,4.986050828076066,-0.25248212807606585
6086,4.7327294,4.984289691375002,-0.2515602913750019
6087,4.731969,4.980683198184518,-0.24871419818451734
6088,4.7312837,4.977125084575483,-0.245841384575483
6089,4.7306695,4.976044277630716,-0.24537477763071536
6090,4.7301226,4.977533005300962,-0.24741040530096203
6091,4.729639,4.979514512926274,-0.2498755129262742
6092,4.7292147,4.982863167983234,-0.2536484679832336
6093,4.7288465,4.987662921808029,-0.2588164218080289
6094,4.7285295,4.992437092751941,-0.2639075927519414
6095,4.7282605,4.996902697592957,-0.26864219759295693
6096,4.7280354,5.0030711679715525,-0.27503576797155205
6097,4.727851,5.008547528119802,-0.28069652811980195
6098,4.727702,5.014281087965844,-0.2865790879658441
6099,4.727586,5.021729442630229,-0.2941434426302294
6100,4.727498,5.033000284061881,-0.3055022840618813
6101,4.7274346,5.044367474794395,-0.3169328747943956
6102,4.7273917,5.052619740549573,-0.32522804054957266
6103,4.7273655,5.060178044005824,-0.33281254400582405
6104,4.7273526,5.067981007555886,-0.3406284075558865
6105,4.727354,5.07770081672619,-0.35034681672618984
6106,4.7272153,5.088028596260605,-0.36081329626060477
6107,4.726841,5.0968073458129215,-0.3699663458129212
6108,4.727508,5.104676700926609,-0.3771687009266085
6109,4.7286105,5.111916279927443,-0.38330577992744264
6110,4.7301173,5.121422147430282,-0.39130484743028227
6111,4.731999,5.129791936586707,-0.3977929365867068
6112,4.734224,5.135685134609879,-0.4014611346098791
6113,4.7367625,5.140907608722899,-0.4041451087228989
6114,4.739584,5.145443539332948,-0.4058595393329485
6115,4.742658,5.151446556775833,-0.4087885567758338
6116,4.7459545,5.156789112572684,-0.4108346125726845
6117,4.749442,5.159092547006222,-0.4096505470062217
6118,4.753091,5.160140775785461,-0.40704977578546053
6119,4.7568707,5.160401677322062,-0.40353097732206145
6120,4.7607503,5.160675515923426,-0.39992521592342634
6121,4.7647,5.1601807931555,-0.39548079315549955
6122,4.768689,5.156647983682352,-0.3879589836823518
6123,4.772687,5.152636509464561,-0.3799495094645611
6124,4.7766633,5.14790138185208,-0.37123808185207974
6125,4.780587,5.142430427891361,-0.3618434278913609
6126,4.784429,5.13585039385357,-0.3514213938535695
6127,4.788158,5.1258881776063605,-0.33773017760636037
6128,4.7917433,5.115626376514089,-0.32388307651408876
6129,4.795155,5.104840378622965,-0.30968537862296497
6130,4.7983623,5.095466725375395,-0.2971044253753954
6131,4.801335,5.086357111368437,-0.2850221113684368
6132,4.8040423,5.074430344099345,-0.27038804409934514
6133,4.806454,5.060610221791331,-0.2541562217913311
6134,4.80854,5.044988868129918,-0.2364488681299184
6135,4.810269,5.029826753965708,-0.21955775396570854
6136,4.8116107,5.017052112957388,-0.20544141295738783
6137,4.8125353,5.004714469456079,-0.19217916945607882
6138,4.813012,4.991824826959267,-0.17881282695926703
6139,4.8115726,4.979456954627551,-0.16788435462755125
6140,4.799431,4.96749646861015,-0.16806546861015015
6141,4.7781515,4.9553031082591295,-0.17715160825912957
6142,4.752154,4.9424211280807295,-0.19026712808072954
6143,4.7262387,4.929397435564785,-0.20315873556478525
6144,4.7028646,4.917078617160559,-0.21421401716055932
6145,4.6818347,4.90711362632903,-0.22527892632903068
6146,4.662841,4.898230760131229,-0.2353897601312287
6147,4.6442957,4.891443800194243,-0.24714810019424327
6148,4.625412,4.886664814757308,-0.26125281475730855
6149,4.608018,4.882012815023116,-0.27399481502311573
6150,4.597736,4.879452367683946,-0.2817163676839458
6151,4.5924945,4.876942320575868,-0.2844478205758678
6152,4.591398,4.875852069430643,-0.2844540694306428
6153,4.5941544,4.876275105595181,-0.2821207055951813
6154,4.599836,4.877430165641206,-0.2775941656412062
6155,4.610415,4.881300043297765,-0.2708850432977652
6156,4.6257715,4.886392815600515,-0.26062131560051505
6157,4.640229,4.890232646897946,-0.2500036468979463
6158,4.6512265,4.894835749535528,-0.24360924953552843
6159,4.647011,4.900242903108191,-0.2532319031081913
6160,4.623192,4.907943889506185,-0.28475188950618424
6161,4.5818176,4.916913921672783,-0.3350963216727827
6162,4.5318832,4.924857480967605,-0.39297428096760445
6163,4.4863653,4.9334643419403506,-0.44709904194035044
6164,4.446964,4.943660852442748,-0.4966968524427475
6165,4.4198294,4.956096397917389,-0.5362669979173891
6166,4.402782,4.968963980340747,-0.5661819803407466
6167,4.3925247,4.981751254101207,-0.5892265541012067
6168,4.386056,4.994722789492895,-0.6086667894928954
6169,4.385182,5.007916177706375,-0.6227341777063744
6170,4.392201,5.025114705167465,-0.6329137051674651
6171,4.405776,5.040736817379931,-0.6349608173799304
6172,4.424712,5.053198071441132,-0.6284860714411318
6173,4.4487696,5.066297265907112,-0.6175276659071116
6174,4.4764023,5.078620034409374,-0.6022177344093738
6175,4.508693,5.093032492213698,-0.5843394922136982
6176,4.5363564,5.106768187565455,-0.5704117875654555
6177,4.567312,5.117801859485053,-0.5504898594850527
6178,4.59437,5.129512889160772,-0.5351428891607721
6179,4.6090074,5.140553072270154,-0.5315456722701537
6180,4.6216707,5.153130627791336,-0.5314599277913361
6181,4.633247,5.165445577669177,-0.5321985776691767
6182,4.6438117,5.175611247424864,-0.531799547424864
6183,4.6534395,5.184588273045572,-0.5311487730455715
6184,4.662206,5.192886098516104,-0.530680098516104
6185,4.6701856,5.203365117291547,-0.533179517291547
6186,4.6774535,5.217270799397785,-0.539817299397785
6187,4.6840844,5.232415779806349,-0.5483313798063492
6188,4.6901536,5.241828541350437,-0.5516749413504369
6189,4.695736,5.248799998889382,-0.5530639988893817
6190,4.7009063,5.255446614998906,-0.5545403149989063
6191,4.70574,5.266365495038203,-0.5606254950382032
6192,4.710312,5.27639611594478,-0.56608411594478
6193,4.7146964,5.280622665318421,-0.5659262653184207
6194,4.718969,5.285366931904175,-0.5663979319041745
6195,4.7232046,5.292532806066468,-0.5693282060664684
6196,4.7274785,5.2996903823979595,-0.5722118823979594
6197,4.7318654,5.303367177766063,-0.5715017777660627
6198,4.73644,5.307098643804648,-0.5706586438046477
6199,4.7412777,5.311062384684685,-0.5697846846846844
6200,4.7464533,5.313603091201964,-0.5671497912019641
6201,4.752042,5.316863461966078,-0.5648214619660781
6202,4.758118,5.322323427179192,-0.5642054271791928
6203,4.764757,5.324717390933716,-0.5599603909337159
6204,4.772034,5.326250032613473,-0.5542160326134731
6205,4.780024,5.3289791405288645,-0.5489551405288644
6206,4.7888017,5.331769106671517,-0.5429674066715178
6207,4.798442,5.3331505832662,-0.5347085832662
6208,4.80902,5.334273970312272,-0.5252539703122716
6209,4.820611,5.335154191398891,-0.5145431913988903
6210,4.8332896,5.336572711955816,-0.5032831119558168
6211,4.847131,5.338506747822603,-0.4913757478226026
6212,4.863346,5.339394084296644,-0.4760480842966439
6213,4.8810296,5.34128867599752,-0.46025907599752003
6214,4.8904767,5.343351183005654,-0.4528744830056546
6215,4.897969,5.344060950343712,-0.4460919503437122
6216,4.90488,5.344937250923658,-0.44005725092365733
6217,4.9092646,5.3462300574923205,-0.4369654574923203
6218,4.91607,5.346797710382166,-0.4307277103821656
6219,4.9143133,5.3466595512945725,-0.4323462512945726
6220,4.9322476,5.346890791254785,-0.4146431912547852
6221,4.9449844,5.347243892270974,-0.40225949227097413
6222,4.9542947,5.3474190254124725,-0.39312432541247233
6223,4.958898,5.347003209044613,-0.3881052090446131
6224,4.9613833,5.346709047542233,-0.38532574754223337
6225,4.9636154,5.346577203243358,-0.38296180324335793
6226,4.965576,5.347197097399146,-0.3816210973991456
6227,4.965621,5.34825757522286,-0.3826365752228602
6228,4.9607925,5.34901652130381,-0.3882240213038095
6229,4.949485,5.349392402058318,-0.399907402058318
6230,4.933961,5.349580205412197,-0.415619205412197
6231,4.9147635,5.350593317733566,-0.43582981773356533
6232,4.895496,5.351996367744082,-0.4565003677440824
6233,4.8709683,5.35341996334524,-0.48245166334523937
6234,4.8292465,5.355210974413673,-0.5259644744136729
6235,4.804658,5.3569733068027645,-0.5523153068027646
6236,4.7797265,5.359559429843871,-0.5798329298438709
6237,4.7552466,5.361854996911086,-0.6066083969110858
6238,4.742747,5.363394669731415,-0.6206476697314152
6239,4.734258,5.365184023697349,-0.6309260236973495
6240,4.732292,5.367294927229156,-0.6350029272291557
6241,4.7334137,5.369772474389453,-0.6363587743894534
6242,4.7404046,5.37264877518434,-0.63224417518434
6243,4.74834,5.375424115961553,-0.6270841159615532
6244,4.755746,5.378068745750466,-0.6223227457504654
6245,4.7608542,5.380609440414013,-0.6197552404140128
6246,4.7643943,5.383766242257937,-0.6193719422579367
6247,4.7683945,5.386833828461924,-0.6184393284619238
6248,4.7753778,5.389962859060732,-0.6145850590607314
6249,4.7835474,5.393879164182765,-0.6103317641827655
6250,4.7927423,5.399022374897988,-0.6062800748979882
6251,4.799396,5.407325673369707,-0.607929673369707
6252,4.8045187,5.414309662621777,-0.6097909626217772
6253,4.811856,5.418031562931674,-0.6061755629316741
6254,4.81258,5.421253962514868,-0.6086739625148683
6255,4.812627,5.424738536472872,-0.612111536472872
6256,4.8127213,5.430286375341112,-0.6175650753411119
6257,4.8128724,5.443715482686451,-0.6308430826864511
6258,4.8130913,5.454964023955711,-0.6418727239557107
6259,4.8133874,5.46054897049589,-0.6471615704958902
6260,4.813772,5.466812107234105,-0.653040107234105
6261,4.8142548,5.474803763383329,-0.660548963383329
6262,4.814846,5.481701913503356,-0.6668559135033556
6263,4.8155565,5.484820706228066,-0.6692642062280667
6264,4.8163958,5.487852152598812,-0.6714563525988124
6265,4.817374,5.491082616994819,-0.6737086169948192
6266,4.8185024,5.494186721427956,-0.6756843214279558
6267,4.8197904,5.495827551020607,-0.6760371510206076
6268,4.8212485,5.495781261401016,-0.6745327614010161
6269,4.8228874,5.496289588223807,-0.6734021882238075
6270,4.824717,5.496490265382445,-0.6717732653824449
6271,4.8267474,5.4963198903807475,-0.6695724903807472
6272,4.8289895,5.4969798227853435,-0.6679903227853439
6273,4.831453,5.497882929475401,-0.6664299294754015
6274,4.834148,5.495730824649638,-0.6615828246496385
6275,4.837085,5.493560085059061,-0.6564750850590606
6276,4.8402743,5.491538449274009,-0.6512641492740094
6277,4.8437266,5.489297148062245,-0.6455705480622447
6278,4.8474517,5.48551315957021,-0.6380614595702099
6279,4.85146,5.482660697177993,-0.6312006971779924
6280,4.8557615,5.480721040117734,-0.6249595401177341
6281,4.8603673,5.476972619388193,-0.6166053193881931
6282,4.8652864,5.474005237906362,-0.6087188379063626
6283,4.87053,5.4703931850898035,-0.599863185089804
6284,4.876108,5.466582022629966,-0.5904740226299658
6285,4.8820314,5.462229461246666,-0.5801980612466666
6286,4.914178,5.458726957578143,-0.5445489575781437
6287,4.934394,5.456196091977985,-0.5218020919779844
6288,4.9477897,5.453109406862408,-0.5053197068624078
6289,4.954192,5.450909223734702,-0.4967172237347022
6290,4.963368,5.447882565485891,-0.4845145654858909
6291,4.970956,5.445710159796647,-0.4747541597966469
6292,4.9780054,5.444307587533917,-0.46630218753391706
6293,4.978399,5.440111791956842,-0.46171279195684267
6294,4.9809394,5.435278667898468,-0.4543392678984688
6295,4.9830256,5.430803437027986,-0.4477778370279859
6296,4.9829297,5.42664658370695,-0.4437168837069505
6297,4.9816537,5.424094592624126,-0.4424408926241261
6298,4.9821362,5.422014506621614,-0.43987830662161365
6299,4.982459,5.419172835763888,-0.43671383576388756
6300,4.9791446,5.415837080228917,-0.43669248022891693
6301,4.97601,5.413065098878665,-0.4370550988786652
6302,4.971601,5.411175488568383,-0.43957448856838344
6303,4.968907,5.407989507591437,-0.4390825075914373
6304,4.966508,5.404360549828447,-0.4378525498284471
6305,4.966468,5.400658955535201,-0.43419095553520126
6306,4.9632645,5.397750648869516,-0.43448614886951553
6307,4.9590955,5.395303258994787,-0.4362077589947866
6308,4.956388,5.3927523433204865,-0.4363643433204869
6309,4.952123,5.390712227060921,-0.43858922706092063
6310,4.9461474,5.388250221344144,-0.442102821344144
6311,4.9381223,5.388360079117417,-0.45023777911741725
6312,4.9241433,5.389227633029986,-0.46508433302998586
6313,4.9077454,5.3883481094152685,-0.48060270941526895
6314,4.888665,5.388093778492577,-0.49942877849257705
6315,4.8692584,5.386721146810397,-0.5174627468103976
6316,4.849833,5.383391198251495,-0.5335581982514945
6317,4.828987,5.380301678665264,-0.5513146786652641
6318,4.8049393,5.376242988470685,-0.5713036884706852
6319,4.779758,5.372110890075091,-0.592352890075091
6320,4.755233,5.3695604686473475,-0.6143274686473479
6321,4.7356415,5.365900169816851,-0.6302586698168513
6322,4.719341,5.363631231875475,-0.6442902318754751
6323,4.705938,5.359917131690779,-0.6539791316907797
6324,4.695028,5.3568690120368965,-0.6618410120368967
6325,4.686569,5.3534492754104095,-0.6668802754104091
6326,4.681401,5.350491427717132,-0.6690904277171317
6327,4.680711,5.348198740809144,-0.6674877408091442
6328,4.6827383,5.3454765003839295,-0.6627382003839299
6329,4.6886606,5.342557263471873,-0.6538966634718726
6330,4.6967263,5.3405635247943035,-0.6438372247943036
6331,4.7039957,5.341635024946642,-0.6376393249466421
6332,4.71123,5.341488941765113,-0.6302589417651134
6333,4.7193284,5.338451408907229,-0.6191230089072288
6334,4.728218,5.335586306553973,-0.6073683065539726
6335,4.7378254,5.332908163780518,-0.5950827637805176
6336,4.748079,5.331904182195618,-0.5838251821956186
6337,4.7589045,5.331083657919844,-0.5721791579198445
6338,4.7702293,5.329914744074878,-0.5596854440748782
6339,4.781981,5.328479286294483,-0.5464982862944829
6340,4.794086,5.326819629283877,-0.5327336292838769
6341,4.806472,5.326562075209583,-0.5200900752095823
6342,4.8190656,5.326122928778993,-0.507057328778993
6343,4.831794,5.325013298373008,-0.49321929837300793
6344,4.8445845,5.324371181170273,-0.4797866811702729
6345,4.8573637,5.323728406884489,-0.46636470688448917
6346,4.870059,5.324570417007818,-0.4545114170078177
6347,4.8825974,5.324972728611755,-0.4423753286117549
6348,4.894906,5.326248419739184,-0.43134241973918463
6349,4.906912,5.326218689807975,-0.4193066898079749
6350,4.9185424,5.324893042681592,-0.40635064268159216
6351,4.9297237,5.324137783970652,-0.39441408397065203
6352,4.940384,5.323476496132507,-0.38309249613250707
6353,4.9504495,5.322187652413212,-0.3717381524132115
6354,4.9598475,5.321179417676657,-0.3613319176766563
6355,4.9685054,5.319710624565083,-0.3512052245650832
6356,4.97635,5.320176563005576,-0.34382656300557635
6357,4.983308,5.320124128553552,-0.3368161285535516
6358,4.9893074,5.319683045336298,-0.3303756453362974
6359,4.994274,5.319464970812399,-0.32519097081239945
6360,4.9981365,5.318982186453937,-0.32084568645393663
6361,5.0008206,5.318920863245506,-0.31810026324550567
6362,5.002254,5.318543281076162,-0.3162892810761626
6363,5.0027304,5.3175108178275705,-0.3147804178275706
6364,5.0016894,5.315727675660104,-0.31403827566010367
6365,5.0004067,5.31408074333692,-0.3136740433369196
6366,4.999148,5.314724905655379,-0.3155769056553792
6367,4.9998975,5.314508761709004,-0.314611261709004
6368,4.997256,5.3153134279016,-0.31805742790159997
6369,4.9942017,5.314765365166277,-0.32056366516627754
6370,4.992787,5.313521287840348,-0.32073428784034785
6371,4.988956,5.313571713934414,-0.32461571393441435
6372,4.984447,5.313657808532471,-0.329210808532471
6373,4.979004,5.3100063608244135,-0.3310023608244137
6374,4.9697537,5.3073268153821065,-0.33757311538210644
6375,4.9567947,5.3041073807367205,-0.34731268073672084
6376,4.9426703,5.301325551595077,-0.35865525159507694
6377,4.9065943,5.296939066702799,-0.39034476670279883
6378,4.8827033,5.292854631587499,-0.4101513315874987
6379,4.8548074,5.288914476460281,-0.4341070764602808
6380,4.828465,5.283921232918773,-0.455456232918773
6381,4.807313,5.280255491762794,-0.4729424917627947
6382,4.7925797,5.278319067545506,-0.48573936754550573
6383,4.779844,5.276884048360789,-0.4970400483607893
6384,4.7684684,5.27295388271043,-0.5044854827104306
6385,4.7509494,5.267485570402343,-0.5165361704023432
6386,4.7373285,5.263501723805916,-0.526173223805916
6387,4.725843,5.260062531314191,-0.5342195313141911
6388,4.7181635,5.255233355996584,-0.5370698559965836
6389,4.7127404,5.252541718130387,-0.5398013181303867
6390,4.707066,5.248651018485964,-0.5415850184859634
6391,4.6986194,5.2428344823282815,-0.5442150823282814
6392,4.686711,5.238746933927873,-0.5520359339278729
6393,4.6756973,5.235187386017036,-0.5594900860170355
6394,4.66408,5.231247029113899,-0.5671670291138984
6395,4.6530023,5.227950248249614,-0.5749479482496138
6396,4.6389346,5.225156726980249,-0.5862221269802488
6397,4.6193185,5.224447677231475,-0.6051291772314746
6398,4.593704,5.224656078614391,-0.6309520786143912
6399,4.565134,5.22358392485636,-0.6584499248563604
6400,4.536317,5.223713662196891,-0.6873966621968908
6401,4.5065417,5.225085541622354,-0.7185438416223544
6402,4.4763913,5.227869149164048,-0.7514778491640479
6403,4.446446,5.2307199721422855,-0.7842739721422856
6404,4.4172883,5.234535247654621,-0.8172469476546214
6405,4.3894997,5.239722725249951,-0.8502230252499512
6406,4.363652,5.2460069630238415,-0.8823549630238414
6407,4.3403473,5.251949626014705,-0.9116023260147044
6408,4.3201566,5.258979642693787,-0.9388230426937874
6409,4.303662,5.264659333755604,-0.9609973337556035
6410,4.2914443,5.271707407669729,-0.980263107669729
6411,4.284086,5.278494369478338,-0.9944083694783377
6412,4.2856803,5.287855284881029,-1.0021749848810293
6413,4.308609,5.295721571852823,-0.9871125718528235
6414,4.3336983,5.303645427667242,-0.9699471276672416
6415,4.360705,5.321029743727967,-0.9603247437279672
6416,4.389385,5.3384545930658724,-0.9490695930658726
6417,4.4194956,5.347357932642691,-0.9278623326426905
6418,4.4507923,5.355822130967287,-0.9050298309672868
6419,4.4830327,5.363410261094627,-0.880377561094627
6420,4.515973,5.370540696252702,-0.854567696252702
6421,4.54937,5.377302657195514,-0.8279326571955146
6422,4.5829797,5.390474092734118,-0.8074943927341183
6423,4.6165586,5.402511292013007,-0.7859526920130069
6424,4.6498637,5.4048295009779075,-0.7549658009779074
6425,4.6826515,5.406267749285838,-0.723616249285838
6426,4.7146792,5.40647858173838,-0.6917993817383801
6427,4.7457027,5.4066444431588945,-0.6609417431588946
6428,4.775479,5.405425516398673,-0.6299465163986735
6429,4.8037634,5.406054038175328,-0.6022906381753277
6430,4.830313,5.404471429849111,-0.5741584298491107
6431,4.854886,5.399595186019814,-0.5447091860198148
6432,4.8772373,5.3950929408592225,-0.5178556408592225
6433,4.8971243,5.38964877922374,-0.4925244792237402
6434,4.9143023,5.381845799284065,-0.4675434992840648
6435,4.9285293,5.372652893717573,-0.44412359371757315
6436,4.9395614,5.362618334787637,-0.4230569347876374
6437,4.947155,5.3531411721429345,-0.4059861721429341
6438,4.9510665,5.34364385309566,-0.39257735309566044
6439,4.951961,5.335983304766154,-0.3840223047661544
6440,4.9508743,5.331533722215221,-0.38065942221522153
6441,4.9427524,5.326562004990847,-0.38380960499084704
6442,4.9244723,5.330810945422682,-0.4063386454226823
6443,4.879319,5.3288367302330775,-0.44951773023307773
6444,4.8134766,5.306826578544107,-0.49334997854410645
6445,4.739207,5.2852560223984115,-0.5460490223984111
6446,4.668702,5.264237155796308,-0.5955351557963082
6447,4.607471,5.243876518389144,-0.6364055183891439
6448,4.553672,5.224273284935509,-0.6706012849355094
6449,4.5050116,5.205517603749459,-0.7005060037494593
6450,4.4637713,5.187689659480639,-0.7239183594806384
6451,4.431315,5.170859080519179,-0.7395440805191793
6452,4.4052787,5.155084366994149,-0.7498056669941491
6453,4.388515,5.140412176341294,-0.751897176341294
6454,4.377024,5.126877058843572,-0.7498530588435726
6455,4.3743362,5.114501750937487,-0.7401655509374869
6456,4.3745685,5.10329756524125,-0.7287290652412501
6457,4.3776712,5.093264546769597,-0.7155933467695972
6458,4.3863897,5.0843915465363105,-0.6980018465363109
6459,4.3956704,5.076657215419231,-0.6809868154192307
6460,4.4092126,5.070031780663843,-0.660819180663843
6461,4.425342,5.064478610379238,-0.6391366103792384
6462,4.4434304,5.059955133125589,-0.6165247331255896
6463,4.462226,5.056413173643921,-0.5941871736439204
6464,4.4805384,5.0537997767485505,-0.5732613767485502
6465,4.4977393,5.052058496217001,-0.5543191962170013
6466,4.516154,5.051130322818066,-0.534976322818066
6467,4.536561,5.0730575576200785,-0.5364965576200786
6468,4.5604577,5.097166827724812,-0.5367091277248122
6469,4.5856256,5.1089337866576745,-0.5233081866576743
6470,4.6112647,5.118849533817987,-0.5075848338179867
6471,4.6347375,5.1280402141078945,-0.4933027141078945
6472,4.6534805,5.1446438334022355,-0.49116333340223584
6473,4.6705093,5.1615154699594115,-0.4910061699594115
6474,4.684417,5.175951387350445,-0.49153438735044475
6475,4.695849,5.190126909984475,-0.49427790998447474
6476,4.701961,5.203226136400265,-0.5012651364002654
6477,4.702958,5.213158333081023,-0.5102003330810234
6478,4.7015085,5.218508790529238,-0.5170002905292383
6479,4.701159,5.22357508648879,-0.5224160864887901
6480,4.697361,5.227786598273559,-0.5304255982735588
6481,4.699647,5.232369428180711,-0.532722428180711
6482,4.7033997,5.236129398603931,-0.5327296986039309
6483,4.7080865,5.239184368398549,-0.5310978683985486
6484,4.7136445,5.2406893432254655,-0.5270448432254655
6485,4.7200108,5.243024152767517,-0.5230133527675171
6486,4.7271223,5.243131343126357,-0.5160090431263562
6487,4.734916,5.242954825818661,-0.5080388258186606
6488,4.743329,5.24129754316614,-0.4979685431661398
6489,4.752299,5.239097380535524,-0.48679838053552427
6490,4.7617617,5.237743011521579,-0.4759813115215792
6491,4.7716546,5.237078544171646,-0.4654239441716461
6492,4.7819157,5.234332674038738,-0.45241697403873804
6493,4.792481,5.231515898445036,-0.4390348984450352
6494,4.803288,5.230959479856426,-0.42767147985642584
6495,4.8142734,5.229877292324344,-0.41560389232434414
6496,4.8253746,5.222595845625496,-0.397221245625496
6497,4.836529,5.214448797547718,-0.377919797547718
6498,4.8476725,5.205716361387934,-0.35804386138793376
6499,4.858743,5.19519393714906,-0.3364509371490607
6500,4.8696775,5.1842057454880255,-0.3145282454880256
6501,4.8804126,5.173451786158087,-0.29303918615808744
6502,4.8908854,5.162713986360355,-0.2718285863603551
6503,4.9010334,5.152100846927233,-0.25106744692723293
6504,4.9107933,5.14155815162487,-0.23076485162486993
6505,4.9201026,5.129815881675184,-0.20971328167518433
6506,4.928898,5.117676565911016,-0.18877856591101594
6507,4.937116,5.103957147122423,-0.16684114712242337
6508,4.9446945,5.0894400914464155,-0.14474559144641574
6509,4.95157,5.073913542742582,-0.12234354274258141
6510,4.9576797,5.0578983112641325,-0.10021861126413256
6511,4.9629607,5.041671522912075,-0.07871082291207543
6512,4.9673505,5.025818885194307,-0.05846838519430708
6513,4.970785,5.010535482719664,-0.03975048271966397
6514,4.973202,4.993973038805173,-0.02077103880517317
6515,4.9745393,4.976902437876034,-0.0023631378760340382
6516,4.961353,4.960544782329456,0.0008082176705439537
6517,4.933041,4.946000124975499,-0.012959124975498781
6518,4.8772726,4.931103666698778,-0.053831066698777796
6519,4.7859726,4.914071693743282,-0.1280990937432822
6520,4.677363,4.8967512047371775,-0.2193882047371778
6521,4.56234,4.880685327618073,-0.318345327618073
6522,4.451159,4.86574136110635,-0.4145823611063504
6523,4.3509088,4.852046784162426,-0.5011379841624262
6524,4.2662253,4.837893643992294,-0.571668343992294
6525,4.1970663,4.824231799607208,-0.6271654996072078
6526,4.138987,4.811225715366826,-0.6722387153668254
6527,4.0970917,4.800118419555203,-0.7030267195552033
6528,4.0595584,4.789509282314806,-0.7299508823148058
6529,4.0291476,4.779190716774364,-0.7500431167743642
6530,4.0037723,4.769850240918757,-0.7660779409187572
6531,3.9851596,4.76241097616826,-0.7772513761682602
6532,3.9725888,4.757383535181554,-0.7847947351815541
6533,3.9627774,4.75206251276279,-0.7892851127627902
6534,3.958313,4.746092018814796,-0.787779018814796
6535,3.9586182,4.740868218063685,-0.7822500180636851
6536,3.966045,4.737278177073473,-0.7712331770734733
6537,3.983502,4.736491983891517,-0.7529899838915166
6538,4.002862,4.735946121075163,-0.7330841210751631
6539,4.0288763,4.735357227038623,-0.7064809270386228
6540,4.058413,4.73593460498207,-0.6775216049820703
6541,4.090754,4.738031722963361,-0.6472777229633611
6542,4.120707,4.742041748816386,-0.6213347488163858
6543,4.1461563,4.747348445066098,-0.601192145066098
6544,4.156614,4.752488738998059,-0.5958747389980585
6545,4.1500363,4.757816732119126,-0.6077804321191262
6546,4.138177,4.765034338988882,-0.6268573389888825
6547,4.1201653,4.773717478441187,-0.6535521784411866
6548,4.106158,4.784084421433568,-0.6779264214335683
6549,4.0953913,4.792773783578222,-0.6973824835782221
6550,4.089265,4.802362251020239,-0.7130972510202387
6551,4.086279,4.812533924585854,-0.7262549245858541
6552,4.087579,4.823510230587697,-0.7359312305876973
6553,4.091546,4.836408993315698,-0.7448629933156976
6554,4.0982976,4.849638828954349,-0.7513412289543488
6555,4.107663,4.8605941659825485,-0.7529311659825488
6556,4.1194725,4.8725603631891055,-0.7530878631891058
6557,4.133556,4.882826561920798,-0.749270561920798
6558,4.149742,4.894658497581029,-0.7449164975810296
6559,4.1678624,4.906562120305463,-0.7386997203054628
6560,4.187746,4.916362945866843,-0.7286169458668432
6561,4.209223,4.925935116772377,-0.7167121167723769
6562,4.2321224,4.934852282296658,-0.7027298822966586
6563,4.256275,4.944673952823478,-0.6883989528234782
6564,4.281511,4.9539596580365055,-0.6724486580365054
6565,4.3076587,4.962370941897592,-0.6547122418975917
6566,4.334549,4.971532373509072,-0.6369833735090724
6567,4.3620124,4.980467394925574,-0.6184549949255738
6568,4.3898773,4.994374485218113,-0.6044971852181131
6569,4.417975,5.006361132876479,-0.5883861328764786
6570,4.446134,5.010200981711538,-0.5640669817115382
6571,4.474185,5.0130354347735135,-0.5388504347735132
6572,4.501958,5.015716643454687,-0.513758643454687
6573,4.5292826,5.019819273173084,-0.490536673173084
6574,4.555989,5.022286504522654,-0.46629750452265384
6575,4.5819054,5.03071943554876,-0.44881403554876
6576,4.606864,5.037362679691459,-0.4304986796914587
6577,4.6306934,5.0342318084461475,-0.4035384084461473
6578,4.653224,5.031340372708849,-0.378116372708849
6579,4.674285,5.027867161120445,-0.3535821611204444
6580,4.693707,5.023737396596157,-0.3300303965961575
6581,4.7113194,5.020306119248302,-0.3089867192483018
6582,4.726952,5.027374243950362,-0.3004222439503623
6583,4.740435,5.032846353541992,-0.29241135354199255
6584,4.7515984,5.0269028181640945,-0.2753044181640947
6585,4.7602715,5.017132688833635,-0.25686118883363473
6586,4.7662845,5.007277575701419,-0.24099307570141892
6587,4.769464,4.996673831573618,-0.22720983157361818
6588,4.7525177,4.985525419715564,-0.23300771971556333
6589,4.708424,4.975281489119819,-0.2668574891198192
6590,4.6396246,4.963630211413586,-0.3240056114135861
6591,4.555593,4.95069100882287,-0.3950980088228704
6592,4.4610605,4.9365532199992765,-0.4754927199992762
6593,4.3644495,4.923339218054247,-0.5588897180542469
6594,4.267952,4.909692468563177,-0.6417404685631771
6595,4.177743,4.893544465103469,-0.7158014651034685
6596,4.0984073,4.876425261637979,-0.7780179616379792
6597,4.0289907,4.859202812137774,-0.8302121121377741
6598,3.970531,4.842093740153684,-0.8715627401536845
6599,3.922105,4.823807683567017,-0.9017026835670165
6600,3.883386,4.80521105239692,-0.9218250523969198
6601,3.8526077,4.787319025380559,-0.934711325380559
6602,3.8314319,4.769754538880902,-0.9383226388809023
6603,3.815592,4.752735321667785,-0.9371433216677851
6604,3.81119,4.734448496010055,-0.9232584960100549
6605,3.8128738,4.716576226852348,-0.9037024268523481
6606,3.8218079,4.699090974320708,-0.8772830743207076
6607,3.8382611,4.681187389395989,-0.8429262893959888
6608,3.8593216,4.663620466959421,-0.8042988669594213
6609,3.8830795,4.647557335292285,-0.7644778352922854
6610,3.9061291,4.632650448765782,-0.726521348765782
6611,3.9220526,4.6189996736842325,-0.6969470736842323
6612,3.931912,4.6060626063503065,-0.6741506063503064
6613,3.9356842,4.594046747567223,-0.658362547567223
6614,3.935268,4.583124973231481,-0.6478569732314807
6615,3.9345365,4.573156432351489,-0.6386199323514887
6616,3.9334106,4.564750935100687,-0.6313403351006865
6617,3.9339032,4.557698690083128,-0.6237954900831277
6618,3.93824,4.553384911971886,-0.6151449119718859
6619,3.9442096,4.551736017758332,-0.6075264177583315
6620,3.9515293,4.5510175987066726,-0.5994882987066728
6621,3.9630322,4.551860814658291,-0.5888286146582908
6622,3.9783304,4.555131622201778,-0.5768012222017784
6623,3.9972262,4.5620659924622515,-0.5648397924622515
6624,4.019767,4.571415417812254,-0.5516484178122543
6625,4.0453744,4.5827325425827725,-0.5373581425827725
6626,4.0683527,4.594661150705517,-0.5263084507055167
6627,4.0912204,4.607968586466572,-0.5167481864665717
6628,4.1112924,4.625258884313744,-0.5139664843137437
6629,4.1333137,4.6440054448648125,-0.5106917448648121
6630,4.154469,4.661979992342171,-0.507510992342171
6631,4.161395,4.680520268407623,-0.5191252684076231
6632,4.1682897,4.699958344690903,-0.5316686446909031
6633,4.176403,4.722842698523685,-0.5464396985236855
6634,4.185674,4.747274188409307,-0.5616001884093071
6635,4.1960397,4.770926139735475,-0.5748864397354749
6636,4.207438,4.795240179580042,-0.5878021795800423
6637,4.2198067,4.820856463363288,-0.6010497633632879
6638,4.2330832,4.849096159977303,-0.6160129599773025
6639,4.2472057,4.878147537106212,-0.6309418371062119
6640,4.2621117,4.904706427878453,-0.6425947278784525
6641,4.2777386,4.930916023249041,-0.6531774232490406
6642,4.2940254,4.957274583079251,-0.6632491830792508
6643,4.3109083,4.985477832018394,-0.6745695320183938
6644,4.3283257,5.0134263953630676,-0.6851006953630678
6645,4.3462152,5.038022938033849,-0.691807738033849
6646,4.364515,5.062356838259858,-0.6978418382598583
6647,4.3831625,5.087366292934477,-0.7042037929344769
6648,4.4020953,5.1155195375693765,-0.7134242375693765
6649,4.421251,5.141960247406678,-0.7207092474066785
6650,4.440568,5.163588676720308,-0.7230206767203082
6651,4.4599833,5.186267825268353,-0.726284525268353
6652,4.4794354,5.208568408532943,-0.7291330085329433
6653,4.4988613,5.229624956335676,-0.7307636563356761
6654,4.5181994,5.250903107196064,-0.7327037071960634
6655,4.5373864,5.269184894746603,-0.7317984947466032
6656,4.556361,5.287706063871702,-0.7313450638717018
6657,4.5750613,5.303976815287813,-0.7289155152878131
6658,4.593424,5.31908776142815,-0.7256637614281507
6659,4.6113873,5.33416449423048,-0.7227771942304804
6660,4.6288886,5.3470015513570255,-0.7181129513570257
6661,4.6458654,5.359393965748602,-0.7135285657486019
6662,4.6622543,5.37088850189615,-0.7086342018961505
6663,4.677997,5.392862777145821,-0.7148657771458202
6664,4.6930294,5.413366478864966,-0.7203370788649659
6665,4.7072883,5.421693024949906,-0.7144047249499055
6666,4.7207117,5.429865422291803,-0.709153722291803
6667,4.7332377,5.4384241611271325,-0.7051864611271323
6668,4.7448044,5.447934761726918,-0.7031303617269185
6669,4.7553487,5.457737932742617,-0.7023892327426173
6670,4.764808,5.465595731250065,-0.700787731250065
6671,4.773122,5.472896196458098,-0.6997741964580984
6672,4.7802258,5.479408701973876,-0.6991829019738756
6673,4.7860594,5.485398030590793,-0.6993386305907929
6674,4.790559,5.492128608230083,-0.7015696082300833
6675,4.793663,5.496926202749203,-0.7032632027492038
6676,4.7953095,5.500809376404834,-0.7054998764048337
6677,4.791079,5.504079830477727,-0.7130008304777276
6678,4.786476,5.506712201335682,-0.7202362013356813
6679,4.7672043,5.508999396062689,-0.7417950960626882
6680,4.744583,5.511001046861652,-0.7664180468616513
6681,4.726714,5.5132689610090795,-0.7865549610090792
6682,4.714808,5.517447161875095,-0.8026391618750957
6683,4.706654,5.521922378120198,-0.8152683781201979
6684,4.70092,5.525252982804797,-0.8243329828047967
6685,4.6981583,5.527241357402253,-0.8290830574022525
6686,4.6973276,5.528590499484449,-0.8312628994844484
6687,4.7005453,5.529700252322029,-0.8291549523220292
6688,4.7053986,5.531371128636785,-0.8259725286367852
6689,4.70778,5.532026190866043,-0.8242461908660434
6690,4.713445,5.532075927234679,-0.818630927234679
6691,4.7211227,5.532475776291757,-0.8113530762917573
6692,4.729415,5.532661441191335,-0.8032464411913347
6693,4.7434716,5.533055674564187,-0.7895840745641864
6694,4.7420783,5.533444952086416,-0.791366652086416
6695,4.7601013,5.533380397717011,-0.773279097717011
6696,4.7717896,5.533227460938898,-0.7614378609388979
6697,4.774024,5.532948548756122,-0.7589245487561218
6698,4.7680936,5.533356765848208,-0.7652631658482081
6699,4.761238,5.534162422276841,-0.7729244222768417
6700,4.751397,5.53437221355743,-0.7829752135574299
6701,4.7402964,5.534441887005593,-0.7941454870055926
6702,4.731046,5.5346425439648375,-0.8035965439648374
6703,4.7227197,5.535236649439191,-0.8125169494391908
6704,4.711364,5.53583411041617,-0.8244701104161702
6705,4.708079,5.536404549404198,-0.8283255494041981
6706,4.6983294,5.537427601961455,-0.8390982019614546
6707,4.7005353,5.539292350941536,-0.8387570509415356
6708,4.7068863,5.541999556804255,-0.835113256804255
6709,4.7095304,5.544151869963036,-0.8346214699630359
6710,4.7192135,5.546258050068619,-0.827044550068619
6711,4.729208,5.5483337111817495,-0.8191257111817496
6712,4.7388115,5.550440766556573,-0.8116292665565732
6713,4.748049,5.552356418561813,-0.8043074185618133
6714,4.756944,5.554401265203802,-0.7974572652038026
6715,4.7655225,5.557023572320308,-0.7915010723203073
6716,4.7738075,5.5590944275271035,-0.7852869275271033
6717,4.781824,5.560614030860361,-0.7787900308603604
6718,4.789597,5.562184409757704,-0.7725874097577039
6719,4.79715,5.5653202753231215,-0.7681702753231212
6720,4.8045087,5.568040730001332,-0.7635320300013317
6721,4.811696,5.569801299213729,-0.7581052992137289
6722,4.8187375,5.571739156794603,-0.753001656794603
6723,4.8256574,5.573396671549896,-0.7477392715498965
6724,4.83248,5.575555294475247,-0.743075294475247
6725,4.83923,5.577767128679426,-0.7385371286794262
6726,4.845932,5.579288039247466,-0.7333560392474654
6727,4.85261,5.580668398788746,-0.7280583987887459
6728,4.8592887,5.583757700604633,-0.7244690006046337
6729,4.8659925,5.586823869135614,-0.7208313691356141
6730,4.872746,5.5887031131559475,-0.7159571131559472
6731,4.8795733,5.591511727271201,-0.7119384272712015
6732,4.8865,5.595874731486865,-0.7093747314868653
6733,4.893549,5.6000418213198415,-0.7064928213198414
6734,4.900746,5.601040331219691,-0.7002943312196912
6735,4.9081144,5.602240592631297,-0.6941261926312974
6736,4.9156795,5.602458054079936,-0.6867785540799352
6737,4.9234653,5.602238517548193,-0.6787732175481924
6738,4.931497,5.602016950900939,-0.670519950900939
6739,4.939798,5.601958993783141,-0.6621609937831412
6740,4.9483933,5.6021740745429,-0.6537807745428994
6741,4.957308,5.601588154927644,-0.6442801549276433
6742,4.9665656,5.60038086004295,-0.6338152600429501
6743,4.9761906,5.602592911992667,-0.6264023119926669
6744,4.986208,5.605727895360697,-0.6195198953606962
6745,4.996642,5.604852848514215,-0.608210848514215
6746,5.007518,5.602654546851017,-0.595136546851017
6747,5.0188584,5.600480977244795,-0.5816225772447954
6748,5.0306892,5.598221310213593,-0.5675321102135928
6749,5.0430346,5.5966580543975475,-0.5536234543975471
6750,5.055919,5.595000359719632,-0.5390813597196313
6751,5.0651016,5.592464677851783,-0.527363077851783
6752,5.0790963,5.58988773607465,-0.5107914360746504
6753,5.07277,5.586849874572353,-0.5140798745723529
6754,5.0876203,5.5841982602910205,-0.4965779602910203
6755,5.1021085,5.581547877546441,-0.4794393775464414
6756,5.1066413,5.57891208877445,-0.47227078877445017
6757,5.1108694,5.57606871861352,-0.4651993186135197
6758,5.113304,5.572882834550683,-0.4595788345506824
6759,5.117185,5.570284271127854,-0.4530992711278543
6760,5.119351,5.567673298367096,-0.4483222983670956
6761,5.1164465,5.564859896690125,-0.4484133966901247
6762,5.1106405,5.562144188045517,-0.4515036880455172
6763,5.096272,5.559395849749445,-0.4631238497494454
6764,5.0854,5.5567912415013465,-0.4713912415013466
6765,5.070063,5.553938200454379,-0.4838752004543787
6766,5.050399,5.550679226414869,-0.5002802264148691
6767,5.029842,5.547365075231923,-0.5175230752319226
6768,5.0079203,5.54388987232963,-0.5359695723296296
6769,4.9830127,5.540878880427082,-0.5578661804270819
6770,4.963196,5.538073930462637,-0.5748779304626375
6771,4.946277,5.534928224055496,-0.5886512240554955
6772,4.9352927,5.531967717400884,-0.5966750174008846
6773,4.930287,5.52910072211491,-0.5988137221149099
6774,4.9277735,5.526409171542316,-0.5986356715423158
6775,4.929195,5.5238932927581335,-0.5946982927581335
6776,4.930764,5.521343019133711,-0.5905790191337115
6777,4.9339643,5.518805400121865,-0.5848411001218645
6778,4.9367456,5.516358907618573,-0.5796133076185725
6779,4.939938,5.514400905035507,-0.5744629050355075
6780,4.9402475,5.512423511490115,-0.5721760114901153
6781,4.941368,5.510028143225634,-0.5686601432256344
6782,4.9381824,5.508270132186951,-0.5700877321869511
6783,4.9283605,5.506594005609658,-0.5782335056096581
6784,4.9325156,5.504634416170489,-0.5721188161704891
6785,4.9361887,5.502757478086138,-0.5665687780861379
6786,4.939461,5.500837474857829,-0.5613764748578296
6787,4.9423585,5.499283659660987,-0.5569251596609872
6788,4.944905,5.497837499040379,-0.552932499040379
6789,4.947126,5.496538800692861,-0.5494128006928607
6790,4.949046,5.498284836610744,-0.5492388366107441
6791,4.95069,5.5035371790377825,-0.5528471790377827
6792,4.9520826,5.505953279820887,-0.5538706798208874
6793,4.9532485,5.505669233521681,-0.5524207335216813
6794,4.954213,5.505557115613037,-0.5513441156130368
6795,4.955001,5.505418847637896,-0.5504178476378954
6796,4.9556365,5.50503081853613,-0.5493943185361303
6797,4.9561453,5.504659646759325,-0.5485143467593252
6798,4.9565516,5.504486507978723,-0.547934907978723
6799,4.9568806,5.50465392253888,-0.5477733225388803
6800,4.9571567,5.5047179695989445,-0.5475612695989449
6801,4.957405,5.505029622998466,-0.547624622998466
6802,4.95765,5.505323864205278,-0.5476738642052776
6803,4.9579177,5.505284439469896,-0.5473667394698953
6804,4.9582314,5.5055037499201696,-0.5472723499201697
6805,4.9586167,5.505832237532333,-0.5472155375323329
6806,4.9590983,5.505881664370129,-0.5467833643701292
6807,4.9597015,5.50623366217109,-0.5465321621710899
6808,4.96045,5.506804526998156,-0.5463545269981562
6809,4.9613695,5.507579230878239,-0.546209730878239
6810,4.962485,5.508281733251847,-0.545796733251847
6811,4.9638205,5.508682918161618,-0.5448624181616184
6812,4.9654016,5.509345167442055,-0.5439435674420547
6813,4.9672527,5.5103609862045575,-0.5431082862045571
6814,4.969399,5.5118801151317705,-0.5424811151317703
6815,4.9718647,5.513526211839587,-0.5416615118395871
6816,4.9746757,5.514879630754673,-0.5402039307546733
6817,4.977855,5.5162575907765685,-0.5384025907765686
6818,4.9814296,5.517954003908596,-0.5365244039085955
6819,4.985423,5.519940278353846,-0.5345172783538459
6820,4.991188,5.521969600071098,-0.5307816000710979
6821,4.998748,5.524581537157251,-0.5258335371572507
6822,5.0060883,5.527095400772084,-0.521007100772084
6823,5.012548,5.529188866535161,-0.5166408665351616
6824,5.0188394,5.531775741387186,-0.5129363413871859
6825,5.026027,5.534447306136705,-0.5084203061367054
6826,5.0299096,5.53673519085059,-0.5068255908505899
6827,5.0363727,5.539188070461421,-0.5028153704614207
6828,5.039566,5.54155141194571,-0.5019854119457099
6829,5.042233,5.544182156257951,-0.5019491562579503
6830,5.0448813,5.546762572823476,-0.5018812728234758
6831,5.045783,5.549110709580139,-0.5033277095801392
6832,5.0482993,5.551724480007666,-0.5034251800076657
6833,5.047263,5.554236450294951,-0.506973450294951
6834,5.048467,5.556718546608916,-0.5082515466089168
6835,5.047845,5.559130444738589,-0.5112854447385891
6836,5.0481086,5.561270184041106,-0.5131615840411063
6837,5.0507684,5.563268337723802,-0.5124999377238018
6838,5.0346003,5.565017832343807,-0.5304175323438072
6839,5.04481,5.5669819360377915,-0.5221719360377914
6840,5.0507703,5.568590060095499,-0.5178197600954988
6841,5.0526648,5.57011712275196,-0.5174523227519607
6842,5.053556,5.571549163628481,-0.5179931636284802
6843,5.05067,5.5728794641890484,-0.5222094641890482
6844,5.048961,5.574506413310831,-0.525545413310831
6845,5.047048,5.575757805423544,-0.528709805423544
6846,5.0482745,5.576375234439853,-0.5281007344398532
6847,5.0475135,5.57686751490467,-0.52935401490467
6848,5.051529,5.577284959345324,-0.5257559593453234
6849,5.0629916,5.577918879497689,-0.5149272794976891
6850,5.069579,5.578620943757219,-0.5090419437572189
6851,5.0774384,5.578890422724431,-0.5014520227244308
6852,5.077801,5.5789888384899164,-0.5011878384899164
6853,5.0804086,5.578720718729508,-0.4983121187295074
6854,5.0803256,5.578583463970919,-0.49825786397091854
6855,5.078076,5.578264794058782,-0.5001887940587819
6856,5.0773273,5.577801332741858,-0.5004740327418578
6857,5.064559,5.577697140653364,-0.5131381406533642
6858,5.060036,5.576862661045971,-0.5168266610459709
6859,5.0598493,5.575605596269283,-0.5157562962692834
6860,5.059523,5.574204262685528,-0.5146812626855279
6861,5.0590663,5.572721676534281,-0.5136553765342811
6862,5.0584893,5.5710169686351785,-0.5125276686351787
6863,5.057801,5.5690013404125125,-0.511200340412512
6864,5.0570107,5.56786356232707,-0.5108528623270701
6865,5.056128,5.566400749111584,-0.5102727491115839
6866,5.0551624,5.5639527874424015,-0.5087903874424011
6867,5.0541234,5.561624264727332,-0.5075008647273318
6868,5.05302,5.559146912695337,-0.5061269126953372
6869,5.051862,5.556561754480872,-0.504699754480872
6870,5.0506577,5.553769089985478,-0.5031113899854773
6871,5.049418,5.550899392330736,-0.501481392330736
6872,5.0481515,5.548065006469867,-0.4999135064698663
6873,5.046868,5.545166516594019,-0.49829851659401925
6874,5.045576,5.542291966430112,-0.49671596643011195
6875,5.0442863,5.539570469346975,-0.4952841693469754
6876,5.0430074,5.5391892253667745,-0.4961818253667749
6877,5.0417485,5.538841262131533,-0.4970927621315333
6878,5.0405197,5.536283005417584,-0.49576330541758384
6879,5.03933,5.533611209139128,-0.4942812091391282
6880,5.038189,5.53098902830066,-0.4928000283006604
6881,5.037106,5.528064741696455,-0.49095874169645537
6882,5.0360904,5.525452309001123,-0.489361909001123
6883,5.035151,5.522926685730214,-0.487775685730214
6884,5.0342984,5.520267602533543,-0.4859692025335427
6885,5.033541,5.519444939457895,-0.485903939457895
6886,5.032889,5.519411868634575,-0.48652286863457483
6887,5.032351,5.517428849277493,-0.4850778492774932
6888,5.0319366,5.514873363505899,-0.482936763505899
6889,5.031656,5.512508247889597,-0.48085224788959735
6890,5.0315175,5.5102936605235975,-0.47877616052359784
6891,5.038642,5.508305315750663,-0.46966331575066267
6892,5.0480127,5.506429061263872,-0.45841636126387186
6893,5.0552826,5.504779152869496,-0.44949655286949586
6894,5.0631266,5.503227812584644,-0.4401012125846435
6895,5.070597,5.502153969815492,-0.4315569698154915
6896,5.07632,5.501233730132551,-0.42491373013255096
6897,5.086719,5.5003133959953345,-0.4135943959953341
6898,5.0896997,5.499487551231769,-0.4097878512317692
6899,5.097956,5.4989706299899135,-0.40101462998991355
6900,5.1030087,5.498684470513499,-0.395675770513499
6901,5.106053,5.498516197082803,-0.39246319708280275
6902,5.1074176,5.4984783438080065,-0.3910607438080067
6903,5.108779,5.498444926995296,-0.38966592699529556
6904,5.109,5.498526516914544,-0.3895265169145441
6905,5.10437,5.49908170271904,-0.39471170271903944
6906,5.0999646,5.501381381492137,-0.401416781492137
6907,5.0994577,5.50286193729159,-0.40340423729159003
6908,5.0973535,5.504197158590302,-0.4068436585903026
6909,5.100357,5.505327891099501,-0.40497089109950135
6910,5.1042337,5.5059383025747515,-0.4017046025747515
6911,5.1048584,5.506116681765099,-0.4012582817650987
6912,5.106614,5.506292088595018,-0.3996780885950173
6913,5.1082926,5.506461727527808,-0.3981691275278072
6914,5.108869,5.506556903157437,-0.3976879031574363
6915,5.1079526,5.508821970052045,-0.40086937005204515
6916,5.1106873,5.509441959103159,-0.398754659103159
6917,5.1107917,5.510119887706285,-0.39932818770628487
6918,5.111859,5.512238088036684,-0.40037908803668376
6919,5.1100802,5.513132005271845,-0.40305180527184525
6920,5.1102896,5.51371761465527,-0.4034280146552707
6921,5.1085076,5.51511394473669,-0.4066063447366899
6922,5.108941,5.515016489254817,-0.4060754892548175
6923,5.1084747,5.514508773390934,-0.40603407339093334
6924,5.1081686,5.515424593208575,-0.4072559932085751
6925,5.1043844,5.516937808388951,-0.41255340838895105
6926,5.1007447,5.516713172383975,-0.41596847238397494
6927,5.100734,5.515183584629113,-0.4144495846291125
6928,5.1007104,5.513651481048859,-0.4129410810488592
6929,5.100672,5.512723816791212,-0.4120518167912115
6930,5.100615,5.511224713849625,-0.41060971384962475
6931,5.100538,5.508902331850709,-0.4083643318507084
6932,5.100438,5.506680519553134,-0.4062425195531345
6933,5.1003137,5.504225730031818,-0.40391203003181797
6934,5.1001616,5.501481810730239,-0.4013202107302387
6935,5.0999794,5.502870237326616,-0.40289083732661624
6936,5.0997653,5.503875989060915,-0.4041106890609152
6937,5.0995164,5.500354966639199,-0.4008385666391989
6938,5.0992303,5.496645241631191,-0.3974149416311903
6939,5.0989046,5.492883858962535,-0.39397925896253483
6940,5.098537,5.4892188034915215,-0.39068180349152115
6941,5.098125,5.485571286277678,-0.38744628627767863
6942,5.0976663,5.481633930516654,-0.38396763051665417
6943,5.0971584,5.481360205483913,-0.38420180548391336
6944,5.0965986,5.4816899181959995,-0.3850913181959994
6945,5.095985,5.4785821334898,-0.3825971334898002
6946,5.095315,5.47465884834127,-0.37934384834126966
6947,5.094586,5.470483647784858,-0.3758976477848588
6948,5.0937953,5.467530105496396,-0.3737348054963956
6949,5.0929413,5.464197482614124,-0.3712561826141245
6950,5.092021,5.459435645125493,-0.3674146451254927
6951,5.0910325,5.454436976044397,-0.36340447604439685
6952,5.0899725,5.44867249986554,-0.35869999986554024
6953,5.0888395,5.442725846246242,-0.3538863462462425
6954,5.0876307,5.43662144408552,-0.34899074408552
6955,5.0863433,5.430824070773233,-0.3444807707732327
6956,5.0849757,5.425048405828809,-0.3400727058288089
6957,5.0835247,5.418597286100043,-0.3350725861000434
6958,5.0819883,5.412242904286515,-0.3302546042865151
6959,5.0803638,5.406758306794911,-0.32639450679491144
6960,5.078649,5.400859958162012,-0.3222109581620112
6961,5.076842,5.393866281868102,-0.31702428186810216
6962,5.0749393,5.386440927757138,-0.3115016277571385
6963,5.072939,5.378806760565979,-0.3058677605659792
6964,5.070635,5.371329791373729,-0.30069479137372834
6965,5.079918,5.363844067704691,-0.28392606770469087
6966,5.083447,5.356718280161862,-0.273271280161862
6967,5.0762625,5.349694063759777,-0.27343156375977706
6968,5.069218,5.342811669592687,-0.27359366959268705
6969,5.059527,5.33588568975582,-0.2763586897558197
6970,5.0405197,5.329133283798624,-0.28861358379862434
6971,5.0270267,5.322730362942747,-0.2957036629427465
6972,5.0045877,5.316075235780028,-0.31148753578002797
6973,4.979432,5.309834653468341,-0.3304026534683411
6974,4.9537973,5.30410136250015,-0.35030406250015034
6975,4.92916,5.298699337107357,-0.36953933710735676
6976,4.9087143,5.293514102544402,-0.3847998025444026
6977,4.865909,5.288614859830593,-0.42270585983059306
6978,4.852246,5.28422799670317,-0.43198199670317017
6979,4.835883,5.280306004410344,-0.44442300441034366
6980,4.8194375,5.277015747639711,-0.45757824763971033
6981,4.808825,5.274781749753182,-0.46595674975318246
6982,4.8052564,5.272994185269571,-0.46773778526957077
6983,4.806245,5.271725693969988,-0.4654806939699885
6984,4.8091364,5.270618791192826,-0.46148239119282586
6985,4.817455,5.270028999267955,-0.4525739992679556
6986,4.82804,5.269823621541535,-0.4417836215415356
6987,4.8440423,5.269329713120798,-0.425287413120798
6988,4.857567,5.269138903233403,-0.4115719032334022
6989,4.874706,5.269616850760163,-0.3949108507601631
6990,4.894298,5.271272177668281,-0.3769741776682807
6991,4.9123864,5.272935121458163,-0.3605487214581631
6992,4.928432,5.273946385697971,-0.345514385697971
6993,4.943835,5.275328546771461,-0.33149354677146103
6994,4.955175,5.277172235396314,-0.32199723539631453
6995,4.966329,5.279785022525935,-0.3134560225259353
6996,4.9764414,5.281446708033924,-0.3050053080339241
6997,4.985236,5.281112657994332,-0.2958766579943326
6998,4.993843,5.280128637985952,-0.2862856379859515
6999,5.0010886,5.279641983959008,-0.2785533839590082
7000,5.008221,5.280292132597187,-0.27207113259718696
7001,5.0046515,5.280042547439967,-0.27539104743996745
7002,5.00109,5.278601411253346,-0.27751141125334655
7003,5.001159,5.2769787167463065,-0.2758197167463061
7004,5.0012846,5.274688397214611,-0.27340379721461083
7005,5.0014625,5.2735217535877235,-0.27205925358772376
7006,5.0016904,5.271936228750878,-0.27024582875087777
7007,5.0019655,5.267785108577614,-0.26581960857761455
7008,5.002284,5.264017518508631,-0.26173351850863025
7009,5.002643,5.26060609559259,-0.25796309559259
7010,5.0030394,5.257105208845374,-0.25406580884537444
7011,5.0034704,5.25121542540586,-0.24774502540585974
7012,5.0039325,5.244331727370153,-0.24039922737015296
7013,5.0044227,5.236755093620178,-0.23233239362017777
7014,5.004938,5.228633457816154,-0.22369545781615408
7015,5.0054755,5.226584854799819,-0.22110935479981908
7016,5.0060315,5.223035585623371,-0.2170040856233708
7017,5.0066032,5.211162038429598,-0.2045588384295982
7018,5.007188,5.199186786857386,-0.19199878685738536
7019,5.007782,5.185900692060286,-0.17811869206028597
7020,5.008383,5.173896765248857,-0.16551376524885697
7021,5.0089865,5.161163135222642,-0.15217663522264235
7022,5.009591,5.1476955205865575,-0.1381045205865572
7023,5.0101924,5.133689497029879,-0.12349709702987877
7024,5.0107875,5.11872284875839,-0.10793534875838962
7025,5.011374,5.103366336151583,-0.09199233615158331
7026,5.0119486,5.091926105993599,-0.07997750599359854
7027,5.0125074,5.080605992550962,-0.06809859255096207
7028,5.013048,5.063557859188742,-0.0505098591887414
7029,5.0135674,5.047074298169359,-0.03350689816935848
7030,5.014062,5.031186593788325,-0.017124593788325093
7031,5.0145288,5.015621221419575,-0.0010924214195746629
7032,5.014965,4.999918097500994,0.015046902499006087
7033,5.0153675,4.984129941679642,0.031237558320357905
7034,5.0157332,4.968459918331776,0.04727328166822353
7035,5.0160584,4.95356228630888,0.06249611369111996
7036,5.0163407,4.938994062161172,0.07734663783882745
7037,5.016577,4.923762739470859,0.0928142605291411
7038,5.0167637,4.9092886636588045,0.10747503634119582
7039,5.0168977,4.8957359959516396,0.1211617040483608
7040,5.0169764,4.883292947835815,0.13368345216418476
7041,5.0122724,4.871653767990248,0.140618632009752
7042,4.972892,4.859966980408757,0.11292501959124301
7043,4.9126816,4.849150383110585,0.0635312168894151
7044,4.8427167,4.839257494840926,0.0034592051590740525
7045,4.7642508,4.831413766211907,-0.06716296621190665
7046,4.685089,4.824231383023612,-0.13914238302361248
7047,4.6124616,4.817050347492993,-0.20458874749299305
7048,4.5439734,4.810522690879523,-0.2665492908795235
7049,4.4860687,4.803815296703096,-0.31774659670309635
7050,4.4381595,4.797955699211254,-0.35979619921125394
7051,4.3992014,4.794388913379385,-0.3951875133793852
7052,4.3687677,4.790983539543688,-0.42221583954368747
7053,4.3443155,4.7876000103116025,-0.4432845103116021
7054,4.3241677,4.785297505806206,-0.46112980580620544
7055,4.308318,4.783521535175505,-0.4752035351755053
7056,4.2968836,4.783029701781935,-0.4861461017819346
7057,4.2898,4.783154882849349,-0.49335488284934925
7058,4.286732,4.783528236679133,-0.496796236679133
7059,4.287235,4.785530823130164,-0.49829582313016374
7060,4.2935977,4.788984525483683,-0.49538682548368307
7061,4.301686,4.797723970070964,-0.4960379700709643
7062,4.314209,4.808896352235024,-0.49468735223502414
7063,4.329005,4.821249117625421,-0.49224411762542086
7064,4.3461294,4.835822209132358,-0.48969280913235824
7065,4.3682775,4.849613181547396,-0.4813356815473968
7066,4.3924003,4.865014001450628,-0.4726137014506273
7067,4.4205093,4.878126226466033,-0.45761692646603347
7068,4.4490194,4.886660452583119,-0.43764105258311936
7069,4.4782248,4.897730533766279,-0.41950573376627975
7070,4.5064797,4.9099417806415255,-0.40346208064152567
7071,4.5341263,4.923077942460068,-0.38895164246006875
7072,4.5610647,4.933991536278128,-0.37292683627812817
7073,4.5856433,4.941780266099563,-0.35613696609956325
7074,4.606744,4.9489955865428845,-0.34225158654288457
7075,4.625486,4.9559580259605704,-0.33047202596057
7076,4.6421943,4.963143066586772,-0.3209487665867723
7077,4.6570163,4.969836933586402,-0.31282063358640144
7078,4.6704493,4.975765013834394,-0.3053157138343945
7079,4.683841,4.984823184249716,-0.30098218424971623
7080,4.696897,4.995241976612431,-0.2983449766124311
7081,4.7062116,5.004328568878023,-0.2981169688780234
7082,4.711262,5.012286901470868,-0.3010249014708686
7083,4.715442,5.019079436604174,-0.3036374366041734
7084,4.72187,5.026998457024133,-0.30512845702413305
7085,4.7282553,5.034833636454632,-0.30657833645463217
7086,4.7346096,5.04396799716224,-0.30935839716224045
7087,4.7409472,5.050998552164998,-0.31005135216499813
7088,4.7472796,5.066521462897806,-0.3192418628978064
7089,4.7536197,5.076023863377266,-0.3224041633772661
7090,4.7599807,5.080368737179245,-0.3203880371792449
7091,4.766374,5.088710780629864,-0.3223367806298638
7092,4.772814,5.097791391766173,-0.3249773917661729
7093,4.779312,5.103907031752695,-0.3245950317526951
7094,4.7858815,5.109854116946536,-0.323972616946536
7095,4.7925344,5.114159309021954,-0.3216249090219536
7096,4.799284,5.119616074867147,-0.32033207486714677
7097,4.806143,5.122614495815873,-0.31647149581587364
7098,4.8131227,5.125394804795869,-0.312272104795869
7099,4.8202376,5.128031644422918,-0.30779404442291813
7100,4.8274994,5.129233108776385,-0.3017337087763856
7101,4.834921,5.131173785475849,-0.29625278547584966
7102,4.8425145,5.132109139101025,-0.2895946391010247
7103,4.8502936,5.130845717991344,-0.28055211799134394
7104,4.85827,5.129195914805629,-0.27092591480562866
7105,4.866457,5.126713415836237,-0.2602564158362375
7106,4.874867,5.125599965087873,-0.2507329650878729
7107,4.883513,5.124467747475093,-0.24095474747509282
7108,4.892407,5.121819555489166,-0.22941255548916573
7109,4.9015617,5.118943475029111,-0.2173817750291107
7110,4.91099,5.115659447749957,-0.2046694477499571
7111,4.9207053,5.112743168205911,-0.19203786820591073
7112,4.930719,5.109931631598562,-0.1792126315985625
7113,4.941045,5.105998576124923,-0.16495357612492345
7114,4.9516945,5.101767137860055,-0.15007263786005431
7115,4.962681,5.097557720196623,-0.13487672019662345
7116,4.974017,5.093600985600649,-0.11958398560064865
7117,4.985806,5.089589862268988,-0.10378386226898773
7118,4.985115,5.085489384115918,-0.10037438411591726
7119,4.9789405,5.0814094189598045,-0.10246891895980426
7120,4.9653635,5.077568715539426,-0.11220521553942664
7121,4.9374804,5.07473628313322,-0.13725588313321957
7122,4.9036136,5.071424448441679,-0.16781084844167893
7123,4.8779917,5.067056562371114,-0.1890648623711142
7124,4.836465,5.062378833835869,-0.22591383383586905
7125,4.7832565,5.0570296826162515,-0.2737731826162513
7126,4.7270007,5.051388651590914,-0.32438795159091427
7127,4.6740866,5.045327179955944,-0.37124057995594395
7128,4.629461,5.038753272209555,-0.4092922722095551
7129,4.5874963,5.032429971304555,-0.44493367130455486
7130,4.551735,5.026196569409837,-0.4744615694098373
7131,4.5169787,5.019799367994191,-0.5028206679941905
7132,4.485295,5.012371729973942,-0.5270767299739418
7133,4.4563794,5.0045923249994955,-0.5482129249994951
7134,4.43185,4.996773952636967,-0.5649239526369669
7135,4.4100776,4.988983527092112,-0.5789059270921122
7136,4.3936505,4.982242411762561,-0.5885919117625615
7137,4.383025,4.975237207092853,-0.592212207092853
7138,4.380309,4.96769040968626,-0.5873814096862606
7139,4.3862033,4.960114191326795,-0.5739108913267952
7140,4.397756,4.95266536068974,-0.5549093606897397
7141,4.4128213,4.947262720076934,-0.5344414200769343
7142,4.4295197,4.941943682590696,-0.512423982590696
7143,4.4449615,4.935332728786078,-0.49037122878607864
7144,4.459842,4.929361101792856,-0.46951910179285594
7145,4.4760437,4.923867688286291,-0.44782398828629066
7146,4.486815,4.920098972685001,-0.4332839726850013
7147,4.4963427,4.914048385496996,-0.4177056854969967
7148,4.506724,4.908330794850872,-0.4016067948508715
7149,4.5179048,4.90154766340031,-0.3836428634003095
7150,4.52983,4.894372213947383,-0.3645422139473835
7151,4.5424447,4.887332805801963,-0.34488810580196283
7152,4.555694,4.880473801439969,-0.324779801439969
7153,4.5695233,4.8729605135573735,-0.3034372135573733
7154,4.5838776,4.866054143854495,-0.28217654385449453
7155,4.5987015,4.86011333650981,-0.2614118365098106
7156,4.6139407,4.855061892303423,-0.24112119230342355
7157,4.62954,4.849669380179313,-0.22012938017931294
7158,4.645445,4.842822324328641,-0.19737732432864163
7159,4.6615996,4.839746665181299,-0.17814706518129952
7160,4.677951,4.838398423082935,-0.16044742308293447
7161,4.694442,4.832385593931115,-0.13794359393111577
7162,4.7110167,4.826442223841384,-0.11542552384138371
7163,4.7276244,4.819242811343551,-0.09161841134355075
7164,4.744209,4.813340755729231,-0.06913175572923169
7165,4.7607145,4.808578431062065,-0.04786393106206521
7166,4.777086,4.805086831555104,-0.028000831555104355
7167,4.793269,4.8008286278860846,-0.007559627886084996
7168,4.8092084,4.794581676114958,0.01462672388504238
7169,4.8248496,4.78854542578463,0.036304174215370466
7170,4.8401375,4.782136201019876,0.05800129898012418
7171,4.8550177,4.776080800213211,0.07893689978678964
7172,4.869434,4.769406037635671,0.10002796236432943
7173,4.8833327,4.76384803872197,0.11948466127803048
7174,4.896659,4.759169988735818,0.137489011264182
7175,4.909357,4.752995657230578,0.15636134276942215
7176,4.921373,4.746929550657382,0.17444344934261835
7177,4.932651,4.741170447571394,0.1914805524286063
7178,4.943137,4.735923123223737,0.20721387677626346
7179,4.952776,4.7309659350218185,0.22181006497818156
7180,4.961512,4.725823307694848,0.23568869230515155
7181,4.9692917,4.721831565749537,0.24746013425046343
7182,4.9760594,4.718619557118652,0.2574398428813476
7183,4.9817605,4.7169469072191035,0.26481359278089656
7184,4.9863396,4.71613778573816,0.2702018142618403
7185,4.9897423,4.716193202198566,0.27354909780143366
7186,4.991914,4.717697510247158,0.27421648975284274
7187,4.9919963,4.720748085198424,0.27124821480157646
7188,4.944966,4.724362905100392,0.22060309489960783
7189,4.8707166,4.728601935508206,0.14211466449179344
7190,4.7925806,4.734236980527887,0.05834361947211253
7191,4.7217593,4.742143852469398,-0.0203845524693973
7192,4.661777,4.749974064762539,-0.08819706476253941
7193,4.6110406,4.758849006701804,-0.14780840670180417
7194,4.5687833,4.7676743631548355,-0.19889106315483573
7195,4.5364795,4.778282600804828,-0.2418031008048276
7196,4.514751,4.790522022152342,-0.27577102215234195
7197,4.498219,4.802391965122154,-0.3041729651221541
7198,4.4892817,4.8136987211957445,-0.3244170211957442
7199,4.485416,4.826558653057796,-0.3411426530577959
7200,4.485987,4.8395414421280964,-0.3535544421280967
7201,4.493131,4.8519104790327745,-0.3587794790327745
7202,4.502364,4.865635957733156,-0.363271957733156
7203,4.513759,4.8741994718562704,-0.36044047185627015
7204,4.529091,4.882455655598894,-0.3533646555988934
7205,4.5458994,4.890479201302149,-0.3445798013021495
7206,4.5662045,4.8987760519698105,-0.33257155196981003
7207,4.5850635,4.90825480953578,-0.3231913095357797
7208,4.606865,4.915366676897092,-0.30850167689709185
7209,4.628792,4.920180004754067,-0.2913880047540669
7210,4.647414,4.92366940126536,-0.2762554012653595
7211,4.6622033,4.929602504843219,-0.267399204843219
7212,4.66731,4.935539339936422,-0.26822933993642195
7213,4.6661344,4.9390086243088405,-0.2728742243088407
7214,4.661628,4.941532420313178,-0.2799044203131773
7215,4.6568594,4.943083043515428,-0.28622364351542817
7216,4.654758,4.946563062784957,-0.2918050627849569
7217,4.6524854,4.947707123582545,-0.2952217235825456
7218,4.649947,4.945979129016042,-0.2960321290160417
7219,4.6466193,4.941042429521065,-0.2944231295210651
7220,4.638477,4.935494912761697,-0.29701791276169676
7221,4.6288486,4.929043906601289,-0.3001953066012888
7222,4.618114,4.922217403301025,-0.30410340330102503
7223,4.6142745,4.915290376878881,-0.3010158768788811
7224,4.61451,4.902861301209783,-0.2883513012097829
7225,4.6149683,4.889883534245357,-0.27491523424535647
7226,4.6156554,4.876133757441845,-0.260478357441845
7227,4.6165776,4.862425425135905,-0.24584782513590486
7228,4.6177397,4.852363082123059,-0.23462338212305944
7229,4.6191483,4.843490925892857,-0.2243426258928567
7230,4.620809,4.8320173080331585,-0.21120830803315815
7231,4.6227274,4.817894031770231,-0.1951666317702312
7232,4.62491,4.808438741703498,-0.18352874170349853
7233,4.6273613,4.798733536136245,-0.17137223613624553
7234,4.6300883,4.791429164573661,-0.1613408645736616
7235,4.633096,4.784012492173004,-0.15091649217300418
7236,4.636391,4.777971321967173,-0.14158032196717318
7237,4.6399784,4.770873616759123,-0.1308952167591224
7238,4.6438646,4.767021523532873,-0.12315692353287311
7239,4.648055,4.76405456096476,-0.1159995609647595
7240,4.6525555,4.76510267599434,-0.11254717599434017
7241,4.6573715,4.76564633548421,-0.10827483548420958
7242,4.66251,4.765937019456529,-0.10342701945652877
7243,4.667975,4.765366487941537,-0.09739148794153696
7244,4.6737742,4.764488618837669,-0.09071441883766873
7245,4.679912,4.767317610250964,-0.08740561025096394
7246,4.686395,4.770330763563432,-0.08393576356343235
7247,4.6932287,4.773737442357397,-0.08050874235739691
7248,4.700419,4.7759037918181635,-0.07548479181816337
7249,4.7079716,4.77806584537496,-0.07009424537496045
7250,4.7158923,4.780334832558299,-0.06444253255829846
7251,4.724187,4.782654312836655,-0.058467312836655516
7252,4.7328615,4.786848486687253,-0.05398698668725288
7253,4.7419214,4.790536241402315,-0.048614841402315534
7254,4.751373,4.791443815755234,-0.04007081575523408
7255,4.7612214,4.791895865039148,-0.030674465039147947
7256,4.771473,4.793025120557572,-0.02155212055757172
7257,4.7821336,4.8005407208778985,-0.01840712087789864
7258,4.793208,4.807328830897355,-0.014120830897355496
7259,4.8047037,4.808461044417016,-0.0037573444170160286
7260,4.816625,4.8093884114295244,0.0072365885704757105
7261,4.828979,4.808608224798451,0.020370775201548952
7262,4.84177,4.813498379039588,0.028271620960412136
7263,4.8550053,4.816741793621094,0.03826350637890652
7264,4.8686895,4.816887233997959,0.051802266002041186
7265,4.882829,4.816463638230434,0.06636536176956565
7266,4.89743,4.816709780995762,0.0807202190042382
7267,4.912497,4.817555517000967,0.09494148299903316
7268,4.928037,4.8167962774979225,0.11124072250207728
7269,4.9426036,4.816231475752189,0.12637212424781108
7270,4.9465475,4.819148183930272,0.1273993160697282
7271,4.946739,4.821680641394792,0.12505835860520786
7272,4.937098,4.824606066270378,0.11249193372962196
7273,4.917378,4.827060507308402,0.09031749269159839
7274,4.8871155,4.825357922906246,0.06175757709375418
7275,4.846154,4.824210932067033,0.021943067932967075
7276,4.8023453,4.826906239105007,-0.02456093910500723
7277,4.76234,4.835632498586369,-0.07329249858636899
7278,4.728057,4.840501655642317,-0.11244465564231731
7279,4.707562,4.839762673222902,-0.13220067322290152
7280,4.694247,4.838594342428995,-0.14434734242899516
7281,4.6912045,4.839737777251116,-0.14853327725111587
7282,4.694688,4.842358389526821,-0.1476703895268212
7283,4.704228,4.8454751897810375,-0.1412471897810379
7284,4.7186637,4.848915323949149,-0.13025162394914958
7285,4.738644,4.852057350785057,-0.11341335078505743
7286,4.758729,4.85626853501762,-0.0975395350176198
7287,4.782502,4.863016990756501,-0.08051499075650081
7288,4.8059125,4.870358091621613,-0.06444559162161312
7289,4.830731,4.879207858236324,-0.04847685823632375
7290,4.8578773,4.889081121513317,-0.031203821513316576
7291,4.8818903,4.899076828803886,-0.017186528803885714
7292,4.901084,4.9123773203474315,-0.011293320347431468
7293,4.918986,4.926460575976864,-0.00747457597686374
7294,4.938747,4.939510768969407,-0.000763768969406442
7295,4.9555926,4.95305082418266,0.002541775817340053
7296,4.969184,4.968440829325576,0.0007431706744238653
7297,4.9808145,4.986169007633904,-0.005354507633903438
7298,4.9894433,5.002957760751696,-0.013514460751696156
7299,4.9945593,5.018164521255895,-0.02360522125589526
7300,4.998107,5.034103454716804,-0.03599645471680368
7301,5.002874,5.048911841753654,-0.04603784175365355
7302,5.0066123,5.064409113738144,-0.05779681373814416
7303,5.0100794,5.080146862672658,-0.0700674626726574
7304,5.0136914,5.0921947745478615,-0.0785033745478616
7305,5.0166974,5.103754947960083,-0.08705754796008325
7306,5.020305,5.114080271497008,-0.09377527149700882
7307,5.0237145,5.125773220883202,-0.10205872088320245
7308,5.018592,5.159127104555653,-0.14053510455565288
7309,5.017845,5.1896185692631525,-0.17177356926315213
7310,5.017846,5.193859880763145,-0.17601388076314528
7311,5.017848,5.196012062796696,-0.1781640627966965
7312,5.017852,5.19744715793303,-0.17959515793302927
7313,5.0178576,5.197256672513765,-0.17939907251376486
7314,5.017866,5.19459314897466,-0.17672714897466069
7315,5.017878,5.191638358962121,-0.17376035896212105
7316,5.0178933,5.188015242727883,-0.17012194272788328
7317,5.017913,5.1849350038761175,-0.16702200387611743
7318,5.017937,5.181096291224516,-0.1631592912245159
7319,5.0179663,5.177421986518883,-0.15945568651888298
7320,5.0180016,5.172560711443825,-0.15455911144382473
7321,5.0180426,5.1685654088724355,-0.1505228088724353
7322,5.0180907,5.166021850706606,-0.14793115070660612
7323,5.018146,5.161196372597973,-0.14305037259797349
7324,5.0182085,5.155736954616335,-0.13752845461633534
7325,5.0182796,5.149838667992769,-0.13155906799276895
7326,5.0183597,5.143840635524707,-0.12548093552470618
7327,5.0184484,5.138519004922098,-0.12007060492209831
7328,5.018547,5.1377965349862595,-0.11924953498625968
7329,5.018656,5.136366636264588,-0.11771063626458833
7330,5.0187755,5.1306330724666385,-0.11185757246663819
7331,5.018906,5.124165238777296,-0.10525923877729593
7332,5.019048,5.120651077985427,-0.10160307798542689
7333,5.019203,5.11849728826371,-0.09929428826371023
7334,5.0193706,5.113227422326214,-0.09385682232621395
7335,5.0195513,5.106482136915983,-0.08693083691598336
7336,5.0197453,5.100229355036376,-0.08048405503637568
7337,5.0199537,5.095417250068974,-0.07546355006897354
7338,5.0201774,5.090621550643322,-0.07044415064332199
7339,5.020416,5.085452871433135,-0.06503687143313464
7340,5.02067,5.081268283149198,-0.06059828314919802
7341,5.0209403,5.077073998491429,-0.05613369849142824
7342,5.0212274,5.075258295376873,-0.05403089537687311
7343,5.0215316,5.07411075690477,-0.052579156904769775
7344,5.021854,5.071647274808888,-0.049793274808887844
7345,5.013541,5.070390836499594,-0.05684983649959374
7346,4.98721,5.0736435081692,-0.08643350816919959
7347,4.948348,5.0792207384370425,-0.13087273843704228
7348,4.8914566,5.077928576705943,-0.18647197670594373
7349,4.8193097,5.077945900234871,-0.25863620023487144
7350,4.7366266,5.076655681781491,-0.34002908178149127
7351,4.6585126,5.073913562470469,-0.41540096247046954
7352,4.5889826,5.070712550889816,-0.4817299508898163
7353,4.531272,5.067062314321204,-0.5357903143212033
7354,4.4869375,5.062356152967129,-0.5754186529671292
7355,4.4525156,5.05739228339165,-0.6048766833916499
7356,4.4241724,5.052548379194162,-0.6283759791941623
7357,4.401897,5.048376384599476,-0.6464793845994761
7358,4.385391,5.045709056643775,-0.6603180566437743
7359,4.3756814,5.041097975875983,-0.6654165758759829
7360,4.3692813,5.036847578627073,-0.6675662786270733
7361,4.366952,5.031708740181869,-0.6647567401818684
7362,4.3666162,5.027165428660868,-0.6605492286608676
7363,4.367982,5.0222412579843585,-0.6542592579843589
7364,4.3693476,5.016670247956949,-0.6473226479569485
7365,4.3707657,5.011397827585964,-0.6406321275859641
7366,4.370469,5.006467044502655,-0.6359980445026547
7367,4.3679132,5.003491942942639,-0.6355787429426387
7368,4.367268,5.000734775248178,-0.633466775248178
7369,4.3730927,4.9968798517445006,-0.6237871517445006
7370,4.3801675,4.993641824599484,-0.6134743245994843
7371,4.390264,4.9911673300609465,-0.6009033300609463
7372,4.405426,4.990142628483065,-0.5847166284830649
7373,4.4191046,4.989846354023966,-0.5707417540239659
7374,4.4307675,4.99018230728249,-0.55941480728249
7375,4.4434934,4.991417036961447,-0.5479236369614462
7376,4.4558225,4.993622139182034,-0.5377996391820341
7377,4.468616,4.997481938713124,-0.5288659387131238
7378,4.482109,5.00215094767978,-0.52004194767978
7379,4.496821,5.008733801439368,-0.5119128014393679
7380,4.500067,5.016907775726474,-0.5168407757264744
7381,4.4925346,5.025608448830344,-0.5330738488303437
7382,4.4796553,5.036026254098556,-0.556370954098556
7383,4.462489,5.049082686945768,-0.5865936869457684
7384,4.442097,5.0629840942107345,-0.6208870942107341
7385,4.41954,5.076576530424572,-0.6570365304245724
7386,4.395878,5.0913752907185525,-0.6954972907185528
7387,4.372171,5.106643692586644,-0.7344726925866443
7388,4.3494806,5.123052022751804,-0.7735714227518047
7389,4.3288674,5.139860190939054,-0.8109927909390544
7390,4.311391,5.15678936938882,-0.8453983693888194
7391,4.2981124,5.174024243379933,-0.8759118433799333
7392,4.2900925,5.19111534525542,-0.9010228452554196
7393,4.2884407,5.208844167406905,-0.9204034674069055
7394,4.289745,5.226095296535663,-0.9363502965356627
7395,4.2914114,5.242948190721223,-0.9515367907212227
7396,4.293485,5.261217885294331,-0.967732885294331
7397,4.2960095,5.279514761171406,-0.9835052611714055
7398,4.299029,5.2969402475601015,-0.9979112475601015
7399,4.3025875,5.31320330471844,-1.0106158047184408
7400,4.30673,5.326858676890991,-1.020128676890991
7401,4.3114996,5.339262180179531,-1.0277625801795303
7402,4.316941,5.351692826391723,-1.034751826391723
7403,4.323098,5.366042793726259,-1.0429447937262593
7404,4.330015,5.378396831923835,-1.0483818319238347
7405,4.3377366,5.389140891207957,-1.0514042912079562
7406,4.3463063,5.396983731628807,-1.0506774316288068
7407,4.355768,5.403754158812863,-1.0479861588128623
7408,4.366167,5.41157569061511,-1.04540869061511
7409,4.3775463,5.418404724159485,-1.0408584241594854
7410,4.389951,5.424308790933304,-1.0343577909333037
7411,4.4034243,5.431428780301285,-1.028004480301285
7412,4.4180098,5.432293158949346,-1.0142833589493456
7413,4.4337535,5.428752018147935,-0.994998518147935
7414,4.4506993,5.423381909404875,-0.9726826094048748
7415,4.4688907,5.41568163170737,-0.9467909317073699
7416,4.488372,5.4063453053914925,-0.9179733053914925
7417,4.5091877,5.395589757514415,-0.8864020575144149
7418,4.531381,5.384321687951863,-0.8529406879518637
7419,4.55456,5.375321735488681,-0.8207617354886807
7420,4.725187,5.368428822420241,-0.643241822420241
7421,4.7602353,5.368336624102303,-0.6081013241023037
7422,4.8237023,5.361580475308112,-0.5378781753081121
7423,4.863763,5.364383784498881,-0.5006207844988815
7424,4.888636,5.363501642720048,-0.47486564272004816
7425,4.8929224,5.338830300232082,-0.4459079002320818
7426,4.902008,5.314256425201141,-0.4122484252011409
7427,4.8887515,5.289917210945764,-0.40116571094576425
7428,4.8570504,5.265948531573925,-0.40889813157392485
7429,4.8140564,5.2424823809774095,-0.42842598097740936
7430,4.760877,5.219644858709133,-0.45876785870913306
7431,4.702201,5.1975546752531905,-0.49535367525319085
7432,4.6464233,5.176321476808293,-0.5298981768082927
7433,4.5929337,5.156044600491908,-0.5631109004919086
7434,4.5438986,5.136812566161441,-0.5929139661614409
7435,4.503284,5.118702784666475,-0.6154187846664749
7436,4.4679193,5.101781396826291,-0.6338620968262907
7437,4.4361672,5.086103088914332,-0.6499358889143325
7438,4.4138227,5.071710937058326,-0.6578882370583266
7439,4.3949804,5.058635759031401,-0.6636553590314014
7440,4.386622,5.046895601470974,-0.6602736014709736
7441,4.381701,5.036496369337963,-0.6547953693379638
7442,4.382953,5.027433190732826,-0.6444801907328266
7443,4.39352,5.019691984549878,-0.6261719845498783
7444,4.4073105,5.013250623930714,-0.6059401239307141
7445,4.4274073,5.008079811019342,-0.5806725110193423
7446,4.450782,5.004144031142126,-0.5533620311421261
7447,4.4802713,5.001402360815865,-0.5211310608158648
7448,4.509954,4.999809144167518,-0.4898551441675183
7449,4.5375648,4.999314455385634,-0.46174965538563395
7450,4.565129,4.999864521565744,-0.43473552156574424
7451,4.595638,5.001402370882231,-0.40576437088223116
7452,4.6203647,5.003868334825251,-0.3835036348252512
7453,4.643887,5.0072001912942445,-0.3633131912942442
7454,4.6683493,5.036885588317612,-0.3685362883176122
7455,4.6918955,5.068415638334247,-0.37652013833424647
7456,4.7150397,5.082892884167353,-0.3678531841673527
7457,4.736451,5.112361203145835,-0.37591020314583545
7458,4.753087,5.144869627874105,-0.3917826278741048
7459,4.7542076,5.165178826471145,-0.4109712264711449
7460,4.755185,5.183218160113791,-0.4280331601137908
7461,4.756789,5.2070969779089,-0.4503079779088992
7462,4.7589993,5.2227139107342975,-0.4637146107342973
7463,4.761795,5.238476317421756,-0.4766813174217557
7464,4.765156,5.253971954453037,-0.48881595445303727
7465,4.769061,5.263806694756228,-0.49474569475622854
7466,4.77349,5.273473966080417,-0.49998396608041684
7467,4.778422,5.282862412288325,-0.504440412288325
7468,4.783837,5.295364705550664,-0.5115277055506642
7469,4.789714,5.309125785981269,-0.5194117859812692
7470,4.7960324,5.317317181051732,-0.5212847810517323
7471,4.8027716,5.323481369737712,-0.5207097697377119
7472,4.8099113,5.328570648657,-0.5186593486570006
7473,4.8174305,5.334859567850729,-0.5174290678507285
7474,4.8253093,5.342591160111072,-0.5172818601110718
7475,4.8335266,5.348234007315673,-0.5147074073156732
7476,4.842062,5.354507604019666,-0.5124456040196659
7477,4.850895,5.359791708041278,-0.5088967080412772
7478,4.860005,5.364109122311333,-0.5041041223113325
7479,4.869371,5.368486001543091,-0.49911500154309074
7480,4.8789725,5.36909183187679,-0.49011933187679
7481,4.8887897,5.369518960959068,-0.4807292609590679
7482,4.8988013,5.370276585636525,-0.47147528563652497
7483,4.9089875,5.37424067452632,-0.4652531745263193
7484,4.919327,5.3778321334030394,-0.45850513340303944
7485,4.9297986,5.377332132309128,-0.4475335323091283
7486,4.940383,5.376790550182021,-0.4364075501820208
7487,4.9510593,5.376226700844807,-0.4251674008448072
7488,4.961807,5.377423078679505,-0.4156160786795047
7489,4.9726048,5.381366744532657,-0.4087619445326567
7490,4.983433,5.386822876757533,-0.403389876757533
7491,4.99427,5.386214918973045,-0.39194491897304484
7492,5.0022116,5.38645048609336,-0.3842388860933603
7493,5.005844,5.387396096928481,-0.38155209692848135
7494,5.010266,5.387443796029219,-0.3771777960292191
7495,5.0138235,5.386831061479121,-0.3730075614791213
7496,5.0178037,5.387332866504445,-0.3695291665044449
7497,5.0229154,5.388074916032918,-0.36515951603291885
7498,5.0262094,5.389601973748389,-0.3633925737483894
7499,5.0287433,5.391897495177109,-0.3631541951771089
