,Actual pupil,Predicted pupil,residue
0,,5.1156371103380724,
1,,5.103591835284441,
2,,5.092020453640419,
3,6.075362,5.080932594217682,0.9944294057823182
4,6.101314,5.070331912174391,1.0309820878256097
5,6.1390653,5.060215332885548,1.0788499671144525
6,6.1809397,5.050572473068449,1.1303672269315506
7,6.2018347,5.041385389998519,1.1604493100014812
8,6.212711,5.032628759147273,1.1800822408527267
9,6.2230463,5.024270531440115,1.1987757685598854
10,6.220931,5.016273049765849,1.204657950234151
11,6.1763773,5.008594508328377,1.1677827916716232
12,6.1068125,5.001190577369947,1.1056219226300534
13,6.011761,4.9940160492086205,1.0177449507913794
14,5.9177094,4.987026394393139,0.9306830056068609
15,5.8276606,4.980179113933431,0.8474814860665685
16,5.7445135,4.973434820531607,0.7710786794683928
17,5.687489,4.966758050045606,0.7207309499543939
18,5.6216965,4.960117851177023,0.6615786488229762
19,5.5442758,4.953488236796347,0.5907875632036532
20,5.4806266,4.946848539381053,0.5337780606189471
21,5.4210978,4.940183620719801,0.480914179280199
22,5.3728356,4.933483852331831,0.4393517476681694
23,5.3262153,4.926744795046613,0.39947050495338754
24,5.279542,4.919966587698251,0.3595754123017496
25,5.2527466,4.913153151301285,0.33959344869871533
26,5.233996,4.906311285868916,0.3276847141310846
27,5.227172,4.89944971969634,0.3277222803036608
28,5.23099,4.892578159828985,0.3384118401710152
29,5.2384224,4.88570634434848,0.35271605565151987
30,5.2492533,4.878843057082893,0.37041024291710745
31,5.263267,4.871995072109164,0.39127192789083587
32,5.2802477,4.8651660874103495,0.4150816125896508
33,5.299979,4.858355836713315,0.4416231632866854
34,5.3222466,4.85155963770272,0.4706869622972798
35,5.346833,4.844768523615144,0.5020644763848559
36,5.373524,4.837969911611865,0.5355540883881345
37,5.4021034,4.831148669479158,0.5709547305208416
38,5.432355,4.824288420857714,0.6080665791422861
39,5.4640627,4.817372944816226,0.6466897551837745
40,5.497011,4.810387580485765,0.6866234195142349
41,5.530985,4.808736998502075,0.7222480014979249
42,5.5657682,4.811893866551043,0.753874333448957
43,5.601145,4.8144369746527715,0.7867080253472283
44,5.636899,4.816752990888238,0.8201460091117614
45,5.672815,4.818761121998364,0.8540538780016362
46,5.708678,4.820410554048682,0.8882674459513176
47,5.744271,4.821748725541332,0.9225222744586681
48,5.779378,4.8228706440688995,0.9565073559311008
49,5.813784,4.823070144794023,0.9907138552059767
50,5.847274,4.822120269526656,1.0251537304733436
51,5.8653913,4.820687964256471,1.0447033357435291
52,5.840721,4.819014166586463,1.0217068334135373
53,5.7964664,4.817135753827564,0.9793306461724356
54,5.748173,4.815071619966564,0.9331013800334365
55,5.7021985,4.81340686150257,0.8887916384974295
56,5.6623282,4.812046942607861,0.8502812573921394
57,5.632817,4.810526906030405,0.8222900939695954
58,5.618199,4.8089723652721,0.8092266347278994
59,5.6105247,4.807363416607424,0.8031612833925763
60,5.614323,4.805724530161126,0.8085984698388735
61,5.6179276,4.804005188394117,0.8139224116058825
62,5.626742,4.801694092089395,0.825047907910605
63,5.6244826,4.79877092253658,0.8257116774634206
64,5.6198277,4.795822280658414,0.824005419341586
65,5.6128545,4.792996196043984,0.8198583039560159
66,5.6036386,4.790287635521686,0.8133509644783139
67,5.592257,4.787678347082683,0.8045786529173169
68,5.578785,4.785205249868483,0.7935797501315172
69,5.5632997,4.782855703546955,0.7804439964530445
70,5.5458775,4.780589731963563,0.7652877680364369
71,5.526594,4.778424176610657,0.7481698233893432
72,5.505527,4.7763778349844666,0.7291491650155333
73,5.4827514,4.774471349860713,0.7082800501392867
74,5.458344,4.772711464112169,0.685632535887831
75,5.432381,4.771143429568219,0.6612375704317817
76,5.40494,4.769799911555297,0.6351400884447029
77,5.3760953,4.768645607364017,0.6074496926359831
78,5.3459244,4.767670124065232,0.5782542759347686
79,5.3145037,4.7668492437438985,0.5476544562561019
80,5.2819085,4.766139427574665,0.5157690724253348
81,5.248217,4.765533132491556,0.4826838675084444
82,5.213504,4.765046063443114,0.4484579365568866
83,5.177846,4.764707366511071,0.4131386334889289
84,5.1413198,4.764511827790112,0.37680797220988804
85,5.1040015,4.764437526513648,0.33956397348635203
86,5.0659685,4.764489141324569,0.3014793586754312
87,5.027295,4.764656171616117,0.2626388283838823
88,4.988059,4.764923452410887,0.2231355475891128
89,4.948336,4.765287585734235,0.18304841426576512
90,4.908204,4.765738432720019,0.14246556727998083
91,4.867737,4.766271039045614,0.10146596095438554
92,4.827012,4.766904866449123,0.06010713355087649
93,4.7861056,4.76766598515627,0.01843961484372958
94,4.7450943,4.76854863397713,-0.02345433397713048
95,4.704056,4.769544140316393,-0.06548814031639338
96,4.663064,4.770611877168246,-0.10754787716824588
97,4.6221957,4.771722142306283,-0.14952644230628298
98,4.581528,4.772882385645874,-0.1913543856458748
99,4.5411377,4.77401526571372,-0.23287756571371965
100,4.501101,4.775030161843242,-0.2739291618432418
101,4.4614925,4.775812836066191,-0.31432033606619036
102,4.42239,4.776171769543837,-0.3537817695438372
103,4.3838696,4.775907970070106,-0.39203837007010645
104,4.3460083,4.774862469743827,-0.4288541697438264
105,4.3088813,4.772969230149535,-0.4640879301495344
106,4.272566,4.7702196030191,-0.4976536030191001
107,4.2371373,4.766626571874326,-0.5294892718743265
108,4.2026725,4.762195621513453,-0.5595231215134531
109,4.1692486,4.756948952105359,-0.587700352105359
110,4.1369395,4.7509976438955785,-0.6140581438955781
111,4.1058245,4.744480863000745,-0.6386563630007451
112,4.0759854,4.73753209932939,-0.6615466993293895
113,4.0474844,4.73030182425235,-0.6828174242523497
114,4.020406,4.722933232307167,-0.7025272323071663
115,3.994824,4.7155671919610915,-0.7207431919610916
116,3.9708173,4.708404699603109,-0.7375873996031084
117,3.9484618,4.701646799618607,-0.7531849996186071
118,3.9278338,4.695422620115846,-0.7675888201158463
119,3.9090087,4.689831852702958,-0.7808231527029581
120,3.8920636,4.685000937977445,-0.7929373379774445
121,3.8770745,4.681032326157579,-0.8039578261575793
122,3.8641183,4.677967687632047,-0.8138493876320472
123,3.8532708,4.675829613673791,-0.8225588136737909
124,3.8446085,4.6745954045241955,-0.8299869045241954
125,3.8382077,4.674201467755732,-0.8359937677557321
126,3.8341448,4.674593768316866,-0.8404489683168661
127,3.8324964,4.675707156010792,-0.8432107560107918
128,4.0733194,4.677434638565198,-0.604115238565198
129,4.369104,4.679696278586472,-0.31059227858647187
130,4.6637588,4.682430832419857,-0.0186720324198566
131,4.9482856,4.685542569515731,0.26274303048426884
132,5.2136917,4.6889650949914685,0.5247266050085315
133,5.450985,4.692633905096293,0.7583510949037073
134,5.651163,4.696473460403514,0.9546895395964867
135,5.8052297,4.700434218942445,1.1047954810575549
136,5.90419,4.704478797453331,1.199711202546669
137,5.922454,4.708559589262759,1.2138944107372414
138,5.8588004,4.712639355198206,1.1461610448017936
139,5.77964,4.716672579443039,1.0629674205569604
140,5.6859293,4.7205868832644,0.9653424167355995
141,5.6298056,4.7243069032706755,0.9054986967293246
142,5.606858,4.72779312915615,0.87906487084385
143,5.5870543,4.731045821397784,0.8560084786022157
144,5.570099,4.734052037032949,0.8360469629670506
145,5.555693,4.736789270662955,0.8189037293370447
146,5.54354,4.739246261857047,0.8042937381429534
147,5.5333414,4.741429704114973,0.7919116958850276
148,5.5248,4.743337838996458,0.7814621610035424
149,5.517618,4.744985002708614,0.7726329972913861
150,5.511499,4.746404724914383,0.7650942750856169
151,5.506144,4.747609316152612,0.7585346838473876
152,5.501256,4.748584983064347,0.7526710169356523
153,5.4965377,4.749276184448119,0.7472615155518811
154,5.491691,4.749690195777138,0.7420008042228625
155,5.486419,4.749870541580066,0.736548458419934
156,5.480424,4.749803424144245,0.7306205758557551
157,5.473408,4.749477139934227,0.7239308600657735
158,5.465074,4.748885795896785,0.716188204103215
159,5.4551244,4.748022359049579,0.7071020409504207
160,5.4432616,4.746886997738515,0.6963746022614847
161,5.429188,4.745497838887561,0.6836901611124393
162,5.4115863,4.743876727853276,0.6677095721467241
163,5.3904257,4.74206505861889,0.6483606413811094
164,5.366723,4.740132228950903,0.6265907710490977
165,5.3408694,4.738133160115293,0.6027362398847069
166,5.313257,4.736186198650296,0.5770708013497039
167,5.28428,4.733952855900242,0.5503271440997581
168,5.2543297,4.730942435975461,0.5233872640245396
169,5.2237973,4.727229233017991,0.49656806698200917
170,5.193076,4.723164524670292,0.4699114753297078
171,5.1625586,4.719377045145812,0.44318155485418753
172,5.132636,4.716553031461468,0.41608296853853144
173,5.1037025,4.715068608079032,0.38863389192096776
174,5.0761485,4.714837492441119,0.36131100755888124
175,5.0503674,4.715634578459372,0.3347328215406282
176,5.0267506,4.717243590616649,0.30950700938335096
177,5.005691,4.7195299521955265,0.28616104780447316
178,4.9875813,4.722489084243117,0.2650922157568836
179,4.972812,4.726089543644438,0.24672245635556234
180,4.9617777,4.730225380427558,0.23155231957244204
181,4.9548693,4.73483461912507,0.22003468087493072
182,4.9524794,4.739859676792167,0.2126197232078324
183,5.04554,4.745246903306235,0.3002930966937649
184,5.152745,4.750905726796813,0.401839273203187
185,5.266714,4.756767090223796,0.5099469097762039
186,5.380067,4.762788182454125,0.6172788175458752
187,5.485426,4.768882391914089,0.7165436080859111
188,5.5754123,4.774972402349158,0.8004398976508416
189,5.642646,4.781018499439923,0.8616275005600773
190,5.679747,4.787017067348382,0.8927299326516183
191,5.683459,4.792931348194362,0.8905276518056384
192,5.62626,4.798742935353184,0.8275170646468162
193,5.5767236,4.804450039517095,0.7722735604829056
194,5.52548,4.810032329818421,0.7154476701815788
195,5.4790115,4.815474800876815,0.6635366991231857
196,5.44584,4.820762320071746,0.6250776799282534
197,5.4238315,4.82590307077883,0.5979284292211702
198,5.41023,4.83091225213803,0.5793177478619702
199,5.4041357,4.8357970148114315,0.5683386851885688
200,5.4047327,4.840563784796075,0.5641689152039255
201,5.410047,4.845205450627199,0.564841549372801
202,5.4190784,4.849704623602166,0.5693737763978337
203,5.429669,4.854051053295322,0.5756179467046776
204,5.440556,4.858236289634416,0.5823197103655842
205,5.4555054,4.862214046194223,0.5932913538057765
206,5.470181,4.865872641850693,0.6043083581493072
207,5.4860907,4.8691597841676195,0.6169309158323806
208,5.5034223,4.87207440635252,0.6313478936474803
209,5.522343,4.874571519881302,0.6477714801186982
210,5.539566,4.8766543114558765,0.6629116885441233
211,5.5547953,4.87832845032335,0.6764668496766504
212,5.5654764,4.879628178676853,0.6858482213231465
213,5.569047,4.880621188204923,0.688425811795077
214,5.5622888,4.881381374694922,0.6809074253050778
215,5.545021,4.881954788976069,0.6630662110239314
216,5.5219126,4.882319411315056,0.6395931886849446
217,5.494996,4.8824471190775105,0.6125488809224899
218,5.466557,4.882257380719887,0.5842996192801131
219,5.439792,4.8816589217840525,0.5581330782159473
220,5.412689,4.880614827325857,0.5320741726741431
221,5.382382,4.878995433393289,0.5033865666067108
222,5.350684,4.876871716971637,0.4738122830283631
223,5.3168073,4.87452524622017,0.44228205377983
224,5.285023,4.872101424982388,0.41292157501761206
225,5.2544055,4.869582697851367,0.3848228021486326
226,5.2275825,4.866892393688089,0.36069010631191034
227,5.205175,4.864094116535737,0.34108088346426246
228,5.18583,4.861341212413024,0.32448878758697575
229,5.164807,4.858103036513684,0.30670396348631535
230,5.1433587,4.854329877967844,0.2890288220321562
231,5.120518,4.850689050012067,0.2698289499879323
232,5.0866027,4.847435995565946,0.2391667044340542
233,5.0482283,4.844652772321132,0.20357552767886755
234,5.0063972,4.842381910796403,0.1640152892035971
235,4.961831,4.840728438032252,0.12110256196774838
236,4.9152493,4.83980984903766,0.07543945096233973
237,4.867381,4.839676096561781,0.027704903438219297
238,4.8189282,4.840394799146859,-0.021466599146858556
239,4.77062,4.842024678556856,-0.07140467855685628
240,4.7231755,4.844616121417156,-0.12144062141715573
241,4.6773157,4.848242519871686,-0.1709268198716858
242,4.633761,4.852959843919694,-0.21919884391969457
243,4.5932293,4.858861477815421,-0.26563217781542114
244,4.5564423,4.866007935696945,-0.30956563569694495
245,4.5250597,4.87428811693359,-0.34922841693358997
246,4.4956307,4.883553860523416,-0.3879231605234157
247,4.4673753,4.893720272996791,-0.42634497299679097
248,4.4431114,4.904707608026478,-0.46159620802647794
249,4.4256573,4.9163906349500675,-0.4907333349500673
250,4.422872,4.928674848426793,-0.5058028484267929
251,4.9182224,4.941436013505634,-0.023213613505634
252,4.9414086,4.954369446934105,-0.012960846934104708
253,4.9548845,4.967246653106274,-0.012362153106273865
254,4.9761143,4.980015090155284,-0.0039007901552841062
255,5.0229893,4.992526406644174,0.03046289335582575
256,4.927403,5.004560656966421,-0.0771576569664214
257,5.1072783,5.015910190897801,0.0913681091021985
258,4.8754096,5.026413832541506,-0.15100423254150552
259,5.067373,5.0359480700902095,0.0314249299097904
260,4.9912744,5.04440383146522,-0.0531294314652202
261,5.0284,5.0517046268340495,-0.023304626834049103
262,5.02596,5.0577950116534955,-0.031835011653495116
263,5.0240755,5.062673209327136,-0.03859770932713591
264,5.022673,5.066404321255343,-0.043731321255342515
265,5.021682,5.069104699473584,-0.04742269947358402
266,5.0210276,5.070921573962673,-0.049893973962673144
267,5.020639,5.071996638434829,-0.05135763843482888
268,5.0204434,5.072493178701185,-0.052049778701185545
269,5.0203686,5.072570648303682,-0.05220204830368136
270,5.020342,5.072405433270663,-0.05206343327066243
271,5.020291,5.072121161559059,-0.051830161559058396
272,5.0201435,5.0718125224564155,-0.0516690224564158
273,5.019827,5.071595796985204,-0.05176879698520409
274,5.019269,5.071583453298914,-0.05231445329891393
275,5.018397,5.071907898923652,-0.05351089892365213
276,5.017139,5.072638445507176,-0.05549944550717534
277,5.015422,5.0738670637111944,-0.0584450637111944
278,5.013174,5.07566872779444,-0.062494727794439875
279,4.9894643,5.078027112184625,-0.08856281218462492
280,5.1225276,5.080901431114266,0.04162616888573378
281,5.2025404,5.084227765809533,0.11831263419046678
282,5.2481637,5.087882881924258,0.16028081807574246
283,5.2783446,5.091504019034682,0.18684058096531775
284,5.312031,5.09444583560723,0.2175851643927702
285,5.36817,5.09622964726423,0.2719403527357702
286,5.46571,5.096769406958284,0.36894059304171556
287,5.6235976,5.094742790514081,0.5288548094859191
288,5.673828,5.0903861552789404,0.5834418447210599
289,5.7893424,5.08744367901363,0.7018987209863701
290,5.8756857,5.08580938540886,0.7898763145911403
291,5.880819,5.0832959090216505,0.7975230909783493
292,5.8747077,5.08005091886542,0.7946567811345799
293,5.8546853,5.076143298528342,0.7785420014716582
294,5.8074546,5.071590371379905,0.7358642286200947
295,5.72308,5.066655176790548,0.6564248232094521
296,5.613049,5.059797743756116,0.5532512562438843
297,5.5006585,5.052708017171933,0.44795048282806693
298,5.391015,5.047753007620865,0.34326199237913535
299,5.290049,5.0410983168788706,0.24895068312112922
300,5.198916,5.032881566747483,0.16603443325251632
301,5.1196866,5.024909525546506,0.0947770744534937
302,5.0537972,5.017340582710832,0.0364566172891676
303,4.9950485,5.010133950302659,-0.015085450302659176
304,4.9485726,5.003219554731193,-0.05464695473119274
305,4.9120016,4.996507388988947,-0.08450578898894712
306,4.8832855,4.989898401672315,-0.10661290167231474
307,4.8656607,4.983295600323149,-0.11763490032314916
308,4.8541207,4.976614146754249,-0.12249344675424911
309,4.851083,4.9697895244011345,-0.1187065244011345
310,4.8539667,4.962783234587542,-0.10881653458754226
311,4.8628507,4.95558579875237,-0.09273509875237007
312,4.8769608,4.948217149525784,-0.0712563495257843
313,4.896675,4.940724743624787,-0.04404974362478686
314,4.9187818,4.933179807902561,-0.014398007902561183
315,4.959768,4.925672225361153,0.034095774638847054
316,4.861729,4.918304571028045,-0.05657557102804489
317,4.8942337,4.911185505683766,-0.01695180568376564
318,4.884313,4.904422748833232,-0.020109748833232466
319,4.865141,4.89965193648344,-0.03451093648343928
320,4.83844,4.89741777369363,-0.058977773693629665
321,4.805929,4.896729254444264,-0.09080025444426454
322,4.7693295,4.8976699648722795,-0.12834046487227901
323,4.7303643,4.900049022582913,-0.16968472258291367
324,4.690754,4.9034645216624515,-0.2127105216624514
325,4.6522202,4.907615744563501,-0.255395544563501
326,4.6164823,4.911814329763763,-0.29533202976376227
327,4.585263,4.915874353698534,-0.3306113536985338
328,4.560282,4.920353767050465,-0.3600717670504654
329,4.543262,4.925290684731611,-0.382028684731611
330,4.535924,4.930527112221183,-0.3946031122211835
331,4.691662,4.9360086776336765,-0.24434667763367646
332,4.860961,4.941662728544585,-0.08070172854458502
333,5.0117764,4.947433256585496,0.06434314341450342
334,5.1450768,4.953293179525244,0.19178362047475606
335,5.2618318,4.959208451165891,0.3026233488341097
336,5.3630104,4.965076231441583,0.39793416855841723
337,5.44958,4.970791939293132,0.47878806070686775
338,5.5225096,4.976272782008789,0.5462368179912112
339,5.582766,4.98147822171315,0.6012877782868502
340,5.6313205,4.986376463296966,0.6449440367030341
341,5.6691394,4.990954832178195,0.6781845678218046
342,5.697192,4.995211679445605,0.7019803205543953
343,5.7164464,4.999155286695964,0.7172911133040358
344,5.7278714,5.002805057375104,0.7250663426248956
345,5.7324357,5.006157764532896,0.7262779354671043
346,5.7246246,5.009222426779686,0.7154021732203146
347,5.6967936,5.012005295485959,0.6847883045140417
348,5.6474557,5.014533183166649,0.632922516833351
349,5.5917773,5.016826115462739,0.5749511845372615
350,5.531334,5.018907437249618,0.5124265627503819
351,5.477273,5.020824891427009,0.45644810857299145
352,5.4251504,5.0225524697952215,0.4025979302047782
353,5.3827024,5.025828339340145,0.3568740606598553
354,5.3516746,5.025429606865078,0.32624499313492183
355,5.329907,5.020425163307297,0.30948183669270346
356,5.3223124,5.015069936135484,0.30724246386451615
357,5.320765,5.009767512053139,0.3109974879468611
358,5.3261313,5.004517174887827,0.32161412511217335
359,5.329362,4.999316532739012,0.3300454672609874
360,5.331166,4.994161702662378,0.3370042973376215
361,5.319959,4.989047495350529,0.33091150464947106
362,5.297555,4.983967621799403,0.3135873782005971
363,5.263965,4.9789149315041215,0.28505006849587833
364,5.2290335,4.97388166515455,0.25515183484545023
365,5.1943536,4.968859703198033,0.22549389680196708
366,5.16589,4.963840819730671,0.20204918026932894
367,5.1341977,4.958816957267418,0.17538074273258175
368,5.1101303,4.956826938536985,0.15330336146301438
369,5.088391,4.958061918015065,0.13032908198493498
370,5.0729795,4.959735849069195,0.11324365093080502
371,5.062268,4.961376893012222,0.10089110698777848
372,5.053178,4.962436673934096,0.09074132606590357
373,5.046352,4.962729354591049,0.08362264540895037
374,5.039058,4.962349446953415,0.07670855304658453
375,5.0314603,4.961677452093394,0.06978284790660627
376,5.021525,4.9610377318903955,0.06048726810960403
377,5.012935,4.960561452424471,0.052373547575528256
378,5.010814,4.960220459295851,0.05059354070414912
379,5.013809,4.95986693327546,0.05394206672453983
380,5.025349,4.959436884443005,0.06591211555699505
381,5.0455747,4.958947350170721,0.08662734982927933
382,5.0718713,4.958424369371764,0.11344693062823552
383,5.1021805,4.957875822598735,0.14430467740126485
384,5.137231,4.957249218602109,0.179981781397891
385,5.174769,4.956527252162177,0.21824174783782357
386,5.2063646,4.955739243500742,0.250625356499258
387,5.2253547,4.954890065409521,0.2704646345904784
388,5.2427845,4.954001232430459,0.2887832675695412
389,5.258755,4.953052926553824,0.3057020734461755
390,5.273368,4.951927084935369,0.32144091506463024
391,5.286725,4.9506151680778805,0.3361098319221192
392,5.298927,4.949198842518292,0.3497281574817084
393,5.3100753,4.947682192001947,0.36239310799805313
394,5.320271,4.946045117589074,0.3742258824109257
395,5.3296165,4.944262117692821,0.3853543823071792
396,5.3382125,4.942318998723494,0.3958935012765057
397,5.346161,4.94022536377828,0.40593563622172013
398,5.353562,4.937988803312533,0.4155731966874674
399,5.360518,4.935877031226151,0.4246409687738488
400,5.3671303,4.933941264686052,0.4331890353139487
401,5.3734994,4.9319796436061125,0.4415197563938875
402,5.379728,4.930042034650641,0.44968596534935923
403,5.385916,4.928139522867297,0.4577764771327031
404,5.3921666,4.926242896209371,0.4659237037906294
405,5.3985796,4.924347040771496,0.47423255922850327
406,5.405257,4.922501302077798,0.48275569792220185
407,5.4123,4.920800943274102,0.4914990567258979
408,5.4198103,4.919293848621093,0.5005164513789069
409,5.427889,4.918011196054292,0.5098778039457086
410,5.436637,4.9169924871720445,0.5196445128279557
411,5.446157,4.9162360426775695,0.5299209573224308
412,5.4565487,4.915757126141174,0.5407915738588258
413,5.4679146,4.915573624857176,0.5523409751428243
414,5.4803557,4.915687625350058,0.5646680746499415
415,5.4939737,4.916095470862922,0.5778782291370774
416,5.5088696,4.9167990894882365,0.5920705105117632
417,5.525145,4.917780975171832,0.6073640248281684
418,5.5429006,4.919036201841349,0.6238643981586511
419,5.562239,4.920577383810871,0.6416616161891291
420,5.5887723,4.922375454509744,0.6663968454902554
421,5.619601,4.924393375325275,0.6952076246747252
422,5.641116,4.926602014566297,0.7145139854337028
423,5.655444,4.929001603950683,0.7264423960493174
424,5.66471,4.931577964413236,0.7331320355867641
425,5.6710033,4.934281242521945,0.7367220574780546
426,5.654312,4.9370911473482675,0.7172208526517325
427,5.615994,4.939988013079953,0.676005986920047
428,5.570121,4.942944651169719,0.6271763488302815
429,5.5206017,4.945949393752219,0.5746523062477813
430,5.4777036,4.948973592960839,0.5287300070391607
431,5.4452395,4.951991481602578,0.4932480183974217
432,5.4223566,4.954974654955369,0.4673819450446306
433,5.4065638,4.957899690953727,0.4486641090462724
434,5.4019437,4.960757316568501,0.4411863834314991
435,5.4045324,4.9635042631069615,0.44102813689303844
436,5.414444,4.966077552082027,0.448366447917973
437,5.4279284,4.968390299243203,0.4595381007567969
438,5.4488044,4.970365750543011,0.4784386494569892
439,5.4579186,4.971942441184325,0.48597615881567524
440,5.4735284,4.973043607691998,0.5004847923080025
441,5.486325,4.97357106851401,0.5127539314859897
442,5.5022626,4.9734308297062055,0.5288317702937944
443,5.5186896,4.9725587884098825,0.5461308115901176
444,5.535251,4.970912046354201,0.564338953645799
445,5.5548925,4.968435744007694,0.5864567559923062
446,5.5751777,4.965099750388323,0.6100779496116768
447,5.595872,4.9609663315179064,0.6349056684820935
448,5.6182733,4.956099850283435,0.6621734497165654
449,5.641413,4.950553020164345,0.690859979835655
450,5.661415,4.944425072446225,0.716989927553775
451,5.681028,4.937831304147862,0.7431966958521388
452,5.7004294,4.930893476635247,0.769535923364753
453,5.7147117,4.923723505522209,0.7909881944777908
454,5.7251577,4.916432478725045,0.8087252212749547
455,5.738276,4.909121830178906,0.829154169821094
456,5.749082,4.901873415488702,0.8472085845112973
457,5.755749,4.894753552846127,0.860995447153873
458,5.764066,4.887720801558679,0.8763451984413209
459,5.7696238,4.8805845998685715,0.8890392001314282
460,5.769819,4.873237452316609,0.8965815476833914
461,5.766042,4.865908203933069,0.9001337960669309
462,5.75572,4.858751867020694,0.896968132979306
463,5.7467217,4.851778170545389,0.8949435294546113
464,5.738081,4.845001465426677,0.8930795345733236
465,5.72983,4.838480430288044,0.8913495697119558
466,5.721998,4.832264627187794,0.8897333728122065
467,5.7146196,4.8263764712038855,0.8882431287961143
468,5.707723,4.820825898858815,0.8868971011411846
469,5.701342,4.81568272293517,0.8856592770648302
470,5.695507,4.811003452786779,0.884503547213221
471,5.6902485,4.806710844414743,0.8835376555852568
472,5.685599,4.802809169089831,0.8827898309101689
473,5.681589,4.799374126387304,0.8822148736126953
474,5.678251,4.796444092406673,0.8818069075933277
475,5.6756153,4.794035559933114,0.8815797400668854
476,5.673713,4.79221178458461,0.8815012154153905
477,5.672577,4.790972867199302,0.8816041328006987
478,5.672334,4.790292774422415,0.8820412255775851
479,5.6734815,4.790196271968786,0.8832852280312142
480,5.6745396,4.790662402415139,0.8838771975848614
481,5.675512,4.791668792598793,0.883843207401207
482,5.6764016,4.793176454041426,0.8832251459585745
483,5.6772127,4.7951463635640135,0.8820663364359866
484,5.677949,4.797528615955609,0.8804203840443909
485,5.678614,4.800258374097066,0.8783556259029339
486,5.679211,4.803295148599598,0.8759158514004017
487,5.679744,4.806590488042465,0.8731535119575353
488,5.6802163,4.810106647532146,0.8701096524678533
489,5.6806316,4.813803619596169,0.8668279804038308
490,5.6809936,4.817645159284757,0.8633484407152432
491,5.681306,4.821613482464927,0.8596925175350734
492,5.681572,4.825684000708844,0.8558879992911557
493,5.6817956,4.8298419318077865,0.8519536681922135
494,5.68198,4.834072665889997,0.847907334110003
495,5.6821294,4.838357891747359,0.8437715082526411
496,5.6822467,4.842678017590969,0.8395686824090314
497,5.6823363,4.847031755158747,0.8353045448412528
498,5.682401,4.851397996459778,0.8310030035402214
499,5.682445,4.855739848116149,0.8267051518838517
500,5.6824718,4.860035625797099,0.8224361742029007
501,5.6824846,4.864272496113316,0.8182121038866841
502,5.68213,4.868417818177987,0.8137121818220132
503,5.6750617,4.872417858104808,0.8026438418951916
504,5.658254,4.876281571802867,0.7819724281971334
505,5.6338263,4.880141655273641,0.7536846447263592
506,5.621267,4.8840575814225575,0.737209418577442
507,5.6128345,4.888141934898722,0.7246925651012779
508,5.6081467,4.892432511595526,0.7157141884044735
509,5.606664,4.896799750123499,0.7098642498765013
510,5.615472,4.901149950590586,0.7143220494094136
511,5.6253924,4.905380313290608,0.7200120867093922
512,5.6344953,4.909418661314837,0.725076638685163
513,5.6415515,4.9131408317886995,0.7284106682113007
514,5.652119,4.916415414230594,0.7357035857694063
515,5.665911,4.919195623290639,0.7467153767093615
516,5.6774926,4.921538079229951,0.7559545207700493
517,5.687451,4.923596079384044,0.7638549206159562
518,5.699672,4.925504732569382,0.7741672674306175
519,5.706571,4.927241977185079,0.7793290228149212
520,5.714423,4.928737637500109,0.7856853624998914
521,5.7196,4.929983246455664,0.7896167535443359
522,5.7299423,4.931087892951224,0.7988544070487764
523,5.733268,4.932122329276852,0.8011456707231481
524,5.7381244,4.933050566229488,0.8050738337705123
525,5.7392097,4.93381180815196,0.80539789184804
526,5.742267,4.934372729524351,0.8078942704756491
527,5.749783,4.934757751058822,0.8150252489411782
528,5.755779,4.934938261008906,0.8208407389910946
529,5.7595954,4.934915849767199,0.8246795502328013
530,5.7599716,4.934780724432099,0.8251908755679009
531,5.758555,4.934561565270398,0.8239934347296023
532,5.7094812,4.934326124790067,0.7751550752099332
533,5.718093,4.934157726937507,0.7839352730624922
534,5.7206244,4.934085711505932,0.7865386884940682
535,5.7237463,4.934150168539787,0.7895961314602129
536,5.7198296,4.934410156848138,0.785419443151862
537,5.715565,4.934932923855266,0.7806320761447338
538,5.7112203,4.935747743882234,0.7754725561177658
539,5.7068586,4.936843949882607,0.7700146501173935
540,5.7025437,4.9382017268485106,0.7643419731514891
541,5.698341,4.939746993419679,0.7585940065803207
542,5.694314,4.941431367728496,0.7528826322715041
543,5.6905274,4.943269397217544,0.7472580027824556
544,5.6870456,4.945204979947214,0.7418406200527858
545,5.6839323,4.947198330564923,0.7367339694350772
546,5.6812525,4.949237822494057,0.7320146775059433
547,5.6790705,4.951327951123696,0.7277425488763036
548,5.6774497,4.953717247646795,0.7237324523532056
549,5.6764555,4.956789365736223,0.7196661342637771
550,5.6775866,4.960186515799846,0.717400084200154
551,5.694095,4.963559747194572,0.7305352528054279
552,5.7092648,4.966966651095229,0.7422981489047711
553,5.723148,4.970374553094892,0.752773446905108
554,5.735797,4.973744961778876,0.7620520382211238
555,5.7472644,4.977082404432275,0.7701819955677252
556,5.7576017,4.980382372794984,0.7772193272050165
557,5.7668614,4.983638648323618,0.7832227516763819
558,5.775096,4.9868449472359035,0.788251052764096
559,5.782357,4.990029324863046,0.7923276751369546
560,5.7886977,4.9931712698011275,0.7955264301988727
561,5.7941694,4.996187492956348,0.7979819070436527
562,5.7988243,4.999089123863261,0.7997351761367391
563,5.8027153,5.001875651453324,0.8008396485466758
564,5.8058944,5.004525698327537,0.8013687016724624
565,5.8084135,5.006995375588797,0.8014181244112031
566,5.8103247,5.00927585897955,0.8010488410204495
567,5.811681,5.011485438869015,0.8001955611309848
568,5.8125334,5.0136676543875085,0.7988657456124919
569,5.812935,5.015830562061929,0.7971044379380716
570,5.796229,5.017533046926557,0.7786959530734432
571,5.756582,5.018641442146726,0.7379405578532738
572,5.708207,5.019573282767195,0.688633717232805
573,5.663524,5.020480897780321,0.6430431022196785
574,5.62312,5.021385564009419,0.601734435990581
575,5.590904,5.022267787391689,0.5686362126083111
576,5.55902,5.023157568109505,0.5358624318904956
577,5.5312033,5.024109633128847,0.5070936668711523
578,5.499482,5.025051429146144,0.47443057085385654
579,5.4725046,5.0259049752242335,0.4465996247757662
580,5.4329824,5.026698915161395,0.406283484838605
581,5.377763,5.027335237506179,0.3504277624938208
582,5.3265586,5.027560226540333,0.29899837345966684
583,5.2779126,5.02720342364507,0.2507091763549294
584,5.235465,5.026161975461009,0.20930302453899063
585,5.197292,5.024440860375791,0.17285113962420873
586,5.1647058,5.022192967955284,0.14251283204471576
587,5.1296225,5.019573678017136,0.11004882198286392
588,5.0912356,5.016729595254117,0.0745060047458832
589,5.0425286,5.01390635068495,0.028622249315049864
590,5.0057406,5.011251920048884,-0.005511320048883661
591,4.97671,5.0086927651470665,-0.03198276514706677
592,4.9516306,5.006202856673835,-0.05457225667383536
593,4.9292917,5.003691875367706,-0.07440017536770593
594,4.9079614,5.000965179961799,-0.09300377996179954
595,4.888978,4.9978786206734656,-0.10890062067346573
596,4.8720527,4.9943193141004905,-0.12226661410049022
597,4.858453,4.990124424954421,-0.13167142495442086
598,4.843305,4.985178906598415,-0.14187390659841537
599,4.832171,4.9793800575238185,-0.14720905752381874
600,4.822985,4.972746987501885,-0.14976198750188452
601,4.8163385,4.965365971190089,-0.14902747119008897
602,4.818939,4.957287251886935,-0.138348251886935
603,4.8118253,4.948513806210311,-0.13668850621031137
604,4.814999,4.939032196704963,-0.12403319670496238
605,4.821386,4.928883649027297,-0.1074976490272963
606,4.8317084,4.918158079698188,-0.08644967969818751
607,4.8457236,4.90698387261999,-0.061260272619989564
608,4.8629174,4.895483872189822,-0.03256647218982245
609,4.8781238,4.884054010827622,-0.00593021082762224
610,4.8939734,4.872762853602935,0.021210546397065322
611,4.9101586,4.861511348871808,0.048647251128191904
612,4.9285693,4.850567209308456,0.07800209069154462
613,4.948461,4.840116950231538,0.10834404976846201
614,4.9732003,4.830346251901473,0.14285404809852764
615,4.9973803,4.821401158985427,0.17597914101457235
616,5.017452,4.813417577275289,0.2040344227247104
617,5.034729,4.806366173493395,0.22836282650660422
618,5.0498595,4.800020616794016,0.24983888320598435
619,5.0634913,4.794551385191139,0.26893991480886115
620,5.0762734,4.790298663631348,0.2859747363686518
621,5.0888553,4.7873314343033435,0.3015238656966561
622,5.101884,4.785635643532642,0.3162483564673577
623,5.1160083,4.785145604907337,0.3308626950926632
624,5.1318784,4.785796272307479,0.34608212769252056
625,5.1501403,4.78749695182266,0.36264334817734056
626,5.1714454,4.7905222326604715,0.38092316733952813
627,5.19644,4.79496456481975,0.40147543518024964
628,5.2257724,4.800246172074404,0.42552622792559625
629,5.272092,4.806031347781641,0.466060652218359
630,5.318612,4.8122724919794555,0.5063395080205444
631,5.3548355,4.818870534591772,0.5359649654082279
632,5.3827033,4.825723478514756,0.5569798214852444
633,5.404156,4.8327178146675545,0.571438185332446
634,5.421137,4.839752304791584,0.5813846952084161
635,5.4355855,4.846749554096408,0.5888359459035923
636,5.4494443,4.853637398170318,0.5958069018296817
637,5.464654,4.860345873835544,0.6043081261644563
638,5.4831204,4.866825508389965,0.6162948916100346
639,5.505504,4.873027758588951,0.632476241411049
640,5.5139966,4.878878253606848,0.6351183463931518
641,5.5221415,4.884256471983012,0.6378850280169877
642,5.5265393,4.889148200409036,0.637391099590964
643,5.526582,4.893641013336104,0.632940986663896
644,5.5242333,4.8977736060796415,0.6264596939203582
645,5.520475,4.901541170852883,0.6189338291471174
646,5.517091,4.904950992023618,0.6121400079763815
647,5.516766,4.908010416495896,0.6087555835041032
648,5.518001,4.9107255796515705,0.6072754203484294
649,5.5237994,4.913116642082784,0.6106827579172158
650,5.5327487,4.915204032672636,0.6175446673273637
651,5.5423594,4.917007945729194,0.6253514542708052
652,5.5545774,4.918550958811989,0.6360264411880117
653,5.5658317,4.91986133782485,0.6459703621751505
654,5.5781393,4.920975510977515,0.6571637890224853
655,5.5887103,4.921938013908131,0.6667722860918692
656,5.5971613,4.922861450052767,0.674299849947233
657,5.6065164,4.923965976503359,0.6825504234966413
658,5.61369,4.925496354941357,0.688193645058643
659,5.6198587,4.927634071653088,0.6922246283469118
660,5.6239524,4.930515918357458,0.693436481642542
661,5.625602,4.9341771573216535,0.6914248426783463
662,5.626636,4.938488482134091,0.6881475178659091
663,5.6261454,4.943239019203385,0.6829063807966156
664,5.6218424,4.948149140466493,0.6736932595335077
665,5.617921,4.952890988519996,0.6650300114800043
666,5.6113424,4.957257207831596,0.6540851921684041
667,5.60471,4.961000713110894,0.6437092868891057
668,5.596345,4.963380583945064,0.6329644160549366
669,5.5956397,4.963665227760568,0.631974472239432
670,5.5909305,4.961950389271847,0.6289801107281532
671,5.59003,4.958689913655708,0.6313400863442915
672,5.5887885,4.954401340614353,0.6343871593856463
673,5.588818,4.949526414555181,0.6392915854448189
674,5.586719,4.9442579100165895,0.6424610899834109
675,5.5880094,4.93864637013172,0.6493630298682795
676,5.5866175,4.93269607117384,0.6539214288261599
677,5.58343,4.926334124902364,0.6570958750976361
678,5.578292,4.9195010089756455,0.6587909910243548
679,5.576426,4.9121186929266445,0.6643073070733552
680,5.570672,4.904147476532762,0.6665245234672383
681,5.565862,4.895499026325457,0.6703629736745427
682,5.5604043,4.886100447327614,0.6743038526723861
683,5.5590396,4.875899948647908,0.683139651352092
684,5.559784,4.864862522356385,0.6949214776436143
685,5.554391,4.853006430431287,0.7013845695687131
686,5.5519605,4.840399407555463,0.711561092444537
687,5.553337,4.827142983342443,0.7261940166575567
688,5.554428,4.8133614092622885,0.7410665907377112
689,5.5509973,4.79920572630163,0.7517915736983696
690,5.54296,4.784840194706167,0.7581198052938332
691,5.530278,4.770424920571038,0.7598530794289617
692,5.5129137,4.756127214485691,0.7567864855143096
693,5.490827,4.742111253396852,0.748715746603148
694,5.4639816,4.728526450163925,0.7354551498360751
695,5.432337,4.715496908678912,0.7168400913210888
696,5.3958564,4.703133051166834,0.6927233488331668
697,5.3544993,4.691486841041129,0.6630124589588711
698,5.3082304,4.680557222876884,0.6276731771231159
699,5.25701,4.670314618557856,0.5866953814421443
700,5.2007966,4.660685286809272,0.540111313190728
701,5.139557,4.651593878369641,0.4879631216303588
702,5.073247,4.6429647771794205,0.4302822228205798
703,5.001835,4.6347197233297255,0.3671152766702743
704,4.9252744,4.626868754158545,0.2984056458414548
705,4.8435354,4.619437649245133,0.2240977507548676
706,4.675848,4.612453522540138,0.06339447745986249
707,4.4479275,4.606037397704588,-0.1581098977045885
708,4.190727,4.600299945131809,-0.4095729451318091
709,3.9130287,4.595350432735233,-0.6823217327352333
710,3.7443817,4.591341636107494,-0.8469599361074938
711,3.7428901,4.588398896173431,-0.8455087961734313
712,3.741587,4.58667899171128,-0.8450919917112802
713,3.7404592,4.586261269002782,-0.8458020690027821
714,3.7394946,4.587163062070499,-0.8476684620704993
715,3.7386801,4.589429879873991,-0.8507497798739916
716,3.7380035,4.5930925077961575,-0.8550890077961575
717,3.7374513,4.598107927196836,-0.8606566271968363
718,3.7370114,4.60449918667185,-0.86748778667185
719,3.7366707,4.612284260786898,-0.8756135607868978
720,3.7364168,4.621382343298919,-0.8849655432989185
721,3.7362368,4.631696149586968,-0.8954593495869685
722,3.736118,4.643058608006553,-0.9069406080065527
723,3.736048,4.655309826485327,-0.9192618264853274
724,3.7360134,4.66829570257266,-0.9322823025726601
725,3.736002,4.681843306939144,-0.945841306939144
726,3.862359,4.695780306562912,-0.8334213065629119
727,4.2366686,4.71002798138617,-0.47335938138617006
728,4.5925236,4.724523232734991,-0.13199963273499105
729,4.9154086,4.7391720790596,0.17623652094040043
730,5.190806,4.753831192927612,0.43697480707238867
731,5.404198,4.768352901943435,0.6358450980565653
732,5.5410533,4.7826893229603495,0.7583639770396502
733,5.7038703,4.796912885592886,0.9069574144071142
734,5.6955576,4.811013679646218,0.8845439203537815
735,5.645568,4.824876152286619,0.8206918477133813
736,5.5945086,4.838409720246095,0.756098879753905
737,5.534373,4.851476964760767,0.6828960352392333
738,5.4761896,4.86392756793552,0.6122620320644794
739,5.419925,4.875587203839202,0.5443377961607982
740,5.366454,4.8862790337090605,0.4801749662909396
741,5.3157587,4.895878926277632,0.41987977372236784
742,5.2660227,4.904260850408349,0.3617618495916508
743,5.2216773,4.91129261828902,0.3103846817109792
744,5.1841464,4.916768120839497,0.2673782791605035
745,5.1498566,4.920266452833373,0.2295901471666264
746,5.123046,4.9207986116218665,0.20224738837813394
747,5.105157,4.918176978843451,0.18698002115654955
748,5.0923047,4.91369712222352,0.1786075777764795
749,5.0907755,4.908772157598513,0.18200334240148752
750,5.092961,4.904219310837247,0.1887416891627529
751,5.1054163,4.9001840150494225,0.20523228495057744
752,5.1265283,4.896365172851683,0.23016312714831777
753,5.1480584,4.89218102100891,0.25587737899109
754,5.171754,4.88707735621908,0.2846766437809203
755,5.19544,4.880927483835003,0.31451251616499665
756,5.217686,4.873906261070698,0.34377973892930136
757,5.2401004,4.866280395166003,0.37382000483399747
758,5.26022,4.853784116062534,0.40643588393746644
759,5.2800946,4.836466035223729,0.44362856477627055
760,5.300199,4.819257916392296,0.4809410836077044
761,5.317977,4.802746095407501,0.5152309045924985
762,5.3368673,4.78706464618058,0.5498026538194196
763,5.356747,4.772332238989161,0.584414761010839
764,5.3769574,4.758650556470153,0.6183068435298473
765,5.3940897,4.751901543581475,0.6421881564185252
766,5.411061,4.751452261345112,0.6596087386548879
767,5.42512,4.750525627406736,0.6745943725932637
768,5.4399643,4.748635972419592,0.6913283275804076
769,5.45877,4.746491541833976,0.7122784581660246
770,5.3082232,4.745039158926055,0.5631840410739448
771,5.3724546,4.744727418114254,0.6277271818857466
772,5.338232,4.745501582287851,0.5927304177121488
773,5.4239793,4.747262478868673,0.6767168211313273
774,5.384649,4.749933846349149,0.6347151536508502
775,5.731293,4.753450416664192,0.977842583335808
776,5.2834716,4.75776662203778,0.5257049779622207
777,4.8103147,4.762776423101161,0.04753827689883927
778,4.470321,4.768398210140431,-0.29807721014043054
779,4.5315185,4.774571454055449,-0.24305295405544936
780,4.6860905,4.781205781755249,-0.09511528175524919
781,4.691605,4.788208170675029,-0.09660317067502877
782,4.4043713,4.795529500974907,-0.39115820097490683
783,4.2696843,4.803099992645229,-0.5334156926452289
784,4.53262,4.810812714713392,-0.27819271471339224
785,4.2765007,4.818620658079393,-0.5421199580793932
786,4.4272513,4.826486060905893,-0.3992347609058928
787,4.7047243,4.834316576035122,-0.12959227603512247
788,4.5855403,4.8420667778324455,-0.25652647783244564
789,4.5216312,4.84971268346099,-0.3280814834609904
790,4.5392504,4.85717499931298,-0.31792459931297934
791,4.584993,4.8643215533730135,-0.27932855337301365
792,4.653936,4.870994535054875,-0.21705853505487482
793,4.741553,4.877039203516901,-0.13548620351690133
794,4.843317,4.882320985108357,-0.03900398510835679
795,4.9547024,4.886703886026507,0.06799851397349332
796,5.0711803,4.8900385371147586,0.18114176288524142
797,5.188224,4.89226065246473,0.2959633475352703
798,5.301306,4.893360487693385,0.4079455123066156
799,5.4058995,4.893348204550922,0.5125512954490787
800,5.4974785,4.8923009253703995,0.6051775746296002
801,5.5715156,4.890354892874295,0.6811607071257049
802,5.623482,4.887668561134337,0.7358134388656632
803,5.6488523,4.884438709352961,0.7644135906470391
804,5.6499515,4.880869819348463,0.7690816806515368
805,5.6378393,4.877151937903977,0.7606873620960233
806,5.6135135,4.873477768889603,0.7400357311103969
807,5.5860705,4.872704039108576,0.7133664608914243
808,5.5603976,4.868808484803637,0.6915891151963631
809,5.5384707,4.860265922841318,0.6782047771586823
810,5.5203857,4.852007318996338,0.6683783810036621
811,5.508628,4.844555110635596,0.6640728893644035
812,5.502873,4.837944528863035,0.6649284711369647
813,5.497988,4.835043834069091,0.6629441659309094
814,5.491529,4.836569343206063,0.6549596567939373
815,5.4833603,4.839197486765535,0.6441628132344652
816,5.480471,4.840646339997753,0.6398246600022466
817,5.4763694,4.842386995034702,0.6339824049652982
818,5.476509,4.847404363588206,0.6291046364117943
819,5.4761505,4.85434525845594,0.6218052415440605
820,5.4810967,4.860828608519363,0.6202680914806376
821,5.4782715,4.865740742900139,0.6125307570998606
822,5.4039392,4.871149385820648,0.5327898141793517
823,5.2190795,4.877560589162148,0.341518910837852
824,5.1296296,4.8835387614409,0.24609083855910008
825,5.4392486,4.887637332283347,0.5516112677166527
826,5.308662,4.8921800455459765,0.4164819544540235
827,5.478048,4.900316268023934,0.5777317319760664
828,5.3053617,4.909415689685712,0.39594601031428756
829,5.3055763,4.919219224221862,0.3863570757781378
830,5.306161,4.9293868515375285,0.3767741484624718
831,5.307268,4.939628116344232,0.3676398836557677
832,5.3090506,4.949748354117519,0.35930224588248105
833,5.31166,4.959606591317104,0.35205340868289614
834,5.3152485,4.96917530996212,0.3460731900378802
835,5.320418,4.978534831269486,0.34188316873051416
836,5.3265357,4.987797630231275,0.3387380697687252
837,5.3341017,4.99690453294607,0.33719716705392955
838,5.343269,5.005586928135875,0.33768207186412535
839,5.3541894,5.013642807305506,0.34054659269449417
840,5.367015,5.021043968152453,0.3459710318475473
841,5.3814883,5.027839690236583,0.3536486097634173
842,5.391608,5.034030288478897,0.3575777115211025
843,5.4003415,5.039640724636805,0.36070077536319456
844,5.4079103,5.044709203493941,0.36320109650605925
845,5.414538,5.049234196371991,0.3653038036280094
846,5.420446,5.053236700361021,0.3672092996389793
847,5.425858,5.056786297979606,0.36907170202039374
848,5.4309964,5.059865075118521,0.37113132488147915
849,5.4360847,5.062411364036349,0.3736733359636517
850,5.4413443,5.064461278145327,0.37688302185467304
851,5.446999,5.066123373755829,0.3808756262441708
852,5.453271,5.067602866119327,0.38566813388067267
853,5.460383,5.069016360207742,0.39136663979225794
854,5.468559,5.0703486818360926,0.3982103181639074
855,5.4780197,5.071667769499752,0.4063519305002483
856,5.490898,5.072996198239076,0.41790180176092395
857,5.5028443,5.074251557054568,0.4285927429454315
858,5.5136523,5.075388391262877,0.43826390873712295
859,5.5234165,5.0763541779440295,0.4470623220559702
860,5.5322266,5.079788077194726,0.4524385228052745
861,5.540172,5.079207301053355,0.46096469894664516
862,5.547343,5.072964085212341,0.4743789147876587
863,5.55383,5.067289255139887,0.4865407448601129
864,5.559724,5.061596387376785,0.4981276126232155
865,5.5651145,5.056464546465689,0.5086499535343112
866,5.5700927,5.0512340755573195,0.5188586244426805
867,5.574748,5.044586853225142,0.5301611467748577
868,5.579172,5.037904519579411,0.541267480420589
869,5.5834546,5.031472555817906,0.5519820441820933
870,5.587686,5.025433110694178,0.5622528893058218
871,5.5919566,5.019945451235753,0.572011148764247
872,5.596357,5.015151497353158,0.5812055026468421
873,5.6009774,5.011338439626632,0.5896389603733674
874,5.6059084,5.008664586379553,0.5972438136204463
875,5.6112404,5.0068692703338975,0.6043711296661023
876,5.6170635,5.005539456802081,0.6115240431979192
877,5.6221404,5.004382989160092,0.617757410839908
878,5.626031,5.003255317403522,0.6227756825964779
879,5.6274176,5.0022369301059895,0.6251806698940108
880,5.631414,5.0013034201779325,0.6301105798220679
881,5.6105423,5.000343488447169,0.6101988115528307
882,5.592429,4.999311257885039,0.5931177421149609
883,5.566562,4.998162669515225,0.568399330484775
884,5.5616913,4.996864238577752,0.5648270614222479
885,5.517951,4.9953840212448535,0.5225669787551466
886,5.5305395,4.9936722056687,0.5368672943312998
887,5.531823,4.991689066683851,0.5401339333161488
888,5.522137,4.989443678594551,0.532693321405449
889,5.5016894,4.986878670287634,0.5148107297123659
890,5.4517355,4.983891791116795,0.4678437088832048
891,5.447498,4.980446246590047,0.46705175340995364
892,5.4314117,4.976535912766364,0.454875787233636
893,5.4163504,4.9721373397229,0.44421306027710017
894,5.4071503,4.9673256704104904,0.4398246295895092
895,5.399375,4.962166559685044,0.4372084403149561
896,5.3991427,4.956586000845907,0.44255669915409257
897,5.4016013,4.950488500879248,0.451112799120752
898,5.405742,4.943834404231217,0.4619075957687828
899,5.407937,4.936765634118428,0.47117136588157216
900,5.4119,4.929427568499302,0.48247243150069785
901,5.4133716,4.921705817782195,0.49166578221780455
902,5.415016,4.913432937124211,0.5015830628757882
903,5.4166727,4.904670830680769,0.5120018693192314
904,5.4164624,4.895483769236084,0.5209786307639162
905,5.415623,4.88595905826654,0.5296639417334603
906,5.410651,4.876260986508975,0.5343900134910244
907,5.4042764,4.866505104958631,0.5377712950413684
908,5.3934336,4.856702551334276,0.5367310486657235
909,5.384236,4.84687238339484,0.5373636166051599
910,5.376709,4.83699396639937,0.53971503360063
911,5.366806,4.827039825580945,0.5397661744190554
912,5.362078,4.8170107101538315,0.5450672898461688
913,5.3614035,4.806955648488316,0.554447851511684
914,5.361278,4.796976142597073,0.5643018574029277
915,5.364334,4.78719456404485,0.57713943595515
916,5.366006,4.777665723055882,0.588340276944118
917,5.373184,4.76842892027485,0.60475507972515
918,5.3652716,4.7595447579661405,0.6057268420338593
919,5.349935,4.75103702861944,0.59889797138056
920,5.328412,4.742952986674189,0.5854590133258109
921,5.301941,4.73537406216263,0.5665669378373703
922,5.2717595,4.728388421772035,0.543371078227965
923,5.2391033,4.721925091565534,0.5171782084344656
924,5.2052164,4.715745878652932,0.4894705213470685
925,5.171334,4.710151076248642,0.46118292375135805
926,5.138695,4.705316229964416,0.433378770035584
927,5.108534,4.70129796550318,0.4072360344968198
928,5.082095,4.698760768613133,0.3833342313868666
929,5.060614,4.697630953399376,0.3629830466006245
930,5.045329,4.697244492207001,0.3480845077929988
931,5.0374784,4.6976624637786255,0.33981593622137485
932,5.055881,4.698875772211082,0.3570052277889184
933,5.082437,4.700850604909723,0.3815863950902765
934,5.1021433,4.703525326467826,0.39861797353217376
935,5.116336,4.706849576793729,0.40948642320627116
936,5.1263504,4.710762686715959,0.4155877132840411
937,5.133522,4.71518848547193,0.41833351452807044
938,5.1391873,4.720063251666612,0.419124048333388
939,5.1446815,4.725303386400644,0.41937811359935573
940,5.15134,4.730829851623694,0.42051014837630607
941,5.160499,4.736563046279846,0.4239359537201537
942,5.173494,4.742405547104166,0.43108845289583364
943,5.1916604,4.748280190421362,0.44338020957863833
944,5.2163343,4.754028101191862,0.46230619880813784
945,5.2488513,4.759563729715259,0.48928757028474124
946,5.290547,4.764935568755298,0.5256114312447018
947,5.3427567,4.770146570390688,0.5726101296093118
948,5.5078506,4.775183007078001,0.7326675929219997
949,5.5887475,4.780035010921793,0.8087124890782071
950,5.6773124,4.784689993687353,0.8926224063126469
951,5.7012415,4.789160513506422,0.9120809864935779
952,5.72303,4.793453272376109,0.9295767276238909
953,5.7343497,4.7976083796358004,0.9367413203641997
954,5.728896,4.801665350561724,0.9272306494382754
955,5.6952133,4.805634722685198,0.8895785773148015
956,5.619317,4.809568502694063,0.8097484973059368
957,5.539505,4.81355541307193,0.7259495869280705
958,5.455743,4.8176389192330005,0.6381040807669995
959,5.3803887,4.821823065663962,0.5585656343360386
960,5.3182306,4.8261716912509245,0.4920589087490752
961,5.264159,4.8310306100512586,0.4331283899487417
962,5.212376,4.836724983966311,0.37565101603368856
963,5.1714096,4.843020758957714,0.32838884104228594
964,5.1363907,4.849496736998594,0.2868939630014058
965,5.1099277,4.855985940686328,0.2539417593136717
966,5.0919366,4.862369280275942,0.2295673197240582
967,5.080514,4.868592344900053,0.21192165509994698
968,5.0761228,4.874658487179438,0.20146431282056199
969,5.0792704,4.880587848734978,0.19868255126502277
970,5.0894675,4.886428185582085,0.20303931441791434
971,5.107727,4.892295257494868,0.21543174250513175
972,5.13678,4.8980895592913285,0.2386904407086714
973,5.156324,4.903641400611042,0.2526825993889581
974,5.179841,4.90891244781263,0.2709285521873701
975,5.200921,4.913903401919542,0.28701759808045857
976,5.2159185,4.918506425439889,0.29741207456011054
977,5.2304654,4.922483878695367,0.3079815213046331
978,5.237054,4.925580409792214,0.3114735902077861
979,5.238897,4.927744983629979,0.31115201637002077
980,5.2405524,4.929280309577958,0.31127209042204207
981,5.237321,4.930575472969422,0.30674552703057767
982,5.234553,4.931775587724622,0.30277741227537813
983,5.2313056,4.9328129750322605,0.2984926249677393
984,5.235866,4.933630965302045,0.3022350346979543
985,5.23959,4.934293877654584,0.3052961223454158
986,5.2473044,4.935151434716834,0.3121529652831656
987,5.2577176,4.936169634709692,0.32154796529030794
988,5.27028,4.937195125228012,0.33308487477198767
989,5.281942,4.938262065403136,0.34367993459686375
990,5.291977,4.939274635772399,0.3527023642276008
991,5.301323,4.9402927568773425,0.3610302431226575
992,5.310273,4.941264966455362,0.3690080335446373
993,5.3097568,4.942156877525234,0.36759992247476614
994,5.3117642,4.942867594763954,0.3688966052360456
995,5.30931,4.943400209202793,0.36590979079720665
996,5.3090982,4.943875315840422,0.3652228841595786
997,5.305153,4.9443325193358385,0.3608204806641613
998,5.3102417,4.944781126880706,0.3654605731192939
999,5.317798,4.945197957093037,0.3726000429069627
1000,5.331955,4.945566043109956,0.3863889568900438
1001,5.351737,4.945885869179779,0.4058511308202206
1002,5.3720407,4.946168333511573,0.4258723664884272
1003,5.3986816,4.946430965766539,0.4522506342334607
1004,5.4245734,4.946665896248529,0.47790750375147084
1005,5.4471817,4.947133746991152,0.5000479530088482
1006,5.475353,4.947757559545602,0.5275954404543981
1007,5.4963737,4.9482622042698265,0.5481114957301738
1008,5.514712,4.9487309800558394,0.5659810199441608
1009,5.5380073,4.949166133317363,0.588841166682637
1010,5.553614,4.9495597618934415,0.6040542381065581
1011,5.5726495,4.949782615797952,0.6228668842020477
1012,5.585467,4.949780302925504,0.6356866970744965
1013,5.6004496,4.949674905864461,0.6507746941355395
1014,5.613618,4.949525702852939,0.6640922971470609
1015,5.623882,4.949329065583951,0.6745529344160488
1016,5.6320724,4.949111549119918,0.6829608508800824
1017,5.6380854,4.948877537607264,0.6892078623927356
1018,5.643887,4.948617426770856,0.6952695732291447
1019,5.645293,4.94833038021464,0.69696261978536
1020,5.6473203,4.948020466625664,0.6992998333743357
1021,5.6443,4.947703232874234,0.696596767125766
1022,5.637352,4.947376827141281,0.6899751728587189
1023,5.6294913,4.9470489194671465,0.6824423805328532
1024,5.615314,4.94673480181685,0.6685791981831493
1025,5.594547,4.946422292132462,0.6481247078675381
1026,5.565933,4.946121515794291,0.6198114842057096
1027,5.5267115,4.945856685995888,0.5808548140041125
1028,5.4788013,4.945605468167557,0.533195831832443
1029,5.429232,4.945376489691189,0.48385551030881047
1030,5.37381,4.945172898647877,0.4286371013521224
1031,5.3222733,4.944992786376331,0.37728051362366877
1032,5.274865,4.944801875115561,0.3300631248844388
1033,5.2268972,4.944532489136836,0.28236471086316417
1034,5.1818194,4.94409676848391,0.23772263151608986
1035,5.145837,4.943385447348801,0.2024515526511994
1036,5.1116433,4.942288361355191,0.16935493864480922
1037,5.083953,4.940690514937884,0.1432624850621158
1038,5.061855,4.93849753826164,0.12335746173836082
1039,5.042501,4.935672065553046,0.10682893444695374
1040,5.0239615,4.932265301442703,0.09169619855729749
1041,5.002136,4.928298351177479,0.0738376488225212
1042,4.980061,4.923864285785226,0.056196714214774346
1043,4.9556556,4.919119486794752,0.036536113205247744
1044,4.925102,4.914243672110631,0.010858327889368802
1045,4.893181,4.909436025922571,-0.016255025922570887
1046,4.8623276,4.904903815718969,-0.04257621571896841
1047,4.833412,4.900846559180817,-0.06743455918081676
1048,4.806222,4.897437280049647,-0.09121528004964663
1049,4.780739,4.894818247322241,-0.11407924732224117
1050,4.755854,4.893089234240947,-0.13723523424094708
1051,4.7307587,4.892275976092761,-0.161517276092761
1052,4.705564,4.892339113411212,-0.1867751134112119
1053,4.681535,4.893166229495203,-0.21163122949520297
1054,4.6571035,4.8945878057125025,-0.23748430571250267
1055,4.634178,4.896401626608098,-0.2622236266080975
1056,4.6153684,4.898372505484312,-0.283004105484312
1057,4.6015725,4.900258496046693,-0.298685996046693
1058,4.5911756,4.901826826345686,-0.3106512263456862
1059,4.586425,4.902872837662724,-0.3164478376627242
1060,4.586319,4.90323464995141,-0.31691564995141075
1061,4.5922766,4.902807030564167,-0.3105304305641674
1062,4.6031656,4.901522484832914,-0.29835688483291456
1063,4.6215396,4.899384597212142,-0.2778449972121422
1064,4.65404,4.89647777949763,-0.2424377794976298
1065,4.586342,4.892934202260649,-0.3065922022606484
1066,4.486227,4.888907677667519,-0.4026806776675187
1067,4.4918394,4.884600318572084,-0.39276091857208417
1068,4.502688,4.880209934001118,-0.377521934001118
1069,4.5183744,4.875935133677738,-0.35756073367773844
1070,4.538501,4.871976119245958,-0.33347511924595796
1071,4.5626683,4.86851637570129,-0.3058480757012898
1072,4.590479,4.865719805350757,-0.2752408053507569
1073,4.621534,4.863722498355411,-0.24218849835541167
1074,4.655435,4.8626132827639195,-0.2071782827639197
1075,4.691784,4.862456809407342,-0.17067280940734175
1076,4.730183,4.863280997525324,-0.13309799752532392
1077,4.7702336,4.86508348347006,-0.09484988347005974
1078,4.8115373,4.867833206105939,-0.056295906105938265
1079,4.853695,4.871478458305264,-0.017783458305263622
1080,4.894713,4.875940005965729,0.01877299403427113
1081,4.9372005,4.881121642984651,0.05607885701534965
1082,4.979555,4.886909493036494,0.09264550696350682
1083,5.021188,4.893222192672681,0.12796580732731933
1084,5.0617,4.899944438498003,0.1617555615019972
1085,5.100693,4.906932533750174,0.19376046624982557
1086,5.13777,4.914083253530371,0.22368674646962905
1087,5.1725316,4.92128701201711,0.25124458798288973
1088,5.20458,4.9284473029666,0.2761326970334004
1089,5.2335157,4.935501128928929,0.29801457107107066
1090,5.2589417,4.942380426516718,0.31656127348328233
1091,5.2804594,4.949032211847606,0.3314271881523938
1092,5.29767,4.955413441506924,0.3422565584930757
1093,5.310176,4.961486329400912,0.3486896705990885
1094,5.3175774,4.967233078822243,0.35034432117775705
1095,5.3186693,4.972637742302234,0.34603155769776617
1096,5.3051114,4.9776867682105514,0.3274246317894489
1097,5.2645874,4.98239065272476,0.2821967472752398
1098,5.21831,4.986765287917715,0.2315447120822851
1099,5.1699753,4.99080409894074,0.1791712010592601
1100,5.130806,4.994506546318451,0.1362994536815485
1101,5.104417,4.997881917263789,0.10653508273621082
1102,5.0910764,5.003411970475648,0.08766442952435227
1103,5.090522,5.004978215405175,0.08554378459482503
1104,5.0975027,5.0010626160763305,0.0964400839236692
1105,5.112598,4.996589161182437,0.11600883881756285
1106,5.127945,4.9920434377590475,0.13590156224095296
1107,5.14299,4.987440492809835,0.15554950719016514
1108,5.1554837,4.982786079133765,0.1726976208662343
1109,5.1523004,4.978070654819195,0.17422974518080458
1110,5.1470785,4.97326725191397,0.17381124808603055
1111,5.1439557,4.96833288451703,0.17562281548297065
1112,5.137534,4.96321328368513,0.17432071631486945
1113,5.137815,4.957850084699108,0.17996491530089198
1114,5.1471353,4.952189000322602,0.1949462996773983
1115,5.149297,4.946187428285047,0.20310957171495314
1116,5.1600595,4.939820222937683,0.22023927706231738
1117,5.1760297,4.93308288193607,0.24294681806393026
1118,5.192759,4.925992012580879,0.2667669874191203
1119,5.209826,4.918583513018289,0.2912424869817105
1120,5.2303653,4.910909169420017,0.319456130579983
1121,5.252293,4.909403889955149,0.342889110044851
1122,5.2728,4.913405180855474,0.3593948191445264
1123,5.296097,4.9162788262835075,0.37981817371649207
1124,5.3182592,4.918021367788448,0.40023783221155185
1125,5.34187,4.918546043867952,0.4233239561320481
1126,5.3652453,4.9179918890534555,0.44725341094654425
1127,5.3903875,4.916556105971429,0.4738313940285712
1128,5.4078436,4.9144829164073425,0.49336068359265717
1129,5.426757,4.912076097056187,0.5146809029438133
1130,5.4506826,4.90957722869527,0.54110537130473
1131,5.4642234,4.9070615767710635,0.5571618232289364
1132,5.479843,4.904531157363935,0.575311842636065
1133,5.4939966,4.901951421990009,0.5920451780099913
1134,5.500968,4.899307590907145,0.6016604090928555
1135,5.503841,4.896592719485791,0.6072482805142094
1136,5.5035663,4.893895250976419,0.6096710490235813
1137,5.4964676,4.8911380341722515,0.6053295658277484
1138,5.487091,4.888198075078806,0.5988929249211941
1139,5.475151,4.885135015221744,0.5900159847782565
1140,5.4742475,4.881966020947187,0.5922814790528124
1141,5.3598886,4.878705277162939,0.4811833228370608
1142,5.1526923,4.875384955475399,0.27730734452460126
1143,5.602879,4.872044377765635,0.7308346222343651
1144,5.0057707,4.868725309252079,0.13704539074792166
1145,4.93263,4.86548446964742,0.06714553035257964
1146,4.9371,4.862529164096288,0.07457083590371205
1147,4.945131,4.859893604976094,0.08523739502390626
1148,4.956461,4.85750764298718,0.09895335701282004
1149,4.970829,4.855468032895417,0.11536096710458299
1150,4.9879737,4.853817831394326,0.1341558686056743
1151,5.0076346,4.8525829649108,0.15505163508920017
1152,5.029549,4.851708595485458,0.17784040451454253
1153,5.0534563,4.8511276828419385,0.20232861715806116
1154,5.079095,4.850923863952147,0.22817113604785266
1155,5.106203,4.851195896073265,0.25500710392673476
1156,5.1345196,4.8519557472356984,0.2825638527643015
1157,5.1637845,4.8531794336778535,0.3106050663221467
1158,5.193735,4.8548339622619645,0.3389010377380357
1159,5.2241106,4.856882137691035,0.3672284623089652
1160,5.254649,4.859267991203472,0.3953810087965275
1161,5.2850895,4.86195923382072,0.42313026617927996
1162,5.315171,4.864872236707191,0.4502987632928095
1163,5.3446317,4.867931531433723,0.4767001685662766
1164,5.3732104,4.871106164866476,0.5021042351335234
1165,5.4006453,4.874343334606961,0.5263019653930385
1166,5.426676,4.877604321831023,0.5490716781689766
1167,5.4510403,4.88082790711516,0.5702123928848399
1168,5.473478,4.883985371749929,0.5894926282500714
1169,5.493726,4.887063514829968,0.6066624851700313
1170,5.511524,4.890044831541923,0.6214791684580767
1171,5.526611,4.892916196021084,0.6336948039789156
1172,5.538725,4.895670255195441,0.6430547448045596
1173,5.547605,4.898311146032007,0.6492938539679933
1174,5.55299,4.900827844320785,0.652162155679215
1175,5.551979,4.903229680758251,0.6487493192417491
1176,5.5408072,4.9055441612339195,0.6352630387660803
1177,5.5193396,4.907756574388525,0.6115830256114752
1178,5.4988675,4.909824322647946,0.5890431773520541
1179,5.4803185,4.908742453555809,0.571576046444191
1180,5.469125,4.904506080345783,0.5646189196542171
1181,5.4677963,4.900033865740411,0.5677624342595884
1182,5.467852,4.896896017833901,0.5709559821660983
1183,5.4700537,4.8944233497969,0.5756303502031006
1184,5.478351,4.891474942296411,0.5868760577035887
1185,5.490058,4.888692258849838,0.6013657411501621
1186,5.5021176,4.886187420979175,0.6159301790208254
1187,5.5130944,4.8840488354046,0.6290455645954003
1188,5.524958,4.882331967280338,0.6426260327196616
1189,5.5316324,4.881048783711477,0.6505836162885235
1190,5.5395303,4.880205381588406,0.6593249184115937
1191,5.5469675,4.879811314093639,0.6671561859063608
1192,5.5514865,4.879825657191294,0.6716608428087065
1193,5.5560446,4.879996445300885,0.6760481546991146
1194,5.5603986,4.879933039537258,0.6804655604627419
1195,5.56303,4.879621992446143,0.6834080075538571
1196,5.5617633,4.879028363295372,0.6827349367046276
1197,5.5593653,4.8779838044845425,0.6813814955154571
1198,5.5521555,4.87647053237733,0.6756849676226695
1199,5.5429296,4.8744971466233755,0.6684324533766244
1200,5.528945,4.871992153150264,0.6569528468497365
1201,5.5110574,4.868907020378858,0.6421503796211425
1202,5.4916763,4.865332816846282,0.6263434831537182
1203,5.477856,4.861474536735782,0.6163814632642177
1204,5.466021,4.857591443202598,0.6084295567974012
1205,5.4572177,4.853898078777283,0.6033196212227168
1206,5.4484735,4.850448029985455,0.5980254700145453
1207,5.4493203,4.84726621022977,0.6020540897702302
1208,5.4499435,4.844421449620602,0.6055220503793981
1209,5.44921,4.841948184301345,0.6072618156986547
1210,5.4562325,4.83991828904937,0.6163142109506294
1211,5.459564,4.838229337042994,0.6213346629570067
1212,5.4679217,4.836810814263361,0.6311108857366392
1213,5.470619,4.835585520031431,0.6350334799685688
1214,5.4701467,4.834283669838172,0.6358630301618282
1215,5.4699273,4.8329840154589165,0.6369432845410836
1216,5.4695163,4.831917483076383,0.6375988169236173
1217,5.4689436,4.831129776864439,0.637813823135561
1218,5.4682384,4.830602274559833,0.6376361254401663
1219,5.467431,4.830306833509972,0.637124166490028
1220,5.4665513,4.830223471773482,0.6363278282265181
1221,5.4656277,4.8302497567393665,0.6353779432606332
1222,5.4646907,4.830285581884257,0.6344051181157431
1223,5.46377,4.830330524760654,0.6334394752393466
1224,5.462895,4.8304509691301,0.6324440308699
1225,5.462095,4.830651506275832,0.6314434937241673
1226,5.4614,4.83088621065232,0.6305137893476802
1227,5.4608397,4.831095281995871,0.6297444180041296
1228,5.4604435,4.831273455178216,0.6291700448217838
1229,5.460241,4.831473567818216,0.6287674321817835
1230,5.4660883,4.831877462933762,0.634210837066238
1231,5.4747667,4.832433159079457,0.6423335409205428
1232,5.4818687,4.833011209480758,0.6488574905192417
1233,5.4875846,4.833761474175504,0.6538231258244958
1234,5.492106,4.834712535161237,0.6573934648387629
1235,5.4956236,4.835842070079043,0.6597815299209566
1236,5.498329,4.837143251697659,0.6611857483023407
1237,5.500413,4.838629880789285,0.6617831192107149
1238,5.502067,4.840265263234661,0.661801736765339
1239,5.503482,4.842006700062351,0.6614752999376492
1240,5.504849,4.843835727803885,0.661013272196115
1241,5.5063596,4.845729669499169,0.6606299305008303
1242,5.5082045,4.8476721603217126,0.6605323396782872
1243,5.510575,4.849495610209036,0.6610793897909639
1244,5.5136623,4.851139494208293,0.6625228057917072
1245,5.5176573,4.852723962189978,0.6649333378100222
1246,5.5227513,4.8542722135692316,0.6684790864307688
1247,5.5291357,4.855793234470717,0.6733424655292835
1248,5.5370016,4.857268996911124,0.6797326030888762
1249,5.5465393,4.858703934714904,0.6878353652850961
1250,5.5579414,4.86012913964206,0.6978122603579395
1251,5.571398,4.861788620799921,0.7096093792000797
1252,5.5871005,4.86367609709318,0.7234244029068204
1253,5.6052394,4.865605724574061,0.7396336754259396
1254,5.6261826,4.867687562859734,0.7584950371402659
1255,5.6378913,4.870005710608808,0.7678855893911916
1256,5.6283164,4.872535273897269,0.7557811261027307
1257,5.6059136,4.8753587187359635,0.7305548812640366
1258,5.5747113,4.878366954965312,0.6963443450346878
1259,5.53395,4.881306822179288,0.6526431778207122
1260,5.492181,4.8841411069343925,0.6080398930656079
1261,5.4486628,4.886817753774766,0.5618450462252342
1262,5.404055,4.889073278541855,0.5149817214581445
1263,5.363533,4.8908542324153785,0.4726787675846218
1264,5.320989,4.892308454045867,0.4286805459541334
1265,5.271393,4.893439750500418,0.37795324949958164
1266,5.216129,4.8942235487604675,0.32190545123953207
1267,5.157017,4.8946132554072905,0.2624037445927092
1268,5.0995975,4.894710714387207,0.20488678561279272
1269,5.047333,4.894673303181275,0.15265969681872527
1270,5.000379,4.894396126714416,0.10598287328558342
1271,4.961428,4.893732043967839,0.06769595603216061
1272,4.9305735,4.892678762766271,0.037894737233729714
1273,4.9087677,4.891374851580807,0.01739284841919364
1274,4.88808,4.8897952583655835,-0.001715258365583061
1275,4.879619,4.887813146602241,-0.008194146602241048
1276,4.877694,4.88550129015035,-0.007807290150349644
1277,4.884664,4.883023990993202,0.00164000900679806
1278,4.8975058,4.8802772317517595,0.017228568248240705
1279,4.9187393,4.877048978882705,0.041690321117295426
1280,4.9432898,4.873372728261485,0.06991707173851491
1281,4.972361,4.869354594834192,0.10300640516580817
1282,5.004452,4.865157137701471,0.13929486229852905
1283,5.038462,4.860878275740654,0.1775837242593461
1284,5.075553,4.856467709987322,0.2190852900126785
1285,5.112221,4.851893485393314,0.26032751460668546
1286,5.1480637,4.847193887289039,0.30086981271096036
1287,5.1830707,4.842442365884714,0.34062833411528626
1288,5.21664,4.83767197408739,0.37896802591261025
1289,5.237872,4.832944213992995,0.4049277860070051
1290,5.2315965,4.828348604973438,0.40324789502656255
1291,5.217984,4.823954911485246,0.3940290885147544
1292,5.1982903,4.8198548115616395,0.3784354884383605
1293,5.1737766,4.8161805599655505,0.35759604003444956
1294,5.1457,4.813070549303954,0.33262945069604566
1295,5.115317,4.810549614879466,0.3047673851205337
1296,5.083886,4.808607009051075,0.27527899094892483
1297,5.052662,4.807216731650244,0.24544526834975589
1298,5.022908,4.80638292337154,0.21652507662845988
1299,4.995879,4.806110466578925,0.18976853342107525
1300,4.9728336,4.80635417482602,0.1664794251739803
1301,4.9550285,4.806893403618192,0.14813509638180822
1302,4.943721,4.807718964542465,0.1360020354575351
1303,4.941785,4.808923502837555,0.13286149716244555
1304,4.9634094,4.810420412547351,0.1529889874526491
1305,4.98824,4.812178986748867,0.17606101325113332
1306,5.0158696,4.8141677653638695,0.20170183463613078
1307,5.0458956,4.816355236790335,0.2295403632096651
1308,5.077912,4.818667030242321,0.2592449697576793
1309,5.111514,4.821090894448809,0.29042310555119055
1310,5.1462965,4.823621145380624,0.3226753546193759
1311,5.1818547,4.825844942568697,0.3560097574313028
1312,5.217785,4.827682955709659,0.3901020442903409
1313,5.253681,4.829517655882681,0.4241633441173196
1314,5.289139,4.831377163684621,0.45776183631537837
1315,5.3237524,4.833240866856734,0.4905115331432661
1316,5.3571186,4.835090455010282,0.5220281449897177
1317,5.3888307,4.836913002638608,0.5519176973613922
1318,5.4184856,4.8387034564007685,0.5797821435992319
1319,5.4456773,4.840447866209468,0.605229433790532
1320,5.470001,4.842150719238805,0.6278502807611952
1321,5.4910526,4.843808567239288,0.6472440327607121
1322,5.508426,4.845419811573691,0.6630061884263094
1323,5.521718,4.846989362323716,0.6747286376762842
1324,5.530522,4.8485097334325955,0.6820122665674049
1325,5.5344343,4.849949488486701,0.6844848115132987
1326,5.501368,4.85127902128233,0.6500889787176707
1327,5.4390054,4.8525077522838025,0.5864976477161976
1328,5.368127,4.8536728550610135,0.5144541449389868
1329,5.29997,4.854822557539046,0.4451474424609545
1330,5.2409277,4.856011315681718,0.38491638431828257
1331,5.18557,4.857309322577823,0.32826067742217724
1332,5.1432624,4.858794650909036,0.2844677490909646
1333,5.104369,4.860453268012764,0.24391573198723648
1334,5.0773187,4.862178075322374,0.21514062467762596
1335,5.058671,4.863939486464467,0.1947315135355332
1336,5.0447726,4.865777798509637,0.1789948014903633
1337,5.0358505,4.867665502417987,0.16818499758201266
1338,5.0353394,4.86949504299062,0.16584435700938016
1339,5.0418854,4.871132188333419,0.17075321166658064
1340,5.0501337,4.872405251094541,0.1777284489054587
1341,5.068852,4.873118475704782,0.19573352429521762
1342,5.091169,4.873188737785458,0.21798026221454148
1343,5.115811,4.872545739999779,0.24326526000022053
1344,5.141978,4.8711775930309225,0.2708004069690775
1345,5.1695642,4.869352552186208,0.30021164781379195
1346,5.1988983,4.867226902125442,0.33167139787455735
1347,5.22548,4.8648459618593725,0.36063403814062767
1348,5.250474,4.862355370958135,0.38811862904186434
1349,5.2740684,4.859852916788774,0.41421548321122614
1350,5.2931356,4.857474614053406,0.4356609859465941
1351,5.307612,4.85536484910376,0.45224715089623935
1352,5.3155518,4.853623558534179,0.461928241465821
1353,5.322963,4.852277686598217,0.4706853134017823
1354,5.3301034,4.851299640558269,0.4788037594417309
1355,5.3378754,4.850704627825079,0.48717077217492033
1356,5.350127,4.850522973010681,0.49960402698931894
1357,5.3593097,4.850785933258561,0.5085237667414386
1358,5.3696704,4.851494956167069,0.5181754438329316
1359,5.3804603,4.852631408253375,0.5278288917466254
1360,5.3882217,4.8542137248366934,0.5340079751633064
1361,5.401172,4.85617511145069,0.5449968885493099
1362,5.4055014,4.858406804734419,0.5470945952655812
1363,5.415498,4.860830899773529,0.5546671002264718
1364,5.41814,4.863318984800365,0.5548210151996349
1365,5.4191904,4.8657705876884325,0.5534198123115672
1366,5.420882,4.868069359172551,0.5528126408274492
1367,5.4183884,4.8700573562150336,0.5483310437849669
1368,5.437466,4.871671575002223,0.5657944249977769
1369,5.291949,4.872949058906402,0.41899994109359806
1370,5.1427155,4.873931960627086,0.2687835393729143
1371,5.2109118,4.874604583799963,0.3363072162000371
1372,5.1053886,4.8749523121201745,0.23043628787982584
1373,5.105226,4.874973862856753,0.2302521371432471
1374,5.1059713,4.874687100047423,0.23128419995257765
1375,5.10718,4.874152749343032,0.23302725065696794
1376,5.1088643,4.873436125320527,0.2354281746794724
1377,5.111037,4.872606957093581,0.238430042906419
1378,5.1137094,4.871745792833847,0.24196360716615306
1379,5.1168947,4.870902053905317,0.24599264609468285
1380,5.120605,4.870025773805685,0.25057922619431494
1381,5.124853,4.869181031219001,0.25567196878099896
1382,5.1296506,4.868541217121871,0.26110938287812857
1383,5.1350107,4.868165793077357,0.2668449069226426
1384,5.140945,4.868094978335965,0.27285002166403505
1385,5.147466,4.8683684211059735,0.2790975788940262
1386,5.154587,4.8690007038999115,0.2855862961000888
1387,5.1623187,4.87000959442665,0.29230910557335044
1388,5.1706743,4.8714029225138065,0.2992713774861935
1389,5.179667,4.873137129266268,0.3065298707337325
1390,5.1893077,4.875152354254819,0.31415534574518045
1391,5.1996098,4.87740385532856,0.32220594467144004
1392,5.210585,4.879843470445013,0.33074152955498715
1393,5.222246,4.882399872922181,0.339846127077819
1394,5.234605,4.88500483443649,0.34960016556351015
1395,5.2476745,4.887617940929583,0.3600565590704168
1396,5.261467,4.890556620699513,0.3709103793004864
1397,5.275995,4.893741102818717,0.38225389718128255
1398,5.29127,4.896800783695376,0.39446921630462395
1399,5.307305,4.899743814063433,0.40756118593656776
1400,5.324112,4.902552276072849,0.42155972392715135
1401,5.341704,4.9052194331942305,0.4364845668057695
1402,5.3600926,4.907770689563281,0.45232191043671843
1403,5.3792906,4.9102415690219035,0.4690490309780966
1404,5.39931,4.9125811095221135,0.48672889047788637
1405,5.420164,4.914780120947694,0.5053838790523058
1406,5.4418645,4.91811845199844,0.5237460480015601
1407,5.464423,4.917586173021826,0.5468368269781738
1408,5.4878535,4.912468643025939,0.5753848569740612
1409,5.5121665,4.90700264700609,0.6051638529939103
1410,5.537376,4.901878198615339,0.6354978013846608
1411,5.54182,4.897074285530181,0.6447457144698197
1412,5.500768,4.89231327671201,0.6084547232879896
1413,5.4436755,4.887655807702403,0.5560196922975971
1414,5.38267,4.883149109658024,0.49952089034197567
1415,5.318293,4.878866275591187,0.43942672440881303
1416,5.260884,4.874947103789165,0.3859368962108345
1417,5.237395,4.871558772534788,0.3658362274652118
1418,5.23596,4.868817648876392,0.3671423511236087
1419,5.234616,4.866735920038223,0.3678800799617772
1420,5.2333603,4.865206099867919,0.3681542001320812
1421,5.23219,4.8641428181590785,0.36804718184092167
1422,5.2311034,4.863658338541671,0.3674450614583291
1423,5.230098,4.8636347615046684,0.36646323849533147
1424,5.2291703,4.863718765291299,0.3654515347087006
1425,5.2283187,4.863726932074635,0.36459176792536496
1426,5.2275405,4.863550933938249,0.3639895660617505
1427,5.226833,4.863198629198957,0.36363437080104344
1428,5.226194,4.8628655916822,0.3633284083177992
1429,5.225621,4.86264066473246,0.36298033526754026
1430,5.2251115,4.862489827357294,0.36262167264270584
1431,5.224663,4.862091018099884,0.36257198190011586
1432,5.2242723,4.861000175930894,0.36327212406910636
1433,5.223938,4.859134965582678,0.36480303441732254
1434,5.223657,4.856711900425312,0.36694509957468835
1435,5.2234273,4.853942503578306,0.36948479642169385
1436,5.2232456,4.8507363478089776,0.3725092521910227
1437,5.22311,4.8471120303044515,0.37599796969554866
1438,5.223018,4.843288080449962,0.3797299195500381
1439,5.222967,4.839064042095162,0.3839029579048381
1440,5.224472,4.834207746130093,0.3902642538699066
1441,5.24149,4.828723625398737,0.4127663746012624
1442,5.2433996,4.822667770643581,0.42073182935641906
1443,5.2419434,4.816164995138984,0.42577840486101604
1444,5.2399063,4.809331567008587,0.43057473299141336
1445,5.232955,4.802275801981292,0.4306791980187077
1446,5.2300143,4.795185332492166,0.4348289675078334
1447,5.2307324,4.788287584476406,0.4424448155235936
1448,5.2324634,4.781807915553936,0.45065548444606396
1449,5.2366357,4.775934876627877,0.4607008233721226
1450,5.2218976,4.7708281374022175,0.4510694625977827
1451,5.0860763,4.766636702554722,0.31943959744527817
1452,5.1873293,4.763496547262281,0.42383275273771925
1453,5.20465,4.761505280633837,0.4431447193661633
1454,5.2463937,4.760669767672124,0.4857239323278755
1455,5.2823834,4.760963635273092,0.5214197647269074
1456,5.313113,4.762406130034044,0.5507068699659561
1457,5.339085,4.764970545366022,0.5741144546339783
1458,5.3607883,4.768588883481726,0.592199416518274
1459,5.378717,4.773288859231533,0.605428140768467
1460,5.3933663,4.778911612447594,0.6144546875524064
1461,5.40523,4.785259465522975,0.6199705344770257
1462,5.414803,4.792121191537045,0.6226818084629553
1463,5.4225802,4.799332434981373,0.6232477650186263
1464,5.4290557,4.806807543780073,0.6222481562199276
1465,5.434724,4.8144745290817506,0.6202494709182496
1466,5.4400787,4.822236291732799,0.6178424082672009
1467,5.445616,4.830001461479876,0.6156145385201244
1468,5.4518294,4.837710295982308,0.6141191040176919
1469,5.4592133,4.845270485360656,0.6139428146393442
1470,5.4682627,4.852612789102473,0.6156499108975275
1471,5.4794717,4.8596992265543895,0.6197724734456109
1472,5.493335,4.866503749956394,0.6268312500436064
1473,5.510347,4.873011388922622,0.6373356110773782
1474,5.531002,4.87920185943005,0.6518001405699501
1475,5.555795,4.885032505770836,0.6707624942291641
1476,5.5778027,4.890462763666945,0.6873399363330552
1477,5.56062,4.895490516215229,0.6651294837847708
1478,5.5323257,4.900118870778807,0.6322068292211931
1479,5.497335,4.904402168216621,0.5929328317833784
1480,5.4511414,4.908292567811714,0.5428488321882856
1481,5.412675,4.911714357362194,0.5009606426378062
1482,5.3815765,4.914740234322855,0.46683626567714587
1483,5.345704,4.917395927422215,0.42830807257778414
1484,5.3243384,4.919703701523713,0.4046346984762872
1485,5.307542,4.921672386401355,0.38586961359864436
1486,5.29718,4.923332207577825,0.3738477924221746
1487,5.2973795,4.924720184886787,0.3726593151132125
1488,5.2967596,4.922697619483008,0.37406198051699135
1489,5.294972,4.917068420283269,0.3779035797167305
1490,5.2980957,4.911032620397076,0.38706307960292374
1491,5.3033557,4.904834160026312,0.39852153997368767
1492,5.3090844,4.899142908392706,0.40994149160729343
1493,5.3108087,4.894071841780311,0.4167368582196893
1494,5.311787,4.889123855305598,0.42266314469440225
1495,5.308619,4.88432836656115,0.4242906334388499
1496,5.310145,4.879551723805652,0.4305932761943483
1497,5.3087854,4.8747672709725345,0.43401812902746517
1498,5.307612,4.870177426362939,0.43743457363706106
1499,5.3108926,4.865672425975368,0.445220174024632
1500,5.3187113,4.860657910664096,0.45805338933590445
1501,5.3265076,4.854756966553082,0.47175063344691814
1502,5.335107,4.8477096636290105,0.48739733637098936
1503,5.3455005,4.839410001085573,0.5060904989144266
1504,5.3539495,4.829871653493147,0.5240778465068523
1505,5.367023,4.819309395630562,0.547713604369438
1506,5.377776,4.808128872845832,0.5696471271541679
1507,5.3865857,4.796732014250549,0.5898536857494516
1508,5.391547,4.785292272896219,0.6062547271037815
1509,5.399597,4.77376652463609,0.6258304753639097
1510,5.4037833,4.762242088640641,0.6415412113593586
1511,5.4054728,4.750819264254154,0.6546535357458465
1512,5.4045463,4.739547434538244,0.6649988654617562
1513,5.405065,4.728503100590629,0.6765618994093705
1514,5.3985586,4.717829609879369,0.680728990120631
1515,5.3884473,4.707692721551957,0.6807545784480435
1516,5.3752604,4.698210979941127,0.6770494200588733
1517,5.357972,4.689528897115979,0.6684431028840212
1518,5.341039,4.681790675956225,0.6592483240437756
1519,5.3283844,4.675096541806234,0.6532878581937664
1520,5.3146787,4.669585851791104,0.645092848208896
1521,5.311432,4.6653286117207,0.6461033882793004
1522,5.2046323,4.662389057602956,0.5422432423970438
1523,5.132969,4.66083144907057,0.4721375509294301
1524,5.5003247,4.6606820720689495,0.8396426279310507
1525,4.93882,4.66194054491668,0.27687945508331957
1526,4.686104,4.664543800880076,0.02156019911992413
1527,4.699047,4.668547909591308,0.03049909040869192
1528,4.7243876,4.673839880997031,0.05054771900296906
1529,4.7602067,4.680130480590248,0.08007621940975262
1530,4.804586,4.6873181608345496,0.11726783916545003
1531,4.8556066,4.695296540406679,0.16031005959332045
1532,4.9113503,4.7039516876952865,0.20739861230471313
1533,4.9698973,4.713187442912468,0.25670985708753236
1534,5.029329,4.722893291134947,0.30643570886505245
1535,5.0877275,4.732962935616934,0.3547645643830659
1536,5.143174,4.743312407915813,0.3998615920841875
1537,5.19375,4.75384909625579,0.43990090374420987
1538,5.237535,4.764406280713987,0.47312871928601297
1539,5.2726126,4.774841283450993,0.49777131654900764
1540,5.297023,4.785091080961351,0.5119319190386493
1541,5.318356,4.795105963556857,0.5232500364431427
1542,5.335979,4.804795320312072,0.5311836796879277
1543,5.354131,4.814097336076497,0.540033663923503
1544,5.371989,4.823003121685208,0.5489858783147925
1545,5.3854895,4.831494406861403,0.5539950931385969
1546,5.401418,4.8395428733816255,0.5618751266183741
1547,5.4114804,4.847121879270033,0.5643585207299671
1548,5.42369,4.854225486274467,0.5694645137255323
1549,5.4289136,4.860857916746189,0.5680556832538102
1550,5.4304233,4.867018081909972,0.5634052180900282
1551,5.4275336,4.872697579270875,0.554836020729125
1552,5.4226756,4.877929871877214,0.5447457281227859
1553,5.4223,4.882741415628152,0.5395585843718482
1554,5.4214563,4.8871250489650855,0.5343312510349145
1555,5.420187,4.891103658980037,0.5290833410199633
1556,5.418534,4.894702680730307,0.5238313192696928
1557,5.4165387,4.897992646627637,0.5185460533723631
1558,5.4142437,4.901002493858257,0.5132412061417435
1559,5.41169,4.903682726727839,0.5080072732721614
1560,5.4089203,4.902417252981931,0.5065030470180689
1561,5.4059763,4.897101462836433,0.5088748371635665
1562,5.4028993,4.894680320908171,0.5082189790918283
1563,5.3997316,4.895515637437455,0.5042159625625446
1564,5.396515,4.89621301474439,0.5003019852556099
1565,5.3932915,4.896132364645537,0.49715913535446354
1566,5.390103,4.896401957913572,0.4937010420864283
1567,5.386991,4.897347455180993,0.48964354481900685
1568,5.383998,4.899224929672848,0.4847730703271518
1569,5.381165,4.902171621215556,0.4789933787844438
1570,5.378535,4.906330151383541,0.4722048486164594
1571,5.376149,4.911616469850088,0.4645325301499117
1572,5.374049,4.917395906079201,0.45665309392079934
1573,5.3722773,4.923152779831169,0.449124520168831
1574,5.3708754,4.928306292926265,0.4425691070737354
1575,5.3698854,4.932400249319425,0.43748515068057525
1576,5.369349,4.935427546106983,0.4339214538930163
1577,5.366633,4.937390455974444,0.4292425440255565
1578,5.3326426,4.938652857712133,0.3939897422878671
1579,5.2983713,4.93993051625228,0.3584407837477199
1580,5.258655,4.941454201843383,0.31720079815661695
1581,5.2285514,4.943031606555315,0.2855197934446849
1582,5.204532,4.944599949713842,0.2599320502861584
1583,5.186602,4.9461277803352415,0.24047421966475824
1584,5.173728,4.947607588583362,0.22612041141663752
1585,5.1644278,4.949012494690616,0.21541530530938413
1586,5.1513357,4.950316011500991,0.20101968849900853
1587,5.1373205,4.9514881930855275,0.18583230691447294
1588,5.122457,4.95252706898675,0.16992993101324938
1589,5.107399,4.953408790259765,0.15399020974023525
1590,5.093373,4.954125927487836,0.1392470725121635
1591,5.09035,4.954708918855721,0.13564108114427853
1592,5.0927515,4.955166014098264,0.13758548590173625
1593,5.0976186,4.955492479391814,0.14212612060818586
1594,5.104781,4.95568867946692,0.14909232053307964
1595,5.1140676,4.955739289165563,0.15832831083443732
1596,5.1253066,4.955631494933877,0.1696751050661227
1597,5.1383276,4.955354443631898,0.18297315636810207
1598,5.1529593,4.954903381296501,0.19805591870349915
1599,5.169031,4.954286370301434,0.21474462969856667
1600,5.1863713,4.9535050626215815,0.23286623737841872
1601,5.204809,4.952558070825587,0.25225092917441305
1602,5.2241735,4.951457425142081,0.27271607485791893
1603,5.244293,4.950221324826629,0.2940716751733712
1604,5.264998,4.9488732186873285,0.31612478131267174
1605,5.2861156,4.94742941728419,0.33868618271580964
1606,5.3074756,4.945899760276536,0.3615758397234643
1607,5.3289065,4.944295345140987,0.3846111548590132
1608,5.3502383,4.9426230767191335,0.4076152232808665
1609,5.3712993,4.94092867056532,0.4303706294346803
1610,5.3919177,4.939263514239162,0.4526541857608377
1611,5.4119234,4.937630824754203,0.47429257524579693
1612,5.4311447,4.936037355839817,0.495107344160183
1613,5.449412,4.934473671423221,0.514938328576779
1614,5.4665527,4.932928065022724,0.5336246349772766
1615,5.482396,4.931423368980934,0.5509726310190652
1616,5.4967713,4.92997815356883,0.56679314643117
1617,5.509507,4.928612915354369,0.5808940846456307
1618,5.520433,4.9272593406773595,0.5931736593226402
1619,5.529377,4.925887150440415,0.6034898495595851
1620,5.536169,4.924579341195285,0.6115896588047152
1621,5.5406375,4.923368899876377,0.617268600123623
1622,5.542611,4.922206177076398,0.6204048229236019
1623,5.5407977,4.921113798264796,0.619683901735204
1624,5.5236206,4.920145242814748,0.6034753571852525
1625,5.489713,4.919274938358386,0.5704380616416138
1626,5.4527783,4.918502878343071,0.534275421656929
1627,5.404429,4.917852005767593,0.48657699423240697
1628,5.3660364,4.917329932153713,0.44870646784628665
1629,5.323188,4.916960118925588,0.406227881074412
1630,5.285892,4.9167596211689775,0.3691323788310221
1631,5.24446,4.916699132986435,0.32776086701356544
1632,5.211985,4.916756985039235,0.2952280149607649
1633,5.183233,4.916917930863373,0.2663150691366276
1634,5.1587396,4.91715498368178,0.24158461631822004
1635,5.135955,4.917437545659463,0.21851745434053704
1636,5.1195254,4.917699393270684,0.2018260067293154
1637,5.110028,4.917833972082212,0.19219402791778784
1638,5.109786,4.917701171578813,0.19208482842118713
1639,5.1109705,4.91710598007235,0.19386451992764986
1640,5.1187506,4.915849864648008,0.20290073535199227
1641,5.1347003,4.913696998367659,0.22100330163234183
1642,5.1452103,4.910394131245553,0.23481616875444633
1643,5.1570206,4.905708330228704,0.2513122697712964
1644,5.1685934,4.899452266762374,0.2691411332376257
1645,5.179695,4.891527203592185,0.28816779640781487
1646,5.1917105,4.881916083452221,0.3097944165477795
1647,5.2025657,4.870701392103613,0.331864307896387
1648,5.2174063,4.8580540563621,0.3593522436379004
1649,5.2334986,4.844227393938568,0.38927120606143184
1650,5.246013,4.8295550557895295,0.4164579442104701
1651,5.2625003,4.814396039676614,0.4481042603233858
1652,5.2801285,4.7991276380153565,0.48100086198464354
1653,5.2977633,4.784126992397444,0.5136363076025559
1654,5.3105884,4.769734473224755,0.5408539267752452
1655,5.324913,4.756305725545565,0.5686072744544344
1656,5.3386664,4.744114618013986,0.5945517819860138
1657,5.351982,4.733345008648841,0.6186369913511589
1658,5.360934,4.7241332435447125,0.6368007564552878
1659,5.3727603,4.716548633802466,0.6562116661975343
1660,5.3801804,4.710539595468333,0.6696408045316673
1661,5.3853555,4.705917703088585,0.6794377969114151
1662,5.39072,4.70276065293455,0.6879593470654504
1663,5.390348,4.701105405100788,0.6892425948992127
1664,5.387469,4.700842773864129,0.6866262261358713
1665,5.3846555,4.701836272600134,0.6828192273998663
1666,5.3817925,4.703850500230969,0.6779419997690317
1667,5.3789105,4.706715894038889,0.6721946059611108
1668,5.3671975,4.710245456229357,0.6569520437706426
1669,5.1508703,4.71429210296572,0.43657819703428036
1670,5.4221125,4.718730846308768,0.7033816536912321
1671,4.897397,4.723478787352518,0.17391821264748142
1672,5.1122427,4.72846393481603,0.3837787651839708
1673,5.07427,4.733738555768109,0.34053144423189163
1674,4.8679214,4.739258612612972,0.12866278738702785
1675,4.935006,4.744865398176657,0.1901406018233427
1676,4.997694,4.750580234631113,0.24711376536888707
1677,5.0561314,4.7564168860279095,0.2997145139720905
1678,5.110464,4.762363256900125,0.3481007430998755
1679,5.1608367,4.768343820599995,0.3924928794000051
1680,5.2073965,4.774440808373537,0.4329556916264625
1681,5.250289,4.7808469276854035,0.4694420723145969
1682,5.2896614,4.787598434358096,0.5020629656419038
1683,5.325659,4.794648923393328,0.5310100766066723
1684,5.3584275,4.801917834864356,0.5565096651356445
1685,5.3881135,4.809379314824894,0.5787341851751062
1686,5.4148626,4.816988488391046,0.5978741116089541
1687,5.4388213,4.824713644052635,0.6141076559473646
1688,5.4601355,4.832512762024446,0.6276227379755541
1689,5.478951,4.84033486976133,0.6386161302386704
1690,5.495414,4.848149916785443,0.6472640832145569
1691,5.5096703,4.85590904909145,0.6537612509085502
1692,5.5218663,4.8635797576351525,0.6582865423648476
1693,5.5321484,4.871103041869205,0.6610453581307949
1694,5.5406613,4.878428732136685,0.662232567863315
1695,5.5475526,4.885534812962742,0.6620177870372581
1696,5.552967,4.892377392853297,0.6605896071467026
1697,5.557052,4.8989204545172065,0.6581315454827932
1698,5.5599527,4.905145331658473,0.654807368341527
1699,5.561815,4.911028034305237,0.6507869656947634
1700,5.562785,4.916597459210547,0.6461875407894526
1701,5.555195,4.921871801293616,0.6333231987063845
1702,5.5101266,4.926832865026007,0.5832937349739931
1703,5.4499993,4.931475809223522,0.5185234907764782
1704,5.3893194,4.935838423013053,0.45348097698694634
1705,5.333397,4.939986621682903,0.393410378317097
1706,5.2893014,4.945343527422386,0.34395787257761423
1707,5.2569995,4.946291182143273,0.3107083178567267
1708,5.230363,4.942175774367669,0.28818722563233035
1709,5.217526,4.943404913280727,0.2741210867192736
1710,5.2128177,4.947770473744051,0.2650472262559491
1711,5.217509,4.947492460552527,0.2700165394474725
1712,5.223586,4.944705975823267,0.27888002417673263
1713,5.2325354,4.941750230134917,0.2907851698650825
1714,5.239901,4.93867942963243,0.30122157036757
1715,5.2488523,4.935721172609581,0.3131311273904194
1716,5.256642,4.933010744561536,0.32363125543846394
1717,5.2635736,4.930635599900385,0.33293800009961494
1718,5.27004,4.928588112796833,0.3414518872031671
1719,5.276089,4.926878403929201,0.3492105960707992
1720,5.285659,4.9255491793549995,0.3601098206450004
1721,5.2942634,4.924621867144415,0.3696415328555851
1722,5.301079,4.9241579914229225,0.3769210085770771
1723,5.3096976,4.923988682368434,0.38570891763156556
1724,5.319348,4.923705343671988,0.395642656328012
1725,5.330501,4.923154207678313,0.4073467923216869
1726,5.341227,4.922363967800005,0.41886303219999466
1727,5.347859,4.921246685285602,0.4266123147143981
1728,5.355858,4.919726330214176,0.43613166978582374
1729,5.3583636,4.917923609286976,0.4404399907130241
1730,5.360283,4.916060391389215,0.4442226086107848
1731,5.3587365,4.91449315560578,0.44424334439422
1732,5.3514338,4.9133007109124796,0.43813308908752013
1733,5.3460345,4.91237130748978,0.43366319251022034
1734,5.3369074,4.911565652018631,0.4253417479813697
1735,5.3279104,4.9107829913757435,0.4171274086242569
1736,5.319553,4.909961171657111,0.4095918283428892
1737,5.3159637,4.909081151119557,0.40688254888044284
1738,5.309977,4.90818596319182,0.40179103680817985
1739,5.3051343,4.907262054260852,0.3978722457391477
1740,5.3052053,4.9063049258804,0.39890037411959955
1741,5.303528,4.905355393414663,0.39817260658533726
1742,5.3051496,4.904416485692466,0.4007331143075339
1743,5.3016562,4.903478158045425,0.3981780419545746
1744,5.305169,4.902530057571192,0.4026389424288084
1745,5.3081503,4.901552105764971,0.40659819423502963
1746,5.317044,4.9005685982916685,0.41647540170833164
1747,5.316813,4.899601155249482,0.41721184475051754
1748,5.3191037,4.8986339856105054,0.4204697143894949
1749,5.3232193,4.897658640217092,0.42556065978290825
1750,5.3290253,4.896664421634173,0.4323608783658264
1751,5.336388,4.895661998036973,0.4407260019630277
1752,5.345174,4.894651123202625,0.45052287679737546
1753,5.355249,4.893633239253245,0.4616157607467546
1754,5.3664784,4.892620899288467,0.4738575007115333
1755,5.37873,4.891612433920205,0.48711756607979506
1756,5.3918676,4.89061214772134,0.5012554522786603
1757,5.4057593,4.889624676683913,0.5161346233160868
1758,5.4202704,4.8886779142513195,0.5315924857486802
1759,5.435267,4.8877755762578206,0.5474914237421791
1760,5.450615,4.886920273613907,0.5636947263860934
1761,5.4661803,4.8861387536182015,0.580041546381799
1762,5.481829,4.885459220307028,0.5963697796929726
1763,5.4974284,4.884900352169518,0.6125280478304829
1764,5.5128436,4.88443621281899,0.6284073871810101
1765,5.5279403,4.884035497627763,0.6439048023722371
1766,5.5425854,4.883704697505551,0.6588807024944492
1767,5.556644,4.883465848734543,0.6731781512654571
1768,5.5699835,4.8833352880995236,0.6866482119004766
1769,5.5824685,4.883298049511879,0.6991704504881211
1770,5.5939665,4.883332685102032,0.7106338148979674
1771,5.6043425,4.883438178203642,0.7209043217963576
1772,5.613463,4.883633158535273,0.7298298414647277
1773,5.6211944,4.883907862166541,0.7372865378334597
1774,5.6274023,4.8842514038531215,0.7431508961468785
1775,5.631953,4.88468550525522,0.7472674947447802
1776,5.634712,4.885211295923608,0.7495007040763921
1777,5.6334734,4.885812203175136,0.7476611968248639
1778,5.6172705,4.8864945876442905,0.7307759123557096
1779,5.5800986,4.887258253329946,0.6928403466700548
1780,5.5257254,4.888119303743968,0.6376060962560315
1781,5.470652,4.889098545046833,0.5815534549531671
1782,5.420811,4.8901452294653,0.5306657705347
1783,5.3814926,4.8912634261711,0.49022917382889997
1784,5.349772,4.892446704442041,0.45732529555795853
1785,5.329969,4.893672195404122,0.4362968045958784
1786,5.313969,4.894843437839866,0.41912556216013375
1787,5.303567,4.895756809923494,0.4078101900765061
1788,5.300939,4.896410003709992,0.4045289962900078
1789,5.3056083,4.896958842671856,0.40864945732814384
1790,5.3144183,4.897509855435552,0.41690844456444776
1791,5.3291473,4.898063593296454,0.43108370670354557
1792,5.34821,4.898609596821932,0.44960040317806804
1793,5.368879,4.899131314795385,0.46974768520461474
1794,5.390029,4.899615963240424,0.49041303675957604
1795,5.4113812,4.90007044518705,0.5113107548129499
1796,5.428165,4.900503264002175,0.5276617359978246
1797,5.44081,4.900923191478119,0.5398868085218806
1798,5.4442434,4.901354896083142,0.5428885039168581
1799,5.438581,4.9018329121072215,0.5367480878927786
1800,5.4222236,4.902377927728537,0.5198456722714626
1801,5.395257,4.902999501847654,0.49225749815234554
1802,5.3599024,4.903645658591515,0.4562567414084855
1803,5.3247213,4.904298821653322,0.4204224783466781
1804,5.2924542,4.905002105110595,0.38745209488940446
1805,5.260877,4.905742161482853,0.3551348385171469
1806,5.2379236,4.906506379782236,0.3314172202177641
1807,5.218867,4.907270594576318,0.31159640542368194
1808,5.206872,4.90795336213315,0.2989186378668496
1809,5.1989713,4.908488689815479,0.2904826101845215
1810,5.1949835,4.908856513679304,0.28612698632069655
1811,5.195911,4.909000066415501,0.2869109335844984
1812,5.201245,4.908932263172459,0.2923127368275411
1813,5.211331,4.908752391191622,0.3025786088083784
1814,5.2257285,4.908529589649924,0.31719891035007564
1815,5.2402725,4.908286935858855,0.3319855641411449
1816,5.258946,4.9080677835122675,0.35087821648773243
1817,5.276791,4.907745633471433,0.36904536652856734
1818,5.294113,4.907207414587367,0.38690558541263353
1819,5.3122134,4.9065838206187005,0.4056295793812996
1820,5.328321,4.905972798319165,0.4223482016808351
1821,5.3464737,4.905380086497783,0.44109361350221654
1822,5.3608627,4.904793428378788,0.456069271621212
1823,5.3749976,4.904203637664906,0.47079396233509474
1824,5.3883634,4.903625266432423,0.48473813356757756
1825,5.400982,4.903080268020192,0.497901731979808
1826,5.412876,4.902555992483534,0.5103200075164658
1827,5.4240685,4.9020257516185515,0.5220427483814483
1828,5.4345818,4.901493918705316,0.5330878812946844
1829,5.4444375,4.900970514992132,0.5434669850078686
1830,5.4536586,4.900447502886306,0.5532110971136941
1831,5.462267,4.89999445672248,0.56227254327752
1832,5.4702873,4.899643224426775,0.5706440755732247
1833,5.4777403,4.899302048087274,0.5784382519127256
1834,5.4846487,4.898923144659004,0.5857255553409964
1835,5.491035,4.8984863501513605,0.5925486498486396
1836,5.496922,4.897986948071929,0.5989350519280707
1837,5.5023313,4.897424881328326,0.6049064186716739
1838,5.5072865,4.896820394356768,0.6104661056432326
1839,5.5118093,4.896189038192489,0.6156202618075115
1840,5.5159225,4.895512594759798,0.6204099052402023
1841,5.519648,4.894809898726338,0.6248381012736619
1842,5.5230093,4.894089972393841,0.6289193276061589
1843,5.5260286,4.893341556473424,0.6326870435265759
1844,5.5287275,4.892585898416903,0.6361416015830965
1845,5.5311294,4.891852583425039,0.6392768165749612
1846,5.5332565,4.891136463437802,0.642120036562198
1847,5.535131,4.890562426822481,0.6445685731775184
1848,5.536776,4.8901030795456855,0.6466729204543142
1849,5.5382133,4.889642908039833,0.6485703919601669
1850,5.539466,4.889250892560644,0.6502151074393563
1851,5.540556,4.888952494502355,0.6516035054976443
1852,5.541506,4.888739358244349,0.652766641755651
1853,5.542257,4.888617738069653,0.6536392619303468
1854,5.5418963,4.888612366727792,0.653283933272208
1855,5.5403314,4.8887187979791555,0.6516126020208448
1856,5.539276,4.888913985946114,0.6503620140538864
1857,5.53946,4.889201518135068,0.650258481864932
1858,5.541047,4.889601006239754,0.6514459937602455
1859,5.5479507,4.890134091742538,0.6578166082574626
1860,5.549157,4.8908011873736505,0.6583558126263496
1861,5.55872,4.891614644737671,0.6671053552623292
1862,5.5714374,4.892574251720524,0.6788631482794756
1863,5.5843973,4.893675553852437,0.6907217461475632
1864,5.591897,4.894918934179064,0.6969780658209359
1865,5.598137,4.896295455302653,0.7018415446973476
1866,5.6065774,4.897819110940656,0.708758289059344
1867,5.608379,4.899502662082105,0.7088763379178955
1868,5.613322,4.901358100638471,0.7119638993615292
1869,5.6166754,4.903357763068366,0.7133176369316345
1870,5.616165,4.905468761837149,0.7106962381628508
1871,5.616601,4.90769100617342,0.7089099938265804
1872,5.596849,4.910018292624202,0.6868307073757975
1873,5.573445,4.912432113660856,0.6610128863391447
1874,5.552452,4.914928173491788,0.6375238265082119
1875,5.5336185,4.917499663922587,0.6161188360774128
1876,5.516692,4.920119238248988,0.5965727617510117
1877,5.5014195,4.92276969668857,0.5786498033114302
1878,5.4875493,4.925460800584201,0.5620884994157995
1879,5.4748282,4.928188057835649,0.5466401421643514
1880,5.463004,4.930936800548892,0.5320671994511077
1881,5.4518247,4.933700050190367,0.518124649809633
1882,5.4410377,4.936464999528729,0.5045727004712708
1883,5.43039,4.939216991803281,0.4911730081967187
1884,5.4196296,4.94194399510042,0.47768560489958034
1885,5.4085045,4.944639201008858,0.46386529899114226
1886,5.3967614,4.947289925972547,0.4494714740274528
1887,5.3841476,4.949885325265882,0.4342622747341185
1888,5.370413,4.952424824254276,0.417988175745724
1889,5.3553023,4.954915587986366,0.40038671201363396
1890,5.3385644,4.957361446009573,0.38120295399042714
1891,5.3285317,4.959743723986402,0.36878797601359814
1892,5.3276696,4.962074303570353,0.36559529642964694
1893,5.3260846,4.964376958919591,0.3617076410804083
1894,5.328563,4.966661053957364,0.3619019460426358
1895,5.331515,4.968940947640354,0.3625740523596459
1896,5.3372607,4.971220484866411,0.3660402151335891
1897,5.343132,4.973512214387079,0.36961978561292064
1898,5.3447094,4.975780692694021,0.3689287073059795
1899,5.3493276,4.978049071968352,0.37127852803164796
1900,5.356573,4.9803487992303035,0.37622420076969654
1901,5.366216,4.982667001939799,0.38354899806020093
1902,5.3780265,4.984982643152533,0.39304385684746723
1903,5.391773,4.987249881075433,0.4045231189245664
1904,5.407227,4.989411272050654,0.4178157279493462
1905,5.424158,4.991400526807941,0.43275747319205937
1906,5.4423356,4.993171963387307,0.44916363661269276
1907,5.4615293,4.994717420144947,0.4668118798550527
1908,5.4815097,4.996071982952632,0.48543771704736827
1909,5.502046,4.997186634220161,0.504859365779839
1910,5.5229087,4.998061645583598,0.5248470544164023
1911,5.5438666,4.998726190403779,0.5451404095962209
1912,5.564691,4.999177187996056,0.5655138120039442
1913,5.5851507,4.99943759845502,0.5857131015449797
1914,5.6050158,4.999491293674559,0.6055245063254411
1915,5.6240563,4.999360631732838,0.6246956682671625
1916,5.642042,4.999094465937463,0.6429475340625368
1917,5.6587424,4.998745020131294,0.659997379868706
1918,5.6739283,4.998354952185222,0.6755733478147778
1919,5.6873684,4.997892051666224,0.689476348333776
1920,5.6988335,4.997352413835104,0.7014810861648959
1921,5.7080927,4.9967694063851384,0.7113232936148615
1922,5.7149167,4.9961532835852465,0.7187634164147534
1923,5.7190742,4.9955089604850045,0.7235652395149952
1924,5.7186475,4.9948021808691685,0.7238453191308318
1925,5.7068963,4.994027999681063,0.7128683003189371
1926,5.688784,4.9932538187708575,0.6955301812291426
1927,5.659763,4.9925163385005655,0.6672466614994343
1928,5.6281476,4.991817504837985,0.6363300951620152
1929,5.5945206,4.99117881133544,0.6033417886645598
1930,5.5689044,4.990610458741724,0.5782939412582762
1931,5.5473404,4.990082677274139,0.5572577227258613
1932,5.5331693,4.989562205905347,0.5436070940946527
1933,5.5244937,4.9890522451840535,0.5354414548159463
1934,5.5216556,4.988534318641939,0.5331212813580608
1935,5.523835,4.988010730106718,0.5358242698932818
1936,5.530911,4.9874940633635445,0.5434169366364552
1937,5.540694,4.986980552759328,0.5537134472406722
1938,5.5523953,4.986476819000249,0.5659184809997511
1939,5.5654187,4.985992818022614,0.5794258819773868
1940,5.579226,4.985535592637367,0.593690407362633
1941,5.5933447,4.985108045726341,0.608236654273659
1942,5.6062875,4.98470418849681,0.6215833115031897
1943,5.617434,4.984324419034882,0.6331095809651179
1944,5.6270404,4.983974346707526,0.6430660532924746
1945,5.638593,4.983659858467879,0.6549331415321209
1946,5.6455145,4.983401129547192,0.6621133704528077
1947,5.649586,4.983194770429485,0.6663912295705154
1948,5.651512,4.9830237591396696,0.6684882408603308
1949,5.6479306,4.982901814432488,0.6650287855675119
1950,5.64408,4.9828226562175715,0.6612573437824283
1951,5.630343,4.982774357892432,0.6475686421075677
1952,5.617408,4.98276407035718,0.6346439296428201
1953,5.601254,4.982781334963444,0.6184726650365562
1954,5.5798774,4.982830631838191,0.5970467681618086
1955,5.5552726,4.982912217525879,0.5723603824741215
1956,5.5281687,4.983002094280728,0.5451666057192721
1957,5.5030246,4.983079873606498,0.5199447263935015
1958,5.4759207,4.983119006379494,0.49280169362050597
1959,5.4495773,4.9830963204672045,0.4664809795327951
1960,5.420773,4.98299102873616,0.43778197126383933
1961,5.4018335,4.9827774470080675,0.41905605299193294
1962,5.3850546,4.982426814209919,0.40262778579008085
1963,5.3722863,4.981886400191723,0.39039989980827716
1964,5.361049,4.981129658316814,0.37991934168318675
1965,5.3558283,4.980170223151454,0.3756580768485458
1966,5.3503995,4.979012730530147,0.3713867694698534
1967,5.349688,4.977648859547881,0.3720391404521193
1968,5.3503165,4.976082924955737,0.37423357504426313
1969,5.3519125,4.974328004037105,0.37758449596289534
1970,5.355277,4.972409061749168,0.38286793825083176
1971,5.359627,4.970125634725086,0.3895013652749135
1972,5.362565,4.967455131850676,0.3951098681493237
1973,5.3675895,4.964656275508491,0.4029332244915089
1974,5.37374,4.961782294177749,0.41195770582225055
1975,5.38214,4.95886054902231,0.4232794509776898
1976,5.3908463,4.955960093742662,0.434886206257338
1977,5.403618,4.953094340122599,0.4505236598774012
1978,5.4177833,4.950272693700255,0.4675106062997454
1979,5.4327645,4.947558475578016,0.48520602442198424
1980,5.4484534,4.94495400249742,0.5034993975025799
1981,5.4651694,4.942419719327178,0.5227496806728213
1982,5.479188,4.939934361383539,0.5392536386164606
1983,5.49144,4.937465810607743,0.5539741893922567
1984,5.508137,4.93498719071763,0.5731498092823699
1985,5.5146003,4.932484735347659,0.5821155646523408
1986,5.5187936,4.929941612565068,0.5888519874349321
1987,5.5204062,4.9273436850608645,0.5930625149391355
1988,5.5166974,4.924727699045521,0.5919697009544791
1989,5.5139227,4.922127150031424,0.5917955499685759
1990,5.508607,4.91950602259658,0.5891009774034197
1991,5.5004916,4.916896387202434,0.5835952127975661
1992,5.4882407,4.914338753865503,0.5739019461344972
1993,5.4777265,4.912000193495863,0.5657263065041374
1994,5.459789,4.909844639368065,0.549944360631935
1995,5.438142,4.907759008670172,0.5303829913298284
1996,5.4125266,4.905813554031436,0.5067130459685636
1997,5.370742,4.904052845113942,0.46668915488605833
1998,5.3353314,4.902437892771094,0.43289350722890596
1999,5.299904,4.900982431532282,0.39892156846771787
2000,5.265479,4.899728533561577,0.36575046643842324
2001,5.2348547,4.898709947226287,0.3361447527737127
2002,5.202664,4.897937843922098,0.3047261560779022
2003,5.1707,4.897453778273933,0.27324622172606716
2004,5.136762,4.897221903599039,0.23954009640096086
2005,5.100692,4.8972254097319095,0.2034665902680901
2006,5.0623627,4.897483802897345,0.16487889710265513
2007,5.0201864,4.897962973524777,0.12222342647522311
2008,4.978339,4.898655997150636,0.07968300284936447
2009,4.938146,4.89957246605698,0.03857353394301999
2010,4.9025497,4.900720871829695,0.0018288281703044973
2011,4.881351,4.902062388612662,-0.02071138861266153
2012,4.8533673,4.90359031345546,-0.050223013455459764
2013,4.84187,4.905267272923464,-0.06339727292346353
2014,4.838172,4.907026659169581,-0.06885465916958111
2015,4.8401194,4.908790153078647,-0.06867075307864745
2016,4.8475266,4.9104578033634585,-0.06293120336345837
2017,4.8598905,4.911930690000901,-0.0520401900009011
2018,4.8773584,4.913124742669195,-0.035766342669194984
2019,4.895909,4.913895558679556,-0.017986558679556452
2020,4.917994,4.914084672277124,0.003909327722876554
2021,4.9427185,4.913619600752598,0.029098899247402166
2022,4.972133,4.91247713595898,0.0596558640410203
2023,5.0015726,4.910637086264202,0.09093551373579789
2024,5.031216,4.908147948228327,0.12306805177167313
2025,5.0571966,4.905087557075828,0.15210904292417204
2026,5.0820847,4.901569646010612,0.18051505398938783
2027,5.104987,4.898034343066097,0.20695265693390308
2028,5.124392,4.894622214502987,0.22976978549701332
2029,5.137256,4.8911845560081915,0.24607144399180836
2030,5.1464496,4.887869634371545,0.25857996562845553
2031,5.148929,4.884859476063269,0.26406952393673055
2032,5.148711,4.882307581607178,0.2664034183928212
2033,5.14784,4.8802964739956085,0.2675435260043919
2034,5.142555,4.879197792351091,0.2633572076489088
2035,5.1417975,4.879053612169069,0.26274388783093094
2036,5.139908,4.879541501614812,0.26036649838518855
2037,5.137179,4.880617720871384,0.2565612791286158
2038,5.1374936,4.882285802402873,0.2552077975971274
2039,5.137847,4.884547380482539,0.2532996195174606
2040,5.140609,4.887392258766538,0.2532167412334623
2041,5.1420374,4.890744235525381,0.25129316447461925
2042,5.146708,4.894522009717491,0.2521859902825092
2043,5.1541705,4.898686416908064,0.25548408309193604
2044,5.1587577,4.903210528711445,0.25554717128855486
2045,5.1721954,4.908061205628861,0.26413419437113905
2046,5.12127,4.913180580797952,0.20808941920204838
2047,4.929167,4.91850848969411,0.01065851030588938
2048,4.7754965,4.924015593923236,-0.1485190939232357
2049,5.3754053,4.929132611555727,0.4462726884442727
2050,5.272471,4.933491830794916,0.33897916920508475
2051,5.212536,4.937561667755138,0.2749743322448621
2052,5.215518,4.941620793117286,0.27389720688271435
2053,5.2205257,4.945677300296085,0.27484839970391484
2054,5.227371,4.949684692246314,0.27768630775368575
2055,5.2358665,4.953608176727176,0.2822583232728242
2056,5.2458243,4.957438769902751,0.28838553009724865
2057,5.257057,4.961156459856054,0.29590054014394607
2058,5.269377,4.964740647809768,0.304636352190232
2059,5.282596,4.968216588723915,0.31437941127608493
2060,5.296527,4.972007001161822,0.32451999883817795
2061,5.3109813,4.97598373241617,0.33499756758383015
2062,5.325773,4.9797554510277315,0.34601754897226833
2063,5.340712,4.983411135937693,0.35730086406230654
2064,5.3556128,4.986974881748772,0.3686379182512285
2065,5.3702865,4.990446613417894,0.379839886582106
2066,5.3845453,4.993807561653956,0.3907377383460444
2067,5.3982024,4.997052715823161,0.40114968417683894
2068,5.41107,5.0001837294701295,0.41088627052987015
2069,5.4229593,5.003170885082793,0.41978841491720686
2070,5.433684,5.005987033470322,0.4276969665296786
2071,5.443055,5.008638323962075,0.4344166760379249
2072,5.4508862,5.0110926409080365,0.4397935590919637
2073,5.456989,5.0133046112406365,0.44368438875936356
2074,5.4611754,5.015264489745685,0.44591091025431506
2075,5.463258,5.016958440859922,0.446299559140078
2076,5.466469,5.018368240765995,0.4481007592340047
2077,5.4759445,5.019507646981161,0.45643685301883874
2078,5.4706216,5.020357851916764,0.4502637480832359
2079,5.4636917,5.020870796508328,0.4428209034916719
2080,5.45647,5.021033070925919,0.43543692907408094
2081,5.448711,5.020884975807302,0.4278260241926981
2082,5.4457636,5.020450985670032,0.42531261432996814
2083,5.442733,5.019942172370481,0.4227908276295187
2084,5.443073,5.016086578268084,0.42698642173191637
2085,5.4407916,5.0089140791953755,0.4318775208046244
2086,5.433304,5.001386782963701,0.4319172170362986
2087,5.4147153,4.997307491368995,0.4174078086310047
2088,5.383317,4.993399400851095,0.3899175991489052
2089,5.3332953,4.9869351526785115,0.3463601473214881
2090,5.2786646,4.980212202297055,0.2984523977029445
2091,5.2169976,4.973521732945568,0.24347586705443192
2092,5.158565,4.966873969426486,0.191691030573514
2093,5.1041207,4.9602448079619,0.1438758920380998
2094,5.0526667,4.953581405364831,0.09908529463516835
2095,5.003919,4.9469042060566535,0.0570147939433463
2096,4.957999,4.940267998405729,0.01773100159427088
2097,4.912078,4.933699010762751,-0.021621010762751247
2098,4.8688455,4.9272306145531015,-0.05838511455310158
2099,4.829789,4.920785624662291,-0.0909966246622913
2100,4.791227,4.9143313600256375,-0.1231043600256374
2101,4.758839,4.9079270608860215,-0.14908806088602145
2102,4.736985,4.901629668362793,-0.16464466836279357
2103,4.7129974,4.89548107662126,-0.18248367662125986
2104,4.6966977,4.889567949997326,-0.19287024999732605
2105,4.6810083,4.8839331987568,-0.20292489875679998
2106,4.6669683,4.878592634195892,-0.21162433419589188
2107,4.654274,4.873597516057007,-0.21932351605700706
2108,4.6454706,4.8689442504005855,-0.2234736504005852
2109,4.63997,4.864596663879841,-0.22462666387984065
2110,4.644265,4.8605188356475235,-0.21625383564752365
2111,4.644889,4.856738691425606,-0.2118496914256056
2112,4.6552515,4.8533190408514715,-0.19806754085147116
2113,4.6750836,4.85033526715382,-0.17525166715382046
2114,4.7000003,4.847819930932893,-0.14781963093289274
2115,4.7323174,4.845827857625383,-0.1135104576253827
2116,4.7702026,4.844395542316173,-0.07419294231617268
2117,4.810451,4.844371008789022,-0.03392000878902213
2118,4.851443,4.8457543833818475,0.005688616618152231
2119,4.8937726,4.847712793882106,0.04605980611789384
2120,4.9341846,4.850293378394969,0.08389122160503071
2121,5.004476,4.853518972109939,0.15095702789006094
2122,4.970664,4.857436678979905,0.11322732102009514
2123,4.6719236,4.862008696154284,-0.19008509615428348
2124,4.9894447,4.867181446823712,0.12226325317628817
2125,5.0607314,4.872915967675639,0.18781543232436082
2126,5.0960636,4.879176633124806,0.21688696687519382
2127,5.1251006,4.8858917836770175,0.2392088163229822
2128,5.1485558,4.893016242678195,0.25553955732180444
2129,5.1671405,4.9005333910331865,0.26660710896681383
2130,5.1815696,4.908335701971642,0.2732338980283586
2131,5.192554,4.916336131322491,0.2762178686775094
2132,5.200807,4.924451792050403,0.2763552079495968
2133,5.2070417,4.932607921802147,0.27443377819785386
2134,5.211971,4.940786125017407,0.2711848749825929
2135,5.216306,4.94888857721007,0.2674174227899302
2136,5.2207613,4.9568584898198935,0.26390281018010686
2137,5.226049,4.964685365462412,0.26136363453758804
2138,5.2328815,4.972305423503719,0.26057607649628167
2139,5.2419715,4.979699545821111,0.26227195417888893
2140,5.2540317,4.986424743774536,0.26760695622546393
2141,5.2697754,4.992415766478037,0.27735963352196347
2142,5.2899156,4.998059510060035,0.2918560899399649
2143,5.3151636,5.003368798152772,0.31179480184722763
2144,5.3457055,5.0083648773611,0.33734062263890063
2145,5.3667755,5.013027085218449,0.35374841478155084
2146,5.384725,5.017343109410727,0.3673818905892734
2147,5.3963523,5.021309340777084,0.37504295922291586
2148,5.403437,5.024598399083446,0.37883860091655386
2149,5.4121795,5.026910191251892,0.38526930874810805
2150,5.4202666,5.0285345475023195,0.39173205249768017
2151,5.4278064,5.029799802397747,0.39800659760225265
2152,5.434909,5.0307843466935,0.40412465330649994
2153,5.4416842,5.031490558188625,0.4101936418113752
2154,5.448241,5.031924126096839,0.4163168739031615
2155,5.4546905,5.0321213495775625,0.42256915042243737
2156,5.461142,5.032088297323317,0.42905370267668275
2157,5.4677057,5.0318343210900816,0.43587137890991823
2158,5.4744906,5.0313836173031525,0.4431069826968477
2159,5.481608,5.0320198247250625,0.4495881752749371
2160,5.4891663,5.02985811314992,0.45930818685008035
2161,5.4972763,5.02414150519329,0.47313479480671017
2162,5.5060477,5.019878641880773,0.48616905811922706
2163,5.51559,5.0172765213677675,0.49831347863223296
2164,5.5260134,5.014740693394912,0.5112727066050882
2165,5.537428,5.012547022113668,0.5248809778863324
2166,5.5499434,5.010747525934158,0.5391958740658422
2167,5.5636697,5.009224958232804,0.5544447417671963
2168,5.5787163,5.007827263978817,0.5708890360211827
2169,5.5951934,5.006386662055937,0.5888067379440631
2170,5.6134353,5.004671139735736,0.6087641602642639
2171,5.612948,5.002527274890754,0.6104207251092459
2172,5.5997543,4.999826788298832,0.5999275117011678
2173,5.5801425,4.996461702433034,0.5836807975669664
2174,5.5573034,4.992437639332938,0.564865760667062
2175,5.5356903,4.987844104268985,0.5478461957310143
2176,5.5156827,4.98286755235902,0.5328151476409806
2177,5.497433,4.977612060055851,0.5198209399441494
2178,5.485127,4.97209170251692,0.5130352974830803
2179,5.475552,4.9664044736016075,0.5091475263983929
2180,5.46721,4.960741330615338,0.5064686693846614
2181,5.4594183,4.955304586278489,0.5041137137215115
2182,5.4566083,4.950314251249864,0.506294048750136
2183,5.4561396,4.9460322204682665,0.5101073795317337
2184,5.455537,4.942642448018401,0.5128945519815984
2185,5.457221,4.940275603957383,0.5169453960426162
2186,5.4610486,4.9390441440313815,0.5220044559686183
2187,5.46579,4.939021112948901,0.5267688870510989
2188,5.4731345,4.940265706034029,0.5328687939659709
2189,5.4827347,4.942789188181889,0.5399455118181109
2190,5.4945884,4.946555352497746,0.5480330475022539
2191,5.50441,4.9514846205763074,0.5529253794236926
2192,5.5157776,4.9574585748352415,0.5583190251647583
2193,5.528533,4.964320086701449,0.5642129132985509
2194,5.542849,4.971872131311604,0.5709768686883967
2195,5.5519433,4.97988434618275,0.5720589538172494
2196,5.562596,4.988120479726716,0.5744755202732845
2197,5.5703855,4.996352115016079,0.5740333849839212
2198,5.57748,5.004337574096094,0.5731424259039066
2199,5.5873575,5.011838849005065,0.575518650994935
2200,5.550778,5.018660131247255,0.5321178687527448
2201,5.5602746,5.024637565788288,0.535637034211712
2202,5.561364,5.029641240032257,0.5317227599677432
2203,5.4989285,5.033587407090679,0.4653410929093207
2204,5.3729267,5.036449286732275,0.3364774132677244
2205,5.2469254,5.038248787242572,0.20867661275742844
2206,5.1216054,5.03905727432749,0.0825481256725098
2207,4.9975767,5.038996992032543,-0.04142029203254349
2208,4.8755207,5.038213546230174,-0.16269284623017377
2209,4.756095,5.0368627869829,-0.28076778698290017
2210,4.639958,5.035116452718836,-0.3951584527188361
2211,4.5277452,5.03316924071118,-0.5054240407111799
2212,4.4201584,5.031201300258802,-0.611042900258802
2213,4.317833,5.029372398142657,-0.7115393981426568
2214,4.221427,5.027822816054672,-0.806395816054672
2215,4.1315975,5.026665108475312,-0.895067608475312
2216,4.049002,5.026011880575616,-0.9770098805756167
2217,3.974299,5.0259516362856,-1.0516526362856005
2218,3.9081454,5.026490732937576,-1.1183453329375763
2219,3.8511992,5.02764683937479,-1.17644763937479
2220,3.8041182,5.029478369625369,-1.2253601696253686
2221,3.7675595,5.032002195135572,-1.264442695135572
2222,3.7421815,5.035174309689847,-1.2929928096898466
2223,3.72864,5.038948088865339,-1.3103080888653387
2224,3.8199053,5.043291886929542,-1.2233865869295424
2225,4.044977,5.048134090500456,-1.0031570905004559
2226,4.2684965,5.053381768060966,-0.7848852680609655
2227,4.487085,5.058994559729843,-0.5719095597298427
2228,4.697361,5.064902504785095,-0.36754150478509473
2229,4.895941,5.070989705301298,-0.17504870530129857
2230,5.0794406,5.077180068015758,0.0022605319842421423
2231,5.244479,5.083408618260222,0.16107038173977806
2232,5.3876762,5.089614913826971,0.29806128617302896
2233,5.505649,5.0957533859024755,0.4098956140975245
2234,5.5950155,5.101758894826514,0.49325660517348613
2235,5.6523924,5.107581590209278,0.5448108097907225
2236,5.6743255,5.1131581388314835,0.5611673611685166
2237,5.6730413,5.122024720093425,0.5510165799065758
2238,5.655538,5.12725428907847,0.5282837109215297
2239,5.628381,5.126450181633068,0.5019308183669322
2240,5.5987473,5.124877422956308,0.47386987704369243
2241,5.5756726,5.123004478736999,0.4526681212630006
2242,5.5535636,5.1207850198074825,0.4327785801925179
2243,5.5420074,5.118173425457359,0.4238339745426414
2244,5.53868,5.115127540258064,0.423552459741936
2245,5.5391593,5.111612097211595,0.4275472027884044
2246,5.543552,5.1076023127397425,0.4359496872602575
2247,5.54943,5.10308713108045,0.4463428689195501
2248,5.5548577,5.0980717093238725,0.4567859906761278
2249,5.55999,5.092578899823428,0.46741110017657217
2250,5.5683756,5.086649459279073,0.48172614072092745
2251,5.5719934,5.080340704986478,0.4916526950135225
2252,5.579133,5.073723539239911,0.505409460760089
2253,5.5857763,5.066878140856811,0.5188981591431894
2254,5.594958,5.059888839745954,0.5350691602540465
2255,5.601336,5.0528387875172145,0.5484972124827854
2256,5.6115155,5.045805025263993,0.5657104747360071
2257,5.6179166,5.038854365171396,0.5790622348286041
2258,5.621231,5.032040397919848,0.5891906020801523
2259,5.6241736,5.02540187071498,0.5987717292850201
2260,5.6271386,5.018962573848836,0.6081760261511642
2261,5.6278567,5.0127327070967445,0.6151239929032553
2262,5.629107,5.010530021124824,0.6185769788751765
2263,5.6275864,5.0124882744382795,0.6150981255617207
2264,5.6261783,5.014930423502846,0.6112478764971545
2265,5.626078,5.017303678152718,0.6087743218472816
2266,5.6247873,5.018879577078406,0.6059077229215948
2267,5.622921,5.019334088447891,0.6035869115521084
2268,5.6147285,5.0187003559767085,0.5960281440232915
2269,5.6058383,5.017327094933173,0.5885112050668271
2270,5.596435,5.0158363561196175,0.5805986438803821
2271,5.586702,5.014681201163735,0.5720207988362649
2272,5.576821,5.013985939617443,0.5628350603825565
2273,5.56698,5.013679824530989,0.553300175469011
2274,5.5573606,5.01366833084319,0.5436922691568098
2275,5.5481477,5.0138629239711845,0.5342847760288159
2276,5.539524,5.014225488242913,0.5252985117570868
2277,5.5316744,5.014776415753737,0.5168979842462633
2278,5.5247817,5.015521873302585,0.5092598266974155
2279,5.519031,5.016203106406577,0.5028278935934232
2280,5.514605,5.016702417655755,0.49790258234424556
2281,5.511688,5.017252599883175,0.4944354001168252
2282,5.510465,5.017969543024027,0.4924954569759725
2283,5.5158815,5.018835044863633,0.4970464551363669
2284,5.521267,5.019803777387472,0.5014632226125277
2285,5.525612,5.020863152047407,0.5047488479525928
2286,5.5291376,5.0219747396948256,0.5071628603051748
2287,5.5320654,5.023121102119327,0.5089442978806726
2288,5.5346165,5.0242989278975445,0.5103175721024558
2289,5.5370135,5.02550333526958,0.5115101647304199
2290,5.539477,5.026750362845398,0.5127266371546018
2291,5.5422287,5.028003886050123,0.5142248139498768
2292,5.5454903,5.029273925058305,0.5162163749416946
2293,5.549483,5.030601764082694,0.5188812359173065
2294,5.554428,5.031968671578379,0.522459328421621
2295,5.5605483,5.033359377917424,0.5271889220825754
2296,5.5680637,5.034763171696697,0.533300528303303
2297,5.5771966,5.036176656231864,0.541019943768136
2298,5.587484,5.037603093352776,0.5498809066472239
2299,5.590116,5.039038237821843,0.5510777621781573
2300,5.579165,5.040480383586674,0.5386846164133257
2301,5.5574155,5.041912479075414,0.5155030209245863
2302,5.533431,5.04332330135544,0.49010769864456005
2303,5.5107117,5.044703945806435,0.46600775419356477
2304,5.4952264,5.046017902556144,0.4492084974438564
2305,5.4849877,5.047271562802293,0.4377161371977065
2306,5.481953,5.048538325902225,0.4334146740977749
2307,5.4834247,5.049898635512713,0.43352606448728626
2308,5.487744,5.051348043567845,0.4363959564321549
2309,5.496281,5.05272728242392,0.44355371757608
2310,5.5072503,5.0538686798931005,0.4533816201068994
2311,5.507952,5.054492607444084,0.4534593925559163
2312,5.5214767,5.05431539012435,0.4671613098756504
2313,5.532585,5.0533344883282005,0.47925051167179955
2314,5.5447855,5.051740209558949,0.4930452904410503
2315,5.555616,5.049707449070396,0.505908550929604
2316,5.566424,5.047245486817853,0.5191785131821467
2317,5.57369,5.044244602331394,0.5294453976686064
2318,5.580876,5.040690031672803,0.5401859683271972
2319,5.585995,5.03668601660612,0.54930898339388
2320,5.5926437,5.032332900568919,0.5603107994310808
2321,5.600431,5.027875268048769,0.5725557319512316
2322,5.6057544,5.023643032898005,0.5821113671019953
2323,5.613449,5.019720909453794,0.5937280905462066
2324,5.619824,5.01601113872237,0.6038128612776301
2325,5.6249094,5.012449567658248,0.6124598323417523
2326,5.6281824,5.00919256161902,0.6189898383809798
2327,5.631931,5.00648002599963,0.62545097400037
2328,5.6304846,5.004576363852158,0.6259082361478416
2329,5.63368,5.003614321340926,0.6300656786590739
2330,5.6307635,5.003440198867957,0.6273233011320425
2331,5.6259995,5.003886612350563,0.6221128876494371
2332,5.617314,5.004827349595669,0.6124866504043309
2333,5.606486,5.006149957416331,0.6003360425836695
2334,5.5870395,5.007737331603422,0.5793021683965787
2335,5.567632,5.009454957660296,0.5581770423397039
2336,5.547843,5.011168535386278,0.5366744646137223
2337,5.519201,5.0127251148176555,0.5064758851823443
2338,5.488785,5.013926934929834,0.47485806507016637
2339,5.452023,5.014920352404017,0.4371026475959825
2340,5.413134,5.015521261761998,0.3976127382380019
2341,5.375233,5.015220105653267,0.3600128943467329
2342,5.3360705,5.013904022165677,0.3221664778343225
2343,5.299564,5.011490878486265,0.2880731215137349
2344,5.2483664,5.00798748642916,0.24037891357084007
2345,5.2097583,5.00344998392282,0.20630831607717948
2346,5.17505,4.997992815235087,0.17705718476491228
2347,5.1450796,4.9917999178824575,0.1532796821175424
2348,5.081216,4.984678383660666,0.09653761633933478
2349,4.7931094,4.976744511544625,-0.18363511154462575
2350,4.795904,4.968655005632461,-0.1727510056324606
2351,4.802249,4.960745300951829,-0.1584963009518292
2352,4.811924,4.953214363063381,-0.14129036306338083
2353,4.824709,4.946253085105284,-0.1215440851052838
2354,4.840384,4.940059118296341,-0.09967511829634113
2355,4.85873,4.934746301142646,-0.07601630114264513
2356,4.879525,4.930362109465387,-0.050837109465386554
2357,4.902551,4.926965254541909,-0.024414254541909486
2358,4.927587,4.924622571332201,0.0029644286677985576
2359,4.9544134,4.9233233799665035,0.03109002003349648
2360,4.9828105,4.9230430528250695,0.059767447174930766
2361,5.0125575,4.923781109125048,0.08877639087495215
2362,5.043435,4.925466784014665,0.1179682159853348
2363,5.0752225,4.928015215703031,0.14720728429696894
2364,5.1077013,4.931354609608369,0.17634669039163153
2365,5.1406493,4.935400249133003,0.20524905086699707
2366,5.1738486,4.940058899774685,0.23378970022531576
2367,5.207078,4.9452722689485205,0.26180573105147964
2368,5.2401185,4.950931203634303,0.2891872963656974
2369,5.2727494,4.956895293062059,0.315854106937941
2370,5.3047514,4.9630454178302985,0.3417059821697013
2371,5.3359036,4.969257605051985,0.36664599494801475
2372,5.3659863,4.975425947128054,0.39056035287194657
2373,5.3947797,4.981465757739227,0.413313942260773
2374,5.422064,4.987320422090306,0.43474357790969353
2375,5.447619,4.992929311007195,0.45468968899280515
2376,5.4691978,4.998169680898848,0.4710281191011516
2377,5.4771466,5.003017011003087,0.47412958899691304
2378,5.484097,5.0074955437288295,0.4766014562711707
2379,5.48274,5.011595017223212,0.47114498277678774
2380,5.481536,5.015322252600904,0.46621374739909616
2381,5.482289,5.018714592293708,0.4635744077062913
2382,5.4582877,5.021949663994179,0.43633803600582066
2383,5.482704,5.024978742388128,0.4577252576118722
2384,5.497228,5.02769163112203,0.4695363688779697
2385,5.49994,5.030174901067068,0.46976509893293183
2386,5.5033526,5.029865328963936,0.47348727103606425
2387,5.5025015,5.026626557622594,0.47587494237740646
2388,5.498052,5.023103735657053,0.474948264342947
2389,5.4881415,5.0195401920498215,0.46860130795017874
2390,5.453283,5.015918267945049,0.4373647320549505
2391,5.4171414,5.012196293779614,0.40494510622038593
2392,5.3752747,5.008308864152872,0.36696583584712794
2393,5.328019,5.004173711766102,0.32384528823389847
2394,5.276937,4.999703527479014,0.2772334725209866
2395,5.2279162,4.994819980214903,0.23309621978509742
2396,5.185595,4.9894671323574045,0.1961278676425957
2397,5.1475363,4.983622048780112,0.16391425121988767
2398,5.118488,4.977301282062405,0.14118671793759496
2399,5.0938272,4.97056280259808,0.12326439740192008
2400,5.067382,4.963503665678082,0.10387833432191851
2401,5.042412,4.956254199910584,0.08615780008941609
2402,5.0340967,4.948969760439237,0.08512693956076323
2403,5.032645,4.947987743621677,0.084657256378323
2404,5.030833,4.953076133467525,0.07775686653247504
2405,5.0303507,4.9581719871395915,0.07217871286040811
2406,5.0304523,4.9630642551905275,0.0673880448094728
2407,5.0312076,4.967006895559309,0.06420070444069115
2408,5.022039,4.969836637820628,0.05220236217937213
2409,5.017639,4.971810589276858,0.04582841072314192
2410,5.014361,4.973451376839132,0.04090962316086788
2411,5.014182,4.975371402364548,0.03881059763545203
2412,5.0193014,4.977943999547395,0.04135740045260494
2413,5.026452,4.981207116044884,0.04524488395511561
2414,5.0362372,4.985044781007232,0.05119241899276883
2415,5.047054,4.989242388185962,0.05781161181403771
2416,5.060183,4.993558187831267,0.06662481216873317
2417,5.0760007,4.997760156402815,0.07824054359718513
2418,5.093387,5.001627066527861,0.09175993347213929
2419,5.109403,5.00523362265971,0.1041693773402903
2420,5.1283,5.009130553069464,0.11916944693053644
2421,5.149012,5.012895411363361,0.13611658863663934
2422,5.198314,5.015818563635298,0.182495436364702
2423,5.0302005,5.017950600949804,0.012249899050196689
2424,5.2721148,5.019387991992463,0.25272680800753644
2425,5.271623,5.0202421828595805,0.2513808171404195
2426,5.2707257,5.02062875770535,0.2500969422946495
2427,5.269469,5.0206861704386805,0.24878282956131947
2428,5.267901,5.020701019242567,0.24719998075743277
2429,5.266069,5.020804236616284,0.24526476338371594
2430,5.2640214,5.0209868435115546,0.2430345564884453
2431,5.261805,5.021381940055642,0.24042305994435775
2432,5.2594676,5.022039831678901,0.23742776832109858
2433,5.2570567,5.023037600320741,0.2340190996792586
2434,5.2546206,5.024396794239899,0.23022380576010093
2435,5.252206,5.026110020534067,0.22609597946593318
2436,5.249861,5.028175952187498,0.2216850478125023
2437,5.247632,5.030550200014568,0.21708179998543198
2438,5.2455683,5.032574550176663,0.21299374982333763
2439,5.2437167,5.033869848767878,0.20984685123212188
2440,5.242125,5.035012812560468,0.20711218743953186
2441,5.240841,5.036272727931487,0.2045682720685127
2442,5.239911,5.037628885322463,0.2022821146775371
2443,5.239384,5.039043115278357,0.20034088472164324
2444,5.1326904,5.04045374538112,0.09223665461888064
2445,5.2626615,5.041832011727724,0.2208294882722761
2446,5.419425,5.04317360979683,0.3762513902031701
2447,5.457729,5.044484608758616,0.4132443912413839
2448,5.469818,5.0457771450471265,0.4240408549528736
2449,5.477917,5.047061733454885,0.4308552665451151
2450,5.485929,5.048330814089625,0.4375981859103746
2451,5.4903326,5.049583922357626,0.44074867764237435
2452,5.4925885,5.050995740643908,0.44159275935609177
2453,5.479243,5.0527968079828485,0.42644619201715184
2454,5.4699044,5.054808130170886,0.41509626982911385
2455,5.453998,5.056817073997119,0.39718092600288113
2456,5.4362454,5.058851777577818,0.3773936224221819
2457,5.416409,5.060914234950745,0.35549476504925437
2458,5.40048,5.062994081209869,0.3374859187901311
2459,5.384022,5.065068439894462,0.31895356010553755
2460,5.3702292,5.069531201112829,0.30069799888717075
2461,5.3572245,5.070886438284217,0.28633806171578335
2462,5.348821,5.0674811247722165,0.2813398752277836
2463,5.339619,5.0637432932594715,0.2758757067405284
2464,5.332731,5.060087328598002,0.2726436714019975
2465,5.3266,5.056502551531147,0.270097448468853
2466,5.3218055,5.052978982212611,0.26882651778738875
2467,5.321551,5.04950741761959,0.2720435823804106
2468,5.325895,5.046079482572493,0.2798155174275072
2469,5.3223243,5.04268767360389,0.2796366263961101
2470,5.3251595,5.039325416850243,0.2858340831497568
2471,5.3290405,5.035987144332663,0.2930533556673369
2472,5.336888,5.032668377471144,0.3042196225288558
2473,5.347401,5.029365807429548,0.3180351925704512
2474,5.35603,5.026077362885903,0.32995263711409706
2475,5.371897,5.022802242121784,0.3490947578782153
2476,5.3854074,5.019540872767253,0.3658665272327468
2477,5.399102,5.016294750145766,0.38280724985423387
2478,5.41408,5.013066151960756,0.401013848039244
2479,5.430782,5.009857799614298,0.4209242003857021
2480,5.4465976,5.006672527878282,0.43992507212171716
2481,5.4603143,5.003513011519118,0.4568012884808823
2482,5.4741974,5.006410039438494,0.4677873605615064
2483,5.4851403,5.011672431484454,0.473467868515546
2484,5.4928675,5.014374749375937,0.4784927506240626
2485,5.4991803,5.016775323862717,0.48240497613728284
2486,5.500239,5.019092023568824,0.48114697643117577
2487,5.4993887,5.0213531409834795,0.4780355590165204
2488,5.4941626,5.023543088623176,0.47061951137682456
2489,5.4885077,5.025631951521172,0.4628757484788286
2490,5.4833975,5.027475960086017,0.4559215399139829
2491,5.4793525,5.029016948868547,0.4503355511314533
2492,5.474177,5.030415162212707,0.44376183778729317
2493,5.469308,5.031754184104278,0.43755381589572195
2494,5.470217,5.033019752995843,0.43719724700415696
2495,5.467588,5.034186822930114,0.4334011770698858
2496,5.4693146,5.035270005341008,0.4340445946589915
2497,5.4728274,5.036260546049232,0.4365668539507679
2498,5.480579,5.037143803682488,0.4434351963175116
2499,5.4801397,5.0386674899927435,0.4414722100072561
2500,5.480221,5.040668613561748,0.439552386438252
2501,5.480383,5.0424030434487115,0.4379799565512883
2502,5.480615,5.043970549805327,0.4366444501946729
2503,5.4809394,5.045382922020699,0.43555647797930064
2504,5.4813685,5.046672597824199,0.43469590217580123
2505,5.481916,5.047809977557145,0.43410602244285545
2506,5.482594,5.048193512238799,0.43440048776120044
2507,5.4834166,5.047693873368059,0.43572272663194056
2508,5.484395,5.046952832778733,0.43744216722126694
2509,5.4855437,5.046150266281792,0.43939343371820794
2510,5.4868746,5.045336692263948,0.44153790773605195
2511,5.4884005,5.044500010878006,0.44390048912199376
2512,5.490135,5.043619258542807,0.4465157414571932
2513,5.4920907,5.042700491887446,0.44939020811255403
2514,5.4942803,5.041685018735541,0.45259528126445847
2515,5.496717,5.0405270133082904,0.45618998669170985
2516,5.499413,5.039217364841832,0.4601956351581675
2517,5.5023823,5.037747409597867,0.4646348904021327
2518,5.5056367,5.036103201727415,0.46953349827258517
2519,5.5091896,5.034284316265618,0.47490528373438234
2520,5.513054,5.0322801795842125,0.48077382041578787
2521,5.5172424,5.030086342237911,0.48715605776208903
2522,5.521768,5.027710833531126,0.494057166468874
2523,5.5266438,5.025178394900859,0.5014654050991414
2524,5.5318823,5.0225387765930805,0.5093435234069199
2525,5.5374966,5.0198350919656045,0.5176615080343954
2526,5.5434995,5.017124311027374,0.5263751889726258
2527,5.549904,5.0144855456063215,0.5354184543936782
2528,5.556723,5.011972111635831,0.5447508883641685
2529,5.563619,5.009634862564511,0.5539841374354895
2530,5.551071,5.007533789453311,0.5435372105466891
2531,5.5245633,5.005711898908646,0.5188514010913536
2532,5.492802,5.0041932334557755,0.4886087665442247
2533,5.462643,5.002994661085582,0.4596483389144179
2534,5.442264,5.002150372554911,0.440113627445089
2535,5.429847,5.00166354433707,0.42818345566292937
2536,5.426618,5.00149733075552,0.42512066924448
2537,5.4323087,5.001637099387833,0.43067160061216736
2538,5.4444513,5.002061984449241,0.4423893155507592
2539,5.4597406,5.002732654246476,0.4570079457535243
2540,5.477903,5.003606135899825,0.47429686410017524
2541,5.501818,5.004641692751009,0.4971763072489912
2542,5.5220904,5.005801432928516,0.5162889670714836
2543,5.546902,5.007050020640448,0.5398519793595522
2544,5.569921,5.0083514628033345,0.5615695371966654
2545,5.5912323,5.009677572745534,0.5815547272544661
2546,5.6063375,5.011010785469199,0.5953267145308017
2547,5.6207547,5.01233413596449,0.6084205640355096
2548,5.632042,5.013626269034725,0.6184157309652756
2549,5.6501594,5.014862973772828,0.6352964262271721
2550,5.6480865,5.016018657924355,0.6320678420756449
2551,5.6527457,5.017118215434605,0.6356274845653944
2552,5.6555657,5.018217991218049,0.6373477087819515
2553,5.6601114,5.019339938569556,0.6407714614304441
2554,5.660665,5.020517596977895,0.6401474030221053
2555,5.661634,5.021789597362453,0.6398444026375474
2556,5.6651416,5.023188072300523,0.641953527699477
2557,5.6623044,5.024732677632033,0.6375717223679667
2558,5.6605988,5.026420843343787,0.6341779566562131
2559,5.655993,5.0282591224406525,0.6277338775593471
2560,5.6540494,5.030248385623684,0.6238010143763155
2561,5.6540003,5.032373036533936,0.6216272634660642
2562,5.6546097,5.034607287967857,0.620002412032143
2563,5.6526194,5.03690482344771,0.61571457655229
2564,5.6534324,5.039202838147456,0.614229561852544
2565,5.647198,5.041458318056162,0.6057396819438381
2566,5.612293,5.043641127444705,0.5686518725552956
2567,5.550785,5.045674408786324,0.5051105912136764
2568,5.4676538,5.047469512597445,0.420184287402555
2569,5.3679285,5.048520409058472,0.31940809094152733
2570,5.256592,5.048737985519509,0.20785401448049168
2571,5.1386404,5.048606370064774,0.09003402993522602
2572,5.019071,5.04823739726982,-0.029166397269819733
2573,4.90288,5.047659746920011,-0.14477974692001094
2574,4.7950644,5.0469134615848406,-0.25184906158484033
2575,4.70062,5.0460295630201015,-0.34540956302010173
2576,4.6245446,5.045028234180267,-0.42048363418026646
2577,4.571834,5.043921268172326,-0.47208726817232627
2578,4.5474834,5.042729216854835,-0.49524581685483504
2579,4.5826964,5.041491364143649,-0.4587949641436495
2580,4.6366577,5.041312018355257,-0.40465431835525756
2581,4.696194,5.042030467442263,-0.34583646744226293
2582,4.7604203,5.0426135637123135,-0.2821932637123137
2583,4.828444,5.043309887805786,-0.21486588780578586
2584,4.8993754,5.044170471559794,-0.14479507155979388
2585,4.9723277,5.045187864137562,-0.07286016413756169
2586,5.046411,5.046375703510667,3.529648933309204e-05
2587,5.120736,5.047105015883419,0.07363098411658076
2588,5.194414,5.047252137866198,0.14716186213380222
2589,5.266557,5.047472292447794,0.21908470755220577
2590,5.3362765,5.047975294472177,0.2883012055278229
2591,5.402683,5.048777599055034,0.35390540094496536
2592,5.464887,5.049847762264834,0.41503923773516593
2593,5.5220003,5.051176675873472,0.47082362412652845
2594,5.5591254,5.052742948181075,0.5063824518189248
2595,5.565603,5.054531140538359,0.5110718594616417
2596,5.5806546,5.05651849063706,0.5241361093629395
2597,5.589341,5.058658823338544,0.5306821766614558
2598,5.597408,5.060942176901042,0.5364658230989576
2599,5.606273,5.06337023307533,0.5429027669246702
2600,5.6133575,5.06588157342665,0.54747592657335
2601,5.622216,5.068441609761195,0.5537743902388046
2602,5.6313334,5.070982040142509,0.5603513598574912
2603,5.64277,5.073443827947489,0.5693261720525102
2604,5.654457,5.075780042174047,0.5786769578259525
2605,5.6620855,5.077946563415899,0.5841389365841012
2606,5.672456,5.079878638903807,0.5925773610961933
2607,5.684432,5.081507310919728,0.6029246890802717
2608,5.6953616,5.082789779909843,0.6125718200901566
2609,5.7033896,5.0837592446941535,0.6196303553058469
2610,5.711997,5.084466921714729,0.6275300782852709
2611,5.7236276,5.0849223112119715,0.6387052887880289
2612,5.730072,5.085153276852375,0.644918723147625
2613,5.737806,5.085125444296503,0.6526805557034967
2614,5.7473807,5.0848504607550495,0.6625302392449504
2615,5.7536173,5.084391767549857,0.6692255324501435
2616,5.7634463,5.083816700061243,0.6796295999387567
2617,5.7682986,5.083247074599474,0.6850515254005254
2618,5.7723837,5.082818383524689,0.6895653164753108
2619,5.7757807,5.082522057063533,0.6932586429364669
2620,5.7778406,5.082280232645644,0.6955603673543562
2621,5.7788367,5.082052261084887,0.6967844389151132
2622,5.7770157,5.081799627738214,0.6952160722617862
2623,5.77303,5.081492595056681,0.6915374049433192
2624,5.7698145,5.0811725104218235,0.6886419895781764
2625,5.764315,5.080887318161253,0.6834276818387472
2626,5.756436,5.080667948552965,0.6757680514470348
2627,5.7486167,5.080542054718002,0.6680746452819983
2628,5.738144,5.080493792313836,0.6576502076861646
2629,5.7264633,5.080425163207192,0.6460381367928081
2630,5.7132154,5.080199450695302,0.6330159493046983
2631,5.7016525,5.079728983562701,0.6219235164372989
2632,5.692215,5.078982654017691,0.6132323459823095
2633,5.681912,5.0789271839917145,0.6029848160082851
2634,5.6721563,5.0793570165043445,0.5927992834956557
2635,5.6633554,5.07929897965957,0.5840564203404304
2636,5.653683,5.079001244020208,0.5746817559797917
2637,5.6438346,5.078467881402858,0.5653667185971418
2638,5.631133,5.07770696908669,0.5534260309133101
2639,5.6204376,5.0767981051955005,0.5436394948044994
2640,5.6107855,5.07578234440066,0.5350031555993402
2641,5.60171,5.074701915962889,0.527008084037111
2642,5.5962777,5.073121888583597,0.5231558114164025
2643,5.589557,5.070972925915863,0.5185840740841368
2644,5.5832205,5.068789624173421,0.5144308758265792
2645,5.5794744,5.0667673291058435,0.5127070708941561
2646,5.5749383,5.0649846851072535,0.5099536148927468
2647,5.569424,5.063449978791395,0.5059740212086048
2648,5.5631423,5.0622021182698305,0.5009401817301695
2649,5.5562673,5.061279167235306,0.49498813276469367
2650,5.548974,5.0607032269328664,0.48827077306713385
2651,5.541436,5.060475866050949,0.48096013394905146
2652,5.5338283,5.060605899448979,0.4732224005510206
2653,5.526323,5.061085461907072,0.46523753809292767
2654,5.519098,5.061896042720917,0.4572019572790822
2655,5.5123253,5.063016279790486,0.4493090202095136
2656,5.5061803,5.0644110548549826,0.44176924514501703
2657,5.5008364,5.0660459133948725,0.4347904866051273
2658,5.4964685,5.0679043480493,0.42856415195069975
2659,5.493251,5.06997815762599,0.42327284237400953
2660,5.4913573,5.072240034438847,0.4191172655611526
2661,5.4989896,5.0746467415347105,0.4243428584652893
2662,5.528719,5.077139725392958,0.4515792746070417
2663,5.554522,5.079667809411364,0.4748541905886361
2664,5.5766773,5.0822083801203926,0.4944689198796075
2665,5.5954614,5.084761111980687,0.5107002880193123
2666,5.611152,5.0873219067021065,0.5238300932978932
2667,5.624027,5.08987173126199,0.5341552687380098
2668,5.6343627,5.092374251853456,0.5419884481465438
2669,5.642438,5.09481015706793,0.5476278429320702
2670,5.6485295,5.097165702231786,0.5513637977682144
2671,5.6529145,5.099462490436354,0.5534520095636459
2672,5.6558704,5.1017054316796715,0.5541649683203289
2673,5.6576753,5.103840025937123,0.5538352740628776
2674,5.6586065,5.105852618259664,0.5527538817403359
2675,5.658941,5.107751617744818,0.5511893822551821
2676,5.660029,5.109553716642331,0.5504752833576685
2677,5.6521564,5.111244093451462,0.5409123065485382
2678,5.633766,5.11282991662935,0.5209360833706498
2679,5.6144824,5.114326930935153,0.5001554690648469
2680,5.5911994,5.115740954642464,0.47545844535753545
2681,5.570344,5.117086826597283,0.45325717340271776
2682,5.556338,5.11836240996645,0.4379755900335498
2683,5.5469546,5.119549910777831,0.42740468922216923
2684,5.5466757,5.120655107807353,0.4260205921926472
2685,5.5486145,5.121697712995606,0.4269167870043944
2686,5.556922,5.122670324136141,0.4342516758638588
2687,5.567543,5.123553126211743,0.44398987378825705
2688,5.5810623,5.1243786458843825,0.4566836541156176
2689,5.5956473,5.125183469422763,0.47046383057723773
2690,5.608998,5.125960120137821,0.48303787986217905
2691,5.6228204,5.126721075415537,0.4960993245844634
2692,5.637656,5.127495405669007,0.5101605943309924
2693,5.6454644,5.128293698638266,0.5171707013617342
2694,5.6547265,5.129108326150887,0.5256181738491126
2695,5.658332,5.129927944521442,0.5284040554785578
2696,5.6614237,5.130718753400328,0.5307049465996725
2697,5.6603894,5.131382004096988,0.5290073959030117
2698,5.659579,5.131780641884752,0.5277983581152483
2699,5.654819,5.131586864752557,0.5232321352474427
2700,5.650963,5.130352411336852,0.520610588663148
2701,5.6458893,5.127922938800716,0.5179663611992842
2702,5.6436224,5.124506014707472,0.519116385292528
2703,5.643047,5.120247851463593,0.5227991485364072
2704,5.6400595,5.115251615315223,0.5248078846847761
2705,5.641108,5.109595727708435,0.5315122722915646
2706,5.6402426,5.103359729156155,0.5368828708438445
2707,5.6438394,5.096633903564249,0.5472054964357511
2708,5.6427765,5.089517561304508,0.5532589386954925
2709,5.6425586,5.082090574732513,0.560468025267487
2710,5.6446075,5.07442529393142,0.5701822060685799
2711,5.6459174,5.066592821984555,0.579324578015445
2712,5.6448526,5.058654806631085,0.5861977933689149
2713,5.6462073,5.050665987282095,0.5955413127179057
2714,5.6484003,5.042686813198066,0.6057134868019336
2715,5.6491327,5.034810634429237,0.6143220655707626
2716,5.6490045,5.027123457676545,0.6218810423234551
2717,5.650567,5.0196526256788845,0.6309143743211152
2718,5.6506543,5.012416295494157,0.6382380045058431
2719,5.6538076,5.005454036784094,0.6483535632159061
2720,5.655254,4.998798569894569,0.6564554301054315
2721,5.6245146,4.9924827940480005,0.6320318059519998
2722,5.5581036,4.98655008265214,0.5715535173478603
2723,5.4625072,4.981014569759937,0.48149263024006306
2724,5.34421,4.975882781496765,0.3683272185032349
2725,5.2096715,4.9711900599563466,0.23848144004365324
2726,5.0654583,4.966940817447268,0.09851748255273218
2727,4.917946,4.9631255652456305,-0.045179565245630826
2728,4.7737055,4.959746199069372,-0.18604069906937148
2729,4.639194,4.956797960006902,-0.3176039600069025
2730,4.520897,4.954259957629436,-0.433362957629436
2731,4.4253006,4.952123534598068,-0.5268229345980684
2732,4.3588896,4.95038268727961,-0.59149308727961
2733,4.3281503,4.949003305434558,-0.620853005434558
2734,4.33233,4.94798573259174,-0.6156557325917404
2735,4.358944,4.947344779585176,-0.588400779585176
2736,4.4054646,4.947107615339024,-0.5416430153390239
2737,4.469087,4.947280725993565,-0.4781937259935649
2738,4.547006,4.947894523805541,-0.4008885238055413
2739,4.636416,4.948963453161226,-0.31254745316122623
2740,4.7345114,4.950505894471066,-0.2159944944710661
2741,4.838489,4.952515469618529,-0.11402646961852891
2742,4.9455423,4.954996171905749,-0.00945387190574909
2743,5.052866,4.957941324676524,0.09492467532347604
2744,5.157654,4.961325823536179,0.19632817646382072
2745,5.257103,4.96512412161095,0.2919788783890498
2746,5.3484077,4.969301374701956,0.3791063252980438
2747,5.4287624,4.973831238709878,0.4549311612901219
2748,5.495361,4.9786850021581275,0.5166759978418725
2749,5.545399,4.983803920311607,0.5615950796883924
2750,5.576072,4.989145152492597,0.586926847507403
2751,5.593314,4.994661945745233,0.5986520542547673
2752,5.5988836,5.000299346044187,0.5985842539558126
2753,5.618915,5.00601249762446,0.6129025023755403
2754,5.637642,5.011761033361983,0.6258809666380163
2755,5.6544876,5.017500859956557,0.6369867400434437
2756,5.671491,5.023200698698053,0.6482903013019463
2757,5.6951838,5.028814134396696,0.6663696656033036
2758,5.7227883,5.0343127714150855,0.6884755285849149
2759,5.732517,5.039673654030486,0.6928433459695134
2760,5.7435737,5.0448843544468716,0.6986893455531282
2761,5.751899,5.049985903087893,0.701913096912107
2762,5.7541513,5.055140291649299,0.6990110083507011
2763,5.7531857,5.060446734124644,0.692738965875356
2764,5.7562943,5.065949221174199,0.6903450788258017
2765,5.7565756,5.071679967429875,0.6848956325701243
2766,5.7569656,5.0774708171191545,0.6794947828808455
2767,5.7581277,5.083080420594078,0.6750472794059226
2768,5.7581763,5.088414542048202,0.6697617579517976
2769,5.7608404,5.093568270649501,0.6672721293504988
2770,5.759191,5.098576922574896,0.6606140774251044
2771,5.7626977,5.10335998512087,0.65933771487913
2772,5.764039,5.107892079077008,0.6561469209229926
2773,5.7681785,5.112186452508608,0.6559920474913925
2774,5.7725153,5.116220515746506,0.6562947842534941
2775,5.774487,5.119973892937896,0.6545131070621037
2776,5.7795944,5.123413343328249,0.656181056671751
2777,5.7828956,5.126551799263906,0.656343800736094
2778,5.782949,5.129485086910119,0.6534639130898814
2779,5.785731,5.132190180485167,0.6535408195148333
2780,5.788694,5.13452641083327,0.6541675891667298
2781,5.787395,5.136351594862649,0.6510434051373508
2782,5.7855124,5.13763292976955,0.6478794702304498
2783,5.78518,5.138421619916712,0.6467583800832886
2784,5.783467,5.138820373515041,0.6446466264849589
2785,5.7852836,5.13890895470681,0.6463746452931893
2786,5.781629,5.138742333344247,0.6428866666557527
2787,5.7823443,5.138412359799154,0.6439319402008463
2788,5.7784457,5.1380243133575245,0.6404213866424753
2789,5.7764673,5.137635295541541,0.6388320044584592
2790,5.776873,5.137749880068103,0.639123119931897
2791,5.7747574,5.138697181209223,0.6360602187907771
2792,5.773513,5.1399898724931585,0.6335231275068418
2793,5.7723594,5.14127102906382,0.6310883709361796
2794,5.772075,5.142657226215404,0.6294177737845956
2795,5.775067,5.144001114027128,0.6310658859728724
2796,5.77566,5.144612552644189,0.6310474473558116
2797,5.774788,5.144470031930927,0.6303179680690727
2798,5.768025,5.144240851194599,0.6237841488054006
2799,5.7849174,5.144094976974899,0.6408224230251012
2800,5.793505,5.1440161578035815,0.6494888421964182
2801,5.7976413,5.143990364859147,0.6536509351408535
2802,5.8015933,5.144011176016355,0.6575821239836452
2803,5.811956,5.144065393858689,0.6678906061413112
2804,5.822332,5.144144200046561,0.6781877999534389
2805,5.829629,5.144232263299499,0.6853967367005005
2806,5.838145,5.144319536008306,0.6938254639916943
2807,5.8496637,5.144399213177902,0.7052644868220979
2808,5.8589683,5.144462339865902,0.7145059601340975
2809,5.865642,5.144492801994566,0.7211491980054339
2810,5.8729606,5.144492129798668,0.7284684702013315
2811,5.879616,5.144462259487453,0.7351537405125477
2812,5.8863297,5.1443923593086645,0.7419373406913357
2813,5.891825,5.144290885157946,0.747534114842054
2814,5.899643,5.1441687091359,0.7554742908641003
2815,5.905805,5.144026465575091,0.7617785344249093
2816,5.9097214,5.143868417090143,0.7658529829098564
2817,5.91544,5.143692229411806,0.7717477705881945
2818,5.920884,5.143498523685027,0.777385476314973
2819,5.925114,5.143308937716281,0.7818050622837189
2820,5.929475,5.143129667899211,0.7863453321007894
2821,5.931088,5.142950674768842,0.7881373252311583
2822,5.93402,5.14276858917329,0.7912514108267104
2823,5.93908,5.142585616924758,0.7964943830752418
2824,5.9401145,5.142404017539782,0.7977104824602179
2825,5.935891,5.142227082132537,0.7936639178674625
2826,5.934058,5.142053160420902,0.7920048395790982
2827,5.9285607,5.141880873932955,0.7866798260670453
2828,5.9219384,5.14171178575866,0.7802266142413403
2829,5.916491,5.141555648412357,0.7749353515876427
2830,5.912638,5.141421147207843,0.7712168527921577
2831,5.9046783,5.141304299213676,0.7633740007863237
2832,5.890164,5.141207463657108,0.7489565363428925
2833,5.8830075,5.141139361277887,0.7418681387221131
2834,5.8792267,5.141102846779663,0.7381238532203369
2835,5.8727026,5.14120125524442,0.7315013447555803
2836,5.8694687,5.141416866372054,0.728051833627946
2837,5.8678665,5.141639156172524,0.7262273438274756
2838,5.866539,5.141897080312049,0.7246419196879517
2839,5.8664517,5.142188341190557,0.7242633588094431
2840,5.865085,5.1425290400761,0.7225559599238993
2841,5.8639975,5.1429126120219655,0.7210848879780345
2842,5.861362,5.14333637816834,0.7180256218316599
2843,5.8605905,5.143805603174423,0.716784896825577
2844,5.8603406,5.144303729000998,0.7160368709990017
2845,5.858589,5.144811741898645,0.7137772581013548
2846,5.858659,5.145267376920034,0.713391623079966
2847,5.85854,5.145597208766856,0.7129427912331439
2848,5.8567834,5.14578895174307,0.7109944482569306
2849,5.8562875,5.145835811080274,0.7104516889197257
2850,5.855411,5.145695145021779,0.7097158549782208
2851,5.852874,5.145322311768071,0.7075516882319288
2852,5.850408,5.144669939246143,0.7057380607538573
2853,5.8496943,5.143705158792694,0.705989141207306
2854,5.8503494,5.142401597929087,0.7079478020709127
2855,5.8505654,5.140740663445298,0.7098247365547019
2856,5.8481317,5.138722147324135,0.709409552675865
2857,5.8451223,5.136356632318893,0.7087656676811065
2858,5.841544,5.133667537824284,0.7078764621757161
2859,5.839364,5.130699774124366,0.7086642258756335
2860,5.838001,5.127510706396368,0.7104902936036321
2861,5.835265,5.124095151324675,0.7111698486753246
2862,5.833847,5.120505914529717,0.7133410854702822
2863,5.833329,5.116904294864976,0.7164247051350241
2864,5.830887,5.1133982730933605,0.7174887269066392
2865,5.8273163,5.110048399378516,0.7172679006214837
2866,5.8239856,5.10691672353371,0.71706887646629
2867,5.820366,5.104054824778044,0.7163111752219562
2868,5.815049,5.101494007835852,0.7135549921641484
2869,5.810669,5.099240827165493,0.7114281728345064
2870,5.807117,5.097466246338227,0.7096507536617729
2871,5.803543,5.096136818374902,0.7074061816250987
2872,5.8036103,5.095050544000067,0.708559755999933
2873,5.8027883,5.0941935127615885,0.7085947872384111
2874,5.800833,5.093532780975624,0.7073002190243756
2875,5.797875,5.093022706674191,0.7048522933258097
2876,5.794042,5.092607710564566,0.7014342894354337
2877,5.789465,5.092225941008687,0.6972390589913129
2878,5.7842727,5.091842602790859,0.6924300972091411
2879,5.7785935,5.091446508502937,0.6871469914970634
2880,5.772559,5.09103232662606,0.6815266733739405
2881,5.7662983,5.090599299828616,0.6756990001713836
2882,5.75994,5.090141632256718,0.6697983677432822
2883,5.753615,5.089672341909939,0.6639426580900611
2884,5.747451,5.0892049043156184,0.6582460956843814
2885,5.7415786,5.088763748284592,0.6528148517154087
2886,5.7361274,5.088380926942083,0.647746473057917
2887,5.731225,5.088077520590591,0.643147479409409
2888,5.727004,5.08789483380825,0.6391091661917496
2889,5.7235923,5.087804800660917,0.6357874993390826
2890,5.7211194,5.087823917178974,0.6332954828210262
2891,5.7197146,5.088060580961779,0.6316540190382209
2892,5.7250557,5.088567495059362,0.6364882049406386
2893,5.7410717,5.089353848439385,0.6517178515606146
2894,5.75586,5.090418435436493,0.6654415645635074
2895,5.769468,5.09174327279699,0.6777247272030102
2896,5.7819443,5.093293597869486,0.6886507021305137
2897,5.7933364,5.095020553748961,0.698315846251039
2898,5.803693,5.096873239524324,0.7068197604756756
2899,5.813062,5.098800221922462,0.714261778077538
2900,5.8214917,5.10074699383149,0.7207447061685102
2901,5.82903,5.102656119990678,0.726373880009322
2902,5.8357244,5.104491062975772,0.7312333370242285
2903,5.841624,5.106224643717441,0.7353993562825591
2904,5.8467765,5.107823442266548,0.7389530577334522
2905,5.8512297,5.109271168902175,0.7419585310978256
2906,5.855032,5.110555948732437,0.7444760512675623
2907,5.8582315,5.111686203906821,0.7465452960931787
2908,5.860876,5.112668962946037,0.7482070370539633
2909,5.8630137,5.113506151875678,0.7495075481243214
2910,5.864693,5.114199990191226,0.7504930098087739
2911,5.865962,5.114778718005677,0.7511832819943223
2912,5.8668685,5.115310431873998,0.7515580681260019
2913,5.8674607,5.1158850932302435,0.7515756067697561
2914,5.8677864,5.11652984083226,0.7512565591677403
2915,5.8670783,5.117010999990477,0.7500673000095235
2916,5.862565,5.117110548682664,0.745454451317336
2917,5.8546686,5.116847836021602,0.737820763978398
2918,5.8472223,5.11634388997873,0.73087841002127
2919,5.8378515,5.1155143520952775,0.7223371479047227
2920,5.831071,5.114277226743459,0.7167937732565406
2921,5.82781,5.112508949986717,0.7153010500132835
2922,5.826524,5.110076619783583,0.7164473802164171
2923,5.8271494,5.106896050740837,0.7202533492591625
2924,5.832684,5.102778056367499,0.7299059436325015
2925,5.837989,5.097604856889757,0.7403841431102434
2926,5.820164,5.091540958453647,0.7286230415463528
2927,5.837592,5.084768379596107,0.752823620403893
2928,5.846961,5.077410075526425,0.7695509244735756
2929,5.8527145,5.069545309765217,0.7831691902347835
2930,5.8596354,5.061248767105936,0.7983866328940641
2931,5.858709,5.0526606328506904,0.8060483671493097
2932,5.862988,5.043937442189385,0.8190505578106144
2933,5.8628287,5.035200198069497,0.8276285019305023
2934,5.8641815,5.026581840598208,0.8375996594017918
2935,5.8659353,5.018269666053826,0.8476656339461739
2936,5.8660407,5.010521819723299,0.8555188802767013
2937,5.863978,5.003335523576119,0.8606424764238811
2938,5.862488,4.996649348896401,0.8658386511035987
2939,5.861953,4.990448472845692,0.8715045271543076
2940,5.8645163,4.984548983654019,0.8799673163459811
2941,5.8632684,4.97892233347696,0.8843460665230403
2942,5.865958,4.973604196538907,0.8923538034610932
2943,5.857,4.968495296812481,0.8885047031875191
2944,5.845787,4.963535384973585,0.8822516150264148
2945,5.8368683,4.9588083471746875,0.8780599528253124
2946,5.8273535,4.954495757543887,0.8728577424561133
2947,5.8164916,4.95054198816449,0.8659496118355099
2948,5.7924256,4.946689575347617,0.8457360246523828
2949,5.7522073,4.942844868998067,0.809362431001933
2950,5.698804,4.939076051624639,0.7597279483753612
2951,5.6352177,4.935537596981676,0.6996801030183244
2952,5.5644174,4.932394711135372,0.6320226888646276
2953,5.4893837,4.9297090770117835,0.5596746229882168
2954,5.4130955,4.927551770578154,0.4855437294218454
2955,5.338533,4.9260069517331635,0.4125260482668365
2956,5.2686877,4.9251149251979545,0.3435727748020456
2957,5.2065125,4.924867279823401,0.2816452201765989
2958,5.155,4.92524907950861,0.2297509204913899
2959,5.1171246,4.92624492379425,0.19087967620575075
2960,5.095881,4.92782415092964,0.16805684907036067
2961,5.095271,4.929958775207146,0.16531222479285468
2962,5.1075435,4.9326239217800705,0.17491957821992976
2963,5.1266747,4.935783701422033,0.19089099857796654
2964,5.151954,4.940212823390859,0.2117411766091406
2965,5.182672,4.945760704819521,0.23691129518047926
2966,5.218117,4.9515372490729375,0.2665797509270629
2967,5.2575808,4.957590159887268,0.2999906401127328
2968,5.300352,4.963896658238135,0.336455341761865
2969,5.345721,4.97040480238426,0.3753161976157404
2970,5.392977,4.977079199199663,0.41589780080033734
2971,5.4414096,4.98386683520205,0.4575427647979504
2972,5.4903097,4.990761743554147,0.4995479564458529
2973,5.5389657,4.997889535783608,0.5410761642163919
2974,5.586668,5.005152420695516,0.5815155793044848
2975,5.632706,5.012361863639009,0.6203441363609912
2976,5.6763706,5.019492422943989,0.6568781770560115
2977,5.716951,5.02651159204835,0.6904394079516498
2978,5.7537365,5.033421581269818,0.7203149187301818
2979,5.772584,5.040194256288295,0.7323897437117051
2980,5.7794824,5.04618449608367,0.7332979039163297
2981,5.7843924,5.051113538779591,0.7332788612204091
2982,5.7906985,5.055523110738954,0.7351753892610464
2983,5.7939987,5.059696712595224,0.734301987404776
2984,5.797094,5.063718697507129,0.7333753024928713
2985,5.8053055,5.067586190645142,0.7377193093548584
2986,5.812633,5.07129512789166,0.7413378721083399
2987,5.819288,5.074850296084825,0.7444377039151755
2988,5.830663,5.07829298652448,0.7523700134755202
2989,5.839019,5.081789566493985,0.7572294335060157
2990,5.8489423,5.085536382335518,0.7634059176644818
2991,5.854708,5.089627157687484,0.7650808423125159
2992,5.861172,5.093903224775051,0.7672687752249487
2993,5.86791,5.098100936959536,0.7698090630404639
2994,5.869583,5.102064961587356,0.7675180384126445
2995,5.8722663,5.105865835762954,0.7664004642370461
2996,5.877282,5.109469936590559,0.7678120634094414
2997,5.883569,5.112673675043035,0.7708953249569648
2998,5.8872933,5.115332716985932,0.7719605830140672
2999,5.890785,5.1174064440943585,0.7733785559056416
3000,5.8931723,5.118919151535909,0.7742531484640907
3001,5.897305,5.119888282817007,0.7774167171829935
3002,5.8994894,5.120291096041174,0.7791983039588262
3003,5.9016156,5.120095150844683,0.7815204491553178
3004,5.9036875,5.119258655552969,0.7844288444470315
3005,5.9052377,5.11775872122874,0.7874789787712597
3006,5.90433,5.115690242679508,0.7886397573204915
3007,5.9038367,5.113174241467724,0.7906624585322763
3008,5.8996344,5.110176930973736,0.7894574690262637
3009,5.897639,5.1065342347898035,0.7911047652101963
3010,5.8950872,5.102082318009554,0.7930048819904458
3011,5.890759,5.0967738402848735,0.7939851597151266
3012,5.888734,5.090595043017684,0.7981389569823163
3013,5.883802,5.083550045767113,0.8002519542328876
3014,5.879715,5.075612145250274,0.8041028547497264
3015,5.8754086,5.066779937316945,0.8086286626830548
3016,5.872368,5.057067831076337,0.8153001689236632
3017,5.8688607,5.04651466160045,0.8223460383995498
3018,5.864127,5.035177979192616,0.828949020807384
3019,5.857798,5.023140109364658,0.8346578906353415
3020,5.84503,5.010449047963128,0.8345809520368723
3021,5.8053403,4.997218190737289,0.8081221092627109
3022,5.746558,4.983588123287213,0.7629698767127877
3023,5.6720347,4.969495832045347,0.7025388679546536
3024,5.58512,4.955093506807689,0.630026493192311
3025,5.4891467,4.940828770706546,0.5483179292934537
3026,5.387502,4.9269819695137205,0.4605200304862791
3027,5.28352,4.913744279101137,0.369775720898863
3028,5.1805515,4.901299119179458,0.2792523808205418
3029,5.081947,4.889787437824236,0.1921595621757648
3030,4.9910574,4.8792862201710525,0.11177117982894735
3031,4.9112334,4.869826182729902,0.04140721727009833
3032,4.845826,4.8613831396924825,-0.015557139692482735
3033,4.7981863,4.853890410497273,-0.055704110497273085
3034,4.7716646,4.8472267488532665,-0.07556214885326629
3035,4.769767,4.841259249279645,-0.07149224927964504
3036,4.7781444,4.83586383709971,-0.057719437099709836
3037,4.790548,4.830909691799891,-0.04036169179989102
3038,4.8077574,4.826279259177121,-0.018521859177121236
3039,4.830554,4.8218828045461235,0.008671195453876734
3040,4.859718,4.817647807590817,0.04207019240918264
3041,4.896031,4.813518112698947,0.08251288730105255
3042,4.9402704,4.809451009277083,0.13081939072291693
3043,4.9932218,4.805412935082325,0.1878088649176748
3044,5.055663,4.801391328732426,0.2542716712675741
3045,5.128376,4.797355176198932,0.3310208238010679
3046,5.2158766,4.793281047031122,0.4225955529688781
3047,5.368152,4.789159210702118,0.5789927892978826
3048,5.546499,4.7849700966906,0.7615289033093999
3049,5.700681,4.780710540088644,0.9199704599113563
3050,5.7523117,4.77638743164174,0.9759242683582601
3051,5.7808175,4.772035945402134,1.0087815545978662
3052,5.813118,4.767705634689279,1.045412365310721
3053,5.8351755,4.763453912558561,1.0717215874414387
3054,5.8513837,4.759357692011362,1.0920260079886388
3055,5.852464,4.755505315987434,1.0969586840125665
3056,5.843543,4.7519933011742195,1.091549698825781
3057,5.8282523,4.748929505471438,1.0793227945285615
3058,5.8078194,4.746449035061449,1.0613703649385506
3059,5.7834654,4.744688732508775,1.0387766674912244
3060,5.756412,4.743788816632042,1.0126231833679578
3061,5.7278814,4.743904106382286,0.9839772936177145
3062,5.699096,4.745125390522671,0.953970609477329
3063,5.671279,4.7474798362548665,0.9237991637451337
3064,5.645652,4.751003746235975,0.894648253764025
3065,5.623437,4.75569879971914,0.8677382002808605
3066,5.605857,4.761513341764078,0.8443436582359221
3067,5.594134,4.768395126402362,0.8257388735976381
3068,5.58949,4.776293914945673,0.8131960850543267
3069,5.6206293,4.785085230272985,0.8355440697270149
3070,5.650881,4.794617659876019,0.8562633401239808
3071,5.677406,4.80475431584652,0.8726516841534808
3072,5.700398,4.815356604880024,0.885041395119976
3073,5.7200494,4.826168199429509,0.8938812005704904
3074,5.7365537,4.836682983026998,0.8998707169730018
3075,5.750103,4.846575798779498,0.903527201220502
3076,5.7608895,4.855741152066557,0.9051483479334435
3077,5.7691073,4.864380218706055,0.9047270812939452
3078,5.7749486,4.872909665728429,0.9020389342715713
3079,5.778606,4.882083982729624,0.8965220172703763
3080,5.7802725,4.892831784454934,0.8874407155450657
3081,5.791641,4.905323106615776,0.8863178933842244
3082,5.813787,4.918531809191033,0.8952551908089665
3083,5.8276315,4.9310941912921304,0.8965373087078694
3084,5.8476257,4.942421105739514,0.9052045942604856
3085,5.857242,4.953850391557552,0.9033916084424485
3086,5.8631186,4.963490237533656,0.8996283624663439
3087,5.86558,4.969774501891803,0.8958054981081967
3088,5.868199,4.97511548781658,0.89308351218342
3089,5.8682218,4.980174636473878,0.8880471635261218
3090,5.867934,4.985013864206904,0.8829201357930963
3091,5.8671384,4.989634321325923,0.8775040786740771
3092,5.866862,4.994039350371502,0.8728226496284979
3093,5.865422,4.998256946373072,0.8671650536269278
3094,5.8642764,5.00237562999274,0.8619007700072592
3095,5.864246,5.00649012249034,0.8577558775096596
3096,5.8653717,5.01071407683943,0.8546576231605698
3097,5.86197,5.015235133121886,0.8467348668781147
3098,5.8637424,5.020327097285899,0.8434153027141003
3099,5.8668756,5.026385660026531,0.8404899399734695
3100,5.873186,5.033622487837193,0.8395635121628064
3101,5.878907,5.041984720299584,0.8369222797004161
3102,5.884139,5.051250752518581,0.832888247481419
3103,5.8889112,5.061055006799284,0.8278561932007156
3104,5.893254,5.070942872467111,0.8223111275328892
3105,5.8971972,5.080443924808329,0.8167532751916706
3106,5.9007716,5.089445142847114,0.8113264571528855
3107,5.904007,5.098235124645058,0.8057718753549423
3108,5.906933,5.106868265778601,0.8000647342213991
3109,5.9095798,5.114900500723212,0.7946792992767886
3110,5.9119773,5.1220088537714,0.7899684462285999
3111,5.9141564,5.127984588949566,0.7861718110504343
3112,5.916147,5.132648433443961,0.7834985665560383
3113,5.9179783,5.135890474584688,0.7820878254153119
3114,5.9196815,5.137655078105551,0.7820264218944493
3115,5.9212856,5.137999133051454,0.783286466948546
3116,5.9228215,5.137185347159836,0.7856361528401647
3117,5.924319,5.1355568544625205,0.7887621455374791
3118,5.925808,5.133382862576982,0.7924251374230176
3119,5.9273186,5.130821034854139,0.7964975651458612
3120,5.928881,5.127961436503929,0.8009195634960706
3121,5.9305253,5.124785625135746,0.8057396748642542
3122,5.9322815,5.121301217732406,0.810980282267594
3123,5.93418,5.117605705548826,0.8165742944511738
3124,5.9362497,5.1137666297929965,0.8224830702070038
3125,5.9385223,5.109819438648224,0.8287028613517755
3126,5.9410267,5.105788084039151,0.8352386159608489
3127,5.943794,5.101722803121707,0.842071196878293
3128,5.946853,5.097672635149466,0.8491803648505343
3129,5.950235,5.093707426247284,0.8565275737527163
3130,5.953969,5.089888390076757,0.864080609923243
3131,5.9580855,5.086269921301226,0.871815578698774
3132,5.962615,5.082903802322258,0.8797111976777421
3133,5.9675875,5.0798261539744605,0.8877613460255391
3134,5.9730325,5.077069000822066,0.8959634991779346
3135,5.97898,5.074647553509721,0.9043324464902787
3136,5.9854608,5.072569124897044,0.9128916751029559
3137,5.9925046,5.070840103376023,0.9216644966239773
3138,6.004137,5.069452912855609,0.9346840871443911
3139,6.000485,5.068387371966855,0.9320976280331452
3140,5.9916296,5.067616324682847,0.9240132753171535
3141,5.9786115,5.067107447119214,0.9115040528807867
3142,5.9664383,5.066816131859841,0.8996221681401595
3143,5.947571,5.066681164858805,0.8808898351411951
3144,5.929876,5.066642729051299,0.863233270948701
3145,5.909211,5.066629591668763,0.8425814083312373
3146,5.889167,5.066554059030812,0.8226129409691874
3147,5.8684363,5.066324127257217,0.8021121727427829
3148,5.8466883,5.065844406224927,0.7808438937750735
3149,5.822063,5.0650193517572575,0.7570436482427425
3150,5.7991986,5.063753891365151,0.7354447086348497
3151,5.7854166,5.061961921546988,0.7234546784530114
3152,5.7776327,5.059573479247497,0.7180592207525027
3153,5.771528,5.0565404210957015,0.7149875789042985
3154,5.7691617,5.052841242699021,0.7163204573009789
3155,5.765023,5.048478930933686,0.7165440690663143
3156,5.760948,5.04349323370152,0.7174547662984798
3157,5.7542605,5.037953870853751,0.7163066291462492
3158,5.749721,5.031948142501536,0.7177728574984643
3159,5.745819,5.025573662836794,0.720245337163206
3160,5.7428937,5.018943199018819,0.7239505009811804
3161,5.7397394,5.012173277890599,0.7275661221094012
3162,5.7368655,5.005370849586231,0.7314946504137696
3163,5.737237,4.99863627302863,0.7386007269713701
3164,5.741298,4.99205493833186,0.7492430616681398
3165,5.7431116,4.985701830376267,0.7574097696237327
3166,5.7495236,4.97963644058993,0.7698871594100698
3167,5.7534714,4.973904978202588,0.7795664217974112
3168,5.7600207,4.968540944879015,0.7914797551209851
3169,5.7661123,4.96356399074315,0.8025483092568493
3170,5.769407,4.958980029349185,0.8104269706508154
3171,5.777988,4.954776225697637,0.8232117743023624
3172,5.779597,4.950945104841352,0.8286518951586475
3173,5.7786603,4.947485008033589,0.831175291966411
3174,5.7770524,4.944382002592742,0.8326703974072576
3175,5.7748995,4.941610268648128,0.8332892313518725
3176,5.7723274,4.939179277083816,0.8331481229161843
3177,5.7694616,4.937588101717063,0.8318734982829366
3178,5.7664285,4.936648864943031,0.8297796350569691
3179,5.763353,4.9357699914174535,0.8275830085825469
3180,5.7603617,4.935009568978606,0.8253521310213934
3181,5.75758,4.934303469550223,0.8232765304497773
3182,5.7551336,4.933618059005028,0.8215155409949721
3183,5.7531486,4.932941355324744,0.820207244675256
3184,5.7517505,4.932249767341281,0.8195007326587191
3185,5.7510657,4.931527874808552,0.819537825191448
3186,5.751404,4.9307874205074365,0.8206165794925635
3187,5.7518735,4.929373400260175,0.8225000997398251
3188,5.7522283,4.927130414968536,0.8250978850314636
3189,5.75249,4.924732165551816,0.8277578344481835
3190,5.752679,4.922367867068857,0.8303111329311426
3191,5.752816,4.920039611662196,0.8327763883378045
3192,5.7529216,4.91775101939429,0.8351705806057099
3193,5.7530165,4.91551306115268,0.8375034388473201
3194,5.753121,4.913340818592828,0.8397801814071721
3195,5.753257,4.911238495126097,0.8420185048739031
3196,5.7534432,4.9092250049120105,0.8442181950879899
3197,5.7537026,4.907292653796932,0.8464099462030674
3198,5.754054,4.905422593384781,0.848631406615219
3199,5.754519,4.90363509661194,0.85088390338806
3200,5.7551184,4.901933508809784,0.8531848911902156
3201,5.7558722,4.900337245316795,0.855534954683205
3202,5.756802,4.898815225771905,0.8579867742280953
3203,5.757928,4.897302778299294,0.8606252217007055
3204,5.75927,4.895855539245563,0.863414460754437
3205,5.767093,4.894405354572331,0.8726876454276686
3206,5.7667794,4.892835060409771,0.8739443395902287
3207,5.756099,4.89113141886042,0.86496758113958
3208,5.734893,4.889215457180772,0.8456775428192271
3209,5.712917,4.887043454413769,0.8258735455862309
3210,5.6789813,4.884608389477002,0.7943729105229984
3211,5.6491013,4.882018942233082,0.7670823577669177
3212,5.6160975,4.8793968816032365,0.7367006183967639
3213,5.583822,4.876612978340653,0.707209021659347
3214,5.5489535,4.8737125186046315,0.6752409813953681
3215,5.5141153,4.870633114330039,0.6434821856699608
3216,5.47524,4.867203376819135,0.6080366231808654
3217,5.4288516,4.863408673406919,0.5654429265930805
3218,5.3849115,4.858969925296252,0.5259415747037481
3219,5.3419256,4.853345977961169,0.48857962203883076
3220,5.30268,4.846037291576345,0.4566427084236544
3221,5.266277,4.8370650034124845,0.4292119965875152
3222,5.2327676,4.826872075070979,0.40589552492902126
3223,5.197715,4.815873593957863,0.38184140604213646
3224,5.1568003,4.804471272977311,0.3523290270226882
3225,5.1141205,4.7930267918032765,0.3210937081967238
3226,5.069991,4.781706466875698,0.288284533124302
3227,5.0275683,4.770639599243725,0.2569287007562755
3228,4.988616,4.759991405572798,0.2286245944272025
3229,4.954118,4.749940055573212,0.20417794442678794
3230,4.9266205,4.740446766552448,0.18617373344755261
3231,4.899876,4.731354428754225,0.16852157124577527
3232,4.877827,4.722576580841731,0.15525041915826865
3233,4.8556495,4.714106870287018,0.14154262971298248
3234,4.835727,4.70594187053469,0.1297851294653105
3235,4.8151636,4.698050393374086,0.1171132066259144
3236,4.7961764,4.690582799927614,0.10559360007238627
3237,4.7763724,4.68364846536004,0.09272393463995954
3238,4.7509546,4.677198211523933,0.0737563884760668
3239,4.729259,4.671147365627638,0.058111634372362
3240,4.707293,4.665441400139507,0.04185159986049314
3241,4.689138,4.660142908639135,0.028995091360864755
3242,4.671024,4.65542165270551,0.015602347294490393
3243,4.652733,4.651420938057584,0.001312061942415177
3244,4.633427,4.648220021550803,-0.014793021550802976
3245,4.6165,4.645854727105804,-0.02935472710580367
3246,4.6049247,4.644059748422978,-0.039135048422978436
3247,4.595921,4.642315413866545,-0.04639441386654486
3248,4.600671,4.640886368366507,-0.040215368366506965
3249,4.4802322,4.640434005203761,-0.16020180520376126
3250,4.703708,4.641007509768002,0.06270049023199764
3251,4.774419,4.642541074086141,0.13187792591385872
3252,4.8401904,4.645037774583267,0.19515262541673284
3253,4.901202,4.648401368771322,0.2528006312286779
3254,4.9576316,4.652570501227872,0.3050610987721276
3255,5.009659,4.657516857245389,0.3521421427546114
3256,5.057462,4.663111088461792,0.3943509115382078
3257,5.1012197,4.669225733858087,0.43199396614191254
3258,5.1411104,4.675630779535003,0.4654796204649969
3259,5.1773133,4.682214410398758,0.49509888960124204
3260,5.2100067,4.688991701000534,0.5210149989994663
3261,5.2393694,4.695866814014267,0.543502585985733
3262,5.26558,4.702751933267993,0.5628280667320071
3263,5.2888174,4.7095413576402505,0.5792760423597496
3264,5.3092604,4.716121722190461,0.5931386778095389
3265,5.327087,4.722416412705118,0.6046705872948817
3266,5.3424764,4.7284238403430905,0.6140525596569093
3267,5.3556075,4.734153295546597,0.6214542044534026
3268,5.366658,4.739564025851518,0.6270939741484822
3269,5.375808,4.744572378562278,0.6312356214377219
3270,5.383235,4.749139300513307,0.6340956994866929
3271,5.389118,4.753264844681432,0.6358531553185678
3272,5.393636,4.756959026538277,0.6366769734617233
3273,5.396968,4.760233976147774,0.6367340238522265
3274,5.399292,4.763862300006948,0.6354296999930522
3275,5.4007864,4.76785653389751,0.63292986610249
3276,5.4016304,4.771447109342307,0.6301832906576932
3277,5.402003,4.7747060985521514,0.6272969014478482
3278,5.399111,4.777671763824174,0.6214392361758261
3279,5.3638,4.78038000178503,0.5834199982149704
3280,5.3144326,4.7828727130425515,0.5315598869574485
3281,5.260386,4.785120657922008,0.475265342077992
3282,5.2100186,4.78716446039118,0.4228541396088197
3283,5.1654305,4.7890040951981225,0.3764264048018777
3284,5.124138,4.790626202549882,0.33351179745011805
3285,5.0886865,4.79206888576734,0.29661761423265975
3286,5.0569906,4.7937040946451495,0.2632865053548503
3287,5.022824,4.790169827716147,0.2326541722838531
3288,4.997819,4.781421858620629,0.21639714137937105
3289,4.974506,4.7723336430187455,0.20217235698125435
3290,4.9586267,4.763318717910395,0.19530798208960487
3291,4.940305,4.754314734070931,0.1859902659290693
3292,4.9302435,4.745239793125865,0.18500370687413437
3293,4.9197974,4.735999727936201,0.1837976720637995
3294,4.908795,4.726495546219857,0.18229945378014278
3295,4.8984156,4.721467138589644,0.17694846141035558
3296,4.88683,4.720819634760591,0.16601036523940849
3297,4.873813,4.71984731511106,0.15396568488894058
3298,4.8606315,4.71834864309835,0.14228285690164988
3299,4.8460803,4.715854912149151,0.13022538785084858
3300,4.8221383,4.712207057232107,0.10993124276789246
3301,4.80353,4.707373267401516,0.09615673259848467
3302,4.7874756,4.70134574997862,0.08612985002137918
3303,4.774264,4.694269909108153,0.07999409089184706
3304,4.7634726,4.6864146428508215,0.07705795714917851
3305,4.756134,4.6781178210174,0.07801617898260016
3306,4.7536807,4.669602552857075,0.08407814714292527
3307,4.7530475,4.661017710093133,0.09202978990686717
3308,4.756798,4.652534906076328,0.10426309392367195
3309,4.759792,4.644299617763913,0.11549238223608693
3310,4.762708,4.63651312396826,0.1261948760317395
3311,4.767178,4.629353480107499,0.13782451989250166
3312,4.772678,4.6229676936062765,0.1497103063937235
3313,4.7801013,4.617497725784193,0.16260357421580718
3314,4.7902474,4.6130166728637425,0.17723072713625765
3315,4.8043494,4.60958899802197,0.19476040197803002
3316,4.822091,4.607225513358153,0.21486548664184735
3317,4.84267,4.605900419906907,0.23676958009309335
3318,4.8675165,4.605606078444562,0.261910421555438
3319,4.8940287,4.606272567991208,0.28775613200879135
3320,4.942313,4.607841656824451,0.33447134317554905
3321,4.7724566,4.610249971209748,0.16220662879025216
3322,4.812181,4.613367140362414,0.19881385963758547
3323,4.697922,4.617109719597507,0.08081228040249311
3324,4.659154,4.621388509714178,0.03776549028582199
3325,4.6256485,4.6259223530115,-0.00027385301150051333
3326,4.5971823,4.630598301902843,-0.03341600190284311
3327,4.573531,4.635539767472044,-0.06200876747204376
3328,4.554473,4.640752910013354,-0.08627991001335467
3329,4.5397835,4.646204556594303,-0.10642105659430268
3330,4.529239,4.651874304364444,-0.12263530436444459
3331,4.5226173,4.657728691437754,-0.13511139143775353
3332,4.5196934,4.663739098139093,-0.14404569813909252
3333,4.520739,4.669912722002018,-0.1491737220020184
3334,4.5277095,4.676239523456387,-0.1485300234563871
3335,4.539383,4.682691770486346,-0.14330877048634605
3336,4.555802,4.689262472997265,-0.13346047299726482
3337,4.5766892,4.695924348307664,-0.11923514830766457
3338,4.601768,4.702419860542006,-0.1006518605420057
3339,4.6307616,4.708685416007734,-0.07792381600773446
3340,4.6633935,4.714917525158887,-0.0515240251588871
3341,4.6993866,4.72112493815941,-0.021738338159409842
3342,4.738464,4.727265715937624,0.011198284062375663
3343,4.7803493,4.733288743459894,0.047060556540106546
3344,4.824765,4.739155147762143,0.085609852237857
3345,4.871435,4.744829296642919,0.12660570335708066
3346,4.9200826,4.750264660907129,0.16981793909287113
3347,4.9704304,4.755435123464177,0.21499527653582273
3348,5.0222015,4.760323868997195,0.2618776310028057
3349,5.0751195,4.7649184018077095,0.31020109819229
3350,5.1289077,4.769185200257355,0.35972249974264514
3351,5.183289,4.773101872353255,0.41018712764674525
3352,5.2379875,4.776677750334887,0.46130974966511307
3353,5.2927246,4.779914294239851,0.5128103057601487
3354,5.347224,4.782811922145279,0.5644120778547208
3355,5.401211,4.7853824407429695,0.6158285592570305
3356,5.4544067,4.787643527898086,0.6667631721019136
3357,5.505004,4.789593146675656,0.715410853324344
3358,5.4906507,4.791264787210909,0.6993859127890909
3359,5.4475503,4.788244885733494,0.6593054142665054
3360,5.393654,4.780521535646931,0.6131324643530691
3361,5.3399234,4.772394627648118,0.5675287723518823
3362,5.2877316,4.764683050687357,0.5230485493126427
3363,5.2444806,4.757833187149334,0.48664741285066615
3364,5.2094083,4.752383603514972,0.4570246964850275
3365,5.1835227,4.748899016432598,0.434623683567402
3366,5.165291,4.747271593582899,0.418019406417101
3367,5.1581903,4.7474376120622575,0.4107526879377428
3368,5.1552734,4.748348103900358,0.4069252960996419
3369,5.156833,4.748512690828188,0.4083203091718115
3370,5.160371,4.747711050226424,0.4126599497735759
3371,5.165658,4.746393732046711,0.41926426795328897
3372,5.166115,4.744874785897398,0.4212402141026015
3373,5.16809,4.743257580601,0.4248324193990003
3374,5.1649737,4.741623039889731,0.4233506601102688
3375,5.1646476,4.740089211996972,0.42455838800302814
3376,5.159354,4.738641043222273,0.42071295677772724
3377,5.1571045,4.737177723695371,0.4199267763046288
3378,5.1560473,4.735779357816288,0.42026794218371233
3379,5.15093,4.734428663304264,0.4165013366957355
3380,5.148835,4.732928502478098,0.41590649752190245
3381,5.143598,4.731143251581088,0.41245474841891205
3382,5.139646,4.729036174218793,0.41060982578120697
3383,5.139462,4.726706588893077,0.4127554111069234
3384,5.137777,4.724296565954693,0.4134804340453071
3385,5.13768,4.721815796537684,0.41586420346231545
3386,5.1431165,4.719157987851628,0.42395851214837155
3387,5.1479764,4.71626504482648,0.4317113551735199
3388,5.1579614,4.713159361736396,0.444802038263604
3389,5.169805,4.709920647429251,0.4598843525707492
3390,5.185714,4.706623041173709,0.4790909588262906
3391,5.198169,4.703300508769178,0.49486849123082166
3392,5.215177,4.6999936043676165,0.5151833956323832
3393,5.2300806,4.696767189412233,0.533313410587767
3394,5.243745,4.693713856054429,0.5500311439455707
3395,5.2526846,4.690902638473566,0.5617819615264343
3396,5.261565,4.688343563586812,0.5732214364131885
3397,5.2647653,4.6860445507007675,0.5787207492992321
3398,5.26356,4.684007631823435,0.5795523681765653
3399,5.262853,4.682200226753329,0.5806527732466709
3400,5.265523,4.68059586965675,0.5849271303432504
3401,5.244883,4.6791917819790685,0.5656912180209313
3402,5.1924453,4.677957027252756,0.5144882727472444
3403,5.113161,4.6768761905811775,0.4362848094188223
3404,5.012082,4.675933264966827,0.33614873503317355
3405,4.89417,4.675115392348184,0.21905460765181584
3406,4.764412,4.674519594724518,0.08989240527548237
3407,4.6277957,4.6741291022148435,-0.04633340221484339
3408,4.4893093,4.6738504810470225,-0.1845411810470221
3409,4.35394,4.6737262087532345,-0.3197862087532348
3410,4.226676,4.673766223995195,-0.44709022399519505
3411,4.112504,4.673995961174831,-0.5614919611748306
3412,4.0164127,4.67440986872813,-0.6579971687281301
3413,3.9433894,4.674959029605907,-0.7315696296059073
3414,3.8984215,4.67562346404929,-0.7772019640492904
3415,3.8909593,4.676423447994159,-0.7854641479941589
3416,3.927113,4.677382329506067,-0.7502693295060667
3417,3.9732614,4.678504966639687,-0.7052435666396866
3418,4.028365,4.679775827346402,-0.6514108273464023
3419,4.091386,4.681163749817025,-0.5897777498170251
3420,4.1612854,4.682602402481385,-0.5213170024813856
3421,4.237011,4.684051714615795,-0.4470407146157953
3422,4.317552,4.685504026567353,-0.3679520265673526
3423,4.40186,4.686964473957762,-0.2851044739577615
3424,4.488891,4.688428375299126,-0.1995373752991263
3425,4.5776095,4.689836677549684,-0.11222717754968325
3426,4.6669774,4.691188902013158,-0.02421150201315747
3427,4.755956,4.692516732120057,0.06343926787994292
3428,4.8435073,4.693818871768576,0.14968842823142392
3429,4.9285917,4.695112243965577,0.23347945603442355
3430,5.010172,4.696400674770146,0.31377132522985374
3431,5.08721,4.697690331951168,0.3895196680488322
3432,5.1586676,4.699013092607415,0.4596545073925853
3433,5.223506,4.700393161720831,0.523112838279169
3434,5.2806854,4.701836809251622,0.578848590748378
3435,5.3291693,4.70338858567192,0.62578071432808
3436,5.367919,4.7050746759894,0.6628443240105995
3437,5.3958964,4.706886122487284,0.6890102775127156
3438,5.412062,4.708856385110001,0.703205614889999
3439,5.4162393,4.710919430125715,0.7053198698742849
3440,5.398391,4.712935754309051,0.6854552456909495
3441,5.3700495,4.714880451295246,0.6551690487047548
3442,5.3223486,4.71669562783395,0.60565297216605
3443,5.271337,4.718370144735147,0.5529668552648532
3444,5.2200994,4.7197527740102885,0.5003466259897111
3445,5.168979,4.7205560539832625,0.4484229460167377
3446,5.1234927,4.720848940880915,0.40264375911908523
3447,5.083969,4.720778448571856,0.3631905514281435
3448,5.0413404,4.720305378332799,0.32103502166720155
3449,5.014962,4.719425552587939,0.29553644741206053
3450,4.9945703,4.718181580441662,0.2763887195583381
3451,4.9779916,4.716608771503014,0.2613828284969859
3452,4.9666924,4.714801549301831,0.2518908506981692
3453,4.958982,4.712930370276236,0.24605162972376338
3454,4.955695,4.71123384041051,0.24446115958949033
3455,4.953247,4.709888189594406,0.24335881040559393
3456,4.953222,4.7089929274725435,0.24422907252745674
3457,4.9551578,4.708704830315106,0.24645296968489472
3458,4.9593387,4.70909671111447,0.25024198888552984
3459,4.9628396,4.710080736808709,0.25275886319129093
3460,4.9680295,4.711512262022309,0.25651723797769144
3461,4.9734397,4.713172528872204,0.2602671711277962
3462,4.9771476,4.714786672057383,0.2623609279426171
3463,4.979236,4.716108356154299,0.2631276438457011
3464,4.981466,4.7169712689221415,0.2644947310778587
3465,4.984736,4.717228109346574,0.26750789065342584
3466,4.986646,4.716735207697638,0.2699107923023627
3467,4.99046,4.715397202596286,0.27506279740371387
3468,4.9960175,4.7131867164720544,0.28283078352794533
3469,4.9994626,4.710165706669143,0.2892968933308575
3470,5.0077567,4.706449025738835,0.30130767426116467
3471,5.013672,4.702214896546713,0.3114571034532867
3472,5.0259256,4.697690012477874,0.32823558752212545
3473,5.062864,4.693078113839433,0.3697858861605674
3474,4.916482,4.688574030186646,0.22790796981335415
3475,4.7961326,4.684390571959617,0.11174202804038291
3476,4.8469753,4.680716358989384,0.1662589410106161
3477,4.8942847,4.677728270284981,0.21655642971501887
3478,4.938184,4.675563115527254,0.2626208844727458
3479,4.978795,4.674299010206749,0.3044959897932511
3480,5.016242,4.674046354608019,0.342195645391981
3481,5.050647,4.674871410995724,0.37577558900427555
3482,5.082133,4.676771691958848,0.4053613080411518
3483,5.1108227,4.679748518766342,0.43107418123365804
3484,5.1368394,4.6837424708554,0.45309692914460076
3485,5.160306,4.68867677156155,0.47162922843845045
3486,5.181345,4.69457163601829,0.48677336398171
3487,5.200079,4.701245914748093,0.4988330852519063
3488,5.216631,4.70840644927283,0.5082245507271699
3489,5.2311244,4.715962704292602,0.5151616957073974
3490,5.243682,4.723806054443494,0.5198759455565058
3491,5.254426,4.731789514720451,0.5226364852795484
3492,5.263479,4.739769857482525,0.5237091425174754
3493,5.270965,4.747597717253591,0.5233672827464098
3494,5.2770066,4.755199159783829,0.521807440216171
3495,5.281726,4.762526529125543,0.5191994708744572
3496,5.2852464,4.769519479163359,0.5157269208366415
3497,5.28769,4.776178121764036,0.5115118782359636
3498,5.2891808,4.78251972126373,0.5066610787362693
3499,5.289841,4.788514854835985,0.5013261451640147
3500,5.275867,4.794128264816625,0.4817387351833746
3501,5.236547,4.799334155898978,0.4372128441010217
3502,5.1895676,4.804129409339786,0.38543819066021445
3503,5.140236,4.8085067946926685,0.3317292053073313
3504,5.100818,4.812451783568421,0.2883662164315792
3505,5.0658536,4.815971311638199,0.2498822883618006
3506,5.0306907,4.819067272756219,0.21162342724378114
3507,4.9982333,4.821766950344519,0.17646634965548103
3508,4.9671555,4.824094560277793,0.1430609397222069
3509,4.9362955,4.826049287736208,0.11024621226379239
3510,4.9069705,4.827637960414462,0.07933253958553799
3511,4.8782034,4.829254494153297,0.04894890584670364
3512,4.8520956,4.8258173939724855,0.026278206027514628
3513,4.829818,4.817106911537997,0.012711088462003417
3514,4.8118973,4.8078900696356826,0.004007230364317493
3515,4.7961316,4.798626946794173,-0.002495346794173514
3516,4.783554,4.7893388482812025,-0.005784848281202848
3517,4.7736077,4.780047082339132,-0.006439382339131328
3518,4.768535,4.770772729199672,-0.002237729199672245
3519,4.767991,4.76153639196886,0.0064546080311407295
3520,4.771054,4.75235794422576,0.018696055774240605
3521,4.7761374,4.743256282929002,0.032881117070997945
3522,4.785092,4.734249085935192,0.05084291406480812
3523,4.800161,4.725352593530449,0.07480840646955134
3524,4.814164,4.716581450808096,0.09758254919190357
3525,4.830416,4.707948614259049,0.12246738574095062
3526,4.847112,4.6994653155494275,0.1476466844505726
3527,4.8657556,4.6975081189572405,0.16824748104275944
3528,4.883317,4.701922023778527,0.1813949762214726
3529,4.902591,4.706110517036984,0.19648048296301646
3530,4.923223,4.709583441098279,0.21363955890172104
3531,4.9414573,4.712074153352292,0.22938314664770765
3532,4.9588294,4.713920950543882,0.24490844945611823
3533,4.976895,4.715497352206295,0.26139764779370456
3534,4.993127,4.717013910378147,0.27611308962185355
3535,5.0041876,4.718556705203678,0.28563089479632175
3536,5.0153165,4.720114689630138,0.29520181036986237
3537,5.0239587,4.721675736041017,0.3022829639589828
3538,5.0269036,4.723258921522365,0.3036446784776352
3539,5.0275226,4.724918392395268,0.30260420760473217
3540,5.0198026,4.726672047890115,0.2931305521098855
3541,5.009496,4.728521072185371,0.2809749278146292
3542,4.997261,4.730453233167542,0.266807766832458
3543,4.981252,4.7324367783216275,0.2488152216783721
3544,4.963647,4.734503895280603,0.22914310471939725
3545,4.946873,4.73666292371446,0.21021007628553967
3546,4.9286532,4.738751565495215,0.18990163450478548
3547,4.9131064,4.740675804289507,0.1724305957104928
3548,4.8989234,4.742398890934718,0.15652450906528248
3549,4.8869476,4.743795087370921,0.14315251262907935
3550,4.87957,4.744862385616495,0.13470761438350554
3551,4.8784113,4.745663235094631,0.1327480649053685
3552,4.8854513,4.746263113544156,0.13918818645584352
3553,4.898411,4.746774918566863,0.15163608143313745
3554,4.913391,4.74719244113682,0.16619855886318025
3555,4.9294667,4.747487740891673,0.18197895910832695
3556,4.9464684,4.747651715933171,0.19881668406682884
3557,4.964229,4.747672044163549,0.21655695583645063
3558,4.9825797,4.747569753237518,0.23500994676248155
3559,5.001353,4.747355817123556,0.2539971828764438
3560,5.020379,4.747032703516174,0.273346296483826
3561,5.0394907,4.746695974045673,0.29279472595432665
3562,5.05852,4.746345574465365,0.3121744255346348
3563,5.077298,4.745917848699636,0.3313801513003636
3564,5.095657,4.745447854581375,0.35020914541862513
3565,5.1134276,4.744971388923142,0.36845621107685744
3566,5.1304426,4.744514626809557,0.3859279731904435
3567,5.146534,4.74410954822963,0.40242445177037034
3568,5.1615324,4.743790689582696,0.417741710417304
3569,5.17527,4.743591028175765,0.4316789718242351
3570,5.187579,4.743518249537467,0.44406075046253335
3571,5.198291,4.743580325995807,0.4547106740041933
3572,5.207237,4.743782971990759,0.46345402800924074
3573,5.214249,4.744096043675304,0.47015295632469556
3574,5.2191596,4.744499602332562,0.4746599976674384
3575,5.2217994,4.745029065940274,0.4767703340597258
3576,5.219053,4.745690719868785,0.47336228013121495
3577,5.195298,4.746482691208715,0.4488153087912856
3578,5.156756,4.747367545675364,0.40938845432463555
3579,5.115003,4.74834453944747,0.3666584605525296
3580,5.078181,4.749448148103086,0.3287328518969135
3581,5.0485034,4.750653576886557,0.29784982311344343
3582,5.0278277,4.7519400087340244,0.2758876912659751
3583,5.014695,4.753268826491212,0.26142617350878794
3584,5.011117,4.754585796976045,0.2565312030239548
3585,5.0128884,4.755864437112368,0.2570239628876312
3586,5.0235662,4.757092203227484,0.2664739967725165
3587,5.0345435,4.758266447900594,0.276277052099406
3588,5.050439,4.759366622218735,0.2910723777812647
3589,5.071216,4.760365945453402,0.31085005454659775
3590,5.0893807,4.7612555865215045,0.32812511347849593
3591,5.108513,4.762022285380756,0.34649071461924397
3592,5.124926,4.7626584410949215,0.3622675589050788
3593,5.1383176,4.76314171889479,0.3751758811052097
3594,5.151084,4.763445226308586,0.387638773691414
3595,5.1658545,4.763561801183153,0.40229269881684715
3596,5.1814585,4.763525849292098,0.4179326507079013
3597,5.194264,4.763362925614528,0.4309010743854724
3598,5.2070227,4.763049668691799,0.4439730313082002
3599,5.2154617,4.762578941223091,0.45288275877690864
3600,5.219341,4.761974439840122,0.457366560159878
3601,5.218305,4.761263927474312,0.45704107252568793
3602,5.2105374,4.760466113980751,0.4500712860192486
3603,5.196189,4.759600825725448,0.43658817427455254
3604,5.176845,4.75866766647437,0.41817733352563025
3605,5.1520114,4.757685485123617,0.3943259148763829
3606,5.1241617,4.7566854212009275,0.36747627879907263
3607,5.094518,4.755676352006782,0.3388416479932177
3608,5.0639496,4.7547019554012415,0.3092476445987584
3609,5.0377383,4.753783474978465,0.28395482502153513
3610,5.015536,4.752923642713878,0.2626123572861223
3611,4.9978833,4.752131254973256,0.24575204502674364
3612,4.9850225,4.751403834759298,0.2336186652407024
3613,4.979708,4.750772122190915,0.22893587780908486
3614,4.978414,4.750266983309307,0.22814701669069315
3615,4.981609,4.749884530317465,0.23172446968253446
3616,4.9829993,4.749615902331561,0.2333833976684394
3617,4.9907885,4.7494372397279525,0.24135126027204734
3618,5.0001616,4.749337221047868,0.2508243789521325
3619,5.0088406,4.749295750121406,0.25954484987859416
3620,5.016884,4.7492705128281845,0.26761348717181566
3621,5.0243506,4.74914364158737,0.27520695841263
3622,5.031299,4.748697805994585,0.28260119400541495
3623,5.037789,4.7478093200804325,0.2899796799195675
3624,5.0438776,4.746696318219369,0.29718128178063097
3625,5.049625,4.745522565276398,0.30410243472360143
3626,5.055089,4.744245456679398,0.31084354332060204
3627,5.0603285,4.7428840779314685,0.3174444220685313
3628,5.0654025,4.741413315522816,0.32398918447718383
3629,5.0703697,4.739794032739573,0.330575667260427
3630,5.075289,4.737995627967443,0.3372933720325566
3631,5.0802183,4.735871145491967,0.344347154508033
3632,5.085217,4.733266658024509,0.351950341975491
3633,5.090344,4.730039258631832,0.3603047413681679
3634,5.0956573,4.725944559522949,0.36971274047705105
3635,5.1012163,4.720719326254045,0.3804969737459549
3636,5.1070795,4.714045730005568,0.3930337699944326
3637,5.1133056,4.70562532493228,0.40768027506772064
3638,5.119953,4.6952128432568205,0.4247401567431792
3639,5.127081,4.682606427825002,0.44447457217499853
3640,5.134748,4.667706749280871,0.46704125071912905
3641,5.143013,4.650542823533458,0.4924701764665418
3642,5.1519346,4.63123313485434,0.5207014651456596
3643,5.161571,4.609999122486828,0.5515718775131724
3644,5.171982,4.587198371521094,0.5847836284789061
3645,5.183225,4.5632671358625805,0.6199578641374197
3646,5.19536,4.538650549223352,0.6567094507766482
3647,5.208445,4.513859596277913,0.6945854037220869
3648,5.222539,4.489434059147899,0.7331049408521011
3649,5.2377,4.465889291331847,0.7718107086681529
3650,5.2539883,4.44369474331886,0.81029355668114
3651,5.271461,4.423235867491374,0.8482251325086265
3652,5.290178,4.404875242980653,0.885302757019347
3653,5.310197,4.388881381814329,0.9213156181856705
3654,5.3315773,4.3754454607600275,0.9561318392399727
3655,5.355302,4.364660261556161,0.9906417384438386
3656,5.371566,4.356542628092317,1.0150233719076827
3657,5.386285,4.351135069965644,1.0351499300343558
3658,5.4115033,4.348359413447864,1.0631438865521359
3659,5.444288,4.348094037544511,1.096193962455489
3660,5.45435,4.350149116495626,1.1042008835043742
3661,5.4305487,4.354260714410181,1.0762879855898193
3662,5.4391274,4.3601751398508934,1.0789522601491068
3663,5.254608,4.3677164567914435,0.8868915432085567
3664,5.2801833,4.376774621575486,0.9034086784245137
3665,4.9817724,4.387181633227002,0.5945907667729973
3666,4.88712,4.3987669695366485,0.4883530304633519
3667,4.8524466,4.411260398364741,0.4411862016352597
3668,4.838983,4.424433221638414,0.4145497783615859
3669,4.8224616,4.438161308647015,0.38430029135298494
3670,4.778612,4.452264235542211,0.3263477644577888
3671,4.60416,4.466527519261065,0.13763248073893486
3672,4.490294,4.480734958004221,0.009559041995778728
3673,4.5399737,4.494663188137604,0.045310511862395764
3674,4.6191154,4.508122342710008,0.11099305728999198
3675,4.720787,4.520945670583467,0.19984132941653243
3676,4.8380556,4.533009377284774,0.30504622271522575
3677,4.9639883,4.544249376346643,0.4197389236533562
3678,5.0916543,4.554616952502883,0.5370373474971171
3679,5.2141223,4.564059336821665,0.6500629631783346
3680,5.324459,4.572574165419244,0.7518848345807561
3681,5.415732,4.580241676326106,0.835490323673894
3682,5.481009,4.587156133619722,0.8938528663802785
3683,5.5133586,4.593454233251859,0.919904366748141
3684,5.5167365,4.599364815960958,0.9173716840390425
3685,5.497138,4.604966253971687,0.8921717460283123
3686,5.459974,4.610243568463216,0.8497304315367842
3687,5.4172473,4.615194701741137,0.8020525982588627
3688,5.37204,4.619836249005971,0.7522037509940294
3689,5.33614,4.624242982767708,0.7118970172322925
3690,5.3071823,4.628488676808774,0.6786936231912257
3691,5.2855353,4.6326533205911575,0.6528819794088427
3692,5.267128,4.636953306063616,0.6301746939363833
3693,5.2528,4.64141967104314,0.6113803289568596
3694,5.248596,4.6460988336267,0.6024971663732996
3695,5.2461886,4.651092576238173,0.595096023761827
3696,5.244788,4.656339879380004,0.5884481206199954
3697,5.250995,4.661878761936154,0.5891162380638457
3698,5.259419,4.6675668208046845,0.5918521791953157
3699,5.185003,4.673270323109504,0.511732676890496
3700,5.2900376,4.680092864688086,0.6099447353119141
3701,5.0574813,4.6812990332832705,0.3761822667167296
3702,4.953051,4.676498233434216,0.27655276656578476
3703,4.9543104,4.677530948018337,0.2767794519816631
3704,4.9569073,4.684466266403562,0.27244103359643823
3705,4.9607997,4.690671263400108,0.27012843659989194
3706,4.9659467,4.695887384750837,0.2700593152491626
3707,4.972308,4.700241480367138,0.27206651963286177
3708,4.9798417,4.703668595958769,0.27617310404123074
3709,4.9885073,4.706319082559654,0.2821882174403463
3710,4.9982634,4.709478756382929,0.28878464361707135
3711,5.0090685,4.7140262879892285,0.2950422120107712
3712,5.020882,4.719335863921743,0.3015461360782572
3713,5.0336633,4.725162732386984,0.3085005676130157
3714,5.0473704,4.731397690858711,0.31597270914128917
3715,5.0619626,4.737906595592274,0.3240560044077263
3716,5.077399,4.744659233353838,0.3327397666461618
3717,5.0936375,4.751562529350567,0.34207497064943304
3718,5.1106386,4.75857821925141,0.3520603807485898
3719,5.1283603,4.765833662425462,0.36252663757453796
3720,5.1467614,4.773361809058302,0.3733995909416983
3721,5.1658006,4.780909582021716,0.3848910179782843
3722,5.1854377,4.788267602426764,0.39717009757323574
3723,5.2056313,4.795304413857116,0.41032688614288393
3724,5.22634,4.802072976811227,0.4242670231887731
3725,5.247523,4.8085694962656,0.43895350373440056
3726,5.2691383,4.814763109067306,0.4543751909326934
3727,5.2911463,4.820619754317673,0.4705265456823273
3728,5.313505,4.8260921316703405,0.4874128683296597
3729,5.3361735,4.831164965112098,0.5050085348879021
3730,5.359111,4.8357741807891825,0.5233368192108179
3731,5.382275,4.839904431732412,0.5423705682675877
3732,5.405627,4.8435422262602605,0.5620847737397394
3733,5.4291234,4.846646489919922,0.5824769100800777
3734,5.4429474,4.84922456809914,0.5937228319008607
3735,5.4241114,4.8512775559286165,0.5728338440713836
3736,5.3830338,4.852840534829494,0.5301932651705057
3737,5.358878,4.84952985366094,0.5093481463390601
3738,5.323583,4.8410660069236,0.48251699307640017
3739,5.2857003,4.831999626558254,0.45370067344174636
3740,5.2489996,4.8227728633914815,0.42622673660851884
3741,5.212133,4.815042659968616,0.3970903400313839
3742,5.182906,4.809068397485585,0.3738376025144152
3743,5.159017,4.803569765769874,0.3554472342301267
3744,5.1426206,4.798669010922171,0.34395158907782886
3745,5.132138,4.79445639792631,0.33768160207369036
3746,5.120502,4.79093086833671,0.32957113166329055
3747,5.106364,4.78777815246016,0.31858584753983976
3748,5.0924444,4.784532116035083,0.30791228396491643
3749,5.072839,4.780825498727883,0.292013501272117
3750,5.0591497,4.77645345124901,0.2826962487509901
3751,5.04696,4.771479758065275,0.27548024193472553
3752,5.0407486,4.766112725754328,0.2746358742456714
3753,5.0388,4.760609840743273,0.2781901592567273
3754,5.039735,4.75523540725057,0.28449959274943026
3755,5.047109,4.750219139710541,0.2968898602894585
3756,5.057424,4.745786331986099,0.31163766801390125
3757,5.0708475,4.741946882014111,0.3289006179858891
3758,5.084332,4.738585890993882,0.345746109006118
3759,5.097642,4.735680376553953,0.36196162344604677
3760,5.110573,4.733271347770843,0.377301652229157
3761,5.119834,4.731415428009182,0.388418571990818
3762,5.125608,4.730142564321824,0.39546543567817594
3763,5.1283774,4.729559843294426,0.3988175567055734
3764,5.1267385,4.729687375047284,0.397051124952716
3765,5.1171427,4.730353658540115,0.3867890414598847
3766,5.1018076,4.7313909946871675,0.3704166053128324
3767,5.083369,4.732711752659627,0.35065724734037307
3768,5.0603156,4.734281481644807,0.32603411835519314
3769,5.0318713,4.736063939457712,0.2958073605422875
3770,5.0001974,4.738010868527324,0.26218653147267634
3771,4.9684777,4.740153211955424,0.22832448804457606
3772,4.936443,4.7424932789562195,0.19394972104378017
3773,4.9061956,4.744918074611787,0.16127752538821305
3774,4.885288,4.747407615071403,0.13788038492859744
3775,4.8676105,4.749925617078155,0.11768488292184465
3776,4.857571,4.752474750793596,0.10509624920640448
3777,4.8605466,4.755036282360872,0.1055103176391281
3778,4.8678255,4.757576694064782,0.11024880593521846
3779,4.876393,4.760095556821926,0.11629744317807411
3780,4.886176,4.762611322675808,0.1235646773241923
3781,4.8971024,4.765082922137242,0.13201947786275792
3782,4.909098,4.767537704675324,0.14156029532467596
3783,4.9220915,4.769980922478287,0.15211057752171264
3784,4.936009,4.77236219921334,0.16364680078666005
3785,4.950778,4.774710946846192,0.17606705315380733
3786,4.9663253,4.777032287651371,0.18929301234862894
3787,4.9825788,4.779292240452807,0.20328655954719288
3788,4.999465,4.781471237076254,0.2179937629237454
3789,5.0169115,4.783579994210127,0.23333150578987283
3790,5.0348444,4.785627994510496,0.24921640548950386
3791,5.0531926,4.787593599796061,0.265599000203939
3792,5.071882,4.789446853489164,0.2824351465108359
3793,5.0908394,4.79123121719025,0.29960818280975055
3794,5.1099935,4.792957773181199,0.31703572681880043
3795,5.1292696,4.794642995503058,0.3346266044969415
3796,5.1485925,4.796257728636264,0.35233477136373637
3797,5.1678963,4.797729908445013,0.3701663915549869
3798,5.1871047,4.799096318625051,0.38800838137494864
3799,5.206144,4.800321734001919,0.405822265998081
3800,5.224942,4.801133170343184,0.4238088296568163
3801,5.243427,4.801398862646532,0.4420281373534678
3802,5.2615237,4.8013627976939866,0.46016090230601314
3803,5.279161,4.801243115446269,0.4779178845537313
3804,5.2962656,4.801133562192011,0.49513203780798865
3805,5.312764,4.801092395972323,0.5116716040276765
3806,5.3285847,4.80113050554287,0.52745419445713
3807,5.343654,4.801250699466158,0.5424033005338416
3808,5.3578987,4.801481296275474,0.5564174037245255
3809,5.371247,4.801793420438534,0.5694535795614666
3810,5.383625,4.8020782318367985,0.5815467681632018
3811,5.374064,4.80232040214402,0.5717435978559795
3812,5.334452,4.802539811619284,0.5319121883807156
3813,5.2904334,4.802690225480525,0.48774317451947535
3814,5.2483683,4.802745462668393,0.4456228373316069
3815,5.2101617,4.8026718195269344,0.4074898804730651
3816,5.182256,4.8024673235316255,0.3797886764683742
3817,5.1580725,4.802159967189801,0.3559125328101995
3818,5.141812,4.8016396356363185,0.34017236436368137
3819,5.131635,4.8008629139116925,0.33077208608830766
3820,5.122226,4.799939237899248,0.32228676210075236
3821,5.1125693,4.798903069221036,0.3136662307789635
3822,5.1060553,4.797701088483062,0.30835421151693865
3823,5.102283,4.796271796979564,0.30601120302043583
3824,5.0988564,4.794552619098242,0.30430378090175747
3825,5.0939384,4.79250380310354,0.3014345968964598
3826,5.088901,4.79012148596622,0.29877951403377967
3827,5.080756,4.7874139506581805,0.2933420493418195
3828,5.067264,4.784390524919631,0.2828734750803692
3829,5.0600705,4.781092569891024,0.27897793010897587
3830,5.0544944,4.777575427136435,0.27691897286356504
3831,5.0485587,4.773915616334446,0.2746430836655538
3832,5.047187,4.7701996726414,0.2769873273585999
3833,5.0495834,4.766515709375584,0.2830676906244163
3834,5.054535,4.762949715674534,0.2915852843254658
3835,5.065346,4.759582445756419,0.3057635542435806
3836,5.0786505,4.756481771386962,0.3221687286130379
3837,5.097884,4.753703329719001,0.3441806702809984
3838,5.1196494,4.751296977031469,0.3683524229685311
3839,5.141465,4.749262520671471,0.39220247932852903
3840,5.1653094,4.74760285067454,0.4177065493254597
3841,5.1883264,4.746311939077456,0.44201446092254404
3842,5.208786,4.745380315749958,0.46340568425004225
3843,5.2269354,4.744792174130216,0.482143225869784
3844,5.243355,4.744524211516499,0.4988307884835015
3845,5.2495804,4.744579484565919,0.5050009154340813
3846,5.254327,4.744937059293347,0.5093899407066527
3847,5.264073,4.745594048718183,0.5184789512818169
3848,5.278013,4.7465996262445875,0.5314133737554121
3849,5.295349,4.7479782742734455,0.5473707257265543
3850,5.3152623,4.749732944221084,0.5655293557789154
3851,5.3369536,4.751889144047842,0.5850644559521578
3852,5.359618,4.754459764050872,0.6051582359491281
3853,5.38245,4.757481586085608,0.6249684139143925
3854,5.4046445,4.760953840092107,0.6436906599078931
3855,5.425396,4.7648762186265845,0.6605197813734156
3856,5.443899,4.769234303300805,0.6746646966991952
3857,5.4593496,4.774000244453434,0.685349355546566
3858,5.4709415,4.779183259994457,0.6917582400055435
3859,5.47787,4.784708600710382,0.6931613992896182
3860,5.479214,4.790466551120602,0.6887474488793979
3861,5.4778013,4.796419675471965,0.6813816245280355
3862,5.476076,4.802538280629936,0.6735377193700636
3863,5.4740114,4.808750055018812,0.6652613449811886
3864,5.47158,4.814978047843185,0.6566019521568149
3865,5.468755,4.821142348963922,0.647612651036078
3866,5.465509,4.827145270377691,0.6383637296223093
3867,5.4618154,4.832927530900526,0.6288878690994739
3868,5.457647,4.838448458641355,0.6191985413586449
3869,5.452976,4.843676777437297,0.6092992225627025
3870,5.4477763,4.848587159119526,0.5991891408804744
3871,5.4420204,4.853127509698135,0.5888928903018646
3872,5.435682,4.857250237269245,0.5784317627307551
3873,5.4287324,4.860916777169752,0.5678156228302482
3874,5.421146,4.8641030170673,0.5570429829327006
3875,5.4128947,4.8668148238874,0.5460798761126
3876,5.403952,4.869035041149323,0.534916958850677
3877,5.3931527,4.870743641702689,0.5224090582973107
3878,5.385001,4.871931898328894,0.513069101671106
3879,5.3671036,4.872625852129477,0.4944777478705227
3880,5.3420444,4.872878956849946,0.4691654431500538
3881,5.3120413,4.872716811412989,0.4393244885870109
3882,5.2718225,4.872183090226568,0.3996394097734317
3883,5.2289004,4.871318251774522,0.35758214822547796
3884,5.180248,4.870214632640847,0.31003336735915266
3885,5.129075,4.868835825861459,0.26023917413854125
3886,5.0683923,4.866942618949618,0.20144968105038252
3887,5.0109153,4.864394060537352,0.14652123946264783
3888,4.9523783,4.861156250755947,0.09122204924405342
3889,4.8938065,4.8571220414752565,0.03668445852474367
3890,4.8366427,4.85232263793216,-0.015679937932159937
3891,4.7851224,4.846996777983375,-0.061874377983375695
3892,4.7388067,4.841243411932455,-0.10243671193245518
3893,4.698726,4.835131089746734,-0.13640508974673438
3894,4.6677027,4.82863883078738,-0.16093613078737956
3895,4.6406274,4.82145621614066,-0.18082881614065993
3896,4.624761,4.813546269774419,-0.188785269774419
3897,4.6158175,4.80535274235284,-0.18953524235283936
3898,4.611179,4.797261233042337,-0.18608223304233729
3899,4.607315,4.789780632119313,-0.182465632119313
3900,4.6047907,4.783369004659321,-0.17857830465932167
3901,4.5996943,4.777827766678449,-0.17813346667844865
3902,4.5900955,4.772732551391536,-0.18263705139153608
3903,4.5789895,4.768120436869509,-0.18913093686950955
3904,4.5681577,4.764104727924446,-0.1959470279244453
3905,4.5604043,4.7606350456999085,-0.2002307456999084
3906,4.5570636,4.757739696281408,-0.20067609628140737
3907,4.5524087,4.755566798339868,-0.20315809833986798
3908,4.5493903,4.754122885146822,-0.20473258514682247
3909,4.5442557,4.75319088652116,-0.20893518652115972
3910,4.535192,4.752572413754779,-0.21738041375477835
3911,4.5226398,4.752250843171533,-0.22961104317153236
3912,4.507916,4.7522441124047985,-0.24432811240479868
3913,4.491039,4.752443245484556,-0.261404245484556
3914,4.475091,4.752728441479181,-0.2776374414791807
3915,4.455938,4.753015914113512,-0.2970779141135127
3916,4.4409738,4.7532704367020795,-0.3122966367020794
3917,4.428251,4.7534750897954305,-0.32522408979543016
3918,4.418264,4.753630829790491,-0.33536682979049104
3919,4.4122305,4.753787123296135,-0.34155662329613534
3920,4.4140058,4.753967154107224,-0.33996135410722417
3921,4.418206,4.75418855743605,-0.33598255743605066
3922,4.432354,4.754449457731445,-0.32209545773144477
3923,4.448191,4.7547638396282075,-0.3065728396282079
3924,4.465088,4.755091930536271,-0.2900039305362716
3925,4.4829726,4.755385577590799,-0.27241297759079863
3926,4.501773,4.755671557856726,-0.25389855785672566
3927,4.521415,4.755955062362686,-0.23454006236268565
3928,4.541827,4.7562090494749825,-0.21438204947498285
3929,4.562937,4.756422748711964,-0.19348574871196433
3930,4.584671,4.756543567785007,-0.17187256778500704
3931,4.606958,4.756564626801288,-0.14960662680128856
3932,4.6297245,4.756472586418185,-0.1267480864181847
3933,4.6528983,4.7564334964106605,-0.10353519641066011
3934,4.676407,4.756331593737005,-0.07992459373700456
3935,4.7001767,4.755991824978505,-0.055815124978504826
3936,4.724137,4.7555429838461425,-0.03140598384614268
3937,4.7482133,4.755008363013806,-0.0067950630138060575
3938,4.7723346,4.754414613078147,0.017919986921852704
3939,4.7964277,4.753780916600309,0.04264678339969041
3940,4.82042,4.753132045309633,0.06728795469036708
3941,4.8442388,4.752494917183953,0.09174388281604706
3942,4.8678117,4.7518579065505815,0.11595379344941836
3943,4.8910666,4.751254804171546,0.1398117958284546
3944,4.913931,4.750570112139165,0.16336088786083458
3945,4.936331,4.749788652853797,0.18654234714620266
3946,4.958195,4.749090221538388,0.20910477846161157
3947,4.9794507,4.748476399759183,0.2309743002408169
3948,5.000025,4.747963810750519,0.2520611892494813
3949,5.0198455,4.747551055671924,0.27229444432807615
3950,5.0388393,4.747235082813541,0.29160421718645946
3951,5.056935,4.747039793134031,0.30989520686596883
3952,5.074059,4.746974282547607,0.32708471745239276
3953,5.090139,4.747039617846271,0.3430993821537287
3954,5.1051025,4.747242706692862,0.3578597933071377
3955,5.119505,4.747573293847527,0.3719317061524734
3956,5.130588,4.748047520428281,0.38254047957171977
3957,5.118176,4.748653443737619,0.36952255626238095
3958,5.1114435,4.749353463272344,0.36209003672765583
3959,5.098053,4.750099274182356,0.3479537258176446
3960,5.0820456,4.750809496328619,0.33123610367138046
3961,5.0681033,4.751445842323648,0.3166574576763521
3962,5.05346,4.752031677394415,0.3014283226055854
3963,5.043879,4.752606271772656,0.2912727282273435
3964,5.0417504,4.753137232759013,0.28861316724098707
3965,5.041775,4.7536313842677025,0.28814361573229785
3966,5.037082,4.754097776830375,0.2829842231696249
3967,5.037417,4.754601010621199,0.2828159893788005
3968,5.038415,4.755267971353867,0.28314702864613306
3969,5.0372186,4.756146178717723,0.2810724212822775
3970,5.0383368,4.757219476470766,0.2811173235292337
3971,5.0383606,4.758499497788739,0.27986110221126115
3972,5.036655,4.759982173981297,0.2766728260187028
3973,5.0327706,4.761634550141598,0.2711360498584021
3974,5.030393,4.763444511244541,0.2669484887554594
3975,5.0277166,4.765305850223903,0.26241074977609635
3976,5.021888,4.767136239280762,0.25475176071923755
3977,5.011009,4.768917129241408,0.24209187075859173
3978,4.990865,4.770563870596506,0.22030112940349422
3979,4.9644656,4.771914285569932,0.19255131443006768
3980,4.9343634,4.772919102070521,0.16144429792947879
3981,4.9103208,4.7736720266672314,0.1366487733327686
3982,4.887179,4.774286427174035,0.11289257282596488
3983,4.867339,4.774825796638847,0.0925132033611531
3984,4.8525696,4.775304994554462,0.0772646054455377
3985,4.833239,4.775743670433025,0.057495329566974895
3986,4.818645,4.77614172955016,0.04250327044984026
3987,4.805349,4.776498771277788,0.028850228722211213
3988,4.792183,4.776853002282741,0.015329997717258514
3989,4.7815247,4.777263896805232,0.004260803194767959
3990,4.774099,4.7777079341203015,-0.003608934120301832
3991,4.769488,4.778203185775044,-0.008715185775043821
3992,4.7696176,4.778797948340271,-0.009180348340271038
3993,4.772885,4.779420662479063,-0.00653566247906312
3994,4.7784815,4.780035208559406,-0.001553708559406175
3995,4.7856116,4.7807879783941845,0.004823621605815731
3996,4.791374,4.781451067808606,0.00992293219139384
3997,4.793771,4.781727273758146,0.01204372624185357
3998,4.7909503,4.781813194819986,0.00913710518001487
3999,4.7840796,4.781834331726112,0.002245268273887824
4000,4.7721124,4.7818179275861565,-0.009705527586156393
4001,4.7606974,4.781847021649829,-0.021149621649829697
4002,4.752426,4.781945134225082,-0.029519134225082233
4003,4.7484527,4.782045448144579,-0.03359274814457969
4004,4.7576222,4.782155502219911,-0.024533302219911235
4005,4.768642,4.782280248891364,-0.01363824889136378
4006,4.781351,4.782397239968028,-0.0010462399680282175
4007,4.7956057,4.782451507034758,0.013154192965242117
4008,4.8112636,4.782367462567003,0.028896137432997016
4009,4.8281817,4.782176200485935,0.04600549951406485
4010,4.846217,4.781860023322549,0.064356976677451
4011,4.8652267,4.781350958830245,0.08387574116975482
4012,4.885068,4.780674773858289,0.10439322614171154
4013,4.905598,4.779843418243096,0.12575458175690457
4014,4.926674,4.778842422219347,0.1478315777806536
4015,4.9481525,4.777599426334791,0.170553073665209
4016,4.9698915,4.776109612120877,0.19378188787912354
4017,4.9917474,4.774477469560363,0.21726993043963727
4018,5.013578,4.772708711483492,0.24086928851650757
4019,5.03524,4.7707772172650795,0.2644627827349204
4020,5.0565906,4.768774858743871,0.28781574125612863
4021,5.0774865,4.766757277018119,0.3107292229818812
4022,5.0977855,4.764718699303258,0.33306680069674144
4023,5.117345,4.762694888844393,0.35465011115560685
4024,5.136021,4.760746404197677,0.37527459580232314
4025,5.1536713,4.758871133861084,0.394800166138916
4026,5.170153,4.757061200109037,0.4130917998909629
4027,5.1853237,4.755334972836187,0.42998872716381253
4028,5.1990395,4.753697577451254,0.4453419225487458
4029,5.2111583,4.752165430902186,0.45899286909781445
4030,5.2215366,4.7507631820564855,0.4707734179435148
4031,5.2300324,4.749489984018429,0.48054241598157077
4032,5.234121,4.7483364619870345,0.4857845380129655
4033,5.224579,4.747325121756403,0.4772538782435971
4034,5.2086725,4.746449596623358,0.4622229033766416
4035,5.191063,4.74570978179352,0.44535321820647944
4036,5.176084,4.745132998461554,0.4309510015384461
4037,5.1631403,4.7447061693865935,0.41843413061340673
4038,5.1590652,4.744419490971709,0.41464570902829045
4039,5.150566,4.744307007342183,0.4062589926578175
4040,5.1470847,4.744369824236857,0.40271487576314247
4041,5.143801,4.744601885162668,0.39919911483733195
4042,5.1420484,4.7450267341375785,0.3970216658624217
4043,5.136154,4.745619992472254,0.39053400752774614
4044,5.1264853,4.746356925181016,0.38012837481898387
4045,5.119724,4.747247162254332,0.3724768377456673
4046,5.110769,4.748273563564758,0.3624954364352426
4047,5.104772,4.749391784811268,0.355380215188732
4048,5.102634,4.7505288350961346,0.35210516490386556
4049,5.1007385,4.751619184539939,0.3491193154600616
4050,5.0977683,4.7526665415954845,0.34510175840451573
4051,5.096288,4.753712085621227,0.34257591437877366
4052,5.091642,4.7547159368513245,0.3369260631486757
4053,5.088187,4.755632867069546,0.33255413293045333
4054,5.086211,4.7564885161391395,0.3297224838608601
4055,5.0744433,4.757302631718393,0.31714066828160714
4056,5.0609818,4.758110560452916,0.30287123954708406
4057,5.03982,4.758951306616995,0.28086869338300513
4058,5.0151978,4.759797561259587,0.25540023874041307
4059,4.988679,4.760664215354995,0.2280147846450049
4060,4.958491,4.761593723066287,0.19689727693371317
4061,4.926758,4.7625448212361485,0.16421317876385189
4062,4.899873,4.7635294880362675,0.13634351196373284
4063,4.874745,4.764567742424967,0.1101772575750326
4064,4.8550773,4.7655972500108135,0.08948004998918613
4065,4.8372726,4.766600434048796,0.07067216595120396
4066,4.824622,4.767550975568442,0.05707102443155776
4067,4.8149023,4.768366893403556,0.04653540659644406
4068,4.807881,4.769057367764185,0.03882363223581464
4069,4.804258,4.769693900754269,0.03456409924573123
4070,4.80529,4.770308121132971,0.03498187886702908
4071,4.8093076,4.770921784832764,0.038385815167236714
4072,4.817777,4.771525135625094,0.04625186437490658
4073,4.828766,4.772172931982945,0.05659306801705455
4074,4.8430023,4.772847956773981,0.07015434322601877
4075,4.8638268,4.773491332968194,0.09033546703180573
4076,4.884807,4.774134768073166,0.11067223192683429
4077,4.904672,4.774759341751123,0.12991265824887677
4078,4.92347,4.775384418655276,0.14808558134472438
4079,4.941248,4.776053124061689,0.16519487593831084
4080,4.9580545,4.776760559970113,0.18129394002988697
4081,4.9739375,4.777490916927421,0.19644658307257856
4082,4.9889455,4.778229019174822,0.21071648082517758
4083,5.003126,4.778993672673447,0.22413232732655253
4084,5.016528,4.77977869091984,0.23674930908016023
4085,5.0291986,4.780520949791883,0.24867765020811738
4086,5.0411863,4.781164871882849,0.2600214281171507
4087,5.0525393,4.781606406572727,0.27093289342727367
4088,5.0633054,4.781843328226884,0.2814620717731158
4089,5.073533,4.781934121388523,0.2915988786114774
4090,5.0832696,4.781901557502815,0.3013680424971854
4091,5.092564,4.781781433438699,0.31078256656130154
4092,5.1014643,4.7815446448140575,0.31991965518594245
4093,5.110018,4.781150066337059,0.3288679336629414
4094,5.1182733,4.780608081941255,0.3376652180587456
4095,5.1262784,4.779910424636935,0.34636797536306574
4096,5.134082,4.779043253807021,0.3550387461929789
4097,5.141731,4.777998492816593,0.363732507183407
4098,5.1492743,4.7767999465777455,0.37247435342225454
4099,5.1567597,4.77548769898342,0.38127200101658065
4100,5.164235,4.774092213261422,0.3901427867385774
4101,5.171749,4.772637536544354,0.39911146345564585
4102,5.1793494,4.771154082539806,0.4081953174601942
4103,5.1870847,4.769665950474714,0.4174187495252859
4104,5.195002,4.768189981964138,0.42681201803586166
4105,5.2031503,4.766775281335551,0.4363750186644486
4106,5.2115774,4.765439652493877,0.446137747506123
4107,5.220331,4.764198376787156,0.4561326232128442
4108,5.22946,4.763088985588504,0.46637101441149653
4109,5.239012,4.762117722937186,0.4768942770628142
4110,5.2490344,4.761295508949463,0.4877388910505376
4111,5.2595763,4.760600671786013,0.4989756282139872
4112,5.2706857,4.760012627807294,0.5106730721927057
4113,5.2824106,4.75953810766584,0.5228724923341606
4114,5.2947984,4.759184120668111,0.535614279331889
4115,5.307898,4.758968939218126,0.548929060781874
4116,5.3217573,4.75889247622163,0.5628648237783702
4117,5.336424,4.758915911543571,0.5775080884564288
4118,5.351947,4.759018922801962,0.5929280771980379
4119,5.3602676,4.759190221164033,0.6010773788359671
4120,5.340271,4.759395617532688,0.5808753824673127
4121,5.285833,4.759623240683578,0.5262097593164219
4122,5.2194552,4.759875427183674,0.45957977281632534
4123,5.1399755,4.760142610321424,0.37983288967857654
4124,5.064181,4.760421120071453,0.30375987992854636
4125,4.994762,4.760717751192882,0.23404424880711794
4126,4.9263425,4.761059943799927,0.16528255620007304
4127,4.8594065,4.761452127559876,0.09795437244012462
4128,4.793262,4.761871357832554,0.03139064216744636
4129,4.729054,4.762321913892469,-0.033267913892469636
4130,4.669486,4.762818084194764,-0.09333208419476424
4131,4.6141763,4.763347731856828,-0.14917143185682846
4132,4.563287,4.763869235401945,-0.20058223540194486
4133,4.5154734,4.764330664133415,-0.2488572641334148
4134,4.4721866,4.764732877792344,-0.29254627779234443
4135,4.432101,4.765085057617332,-0.33298405761733196
4136,4.3988385,4.765407096896866,-0.36656859689686616
4137,4.3683753,4.765748424929019,-0.3973731249290191
4138,4.343289,4.766110522101397,-0.4228215221013967
4139,4.3233075,4.766452011459294,-0.4431445114592938
4140,4.30708,4.766788729087905,-0.4597087290879047
4141,4.294292,4.767152914800484,-0.4728609148004832
4142,4.2785873,4.767526720458787,-0.48893942045878713
4143,4.275312,4.767909710575922,-0.4925977105759225
4144,4.2700753,4.768293104572557,-0.4982178045725565
4145,4.270244,4.768661196251897,-0.4984171962518973
4146,4.275176,4.769006527666813,-0.49383052766681335
4147,4.2761893,4.769326209315409,-0.49313690931540854
4148,4.2792892,4.769634030811016,-0.4903448308110159
4149,4.282644,4.769922286334675,-0.48727828633467496
4150,4.2895455,4.770170286152068,-0.4806247861520676
4151,4.3015127,4.770373991794504,-0.46886129179450364
4152,4.3200235,4.770543500174113,-0.4505200001741132
4153,4.3368073,4.7706650322234685,-0.43385773222346824
4154,4.348881,4.77069426572309,-0.42181326572308997
4155,4.363669,4.770561617669664,-0.4068926176696639
4156,4.38099,4.770259856540841,-0.38926985654084145
4157,4.4006605,4.769993290814517,-0.369332790814517
4158,4.422499,4.769927471081564,-0.3474284710815638
4159,4.446322,4.770018336967892,-0.3236963369678918
4160,4.471947,4.770272076021317,-0.2983250760213165
4161,4.4991918,4.770578268152395,-0.27138646815239476
4162,4.5278735,4.770817966502902,-0.2429444665029017
4163,4.55781,4.770961837298539,-0.21315183729853882
4164,4.5888186,4.770947820729802,-0.1821292207298022
4165,4.6207166,4.770789886997288,-0.15007328699728806
4166,4.653321,4.7704220095520125,-0.11710100955201241
4167,4.686449,4.769818649243207,-0.083369649243207
4168,4.7227182,4.769139690991548,-0.04642149099154835
4169,4.7563524,4.768445730858794,-0.012093330858793827
4170,4.789948,4.767730995018253,0.022217004981746946
4171,4.823314,4.766965871245705,0.05634812875429507
4172,4.856285,4.766130622786823,0.09015437721317632
4173,4.888669,4.765218506529627,0.12345049347037307
4174,4.920284,4.764238670478034,0.15604532952196593
4175,4.9509473,4.763180591600611,0.1877667083993888
4176,4.9804764,4.7620589848817,0.21841741511829937
4177,5.0086884,4.7609038846045735,0.24778451539542612
4178,5.035402,4.759734516861994,0.2756674831380064
4179,5.060434,4.758628743683874,0.30180525631612554
4180,5.0836005,4.757721956843235,0.32587854315676523
4181,5.10472,4.756995617642078,0.3477243823579226
4182,5.12361,4.756409194447685,0.36720080555231505
4183,5.140088,4.7559662052114975,0.38412179478850295
4184,5.150033,4.755615741230785,0.39441725876921474
4185,5.1473126,4.755357522086095,0.39195507791390494
4186,5.127616,4.755189487829241,0.37242651217075906
4187,5.0950513,4.7551166214189795,0.3399346785810202
4188,5.0553718,4.7551213982736815,0.3002504017263181
4189,5.014422,4.755173608456259,0.2592483915437409
4190,4.974313,4.755287419532423,0.21902558046757736
4191,4.940139,4.7554606862239375,0.1846783137760628
4192,4.9151177,4.755662952025863,0.15945474797413706
4193,4.8987665,4.75587253936046,0.1428939606395394
4194,4.8934226,4.7560744872347005,0.13734811276529957
4195,4.8914676,4.756258084782285,0.1352095152177153
4196,4.898567,4.756414461343015,0.14215253865698507
4197,4.906588,4.7565163985292935,0.15007160147070664
4198,4.915685,4.756526459829549,0.15915854017045117
4199,4.926412,4.756409130543501,0.170002869456499
4200,4.936249,4.756119276098572,0.18012972390142767
4201,4.9431,4.755611686084469,0.187488313915531
4202,4.950932,4.75484741423972,0.1960845857602802
4203,4.9575577,4.753789947789177,0.20376775221082255
4204,4.9644995,4.7524179661352735,0.21208153386472617
4205,4.9750266,4.750734488621105,0.2242921113788947
4206,4.9851227,4.748737039256971,0.23638566074302858
4207,4.996412,4.746438787461194,0.2499732125388059
4208,5.01148,4.743883358844972,0.2675966411550279
4209,5.023829,4.741105613707183,0.2827233862928171
4210,5.037217,4.738145313693256,0.2990716863067444
4211,5.052776,4.7350742960643055,0.3177017039356942
4212,5.0684485,4.731956017506445,0.3364924824935551
4213,5.0827637,4.728833575858622,0.35393012414137814
4214,5.0902886,4.725777228985335,0.36451137101466546
4215,5.096801,4.722864869335747,0.37393613066425324
4216,5.0979385,4.720128553669932,0.3778099463300677
4217,5.097579,4.717591957163794,0.37998704283620555
4218,5.089475,4.715274944787889,0.3742000552121114
4219,5.079796,4.7131851077502125,0.3666108922497875
4220,5.070974,4.71132716622681,0.35964683377318973
4221,5.06103,4.7097051385827395,0.35132486141726016
4222,5.051346,4.708367268112647,0.34297873188735295
4223,5.0427365,4.707255087407555,0.33548141259244524
4224,5.0360675,4.706293297398282,0.3297742026017181
4225,5.0362434,4.705503826160447,0.3307395738395531
4226,5.036726,4.704891833235269,0.33183416676473065
4227,5.0375233,4.704448205441531,0.3330750945584695
4228,5.038643,4.70414977351929,0.3344932264807108
4229,5.0400934,4.704000927945373,0.3360924720546272
4230,5.041882,4.704007030556582,0.3378749694434182
4231,5.0440164,4.7041788060761665,0.33983759392383384
4232,5.0465045,4.704499659583163,0.34200484041683676
4233,5.0493546,4.704925041672432,0.34442955832756805
4234,5.0525756,4.705503057347591,0.34707254265240906
4235,5.0561724,4.7062907912878185,0.3498816087121819
4236,5.060155,4.707315671989795,0.3528393280102051
4237,5.06453,4.708569379351314,0.3559606206486867
4238,5.0734797,4.710057792395315,0.3634219076046854
4239,5.0858707,4.711820149595033,0.3740505504049674
4240,5.0996256,4.713802011995914,0.38582358800408656
4241,5.1145434,4.715928598194604,0.39861480180539566
4242,5.1304245,4.718220896350703,0.41220360364929753
4243,5.1470666,4.7206607100397475,0.4264058899602521
4244,5.1642694,4.723204209490118,0.4410651905098826
4245,5.181832,4.725814737697694,0.4560172623023062
4246,5.1995535,4.728455192844504,0.47109830715549617
4247,5.2172327,4.731087837426351,0.4861448625736493
4248,5.23467,4.733701820742767,0.5009681792572334
4249,5.251664,4.736281900517673,0.515382099482327
4250,5.268013,4.738804693193417,0.5292083068065825
4251,5.283517,4.741256423464391,0.5422605765356092
4252,5.2979746,4.743596132196668,0.5543784678033319
4253,5.311186,4.74581941455352,0.5653665854464798
4254,5.322949,4.747927015106819,0.5750219848931817
4255,5.3330636,4.749907173616773,0.5831564263832272
4256,5.3413286,4.7517394447253585,0.5895891552746413
4257,5.3475437,4.753406387017008,0.5941373129829923
4258,5.3515077,4.754902641196071,0.5966050588039291
4259,5.3517704,4.756233427631932,0.5955369723680688
4260,5.3081927,4.757394377912861,0.5507983220871395
4261,5.2294793,4.758372707645186,0.4711065923548148
4262,5.1379123,4.7591681388405345,0.3787441611594655
4263,5.051139,4.75981009192008,0.29132890807991974
4264,4.9733057,4.7603389135392655,0.21296678646073453
4265,4.9041877,4.76085199621774,0.14333570378225957
4266,4.845844,4.761334802190333,0.08450919780966704
4267,4.796351,4.761482161962543,0.03486883803745666
4268,4.7552643,4.761077047306155,-0.005812747306154442
4269,4.71948,4.760043279396595,-0.04056327939659532
4270,4.6907983,4.75835546372822,-0.06755716372822018
4271,4.6646304,4.7560515307412095,-0.09142113074120939
4272,4.64523,4.753204379637364,-0.10797437963736467
4273,4.631373,4.749907256555993,-0.11853425655599281
4274,4.6222677,4.7462643105812266,-0.12399661058122646
4275,4.6161933,4.742390481999064,-0.12619718199906416
4276,4.61894,4.738507940400508,-0.11956794040050767
4277,4.626748,4.734865726413651,-0.10811772641365103
4278,4.6398096,4.731508751877018,-0.09169915187701783
4279,4.6600723,4.72844394225222,-0.06837164225221937
4280,4.6841474,4.725722693609477,-0.04157529360947709
4281,4.711018,4.723404767928254,-0.012386767928253661
4282,4.738788,4.721460789357365,0.01732721064263476
4283,4.7654376,4.719862090176847,0.04557550982315295
4284,4.790134,4.718586402587698,0.07154759741230254
4285,4.814626,4.7175970118644805,0.09702898813551908
4286,4.8362513,4.716932186968864,0.11931911303113552
4287,4.8553033,4.716614083811553,0.13868921618844698
4288,4.8737082,4.716599666267287,0.15710853373271316
4289,4.8863873,4.7168056830825575,0.16958161691744245
4290,4.896688,4.717080356752136,0.1796076432478637
4291,4.9022436,4.717291206273152,0.18495239372684846
4292,4.90191,4.717378913441361,0.18453108655863915
4293,4.900285,4.717327557118433,0.182957442881567
4294,4.8967123,4.717182444937416,0.1795298550625839
4295,4.89334,4.717009064064049,0.17633093593595106
4296,4.8919168,4.716826340046234,0.1750904599537657
4297,4.8914986,4.716624374243073,0.1748742257569269
4298,4.8923473,4.71643325721021,0.17591404278979006
4299,4.8938103,4.7162507164499265,0.17755958355007362
4300,4.8958697,4.7160314984077605,0.17983820159223995
4301,4.898505,4.715799845053354,0.18270515494664608
4302,4.901698,4.7155532361073105,0.1861447638926892
4303,4.90543,4.715281024089084,0.19014897591091628
4304,4.9096804,4.7149802708069615,0.19470012919303858
4305,4.914431,4.714621645276409,0.19980935472359107
4306,4.9196625,4.714207572268186,0.2054549277318145
4307,4.925356,4.713753421039805,0.21160257896019452
4308,4.931492,4.713269839055739,0.2182221609442614
4309,4.938051,4.712750201150095,0.22530079884990517
4310,4.945015,4.7121829884355035,0.23283201156449618
4311,4.952364,4.711570798649654,0.2407932013503462
4312,4.960079,4.710931277519938,0.24914772248006223
4313,4.968141,4.710274858756962,0.2578661412430385
4314,4.976531,4.709639548937939,0.2668914510620608
4315,4.9852295,4.70900583433761,0.27622366566239
4316,4.9942174,4.708369041951305,0.28584835804869524
4317,5.0034757,4.707747982688352,0.2957277173116477
4318,5.012985,4.707122242629308,0.3058627573706918
4319,5.022727,4.706516946837118,0.316210053162882
4320,5.032682,4.705939605202421,0.32674239479757894
4321,5.0428305,4.705379604987146,0.33745089501285364
4322,5.0531535,4.704813751716445,0.3483397482835544
4323,5.0636325,4.704238499371828,0.35939400062817217
4324,5.074248,4.703678014180502,0.37056998581949774
4325,5.0849805,4.70312574385053,0.38185475614947073
4326,5.095811,4.702544168838312,0.3932668311616885
4327,5.106721,4.701930053684935,0.4047909463150656
4328,5.1176906,4.701278086276231,0.41641251372376953
4329,5.1287007,4.700573570324716,0.42812712967528377
4330,5.139733,4.699827889805098,0.43990511019490164
4331,5.150767,4.699037580416643,0.4517294195833568
4332,5.1617846,4.698193072293277,0.46359152770672285
4333,5.143876,4.697294016679351,0.446581983320649
4334,5.107787,4.696364971278391,0.41142202872160905
4335,5.060061,4.695407792248542,0.3646532077514584
4336,5.017964,4.694405519837227,0.3235584801627729
4337,4.9855094,4.693376564655054,0.2921328353449457
4338,4.961926,4.692335174795523,0.2695908252044772
4339,4.948509,4.6912843216401665,0.2572246783598331
4340,4.9395785,4.690249134317295,0.24932936568270492
4341,4.936883,4.689227896951949,0.24765510304805094
4342,4.9328437,4.688211442059214,0.24463225794078625
4343,4.9294305,4.6872289721567295,0.2422015278432701
4344,4.92471,4.68628629402502,0.23842370597497986
4345,4.9207306,4.685394194102755,0.23533640589724492
4346,4.915657,4.68457871773439,0.2310782822656101
4347,4.909388,4.683835337454203,0.22555266254579642
4348,4.9082217,4.683165701476099,0.22505599852390112
4349,4.9055285,4.682560344007054,0.2229681559929464
4350,4.9075046,4.682019982806657,0.22548461719334334
4351,4.908593,4.681541118197255,0.22705188180274494
4352,4.9066687,4.681112768660176,0.22555593133982388
4353,4.904577,4.680746855903105,0.22383014409689483
4354,4.8969855,4.680447341915702,0.21653815808429844
4355,4.886444,4.680200207772921,0.20624379222707923
4356,4.8661346,4.680018687827146,0.18611591217285373
4357,4.8466177,4.679914630402135,0.1667030695978653
4358,4.825442,4.679889604996255,0.14555239500374473
4359,4.8099494,4.679949589869667,0.12999981013033324
4360,4.7964606,4.680095983279006,0.1163646167209933
4361,4.7858224,4.6803314717495095,0.10549092825049033
4362,4.7793393,4.680665878556026,0.09867342144397462
4363,4.7757154,4.6811027952722535,0.09461260472774669
4364,4.7766767,4.681613227875184,0.09506347212481625
4365,4.777432,4.682178994669989,0.09525300533001069
4366,4.7811074,4.682801650594557,0.09830574940544246
4367,4.786826,4.683483110254786,0.103342889745214
4368,4.7934484,4.684246375737512,0.10920202426248782
4369,4.8033447,4.685093231119627,0.11825146888037352
4370,4.814369,4.685992838187442,0.1283761618125583
4371,4.826856,4.686914472189649,0.1399415278103513
4372,4.841179,4.687846971699216,0.15333202830078463
4373,4.858842,4.68878287564635,0.17005912435365023
4374,4.8728323,4.689737862328626,0.18309443767137346
4375,4.8894086,4.690714814805543,0.19869378519445746
4376,4.9024343,4.691691564779685,0.2107427352203155
4377,4.9176755,4.692661275875438,0.2250142241245614
4378,4.9333434,4.693617466462133,0.23972593353786742
4379,4.949104,4.69455069770819,0.25455330229180984
4380,4.9649186,4.695426937488984,0.2694916625110162
4381,4.9807487,4.696220879713174,0.28452782028682666
4382,4.996555,4.696946295932562,0.2996087040674382
4383,5.012299,4.697599391811765,0.31469960818823495
4384,5.027941,4.698182389478591,0.3297586105214094
4385,5.043443,4.6986885563246865,0.3447544436753134
4386,5.058766,4.699130588783617,0.35963541121638354
4387,5.07387,4.699531919496215,0.3743380805037857
4388,5.0887175,4.699888653817314,0.38882884618268587
4389,5.1032686,4.700229878796329,0.40303872120367057
4390,5.117485,4.700538504185884,0.41694649581411625
4391,5.1313267,4.7008259919461866,0.43050070805381324
4392,5.1447563,4.701095267100826,0.4436610328991737
4393,5.157734,4.7013458931263035,0.45638810687369613
4394,5.170221,4.701502781468573,0.4687182185314267
4395,5.182178,4.701465994432041,0.480712005567959
4396,5.193567,4.701222075317895,0.4923449246821052
4397,5.2043486,4.700794795694648,0.5035538043053522
4398,5.2144837,4.700224499925495,0.5142592000745045
4399,5.2239337,4.6995032251358495,0.5244304748641504
4400,5.2326593,4.698601861256265,0.5340574387437345
4401,5.240622,4.69755476360527,0.5430672363947302
4402,5.2477827,4.696412017925454,0.5513706820745465
4403,5.254102,4.6952071308050005,0.5588948691949991
4404,5.2595425,4.693963759900088,0.5655787400999124
4405,5.2640634,4.69269295114311,0.5713704488568903
4406,5.267627,4.6913805511403535,0.5762464488596466
4407,5.270194,4.690036816025121,0.5801571839748787
4408,5.271725,4.688690318983004,0.5830346810169962
4409,5.270309,4.687340787388299,0.5829682126117008
4410,5.247104,4.685889896535131,0.5612141034648692
4411,5.204128,4.684272353189232,0.5198556468107682
4412,5.1458325,4.682496344844015,0.4633361551559849
4413,5.082404,4.680555859241582,0.40184814075841846
4414,5.022123,4.67854057658175,0.3435824234182494
4415,4.9690247,4.67655579805766,0.2924689019423399
4416,4.9249563,4.674639403129634,0.2503168968703662
4417,4.8890653,4.6727829057220305,0.2162823942779699
4418,4.8643003,4.670971584881214,0.1933287151187857
4419,4.843444,4.669258331383075,0.17418566861692497
4420,4.8316193,4.667682563675635,0.16393673632436467
4421,4.8257456,4.666269403952754,0.1594761960472466
4422,4.825181,4.665071716711103,0.16010928328889662
4423,4.8291345,4.664081749284113,0.165052750715887
4424,4.8365717,4.663259119273154,0.1733125807268463
4425,4.8465466,4.66257844905184,0.18396815094815988
4426,4.857993,4.662035891825273,0.1959571081747269
4427,4.871125,4.661626923985393,0.20949807601460702
4428,4.8848004,4.661343427118054,0.22345697288194533
4429,4.899253,4.661177463133933,0.23807553686606653
4430,4.9123034,4.661108618109445,0.2511947818905549
4431,4.924854,4.661134404556416,0.26371959544358425
4432,4.9350214,4.661248121094116,0.27377327890588443
4433,4.9433517,4.661434285319105,0.28191741468089493
4434,4.9407,4.6616975615918905,0.2790024384081091
4435,4.9397364,4.662052949452609,0.2776834505473911
4436,4.9368157,4.662511429265493,0.2743042707345076
4437,4.928833,4.6630719557521685,0.26576104424783153
4438,4.921596,4.66370918689421,0.25788681310578987
4439,4.910708,4.664417123929574,0.2462908760704252
4440,4.89903,4.665187034759442,0.2338429652405578
4441,4.889182,4.666005692444275,0.22317630755572448
4442,4.8827972,4.6668946538179625,0.2159025461820372
4443,4.8814993,4.667870274046851,0.21362902595314903
4444,4.884333,4.668928619133393,0.21540438086660707
4445,4.894092,4.670064124217453,0.22402787578254646
4446,4.901885,4.671299241255835,0.23058575874416487
4447,4.914154,4.672649335716889,0.24150466428311113
4448,4.92974,4.6740846128029805,0.2556553871970193
4449,4.9420877,4.675611565354987,0.2664761346450133
4450,4.9541693,4.677196932593159,0.2769723674068416
4451,4.9648743,4.678824700866996,0.2860495991330039
4452,4.9734607,4.680530185629924,0.29293051437007644
4453,4.979673,4.6823155909568595,0.29735740904314056
4454,4.9876804,4.684157518967828,0.3035228810321726
4455,4.9963264,4.686049164291699,0.310277235708301
4456,5.0054708,4.687955147117704,0.317515652882296
4457,5.015054,4.689767024685763,0.32528697531423756
4458,5.0250173,4.6915174996387075,0.33349980036129256
4459,5.0353017,4.693312790286793,0.3419889097132067
4460,5.045848,4.6951715324270245,0.3506764675729759
4461,5.0565968,4.697084143105383,0.3595126568946174
4462,5.06749,4.699035303536243,0.3684546964637576
4463,5.078468,4.701004623027504,0.37746337697249555
4464,5.0894713,4.702976156876349,0.38649514312365074
4465,5.100442,4.704925385098778,0.39551661490122214
4466,5.11132,4.706840502195446,0.4044794978045543
4467,5.122047,4.708712389348811,0.41333461065118904
4468,5.132564,4.710520555777606,0.42204344422239437
4469,5.1428113,4.712262023840437,0.43054927615956284
4470,5.1527305,4.7139238281513665,0.4388066718486332
4471,5.162262,4.715868243766671,0.4463937562333289
4472,5.1713476,4.717979458165874,0.453368141834126
4473,5.179928,4.719885757664888,0.4600422423351125
4474,5.1879435,4.721673654660746,0.4662698453392542
4475,5.1953354,4.723356534623694,0.4719788653763066
4476,5.202045,4.7249824805021285,0.4770625194978715
4477,5.2080135,4.726564890807999,0.48144860919200116
4478,5.2131815,4.7281403393890935,0.48504116061090663
4479,5.2174897,4.729688629168965,0.4878010708310345
4480,5.2208796,4.7312234259264825,0.48965617407351747
4481,5.2232914,4.732804321970933,0.49048707802906666
4482,5.2246666,4.734448314910668,0.4902182850893322
4483,5.2186456,4.736196847964296,0.4824487520357046
4484,5.189561,4.738103851871428,0.45145714812857207
4485,5.1530194,4.740200097673627,0.41281930232637265
4486,5.1180487,4.742471797850078,0.37557690214992245
4487,5.085373,4.744948561562646,0.3404244384373536
4488,5.0584893,4.747641590664668,0.3108477093353317
4489,5.0350876,4.750497742548467,0.2845898574515324
4490,5.015113,4.753518786289533,0.26159421371046765
4491,4.9938116,4.756668981577415,0.23714261842258466
4492,4.970945,4.759830092426018,0.21111490757398244
4493,4.9455543,4.762904480696777,0.1826498193032231
4494,4.921923,4.765814487625275,0.15610851237472456
4495,4.89907,4.768589955004906,0.13048004499509425
4496,4.8799524,4.771286721176638,0.10866567882336131
4497,4.863076,4.773904304571521,0.08917169542847958
4498,4.8500924,4.776499287006207,0.07359311299379367
4499,4.837569,4.7791124580392506,0.058456541960749675
4500,4.827274,4.781755684830271,0.04551831516972893
4501,4.816859,4.784404329657427,0.03245467034257299
4502,4.8018656,4.787057850018802,0.01480774998119827
4503,4.785432,4.7897236896227176,-0.004291689622717421
4504,4.7681437,4.792376925857344,-0.02423322585734322
4505,4.7512155,4.7949875917212035,-0.043772091721203665
4506,4.734437,4.797513551360597,-0.06307655136059687
4507,4.718282,4.799902453343149,-0.08162045334314882
4508,4.701488,4.802118126636473,-0.10063012663647264
4509,4.686942,4.804156132073502,-0.11721413207350206
4510,4.6714697,4.80602265350008,-0.13455295350008
4511,4.657387,4.807735835161433,-0.1503488351614335
4512,4.6439557,4.809264520777992,-0.1653088207779918
4513,4.631243,4.81062240593348,-0.17937940593347967
4514,4.619529,4.811879967424189,-0.192350967424189
4515,4.6087103,4.813058190085157,-0.20434789008515697
4516,4.5994763,4.814152832352335,-0.21467653235233453
4517,4.589168,4.815163228979621,-0.2259952289796212
4518,4.579314,4.816079711407074,-0.2367657114070738
4519,4.565747,4.816946191989599,-0.25119919198959906
4520,4.5539136,4.817817834457653,-0.26390423445765343
4521,4.542149,4.818686635762732,-0.2765376357627316
4522,4.5295496,4.819519735705218,-0.289970135705218
4523,4.5211678,4.820286944605626,-0.2991191446056263
4524,4.523278,4.820974263760134,-0.2976962637601339
4525,4.527803,4.821572801823176,-0.293769801823176
4526,4.5346003,4.822079640265152,-0.28747934026515143
4527,4.54353,4.822485620137284,-0.2789556201372845
4528,4.5544515,4.82274698751885,-0.26829548751885035
4529,4.567224,4.8228458046982,-0.2556218046981993
4530,4.581707,4.822769118489097,-0.2410621184890971
4531,4.5977597,4.822313636934413,-0.22455393693441295
4532,4.615242,4.821358833049574,-0.20611683304957396
4533,4.6340137,4.820032192736736,-0.18601849273673654
4534,4.653933,4.818335497044316,-0.16440249704431587
4535,4.67486,4.816263361104883,-0.14140336110488327
4536,4.696654,4.813852615955641,-0.1171986159556413
4537,4.719174,4.811125717413773,-0.09195171741377361
4538,4.74228,4.8081272288757075,-0.06584722887570749
4539,4.7658315,4.805027315135684,-0.03919581513568371
4540,4.7896876,4.801950957552812,-0.01226335755281216
4541,4.8137074,4.798912667013685,0.014794732986315395
4542,4.837751,4.79603089560499,0.04172010439500973
4543,4.8616767,4.793329899423901,0.06834680057609965
4544,4.8853455,4.7907810023988056,0.09456449760119412
4545,4.9086156,4.78848247229922,0.12013312770077977
4546,4.931343,4.786461238185641,0.14488176181435897
4547,4.9533944,4.784728208243494,0.16866619175650577
4548,4.974626,4.78325929087185,0.19136670912814946
4549,4.994897,4.781979852788205,0.21291714721179478
4550,5.014066,4.7808444738965425,0.23322152610345714
4551,5.031994,4.779791963935652,0.25220203606434843
4552,5.048539,4.7788038565004385,0.2697351434995614
4553,5.0635614,4.777873616992903,0.28568778300709763
4554,5.0769196,4.7769966549830185,0.2999229450169816
4555,5.0884733,4.776203696590036,0.31226960340996435
4556,5.0980825,4.7754827377492335,0.3225997622507668
4557,5.1056066,4.774850670827124,0.33075592917287544
4558,5.110904,4.774314322062737,0.3365896779372628
4559,5.113835,4.773849872987798,0.33998512701220207
4560,5.1135364,4.77349022415566,0.34004617584434005
4561,5.064303,4.773222022260268,0.29108097773973185
4562,5.067324,4.773042842060605,0.2942811579393956
4563,5.061699,4.772926774949586,0.28877222505041367
4564,5.0392194,4.772818142529875,0.26640125747012533
4565,5.0107074,4.772711431619969,0.237995968380031
4566,4.982037,4.772598178674116,0.2094388213258842
4567,4.9535437,4.772459641797474,0.1810840582025257
4568,4.9275393,4.772286942318144,0.15525235768185652
4569,4.90488,4.772094430093311,0.1327855699066891
4570,4.8877816,4.771904722646164,0.1158768773538359
4571,4.878829,4.771722721850872,0.10710627814912765
4572,4.876635,4.7715541888412325,0.10508081115876777
4573,4.8781443,4.771400363205038,0.10674393679496141
4574,4.883884,4.7712546167291885,0.11262938327081162
4575,4.891393,4.771122428214853,0.12027057178514688
4576,4.9011207,4.771007757792403,0.13011294220759684
4577,4.9151697,4.770946200991543,0.144223499008457
4578,4.927875,4.770921606543445,0.156953393456555
4579,4.9426293,4.770865412416214,0.17176388758378636
4580,4.949819,4.7707655395434765,0.17905346045652326
4581,4.955319,4.7705974611992135,0.1847215388007868
4582,4.95841,4.770305193162517,0.1881048068374831
4583,4.954244,4.7698896310727426,0.18435436892725754
4584,4.9491754,4.769391372480563,0.17978402751943623
4585,4.94921,4.7688366309513635,0.18037336904863643
4586,4.9474096,4.768240344691873,0.17916925530812744
4587,4.943333,4.767585554065162,0.17574744593483782
4588,4.9446573,4.766854240004902,0.1778030599950986
4589,4.9481845,4.7660471782644995,0.18213732173550046
4590,4.959125,4.765195380801864,0.19392961919813612
4591,4.971634,4.764313618276326,0.20732038172367417
4592,4.987068,4.763427637332868,0.2236403626671315
4593,5.0046887,4.762535620488939,0.2421530795110609
4594,5.0150824,4.76161598606022,0.25346641393977976
4595,5.0218344,4.760691534138897,0.26114286586110325
4596,5.028449,4.7597292389731445,0.2687197610268557
4597,5.024348,4.758678795747979,0.26566920425202056
4598,5.011701,4.757538280677972,0.2541627193220286
4599,4.9927573,4.756318823167835,0.23643847683216546
4600,4.969355,4.755078011074241,0.21427698892575897
4601,4.9575768,4.7538759642945,0.2037008357054999
4602,4.9599123,4.752685367662747,0.2072269323372531
4603,4.9646153,4.751478465839951,0.21313683416004903
4604,4.971485,4.750209499227524,0.22127550077247626
4605,4.9803214,4.748892389580489,0.23142901041951092
4606,4.9909234,4.747561976597052,0.24336142340294753
4607,5.0030913,4.7462188600481685,0.25687243995183184
4608,5.0166235,4.744877892591582,0.2717456074084179
4609,5.0313196,4.7435512995480105,0.2877683004519893
4610,5.0469794,4.7422471505679775,0.30473224943202215
4611,5.0634027,4.740951365572233,0.3224513344277673
4612,5.0803876,4.739656138184417,0.340731461815583
4613,5.097735,4.7383782682976765,0.35935673170232363
4614,5.1152434,4.737122487287926,0.37812091271207393
4615,5.132713,4.735879817162663,0.39683318283733726
4616,5.149942,4.734647527799153,0.4152944722008476
4617,5.166731,4.7332942410331915,0.4334367589668089
4618,5.182879,4.731772970100607,0.4511060298993925
4619,5.1981854,4.73020781346147,0.46797758653853005
4620,5.2124496,4.728618081083042,0.48383151891695864
4621,5.225471,4.7269776036997735,0.49849339630022627
4622,5.237049,4.72528766672942,0.5117613332705799
4623,5.247525,4.7235581667970665,0.5239668332029339
4624,5.2609963,4.721791004810733,0.5392052951892676
4625,5.268014,4.720001619356951,0.5480123806430486
4626,5.270038,4.718173494739759,0.5518645052602409
4627,5.2656665,4.716299457610584,0.5493670423894157
4628,5.2561755,4.714384036370528,0.5417914636294725
4629,5.2413645,4.71241497786997,0.5289495221300307
4630,5.222531,4.710419727559401,0.512111272440599
4631,5.1977944,4.70838764062515,0.4894067593748499
4632,5.1754575,4.706345809906323,0.46911169009367715
4633,5.1508,4.7043515468573,0.44644845314270043
4634,5.122638,4.702400257676165,0.4202377423238355
4635,5.093194,4.700483870227473,0.39271012977252706
4636,5.0579886,4.698591772813079,0.359396827186921
4637,5.0239096,4.696718427997006,0.3271911720029941
4638,4.9844565,4.694869761831608,0.2895867381683921
4639,4.9394794,4.693042641017992,0.246436758982008
4640,4.891825,4.691237665562682,0.20058733443731747
4641,4.8430524,4.689456223200264,0.15359617679973603
4642,4.7949,4.687691489637175,0.10720851036282486
4643,4.749203,4.685929720852229,0.06327327914777037
4644,4.708178,4.684170789960916,0.024007210039084015
4645,4.6752234,4.682425152935919,-0.007201752935919181
4646,4.64996,4.680688461206444,-0.03072846120644357
4647,4.6277914,4.678966593361092,-0.05117519336109133
4648,4.611701,4.67726909722474,-0.06556809722474011
4649,4.596246,4.675609955037752,-0.07936395503775184
4650,4.5853477,4.674005250802152,-0.08865755080215187
4651,4.57558,4.672447129028051,-0.09686712902805095
4652,4.5688486,4.670976451808432,-0.10212785180843209
4653,4.564148,4.669716393575942,-0.1055683935759415
4654,4.5642242,4.6686949274949034,-0.10447072749490349
4655,4.5664315,4.667843769191656,-0.10141226919165547
4656,4.5694995,4.667161586544439,-0.09766208654443886
4657,4.575831,4.6666133101032905,-0.09078231010329052
4658,4.583423,4.666218446458168,-0.08279544645816816
4659,4.593109,4.666025856993765,-0.07291685699376504
4660,4.60407,4.6660195060377445,-0.061949506037744406
4661,4.6155953,4.666179094428881,-0.05058379442888139
4662,4.631223,4.6667405212714685,-0.03551752127146823
4663,4.648045,4.667661912494269,-0.019616912494269556
4664,4.6662803,4.668644536877122,-0.002364236877121506
4665,4.6852593,4.66967269614832,0.015586603851680536
4666,4.704242,4.670748238845082,0.033493761154917756
4667,4.7219534,4.671845236994623,0.050108163005377016
4668,4.7373557,4.672962630138574,0.0643930698614259
4669,4.751069,4.674078475462052,0.07699052453794852
4670,4.760328,4.67515287614411,0.08517512385589043
4671,4.762703,4.676205547689564,0.08649745231043582
4672,4.759151,4.677244983375738,0.081906016624262
4673,4.746728,4.678231362832423,0.06849663716757703
4674,4.7317758,4.6791921105785,0.0525836894215006
4675,4.7155185,4.680133401286612,0.03538509871338835
4676,4.700783,4.681005643991787,0.01977735600821351
4677,4.69014,4.68180147561892,0.00833852438108007
4678,4.6914167,4.682535470051594,0.008881229948406677
4679,4.694886,4.683228792809953,0.011657207190046925
4680,4.7002535,4.6838895315986315,0.016363968401368112
4681,4.707378,4.684549079397457,0.022828920602543157
4682,4.7161183,4.685251513912212,0.030866786087787368
4683,4.726334,4.685992960918412,0.04034103908158748
4684,4.7378836,4.68673296365143,0.05115063634857009
4685,4.750626,4.687430692676404,0.06319530732359535
4686,4.76442,4.688064925476373,0.07635507452362766
4687,4.7791257,4.6886309580914585,0.09049474190854134
4688,4.794601,4.689118643955153,0.10548235604484724
4689,4.8107047,4.689516534492144,0.1211881655078555
4690,4.8272963,4.689824502948192,0.13747179705180823
4691,4.844235,4.690007265852283,0.1542277341477174
4692,4.8613787,4.690057003005168,0.17132169699483235
4693,4.8785877,4.689994816217708,0.18859288378229166
4694,4.8957195,4.689822698350724,0.20589680164927593
4695,4.9126344,4.689553791363147,0.2230806086368533
4696,4.929191,4.6891862193528056,0.24000478064719477
4697,4.945248,4.688751938424516,0.25649606157548455
4698,4.9606643,4.688281881952926,0.27238241804707464
4699,4.9752994,4.687777916586918,0.2875214834130819
4700,4.9890113,4.687274550330301,0.30173674966969877
4701,5.00166,4.686810274957516,0.31484972504248443
4702,5.0131035,4.686422322848471,0.3266811771515288
4703,5.0232015,4.686112547997133,0.33708895200286726
4704,5.0318127,4.6858635305083345,0.3459491694916652
4705,5.038796,4.6856763619164115,0.35311963808358815
4706,5.04401,4.685552102715184,0.3584578972848158
4707,5.047315,4.685487777659252,0.3618272223407484
4708,5.046691,4.685479203916314,0.36121179608368603
4709,4.9883847,4.685526700158566,0.302857999841434
4710,4.905477,4.685611746111385,0.21986525388861544
4711,4.8223276,4.685751066505585,0.13657653349441556
4712,4.7471976,4.6859895856319245,0.061208014368075325
4713,4.6863303,4.686332083469633,-1.7834696333096645e-06
4714,4.6375895,4.686767204469452,-0.04917770446945191
4715,4.6037292,4.687267920139202,-0.0835387201392015
4716,4.5821314,4.687855697053575,-0.105724297053575
4717,4.56576,4.688523603878801,-0.12276360387880114
4718,4.5604925,4.689239250559633,-0.12874675055963358
4719,4.561157,4.690009167498739,-0.1288521674987395
4720,4.563102,4.690790984604209,-0.12768898460420885
4721,4.564246,4.691594585730073,-0.1273485857300729
4722,4.565226,4.692419909465065,-0.12719390946506515
4723,4.5665383,4.693241656501021,-0.12670335650102071
4724,4.5686307,4.6940634090309326,-0.12543270903093262
4725,4.5755973,4.694870258717927,-0.11927295871792687
4726,4.587362,4.695682899985849,-0.10832089998584937
4727,4.604916,4.696496179310058,-0.09158017931005791
4728,4.6275854,4.69730798242539,-0.0697225824253902
4729,4.653132,4.698134961391498,-0.045002961391498175
4730,4.679572,4.698981487638113,-0.019409487638112566
4731,4.707795,4.699877355347798,0.007917644652201794
4732,4.734726,4.700827602002149,0.033898397997851326
4733,4.7612085,4.7018316890988485,0.05937681090115188
4734,4.7836914,4.702901811540304,0.0807895884596963
4735,4.8060675,4.704035658223027,0.10203184177697278
4736,4.8260684,4.7052412923712,0.12082710762879945
4737,4.844819,4.706513740345037,0.1383052596549632
4738,4.861529,4.707841003913989,0.1536879960860107
4739,4.8737707,4.709213844937091,0.16455685506290862
4740,4.8868155,4.710601589540653,0.17621391045934676
4741,4.894088,4.711965776851543,0.18212222314845672
4742,4.896281,4.713271014422882,0.1830099855771179
4743,4.894528,4.714481400287237,0.18004659971276293
4744,4.890106,4.715568459298728,0.17453754070127214
4745,4.8840823,4.716549227566763,0.1675330724332369
4746,4.87477,4.717434728881852,0.15733527111814816
4747,4.8671026,4.718325995405576,0.1487766045944241
4748,4.8582816,4.719305222271362,0.13897637772863813
4749,4.850963,4.720325689466541,0.1306373105334595
4750,4.841736,4.721376180652022,0.12035981934797846
4751,4.8378444,4.722457017207878,0.11538738279212168
4752,4.839932,4.723550721800613,0.1163812781993867
4753,4.843972,4.7245930023924325,0.11937899760756743
4754,4.8498225,4.72554088325734,0.12428161674266036
4755,4.8573413,4.727112536847361,0.13022876315263865
4756,4.8663855,4.729197675089184,0.13718782491081605
4757,4.876813,4.73110942679661,0.14570357320339067
4758,4.8884807,4.73298915650492,0.15549154349507965
4759,4.9012465,4.734824991112962,0.166421508887038
4760,4.914968,4.736573852690661,0.1783941473093389
4761,4.929503,4.73824125259683,0.19126174740317037
4762,4.944709,4.739858106284476,0.20485089371552334
4763,4.9604425,4.741416961849234,0.21902553815076597
4764,4.9765625,4.7429132469982775,0.23364925300172246
4765,4.992925,4.744325684484608,0.24859931551539205
4766,5.0093894,4.745596654345252,0.2637927456547482
4767,5.0258117,4.746734024643436,0.27907767535656447
4768,5.04205,4.747728025170087,0.29432197482991285
4769,5.057962,4.7485619363145135,0.30940006368548634
4770,5.0734053,4.749273465240012,0.32413183475998775
4771,5.088237,4.749881405905376,0.3383555940946241
4772,5.1023145,4.750435379998876,0.351879120001124
4773,5.115496,4.750944735190712,0.3645512648092879
4774,5.127639,4.751373975892692,0.3762650241073082
4775,5.1386003,4.7517370934517285,0.3868632065482718
4776,5.1482377,4.752060303431144,0.39617739656885576
4777,5.1564097,4.752336723913864,0.40407297608613657
4778,5.1629725,4.752509799460802,0.4104627005391981
4779,5.1677847,4.752567445811414,0.4152172541885859
4780,5.170703,4.752533088541305,0.418169911458695
4781,5.1661816,4.7523959275257575,0.41378567247424236
4782,5.1300073,4.752153107285314,0.3778541927146861
4783,5.096868,4.7518539943976545,0.3450140056023452
4784,5.0614495,4.751503034929431,0.3099464650705688
4785,5.0267553,4.751053633979388,0.27570166602061175
4786,5.002546,4.750503035049864,0.2520429649501361
4787,4.9859076,4.749877710523369,0.23602988947663128
4788,4.976688,4.749229077048384,0.22745892295161596
4789,4.975029,4.748596526196518,0.22643247380348175
4790,4.977929,4.747973406035557,0.22995559396444243
4791,4.984402,4.747400496949298,0.23700150305070178
4792,4.9949603,4.7468853456785425,0.24807495432145732
4793,5.003957,4.746427890663004,0.25752910933699535
4794,5.0088663,4.7460791083738,0.26278719162620057
4795,5.0125995,4.745854356335193,0.2667451436648074
4796,5.015904,4.745762208931365,0.27014179106863523
4797,5.0188274,4.745787262844583,0.27304013715541675
4798,5.021415,4.745941572358603,0.2754734276413968
4799,5.023714,4.746235634650762,0.2774783653492383
4800,5.0257697,4.746634109378066,0.2791355906219337
4801,5.0276294,4.7471092882007495,0.28052011179925085
4802,5.029339,4.747622388640319,0.2817166113596814
4803,5.030945,4.748192034563395,0.2827529654366048
4804,5.032493,4.7488282142650995,0.28366478573490017
4805,5.034031,4.749518095613913,0.28451290438608634
4806,5.0356035,4.7502934561360455,0.2853100438639542
4807,5.0372586,4.751143211369525,0.28611538863047503
4808,5.039041,4.752044545967992,0.2869964540320078
4809,5.040999,4.753111875477407,0.2878871245225936
4810,5.043177,4.754361210275057,0.2888157897249428
4811,5.0456223,4.75572289541208,0.28989940458791974
4812,5.048382,4.757183554434789,0.291198445565211
4813,5.051501,4.758716665945247,0.2927843340547529
4814,5.055026,4.7603280918276845,0.29469790817231534
4815,5.0590043,4.762005203910363,0.29699909608963715
4816,5.063482,4.763728970062752,0.2997530299372473
4817,5.0685043,4.765450877466206,0.30305342253379397
4818,5.074119,4.767138043572595,0.3069809564274042
4819,5.080372,4.768807735037252,0.3115642649627475
4820,5.087309,4.7704033965761266,0.31690560342387375
4821,5.094977,4.771889665382907,0.32308733461709327
4822,5.1034384,4.773281694916749,0.330156705083251
4823,5.1053,4.77457410251305,0.3307258974869498
4824,5.1022077,4.775775878279601,0.32643182172039875
4825,5.0972466,4.7768994227844646,0.3203471772155355
4826,5.089849,4.777922710292983,0.3119262897070172
4827,5.084259,4.778875496651683,0.30538350334831765
4828,5.077786,4.779814853349887,0.29797114665011293
4829,5.072899,4.780716931541204,0.29218206845879546
4830,5.0717263,4.781563832618632,0.29016246738136786
4831,5.0757556,4.7823730423064115,0.29338255769358845
4832,5.081192,4.783131160484107,0.2980608395158928
4833,5.0884376,4.7838123327278925,0.30462526727210726
4834,5.099505,4.7844406109752775,0.3150643890247222
4835,5.1100106,4.7850297855593364,0.3249808144406634
4836,5.1218,4.78557753259398,0.3362224674060199
4837,5.1344943,4.786109335083829,0.3483849649161712
4838,5.148974,4.7866147867232804,0.3623592132767195
4839,5.1606903,4.787068317374292,0.3736219826257079
4840,5.1722107,4.787462748468774,0.3847479515312262
4841,5.18419,4.787774898103443,0.39641510189655715
4842,5.1939874,4.78800839413173,0.40597900586826974
4843,5.2042975,4.788155732609665,0.4161417673903349
4844,5.2135477,4.788143076331386,0.425404623668614
4845,5.2208505,4.787937262319213,0.43291323768078716
4846,5.2321844,4.787497878533041,0.4446865214669593
4847,5.233124,4.786808811896703,0.44631518810329673
4848,5.2319794,4.785898832108376,0.44608056789162376
4849,5.232884,4.784724619777437,0.4481593802225632
4850,5.22376,4.7833133282553115,0.4404466717446889
4851,5.2138495,4.781765213469815,0.43208428653018505
4852,5.200822,4.78014793550469,0.42067406449530953
4853,5.1861877,4.778539499301765,0.40764820069823493
4854,5.1687384,4.776936010857475,0.39180238914252463
4855,5.14808,4.775300070653851,0.3727799293461489
4856,5.120526,4.773641806394736,0.34688419360526357
4857,5.0842514,4.771981611879381,0.3122697881206191
4858,5.0416064,4.770332357536757,0.2712740424632427
4859,4.9926505,4.768701124552196,0.2239493754478037
4860,4.947297,4.767097710918812,0.18019928908118743
4861,4.9005194,4.765524401620097,0.13499499837990303
4862,4.852381,4.763997255800054,0.08838374419994643
4863,4.808259,4.762551078538039,0.04570792146196023
4864,4.7652283,4.7612262230694204,0.0040020769305799675
4865,4.724941,4.760012421092194,-0.03507142109219341
4866,4.686238,4.758913191997337,-0.07267519199733652
4867,4.649508,4.757938022417099,-0.10843002241709865
4868,4.6177664,4.757066921775363,-0.1393005217753629
4869,4.58947,4.756320173584854,-0.16685017358485332
4870,4.566574,4.7556853725145265,-0.18911137251452637
4871,4.547035,4.7551655336800795,-0.2081305336800794
4872,4.53593,4.754756629706917,-0.21882662970691769
4873,4.530616,4.7544295943235975,-0.22381359432359726
4874,4.5330114,4.754221538959813,-0.22121013895981267
4875,4.5402627,4.754150782583797,-0.21388808258379655
4876,4.5534997,4.754188443105523,-0.20068874310552332
4877,4.571105,4.754336950764219,-0.1832319507642186
4878,4.593423,4.754594243223239,-0.16117124322323928
4879,4.6213465,4.754986490245519,-0.13363999024551898
4880,4.652673,4.7554793000600375,-0.10280630006003744
4881,4.681549,4.756038505981792,-0.07448950598179138
4882,4.7141047,4.756683156319219,-0.04257845631921864
4883,4.7454734,4.757454168929122,-0.011980768929122476
4884,4.774363,4.758100766724473,0.016262233275527116
4885,4.805616,4.758638153314005,0.04697784668599425
4886,4.8333063,4.759287855936488,0.07401844406351188
4887,4.860621,4.76001992985295,0.10060107014705011
4888,4.888163,4.760856222673529,0.12730677732647067
4889,4.9156113,4.761753620031699,0.1538576799683007
4890,4.9387403,4.762693066910766,0.17604723308923376
4891,4.962559,4.763664891501478,0.1988941084985214
4892,4.985476,4.76465588184378,0.2208201181562206
4893,5.005637,4.76581603117682,0.23982096882317983
4894,5.028228,4.767098695634384,0.26112930436561665
4895,5.045214,4.7683348751505,0.2768791248494997
4896,5.062851,4.769540275678331,0.29331072432166927
4897,5.0797076,4.770703174050049,0.3090044259499507
4898,5.09448,4.771827282656138,0.32265271734386225
4899,5.10786,4.772934895797083,0.33492510420291666
4900,5.11645,4.774041795133193,0.3424082048668078
4901,5.1231666,4.775123296000389,0.3480433039996109
4902,5.125388,4.776201010652865,0.3491869893471353
4903,5.1215405,4.777327401768354,0.3442130982316458
4904,5.1135077,4.7785347904207205,0.33497290957927994
4905,5.102149,4.779844804503574,0.3223041954964261
4906,5.094662,4.781267561747058,0.3133944382529412
4907,5.0904455,4.782859178725458,0.30758632127454266
4908,5.0921226,4.784640097543308,0.3074825024566916
4909,5.0950317,4.786638134702858,0.3083935652971421
4910,5.102227,4.788809681363875,0.3134173186361249
4911,5.111329,4.7910856659708685,0.3202433340291311
4912,5.1219254,4.79347609154088,0.32844930845912046
4913,5.135194,4.79597631047192,0.3392176895280805
4914,5.1505475,4.798579433455464,0.3519680665445364
4915,5.162992,4.801276476795461,0.3617155232045386
4916,5.1752906,4.804068963991099,0.3712216360089009
4917,5.188273,4.806914613480884,0.3813583865191159
4918,5.20019,4.809742650824915,0.3904473491750853
4919,5.212507,4.812527670124458,0.3999793298755412
4920,5.2289267,4.81530411776085,0.4136225822391495
4921,5.235504,4.818089667968233,0.4174143320317665
4922,5.246375,4.820823307445125,0.42555169255487435
4923,5.2560773,4.82348398257018,0.43259331742982
4924,5.2671638,4.826086591852769,0.44107720814723095
4925,5.276708,4.82863401894013,0.4480739810598706
4926,5.286984,4.831108769236348,0.45587523076365244
4927,5.2980304,4.833497933520378,0.4645324664796222
4928,5.3077197,4.835801456225469,0.47191824377453084
4929,5.3154135,4.838009138761127,0.4774043612388734
4930,5.3262873,4.84011838972481,0.4861689102751896
4931,5.334803,4.842136176168673,0.49266682383132654
4932,5.3428183,4.844104249576334,0.4987140504236667
4933,5.35094,4.846020979306847,0.5049190206931522
4934,5.357177,4.847863947315448,0.5093130526845524
4935,5.366441,4.8495737505522865,0.5168672494477136
4936,5.373933,4.85110208112978,0.5228309188702198
4937,5.379156,4.8524192176176815,0.5267367823823186
4938,5.3842664,4.853476205477058,0.5307901945229414
4939,5.3889675,4.854240108823714,0.5347273911762853
4940,5.3932257,4.854709697481367,0.5385160025186337
4941,5.397009,4.854915800571524,0.5420931994284759
4942,5.400283,4.85488368447909,0.5453993155209096
4943,5.4030147,4.854672318225998,0.5483423817740016
4944,5.4051714,4.854318636369199,0.5508527636308012
4945,5.4067187,4.853823161477091,0.5528955385229093
4946,5.4076247,4.853205268022672,0.5544194319773288
4947,5.408512,4.852464377332967,0.556047622667033
4948,5.408053,4.851601382337861,0.5564516176621384
4949,5.403343,4.850610235705541,0.5527327642944586
4950,5.396743,4.849425527349216,0.5473174726507839
4951,5.3907404,4.847943404213149,0.5427969957868513
4952,5.382488,4.846053660891197,0.5364343391088031
4953,5.3749914,4.843643039690721,0.5313483603092788
4954,5.366183,4.840592506302147,0.5255904936978535
4955,5.354142,4.83679299512752,0.5173490048724805
4956,5.339843,4.83216138188487,0.5076816181151305
4957,5.3232856,4.826680162374792,0.4966054376252078
4958,5.2985864,4.820299468850558,0.47828693114944176
4959,5.279734,4.813051379750267,0.46668262024973295
4960,5.254073,4.805139326915113,0.44893367308488674
4961,5.232595,4.796807202842186,0.4357877971578139
4962,5.2159643,4.7882746355324315,0.42768966446756895
4963,5.2005124,4.779764586039194,0.42074781396080585
4964,5.1843085,4.771517726025613,0.412790773974387
4965,5.1734195,4.76391886555931,0.40950063444068974
4966,5.163388,4.757090816490679,0.406297183509321
4967,5.153817,4.7510077133845,0.40280928661549975
4968,5.1449914,4.745790991050665,0.3992004089493353
4969,5.1405454,4.741479645614918,0.39906575438508174
4970,5.1370096,4.738063620362683,0.3989459796373165
4971,5.1355286,4.735546965062956,0.39998163493704375
4972,5.1332407,4.733945888374813,0.3992948116251869
4973,5.1297727,4.733269276343104,0.3965034236568963
4974,5.126261,4.733510547266657,0.39275045273334364
4975,5.118347,4.734608808990512,0.38373819100948836
4976,5.109798,4.73647936381552,0.3733186361844796
4977,5.104851,4.739075738918388,0.3657752610816116
4978,5.1003604,4.742348210218715,0.35801218978128446
4979,5.098709,4.746239862513494,0.35246913748650677
4980,5.119098,4.750722713330738,0.368375286669262
4981,5.030196,4.755759532021089,0.2744364679789113
4982,5.2757254,4.761318076820904,0.5144073231790962
4983,5.246472,4.767363422706527,0.47910857729347267
4984,5.2014456,4.773828358390315,0.42761724160968484
4985,5.2031927,4.780662622402587,0.422530077597413
4986,5.2061415,4.78784717366344,0.41829432633655994
4987,5.2101965,4.7953720417721675,0.41482445822783287
4988,5.215261,4.803220348781293,0.4120406512187067
4989,5.221239,4.811350797707941,0.40988820229205913
4990,5.2280345,4.819775981084126,0.40825851891587384
4991,5.2355514,4.8284076601250305,0.40714373987496977
4992,5.2436934,4.8371000878730825,0.4065933121269172
4993,5.252364,4.8458147796174575,0.4065492203825425
4994,5.2614675,4.85454414653189,0.4069233534681098
4995,5.2709074,4.86330248024757,0.40760491975242985
4996,5.280588,4.872051111701612,0.4085368882983875
4997,5.290413,4.880715541902996,0.4096974580970043
4998,5.3002853,4.8892596359066465,0.41102566409335317
4999,5.31011,4.8977070513760514,0.41240294862394844
5000,5.319791,4.9061731795291905,0.41361782047080986
5001,5.3300033,4.9147117788905685,0.4152915211094319
5002,5.3390746,4.923350937854028,0.4157236621459717
5003,5.347705,4.932062984217732,0.415642015782268
5004,5.3557982,4.940662364258827,0.4151358357411725
5005,5.3632584,4.949007340012101,0.41425105998789924
5006,5.36999,4.9569075978492165,0.41308240215078307
5007,5.3758955,4.96412643551565,0.4117690644843508
5008,5.3808794,4.970609761963806,0.4102696380361941
5009,5.384846,4.976388552372974,0.4084574476270255
5010,5.3876987,4.9813481960859844,0.40635050391401517
5011,5.389341,4.985470392259725,0.4038706077402745
5012,5.3911657,4.9887557287638895,0.40240997123611066
5013,5.3860865,4.991261658315701,0.394824841684299
5014,5.37175,4.99318448123731,0.37856551876268973
5015,5.3498545,4.994571849998705,0.35528265000129533
5016,5.318835,4.995465319020691,0.32336968097930896
5017,5.2915564,4.995889537270789,0.2956668627292114
5018,5.264873,4.998118155857798,0.2667548441422021
5019,5.241984,4.997178389111799,0.24480561088820174
5020,5.223453,4.995516871505772,0.22793612849422829
5021,5.2035565,4.99435777040272,0.20919872959728014
5022,5.186559,4.990417341135199,0.19614165886480084
5023,5.1641574,4.985799635079285,0.17835776492071442
5024,5.1451926,4.981321614141297,0.1638709858587024
5025,5.124625,4.977118124785954,0.14750687521404604
5026,5.1103854,4.9732370447065195,0.13714835529348068
5027,5.0996737,4.969711992724386,0.12996170727561474
5028,5.094564,4.966535375760381,0.1280286242396187
5029,5.0901313,4.963668922698633,0.1264623773013671
5030,5.0938287,4.961055097090661,0.1327736029093396
5031,5.0991015,4.958550625978748,0.140550874021252
5032,5.10924,4.955970577310142,0.1532694226898581
5033,5.113327,4.953206092689358,0.16012090731064177
5034,5.117279,4.950215787107386,0.1670632128926135
5035,5.1195874,4.94691871965194,0.17266868034806038
5036,5.122323,4.943244216675863,0.17907878332413674
5037,5.124974,4.939283793912087,0.1856902060879131
5038,5.1245704,4.935247093473809,0.189323306526191
5039,5.1234336,4.931340418122466,0.1920931818775342
5040,5.1225867,4.9276813861993025,0.19490531380069775
5041,5.120237,4.924318361527399,0.1959186384726017
5042,5.1139975,4.921287665103561,0.1927098348964389
5043,5.1044974,4.9185622335056385,0.18593516649436115
5044,5.093822,4.916073887202696,0.17774811279730418
5045,5.0816855,4.91376020128455,0.16792529871545003
5046,5.066561,4.911537527979119,0.15502347202088096
5047,5.0570397,4.909303199037957,0.1477365009620426
5048,5.0484805,4.9070181919227105,0.14146230807728966
5049,5.0432053,4.904681030641443,0.1385242693585571
5050,5.041932,4.902321437270256,0.13961056272974393
5051,5.041648,4.899883473303618,0.14176452669638273
5052,5.0453577,4.897287847091926,0.1480698529080744
5053,5.053991,4.89454877420341,0.15944222579658973
5054,5.0637565,4.8916372065434786,0.17211929345652166
5055,5.0760217,4.88851795356621,0.18750374643378986
5056,5.0910287,4.88516551116215,0.20586318883785015
5057,5.1090145,4.881501936870863,0.22751256312913704
5058,5.1213913,4.877615523744067,0.24377577625593272
5059,5.1305847,4.873422910771963,0.2571617892280367
5060,5.13719,4.86880334305886,0.26838665694114017
5061,5.1418033,4.863793269531042,0.2780100304689581
5062,5.1450205,4.85835493319721,0.28666556680279065
5063,5.1474366,4.852497027676557,0.29493957232344314
5064,5.149647,4.846241786996221,0.30340521300377876
5065,5.152249,4.8396129296128585,0.3126360703871418
5066,5.1558366,4.832624828223593,0.3232117717764069
5067,5.1610065,4.825285173336386,0.3357213266636139
5068,5.168354,4.817659484228118,0.35069451577188193
5069,5.178475,4.80981917124141,0.36865582875859015
5070,5.1937485,4.801832026031077,0.39191647396892293
5071,5.207596,4.793738088532354,0.4138579114676455
5072,5.2269635,4.785579316065517,0.441384183934483
5073,5.243008,4.777439238288342,0.4655687617116575
5074,5.2615466,4.769371182020806,0.49217541797919395
5075,5.2743235,4.761434762988849,0.512888737011151
5076,5.28346,4.753657253179412,0.5298027468205877
5077,5.287506,4.746071327902091,0.5414346720979086
5078,5.283275,4.738707865803059,0.5445671341969405
5079,5.2721667,4.731567752659847,0.5405989473401522
5080,5.26141,4.724672233311852,0.5367377666881481
5081,5.249627,4.718033209559535,0.5315937904404651
5082,5.2349515,4.71162740920884,0.52332409079116
5083,5.2185965,4.705474620548699,0.513121879451301
5084,5.200192,4.699599772516591,0.5005922274834091
5085,5.1816864,4.693980213141522,0.4877061868584782
5086,5.1544943,4.6886043247749445,0.46588997522505515
5087,5.137475,4.6835006105950185,0.4539743894049817
5088,5.1207232,4.678705725225229,0.4420174747747705
5089,5.1060977,4.674142966727407,0.43195473327259304
5090,5.0939474,4.669771148127953,0.4241762518720469
5091,5.0837326,4.665628735764263,0.41810386423573753
5092,5.0758615,4.661730541199459,0.4141309588005413
5093,5.065881,4.658066292331547,0.40781470766845285
5094,5.059489,4.654608559305939,0.40488044069406115
5095,5.058387,4.651380526216116,0.4070064737838841
5096,5.060425,4.648377346080254,0.4120476539197462
5097,5.063881,4.645569428814662,0.41831157118533824
5098,5.068745,4.642970026780596,0.4257749732194043
5099,5.076295,4.640578650672187,0.4357163493278131
5100,5.081043,4.638380775393933,0.4426622246060674
5101,5.087883,4.636347950365328,0.4515350496346713
5102,5.0881906,4.63446508188275,0.4537255181172499
5103,5.0988073,4.632759078654711,0.46604822134528856
5104,5.109169,4.631241593439167,0.4779274065608323
5105,5.1204987,4.629906762806238,0.49059193719376193
5106,5.131063,4.628721691868548,0.5023413081314523
5107,5.1422753,4.627650799727927,0.5146245002720731
5108,5.1533713,4.626689950710461,0.5266813492895386
5109,5.165016,4.625854874809657,0.5391611251903425
5110,5.169398,4.625144269986704,0.5442537300132964
5111,5.1810946,4.624550822831139,0.5565437771688604
5112,5.194247,4.624057522999123,0.5701894770008771
5113,5.205138,4.623658509054084,0.5814794909459158
5114,5.2173047,4.623405823492583,0.5938988765074162
5115,5.2257843,4.623329522714305,0.6024547772856952
5116,5.2327466,4.623430698324974,0.6093159016750258
5117,5.2360544,4.6237274948399,0.6123269051601001
5118,5.236038,4.6243428596957665,0.6116951403042332
5119,5.2335315,4.625334414943679,0.6081970850563208
5120,5.2293344,4.626797529603179,0.602536870396821
5121,5.222592,4.628823677239846,0.5937683227601536
5122,5.21447,4.631382771549304,0.5830872284506965
5123,5.2044406,4.634499949326851,0.569940650673149
5124,5.190688,4.637976600390387,0.5527113996096125
5125,5.1773496,4.6416670618878095,0.5356825381121908
5126,5.164736,4.645708453068976,0.5190275469310244
5127,5.164222,4.650216091307302,0.514005908692698
5128,5.165528,4.655337062214102,0.5101909377858984
5129,5.167653,4.661048335694192,0.506604664305808
5130,5.170554,4.66728977646972,0.5032642235302802
5131,5.174189,4.674277299619149,0.4999117003808511
5132,5.1785154,4.681932301127864,0.4965830988721365
5133,5.1834903,4.690130950478947,0.49335934952105287
5134,5.18907,4.698778976418776,0.4902910235812241
5135,5.195214,4.707607481049019,0.4876065189509813
5136,5.2018776,4.716453998957504,0.4854236010424966
5137,5.2090197,4.7252392154638745,0.4837804845361253
5138,5.2165966,4.73397034082974,0.48262625917026014
5139,5.2245665,4.742581316966819,0.4819851830331805
5140,5.2328863,4.7508684386221,0.4820178613778996
5141,5.2415133,4.758800584061755,0.48271271593824494
5142,5.250405,4.766481034680249,0.4839239653197511
5143,5.2595186,4.773983562409853,0.4855350375901466
5144,5.268812,4.781347414672697,0.4874645853273023
5145,5.278242,4.78855256228699,0.4896894377130092
5146,5.287766,4.79556041614589,0.4922055838541102
5147,5.2973413,4.802337707569814,0.4950035924301863
5148,5.3069263,4.808857394336896,0.4980689056631036
5149,5.3164773,4.815097779931803,0.5013795200681965
5150,5.3259516,4.821061692923066,0.5048899070769339
5151,5.335307,4.826756477851654,0.5085505221483464
5152,5.3445005,4.832279365344617,0.5122211346553822
5153,5.35349,4.837545496098482,0.515944503901518
5154,5.3622327,4.8424133392833495,0.5198193607166504
5155,5.3706856,4.846851866122506,0.5238337338774937
5156,5.3788066,4.850829165035861,0.5279774349641393
5157,5.3865523,4.8543480990175345,0.5322042009824655
5158,5.3938804,4.857432199732357,0.5364482002676425
5159,5.4007487,4.860085804405,0.5406628955950001
5160,5.4071145,4.862221857172232,0.5448926428277678
5161,5.4129343,4.863807901320608,0.549126398679392
5162,5.4181666,4.864933094407719,0.5532335055922815
5163,5.422768,4.865637432453178,0.5571305675468219
5164,5.4266963,4.8659294186073865,0.5607668813926132
5165,5.4299088,4.8658569680677894,0.5640518319322103
5166,5.432362,4.865450337256531,0.5669116627434692
5167,5.434015,4.864778371879649,0.5692366281203505
5168,5.4348235,4.863895843481587,0.5709276565184132
5169,5.4588895,4.862809986811985,0.5960795131880143
5170,5.4759936,4.861551326450356,0.6144422735496438
5171,5.4859467,4.860144389183994,0.625802310816006
5172,5.4872622,4.8586183755862855,0.6286438244137145
5173,5.4817376,4.8569531611409245,0.6247844388590753
5174,5.471004,4.855146263843885,0.6158577361561148
5175,5.462455,4.853191438828876,0.6092635611711241
5176,5.448214,4.850953151168741,0.597260848831259
5177,5.430335,4.848403658565468,0.5819313414345322
5178,5.412217,4.845543995699867,0.5666730043001333
5179,5.3936286,4.842412361779381,0.5512162382206194
5180,5.3740244,4.839201544873385,0.534822855126615
5181,5.357059,4.836021311059499,0.5210376889405008
5182,5.3448725,4.832884044039629,0.5119884559603713
5183,5.333423,4.829738230858032,0.5036847691419677
5184,5.3252497,4.826571129381473,0.4986785706185266
5185,5.3195233,4.823408378324967,0.49611492167503357
5186,5.3125143,4.820252251228646,0.49226204877135427
5187,5.3092203,4.817097625341018,0.4921226746589822
5188,5.3084607,4.813980966245669,0.4944797337543312
5189,5.3034964,4.810969192182275,0.49252720781772563
5190,5.3028693,4.808087567149334,0.49478173285066607
5191,5.301617,4.805350429759085,0.49626657024091525
5192,5.2960095,4.802774918485562,0.49323458151443855
5193,5.2860456,4.800372364568223,0.48567323543177654
5194,5.269175,4.7981303022787865,0.47104469772121327
5195,5.242896,4.796021059209748,0.44687494079025214
5196,5.2060285,4.794060267588253,0.4119682324117475
5197,5.1590805,4.792243973619503,0.3668365263804967
5198,5.11385,4.790546679947193,0.3233033200528075
5199,5.070782,4.788957332204204,0.28182466779579673
5200,5.0320935,4.787459689240691,0.2446338107593089
5201,5.0117917,4.786068196659084,0.22572350334091595
5202,5.0133977,4.7847678474224375,0.22862985257756208
5203,5.01666,4.783546185136855,0.2331138148631453
5204,5.021474,4.782403155177509,0.23907084482249186
5205,5.0277314,4.7813039581411285,0.2464274418588719
5206,5.035328,4.780253877910788,0.2550741220892121
5207,5.044157,4.779148082367874,0.26500891763212664
5208,5.054113,4.777929349943279,0.27618365005672096
5209,5.0650887,4.77674729179404,0.28834140820596055
5210,5.0769796,4.7756203668291635,0.3013592331708361
5211,5.089679,4.774540249194773,0.315138750805227
5212,5.1030803,4.773465870906291,0.3296144290937093
5213,5.1170783,4.772391414414601,0.34468688558539906
5214,5.1315665,4.771372773919923,0.3601937260800767
5215,5.146439,4.770427134342326,0.37601186565767364
5216,5.1615906,4.769580541666675,0.3920100583333248
5217,5.1769133,4.768882865393408,0.4080304346065917
5218,5.192303,4.7683347931801725,0.4239682068198274
5219,5.2076526,4.768011943522093,0.4396406564779074
5220,5.222857,4.767958068095552,0.45489893190444874
5221,5.237809,4.768297090676362,0.4695119093236384
5222,5.2524037,4.769140227595448,0.4832634724045519
5223,5.266534,4.7704075958055085,0.4961264041944915
5224,5.2800946,4.772168865898393,0.5079257341016072
5225,5.2929792,4.774309158601983,0.5186700413980176
5226,5.305082,4.7764723199994314,0.5286096800005682
5227,5.3162966,4.778494715823923,0.5378018841760772
5228,5.3265176,4.780360695784737,0.5461569042152625
5229,5.335638,4.782104540362617,0.5535334596373831
5230,5.3435526,4.78369227342892,0.55986032657108
5231,5.3501554,4.7851076995563036,0.5650477004436967
5232,5.3553395,4.786428384791323,0.5689111152086772
5233,5.3589997,4.787692602130878,0.5713070978691217
5234,5.3610296,4.788894179531698,0.5721354204683022
5235,5.350202,4.789961974901402,0.5602400250985982
5236,5.300477,4.79093641376673,0.5095405862332703
5237,5.236379,4.79193573974598,0.4444432602540207
5238,5.1774163,4.792925105201598,0.384491194798402
5239,5.131948,4.793838025312254,0.33810997468774673
5240,5.1006446,4.794670607764654,0.30597399223534616
5241,5.0805807,4.7954373983594945,0.28514330164050516
5242,5.071696,4.79624196048991,0.2754540395100902
5243,5.070259,4.797091593274279,0.2731674067257215
5244,5.073036,4.797907021378299,0.2751289786217015
5245,5.076768,4.798641741224296,0.2781262587757043
5246,5.083618,4.799282436548614,0.28433556345138644
5247,5.0873556,4.799905675126268,0.2874499248737328
5248,5.091457,4.800565932991919,0.2908910670080811
5249,5.0966196,4.801264795880804,0.2953548041191967
5250,5.1000314,4.801989699854274,0.29804170014572584
5251,5.1021686,4.802734377361023,0.29943422263897634
5252,5.1049337,4.803490458587369,0.3014432414126311
5253,5.104416,4.80425279006479,0.30016320993521006
5254,5.103798,4.8050197036550015,0.29877829634499875
5255,5.0998435,4.805790878860343,0.2940526211396577
5256,5.094523,4.806582541540552,0.28794045845944805
5257,5.0870395,4.807410589446908,0.27962891055309225
5258,5.0833793,4.808272391715352,0.27510690828464757
5259,5.07947,4.8091812744848825,0.2702887255151172
5260,5.0817556,4.810144037165002,0.2716115628349982
5261,5.0841327,4.811177326663142,0.27295537333685793
5262,5.0914,4.81229048559663,0.27910951440336973
5263,5.0990286,4.813476054944672,0.285552545055328
5264,5.1090264,4.814738760600406,0.29428763939959435
5265,5.1213126,4.816072459398095,0.30524014060190563
5266,5.132285,4.817482390890163,0.3148026091098375
5267,5.142901,4.818961943885313,0.3239390561146873
5268,5.144807,4.820508585067853,0.32429841493214706
5269,5.139437,4.822144198163346,0.3172928018366541
5270,5.1319394,4.823853423118602,0.30808597688139816
5271,5.1211295,4.825592288577182,0.2955372114228183
5272,5.1067047,4.827336808672202,0.27936789132779793
5273,5.0924582,4.829058363303925,0.2633998366960757
5274,5.0745215,4.830746526864561,0.24377497313543905
5275,5.059037,4.832252862530226,0.22678413746977366
5276,5.0567408,4.833524867439482,0.2232159325605183
5277,5.0586343,4.834709840414621,0.22392445958537888
5278,5.062165,4.835833844511787,0.22633115548821348
5279,5.0672216,4.836856147831606,0.2303654521683942
5280,5.0736938,4.837775031222712,0.2359187687772879
5281,5.0814686,4.838571421822991,0.2428971781770093
5282,5.0904355,4.839177843965235,0.251257656034765
5283,5.100484,4.839614426250725,0.2608695737492752
5284,5.111501,4.839880442849506,0.27162055715049327
5285,5.123377,4.840284337762959,0.2830926622370402
5286,5.135999,4.840782725834401,0.2952162741655986
5287,5.149257,4.841035250154802,0.308221749845198
5288,5.163039,4.841087135021776,0.3219518649782245
5289,5.177234,4.840945015539447,0.33628898446055366
5290,5.191731,4.840630656362479,0.35110034363752085
5291,5.2064176,4.840161790605674,0.36625580939432556
5292,5.221183,4.839525396681389,0.38165760331861076
5293,5.2359157,4.838757975808059,0.3971577241919402
5294,5.250505,4.837795708370817,0.41270929162918346
5295,5.264839,4.836645621148216,0.428193378851784
5296,5.278804,4.835511921322678,0.443292078677322
5297,5.2922935,4.83447663376099,0.4578168662390105
5298,5.3051944,4.833515865962892,0.4716785340371086
5299,5.3173947,4.8326289834877105,0.48476571651228983
5300,5.3287835,4.831806362917115,0.4969771370828848
5301,5.3392487,4.8310549998851915,0.5081937001148082
5302,5.34868,4.830396848207647,0.5182831517923532
5303,5.356965,4.829824237413649,0.5271407625863507
5304,5.3639936,4.829371454934247,0.5346221450657529
5305,5.369653,4.829041252340719,0.5406117476592804
5306,5.3738337,4.828944595706553,0.5448891042934463
5307,5.376423,4.8290403129723165,0.5473826870276834
5308,5.3728805,4.829148498559231,0.5437320014407687
5309,5.3419943,4.82928834494289,0.5127059550571094
5310,5.327485,4.82945060248693,0.4980343975130701
5311,5.3106985,4.829633804170214,0.4810646958297857
5312,5.289639,4.82980710593726,0.4598318940627406
5313,5.263589,4.829926510904536,0.4336624890954637
5314,5.238488,4.829955165149681,0.40853283485031966
5315,5.2086945,4.829866908013863,0.3788275919861368
5316,5.1773486,4.829695910862132,0.3476526891378686
5317,5.142997,4.829454010477711,0.313542989522289
5318,5.106681,4.829198463497541,0.27748253650245935
5319,5.0692563,4.829009454611403,0.2402468453885973
5320,5.03318,4.8288738542354315,0.2043061457645683
5321,5.0032425,4.828752580533345,0.17448991946665515
5322,4.9786158,4.828626093528258,0.14998970647174215
5323,4.954786,4.82844259232393,0.1263434076760701
5324,4.937912,4.828134263292715,0.10977773670728475
5325,4.925511,4.8276774395661715,0.09783356043382874
5326,4.9157343,4.8270498721617745,0.08868442783822506
5327,4.910881,4.826256379326088,0.08462462067391208
5328,4.907596,4.825300043494862,0.08229595650513755
5329,4.9039817,4.824171964309474,0.0798097356905263
5330,4.901217,4.822887079291389,0.07832992070861078
5331,4.8951316,4.8214691535781435,0.07366244642185649
5332,4.890055,4.819921568264392,0.07013343173560838
5333,4.885064,4.8182677575508555,0.0667962424491444
5334,4.8806796,4.816558463588856,0.06412113641114381
5335,4.878379,4.8147879724359655,0.06359102756403434
5336,4.8747416,4.8129455306453455,0.06179606935465465
5337,4.871766,4.811041303361816,0.06072469663818403
5338,4.8672366,4.809106926001302,0.05812967399869784
5339,4.8642173,4.807151884051027,0.05706541594897274
5340,4.8609424,4.805185886515733,0.055756513484267245
5341,4.8539724,4.803272120154788,0.05070027984521186
5342,4.845655,4.801488059513346,0.044166940486653594
5343,4.840879,4.79980593726496,0.04107306273504019
5344,4.8355093,4.798135166947943,0.03737413305205717
5345,4.8312507,4.796488365324721,0.03476233467527923
5346,4.8258033,4.79489179310013,0.030911506899869323
5347,4.8171725,4.793598016433142,0.02357448356685765
5348,4.809243,4.792506637674808,0.016736362325192822
5349,4.799506,4.791310900414787,0.008195099585212695
5350,4.786672,4.790061807120607,-0.0033898071206071023
5351,4.7738137,4.788759260071496,-0.014945560071495834
5352,4.763067,4.787382316137042,-0.02431531613704152
5353,4.753368,4.785927743945287,-0.03255974394528671
5354,4.7426953,4.784296557632548,-0.041601257632547295
5355,4.7333226,4.782475423741781,-0.04915282374178087
5356,4.7319803,4.780631457384477,-0.04865115738447656
5357,4.7337637,4.778808866058914,-0.04504516605891418
5358,4.736838,4.776984484942812,-0.040146484942812144
5359,4.7411623,4.775147473831204,-0.03398517383120403
5360,4.7466955,4.773272365096911,-0.02657686509691093
5361,4.753396,4.771359278278164,-0.01796327827816402
5362,4.7612233,4.76943822002768,-0.00821492002767954
5363,4.7701354,4.767462682264967,0.002672717735032748
5364,4.780092,4.765408702339755,0.014683297660244676
5365,4.7910504,4.763323971713276,0.02772642828672378
5366,4.802971,4.761252439753023,0.04171856024697718
5367,4.8158116,4.759242970416311,0.05656862958368869
5368,4.8295317,4.757212577104561,0.07231912289543985
5369,4.8440895,4.755063936823311,0.08902556317668875
5370,4.859444,4.7528144244958614,0.10662957550413843
5371,4.875554,4.750481710803644,0.12507228919635605
5372,4.892379,4.748076338218564,0.14430266178143647
5373,4.9098763,4.745597319877546,0.1642789801224538
5374,4.928006,4.743056011902178,0.18494998809782182
5375,4.9467263,4.740419313538027,0.2063069864619731
5376,4.9659963,4.737656614258294,0.22833968574170527
5377,4.9857745,4.734776713139028,0.25099778686097185
5378,5.00602,4.731796740800244,0.274223259199756
5379,5.026691,4.7287823752186675,0.29790862478133207
5380,5.047747,4.72578011976915,0.3219668802308506
5381,5.0691466,4.722793657655175,0.34635294234482483
5382,5.0908484,4.719842563893289,0.37100583610671034
5383,5.112812,4.716943841089548,0.395868158910452
5384,5.134995,4.714104435715109,0.4208905642848908
5385,5.15288,4.711343016480214,0.44153698351978576
5386,5.150979,4.708694446720536,0.4422845532794648
5387,5.138603,4.70616179149217,0.4324412085078295
5388,5.1156793,4.7039950080450295,0.4116842919549706
5389,5.093,4.702084101683994,0.39091589831600615
5390,5.0729895,4.700279672566006,0.3727098274339946
5391,5.053344,4.698677804787081,0.35466619521291864
5392,5.037783,4.697209227188837,0.3405737728111635
5393,5.0202603,4.6958401945792945,0.3244201054207059
5394,5.0020676,4.694519129443811,0.3075484705561893
5395,4.9810157,4.693287416965767,0.2877282830342338
5396,4.9579654,4.692175620975034,0.26578977902496614
5397,4.93527,4.691167757802872,0.24410224219712795
5398,4.914481,4.690230916906136,0.22425008309386474
5399,4.8940845,4.689323435728533,0.2047610642714668
5400,4.8800683,4.688427386533655,0.19164091346634482
5401,4.8719015,4.687545574582021,0.18435592541797874
5402,4.869872,4.686659771826685,0.18321222817331506
5403,4.8712287,4.6857949088787985,0.18543379112120117
5404,4.8785477,4.684998896249259,0.19354880375074135
5405,4.890805,4.684321906576871,0.2064830934231292
5406,4.9033484,4.683803681891801,0.21954471810819864
5407,4.9149485,4.6834368776956,0.23151162230440026
5408,4.934589,4.683191816863051,0.25139718313694903
5409,4.9526587,4.683015312120087,0.2696433878799125
5410,4.9699817,4.682874923518747,0.28710677648125316
5411,4.9861197,4.6827613237080215,0.30335837629197826
5412,4.9954123,4.682697643684859,0.3127146563151406
5413,5.0012784,4.682685179148509,0.31859322085149167
5414,5.003919,4.682721971326181,0.3211970286738186
5415,5.009829,4.682837400795347,0.3269915992046526
5416,5.0146484,4.683021084331256,0.3316273156687437
5417,5.019273,4.6832451620628675,0.33602783793713265
5418,5.0220566,4.683518451976838,0.3385381480231624
5419,5.021856,4.683846689225964,0.3380093107740354
5420,5.0207715,4.6842179443173615,0.3365535556826389
5421,5.017506,4.6846179742045235,0.3328880257954765
5422,5.0152183,4.685011751591132,0.3302065484088681
5423,5.0131183,4.685368394516835,0.3277499054831656
5424,5.0133767,4.685688386787332,0.32768831321266845
5425,5.014716,4.68595634473617,0.32875965526382966
5426,5.016216,4.68626167739805,0.32995432260195035
5427,5.0147467,4.686681168944385,0.3280655310556151
5428,5.013382,4.687169359027675,0.32621264097232494
5429,5.0101557,4.687655737813151,0.32249996218684895
5430,5.0124884,4.688096817543226,0.3243915824567738
5431,5.0165772,4.688530202263143,0.3280469977368572
5432,5.0213447,4.689047077279928,0.33229762272007246
5433,5.0267487,4.689689968733819,0.3370587312661808
5434,5.0327473,4.690533702355631,0.34221359764436876
5435,5.039298,4.691702422379156,0.3475955776208437
5436,5.046359,4.693101985938342,0.35325701406165777
5437,5.0538883,4.6946141884306645,0.3592741115693352
5438,5.0618434,4.696237614664995,0.36560578533500454
5439,5.070183,4.697932541456713,0.3722504585432871
5440,5.078864,4.699699783984639,0.37916421601536143
5441,5.087846,4.70147828049559,0.38636771950440973
5442,5.0970845,4.703247197419024,0.3938373025809758
5443,5.1065397,4.705024493556692,0.4015152064433076
5444,5.1161685,4.706797548673506,0.40937095132649404
5445,5.1259284,4.708537201172281,0.417391198827719
5446,5.1357784,4.71019543979689,0.42558296020311026
5447,5.1456757,4.711766938886559,0.43390876111344134
5448,5.1555786,4.713239436636252,0.4423391633637479
5449,5.165445,4.714621111874482,0.45082388812551777
5450,5.1752324,4.715936905113065,0.459295494886935
5451,5.1848993,4.717192692022574,0.46770660797742547
5452,5.194403,4.718400727400644,0.4760022725993567
5453,5.2037024,4.719500071413088,0.48420232858691215
5454,5.2127547,4.7204842674517815,0.4922704325482181
5455,5.2215176,4.721411583304936,0.5001060166950646
5456,5.2299495,4.722437370741698,0.507512129258302
5457,5.2380085,4.723598282861514,0.5144102171384866
5458,5.245652,4.7247855491509885,0.5208664508490113
5459,5.2528386,4.72598927269804,0.5268493273019592
5460,5.259526,4.727216559748103,0.5323094402518969
5461,5.2656713,4.728503763926032,0.5371675360739685
5462,5.271233,4.7298671096946565,0.5413658903053431
5463,5.27617,4.731298554519498,0.5448714454805019
5464,5.2804384,4.732783959289801,0.5476544407101995
5465,5.2839975,4.734310747868083,0.5496867521319171
5466,5.286805,4.735922313507924,0.5508826864920762
5467,5.288819,4.737624935615874,0.5511940643841262
5468,5.289996,4.7393761806748165,0.5506198193251839
5469,5.290004,4.741126920332091,0.5488770796679088
5470,5.2724957,4.742874454122915,0.5296212458770855
5471,5.2408743,4.744584724225901,0.4962895757740986
5472,5.2045517,4.746216413141931,0.4583352868580688
5473,5.155255,4.747736612697044,0.4075183873029564
5474,5.1218195,4.749103094288887,0.3727164057111132
5475,5.0938745,4.750352650516262,0.34352184948373843
5476,5.058113,4.7514928018989675,0.30662019810103214
5477,5.017695,4.752539515434569,0.2651554845654305
5478,4.977526,4.753477456185141,0.22404854381485872
5479,4.935233,4.7543023819986,0.1809306180014003
5480,4.897765,4.75502792913005,0.14273707086994936
5481,4.865132,4.755599079302781,0.10953292069721865
5482,4.8321686,4.756031767427875,0.076136832572125
5483,4.804479,4.756383999593632,0.04809500040636738
5484,4.7807336,4.756752920108204,0.023980679891795198
5485,4.756957,4.757245904950262,-0.0002889049502616814
5486,4.731609,4.757786650198932,-0.02617765019893259
5487,4.7065973,4.758323154120887,-0.05172585412088626
5488,4.682312,4.758863643086453,-0.07655164308645368
5489,4.658238,4.7594027676257085,-0.10116476762570858
5490,4.63557,4.759986770423376,-0.12441677042337584
5491,4.6137857,4.760618070348162,-0.14683237034816177
5492,4.5966773,4.761277811666324,-0.1646005116663245
5493,4.5824847,4.761905686783555,-0.17942098678355478
5494,4.5728946,4.762495834120492,-0.18960123412049246
5495,4.5711594,4.763085747506282,-0.191926347506282
5496,4.571434,4.763669812365939,-0.19223581236593912
5497,4.575834,4.764221147462529,-0.18838714746252894
5498,4.5870233,4.76471454661946,-0.17769124661945934
5499,4.599178,4.76515879361862,-0.16598079361861995
5500,4.61426,4.76557250544097,-0.15131250544096986
5501,4.629643,4.765973295123909,-0.13633029512390937
5502,4.6450806,4.766335239335185,-0.12125463933518521
5503,4.663221,4.7666284241681955,-0.10340742416819548
5504,4.6824775,4.766866922189781,-0.08438942218978074
5505,4.7041364,4.767044016525692,-0.06290761652569188
5506,4.7279663,4.76714700354756,-0.03918070354755976
5507,4.75575,4.767195688113792,-0.011445688113791874
5508,4.779673,4.767226222681593,0.01244677731840671
5509,4.8095603,4.767295866207239,0.042264433792761125
5510,4.835206,4.767405374177191,0.06780062582280966
5511,4.8578606,4.767586650498902,0.09027394950109802
5512,4.8776236,4.7677704987948415,0.10985310120515823
5513,4.8971343,4.7680138495137045,0.12912045048629572
5514,4.9163547,4.768422284486036,0.14793241551396452
5515,4.935246,4.768902805921051,0.16634319407894882
5516,4.953769,4.769423960999785,0.18434503900021504
5517,4.971886,4.7699803753462895,0.2019056246537101
5518,4.9895573,4.770578005476554,0.21897929452344655
5519,5.0067444,4.77123869284314,0.23550570715686003
5520,5.0234084,4.771945037055333,0.2514633629446674
5521,5.0395107,4.772686884356262,0.2668238156437379
5522,5.0550127,4.773467408176199,0.28154529182380106
5523,5.0698752,4.774278681672549,0.29559651832745093
5524,5.0840597,4.775120748390992,0.308938951609008
5525,5.0975275,4.775999144689301,0.3215283553106989
5526,5.11024,4.776909789979958,0.3333302100200424
5527,5.1221585,4.777849303711441,0.3443091962885596
5528,5.133243,4.7788041826462715,0.35443881735372873
5529,5.1434565,4.779772533822912,0.36368396617708854
5530,5.152759,4.780790084978571,0.37196891502142826
5531,5.1611123,4.781882196216704,0.37923010378329636
5532,5.1684775,4.783043935928988,0.38543356407101204
5533,5.174816,4.784269986986116,0.3905460130138838
5534,5.1800885,4.785544642733675,0.3945438572663251
5535,5.184257,4.7868370298343486,0.3974199701656511
5536,5.1872826,4.78815571616313,0.39912688383686934
5537,5.1891255,4.789518825562514,0.39960667443748665
5538,5.189292,4.7909054571789245,0.39838654282107555
5539,5.1728644,4.792285617349068,0.3805787826509315
5540,5.139872,4.793661502621277,0.3462104973787232
5541,5.1083884,4.795029391914722,0.3133590080852775
5542,5.075643,4.796386008564186,0.2792569914358145
5543,5.045696,4.797820089420617,0.24787591057938307
5544,5.019283,4.799335102870369,0.21994789712963048
5545,4.998847,4.80085125153321,0.19799574846678958
5546,4.9806204,4.802347714047023,0.17827268595297685
5547,4.965781,4.803834952906917,0.1619460470930827
5548,4.951574,4.805309050359332,0.14626494964066783
5549,4.9419513,4.8067475147393495,0.1352037852606509
5550,4.9349737,4.808176305208063,0.12679739479193675
5551,4.9303427,4.8096092407197135,0.12073345928028623
5552,4.9301004,4.811058300062616,0.11904209993738402
5553,4.935696,4.812519334329917,0.12317666567008345
5554,4.940255,4.8139642050446465,0.12629079495535311
5555,4.949369,4.8153971346450835,0.13397186535491645
5556,4.96167,4.816824805158224,0.14484519484177572
5557,4.9779,4.818249176026842,0.15965082397315822
5558,4.996861,4.819649312903297,0.17721168709670287
5559,5.017567,4.821019617909749,0.1965473820902508
5560,5.041103,4.822383700779968,0.21871929922003197
5561,5.0651507,4.823733234275969,0.2414174657240311
5562,5.088333,4.825057286113673,0.2632757138863271
5563,5.1136737,4.826339908118174,0.2873337918818253
5564,5.1396832,4.827622680113003,0.31206051988699723
5565,5.157914,4.828953586248933,0.32896041375106666
5566,5.177814,4.830337228938042,0.34747677106195773
5567,5.197538,4.83178717649307,0.36575082350692956
5568,5.211866,4.833299960641446,0.37856603935855393
5569,5.226058,4.8348441202226216,0.39121387977737854
5570,5.2351456,4.836353843254983,0.398791756745017
5571,5.242992,4.837812122178472,0.40517987782152787
5572,5.2493997,4.83923645396462,0.41016324603537946
5573,5.2548394,4.84062049554695,0.4142189044530502
5574,5.2571845,4.841977738605534,0.4152067613944661
5575,5.262353,4.843313403935936,0.4190395960640645
5576,5.26679,4.8446187311407485,0.4221712688592518
5577,5.2720947,4.845943888789365,0.42615081121063536
5578,5.2753534,4.8473111635027575,0.4280422364972427
5579,5.280036,4.848683495856575,0.4313525041434252
5580,5.2855163,4.8500349203128765,0.43548137968712375
5581,5.2907248,4.851389470548783,0.43933532945121634
5582,5.295667,4.852736372416801,0.44293062758319923
5583,5.300348,4.8540131028228,0.44633489717719943
5584,5.304772,4.8551990201969675,0.44957297980303235
5585,5.308945,4.856310959653839,0.45263404034616084
5586,5.312873,4.857331853084843,0.4555411469151567
5587,5.3165593,4.85823498741663,0.45832431258337003
5588,5.32001,4.859011363713637,0.4609986362863632
5589,5.3232307,4.85966014132876,0.46357055867123975
5590,5.3262258,4.860193230107168,0.4660325698928318
5591,5.329001,4.860699420464962,0.46830157953503804
5592,5.331561,4.861190699325805,0.47037030067419483
5593,5.3339114,4.861569930470351,0.47234146952964906
5594,5.3360567,4.861828593950125,0.47422810604987564
5595,5.338003,4.861966456639733,0.4760365433602667
5596,5.3397546,4.86198571516079,0.4777688848392101
5597,5.3413177,4.861905014659069,0.4794126853409315
5598,5.342696,4.861721787531894,0.480974212468106
5599,5.343896,4.861422557296263,0.4824734427037374
5600,5.344922,4.860982184132645,0.48393981586735535
5601,5.34578,4.860378909083385,0.4854010909166151
5602,5.346474,4.85954670968858,0.4869272903114199
5603,5.34701,4.858453989682361,0.4885560103176392
5604,5.3473935,4.857161892979107,0.49023160702089275
5605,5.3476286,4.85571088141426,0.4919177185857402
5606,5.347465,4.854115158019102,0.4933498419808977
5607,5.33998,4.852388336538454,0.48759166346154537
5608,5.31982,4.85050095106324,0.46931904893676
5609,5.289955,4.848491562739494,0.44146343726050574
5610,5.2575717,4.846377552140448,0.41119414785955133
5611,5.233178,4.8440464872552775,0.38913151274472213
5612,5.2149405,4.841518591953959,0.3734219080460406
5613,5.2038217,4.83886263923435,0.3649590607656501
5614,5.1973243,4.836139585535015,0.3611847144649847
5615,5.194955,4.833438053963089,0.361516946036911
5616,5.195709,4.830772783137704,0.36493621686229627
5617,5.1980386,4.82817120246077,0.36986739753923015
5618,5.1963034,4.825710845464177,0.37059255453582285
5619,5.1948624,4.823401482993716,0.37146091700628414
5620,5.1968603,4.821182996122167,0.3756773038778327
5621,5.1964984,4.81909798305604,0.37740041694396
5622,5.2001657,4.817170167006004,0.3829955329939967
5623,5.2053323,4.8153645846511886,0.3899677153488117
5624,5.211927,4.8135947917954764,0.39833220820452375
5625,5.215832,4.811757026975322,0.4040749730246782
5626,5.2237124,4.809781720081536,0.41393067991846433
5627,5.23068,4.807645960314731,0.42303403968526965
5628,5.237757,4.805327511215245,0.43242948878475485
5629,5.2416663,4.802787738899263,0.4388785611007373
5630,5.243871,4.799956863161953,0.44391413683804704
5631,5.2453394,4.796774640302437,0.4485647596975628
5632,5.2455163,4.793238549008237,0.4522777509917635
5633,5.246983,4.789359101907762,0.4576238980922378
5634,5.251447,4.7852207875494885,0.4662262124505112
5635,5.2572556,4.780863801019306,0.4763917989806936
5636,5.2606626,4.7762371287031975,0.48442547129680236
5637,5.263698,4.77129904403594,0.4923989559640596
5638,5.262095,4.766033075698879,0.49606192430112106
5639,5.260063,4.760436658040897,0.49962634195910294
5640,5.253189,4.754521387670868,0.4986676123291316
5641,5.2459226,4.748285640880948,0.4976369591190517
5642,5.238182,4.741738605744629,0.49644339425537076
5643,5.231237,4.734916910057565,0.4963200899424347
5644,5.226789,4.7278599782344415,0.49892902176555864
5645,5.223481,4.720604703588882,0.5028762964111175
5646,5.222107,4.713245513637098,0.5088614863629024
5647,5.221042,4.705886665696021,0.5151553343039783
5648,5.220626,4.698620184528227,0.5220058154717728
5649,5.216346,4.691577948604499,0.5247680513955011
5650,5.211975,4.684864834559931,0.5271101654400692
5651,5.205358,4.6785556959685435,0.5268023040314569
5652,5.1945057,4.672739161648847,0.5217665383511525
5653,5.182076,4.667502662997878,0.5145733370021226
5654,5.1684694,4.6629466124361745,0.5055227875638257
5655,5.1540723,4.659132308242908,0.494939991757092
5656,5.139275,4.656126114643703,0.48314888535629663
5657,5.1244683,4.6539738339037005,0.47049446609629975
5658,5.1100426,4.652683781920827,0.45735881807917256
5659,5.0963883,4.65226053682666,0.44412776317334046
5660,5.083896,4.652721527133788,0.43117447286621235
5661,5.072957,4.654125285559788,0.41883171444021183
5662,5.0639606,4.656443813656855,0.4075167863431446
5663,5.057298,4.6596297073039095,0.39766829269609083
5664,5.0533595,4.663643478311011,0.3897160216889892
5665,5.055246,4.66839973428449,0.3868462657155103
5666,5.0643377,4.673772975632913,0.39056472436708756
5667,5.077553,4.679639019186845,0.3979139808131551
5668,5.10503,4.685921967524479,0.4191080324755214
5669,5.1569076,4.6925211015672215,0.4643864984327788
5670,5.0666995,4.699292149369672,0.36740735063032837
5671,5.0940466,4.706139110124978,0.38790748987502255
5672,5.1605105,4.713020226971178,0.44749027302882194
5673,5.215976,4.719869625078749,0.49610637492125154
5674,5.236908,4.7266454937012385,0.5102625062987611
5675,5.2599115,4.73329041216837,0.5266210878316304
5676,5.2855096,4.739761259855441,0.5457483401445593
5677,5.3082166,4.746015765749508,0.5622008342504916
5678,5.3280725,4.752008032051505,0.5760644679484956
5679,5.3418164,4.757756727120388,0.5840596728796115
5680,5.3489356,4.763218500023772,0.585717099976228
5681,5.3551373,4.768386109230077,0.586751190769923
5682,5.3556824,4.773276394182792,0.5824060058172078
5683,5.3427405,4.777818610751752,0.5649218892482475
5684,5.302921,4.781921366887004,0.5209996331129965
5685,5.2424817,4.785592297105719,0.4568894028942809
5686,5.1651025,4.788973763283356,0.3761287367166437
5687,5.087909,4.792139133318159,0.2957698666818409
5688,5.019686,4.795109191730373,0.22457680826962712
5689,4.9672494,4.797915379919033,0.1693340200809672
5690,4.930224,4.800506729862474,0.129717270137526
5691,4.9085846,4.802788417844302,0.1057961821556983
5692,4.899987,4.80479842842256,0.09518857157743987
5693,4.8984375,4.806734071376191,0.0917034286238092
5694,4.910007,4.808628736408169,0.10137826359183144
5695,4.9306607,4.810369030788383,0.12029166921161671
5696,4.9532843,4.811737510678214,0.14154678932178566
5697,4.979564,4.812644670477538,0.1669193295224618
5698,5.0080023,4.813218285027201,0.1947840149727993
5699,5.035991,4.813550896208643,0.22244010379135748
5700,5.0636315,4.813662418576709,0.24996908142329044
5701,5.0895867,4.813559136114957,0.2760275638850427
5702,5.1131034,4.813299570840204,0.29980382915979575
5703,5.1341662,4.813071307341194,0.321094892658806
5704,5.1534424,4.813160442478136,0.3402819575218645
5705,5.166938,4.813665616790159,0.3532723832098412
5706,5.17859,4.814376031604017,0.3642139683959824
5707,5.1830683,4.815092401663582,0.3679758983364181
5708,5.183643,4.815978132580104,0.36766486741989635
5709,5.1781583,4.816809972063208,0.36134832793679195
5710,5.1688504,4.817604168318682,0.3512462316813183
5711,5.152721,4.8182846658945975,0.3344363341054022
5712,5.137197,4.818887793771567,0.31830920622843273
5713,5.1220713,4.8193963082383755,0.3026749917616245
5714,5.1146936,4.81983231077245,0.2948612892275495
5715,5.111412,4.820193081901797,0.29121891809820255
5716,5.1129336,4.820443928713202,0.2924896712867975
5717,5.117218,4.820388840451427,0.29682915954857325
5718,5.1255484,4.819932111503522,0.30561628849647793
5719,5.134257,4.819215082839633,0.3150419171603671
5720,5.145134,4.81848536626687,0.3266486337331296
5721,5.1550894,4.817899536978635,0.337189863021365
5722,5.165684,4.817484044299022,0.34819995570097806
5723,5.1760645,4.817238173168736,0.3588263268312639
5724,5.185491,4.817159680514803,0.36833131948519693
5725,5.1907296,4.817235864476391,0.373493735523609
5726,5.196578,4.817463353198472,0.3791146468015274
5727,5.2025747,4.8178905736009785,0.38468412639902194
5728,5.2061224,4.8185250197911085,0.38759738020889145
5729,5.209704,4.819376652042692,0.3903273479573084
5730,5.2100906,4.8204518408792225,0.3896387591207775
5731,5.206858,4.821738347389223,0.3851196526107774
5732,5.2024045,4.823300963579935,0.37910353642006545
5733,5.2030263,4.825134662084247,0.3778916379157531
5734,5.216266,4.827264738768557,0.3890012612314431
5735,5.228521,4.8296962572404825,0.3988247427595173
5736,5.2398524,4.8323643422958185,0.4074880577041817
5737,5.2503223,4.835379641484547,0.41494265851545276
5738,5.259993,4.838705609460027,0.42128739053997233
5739,5.268926,4.8423046068760796,0.4266213931239209
5740,5.277184,4.846132475018466,0.4310515249815339
5741,5.284828,4.849993160955979,0.4348348390440213
5742,5.291921,4.853858843684826,0.43806215631517453
5743,5.2985244,4.857705495341967,0.4408189046580331
5744,5.3047,4.861410293869054,0.44328970613094665
5745,5.31051,4.864903771442621,0.44560622855737897
5746,5.3160167,4.868153727971469,0.4478629720285303
5747,5.3212814,4.871130595885373,0.45015080411462716
5748,5.3263664,4.87387375541565,0.4524926445843507
5749,5.3313336,4.876420293938675,0.4549133060613251
5750,5.3362455,4.87878269867912,0.45746280132088035
5751,5.3411636,4.880972326059135,0.4601912739408647
5752,5.34615,4.882971754272442,0.4631782457275575
5753,5.351266,4.884790615690373,0.46647538430962676
5754,5.356575,4.886469546658914,0.47010545334108667
5755,5.3621373,4.888001481926576,0.47413581807342364
5756,5.3680167,4.8893867902091985,0.47862990979080156
5757,5.3742733,4.8906347750222725,0.4836385249777271
5758,5.3809705,4.891732566091209,0.48923793390879133
5759,5.3881693,4.892679185276852,0.4954901147231485
5760,5.395932,4.893520958859028,0.5024110411409719
5761,5.404321,4.8942718749773,0.5100491250227002
5762,5.4133983,4.894991419154699,0.5184068808453013
5763,5.4232254,4.895762907274124,0.527462492725876
5764,5.433864,4.896603526482223,0.5372604735177768
5765,5.4453764,4.89752069800644,0.5478557019935595
5766,5.4578247,4.898489944275009,0.5593347557249908
5767,5.4712715,4.89950279130808,0.5717687086919199
5768,5.4857774,4.900547102058012,0.5852302979419877
5769,5.5014052,4.901582827197571,0.5998223728024286
5770,5.5076895,4.9025888526596475,0.6051006473403522
5771,5.4939218,4.903571881474981,0.5903499185250185
5772,5.462787,4.904515853962446,0.558271146037554
5773,5.4221616,4.905423406411191,0.5167381935888091
5774,5.3783426,4.9062899590788,0.47205264092120025
5775,5.332888,4.907104565132526,0.4257834348674736
5776,5.291369,4.907881254101368,0.3834877458986323
5777,5.251538,4.908620997108535,0.34291700289146476
5778,5.2135773,4.909312050172099,0.3042652498279006
5779,5.1758018,4.909961713686851,0.26584008631314937
5780,5.1395917,4.910557400645935,0.2290342993540655
5781,5.1034293,4.911070755575097,0.19235854442490297
5782,5.071908,4.911484087230718,0.16042391276928125
5783,5.0361733,4.911780538012556,0.12439276198744409
5784,5.013009,4.911942535524909,0.1010664644750916
5785,4.9932947,4.911980533695194,0.08131416630480626
5786,4.979589,4.911908515400984,0.06768048459901621
5787,4.968967,4.9116969477380135,0.05727005226198667
5788,4.96226,4.9113490704155955,0.05091092958440413
5789,4.958519,4.910889773234244,0.047629226765756094
5790,4.9548745,4.910332482268896,0.044542017731103556
5791,4.9566846,4.909705587612439,0.04697901238756064
5792,4.961419,4.909018008767154,0.05240099123284647
5793,4.9710717,4.908278008934403,0.06279369106559773
5794,4.985517,4.907513020102442,0.07800397989755758
5795,5.0015054,4.906773725962689,0.09473167403731075
5796,5.019688,4.906092674233928,0.11359532576607201
5797,5.039818,4.905476017540955,0.13434198245904572
5798,5.0604544,4.904933243975996,0.15552115602400463
5799,5.0805435,4.904462511658085,0.17608098834191477
5800,5.099494,4.904075288589627,0.19541871141037337
5801,5.1192346,4.903785162564233,0.21544943743576717
5802,5.1340322,4.903609557158621,0.23042264284137914
5803,5.149753,4.903557377755803,0.24619562224419678
5804,5.162832,4.903604802734496,0.2592271972655036
5805,5.1729712,4.90374056292841,0.26923063707159045
5806,5.179806,4.9039434269123,0.2758625730877
5807,5.185806,4.904224455627077,0.2815815443729237
5808,5.1910963,4.904608589478036,0.2864877105219641
5809,5.1958046,4.904872349612091,0.2909322503879084
5810,5.2000575,4.904882092550277,0.29517540744972237
5811,5.2039814,4.904816338558442,0.29916506144155797
5812,5.2077036,4.904801451675862,0.3029021483241383
5813,5.21135,4.904843741881604,0.3065062581183966
5814,5.2150474,4.904950336257972,0.3100970637420284
5815,5.2189226,4.905142974064295,0.3137796259357053
5816,5.2231026,4.90543076515446,0.31767183484554007
5817,5.2277136,4.905829927904689,0.32188367209531155
5818,5.232883,4.906385644731693,0.32649735526830703
5819,5.2387366,4.907110850320208,0.33162574967979186
5820,5.2454014,4.908303206047556,0.33709819395244445
5821,5.253004,4.909914561388951,0.3430894386110488
5822,5.2616715,4.911683580842095,0.34998791915790495
5823,5.2715297,4.913672456348865,0.3578572436511349
5824,5.2827063,4.91586735757369,0.3668389424263099
5825,5.295327,4.918254586785954,0.37707241321404616
5826,5.3095193,4.9208228622114865,0.38869643778851337
5827,5.3254094,4.923559056723681,0.40185034327631897
5828,5.343124,4.926518450674478,0.4166055493255225
5829,5.36279,4.929702406399099,0.4330875936009013
5830,5.3957105,4.933038759831419,0.4626717401685809
5831,5.4020834,4.936500976175277,0.46558242382472326
5832,5.407937,4.940032338026608,0.4679046619733924
5833,5.411934,4.943620265345725,0.4683137346542745
5834,5.4137335,4.947292493751543,0.4664410062484574
5835,5.410938,4.951018638050899,0.4599193619491011
5836,5.3999963,4.954773483176185,0.44522281682381504
5837,5.3851852,4.95854464075402,0.4266405592459792
5838,5.3650317,4.962281415128494,0.4027502848715061
5839,5.337857,4.965971810653637,0.3718851893463624
5840,5.304608,4.969584463418733,0.33502353658126705
5841,5.2714243,4.9730869294845865,0.2983373705154131
5842,5.2471414,4.976491810054818,0.2706495899451822
5843,5.225405,4.979759221991186,0.24564577800881437
5844,5.210979,4.982869566239912,0.2281094337600882
5845,5.2029724,4.98578350346509,0.21718889653491047
5846,5.195182,4.988469022054242,0.20671297794575771
5847,5.189842,4.9909975607843835,0.19884443921561612
5848,5.1837115,4.993432103713605,0.19027939628639512
5849,5.1730456,4.995848065408633,0.17719753459136722
5850,5.171901,4.998347277707592,0.17355372229240817
5851,5.1681724,5.000884882909045,0.1672875170909558
5852,5.164893,5.003495899302113,0.16139710069788737
5853,5.156298,5.006187667002836,0.1501103329971638
5854,5.1490107,5.008821219615345,0.14018948038465506
5855,5.1442666,5.011383677849889,0.13288292215011133
5856,5.1397357,5.013861709485779,0.1258739905142212
5857,5.1387515,5.016235283214694,0.12251621678530533
5858,5.1381598,5.018511404582139,0.11964839541786176
5859,5.13779,5.020705363127222,0.11708463687277781
5860,5.1369977,5.022842748163037,0.11415495183696311
5861,5.1325574,5.02502010918529,0.10753729081470986
5862,5.123131,5.027372618073292,0.09575838192670805
5863,5.1070776,5.0299360591675075,0.0771415408324927
5864,5.081142,5.032783544887734,0.04835845511226555
5865,5.047867,5.035999080123179,0.011867919876821453
5866,5.0140457,5.03955011829834,-0.025504418298340603
5867,4.9808817,5.04344130342799,-0.06255960342798961
5868,4.9550138,5.0475861600480645,-0.0925723600480648
5869,4.937064,5.051485532669046,-0.11442153266904587
5870,4.930107,5.055108175160088,-0.12500117516008835
5871,4.931379,5.058884468105426,-0.12750546810542662
5872,4.939921,5.0628298095232855,-0.12290880952328553
5873,4.95739,5.066844674396867,-0.10945467439686674
5874,4.976848,5.070867173443524,-0.09401917344352384
5875,5.000608,5.074790268860746,-0.07418226886074653
5876,5.026536,5.07854349278576,-0.052007492785759446
5877,5.053055,5.082080087326219,-0.029025087326219
5878,5.082319,5.0854145903002665,-0.0030955903002665153
5879,5.1121893,5.088727616127933,0.023461683872066708
5880,5.136239,5.091998484592494,0.0442405154075054
5881,5.166796,5.095092446277011,0.07170355372298864
5882,4.9808335,5.097923431849465,-0.11708993184946515
5883,4.8954563,5.100552127302473,-0.20509582730247278
5884,4.899928,5.103040085394191,-0.20311208539419123
5885,4.9074917,5.105407530036472,-0.1979158300364725
5886,4.9179144,5.1076995689060265,-0.1897851689060266
5887,4.9309635,5.109978068863767,-0.1790145688637672
5888,4.946407,5.112280342386983,-0.16587334238698315
5889,4.9640117,5.11467586917097,-0.1506641691709696
5890,4.9835453,5.117222015538451,-0.13367671553845106
5891,5.0047746,5.119949930277253,-0.11517533027725246
5892,5.0274663,5.122911044211375,-0.09544474421137483
5893,5.051389,5.126146639523188,-0.07475763952318726
5894,5.07631,5.129674336941686,-0.05336433694168541
5895,5.1019964,5.133371714854443,-0.03137531485444267
5896,5.1282153,5.1372008227339645,-0.00898552273396458
5897,5.1547337,5.141275913091297,0.013457786908703362
5898,5.1813197,5.1455998974548525,0.03571980254514795
5899,5.2077403,5.150143246560422,0.05759705343957844
5900,5.2337623,5.154859237802575,0.07890306219742538
5901,5.259154,5.159689811813002,0.09946418818699776
5902,5.2836814,5.164593571789044,0.1190878282109562
5903,5.3071136,5.169516204633258,0.13759739536674243
5904,5.3292174,5.174390607541411,0.15482679245858932
5905,5.349759,5.17913882079753,0.1706201792024693
5906,5.3685064,5.183691317100632,0.18481508289936865
5907,5.385227,5.188014491063136,0.1972125089368646
5908,5.3996887,5.192052556625202,0.2076361433747973
5909,5.411658,5.195775653068978,0.21588234693102226
5910,5.4209027,5.199180844508292,0.2217218554917082
5911,5.4271894,5.202249533491224,0.22493986650877584
5912,5.4302864,5.204959390751575,0.2253270092484252
5913,5.427876,5.207236005458218,0.2206399945417825
5914,5.4139886,5.209022003518745,0.20496659648125437
5915,5.392245,5.210273442314982,0.18197155768501805
5916,5.3702035,5.21094354375454,0.1592599562454593
5917,5.351616,5.211045304619321,0.14057069538067868
5918,5.339241,5.210552782082048,0.12868821791795249
5919,5.3299994,5.210056375903657,0.11994302409634283
5920,5.3283486,5.2075390765946725,0.12080952340532747
5921,5.329155,5.202816818700272,0.12633818129972774
5922,5.3321695,5.197673650205458,0.13449584979454166
5923,5.338784,5.1922877755385235,0.14649622446147692
5924,5.3468347,5.1866673921695785,0.1601673078304211
5925,5.3549128,5.1808133933799745,0.17409940662002565
5926,5.362674,5.174716883672302,0.18795711632769851
5927,5.37186,5.168357844494148,0.20350215550585204
5928,5.3762445,5.161705138008305,0.21453936199169554
5929,5.380517,5.154718062808504,0.22579893719149613
5930,5.3868976,5.147349829560979,0.23954777043902098
5931,5.391754,5.139552679356672,0.25220132064332734
5932,5.396816,5.131283659503636,0.2655323404963639
5933,5.4011416,5.12251015506066,0.27863144493933945
5934,5.406685,5.113214409241994,0.2934705907580062
5935,5.4155555,5.103396082311033,0.31215941768896727
5936,5.42015,5.093071970336192,0.3270780296638076
5937,5.424601,5.082272894831908,0.3423281051680922
5938,5.4233694,5.073337273345032,0.35003212665496797
5939,5.4229636,5.065781565641008,0.357182034358992
5940,5.416599,5.057336830742526,0.359262169257474
5941,5.413451,5.048313270183003,0.3651377298169969
5942,5.4072886,5.038824164315935,0.3684644356840652
5943,5.4061236,5.028949838158208,0.3771737618417923
5944,5.4020963,5.018762151398948,0.38333414860105197
5945,5.40048,5.008294980090151,0.39218501990984933
5946,5.4005075,4.997627892791276,0.40287960720872373
5947,5.404152,4.986865054421353,0.4172869455786472
5948,5.407304,4.9760848595019045,0.4312191404980954
5949,5.4126935,4.965418881721059,0.4472746182789402
5950,5.4173136,4.955077243400702,0.4622363565992975
5951,5.4237432,4.945238563945839,0.4785046360541605
5952,5.4309793,4.936018652488849,0.4949606475111503
5953,5.4323626,4.927556966119823,0.504805633880177
5954,5.427997,4.919910079803992,0.5080869201960088
5955,5.420224,4.913123172815475,0.5071008271845248
5956,5.4096637,4.9072275782099055,0.5024361217900948
5957,5.396935,4.9022189295459215,0.4947160704540785
5958,5.3826575,4.898077160890544,0.4845803391094554
5959,5.3674507,4.894778496006569,0.47267220399343124
5960,5.351934,4.892287735025696,0.45964626497430405
5961,5.336727,4.890516027836412,0.4462109721635876
5962,5.3224497,4.889370392029749,0.4330793079702513
5963,5.309721,4.888779809742984,0.4209411902570155
5964,5.2991605,4.888646051595141,0.41051444840485907
5965,5.2913876,4.888848941419624,0.40253865858037585
5966,5.287022,4.889283991347535,0.3977380086524649
5967,5.2904477,4.88985412936793,0.40059357063206935
5968,5.29845,4.89050736765375,0.4079426323462503
5969,5.3042583,4.8911882382705265,0.41307006172947336
5970,5.3085866,4.891777851424655,0.41680874857534533
5971,5.3121505,4.892229475821521,0.4199210241784792
5972,5.3156643,4.892564683930001,0.42309961606999913
5973,5.3198433,4.892805772555625,0.42703752744437473
5974,5.325402,4.892968113473747,0.4324338865262538
5975,5.3330555,4.893052625276633,0.4400028747233673
5976,5.3435183,4.893106427487493,0.45041187251250747
5977,5.360778,4.893180706244504,0.46759729375549597
5978,5.3753595,4.893335610481716,0.4820238895182838
5979,5.3921814,4.8936346897074054,0.4985467102925947
5980,5.409194,4.894129496268821,0.5150645037311792
5981,5.4219904,4.89494017184994,0.5270502281500606
5982,5.433319,4.8961353327361286,0.5371836672638715
5983,5.443789,4.897799010139263,0.545989989860737
5984,5.435402,4.899948369662493,0.535453630337507
5985,5.4460273,4.902449860920298,0.5435774390797015
5986,5.450448,4.905215201379511,0.5452327986204883
5987,5.45572,4.908161414394339,0.5475585856056613
5988,5.4427514,4.911227538805211,0.5315238611947883
5989,5.4515414,4.914387808210309,0.537153591789691
5990,5.452256,4.917635900861136,0.5346200991388645
5991,5.451432,4.920922495831107,0.5305095041688928
5992,5.4445596,4.924287387857672,0.520272212142328
5993,5.4288983,4.927855553000717,0.5010427469992829
5994,5.406423,4.931654932100018,0.4747680678999826
5995,5.4026904,4.935789915389362,0.4669004846106377
5996,5.3967676,4.940391433969454,0.4563761660305463
5997,5.38621,4.945340673363376,0.4408693266366246
5998,5.3786435,4.9504855653601005,0.4281579346398994
5999,5.3717685,4.955449060026002,0.41631943997399823
6000,5.3689184,4.95977714316899,0.40914125683100977
6001,5.357895,4.9632742972590345,0.3946207027409656
6002,5.347918,4.966126381906458,0.38179161809354234
6003,5.3487906,4.96875667010919,0.38003392989080975
6004,5.3479886,4.971122572696666,0.3768660273033335
6005,5.351821,4.973182412097427,0.3786385879025733
6006,5.3588705,4.975568695383304,0.3833018046166963
6007,5.3640585,4.978658508992836,0.38539999100716393
6008,5.3670874,4.9818599177215575,0.3852274822784425
6009,5.363912,4.984200141772863,0.3797118582271368
6010,5.3540125,4.98534909054711,0.36866340945289
6011,5.3441763,4.9853665154716635,0.35880978452833645
6012,5.336838,4.984506007161796,0.35233199283820404
6013,5.3264923,4.982932280997815,0.3435600190021848
6014,5.315783,4.980770813262335,0.3350121867376643
6015,5.3047495,4.978183656683851,0.3265658433161489
6016,5.2931647,4.975225835270656,0.31793886472934396
6017,5.284427,4.971959920593786,0.3124670794062139
6018,5.2770767,4.968419523051389,0.3086571769486115
6019,5.2753296,4.964611395092852,0.31071820490714774
6020,5.2775245,4.960548208061447,0.3169762919385528
6021,5.2788434,4.9562317271642,0.3226116728358006
6022,5.2894297,4.951681060374148,0.3377486396258522
6023,5.2987943,4.946908160566911,0.35188613943308855
6024,5.310631,4.941970959261322,0.36866004073867753
6025,5.3219266,4.936931554813261,0.38499504518673966
6026,5.314854,4.932268402897849,0.38258559710215145
6027,5.2987647,4.927972794932156,0.3707919050678443
6028,5.274159,4.923684287004856,0.350474712995144
6029,5.24154,4.919588751324546,0.3219512486754539
6030,5.20141,4.915813944264846,0.28559605573515423
6031,5.1542706,4.912265224654774,0.24200537534522581
6032,5.100625,4.909082289542373,0.19154271045762705
6033,5.0409746,4.906499163771259,0.13447543622874125
6034,4.975822,4.904461518016258,0.07136048198374212
6035,4.905669,4.903067158801224,0.0026018411987758228
6036,4.8310184,4.9023391645969925,-0.07132076459699288
6037,4.7523723,4.902300085508398,-0.1499277855083978
6038,4.6702323,4.902777234029001,-0.23254493402900067
6039,4.576859,4.903587894151072,-0.3267288941510724
6040,4.5672097,4.904857399110157,-0.3376476991101569
6041,4.593365,4.906683557835183,-0.31331855783518225
6042,4.6395583,4.909018620836647,-0.2694603208366466
6043,4.7016444,4.911825196167216,-0.21018079616721597
6044,4.7754765,4.915107536530933,-0.13963103653093345
6045,4.8569083,4.918846188335478,-0.06193788833547842
6046,4.941777,4.9232089044292815,0.01856809557071859
6047,5.0259724,4.928213020442942,0.09775937955705771
6048,5.1053314,4.933550529926188,0.17178087007381215
6049,5.175709,4.9390381829938095,0.23667081700619086
6050,5.2329583,4.944606755141586,0.28835154485841397
6051,5.272933,4.950127470176487,0.32280552982351285
6052,5.2914877,4.955510699723997,0.33597700027600297
6053,5.2286367,4.960737601450008,0.26789909854999205
6054,5.410586,4.9657619100959,0.4448240899041007
6055,5.4623237,4.970547278148685,0.49177642185131454
6056,5.4726725,4.975058230883083,0.49761426911691675
6057,5.4796576,4.9792741998434575,0.5003834001565428
6058,5.4871674,4.983173612972838,0.503993787027162
6059,5.488337,4.986740746692399,0.5015962533076008
6060,5.490967,4.9899871836157805,0.5009798163842198
6061,5.4840918,4.992907081842805,0.49118471815719467
6062,5.4707294,4.995488671186736,0.4752407288132634
6063,5.4495325,4.9977362530807135,0.45179624691928666
6064,5.4208627,4.9996590824042855,0.42120361759571434
6065,5.382249,5.001317542507156,0.38093145749284396
6066,5.3350177,5.002817863434977,0.3321998365650227
6067,5.283844,5.004182270365805,0.2796617296341948
6068,5.229114,5.005316195722709,0.22379780427729123
6069,5.177268,5.006001295495683,0.17126670450431636
6070,5.129059,5.006131538885581,0.12292746111441843
6071,5.080113,5.005738806809496,0.0743741931905042
6072,5.032897,5.004744856175036,0.028152143824963893
6073,4.984632,5.002901151293312,-0.018269151293311303
6074,4.932058,4.99976234336506,-0.06770434336506082
6075,4.880673,4.995042084247893,-0.11436908424789305
6076,4.8326907,4.987687145639756,-0.1549964456397559
6077,4.7897754,4.978158409790347,-0.18838300979034717
6078,4.75571,4.968032601137567,-0.21232260113756762
6079,4.7297964,4.957492697516325,-0.22769629751632525
6080,4.7105966,4.946602326175022,-0.2360057261750219
6081,4.692059,4.935443308200339,-0.24338430820033885
6082,4.6871753,4.926020427657626,-0.23884512765762622
6083,4.6907434,4.9187299504833994,-0.22798655048339977
6084,4.698798,4.91227802430485,-0.21348002430485025
6085,4.7131586,4.906789738156127,-0.1936311381561273
6086,4.72554,4.901356109836153,-0.1758161098361537
6087,4.7417,4.895523673844219,-0.15382367384421958
6088,4.756469,4.889507807284479,-0.13303880728447925
6089,4.772001,4.883379830438716,-0.11137883043871533
6090,4.7897177,4.877152986223274,-0.08743528622327457
6091,4.8098645,4.87098118077438,-0.06111668077438015
6092,4.828122,4.865096800292432,-0.036974800292432164
6093,4.845428,4.859579133188967,-0.014151133188966547
6094,4.8618584,4.854350556360823,0.00750784363917667
6095,4.8774896,4.849490907861165,0.027998692138834436
6096,4.8923984,4.844853828397307,0.04754457160269343
6097,4.9066606,4.840377263889561,0.06628333611043935
6098,4.9203534,4.836212624397541,0.08414077560245836
6099,4.9335523,4.832500349513376,0.10105195048662363
6100,4.9463344,4.829306406071366,0.11702799392863383
6101,4.9587755,4.82668753651164,0.1320879634883596
6102,4.970953,4.824727681336042,0.14622531866395772
6103,4.982942,4.823469975112409,0.1594720248875916
6104,4.99482,4.822924710920077,0.1718952890799228
6105,5.006667,4.823113212260193,0.18355378773980746
6106,5.0185513,4.8242544706948385,0.1942968293051619
6107,5.0305533,4.826330426041729,0.20422287395827166
6108,5.0427494,4.829112775304252,0.21363662469574773
6109,5.0552163,4.832577423600209,0.22263887639979085
6110,5.06803,4.836613933577307,0.2314160664226934
6111,5.081267,4.841139445696531,0.2401275543034691
6112,5.0950036,4.846042480357344,0.24896111964265621
6113,5.1093163,4.851196316011734,0.25811998398826574
6114,5.123778,4.856531444818618,0.26724655518138185
6115,5.1358514,4.861971717627356,0.2738796823726437
6116,5.146038,4.867441229301257,0.27859677069874245
6117,5.155153,4.872881854573592,0.2822711454264084
6118,5.164011,4.878108424128432,0.2859025758715683
6119,5.1734276,4.882716048463334,0.29071155153666606
6120,5.1842184,4.886770660582899,0.2974477394171009
6121,5.197198,4.890641189309819,0.30655681069018126
6122,5.2131824,4.894367609111707,0.31881479088829323
6123,5.232986,4.897942504144076,0.3350434958559241
6124,5.245341,4.901383562325931,0.34395743767406906
6125,5.2520623,4.90472877911327,0.3473335208867301
6126,5.253022,4.907965354723976,0.3450566452760233
6127,5.2478156,4.9110801544113585,0.33673544558864155
6128,5.233462,4.91407812884336,0.31938387115664035
6129,5.212239,4.91698639281059,0.2952526071894104
6130,5.17526,4.919886253339744,0.2553737466602559
6131,5.1436777,4.922846541786814,0.22083115821318522
6132,5.1090207,4.92590087162809,0.1831198283719102
6133,5.0693817,4.929157706736118,0.14022399326388246
6134,5.028086,4.932639279205865,0.09544672079413541
6135,4.991551,4.936172858165392,0.05537814183460821
6136,4.9576306,4.939571624440747,0.018058975559252843
6137,4.9302206,4.942725502758862,-0.01250490275886218
6138,4.9121575,4.94551239249848,-0.03335489249847967
6139,4.9025345,4.947962582038314,-0.045428082038314166
6140,4.9065204,4.950418424744762,-0.04389802474476223
6141,4.9134455,4.952811068883548,-0.03936556888354836
6142,4.9180713,4.95469786132241,-0.036626561322409934
6143,4.9310117,4.9559443838663,-0.02493268386630021
6144,4.951852,4.9565804542495355,-0.0047284542495358295
6145,4.973635,4.9567633016481665,0.01687169835183333
6146,4.999491,4.954565173445502,0.04492582655449784
6147,5.023857,4.950106469453188,0.07375053054681135
6148,5.0483346,4.945599815627934,0.10273478437206585
6149,5.0680685,4.941225817153885,0.12684268284611466
6150,5.086838,4.936940461909737,0.14989753809026318
6151,5.104833,4.932678610738691,0.17215438926130933
6152,5.113784,4.928360414025275,0.18542358597472486
6153,5.128407,4.926175542922851,0.20223145707714885
6154,5.1411004,4.92670218434518,0.2143982156548203
6155,5.1561913,4.928247522474506,0.22794377752549355
6156,5.1704516,4.930189139603259,0.2402624603967407
6157,5.181443,4.93165474318814,0.24978825681185945
6158,5.1948996,4.93188102228063,0.2630185777193699
6159,5.2000937,4.931316384368654,0.268777315631346
6160,5.21035,4.930855034898304,0.279494965101696
6161,5.2169766,4.930132450144544,0.2868441498554555
6162,5.226325,4.929047054158779,0.2972779458412207
6163,5.234698,4.927808506383089,0.30688949361691087
6164,5.2432394,4.926488490521182,0.31675090947881834
6165,5.2515597,4.925073413179344,0.3264862868206553
6166,5.2572274,4.923619459007086,0.3336079409929136
6167,5.2610846,4.9222349172147855,0.33884968278521477
6168,5.2628098,4.921264806584241,0.3415449934157593
6169,5.264171,4.9205749182530205,0.34359608174697964
6170,5.261785,4.919773358758891,0.3420116412411085
6171,5.2581015,4.918906304621986,0.33919519537801435
6172,5.2496457,4.918049580607738,0.3315961193922625
6173,5.234771,4.917207986699754,0.31756301330024606
6174,5.2113986,4.9163430387121565,0.2950555612878434
6175,5.180034,4.915497865756826,0.26453613424317446
6176,5.142929,4.914718479987519,0.22821052001248088
6177,5.101716,4.914018047672812,0.18769795232718778
6178,5.0590863,4.912772570208998,0.146313729791002
6179,5.017638,4.910148395754067,0.10748960424593257
6180,4.9792166,4.9068319081556355,0.07238469184436447
6181,4.955077,4.9037730729901305,0.05130392700986963
6182,4.813373,4.901120376928701,-0.08774737692870094
6183,4.5389304,4.8988855531535185,-0.35995515315351856
6184,4.2972507,4.8970666424946,-0.5998159424946001
6185,4.683957,4.895703230251563,-0.21174623025156247
6186,4.800938,4.894842653630773,-0.09390465363077283
6187,4.856373,4.894439387210117,-0.038066387210117014
6188,4.904916,4.894475600030847,0.010440399969152914
6189,4.947155,4.895562878415923,0.05159212158407733
6190,4.98368,4.897852643776731,0.08582735622326876
6191,5.015079,4.90078553179842,0.1142934682015797
6192,5.041943,4.904270008432469,0.13767299156753054
6193,5.064861,4.90826576745641,0.15659523254358998
6194,5.0844216,4.912726624910555,0.1716949750894452
6195,5.101215,4.917575105857536,0.1836398941424635
6196,5.11583,4.922267376369245,0.19356262363075505
6197,5.128856,4.926719017218204,0.20213698278179582
6198,5.140883,4.9312725241743065,0.20961047582569314
6199,5.1524997,4.935885151621256,0.21661454837874405
6200,5.164296,4.9405386870319115,0.22375731296808876
6201,5.176861,4.945107140782176,0.23175385921782343
6202,5.1907835,4.949425267699932,0.24135823230006803
6203,5.2066536,4.953401627182348,0.2532519728176519
6204,5.22506,4.956967138449567,0.268092861550433
6205,5.2465935,4.960067300853464,0.286526199146536
6206,5.270866,4.962687022468423,0.3081789775315764
6207,5.2911158,4.9648199911504705,0.3262958088495296
6208,5.3105206,4.966494536917336,0.3440260630826639
6209,5.3202677,4.967739576062581,0.35252812393741895
6210,5.3283167,4.9685650817399,0.35975161826010016
6211,5.3293347,4.968947696508454,0.36038700349154684
6212,5.330189,4.96887993534513,0.3613090646548702
6213,5.3284607,4.9683985296613375,0.3600621703386624
6214,5.330442,4.967532431678334,0.36290956832166543
6215,5.334455,4.9663043459593545,0.3681506540406456
6216,5.3400064,4.9647657525957625,0.37524064740423757
6217,5.3454003,4.962990320498667,0.3824099795013325
6218,5.347546,4.960991691418325,0.38655430858167517
6219,5.34689,4.960072865060055,0.3868171349399452
6220,5.3457,4.955955446666503,0.38974455333349667
6221,5.343033,4.947927581656025,0.3951054183439755
6222,5.338598,4.93956091544681,0.3990370845531901
6223,5.332891,4.931208288472072,0.4016827115279282
6224,5.326851,4.922888501943994,0.40396249805600526
6225,5.3215156,4.91461437387791,0.40690122612208945
6226,5.317722,4.9063824381570775,0.4113395618429223
6227,5.306767,4.898165600912054,0.4086013990879458
6228,5.2982755,4.889912240477148,0.4083632595228517
6229,5.2928553,4.881552396199635,0.41130290380036527
6230,5.287249,4.873009338939486,0.41423966106051413
6231,5.279699,4.867259364564614,0.4124396354353861
6232,5.2727304,4.864693912009167,0.4080364879908336
6233,5.2642026,4.862763895243395,0.4014387047566048
6234,5.2579803,4.861135877201688,0.39684442279831167
6235,5.246021,4.8591273735141165,0.3868936264858833
6236,5.243091,4.856528357506734,0.38656264249326533
6237,5.240888,4.853462665140435,0.3874253348595653
6238,5.242702,4.849972335666753,0.3927296643332472
6239,5.2465167,4.846183733772323,0.4003329662276771
6240,5.247636,4.842348134058529,0.4052878659414709
6241,5.245974,4.83875173806731,0.4072222619326906
6242,5.2354083,4.835758493306405,0.39964980669359473
6243,5.219439,4.833647418144548,0.38579158185545204
6244,5.2019033,4.832659903399798,0.36924339660020156
6245,5.1833453,4.832903837450079,0.35044146254992103
6246,5.166093,4.834386204631573,0.33170679536842673
6247,5.152046,4.837135211657315,0.3149107883426856
6248,5.143063,4.841165979439139,0.3018970205608609
6249,5.1389194,4.846435699210863,0.29248370078913677
6250,5.1401606,4.852871857984831,0.28728874201516863
6251,5.141834,4.8603517081986745,0.2814822918013258
6252,5.147088,4.868712104943027,0.278375895056973
6253,5.156067,4.8777634713915825,0.27830352860841767
6254,5.1675143,4.887273899028536,0.2802404009714641
6255,5.1799707,4.897010747026899,0.2829599529731013
6256,5.193427,4.906696945051704,0.28673005494829606
6257,5.2077417,4.916064472647864,0.2916772273521353
6258,5.256448,4.9248503278688105,0.3315976721311893
6259,5.1036835,4.932784907821481,0.17089859217851888
6260,4.9600544,4.939671558059131,0.0203828419408687
6261,4.961743,4.945346704210117,0.016396295789883553
6262,4.964919,4.949701553008,0.015217446991999672
6263,4.9695096,4.952668500570899,0.016841099429101725
6264,4.975442,4.954222714307764,0.02121928569223641
6265,4.982644,4.954169110205761,0.0284748897942384
6266,4.9910436,4.952542761114743,0.03850083888525724
6267,5.000568,4.949713699820943,0.05085430017905779
6268,5.011144,4.945922418082364,0.06522158191763605
6269,5.0227,4.9413531236386,0.08134687636140026
6270,5.0351634,4.936192730374518,0.09897066962548173
6271,5.048461,4.930676040994276,0.11778495900572405
6272,5.0625215,4.925452747387925,0.13706875261207507
6273,5.0772715,4.920715002921241,0.15655649707875874
6274,5.092639,4.916273964818986,0.1763650351810142
6275,5.108551,4.912342423235363,0.19620857676463732
6276,5.1249356,4.909044803011557,0.21589079698844227
6277,5.1417203,4.906474215660412,0.23524608433958782
6278,5.158832,4.904701799262215,0.25413020073778547
6279,5.176199,4.903766757895293,0.2724322421047072
6280,5.193748,4.903684071373083,0.29006392862691754
6281,5.211407,4.904413445061606,0.3069935549383942
6282,5.2291036,4.905870650191483,0.32323294980851713
6283,5.246765,4.908002991083089,0.3387620089169108
6284,5.2643194,4.910735975478646,0.3535834245213536
6285,5.2816935,4.91383084167242,0.3678626583275806
6286,5.298815,4.917123045685864,0.38169195431413616
6287,5.3156114,4.920642391441031,0.3949690085589692
6288,5.3320107,4.924346758548384,0.40766394145161566
6289,5.3479404,4.928171669078077,0.41976873092192246
6290,5.363327,4.931984275494411,0.43134272450558875
6291,5.3780994,4.935665328904463,0.442434071095537
6292,5.392184,4.9391512607651205,0.45303273923487986
6293,5.405509,4.942368578139198,0.4631404218608024
6294,5.4180017,4.945261290978218,0.4727404090217817
6295,5.4295893,4.947784379560877,0.4818049204391226
6296,5.435163,4.950757159500586,0.4844058404994138
6297,5.433197,4.949243891774083,0.48395310822591675
6298,5.414273,4.942828473377376,0.4714445266226237
6299,5.3928223,4.93576962079613,0.45705267920387005
6300,5.364867,4.928440117884944,0.43642688211505654
6301,5.3379364,4.920791179968478,0.41714522003152243
6302,5.3052487,4.912744784337476,0.39250391566252407
6303,5.2762427,4.904195326746102,0.37204737325389825
6304,5.242123,4.895019377255371,0.3471036227446289
6305,5.2090583,4.885091811731304,0.3239664882686961
6306,5.1748395,4.874305119977456,0.30053438002254396
6307,5.140324,4.862588253330827,0.27773574666917256
6308,5.1082883,4.849921867907036,0.2583664320929637
6309,5.0778623,4.8363478698841735,0.24151443011582607
6310,5.0523343,4.821972350032255,0.23036194996774473
6311,5.026305,4.806962004091613,0.21934299590838702
6312,5.0019116,4.7915349404101955,0.21037665958980423
6313,4.9783654,4.775947286227344,0.20241811377265595
6314,4.956219,4.760477144590882,0.1957418554091177
6315,4.939672,4.745407491365502,0.19426450863449762
6316,4.9243894,4.73100959733629,0.1933798026637099
6317,4.915357,4.717528336800626,0.19782866319937398
6318,4.9117627,4.705170444767358,0.2065922552326418
6319,4.9173365,4.694096457626801,0.22324004237319883
6320,4.923752,4.684416633837805,0.2393353661621953
6321,4.9380755,4.6761906493464735,0.2618848506535265
6322,4.958072,4.674877558821989,0.2831944411780105
6323,4.979984,4.6800341826752,0.29994981732479964
6324,4.9998713,4.686300855782645,0.3135704442173548
6325,5.020884,4.693842473799552,0.327041526200448
6326,5.0440803,4.702264899724171,0.3418154002758289
6327,5.0607147,4.711226701300142,0.3494879986998578
6328,5.076545,4.720450659873961,0.356094340126039
6329,5.09277,4.729745320655513,0.3630246793444867
6330,5.106611,4.739024104819985,0.36758689518001475
6331,5.122783,4.748172932067183,0.37461006793281726
6332,5.15705,4.757191563083027,0.39985843691697287
6333,5.004255,4.766102667826701,0.238152332173299
6334,5.4392858,4.77477789079693,0.6645079092030706
6335,5.0683002,4.7831033853025025,0.2851968146974979
6336,5.1869893,4.790972946644307,0.39601635335569263
6337,5.1819196,4.798313167375133,0.38360643262486693
6338,5.182072,4.805080013331243,0.3769919866687568
6339,5.182357,4.81122190860937,0.37113509139062995
6340,5.182783,4.816759589699808,0.36602341030019137
6341,5.1833596,4.821707761355645,0.361651838644355
6342,5.184096,4.826109711049011,0.35798628895098883
6343,5.185001,4.829964072305676,0.35503692769432416
6344,5.1860847,4.833326227619524,0.35275847238047664
6345,5.1873555,4.836397477776513,0.3509580222234865
6346,5.1888237,4.839240906287552,0.3495827937124485
6347,5.1904974,4.841839142269566,0.3486582577304338
6348,5.1923866,4.844273626888112,0.3481129731118875
6349,5.1945,4.846628704409131,0.3478712955908687
6350,5.196847,4.848992815763688,0.3478541842363123
6351,5.1994376,4.851406582296302,0.3480310177036987
6352,5.20228,4.85391189435956,0.3483681056404402
6353,5.205384,4.85655141235772,0.34883258764227953
6354,5.2087584,4.859336695113124,0.3494217048868755
6355,5.2124124,4.862244292790544,0.35016810720945557
6356,5.2163563,4.865235153069825,0.3511211469301756
6357,5.220598,4.868294609520445,0.3523033904795545
6358,5.2251477,4.87120418053372,0.3539435194662799
6359,5.2300143,4.873854982245356,0.3561593177546438
6360,5.2352066,4.876354521969093,0.3588520780309068
6361,5.2407346,4.878693854850819,0.36204074514918094
6362,5.2466073,4.8808221488997585,0.36578515110024146
6363,5.252834,4.882692232546235,0.3701417674537648
6364,5.2594233,4.8842654508037615,0.3751578491962384
6365,5.266385,4.885525088685724,0.38085991131427566
6366,5.2737284,4.886421980125872,0.38730641987412806
6367,5.2814627,4.88692583515642,0.3945368648435794
6368,5.2895966,4.886998486638209,0.4025981133617913
6369,5.29814,4.8866345254072465,0.41150547459275355
6370,5.307102,4.886728826624362,0.42037317337563884
6371,5.316492,4.881817097742829,0.4346749022571714
6372,5.31369,4.87262693573905,0.4410630642609501
6373,5.287397,4.865307874504592,0.42208912549540845
6374,5.251672,4.856758019217025,0.3949139807829747
6375,5.2079315,4.845788035711707,0.3621434642882928
6376,5.1574454,4.8344918138898745,0.3229535861101258
6377,5.1018906,4.823199707131994,0.2786908928680063
6378,5.0423455,4.811979171710853,0.23036632828914705
6379,4.9817386,4.80089246006497,0.18084613993502963
6380,4.919998,4.790001510101642,0.12999648989835766
6381,4.8644342,4.779368585248694,0.08506561475130603
6382,4.815261,4.769065623616281,0.046195376383718845
6383,4.775081,4.759156787038327,0.015924212961673234
6384,4.7432,4.749700508581128,-0.006500508581128273
6385,4.7180014,4.7408565776238305,-0.02285517762383016
6386,4.7035117,4.73284945425779,-0.029337754257790394
6387,4.689788,4.725837181320624,-0.036049181320623624
6388,4.6846414,4.71997658862664,-0.035335188626639535
6389,4.688965,4.715368172118048,-0.02640317211804799
6390,4.700485,4.711874391031986,-0.011389391031986662
6391,4.716702,4.709243096471693,0.007458903528307026
6392,4.737332,4.7072527948970215,0.03007920510297879
6393,4.760754,4.705794216101694,0.05495978389830647
6394,4.7875943,4.704832291183635,0.0827620088163652
6395,4.816135,4.704269427526505,0.11186557247349516
6396,4.846723,4.70405989282654,0.1426631071734601
6397,4.877037,4.7042029855323415,0.17283401446765811
6398,4.9061813,4.704552457243461,0.2016288427565387
6399,4.9343677,4.7051868857443,0.2291808142556997
6400,4.9564033,4.706214404799227,0.2501888952007727
6401,4.9734564,4.70758893376099,0.26586746623901014
6402,4.981916,4.709276019016541,0.27263998098345876
6403,4.9852395,4.711158057262054,0.27408144273794566
6404,4.9841604,4.713127443361883,0.2710329566381171
6405,4.9788775,4.715122970639373,0.26375452936062693
6406,4.9751205,4.717104879980867,0.25801562001913325
6407,4.9739904,4.71905713931867,0.25493326068133015
6408,4.9793177,4.720998607865594,0.25831909213440607
6409,4.9843388,4.722936031128671,0.26140276887132874
6410,4.9892397,4.724815462035424,0.26442423796457604
6411,4.9948635,4.726573389434193,0.26829011056580754
6412,5.0011516,4.7282276616130545,0.2729239383869455
6413,5.0080442,4.72980599394077,0.2782382060592292
6414,5.015483,4.731279278929534,0.2842037210704653
6415,5.0234084,4.7326407530873205,0.29076764691267964
6416,5.0317616,4.7339169377347226,0.2978446622652777
6417,5.040483,4.735114439993668,0.3053685600063316
6418,5.0495133,4.7362073524112285,0.3133059475887716
6419,5.058794,4.737163689658362,0.3216303103416376
6420,5.0682654,4.738011620106128,0.33025377989387117
6421,5.0778666,4.7387733772059715,0.33909322279402865
6422,5.0875425,4.7394750326617645,0.3480674673382351
6423,5.097232,4.7401039730111565,0.3571280269888435
6424,5.106876,4.740646640599083,0.3662293594009167
6425,5.1164145,4.741136930363307,0.375277569636693
6426,5.1257896,4.741493679705837,0.3842959202941634
6427,5.1349416,4.741726698889973,0.393214901110027
6428,5.143811,4.741936274035623,0.4018747259643778
6429,5.152339,4.742146528555899,0.410192471444101
6430,5.1604667,4.74245270273127,0.41801399726873
6431,5.1681347,4.742863795693918,0.4252709043060827
6432,5.1752834,4.7433868439929405,0.4318965560070591
6433,5.1818547,4.744038138687572,0.4378165613124274
6434,5.1877885,4.744826027593815,0.4429624724061849
6435,5.1930256,4.745994394233371,0.44703120576662947
6436,5.197508,4.747373771303093,0.450134228696907
6437,5.201175,4.748713181802973,0.452461818197027
6438,5.203969,4.75015978635409,0.45380921364590954
6439,5.2058296,4.751681298840926,0.45414830115907456
6440,5.206698,4.753253613753163,0.45344438624683736
6441,5.2165136,4.7548687699729575,0.4616448300270424
6442,5.214724,4.756495830480936,0.45822816951906464
6443,5.1963425,4.758106374721339,0.43823612527866107
6444,5.182008,4.759681976761863,0.4223260232381367
6445,5.159156,4.76125468938291,0.39790131061709033
6446,5.133619,4.7628646113513335,0.37075438864866683
6447,5.113049,4.764468589791295,0.34858041020870534
6448,5.0962167,4.766018878025485,0.3301978219745152
6449,5.092126,4.767524076632333,0.32460192336766713
6450,5.086792,4.768982019762213,0.3178099802377874
6451,5.089131,4.770373760862595,0.3187572391374047
6452,5.0937934,4.771688622046663,0.3221047779533368
6453,5.0983973,4.7729231899161135,0.3254741100838867
6454,5.1062,4.774120216653695,0.3320797833463054
6455,5.1148047,4.775332545053702,0.33947215494629734
6456,5.121206,4.776552257317681,0.3446537426823193
6457,5.13442,4.777760557903483,0.35665944209651723
6458,5.150276,4.778958287394638,0.3713177126053617
6459,5.162045,4.780121345371811,0.38192365462818856
6460,5.173897,4.781267331645135,0.3926296683548651
6461,5.1823316,4.782404966764982,0.399926633235018
6462,5.1839743,4.783500040182074,0.4004742598179263
6463,5.179706,4.78453759121368,0.3951684087863203
6464,5.1683283,4.785496200350045,0.38283209964995457
6465,5.151474,4.786393838398395,0.3650801616016057
6466,5.1329184,4.787228576670019,0.3456898233299812
6467,5.1183887,4.787976677043302,0.3304120229566978
6468,5.106904,4.7886181426159435,0.31828585738405657
6469,5.0991025,4.789123383150209,0.3099791168497905
6470,5.0969086,4.789527551705439,0.3073810482945607
6471,5.094985,4.7898407641290355,0.30514423587096484
6472,5.0974536,4.7900403777112235,0.3074132222887762
6473,5.102673,4.790139309452995,0.3125336905470055
6474,5.110368,4.790124756494391,0.32024324350560907
6475,5.1170373,4.790023068499821,0.32701423150017916
6476,5.125096,4.78984817077766,0.3352478292223404
6477,5.135669,4.789570632279318,0.3460983677206819
6478,5.1465793,4.789223542809656,0.3573557571903443
6479,5.1582313,4.78885578783944,0.36937551216055997
6480,5.16714,4.78850408424209,0.37863591575790956
6481,5.1674523,4.78815468048023,0.3792976195197699
6482,5.1684103,4.787746647862871,0.3806636521371285
6483,5.170006,4.787236170884552,0.382769829115448
6484,5.172205,4.786642472061833,0.38556252793816714
6485,5.1749744,4.785991650277331,0.3889827497226692
6486,5.1782804,4.785320999264094,0.3929594007359061
6487,5.182089,4.784655510723026,0.397433489276974
6488,5.1863675,4.7840634219717035,0.4023040780282967
6489,5.191082,4.7835430702237485,0.4075389297762513
6490,5.1961985,4.7829895549853525,0.4132089450146479
6491,5.2016845,4.782389940115318,0.41929455988468156
6492,5.207505,4.781739066564965,0.4257659334350352
6493,5.2136283,4.781031886756827,0.4325964132431732
6494,5.2200193,4.7802646723652975,0.4397546276347022
6495,5.226645,4.779404135392244,0.4472408646077568
6496,5.2334723,4.778443987452122,0.4550283125478778
6497,5.2404666,4.777400540350058,0.4630660596499423
6498,5.247596,4.776251908735,0.4713440912649993
6499,5.254825,4.774992418852893,0.47983258114710736
6500,5.2621217,4.773646271055532,0.4884754289444677
6501,5.269451,4.772226022066028,0.49722497793397213
6502,5.276781,4.770747239106843,0.5060337608931569
6503,5.284077,4.7692517991900365,0.5148252008099634
6504,5.2913065,4.767748420506202,0.5235580794937977
6505,5.298435,4.766228142436202,0.5322068575637973
6506,5.3054295,4.764721378168576,0.5407081218314236
6507,5.312256,4.763197681661858,0.5490583183381412
6508,5.318881,4.761680472543618,0.5572005274563825
6509,5.3252716,4.7602438131363245,0.5650277868636753
6510,5.3313937,4.758884203905508,0.5725094960944919
6511,5.337214,4.757610290367345,0.5796037096326554
6512,5.3426986,4.756435484524292,0.5862631154757079
6513,5.3464117,4.755389114294606,0.5910225857053941
6514,5.339431,4.754466088615213,0.5849649113847875
6515,5.3196707,4.753648252511551,0.5660224474884483
6516,5.2951813,4.752969460170969,0.5422118398290312
6517,5.269735,4.752454137128606,0.5172808628713934
6518,5.24417,4.75207655698414,0.4920934430158601
6519,5.225151,4.75185645828501,0.4732945417149903
6520,5.211319,4.751774322537076,0.45954467746292327
6521,5.1958585,4.751810171664091,0.4440483283359091
6522,5.1859674,4.751941674333435,0.43402572566656517
6523,5.178372,4.752139518020753,0.42623248197924735
6524,5.1741104,4.752378554388062,0.4217318456119381
6525,5.1735373,4.752631579984711,0.4209057200152886
6526,5.1697106,4.752863619653186,0.416846980346814
6527,5.172469,4.753071914043569,0.4193970859564313
6528,5.1706576,4.753258185779018,0.4173994142209825
6529,5.1694913,4.753411263823473,0.41608003617652667
6530,5.1755805,4.753549280895937,0.4220312191040625
6531,5.1777573,4.753633181606309,0.42412411839369035
6532,5.1810217,4.753582086179502,0.4274396138204972
6533,5.193611,4.753319448818257,0.4402915511817431
6534,5.20641,4.75277366902921,0.4536363309707898
6535,5.2175784,4.751882224088062,0.4656961759119378
6536,5.2294846,4.750563537558244,0.47892106244175636
6537,5.241198,4.748734601679325,0.492463398320675
6538,5.253228,4.746359796293828,0.5068682037061718
6539,5.2628684,4.743448227645097,0.519420172354903
6540,5.268036,4.740038230138079,0.5279977698619218
6541,5.2713885,4.736188426837102,0.5352000731628976
6542,5.2717023,4.732011997639002,0.5396903023609987
6543,5.275818,4.727635817648553,0.5481821823514474
6544,5.2810626,4.723158897173929,0.5579037028260716
6545,5.2898,4.718714270846284,0.5710857291537152
6546,5.297616,4.714434535280626,0.5831814647193738
6547,5.305993,4.7104157276941425,0.5955772723058574
6548,5.3156424,4.706742359734398,0.6089000402656017
6549,5.325508,4.703492802674629,0.6220151973253714
6550,5.3317924,4.7007325529898605,0.6310598470101398
6551,5.3404236,4.6984772609334895,0.6419463390665108
6552,5.3437543,4.6967298899246,0.6470244100753995
6553,5.3460126,4.695521902286663,0.6504906977133365
6554,5.3506384,4.6948574349810945,0.6557809650189057
6555,5.3525424,4.69475863817267,0.6577837618273303
6556,5.3559713,4.695208801351083,0.6607624986489169
6557,5.355544,4.696137853967661,0.6594061460323388
6558,5.35609,4.697568724696592,0.658521275303408
6559,5.358018,4.699463783426344,0.6585542165736564
6560,5.3590918,4.701654696461962,0.6574371035380375
6561,5.3611627,4.704106825875982,0.6570558741240182
6562,5.3643136,4.706931912198961,0.6573816878010392
6563,5.3396726,4.710161636002813,0.6295109639971868
6564,5.200833,4.713771474918098,0.48706152508190215
6565,5.4395614,4.717749467603206,0.7218119323967933
6566,5.441652,4.722082432923311,0.7195695670766895
6567,5.441288,4.7266693672833044,0.7146186327166957
6568,5.4403315,4.731452658499414,0.708878841500586
6569,5.438838,4.736579546604233,0.7022584533957668
6570,5.436862,4.742051458575282,0.6948105414247179
6571,5.434457,4.747762456274198,0.6866945437258023
6572,5.4316773,4.753675013815438,0.6780022861845616
6573,5.4285765,4.759728396253942,0.6688481037460585
6574,5.425208,4.765868069884651,0.6593399301153484
6575,5.421627,4.772057637788482,0.6495693622115182
6576,5.4178863,4.778250699058862,0.6396356009411379
6577,5.41404,4.784410760595284,0.629629239404716
6578,5.4101424,4.790505386167372,0.6196370138326275
6579,5.4062467,4.79648985962316,0.6097568403768392
6580,5.402407,4.8022992763953445,0.6001077236046557
6581,5.398678,4.807904530971107,0.5907734690288935
6582,5.395112,4.813308459403449,0.5818035405965514
6583,5.391764,4.818477035898328,0.5732869641016718
6584,5.388688,4.823361514404735,0.5653264855952651
6585,5.3859377,4.82794726457752,0.5579904354224805
6586,5.3835664,4.832222054156663,0.5513443458433374
6587,5.3816285,4.836135200671529,0.5454932993284709
6588,5.380178,4.839651404979797,0.5405265950202027
6589,5.379268,4.8427593982761765,0.5365086017238232
6590,5.379554,4.845444985830645,0.5341090141693545
6591,5.374298,4.84772288379354,0.5265751162064598
6592,5.3491373,4.849672414382569,0.49946488561743063
6593,5.306317,4.851364574595064,0.45495242540493575
6594,5.2620664,4.85277328947778,0.4092931105222197
6595,5.215904,4.853899507562038,0.3620044924379622
6596,5.1807547,4.8547181313191565,0.3260365686808431
6597,5.149694,4.855280710274511,0.2944132897254894
6598,5.1265693,4.855725305553748,0.27084399444625173
6599,5.1036615,4.856050811885396,0.2476106881146043
6600,5.0888925,4.856181497597468,0.23271100240253162
6601,5.0816946,4.856140007849305,0.2255545921506945
6602,5.0804925,4.851133408099214,0.22935909190078618
6603,5.0848823,4.841186911988119,0.24369538801188106
6604,5.0959015,4.831642670955135,0.26425882904486464
6605,5.10603,4.822910945674343,0.283119054325657
6606,5.117862,4.81429587841849,0.3035661215815093
6607,5.127338,4.8059353491835894,0.3214026508164105
6608,5.141923,4.79787146344327,0.34405153655673004
6609,5.15517,4.7900970227608735,0.3650729772391266
6610,5.1687217,4.782706370792568,0.38601532920743153
6611,5.17962,4.77585732130827,0.4037626786917299
6612,5.189101,4.769703292328492,0.4193977076715081
6613,5.1959805,4.764501767834627,0.431478732165373
6614,5.198738,4.7604433014123915,0.43829469858760817
6615,5.1991,4.75733069315839,0.44176930684160975
6616,5.19516,4.754886808278684,0.4402731917213156
6617,5.1914597,4.7530353157584955,0.43842438424150476
6618,5.1895523,4.751634098804082,0.4379182011959175
6619,5.184722,4.75055877901098,0.4341632209890198
6620,5.1823764,4.749889316064942,0.4324870839350581
6621,5.1810575,4.749611158136105,0.43144634186389474
6622,5.180591,4.749608118456453,0.4309828815435468
6623,5.175864,4.749771363270353,0.4260926367296465
6624,5.172385,4.750000265408328,0.42238473459167203
6625,5.16912,4.750195008269121,0.41892499173087927
6626,5.16196,4.75038216144041,0.41157783855959007
6627,5.1567907,4.75065546673201,0.4061352332679906
6628,5.1519523,4.750969978069693,0.40098232193030636
6629,5.151171,4.751226986358022,0.39994401364197785
6630,5.144114,4.751423211828777,0.3926907881712234
6631,5.137394,4.7515677722811605,0.3858262277188391
6632,5.1375723,4.751656865825052,0.3859154341749482
6633,5.1379595,4.751669020089151,0.38629047991084864
6634,5.1385694,4.75160170756767,0.38696769243232954
6635,5.1394176,4.751468700132504,0.3879488998674958
6636,5.140519,4.751288438770344,0.38923056122965605
6637,5.141889,4.751063512911557,0.3908254870884429
6638,5.1435423,4.7507641790649116,0.39277812093508846
6639,5.145494,4.75041729009672,0.3950767099032806
6640,5.1477585,4.7500636028888,0.3976948971112
6641,5.1503515,4.749733135242423,0.4006183647575776
6642,5.1532884,4.749441717956517,0.40384668204348273
6643,5.156583,4.749173215875151,0.40740978412484896
6644,5.160251,4.748920981820175,0.4113300181798243
6645,5.1643076,4.748695215798949,0.41561238420105084
6646,5.1687675,4.748520319060264,0.4202471809397368
6647,5.173646,4.74839164869594,0.4252543513040594
6648,5.1789575,4.748294698030363,0.43066280196963724
6649,5.1847177,4.748246959552445,0.4364707404475556
6650,5.190941,4.748267068099778,0.442673931900222
6651,5.197643,4.748372056802569,0.44927094319743155
6652,5.2048383,4.74854644976546,0.4562918502345399
6653,5.2125416,4.748853915151016,0.4636876848489839
6654,5.220769,4.749302447979839,0.47146655202016063
6655,5.229534,4.749765161508526,0.47976883849147445
6656,5.2388535,4.75023131831297,0.4886221816870302
6657,5.248741,4.750694512563175,0.49804648743682467
6658,5.259212,4.751166364874251,0.5080456351257485
6659,5.2702813,4.751624495859566,0.5186568041404334
6660,5.2819643,4.752045417297279,0.529918882702721
6661,5.2942758,4.752426890470398,0.5418489095296026
6662,5.307231,4.75277422230189,0.5544567776981095
6663,5.3208447,4.753088249472153,0.5677564505278472
6664,5.3351316,4.753367514652851,0.5817640853471495
6665,5.350107,4.753601218909266,0.5965057810907348
6666,5.365786,4.753785863617242,0.6120001363827576
6667,5.383583,4.753949502357608,0.6296334976423914
6668,5.373399,4.754144877994252,0.6192541220057484
6669,5.336053,4.754337798757535,0.5817152012424645
6670,5.289882,4.754474498717525,0.5354075012824753
6671,5.2408667,4.754536641651277,0.4863300583487229
6672,5.1833224,4.754504918606911,0.4288174813930885
6673,5.125858,4.754379880841007,0.37147811915899265
6674,5.07022,4.754192565386983,0.31602743461301674
6675,5.01714,4.753941783866803,0.2631982161331976
6676,4.9690213,4.753606294552745,0.21541500544725434
6677,4.9310226,4.753208356098527,0.17781424390147293
6678,4.9012985,4.752797467772761,0.1485010322272391
6679,4.8801737,4.752432619650786,0.12774108034921472
6680,4.866906,4.75214658876085,0.11475941123915057
6681,4.8628626,4.751940233926377,0.11092236607362249
6682,4.8662863,4.751814253988079,0.11447204601192063
6683,4.8761587,4.751737180266582,0.12442151973341797
6684,4.891209,4.751712624561504,0.1394963754384957
6685,4.9159,4.7517426046968705,0.16415739530312923
6686,4.937466,4.751784955242485,0.1856810447575148
6687,4.9594693,4.7518185002396125,0.2076507997603878
6688,4.982821,4.751843253152994,0.23097774684700667
6689,5.0050616,4.751894131111426,0.25316746888857455
6690,5.027442,4.751967433976806,0.27547456602319365
6691,5.047872,4.752028920287308,0.2958430797126921
6692,5.0686545,4.752039951134377,0.3166145488656227
6693,5.087527,4.751957565514432,0.335569434485568
6694,5.1024027,4.751818339483479,0.3505843605165211
6695,5.119717,4.751624487537127,0.3680925124628729
6696,5.1345053,4.7513673671455825,0.38313793285441733
6697,5.152457,4.7512250573392425,0.40123194266075757
6698,5.1621933,4.751358979184116,0.41083432081588445
6699,5.173838,4.751754755356608,0.42208324464339153
6700,5.1857657,4.7524489049039085,0.43331679509609167
6701,5.1944766,4.753357063534173,0.4411195364658269
6702,5.2013364,4.754339271281429,0.44699712871857056
6703,5.2090955,4.755353999327646,0.4537415006723542
6704,5.2170258,4.756372983102839,0.4606528168971611
6705,5.223565,4.757383090500617,0.4661819094993831
6706,5.2302957,4.75838078822172,0.4719149117782804
6707,5.234267,4.759378580956214,0.4748884190437863
6708,5.23407,4.760354215223447,0.4737157847765534
6709,5.233234,4.761252131818315,0.4719818681816852
6710,5.2319202,4.762092000395606,0.46982819960439404
6711,5.232236,4.762866528177213,0.46936947182278743
6712,5.232158,4.7635853862629505,0.4685726137370496
6713,5.2320375,4.764259986281217,0.46777751371878296
6714,5.231878,4.764869688645594,0.4670083113544061
6715,5.231682,4.765422530456551,0.46625946954344943
6716,5.231453,4.7659235250358565,0.46552947496414365
6717,5.231194,4.76639065499301,0.46480334500698994
6718,5.2309084,4.766846870109071,0.4640615298909285
6719,5.2305994,4.7672552727975255,0.46334412720247453
6720,5.23027,4.767646865791666,0.462623134208334
6721,5.2299232,4.768058072163259,0.4618651278367407
6722,5.2295628,4.768435627525973,0.46112717247402735
6723,5.229191,4.7688668475876606,0.4603241524123396
6724,5.2288117,4.769369633080275,0.459442066919725
6725,5.228428,4.769849144042345,0.45857885595765513
6726,5.228043,4.7702951241274025,0.4577478758725979
6727,5.22766,4.770729012295938,0.4569309877040624
6728,5.227282,4.771119501549598,0.4561624984504018
6729,5.226912,4.771457782068513,0.45545421793148666
6730,5.2265534,4.771772524506427,0.45478087549357316
6731,5.226209,4.772068704715132,0.4541402952848683
6732,5.225883,4.772416222022725,0.4534667779772743
6733,5.225578,4.772843722634393,0.45273427736560645
6734,5.2252965,4.773288675923548,0.45200782407645157
6735,5.2250423,4.773721271969171,0.4513210280308293
6736,5.224818,4.774153322677263,0.4506646773227372
6737,5.224628,4.774591749672062,0.4500362503279378
6738,5.224475,4.775040946125749,0.44943405387425095
6739,5.2243614,4.775491384381224,0.44887001561877593
6740,5.224291,4.775890074500734,0.448400925499266
6741,5.223269,4.776234972439069,0.4470340275609308
6742,5.2023435,4.776580803783583,0.4257626962164167
6743,5.1721063,4.776920863424703,0.39518543657529737
6744,5.1407657,4.777228616019888,0.36353708398011264
6745,5.1126227,4.7774999423805475,0.33512275761945265
6746,5.0879526,4.777732738220986,0.3102198617790144
6747,5.06691,4.777936694674315,0.2889733053256851
6748,5.0513864,4.778115508297597,0.2732708917024036
6749,5.0411377,4.778288264282519,0.2628494357174809
6750,5.0385284,4.778464722586931,0.26006367741306846
6751,5.042416,4.778633201102576,0.2637827988974246
6752,5.052063,4.778798304711038,0.2732646952889626
6753,5.066574,4.778922824735025,0.2876511752649753
6754,5.0837207,4.778989390697926,0.30473130930207404
6755,5.103681,4.778941536180672,0.32473946381932794
6756,5.123362,4.7786766067935575,0.34468539320644265
6757,5.1380496,4.778129166551582,0.3599204334484183
6758,5.153812,4.777251436486176,0.3765605635138245
6759,5.164891,4.776058367509361,0.38883263249063926
6760,5.172665,4.774628660360565,0.3980363396394351
6761,5.1816754,4.773035570193558,0.4086398298064413
6762,5.186849,4.771373734157716,0.415475265842284
6763,5.193017,4.769757056065963,0.42325994393403743
6764,5.200419,4.768272210745223,0.43214678925477745
6765,5.2102137,4.767002318163735,0.44321138183626463
6766,5.2138343,4.766086269209814,0.4477480307901862
6767,5.215961,4.765678394018822,0.45028260598117775
6768,5.2166257,4.76590913307007,0.45071656692992956
6769,5.2136297,4.7669233350433675,0.44670636495663274
6770,5.211848,4.768806551733228,0.44304144826677216
6771,5.2099075,4.771603033264764,0.4383044667352358
6772,5.2078085,4.775362547565679,0.43244595243432027
6773,5.2060275,4.780102307550792,0.425925192449208
6774,5.2070346,4.785806338029162,0.42122826197083807
6775,5.2120132,4.79242519509365,0.41958800490635006
6776,5.217125,4.799855273232563,0.41726972676743745
6777,5.223199,4.807919514275184,0.4152794857248159
6778,5.231735,4.816364387952383,0.4153706120476164
6779,5.240087,4.8248426650013405,0.4152443349986594
6780,5.2471967,4.833143170910066,0.41405352908993365
6781,5.2547293,4.840941847070394,0.41378745292960595
6782,5.2608924,4.847829166919496,0.4130632330805044
6783,5.2693915,4.853608707062173,0.4157827929378275
6784,5.2858725,4.858162123914815,0.4277103760851846
6785,5.1248984,4.86147022750547,0.26342817249453
6786,4.907595,4.863544165330144,0.04405083466985538
6787,4.8819313,4.864433742788471,0.017497557211529013
6788,4.882366,4.864303041215598,0.01806295878440256
6789,4.8832836,4.863394416312911,0.019889183687089584
6790,4.884855,4.86193930365373,0.022915696346269776
6791,4.8872514,4.860150419304436,0.027100980695564658
6792,4.8906436,4.85823159600565,0.032412003994349625
6793,4.895203,4.856362815899158,0.038840184100842556
6794,4.9011,4.854733476736141,0.046366523263858817
6795,4.9085064,4.853578032104691,0.054928367895309194
6796,4.917591,4.853023191599394,0.06456780840060539
6797,4.928528,4.853161949054742,0.07536605094525761
6798,4.941487,4.854053617500422,0.08743338249957855
6799,4.956639,4.855708982147688,0.1009300178523116
6800,4.9741545,4.858103283931251,0.11605121606874924
6801,4.9942055,4.8612045404282025,0.13300095957179714
6802,5.0169625,4.864986641925433,0.15197585807456715
6803,5.042597,4.8694693864264895,0.17312761357351025
6804,5.0712786,4.8745495947171085,0.19672900528289183
6805,5.103179,4.880097991916969,0.22308100808303077
6806,5.13847,4.886122428963197,0.25234757103680305
6807,5.177282,4.892585725354414,0.28469627464558567
6808,5.2199054,4.899427546149806,0.32047785385019445
6809,5.266392,4.906564387818209,0.3598276121817907
6810,5.2995267,4.913829411959899,0.3856972880401015
6811,5.215966,4.92108451017982,0.29488148982018014
6812,5.231284,4.928224706022906,0.3030592939770935
6813,5.2460303,4.935180436524004,0.31084986347599575
6814,5.29113,4.941903571176565,0.34922642882343524
6815,5.3182425,4.948342822649194,0.36989967735080587
6816,5.3318524,4.954465980399449,0.3773864196005512
6817,5.3424835,4.960279143113683,0.3822043568863176
6818,5.337777,4.965717560020405,0.3720594399795951
6819,5.3003964,4.970673312865066,0.32972308713493437
6820,5.2839575,4.975113511721557,0.3088439882784426
6821,5.2644925,4.979040875688121,0.28545162431187965
6822,5.2440915,4.982411213892143,0.26168028610785665
6823,5.226649,4.980884019564358,0.24576498043564232
6824,5.2130194,4.974474894231085,0.23854450576891573
6825,5.2036676,4.967440514180494,0.23622708581950658
6826,5.1937723,4.960191603019843,0.23358069698015704
6827,5.19287,4.9527534394919375,0.24011656050806263
6828,5.185913,4.9451541994130395,0.24075880058696075
6829,5.180774,4.9374237489714785,0.24335025102852192
6830,5.1763024,4.929592379226334,0.24671002077366566
6831,5.175803,4.92168957474293,0.2541134252570698
6832,5.1771884,4.913742925754189,0.26344547424581144
6833,5.181037,4.905777289119756,0.2752597108802437
6834,5.188419,4.897814271897313,0.29060472810268667
6835,5.1972165,4.889872035850174,0.30734446414982575
6836,5.206652,4.881965387384216,0.3246866126157837
6837,5.218254,4.874106108108338,0.3441478918916623
6838,5.228614,4.866303451741394,0.3623105482586064
6839,5.2379193,4.8585647199306194,0.3793545800693803
6840,5.2493777,4.8508958409380565,0.39848185906194367
6841,5.2591476,4.843301891857533,0.41584570814246735
6842,5.255634,4.8357875266699875,0.41984647333001224
6843,5.258812,4.8283572983029135,0.43045470169708633
6844,5.270364,4.821015874393637,0.44934812560636317
6845,5.276168,4.8195360870672275,0.4566319129327727
6846,5.277125,4.823004998319545,0.4541200016804545
6847,5.277192,4.825376932224661,0.451815067775339
6848,5.2769156,4.827028984398176,0.44988661560182397
6849,5.2735496,4.828151169959656,0.44539843004034374
6850,5.268948,4.828945831947037,0.4400021680529633
6851,5.2540946,4.829624387545157,0.4244702124548434
6852,5.2432275,4.830233523662272,0.4129939763377273
6853,5.2269387,4.830831643432169,0.3961070565678311
6854,5.2085376,4.83132298448833,0.37721461551166957
6855,5.191068,4.831747307723545,0.35932069227645425
6856,5.1734686,4.832098751159462,0.34136984884053767
6857,5.162617,4.832508157529005,0.33010884247099526
6858,5.1564593,4.832932946965591,0.323526353034409
6859,5.156855,4.833197381590375,0.3236576184096256
6860,5.1613736,4.833353460742126,0.3280201392578741
6861,5.169331,4.83340866075834,0.3359223392416597
6862,5.179149,4.833350823875649,0.34579817612435093
6863,5.1900635,4.833167725684608,0.356895774315392
6864,5.2010403,4.83284675687009,0.3681935431299097
6865,5.2120495,4.832303209379829,0.3797462906201714
6866,5.223061,4.831547401798206,0.39151359820179454
6867,5.2340455,4.830738012297773,0.4033074877022269
6868,5.2449727,4.8298946703698755,0.4150780296301244
6869,5.255813,4.82899230347523,0.4268206965247696
6870,5.266536,4.828014809943227,0.4385211900567736
6871,5.2771125,4.826960436598993,0.4501520634010072
6872,5.287513,4.825846890632084,0.46166610936791574
6873,5.297706,4.8247200097084715,0.4729859902915283
6874,5.307663,4.823595870982178,0.4840671290178218
6875,5.317354,4.822484837874267,0.49486916212573284
6876,5.3267493,4.821377259724245,0.5053720402757556
6877,5.3358183,4.820291643469209,0.515526656530791
6878,5.3445315,4.819280940727884,0.5252505592721164
6879,5.352859,4.818356287752765,0.5345027122472343
6880,5.3607717,4.817721340540898,0.5430503594591016
6881,5.3682384,4.817371796659205,0.5508666033407952
6882,5.3752303,4.817061102507155,0.5581691974928455
6883,5.381717,4.81679033489083,0.5649266651091702
6884,5.387669,4.8165651824564355,0.5711038175435643
6885,5.3930564,4.816395225825218,0.5766611741747818
6886,5.397849,4.816278463640205,0.5815705363597949
6887,5.402017,4.816209966183827,0.5858070338161729
6888,5.405531,4.816140618964137,0.5893903810358632
6889,5.408361,4.816011339923904,0.5923496600760965
6890,5.4104767,4.815850944613013,0.5946257553869874
6891,5.4118485,4.815723194729477,0.5961253052705224
6892,5.412447,4.815595380279204,0.5968516197207965
6893,5.3927264,4.815453757170971,0.5772726428290289
6894,5.385545,4.815302233712698,0.5702427662873015
6895,5.3780246,4.815142131737974,0.5628824682620257
6896,5.363445,4.8149904301584865,0.5484545698415131
6897,5.3396325,4.81485284606623,0.5247796539337699
6898,5.322705,4.814729067476011,0.5079759325239888
6899,5.3066177,4.814622313273384,0.49199538672661625
6900,5.293167,4.814522286951191,0.4786447130488094
6901,5.2841897,4.814422571835983,0.46976712816401633
6902,5.2779922,4.814306884432968,0.46368531556703196
6903,5.2682734,4.8141219826942425,0.4541514173057575
6904,5.259696,4.813795656843333,0.4459003431566666
6905,5.245927,4.81323678366215,0.4326902163378499
6906,5.2379813,4.812346654524858,0.4256346454751423
6907,5.2379847,4.811014942804423,0.42696975719557706
6908,5.237087,4.809106025154723,0.4279809748452772
6909,5.2310004,4.806507904815709,0.4244924951842908
6910,5.229939,4.803131119264064,0.4268078807359359
6911,5.227429,4.798892425441113,0.42853657455888694
6912,5.227089,4.793743161584311,0.43334583841568897
6913,5.227862,4.787675158586426,0.4401868414135741
6914,5.2353463,4.780713631835755,0.45463266816424497
6915,5.2445407,4.772925710756713,0.47161498924328704
6916,5.255697,4.764422505688288,0.49127449431171133
6917,5.26764,4.755341872674039,0.5122981273259608
6918,5.2811975,4.7458467899191765,0.5353507100808237
6919,5.2945185,4.736111697146644,0.558406802853356
6920,5.3117414,4.72631363112932,0.5854277688706802
6921,5.324946,4.716655622569355,0.6082903774306443
6922,5.334015,4.707335239877177,0.6266797601228227
6923,5.3404574,4.698525810431725,0.6419315895682747
6924,5.3425283,4.690395767606883,0.6521325323931171
6925,5.3462024,4.683088385497047,0.6631140145029528
6926,5.3507895,4.67674045619406,0.6740490438059403
6927,5.352623,4.671449394200764,0.6811736057992359
6928,5.3557334,4.667258548720303,0.6884748512796968
6929,5.360962,4.664196182115904,0.6967658178840956
6930,5.3650107,4.662262071268614,0.7027486287313858
6931,5.3723383,4.661545758279395,0.7107925417206049
6932,5.374612,4.662091142811349,0.7125208571886512
6933,5.370135,4.663708068669517,0.7064269313304834
6934,5.3558707,4.666199618995466,0.6896710810045334
6935,5.1540713,4.669454719494215,0.4846165805057847
6936,5.205008,4.6733982315365274,0.5316097684634729
6937,4.9440336,4.6779402096029274,0.2660933903970726
6938,4.9483147,4.682961782013996,0.2653529179860037
6939,4.95555,4.688374061651617,0.26717593834838294
6940,4.965512,4.694078687931716,0.27143331206828414
6941,4.977972,4.700037747480556,0.2779342525194446
6942,4.9927025,4.706193365250388,0.28650913474961204
6943,5.009475,4.7124578902282614,0.2970171097717387
6944,5.0280623,4.718731029010213,0.3093312709897873
6945,5.048236,4.724962810186035,0.3232731898139649
6946,5.069768,4.731230483610359,0.3385375163896409
6947,5.0924306,4.737532935723782,0.35489766427621827
6948,5.115995,4.743782118130049,0.3722128818699506
6949,5.140235,4.749958307955622,0.3902766920443774
6950,5.164921,4.756176207477496,0.40874479252250406
6951,5.189825,4.762388267047731,0.4274367329522688
6952,5.21472,4.768439563055084,0.4462804369449156
6953,5.239377,4.774317912505828,0.465059087494172
6954,5.2635684,4.780001582949186,0.4835668170508134
6955,5.287067,4.785476005044791,0.5015909949552091
6956,5.3096437,4.79073784337057,0.5189058566294298
6957,5.3310714,4.7957641027951,0.5353072972049002
6958,5.3511214,4.8004190494919285,0.5507023505080717
6959,5.369566,4.804651775581717,0.564914224418283
6960,5.3861775,4.808577548126258,0.5775999518737418
6961,5.4007273,4.812281824093184,0.5884454759068154
6962,5.4129877,4.81577785165361,0.5972098483463908
6963,5.422731,4.81904399735761,0.6036870026423902
6964,5.429729,4.82210450685749,0.6076244931425103
6965,5.4337535,4.824977686090754,0.6087758139092463
6966,5.4348593,4.827661719393602,0.6071975806063987
6967,5.437206,4.830159841217374,0.6070461587826257
6968,5.44105,4.8324826829932235,0.6085673170067762
6969,5.439174,4.8346561700555,0.6045178299445002
6970,5.436361,4.836678819419399,0.5996821805806007
6971,5.432445,4.838552143759051,0.5938928562409496
6972,5.4305954,4.841701812431015,0.5888935875689842
6973,5.4340386,4.840413091976489,0.5936255080235107
6974,5.43455,4.83654273773206,0.5980072622679398
6975,5.437672,4.832495564540059,0.6051764354599412
6976,5.4417453,4.826012298941919,0.6157330010580813
6977,5.432239,4.819396083497188,0.612842916502812
6978,5.4366336,4.812882585675416,0.6237510143245846
6979,5.4399905,4.811159767716172,0.628830732283828
6980,5.441948,4.813914869238373,0.6280331307616267
6981,5.439649,4.816537135128945,0.6231118648710554
6982,5.439327,4.81931732625664,0.6200096737433594
6983,5.428141,4.822065923916427,0.6060750760835729
6984,5.42851,4.824579362425215,0.603930637574785
6985,5.418918,4.8267908362217,0.5921271637782999
6986,5.4055243,4.828698219805704,0.5768260801942962
6987,5.3897586,4.830371822835095,0.5593867771649057
6988,5.3761115,4.831900848395473,0.5442106516045273
6989,5.3602643,4.833329277423718,0.5269350225762821
6990,5.348951,4.8346451307142875,0.5143058692857121
6991,5.338489,4.8358611403775775,0.5026278596224225
6992,5.3355737,4.8369914515120085,0.4985822484879918
6993,5.3346395,4.838063491790319,0.49657600820968106
6994,5.3370066,4.839119209675011,0.49788739032498874
6995,5.3451242,4.840149333718065,0.5049748662819349
6996,5.355334,4.8411153753295135,0.5142186246704865
6997,5.3636084,4.8419872345076005,0.5216211654923999
6998,5.375256,4.8427410898518,0.5325149101482003
6999,5.3848853,4.843357160144633,0.5415281398553669
7000,5.3919263,4.843833799392542,0.5480925006074573
7001,5.3986716,4.844164398660515,0.5545072013394847
7002,5.407018,4.844355018852529,0.5626629811474713
7003,5.411209,4.844445995801197,0.566763004198803
7004,5.4164996,4.844476488044159,0.5720231119558408
7005,5.4167695,4.844441721706367,0.5723277782936327
7006,5.424062,4.8443548206017635,0.5797071793982367
7007,5.4324617,4.8442364125725375,0.5882252874274627
7008,5.440308,4.844069819979444,0.5962381800205563
7009,5.4476204,4.8438325889048395,0.6037878110951604
7010,5.454416,4.843532502752097,0.6108834972479036
7011,5.4607134,4.843184008423652,0.6175293915763485
7012,5.466532,4.842787457219467,0.6237445427805328
7013,5.47189,4.84233596361009,0.6295540363899104
7014,5.476805,4.84185606027074,0.6349489397292594
7015,5.481297,4.841474385223297,0.639822614776703
7016,5.485384,4.841136486637799,0.6442475133622008
7017,5.489084,4.8407623712519054,0.6483216287480946
7018,5.4924154,4.840390983506366,0.6520244164936333
7019,5.495398,4.840002123149611,0.6553958768503891
7020,5.4980493,4.8396177948780865,0.6584315051219134
7021,5.5003877,4.8391670484636595,0.6612206515363406
7022,5.502433,4.838659404762561,0.6637735952374388
7023,5.504202,4.838204953134625,0.6659970468653755
7024,5.505714,4.837829489903819,0.6678845100961812
7025,5.5069876,4.837541747662355,0.6694458523376454
7026,5.508042,4.837323706759492,0.6707182932405074
7027,5.508894,4.837170208858841,0.6717237911411589
7028,5.5095634,4.83709358757916,0.6724698124208404
7029,5.510069,4.837103839566617,0.6729651604333826
7030,5.5104284,4.8372005611080375,0.6732278388919628
7031,5.5106606,4.837380806183514,0.6732797938164854
7032,5.510784,4.837607736796498,0.6731762632035023
7033,5.50902,4.83787008821544,0.6711499117845596
7034,5.517591,4.838188064599554,0.6794029354004465
7035,5.5046573,4.838550561479322,0.6661067385206776
7036,5.4797006,4.838974631771079,0.6407259682289208
7037,5.456927,4.839472478088955,0.6174545219110454
7038,5.4361234,4.840045871963759,0.5960775280362407
7039,5.415668,4.840702089826367,0.5749659101736331
7040,5.3977094,4.841447571438589,0.5562618285614107
7041,5.375268,4.842277256480218,0.5329907435197825
7042,5.354354,4.84314171809379,0.5112122819062099
7043,5.3237295,4.844009791900129,0.4797197080998705
7044,5.3009458,4.844892023109052,0.45605377689094784
7045,5.2806277,4.8457899426582545,0.4348377573417457
7046,5.2645135,4.846680306866956,0.4178331931330437
7047,5.2527184,4.847551228474449,0.4051671715255507
7048,5.241294,4.848400127507677,0.39289387249232277
7049,5.230311,4.849229000571068,0.3810819994289325
7050,5.220894,4.850028005154315,0.37086599484568517
7051,5.2109714,4.850783187677077,0.36018821232292275
7052,5.205539,4.851471501620519,0.3540674983794805
7053,5.2047043,4.852073151951291,0.352631148048709
7054,5.2069397,4.852578906853231,0.3543607931467694
7055,5.2140427,4.852984748615165,0.36105795138483554
7056,5.223159,4.853293030953984,0.36986596904601576
7057,5.2349286,4.853493597037961,0.38143500296203925
7058,5.2475214,4.853567523389134,0.39395387661086634
7059,5.261966,4.853505233284141,0.4084607667158595
7060,5.2792425,4.853305990693658,0.4259365093063412
7061,5.2964883,4.85298926901688,0.44349903098312016
7062,5.3120966,4.852561944355912,0.459534655644088
7063,5.326812,4.852018687586226,0.474793312413774
7064,5.3406777,4.851370072312216,0.4893076276877837
7065,5.353675,4.850620744963757,0.5030542550362433
7066,5.3642883,4.8497781701062905,0.5145101298937096
7067,5.3777823,4.8488344250497555,0.5289478749502443
7068,5.390651,4.847800486236839,0.5428505137631614
7069,5.401362,4.846702708559557,0.5546592914404425
7070,5.4164634,4.845550198120886,0.5709132018791134
7071,5.4299784,4.844359100207727,0.5856192997922731
7072,5.4417124,4.8431540257178085,0.5985583742821916
7073,5.452907,4.842074700444931,0.610832299555069
7074,5.464564,4.841192195372166,0.6233718046278343
7075,5.47416,4.840389369148305,0.6337706308516955
7076,5.486111,4.839626035382121,0.646484964617879
7077,5.492642,4.838942172619088,0.6536998273809118
7078,5.498835,4.8383675788583345,0.6604674211416652
7079,5.502767,4.837906887647368,0.6648601123526321
7080,5.5083947,4.837452017542689,0.6709426824573113
7081,5.5128403,4.836978324397344,0.6758619756026558
7082,5.5221133,4.836622880150066,0.6854904198499341
7083,5.516172,4.836395035937664,0.6797769640623361
7084,5.5248513,4.836295582935112,0.6885557170648875
7085,5.533008,4.836335583588884,0.6966724164111158
7086,5.5387673,4.836484745023551,0.7022825549764491
7087,5.5444117,4.836717541870016,0.7076941581299847
7088,5.549348,4.837038911712861,0.7123090882871388
7089,5.556559,4.8374981532835335,0.7190608467164665
7090,5.561019,4.838062357126408,0.7229566428735916
7091,5.564583,4.838617577650357,0.7259654223496428
7092,5.5656333,4.839137450182802,0.7264958498171978
7093,5.554341,4.839617939254766,0.714723060745234
7094,5.554695,4.840049613964719,0.714645386035281
7095,5.5554757,4.840407754426085,0.7150679455739146
7096,5.5566406,4.840664836441754,0.7159757635582453
7097,5.554156,4.840787621639187,0.7133683783608129
7098,5.5534134,4.840770175608316,0.7126432243916838
7099,5.555772,4.840641765346032,0.7151302346539685
7100,5.5594068,4.840406613361399,0.7190001866386009
7101,5.560041,4.840060630791374,0.719980369208626
7102,5.5660706,4.839618675791789,0.7264519242082104
7103,5.568851,4.839094768054423,0.7297562319455775
7104,5.5771527,4.838503854991034,0.7386488450089663
7105,5.586971,4.837865681862104,0.7491053181378957
7106,5.5972486,4.83720844739839,0.7600401526016105
7107,5.6039877,4.836573472358422,0.7674142276415781
7108,5.612271,4.83595457856559,0.7763164214344096
7109,5.615884,4.83535030713819,0.7805336928618107
7110,5.616527,4.834771003379318,0.7817559966206815
7111,5.6170664,4.834216672414284,0.7828497275857158
7112,5.6172967,4.833682914458132,0.7836137855418679
7113,5.613097,4.833186560443832,0.7799104395561676
7114,5.612325,4.832733734584238,0.7795912654157622
7115,5.6037393,4.832325350618745,0.7714139493812553
7116,5.595496,4.8319665656340955,0.7635294343659043
7117,5.586755,4.831649819015977,0.7551051809840228
7118,5.5776443,4.831388571229591,0.746255728770409
7119,5.5615377,4.831173086515738,0.7303646134842614
7120,5.553868,4.83101323978956,0.7228547602104394
7121,5.5460587,4.831031188289504,0.7150275117104954
7122,5.542851,4.831150354611338,0.7117006453886621
7123,5.5413504,4.831252995641946,0.7100974043580539
7124,5.535577,4.831396877096214,0.7041801229037858
7125,5.5399942,4.831565207176461,0.7084289928235386
7126,5.5454516,4.8317228952056235,0.7137287047943763
7127,5.549154,4.831848691049764,0.7173053089502357
7128,5.551768,4.831934604241275,0.7198333957587248
7129,5.5573916,4.8319148652872865,0.7254767347127133
7130,5.562528,4.831713949082609,0.7308140509173917
7131,5.564214,4.831169123228605,0.7330448767713946
7132,5.5669427,4.830190469777779,0.7367522302222209
7133,5.570852,4.82882065925806,0.7420313407419403
7134,5.573104,4.827042275717078,0.7460617242829217
7135,5.5760202,4.824795720594175,0.7512244794058249
7136,5.576501,4.82205085551211,0.7544501444878904
7137,5.578719,4.81878656077072,0.7599324392292806
7138,5.5819964,4.814963958899581,0.7670324411004197
7139,5.5865836,4.810580081250872,0.7760035187491283
7140,5.584538,4.805654305494885,0.7788836945051152
7141,5.5862145,4.800240713913892,0.7859737860861076
7142,5.584027,4.79440405186087,0.7896229481391295
7143,5.5868173,4.788220927392981,0.7985963726070189
7144,5.5876718,4.781773005970944,0.8058987940290558
7145,5.5857162,4.775165025615333,0.810551174384667
7146,5.585529,4.768454275351358,0.8170747246486423
7147,5.581327,4.761724082182932,0.8196029178170683
7148,5.5754724,4.7550864949712865,0.8203859050287132
7149,5.5759997,4.748638585240646,0.8273611147593538
7150,5.570971,4.742454728178365,0.828516271821635
7151,5.5711713,4.736598962416127,0.8345723375838725
7152,5.572998,4.731169804308459,0.8418281956915408
7153,5.57017,4.726276500482501,0.8438934995174989
7154,5.5693393,4.72198139285477,0.8473579071452306
7155,5.5732064,4.718296061724895,0.8549103382751051
7156,5.5526567,4.715288609523929,0.8373680904760707
7157,5.5137515,4.713055014887775,0.8006964851122245
7158,5.459999,4.711624842321233,0.748374157678767
7159,5.3946905,4.710971331856144,0.6837191681438561
7160,5.321117,4.711050079937484,0.6100669200625157
7161,5.242569,4.711872430630481,0.5306965693695185
7162,5.162338,4.713415141638609,0.44892285836139134
7163,5.083715,4.715597633069508,0.368117366930492
7164,5.009991,4.718400664019833,0.2915903359801675
7165,4.9444575,4.7217401684457005,0.22271733155429985
7166,4.8904047,4.72553071900279,0.16487398099721062
7167,4.8511243,4.729766423463586,0.12135787653641472
7168,4.829907,4.734389625499225,0.09551737450077535
7169,4.8380265,4.739329820860997,0.09869667913900315
7170,4.861723,4.744555878294184,0.11716712170581545
7171,4.887687,4.750012161901245,0.13767483809875447
7172,4.915686,4.755635606360021,0.1600503936399793
7173,4.9454885,4.761339349110287,0.18414915088971284
7174,4.976863,4.767047153256741,0.20981584674325848
7175,5.0095773,4.772710811489858,0.2368664885101417
7176,5.0434,4.778287179498852,0.26511282050114815
7177,5.078098,4.783742298683443,0.2943557013165572
7178,5.1134405,4.7890222436402405,0.32441825635975974
7179,5.149196,4.794078273366777,0.35511772663322283
7180,5.185132,4.798865532854583,0.38626646714541746
7181,5.2210174,4.8033559431608195,0.41766145683918054
7182,5.2566156,4.807571763725371,0.44904383627462874
7183,5.291699,4.811490186330536,0.48020881366946444
7184,5.32604,4.815101567966011,0.5109384320339885
7185,5.359403,4.818395490219115,0.5410075097808855
7186,5.3915553,4.821380030413819,0.5701752695861817
7187,5.4222655,4.82407973081562,0.5981857691843802
7188,5.451302,4.826477862096958,0.6248241379030421
7189,5.478433,4.8285676619157964,0.6498653380842034
7190,5.5034266,4.830356478335293,0.6730701216647068
7191,5.50487,4.8318368722551766,0.6730331277448238
7192,5.478882,4.833020736884608,0.6458612631153917
7193,5.4340897,4.833918764232998,0.600170935767002
7194,5.3842807,4.834564102488868,0.5497165975111313
7195,5.3343635,4.835024520114263,0.49933897988573683
7196,5.2934537,4.8354068898447515,0.4580468101552482
7197,5.255529,4.835550352587411,0.41997864741258883
7198,5.2275934,4.8352235999954765,0.3923698000045235
7199,5.208474,4.834561250768866,0.3739127492311338
7200,5.1954226,4.833608795718207,0.3618138042817929
7201,5.1902847,4.832106268313149,0.35817843168685126
7202,5.1900244,4.829681582645488,0.36034281735451223
7203,5.1911383,4.826121704187123,0.36501659581287704
7204,5.19208,4.819335211949253,0.3727447880507464
7205,5.196495,4.809740969506438,0.3867540304935613
7206,5.2020774,4.7999631156538625,0.40211428434613783
7207,5.2096534,4.790183670695302,0.41946972930469784
7208,5.2162848,4.780321525458277,0.4359632745417237
7209,5.2222314,4.77028283396527,0.45194856603473
7210,5.2294574,4.763022478586363,0.4664349214136374
7211,5.2368937,4.758498144659233,0.47839555534076705
7212,5.244633,4.753877007706347,0.4907559922936535
7213,5.2541556,4.749239413901729,0.5049161860982707
7214,5.2639246,4.744564892088089,0.519359707911911
7215,5.2723746,4.739785792821333,0.5325888071786666
7216,5.2806954,4.73471816457307,0.5459772354269301
7217,5.287357,4.729412793222591,0.5579442067774094
7218,5.293591,4.724038562759757,0.569552437240243
7219,5.3014135,4.718655727049176,0.5827577729508242
7220,5.3093195,4.713347443566712,0.595972056433288
7221,5.3180933,4.708193167215909,0.6099001327840909
7222,5.333119,4.7032258417731505,0.6298931582268494
7223,5.3431115,4.698403064522837,0.6447084354771633
7224,5.357956,4.693640566051883,0.6643154339481168
7225,5.3738666,4.688931379564769,0.6849352204352313
7226,5.388598,4.684319861019254,0.7042781389807464
7227,5.404652,4.679813436701125,0.7248385632988743
7228,5.420132,4.675394155894641,0.7447378441053587
7229,5.4323907,4.671036979258741,0.7613537207412593
7230,5.4423404,4.666717226768406,0.7756231732315939
7231,5.450347,4.662648880213282,0.7876981197867181
7232,5.4610434,4.658795485488269,0.8022479145117316
7233,5.4693036,4.654969269960655,0.8143343300393449
7234,5.4683237,4.651276264284075,0.8170474357159252
7235,5.4748926,4.64777001952582,0.8271225804741809
7236,5.4748993,4.644535214250646,0.8303640857493537
7237,5.3321524,4.6416798949735085,0.6904725050264915
7238,5.7410436,4.639299632131127,1.101743967868873
7239,5.8813906,4.6374941112164985,1.2438964887835011
7240,5.8772764,4.63636700727503,1.2409093927249701
7241,5.8699226,4.635993254225378,1.233929345774622
7242,5.8596063,4.636401119593725,1.223205180406275
7243,5.846603,4.637650353711364,1.208952646288636
7244,5.8311906,4.639781812824453,1.191408787175547
7245,5.813645,4.642798691177232,1.1708463088227683
7246,5.7942433,4.6466730704356305,1.1475702295643693
7247,5.773262,4.651372614843369,1.1218893851566305
7248,5.750978,4.65686736608977,1.0941106339102298
7249,5.727668,4.663100464379598,1.0645675356204025
7250,5.703608,4.6700015244283355,1.0336064755716645
7251,5.6790757,4.677508755798742,1.001566944201258
7252,5.6543474,4.6855338006164,0.9688135993835996
7253,5.6297,4.693926939520356,0.9357730604796437
7254,5.60541,4.702602412603046,0.9028075873969543
7255,5.581754,4.711531563238302,0.870222436761698
7256,5.5590086,4.720616693197058,0.8383919068029426
7257,5.537451,4.729751652764303,0.8076993472356966
7258,5.517358,4.7388413475120945,0.7785166524879052
7259,5.4990053,4.7478235179228205,0.7511817820771798
7260,5.4826703,4.756738354730856,0.725931945269144
7261,5.4686294,4.765433139539842,0.7031962604601585
7262,5.4571595,4.773748995680146,0.6834105043198546
7263,5.448538,4.78168427906572,0.66685372093428
7264,5.44304,4.789179044537949,0.6538609554620507
7265,5.4409137,4.796218400998765,0.6446952990012349
7266,5.4460526,4.802802663734716,0.6432499362652839
7267,5.42851,4.808908038292096,0.6196019617079038
7268,5.430825,4.814568400800005,0.6162565991999944
7269,5.422287,4.819798823621249,0.6024881763787509
7270,5.4123263,4.824603010824044,0.5877232891759565
7271,5.400639,4.828989322828019,0.5716496771719806
7272,5.38865,4.8329358610684245,0.5557141389315756
7273,5.3760376,4.83644704626355,0.53959055373645
7274,5.366997,4.839532343758443,0.5274646562415564
7275,5.3538947,4.838477602211944,0.5154170977880561
7276,5.345154,4.83775149435141,0.5074025056485896
7277,5.335606,4.837080628407658,0.49852537159234256
7278,5.321968,4.832667778026674,0.489300221973326
7279,5.3039145,4.827830682368008,0.47608381763199237
7280,5.2867694,4.8230245932281965,0.4637448067718033
7281,5.271081,4.818311916333039,0.45276908366696045
7282,5.2565527,4.813781087768175,0.4427716122318257
7283,5.2456503,4.8094997931307555,0.43615050686924484
7284,5.2374105,4.805575147455736,0.4318353525442644
7285,5.230984,4.8021336091165,0.4288503908835004
7286,5.227936,4.799202065129354,0.42873393487064604
7287,5.2283163,4.796704140238338,0.431612159761662
7288,5.226894,4.794736405681753,0.4321575943182463
7289,5.228883,4.79349837431263,0.43538462568736946
7290,5.234753,4.792899614549429,0.44185338545057107
7291,5.2383065,4.7927000839630045,0.4456064160369957
7292,5.2447205,4.79262206458702,0.4520984354129798
7293,5.250361,4.792374327963369,0.4579866720366308
7294,5.258846,4.791754734006219,0.4670912659937807
7295,5.2664175,4.7904849180849824,0.47593258191501775
7296,5.2753196,4.788299858707704,0.4870197412922961
7297,5.2855945,4.785189770800261,0.5004047291997393
7298,5.296028,4.781198573057716,0.514829426942284
7299,5.3085546,4.776465743784463,0.5320888562155366
7300,5.3248205,4.771205341248793,0.5536151587512075
7301,5.3334656,4.765593630713877,0.5678719692861236
7302,5.348889,4.75976632488302,0.5891226751169798
7303,5.3579297,4.75385548774731,0.6040742122526899
7304,5.370526,4.747964353933831,0.6225616460661687
7305,5.3803687,4.742382331018465,0.6379863689815348
7306,5.3877344,4.737214598420067,0.6505198015799332
7307,5.3977804,4.732482074784255,0.665298325215745
7308,5.4042563,4.7283373072004,0.6759189927996001
7309,5.4104342,4.724883377796046,0.6855508222039539
7310,5.4353585,4.722216621416899,0.7131418785831016
7311,5.2790637,4.72044323393094,0.5586204660690601
7312,5.195425,4.71961007270876,0.47581492729124
7313,5.2262573,4.719754171744579,0.5065031282554218
7314,5.254973,4.7208459831798235,0.5341270168201762
7315,5.2816477,4.722831491125439,0.5588162088745605
7316,5.3063555,4.725657502156339,0.5806979978436608
7317,5.329172,4.729187360389759,0.5999846396102404
7318,5.3501725,4.733354162698909,0.6168183373010914
7319,5.369432,4.738111027449511,0.6313209725504887
7320,5.387026,4.743367933777577,0.6436580662224225
7321,5.403029,4.748970706219557,0.6540582937804427
7322,5.417517,4.754795717846326,0.6627212821536741
7323,5.430565,4.760786649580548,0.6697783504194517
7324,5.442248,4.76685829669755,0.6753897033024501
7325,5.4526415,4.772894018401856,0.6797474815981444
7326,5.46182,4.778784898855749,0.6830351011442515
7327,5.4698596,4.784467887492356,0.6853917125076441
7328,5.476835,4.789926606055289,0.6869083939447114
7329,5.482821,4.795117901823332,0.6877030981766685
7330,5.4878936,4.800009435770155,0.6878841642298443
7331,5.492128,4.804597468456582,0.6875305315434179
7332,5.4955983,4.808855256320019,0.6867430436799813
7333,5.4983807,4.812807341494401,0.6855733585055992
7334,5.50055,4.816500329639397,0.6840496703606025
7335,5.502181,4.81994667649695,0.6822343235030504
7336,5.5033503,4.823171109446562,0.6801791905534378
7337,5.504132,4.826169867579107,0.6779621324208929
7338,5.504601,4.8289127191604555,0.6756882808395446
7339,5.504833,4.83142473481261,0.6734082651873896
7340,5.504848,4.833763631708719,0.6710843682912806
7341,5.499232,4.835981019645786,0.6632509803542144
7342,5.489451,4.838108617032434,0.6513423829675657
7343,5.4688196,4.8401394395828525,0.6286801604171472
7344,5.4503326,4.84208991267278,0.6082426873272206
7345,5.4269223,4.843966398382616,0.5829559016173844
7346,5.4139395,4.84580229261704,0.5681372073829598
7347,5.406095,4.847624663348729,0.5584703366512702
7348,5.402738,4.849473683555316,0.5532643164446842
7349,5.398094,4.846731368005302,0.5513626319946985
7350,5.3987436,4.839483500826176,0.5592600991738248
7351,5.4025106,4.831912078079483,0.570598521920517
7352,5.404987,4.824398494016329,0.5805885059836715
7353,5.4063416,4.816928570575695,0.5894130294243052
7354,5.4063897,4.809471985324773,0.5969177146752269
7355,5.4080267,4.801979002551154,0.6060476974488456
7356,5.408287,4.794382567856428,0.6139044321435714
7357,5.4076114,4.786602184498711,0.6210092155012896
7358,5.4037356,4.778544637055442,0.6251909629445578
7359,5.400115,4.775992095200555,0.6241229047994459
7360,5.394338,4.778031146998417,0.6163068530015829
7361,5.394699,4.778605403934747,0.6160935960652534
7362,5.400009,4.777981001748137,0.6220279982518626
7363,5.4064136,4.776021870528447,0.6303917294715529
7364,5.4124384,4.772751183601548,0.6396872163984524
7365,5.421067,4.768253378995686,0.6528136210043138
7366,5.4286203,4.762587779392525,0.6660325206074758
7367,5.435985,4.755977697960006,0.6800073020399937
7368,5.4468656,4.748715734576251,0.6981498654237486
7369,5.454968,4.740949432886016,0.7140185671139845
7370,5.4629006,4.732836693916391,0.7300639060836094
7371,5.469501,4.724560856543004,0.7449401434569962
7372,5.4786005,4.716304389956938,0.7622961100430619
7373,5.4870486,4.708212116318206,0.7788364836817934
7374,5.4949927,4.70035686519058,0.7946358348094202
7375,5.5058255,4.692816010035777,0.8130094899642231
7376,5.513926,4.68570862660815,0.8282173733918494
7377,5.5207114,4.679113212119191,0.841598187880809
7378,5.5282016,4.673083622730126,0.8551179772698738
7379,5.5350657,4.667654131261485,0.8674115687385147
7380,5.5429254,4.662826142077635,0.8800992579223648
7381,5.5475564,4.658626198384693,0.8889302016153078
7382,5.546394,4.65509274273228,0.8913012572677204
7383,5.511025,4.6524227486129694,0.8586022513870306
7384,5.438892,4.650582367887278,0.7883096321127221
7385,5.33653,4.649433127142361,0.687096872857639
7386,5.2104764,4.64909282084559,0.56138357915441
7387,5.067266,4.649573377964108,0.41769262203589186
7388,4.913435,4.650846709712019,0.26258829028798036
7389,4.755519,4.652902153124213,0.10261684687578665
7390,4.600054,4.6558305813346585,-0.05577658133465846
7391,4.4535756,4.6595083493545255,-0.20593274935452577
7392,4.32262,4.663722021622192,-0.3411020216221923
7393,4.2137227,4.668485989389861,-0.4547632893898612
7394,4.1334195,4.6738088482244295,-0.54038934822443
7395,4.088247,4.679639429036369,-0.591392429036369
7396,4.1020646,4.685871982008022,-0.5838073820080218
7397,4.156515,4.692416319395124,-0.5359013193951245
7398,4.2149525,4.699183939515923,-0.4842314395159235
7399,4.2766805,4.706124327065577,-0.42944382706557693
7400,4.341004,4.713250152559418,-0.37224615255941806
7401,4.4072266,4.720518414293932,-0.3132918142939314
7402,4.474652,4.727859019513348,-0.253207019513348
7403,4.542584,4.735244827261132,-0.19266082726113254
7404,4.6103277,4.742701768246771,-0.13237406824677134
7405,4.677188,4.7501806098226345,-0.07299260982263434
7406,4.742468,4.7575990815376,-0.01513108153760001
7407,4.8054714,4.764909427220398,0.04056197277960205
7408,4.8655024,4.7720988996258145,0.0934035003741851
7409,4.9218655,4.779200276809983,0.14266522319001673
7410,4.973866,4.786169752551677,0.18769624744832303
7411,5.0208073,4.792906446434284,0.22790085356571677
7412,5.0619926,4.799362427965862,0.26263017203413774
7413,5.096727,4.805542233909736,0.29118476609026356
7414,5.1243143,4.811473313197595,0.3128409868024047
7415,5.144059,4.8171002365142765,0.32695876348572384
7416,5.155265,4.822388402392614,0.3328765976073864
7417,5.193973,4.8273679279153825,0.36660507208461723
7418,5.467598,4.83206933557039,0.6355286644296099
7419,5.5074897,4.836448159851029,0.6710415401489707
7420,5.5217032,4.840493173784909,0.6812100262150915
7421,5.526426,4.844237099931377,0.6821889000686232
7422,5.5320086,4.847689471206346,0.6843191287936543
7423,5.50958,4.850775375915149,0.6588046240848504
7424,5.494239,4.853491947916455,0.6407470520835457
7425,5.4742475,4.855947002764291,0.6183004972357091
7426,5.447564,4.85840433664171,0.5891596633582896
7427,5.4228797,4.8610308967481926,0.5618488032518076
7428,5.401969,4.863718666270365,0.5382503337296356
7429,5.383958,4.866452623721012,0.5175053762789874
7430,5.3688855,4.864258722714356,0.5046267772856439
7431,5.352929,4.856819555618304,0.4961094443816956
7432,5.3335485,4.848910555912801,0.48463794408719885
7433,5.3159223,4.840987695888409,0.47493460411159116
7434,5.292872,4.833067095924539,0.4598049040754608
7435,5.2637415,4.825165064282367,0.43857643571763294
7436,5.235081,4.817297699231349,0.4177833007686509
7437,5.2066455,4.809480528693701,0.3971649713062986
7438,5.182429,4.801728179645186,0.38070082035481434
7439,5.162495,4.799411628968446,0.3630833710315535
7440,5.147221,4.801877636842198,0.34534336315780223
7441,5.134916,4.803676276884158,0.33123972311584193
7442,5.130773,4.805167432652902,0.32560556734709767
7443,5.126381,4.8063572057504516,0.32002379424954874
7444,5.1263776,4.807199459360689,0.3191781406393108
7445,5.1279144,4.807671997488422,0.3202424025115782
7446,5.131982,4.807815564259377,0.3241664357406231
7447,5.1355906,4.807650611773038,0.32793998822696135
7448,5.140116,4.8071872627050904,0.33292873729490946
7449,5.146842,4.80647510594042,0.34036689405958054
7450,5.154881,4.805622779461645,0.34925822053835454
7451,5.162423,4.804747149407785,0.35767585059221574
7452,5.168734,4.803941412564999,0.36479258743500065
7453,5.17499,4.8032097199399875,0.37178028006001274
7454,5.1829214,4.802524457613302,0.38039694238669775
7455,5.190675,4.801860984304221,0.3888140156957789
7456,5.1997266,4.801246595691037,0.39848000430896313
7457,5.210907,4.800666831729216,0.4102401682707839
7458,5.220981,4.800072000309517,0.4209089996904831
7459,5.234483,4.79956151500228,0.4349214849977203
7460,5.2469325,4.799115955776124,0.4478165442238762
7461,5.2518277,4.798727021777464,0.45310067822253597
7462,5.2565317,4.79838643432756,0.4581452656724396
7463,5.261725,4.797995151958145,0.46372984804185524
7464,5.267362,4.797545376749038,0.46981662325096263
7465,5.273398,4.797119846749295,0.4762781532507052
7466,5.279787,4.796745254619755,0.4830417453802447
7467,5.286484,4.796339158646856,0.4901448413531435
7468,5.2934427,4.7958790954063275,0.49756360459367244
7469,5.300619,4.795373218135364,0.5052457818646365
7470,5.307967,4.794776337253578,0.513190662746422
7471,5.315441,4.79405539310155,0.5213856068984501
7472,5.3229966,4.793247646248,0.5297489537519997
7473,5.3305874,4.792376715673804,0.538210684326196
7474,5.3381686,4.791433442071292,0.5467351579287083
7475,5.3456945,4.7904196914915005,0.5552748085084991
7476,5.3531203,4.789356428327322,0.5637638716726778
7477,5.3603997,4.788284113169321,0.5721155868306793
7478,5.3674884,4.787273915791553,0.5802144842084473
7479,5.37434,4.786404154226811,0.5879358457731891
7480,5.38091,4.785707745081969,0.5952022549180311
7481,5.387152,4.785218872250626,0.6019331277493745
7482,5.393022,4.785044473766356,0.6079775262336442
7483,5.398474,4.785260516142102,0.6132134838578986
7484,5.4034624,4.785933771372776,0.6175286286272241
7485,5.407942,4.787103891592485,0.620838108407515
7486,5.411867,4.788804443778692,0.6230625562213081
7487,5.415193,4.791093356756402,0.6240996432435981
7488,5.417874,4.794001754676022,0.6238722453239784
7489,5.4198647,4.797511947431961,0.6223527525680383
7490,5.4211197,4.801552990798379,0.6195667092016208
7491,5.4204087,4.806078490220933,0.6143302097790677
7492,5.424056,4.811047739625686,0.6130082603743139
7493,5.40492,4.816434228884552,0.5884857711154474
7494,5.375045,4.822240671753141,0.5528043282468591
7495,5.3396444,4.828429512639688,0.5112148873603122
7496,5.302972,4.834960585019445,0.46801141498055454
7497,5.268281,4.841782438430303,0.426498561569697
7498,5.2380176,4.848830632186707,0.3891869678132931
7499,5.2081027,4.856046997211355,0.35205570278864506
