,Actual pupil,Predicted pupil,residue
0,,5.574349463485902,
1,,5.565699370706548,
2,,5.5564290611034135,
3,,5.546572585000137,
4,,5.536170671255586,
5,,5.525269758308303,
6,,5.513920950410222,
7,,5.502178929268648,
8,5.652288,5.490100850888337,0.16218714911166376
9,5.650588,5.477745257156243,0.17284274284375734
10,5.681389,5.465171029227212,0.21621797077278782
11,5.697669,5.452436405382668,0.24523259461733193
12,5.711501,5.439598081824065,0.27190291817593515
13,5.7371793,5.426710411294916,0.31046888870508393
14,5.7604,5.413824710029065,0.3465752899709349
15,5.7784705,5.4009886781590755,0.3774818218409246
16,5.776913,5.388245934388817,0.388667065611183
17,5.7628937,5.375635663620688,0.3872580363793121
18,5.7351513,5.363192375200271,0.3719589247997295
19,5.7227774,5.350945767873897,0.3718316321261028
20,5.7107744,5.338920695391267,0.3718537046087329
21,5.6990294,5.3271372245612305,0.3718921754387692
22,5.687545,5.315610775676504,0.3719342243234962
23,5.6763244,5.304352334028521,0.37197206597147936
24,5.66537,5.293368720809992,0.372001279190008
25,5.6546855,5.2826629112684405,0.3720225887315598
26,5.6442733,5.272234388183941,0.37203891181605897
27,5.6341367,5.262079520952433,0.37205717904756685
28,5.624279,5.2521919628095,0.3720870371904992
29,5.614702,5.242563054941643,0.37213894505835743
30,5.60541,5.233182211634384,0.372227788365616
31,5.5964055,5.224037241001516,0.3723682589984847
32,5.587691,5.215114551493715,0.372576448506285
33,5.57927,5.20639921444797,0.37287078555203035
34,5.571145,5.197874875430301,0.3732701245696983
35,5.5633197,5.189523524497089,0.37379617550291133
36,5.555796,5.181325163860956,0.37447083613904386
37,5.5485783,5.1732574487325,0.37532085126750037
38,5.5416684,5.165295407020725,0.37637299297927473
39,5.5350695,5.157411353760223,0.377658146239777
40,5.5287848,5.149575103078387,0.3792096969216132
41,5.522817,5.141754547869848,0.381062452130152
42,5.51717,5.133916632663278,0.3832533673367218
43,5.511845,5.126028696991935,0.385816303008065
44,5.5068464,5.118060122452854,0.3887862775471458
45,5.5021772,5.109984182040404,0.39219301795959627
46,5.4978395,5.117646568609091,0.38019293139090937
47,5.4938364,5.125734369415342,0.36810203058465785
48,5.4901714,5.1209064006065885,0.36926499939341184
49,5.4868474,5.116514257934698,0.3703331420653022
50,5.483867,5.111105474286695,0.37276152571330545
51,5.4812336,5.105404906565187,0.37582869343481295
52,5.47895,5.103183032444174,0.37576696755582617
53,5.477019,5.09935135343116,0.37766764656884
54,5.4754434,5.092584053559946,0.38285934644005337
55,5.474227,5.085698521643556,0.3885284783564442
56,5.473372,5.0790182425133334,0.3943537574866669
57,5.4728813,5.072483304161668,0.4003979958383317
58,5.478122,5.066259581629279,0.41186241837072135
59,5.4783173,5.060390489019306,0.41792681098069373
60,5.4729013,5.055050191900246,0.4178511080997538
61,5.4518266,5.050776999959363,0.40104960004063717
62,5.4282827,5.047201186576681,0.381081513423319
63,5.4032965,5.04423592780798,0.3590605721920195
64,5.377354,5.04223730487886,0.3351166951211404
65,5.3509464,5.041412204516995,0.3095341954830051
66,5.324559,5.04184250417834,0.2827164958216599
67,5.298672,5.04315530556372,0.2555166944362801
68,5.273771,5.04547369389209,0.2282973061079101
69,5.25034,5.049249357546831,0.20109064245316866
70,5.228864,5.054083273667383,0.17478072633261643
71,5.2098293,5.059898580886588,0.14993071911341183
72,5.1937194,5.066835195951065,0.12688420404893463
73,5.1810217,5.074938379831509,0.10608332016849076
74,5.172219,5.084553454857719,0.08766554514228098
75,5.167797,5.09566380497103,0.07213319502896987
76,5.170468,5.107948832511468,0.06251916748853148
77,5.1756096,5.120920064676465,0.0546895353235346
78,5.1805277,5.133304949213259,0.047222750786740875
79,5.1852274,5.145379704937349,0.039847695062650956
80,5.189713,5.157733542700295,0.031979457299705416
81,5.19399,5.171307532330803,0.022682467669197237
82,5.198064,5.1862389500118615,0.011825049988138048
83,5.201938,5.201286940523159,0.0006510594768407429
84,5.2056193,5.215288718278785,-0.009669418278784647
85,5.209111,5.228993544430695,-0.019882544430695148
86,5.2124195,5.243972786562711,-0.03155328656271106
87,5.2155485,5.258826703393562,-0.043278203393562364
88,5.2185035,5.27179843048883,-0.05329493048883016
89,5.22129,5.283760982280556,-0.06247098228055581
90,5.2239122,5.29531468218085,-0.07140248218084988
91,5.2263756,5.306732670196195,-0.08035707019619487
92,5.228685,5.316863611216819,-0.08817861121681947
93,5.2308455,5.325587795223574,-0.09474229522357369
94,5.2328615,5.3338685138219315,-0.10100701382193122
95,5.2347383,5.34094265538941,-0.10620435538941031
96,5.236481,5.348030702259297,-0.11154970225929706
97,5.2380953,5.353113926694986,-0.11501862669498575
98,5.239585,5.355570812476302,-0.11598581247630246
99,5.240955,5.356991488732363,-0.11603648873236327
100,5.2422113,5.35941921548142,-0.11720791548142007
101,5.243358,5.365278079898438,-0.12192007989843834
102,5.2444005,5.374773288860903,-0.1303727888609032
103,5.2453437,5.383319561523343,-0.1379758615233424
104,5.2461925,5.385916682037685,-0.13972418203768466
105,5.2469516,5.393545958807058,-0.14659435880705818
106,5.2476263,5.396839555959406,-0.14921325595940527
107,5.248222,5.380545149244195,-0.1323231492441952
108,5.248743,5.364250999550722,-0.11550799955072222
109,5.2491946,5.348037103859355,-0.09884250385935456
110,5.2495813,5.331980769795298,-0.08239946979529833
111,5.249909,5.31615583470885,-0.06624683470885007
112,5.2501817,5.300631966378762,-0.050450266378762265
113,5.250405,5.2854740484211655,-0.03506904842116576
114,5.250583,5.270741653359127,-0.020158653359127143
115,5.250722,5.256488606008357,-0.005766606008357655
116,5.250826,5.242762639194098,0.00806336080590242
117,5.2509003,5.229605142750399,0.021295157249600294
118,5.2509494,5.217051005448981,0.033898394551018285
119,5.2509794,5.205128548334328,0.04585085166567193
120,5.250994,5.19385954703783,0.05713445296217046
121,5.250999,5.183259339732699,0.06773966026730083
122,5.2554135,5.173337016253093,0.08207648374690724
123,5.2569633,5.164095682692579,0.09286761730742121
124,5.2506614,5.15553279472002,0.09512860527998068
125,5.240414,5.147640551805423,0.09277344819457767
126,5.224087,5.140406343380225,0.08368065661977475
127,5.1947227,5.133813236875385,0.06090946312461476
128,5.1540112,5.127840496927196,0.026170703072804002
129,5.1084604,5.122464124798247,-0.014003724798246964
130,5.062199,5.117657406959113,-0.055458406959113304
131,5.018514,5.113391461753448,-0.09487746175344824
132,4.979855,5.109635773282126,-0.12978077328212656
133,4.942494,5.1063587022948695,-0.1638647022948696
134,4.9047995,5.103527965147218,-0.19872846514721765
135,4.865392,5.101111073644313,-0.23571907364431333
136,4.826461,5.099075730529913,-0.2726147305299129
137,4.7934747,5.097390177420253,-0.3039154774202526
138,4.769539,5.096023494111987,-0.32648449411198666
139,4.752449,5.094945850108103,-0.3424968501081027
140,4.7386703,5.11195590937274,-0.3732856093727399
141,4.731419,5.130216216425912,-0.3987972164259119
142,4.7237253,5.13614664863818,-0.4124213486381798
143,4.7204022,5.141441605321849,-0.42103940532184936
144,4.719723,5.146345709697576,-0.4266227096975763
145,4.7209296,5.150690837356735,-0.4297612373567352
146,4.725304,5.154881067759347,-0.4295770677593467
147,4.7304974,5.159016799217101,-0.4285193992171008
148,4.735865,5.163513407062145,-0.42764840706214446
149,4.7414055,5.168170305812451,-0.4267648058124509
150,4.747117,5.172293771721311,-0.4251767717213104
151,4.7529964,5.17626187953504,-0.4232654795350399
152,4.7590427,5.1799788003785485,-0.42093610037854834
153,4.7652526,5.18363367288903,-0.41838107288903004
154,4.771625,5.187106615411616,-0.41548161541161566
155,4.7781577,5.190206167159145,-0.41204846715914467
156,4.7848477,5.19299955574057,-0.4081518557405701
157,4.7916937,5.195054087625676,-0.4033603876256766
158,4.7986937,5.1961696246600075,-0.39747592466000725
159,4.805845,5.197002765493081,-0.3911577654930811
160,4.813145,5.197804034108735,-0.3846590341087355
161,4.820593,5.198275637467149,-0.37768263746714936
162,4.828186,5.198542447173869,-0.3703564471738696
163,4.835922,5.198903147930968,-0.36298114793096836
164,4.8437986,5.199363847715847,-0.3555652477158464
165,4.8518143,5.203049360759977,-0.35123506075997657
166,4.8599663,5.206630131784897,-0.34666383178489735
167,4.868253,5.206677179712597,-0.33842417971259664
168,4.8766727,5.206851041324751,-0.33017834132475077
169,4.885222,5.207008215207943,-0.32178621520794337
170,4.8939,5.20699118592015,-0.3130911859201495
171,4.9027033,5.206951126473913,-0.30424782647391346
172,4.911631,5.2072779703135375,-0.2956469703135376
173,4.9206805,5.208007711312915,-0.28732721131291505
174,4.9298496,5.208611658496061,-0.27876205849606084
175,4.939136,5.208612650464511,-0.26947665046451075
176,4.9485383,5.208982809037152,-0.26044450903715166
177,4.9580536,5.209507793815019,-0.251454193815019
178,4.96768,5.209973185999288,-0.24229318599928806
179,4.977416,5.210527222107003,-0.23311122210700308
180,4.9872584,5.211362760489043,-0.2241043604890427
181,4.9972057,5.212192277951688,-0.21498657795168796
182,5.007256,5.213200269015696,-0.2059442690156965
183,5.017407,5.214283596335675,-0.19687659633567467
184,5.027656,5.215222762610681,-0.18756676261068073
185,5.0380015,5.216210321698018,-0.17820882169801777
186,5.0484414,5.21719800614922,-0.16875660614921983
187,5.058973,5.218154869487845,-0.15918186948784463
188,5.069595,5.219154618808477,-0.14955961880847735
189,5.0803046,5.2201895967473835,-0.13988499674738364
190,5.091103,5.221176904651395,-0.130073904651395
191,5.1019883,5.221844728154121,-0.11985642815412056
192,5.112955,5.222406097093234,-0.10945109709323386
193,5.1240015,5.2229385436493665,-0.09893704364936617
194,5.135125,5.223201459735809,-0.08807645973580858
195,5.146324,5.223281635012467,-0.07695763501246677
196,5.157596,5.223162099079254,-0.06556609907925459
197,5.168939,5.223057263194705,-0.05411826319470503
198,5.1803513,5.222718842747047,-0.042367542747046905
199,5.1918297,5.222030524374178,-0.030200824374177593
200,5.2033734,5.2211365703902555,-0.017763170390255212
201,5.2149787,5.2201658197579635,-0.005187119757963821
202,5.226645,5.2190982980885705,0.0075467019114299205
203,5.2383695,5.217718176400558,0.02065132359944233
204,5.2501497,5.21604658830544,0.034103111694559374
205,5.2619843,5.214050870397854,0.047933429602146305
206,5.273871,5.211713663687285,0.062157336312714584
207,5.278511,5.209098870705844,0.06941212929415563
208,5.2470202,5.20582375953719,0.04119644046280957
209,5.19669,5.201919151698265,-0.005229151698264545
210,5.130816,5.197525123110076,-0.06670912311007537
211,5.054049,5.192611119596937,-0.1385621195969371
212,4.968945,5.186997088969868,-0.21805208896986805
213,4.8707657,5.180466385223617,-0.3097006852236168
214,4.792634,5.173168699662449,-0.3805346996624497
215,4.727924,5.165140321226875,-0.4372163212268756
216,4.665557,5.156451292553901,-0.49089429255390105
217,4.6052246,5.14715803276434,-0.5419334327643401
218,4.5474296,5.137158209329909,-0.5897286093299092
219,4.4933615,5.126514531600537,-0.6331530316005374
220,4.443669,5.115384119435738,-0.6717151194357385
221,4.399291,5.1036642559850405,-0.7043732559850406
222,4.3610654,5.091624428275574,-0.7305590282755734
223,4.3293557,5.079444560702252,-0.7500888607022524
224,4.317567,5.066910286877692,-0.7493432868776919
225,4.318693,5.053990420200234,-0.7352974202002347
226,4.3209257,5.041006372898413,-0.7200806728984128
227,4.3242445,5.028213579486025,-0.7039690794860256
228,4.3286285,5.015545446531678,-0.686916946531678
229,4.3340583,5.002823849463179,-0.6687655494631795
230,4.3405128,4.990328944507658,-0.6498161445076578
231,4.347972,4.978250020550658,-0.6302780205506577
232,4.356415,4.966751917593578,-0.6103369175935782
233,4.3658214,4.955365445443102,-0.5895440454431027
234,4.3761716,4.9440744006094475,-0.5679028006094473
235,4.387444,4.933353531482514,-0.545909531482514
236,4.399619,4.923031834219944,-0.5234128342199433
237,4.4126763,4.912989854811697,-0.5003135548116964
238,4.426595,4.903321632298717,-0.4767266322987176
239,4.4490776,4.893938068849266,-0.44486046884926633
240,4.474573,4.884907532952012,-0.41033453295201205
241,4.4989033,4.876220475692763,-0.37731717569276313
242,4.5220895,4.867705421487506,-0.3456159214875063
243,4.5441537,4.859467265433335,-0.31531356543333544
244,4.5651164,4.851544448962978,-0.28642804896297847
245,4.5850005,4.84409455136087,-0.2590940513608704
246,4.6038265,4.837132300207742,-0.2333058002077415
247,4.6216173,4.830385140407267,-0.20876784040726726
248,4.638393,4.823678016908285,-0.18528501690828492
249,4.6541758,4.816901678424781,-0.16272587842478092
250,4.6689873,4.810291934494774,-0.14130463449477393
251,4.682849,4.806063404901923,-0.12321440490192259
252,4.6957827,4.802283530229084,-0.10650083022908419
253,4.707809,4.797195104000706,-0.08938610400070601
254,4.7189493,4.791995542004818,-0.07304624200481769
255,4.7292275,4.786694421522672,-0.0574669215226713
256,4.7386637,4.781660523272175,-0.042996823272175355
257,4.7472796,4.7778405446371845,-0.03056094463718484
258,4.7550964,4.774614681205649,-0.01951828120564869
259,4.7621365,4.771343775761855,-0.009207275761854206
260,4.76842,4.768582965785999,-0.00016296578599916955
261,4.77397,4.7667310195895185,0.007238980410481766
262,4.778807,4.767089035925929,0.01171796407407033
263,4.7829533,4.76864185177816,0.014311448221840273
264,4.78643,4.771602447452068,0.014827552547932221
265,4.789259,4.776785320221939,0.012473679778061353
266,4.791461,4.785656901066778,0.0058040989332219795
267,4.793059,4.7994005785250105,-0.00634157852501005
268,4.794073,4.816554433275637,-0.022481433275636675
269,4.794526,4.828451839472841,-0.03392583947284056
270,4.784062,4.838388319277712,-0.054326319277712365
271,4.7501755,4.853641839360567,-0.10346633936056726
272,4.698276,4.863166479033668,-0.1648904790336685
273,4.635972,4.865763651231379,-0.22979165123137957
274,4.568824,4.868109519116091,-0.2992855191160908
275,4.5033765,4.870159150638228,-0.36678265063822835
276,4.441963,4.871079384116776,-0.42911638411677533
277,4.3839927,4.87150074441602,-0.48750804441601936
278,4.3273206,4.87267385469928,-0.5453532546992799
279,4.2729797,4.874276329911617,-0.6012966299116176
280,4.221986,4.876301370776703,-0.6543153707767031
281,4.1741843,4.8789112701463635,-0.7047269701463632
282,4.1351275,4.881705137515461,-0.7465776375154611
283,4.1033792,4.884346099533889,-0.7809668995338894
284,4.079322,4.887077490072424,-0.8077554900724238
285,4.063969,4.889961708075704,-0.8259927080757041
286,4.056745,4.895553490557267,-0.838808490557267
287,4.0575037,4.90463746281738,-0.8471337628173803
288,4.0655365,4.914359016868724,-0.848822516868724
289,4.0787225,4.92372288655246,-0.84500038655246
290,4.097606,4.9316821014373975,-0.8340761014373976
291,4.119642,4.937939533163544,-0.8182975331635438
292,4.144757,4.945286800904957,-0.8005298009049566
293,4.1689277,4.953011282168777,-0.784083582168777
294,4.1924396,4.9619373300901,-0.7694977300900998
295,4.213964,4.9720314301993715,-0.7580674301993717
296,4.2335467,4.982721381819324,-0.7491746818193246
297,4.2507367,4.992814854875434,-0.7420781548754336
298,4.2598305,5.0012192398859225,-0.7413887398859229
299,4.266451,5.009261372587167,-0.7428103725871669
300,4.2715125,5.0172341049031575,-0.7457216049031574
301,4.2753587,5.0247203929869695,-0.7493616929869695
302,4.2783337,5.031788824723256,-0.7534551247232555
303,4.28078,5.038970475733765,-0.7581904757337652
304,4.2830415,5.046483694046313,-0.7634421940463127
305,4.285462,5.054667363203871,-0.7692053632038709
306,4.2883844,5.0629620395239465,-0.7745776395239465
307,4.2921524,5.071792338083991,-0.7796399380839913
308,4.29711,5.081391008751191,-0.7842810087511909
309,4.3036,5.093743905851075,-0.7901439058510746
310,4.311966,5.1062336736155585,-0.7942676736155585
311,4.3225517,5.117620976924384,-0.7950692769243837
312,4.3579054,5.129926167757879,-0.772020767757879
313,4.394053,5.143526332251824,-0.7494733322518234
314,4.4288282,5.1569951971263315,-0.7281669971263316
315,4.4622555,5.170158257729559,-0.7079027577295589
316,4.494357,5.184043634821244,-0.6896866348212445
317,4.525156,5.198282792099628,-0.6731267920996284
318,4.5546794,5.212312485873387,-0.6576330858733863
319,4.5829506,5.226158367385631,-0.6432077673856309
320,4.609994,5.239173563930011,-0.6291795639300108
321,4.635833,5.25226294560668,-0.6164299456066802
322,4.660491,5.263560630359122,-0.6030696303591219
323,4.6839933,5.274267705293512,-0.5902744052935116
324,4.706363,5.284192223088364,-0.5778292230883642
325,4.727624,5.293288118678925,-0.5656641186789253
326,4.747801,5.301376249677075,-0.5535752496770749
327,4.7669168,5.308403477249687,-0.5414866772496874
328,4.7849956,5.314484584513365,-0.5294889845133648
329,4.802062,5.319758792670521,-0.5176967926705212
330,4.818139,5.324108735414532,-0.5059697354145314
331,4.8332515,5.327102759301129,-0.4938512593011284
332,4.8474226,5.3287425839756235,-0.4813199839756237
333,4.860677,5.329962970233256,-0.4692859702332557
334,4.873038,5.330577477819125,-0.4575394778191244
335,4.884529,5.329597064376875,-0.4450680643768754
336,4.8951755,5.327827907419784,-0.43265240741978417
337,4.9049997,5.328124662403522,-0.4231249624035218
338,4.9140267,5.333766218037613,-0.41973951803761267
339,4.9222803,5.342415882655007,-0.42013558265500706
340,4.9297843,5.347617984675308,-0.41783368467530835
341,4.936562,5.354737251448465,-0.41817525144846446
342,4.942638,5.357871063246774,-0.41523306324677467
343,4.948036,5.34201966197314,-0.39398366197313983
344,4.9527802,5.326367234310043,-0.3735870343100425
345,4.956894,5.310978089497185,-0.35408408949718506
346,4.960402,5.295910975031664,-0.3355089750316642
347,4.9633274,5.281218715646004,-0.3178913156460039
348,4.965695,5.266948000316976,-0.30125300031697577
349,4.9675274,5.253139304297878,-0.28561190429787775
350,4.9688497,5.239826929624248,-0.27097722962424786
351,4.9696856,5.227039146248073,-0.2573535462480727
352,4.982773,5.214798416191148,-0.23202541619114836
353,4.9985657,5.203121684326789,-0.204555984326789
354,5.005627,5.192020721409433,-0.18639372140943333
355,5.005076,5.1815025071456215,-0.1764265071456217
356,4.999783,5.171569642715776,-0.1717866427157757
357,4.988827,5.162220783015994,-0.17339378301599417
358,4.973246,5.153451079323059,-0.18020507932305918
359,4.9551077,5.1452526235493155,-0.19014492354931534
360,4.9341345,5.1376148857170945,-0.2034803857170946
361,4.9114633,5.130525136510304,-0.21906183651030364
362,4.8865423,5.123968847091013,-0.23742654709101263
363,4.864211,5.117930059390829,-0.2537190593908285
364,4.8461075,5.112391721818594,-0.26628422181859435
365,4.8342295,5.1073359872564845,-0.27310648725648434
366,4.825986,5.102744471906267,-0.276758471906267
367,4.8260202,5.0985984749010616,-0.27257827490106123
368,4.8268127,5.094879159727761,-0.2680664597277618
369,4.828056,5.091567699524886,-0.2635116995248863
370,4.82973,5.088645389285515,-0.25891538928551494
371,4.8318157,5.086093728959075,-0.25427802895907536
372,4.8342943,5.083894482348166,-0.24960018234816594
373,4.837146,5.096063461806301,-0.25891746180630104
374,4.840351,5.110576845303884,-0.2702258453038837
375,4.8438907,5.116838875689779,-0.2729481756897787
376,4.8477454,5.122542961850466,-0.2747975618504661
377,4.851896,5.127569930777131,-0.2756739307771312
378,4.856323,5.13213505844582,-0.2758120584458199
379,4.8610053,5.136453187367362,-0.2754478873673616
380,4.865927,5.140123085566495,-0.2741960855664951
381,4.871067,5.143948966461327,-0.2728819664613269
382,4.8764057,5.148684536524744,-0.2722788365247437
383,4.8819246,5.153469394937548,-0.27154479493754824
384,4.8876038,5.158006775871982,-0.27040297587198214
385,4.8934236,5.162338171594324,-0.2689145715943235
386,4.899365,5.16587042471706,-0.2665054247170593
387,4.905409,5.168949981013813,-0.2635409810138132
388,4.911536,5.171626724895971,-0.26009072489597074
389,4.9177265,5.174245804919895,-0.2565193049198955
390,4.9239616,5.1767930790554955,-0.2528314790554953
391,4.9302216,5.178433070842964,-0.24821147084296324
392,4.9364867,5.181207464938908,-0.2447207649389087
393,4.942739,5.183849161683236,-0.24111016168323562
394,4.9489574,5.185019649785519,-0.23606224978551893
395,4.955124,5.186128441663128,-0.23100444166312872
396,4.961219,5.187142718384244,-0.2259237183842444
397,4.9672227,5.188127195633903,-0.2209044956339028
398,4.9731154,5.189932238513197,-0.21681683851319722
399,4.9788795,5.191804703174442,-0.21292520317444197
400,4.9844937,5.192933408743024,-0.20843970874302453
401,4.9899397,5.194375763734328,-0.20443606373432832
402,4.995198,5.196003034663214,-0.20080503466321353
403,5.000249,5.198020980957229,-0.1977719809572287
404,5.005074,5.199361989591425,-0.1942879895914258
405,5.0096526,5.199904179220059,-0.19025157922005942
406,5.0139666,5.200483808629632,-0.18651720862963206
407,5.0179963,5.200402860941922,-0.18240656094192165
408,5.021722,5.200401662843194,-0.17867966284319436
409,5.0251245,5.200440031035753,-0.1753155310357526
410,5.0281844,5.200251167653871,-0.1720667676538712
411,5.030883,5.199490747840782,-0.16860774784078192
412,5.0332,5.197930436000244,-0.1647304360002444
413,5.0351167,5.195757599680114,-0.1606408996801143
414,5.036613,5.193177349158795,-0.1565643491587947
415,5.037671,5.1902956500844075,-0.15262465008440795
416,5.0382705,5.18695446510886,-0.14868396510885962
417,5.0363183,5.1828551195507515,-0.14653681955075193
418,5.016198,5.178717549137268,-0.16251954913726774
419,4.9903345,5.174306250698521,-0.1839717506985208
420,4.9613037,5.169427589380614,-0.2081238893806141
421,4.924905,5.163691029905057,-0.23878602990505726
422,4.884722,5.157416268314385,-0.27269426831438537
423,4.8404202,5.151203769472167,-0.310783569472167
424,4.7923584,5.144503101167058,-0.35214470116705776
425,4.7450995,5.137041190066842,-0.391941690066842
426,4.699392,5.129447299806245,-0.430055299806245
427,4.66076,5.121814704362443,-0.4610547043624429
428,4.627805,5.1140983156684285,-0.48629331566842815
429,4.6030307,5.106295132000051,-0.5032644320000514
430,4.5817456,5.098155228377004,-0.5164096283770041
431,4.5669165,5.09005833069337,-0.5231418306933708
432,4.5560813,5.082224167282853,-0.5261428672828536
433,4.550994,5.07463797120792,-0.5236439712079202
434,4.547093,5.067005645688793,-0.5199126456887928
435,4.538254,5.059305925167835,-0.5210519251678347
436,4.522428,5.051961315289302,-0.529533315289302
437,4.5034146,5.044904153959778,-0.5414895539597779
438,4.4818015,5.038253901993685,-0.5564524019936847
439,4.470698,5.031829404837778,-0.561131404837778
440,4.47154,5.025550938372256,-0.5540109383722562
441,4.4779716,5.019453981581219,-0.5414823815812193
442,4.4882507,5.013582994048965,-0.5253322940489653
443,4.495009,5.007920156863868,-0.5129111568638685
444,4.4955726,5.002581692217954,-0.5070090922179542
445,4.4961863,4.99753391453106,-0.5013476145310607
446,4.4968767,4.992585238306858,-0.49570853830685824
447,4.4976716,4.987530580119011,-0.48985898011901075
448,4.498599,4.983466130687489,-0.48486713068748966
449,4.499686,4.98016216838115,-0.48047616838115026
450,4.5009594,4.9765997279130145,-0.47564032791301436
451,4.5024476,4.9727552854539026,-0.47030768545390256
452,4.5041776,4.969186809512073,-0.4650092095120728
453,4.5061765,4.967007501374597,-0.4608310013745971
454,4.508472,4.965291726220344,-0.4568197262203437
455,4.511092,4.961975015842576,-0.4508830158425763
456,4.5140634,4.958854864334444,-0.4447914643344433
457,4.5174136,4.957671427933476,-0.44025782793347545
458,4.52117,4.956555342680323,-0.43538534268032336
459,4.5253606,4.9538528933144566,-0.4284922933144566
460,4.530012,4.950879516270616,-0.4208675162706159
461,4.5351524,4.948573799586996,-0.413421399586996
462,4.5408087,4.946314081235257,-0.4055053812352565
463,4.5470085,4.94420645952335,-0.3971979595233508
464,4.5537796,4.943323370543175,-0.3895437705431748
465,4.5611486,4.9438078051926615,-0.3826592051926614
466,4.569144,4.945301865035762,-0.3761578650357622
467,4.5777917,4.947269096885554,-0.3694773968855545
468,4.5871205,4.9498439975971325,-0.3627234975971323
469,4.5971575,4.951358712601302,-0.35420121260130255
470,4.60793,4.951542240214105,-0.34361224021410575
471,4.619466,4.951452329513938,-0.3319863295139376
472,4.6317916,4.95117609863714,-0.3193844986371399
473,4.6449356,4.950883097496622,-0.3059474974966214
474,4.6589246,4.950365902514933,-0.29144130251493294
475,4.6737857,4.949779924367697,-0.2759942243676976
476,4.689548,4.9511470321903595,-0.2615990321903592
477,4.706237,4.95160310394345,-0.24536610394345004
478,4.7238812,4.949316092252946,-0.2254348922529461
479,4.742508,4.949400085691039,-0.206892085691039
480,4.7621446,4.948239371241731,-0.18609477124173068
481,4.782818,4.943464194955694,-0.1606461949556941
482,4.804557,4.937920732752374,-0.13336373275237445
483,4.8273873,4.932625279779902,-0.10523797977990235
484,4.851337,4.927572088676741,-0.07623508867674111
485,4.8764343,4.922023905169396,-0.04558960516939603
486,4.896706,4.916116017560852,-0.019410017560852033
487,4.9157214,4.91074750724614,0.004973892753859843
488,4.9336495,4.905614363057988,0.02803513694201154
489,4.951903,4.900984210395923,0.050918789604076586
490,4.969538,4.896612804432605,0.07292519556739485
491,4.986399,4.891984135010709,0.09441486498929041
492,5.0023313,4.887813593722225,0.11451770627777513
493,5.017181,4.883854353205778,0.13332664679422201
494,5.030791,4.879866305431155,0.15092469456884494
495,5.043007,4.876135829522516,0.16687117047748412
496,5.053675,4.872284143071878,0.18139085692812174
497,5.062639,4.868561255408515,0.19407774459148452
498,5.069744,4.86489880417654,0.20484519582346028
499,5.074836,4.861907508361937,0.21292849163806338
500,5.0777583,4.859641144973915,0.21811715502608475
501,5.050341,4.8574959238580835,0.19284507614191693
502,4.9302683,4.855496950571519,0.07477134942848096
503,4.8131766,4.854291755362014,-0.04111515536201349
504,4.701804,4.8563338468403074,-0.15452984684030735
505,4.5965815,4.859144789276481,-0.2625632892764811
506,4.495502,4.860417224262102,-0.3649152242621021
507,4.4007864,4.861403399778202,-0.4606169997782015
508,4.3116617,4.862723560196204,-0.5510618601962038
509,4.2302027,4.864873701637971,-0.6346710016379706
510,4.1577353,4.867812347160005,-0.7100770471600057
511,4.095443,4.870217454180314,-0.7747744541803137
512,4.0423074,4.872966560039822,-0.8306591600398221
513,3.9943836,4.876343161319161,-0.8819595613191611
514,3.9573712,4.880453175328192,-0.9230819753281923
515,3.925162,4.884417467222555,-0.9592554672225551
516,3.900458,4.888240580552162,-0.9877825805521616
517,3.884833,4.893029930692752,-1.0081969306927516
518,3.870855,4.897608610778708,-1.0267536107787074
519,3.8693378,4.901776629922539,-1.032438829922539
520,3.876552,4.905925990845433,-1.029373990845433
521,3.88962,4.910313733150098,-1.0206937331500985
522,3.9068778,4.915057619508822,-1.0081798195088219
523,3.9283807,4.920164639001503,-0.9917839390015031
524,3.9474008,4.925567651821318,-0.9781668518213178
525,3.9704425,4.931410378075655,-0.960967878075655
526,3.9905756,4.938326976640163,-0.9477513766401633
527,4.0082254,4.9458377945042304,-0.9376123945042307
528,4.0262656,4.953090394374489,-0.9268247943744887
529,4.0402308,4.96186967230369,-0.9216388723036903
530,4.0550036,4.970919094633298,-0.9159154946332979
531,4.0714087,4.979914144119318,-0.9085054441193181
532,4.0886207,4.988630292851219,-0.9000095928512195
533,4.1058435,4.998073215242921,-0.8922297152429213
534,4.1239233,5.0094440017069966,-0.8855207017069961
535,4.1449137,5.019133777127246,-0.8742200771272461
536,4.167739,5.02681518259863,-0.8590761825986295
537,4.1890574,5.033883258277349,-0.8448258582773489
538,4.20897,5.0406403748562205,-0.8316703748562206
539,4.227579,5.047201823877203,-0.8196228238772028
540,4.2449865,5.053376044999893,-0.8083895449998924
541,4.2612934,5.059172883192537,-0.7978794831925375
542,4.276602,5.064865380295576,-0.7882633802955761
543,4.2910137,5.070305011061904,-0.779291311061904
544,4.3046303,5.075704946893928,-0.7710746468939274
545,4.3175535,5.0806012517296715,-0.7630477517296717
546,4.329885,5.085083144538974,-0.7551981445389737
547,4.341727,5.089058680776218,-0.7473316807762185
548,4.35318,5.092671055180813,-0.7394910551808129
549,4.364347,5.096179444691926,-0.7318324446919258
550,4.375329,5.099393362487206,-0.7240643624872058
551,4.386228,5.103032666105981,-0.7168046661059808
552,4.3971457,5.106420700469544,-0.7092750004695434
553,4.408184,5.109013037568994,-0.7008290375689938
554,4.419444,5.11162093595487,-0.69217693595487
555,4.4310284,5.114057654650638,-0.6830292546506387
556,4.443038,5.116328924611696,-0.6732909246116963
557,4.4555745,5.118461027347322,-0.6628865273473217
558,4.46874,5.120309883828139,-0.651569883828139
559,4.482637,5.1223433300835275,-0.6397063300835271
560,4.497366,5.124359030333153,-0.6269930303331526
561,4.5130286,5.125989527368639,-0.6129609273686389
562,4.5297275,5.127408818059797,-0.5976813180597969
563,4.547564,5.128815035730523,-0.5812510357305225
564,4.5666394,5.130178267992769,-0.5635388679927695
565,4.587056,5.1312928768646975,-0.5442368768646979
566,4.6089153,5.132183538561807,-0.5232682385618075
567,4.6323185,5.132926102126842,-0.5006076021268422
568,4.6573677,5.133357018609968,-0.47598931860996796
569,4.684165,5.13371478287342,-0.4495497828734196
570,4.712811,5.133421488504293,-0.42061048850429295
571,4.744023,5.132640921390575,-0.3886179213905745
572,4.76769,5.131737158473472,-0.3640471584734719
573,4.785191,5.130469363824147,-0.3452783638241472
574,4.8025827,5.128786190949584,-0.3262034909495837
575,4.818004,5.126598798246052,-0.30859479824605174
576,4.8311396,5.124056688749893,-0.29291708874989286
577,4.840442,5.121335453191504,-0.2808934531915037
578,4.843148,5.118318300723747,-0.2751703007237465
579,4.838885,5.115065480164668,-0.2761804801646681
580,4.8268533,5.111835325940153,-0.2849820259401534
581,4.808948,5.10875583610579,-0.2998078361057903
582,4.788854,5.105803993655146,-0.31694999365514587
583,4.7717185,5.103055841782365,-0.3313373417823646
584,4.7571597,5.100949559881635,-0.34378985988163535
585,4.75045,5.099575755819764,-0.349125755819764
586,4.750573,5.098950009509789,-0.34837700950978867
587,4.750858,5.0991358480916,-0.3482778480916
588,4.7513223,5.099453556130915,-0.3481312561309151
589,4.751984,5.100484076834661,-0.3485000768346609
590,4.75286,5.1024906747311425,-0.3496306747311424
591,4.7539682,5.105011710001856,-0.35104351000185563
592,4.755326,5.108207903350738,-0.3528819033507382
593,4.75695,5.112307705368732,-0.355357705368732
594,4.758858,5.117575400224985,-0.3587174002249851
595,4.7610683,5.123692083852308,-0.36262378385230853
596,4.7635975,5.130469762047598,-0.3668722620475977
597,4.7664633,5.138224174667235,-0.37176087466723473
598,4.769683,5.146974949395124,-0.3772919493951239
599,4.7732735,5.156640083859068,-0.3833665838590674
600,4.7836556,5.166979874757138,-0.38332427475713793
601,4.7958107,5.177966130806682,-0.3821554308066828
602,4.807505,5.189936019207622,-0.3824310192076217
603,4.81875,5.202780237594272,-0.38403023759427235
604,4.8295555,5.216263184165951,-0.3867076841659509
605,4.8399324,5.230066637504152,-0.3901342375041512
606,4.8498907,5.244113502818332,-0.3942228028183319
607,4.859441,5.2587876353115295,-0.39934663531152914
608,4.8685937,5.273910788373642,-0.4053170883736419
609,4.8773594,5.289135131456515,-0.41177573145651536
610,4.885749,5.30451395083056,-0.4187649508305604
611,4.8937726,5.319812927394102,-0.4260403273941016
612,4.90144,5.335071995295801,-0.43363199529580054
613,4.908762,5.350013867086437,-0.4412518670864367
614,4.91575,5.365170017386227,-0.4494200173862266
615,4.9224143,5.380231279132209,-0.4578169791322093
616,4.9287643,5.3947316333741755,-0.4659673333741754
617,4.9348116,5.408969159677749,-0.4741575596777494
618,4.9405656,5.422431381759199,-0.4818657817591987
619,4.946038,5.4351325429721795,-0.4890945429721798
620,4.951238,5.447382398481498,-0.4961443984814977
621,4.956177,5.458861267831259,-0.5026842678312589
622,4.960865,5.469270636662505,-0.5084056366625047
623,4.965313,5.478792258966454,-0.5134792589664539
624,4.9695306,5.489354400181132,-0.5198238001811326
625,4.973529,5.502193895234224,-0.5286648952342237
626,4.9773183,5.518021400077826,-0.5407031000778257
627,4.980909,5.5355336034269556,-0.554624603426956
628,4.9843116,5.5480963129031,-0.5637847129031002
629,4.987537,5.561842542914621,-0.5743055429146215
630,4.990595,5.57063669591401,-0.5800416959140104
631,4.9935293,5.560981027494564,-0.5674517274945643
632,4.996363,5.5504551286249315,-0.5540921286249318
633,4.9989777,5.539056019277753,-0.540078319277753
634,5.0014668,5.526787673066279,-0.5253208730662786
635,5.003842,5.513661053524769,-0.5098190535247697
636,5.0061126,5.499694114340984,-0.49358151434098385
637,5.0082903,5.48491175983644,-0.47662145983644066
638,5.0103855,5.469345757309961,-0.45896025730996115
639,5.012408,5.4530345900563075,-0.4406265900563078
640,5.014368,5.436023239256059,-0.42165523925605886
641,5.0162773,5.418362884677335,-0.40208558467733546
642,5.018145,5.400110517533357,-0.3819655175333576
643,5.0199823,5.381328463143055,-0.3613461631430557
644,5.021799,5.362083815789761,-0.34028481578976155
645,5.023607,5.342447792721402,-0.3188407927214021
646,5.0254154,5.322495018000815,-0.29707961800081506
647,5.027235,5.302302749724262,-0.2750677497242622
648,5.0290766,5.281950066134386,-0.2528734661343863
649,5.03095,5.261517027529757,-0.23056702752975688
650,5.0328665,5.241083831573827,-0.20821733157382738
651,5.0348363,5.220729979536041,-0.18589367953604086
652,5.0368695,5.200533470290891,-0.16366397029089086
653,5.038977,5.180570037662237,-0.1415930376622372
654,5.041169,5.160912444563767,-0.11974344456376684
655,5.043456,5.141629844338204,-0.09817384433820386
656,5.045849,5.122787216472455,-0.07693821647245525
657,5.0483575,5.104444881291886,-0.05608738129188584
658,5.0509925,5.0866580967043,-0.03566559670429914
659,5.0537643,5.069476738808529,-0.015712438808528795
660,5.056684,5.052945066277011,0.0037389337229889463
661,5.059761,5.037101566377437,0.02265943362256273
662,5.0448236,5.0219788798418925,0.022844720158107457
663,5.0005264,5.007603801738818,-0.00707740173881799
664,4.9334784,4.993997353207609,-0.060518953207608917
665,4.8529096,4.981174915250097,-0.128265315250097
666,4.7691846,4.9691464143556265,-0.19996181435562654
667,4.6892624,4.9579165509891485,-0.2686541509891489
668,4.6146383,4.94748506349826,-0.33284676349826015
669,4.5547214,4.9378470205078795,-0.38312562050787946
670,4.5071845,4.92899313437374,-0.4218086343737397
671,4.471171,4.920910085984903,-0.44973908598490286
672,4.443624,4.913580846645357,-0.4699568466453572
673,4.4219947,4.906984978683407,-0.48499027868340683
674,4.407047,4.9010988979179375,-0.49405189791793713
675,4.3960648,4.907554253714124,-0.5114894537141232
676,4.3904147,4.916071377287964,-0.5256566772879641
677,4.392079,4.915998713185403,-0.5239197131854034
678,4.39597,4.916664094618714,-0.5206940946187135
679,4.4049234,4.917709268273665,-0.5127858682736646
680,4.417333,4.919695815074344,-0.5023628150743438
681,4.4286094,4.9219761036394,-0.49336670363940005
682,4.442118,4.9247286865975965,-0.48261068659759676
683,4.456448,4.928499794426137,-0.4720517944261369
684,4.4706235,4.93313309722873,-0.4625095972287294
685,4.4834366,4.938485159477501,-0.45504855947750134
686,4.4956765,4.944119676408274,-0.4484431764082739
687,4.5079336,4.94978347704205,-0.44184987704205003
688,4.5189514,4.955563130143054,-0.43661173014305454
689,4.5310817,4.961427820594654,-0.4303461205946544
690,4.543832,4.966905525205143,-0.42307352520514296
691,4.5569053,4.972067905526963,-0.4151626055269624
692,4.570265,4.976647575224228,-0.40638257522422805
693,4.5838737,4.980676182541094,-0.3968024825410943
694,4.597696,4.984117645013634,-0.38642164501363396
695,4.611693,4.987607112398747,-0.37591411239874706
696,4.625829,4.992079169183895,-0.3662501691838944
697,4.6400676,4.997902053458851,-0.35783445345885134
698,4.654371,5.003557833650619,-0.3491868336506183
699,4.6687026,5.007263662485923,-0.33856106248592344
700,4.6830254,5.009885463843033,-0.326860063843033
701,4.6973033,5.0124062372602936,-0.3151029372602938
702,4.7114987,5.014178605231113,-0.30267990523111266
703,4.7255754,5.015360488772763,-0.28978508877276266
704,4.739496,5.0164141431280855,-0.2769181431280856
705,4.7532244,5.018100018114079,-0.264875618114079
706,4.7667227,5.019309307780076,-0.252586607780076
707,4.7799544,5.019627548194759,-0.2396731481947585
708,4.792884,5.020137672402237,-0.22725367240223715
709,4.8054724,5.020725236834204,-0.21525283683420415
710,4.817684,5.020962845432457,-0.20327884543245744
711,4.8294826,5.0208534287619795,-0.19137082876197908
712,4.8408303,5.020082974993546,-0.17925267499354547
713,4.8516903,5.019288772537045,-0.16759847253704585
714,4.862026,5.018278289161809,-0.15625228916180856
715,4.8718014,5.017000976173401,-0.1451995761734013
716,4.880978,5.015656472648768,-0.1346784726487682
717,4.88952,5.014199949600509,-0.12467994960050888
718,4.897391,5.012692060458972,-0.11530106045897259
719,4.9045534,5.0109013063535235,-0.10634790635352331
720,4.91097,5.008748957646603,-0.09777895764660283
721,4.916605,5.006489425697123,-0.0898844256971234
722,4.921421,5.004096711528619,-0.08267571152861919
723,4.925381,5.0015178526924045,-0.07613685269240467
724,4.9284487,4.998629519884266,-0.07018081988426594
725,4.930587,4.996045421192965,-0.06545842119296452
726,4.931759,4.993597237236143,-0.061838237236143456
727,4.9248877,4.990679090548933,-0.06579139054893268
728,4.8901486,4.987641262714233,-0.09749266271423274
729,4.8326025,4.984024773497012,-0.15142227349701187
730,4.760608,4.980792296073728,-0.22018429607372791
731,4.6871424,4.977919356242523,-0.29077695624252264
732,4.6205664,4.974589117674117,-0.3540227176741162
733,4.562411,4.970363593815569,-0.40795259381556903
734,4.5122323,4.966020031146057,-0.45378773114605675
735,4.4666543,4.963194364572591,-0.49654006457259126
736,4.428322,4.960044666493119,-0.5317226664931196
737,4.395931,4.954424730767778,-0.5584937307677782
738,4.368015,4.9484279706958025,-0.5804129706958028
739,4.3430142,4.94306278476993,-0.6000485847699304
740,4.3228693,4.938726423695515,-0.6158571236955153
741,4.3053904,4.933836012741761,-0.6284456127417606
742,4.2933874,4.9282796058876395,-0.6348922058876392
743,4.2828937,4.92456845217028,-0.6416747521702799
744,4.2757516,4.922403157813704,-0.646651557813704
745,4.2715125,4.920750305216086,-0.6492378052160861
746,4.274597,4.917302959950839,-0.6427059599508391
747,4.283857,4.9127596945922845,-0.6289026945922842
748,4.297893,4.908149289930341,-0.6102562899303408
749,4.315399,4.90325143231156,-0.5878524323115597
750,4.335797,4.898444940537293,-0.5626479405372926
751,4.3564987,4.893817628521503,-0.5373189285215023
752,4.3781943,4.888681447930441,-0.5104871479304416
753,4.399792,4.883303442880474,-0.48351144288047454
754,4.4209137,4.877338922220987,-0.4564252222209868
755,4.4387217,4.8724018167242615,-0.4336801167242612
756,4.4519577,4.868657087578274,-0.41669938757827385
757,4.455758,4.865996249948981,-0.4102382499489803
758,4.447637,4.863135596966288,-0.41549859696628744
759,4.425037,4.860352735346733,-0.43531573534673296
760,4.3951807,4.860054636381567,-0.4648739363815668
761,4.364125,4.860844486057868,-0.4967194860578683
762,4.3343396,4.860822974610748,-0.5264833746107485
763,4.3054547,4.8619546577580035,-0.5564999577580032
764,4.2783303,4.864966938984524,-0.5866366389845235
765,4.2530007,4.868710341785379,-0.6157096417853785
766,4.1660275,4.872820117146762,-0.7067926171467622
767,4.0932803,4.8767227630481775,-0.7834424630481776
768,4.0700192,4.882719770128317,-0.8127005701283174
769,4.0707192,4.892359170311852,-0.8216399703118515
770,4.0722837,4.905011878216566,-0.8327281782165663
771,4.0747395,4.917100221337302,-0.8423607213373021
772,4.0781155,4.929198175053429,-0.851082675053429
773,4.082439,4.94267607954965,-0.8602370795496501
774,4.087738,4.956414624118126,-0.8686766241181259
775,4.094041,4.971438726937615,-0.8773977269376152
776,4.1013756,4.9883554789279145,-0.8869798789279146
777,4.1097693,5.005837827220736,-0.896068527220736
778,4.119251,5.022554780773867,-0.9033037807738671
779,4.129847,5.0397661956206745,-0.9099191956206747
780,4.1415873,5.058906739787995,-0.9173194397879945
781,4.1544986,5.077478811668914,-0.9229802116689134
782,4.1686087,5.092703425737723,-0.9240947257377226
783,4.183946,5.1056312562917725,-0.9216852562917728
784,4.2005386,5.116141097894301,-0.9156024978943016
785,4.2184143,5.125222992460833,-0.9068086924608325
786,4.2376003,5.13373540472669,-0.8961351047266897
787,4.258126,5.141149556586409,-0.8830235565864095
788,4.2800174,5.147736583009225,-0.8677191830092248
789,4.3033047,5.1560423981044226,-0.8527376981044226
790,4.3280134,5.162492748743288,-0.8344793487432884
791,4.3541737,5.166250061432866,-0.8120763614328661
792,4.381812,5.16695646707124,-0.7851444670712402
793,4.410957,5.166521246233566,-0.7555642462335665
794,4.441636,5.166245943196516,-0.7246099431965165
795,4.4738774,5.16844909857158,-0.69457169857158
796,4.5077095,5.168592493792358,-0.6608829937923586
797,4.5431595,5.166935392875365,-0.623775892875365
798,4.580256,5.167275187685479,-0.5870191876854784
799,4.6190257,5.164820039998395,-0.5457943399983947
800,4.6594987,5.1599446089962315,-0.5004459089962312
801,4.7017,5.1544622613137845,-0.4527622613137847
802,4.7456603,5.148406059795925,-0.4027457597959252
803,4.791406,5.142201504973826,-0.35079550497382606
804,4.821775,5.150601671316623,-0.328826671316623
805,4.8006015,5.162472025219979,-0.3618705252199792
806,4.7491174,5.163114360723498,-0.4139969607234981
807,4.67778,5.143125198267565,-0.46534519826756515
808,4.603072,5.123882783835492,-0.5208107838354916
809,4.538485,5.105437621026689,-0.5669526210266893
810,4.4853005,5.087829248932344,-0.6025287489323441
811,4.443073,5.071086732467895,-0.6280137324678954
812,4.406672,5.055229295987971,-0.6485572959879704
813,4.3747897,5.04026707058987,-0.66547737058987
814,4.3447223,5.026201922064562,-0.681479622064562
815,4.3158646,5.013028323320473,-0.6971637233204726
816,4.2901144,5.000734234668282,-0.7106198346682815
817,4.2718453,4.989301959688243,-0.717456659688243
818,4.263944,4.9787089532765725,-0.7147649532765721
819,4.265031,4.968928569488669,-0.7038975694886691
820,4.2737656,4.959930747108296,-0.6861651471082961
821,4.289991,4.951682638635518,-0.661691638635518
822,4.3072944,4.9441491927771395,-0.6368547927771395
823,4.3323464,4.937293701657411,-0.6049473016574112
824,4.354632,4.931078322642289,-0.5764463226422896
825,4.381377,4.925464581406202,-0.5440875814062025
826,4.4056525,4.9204138584040455,-0.5147613584040451
827,4.426772,4.91588785666915,-0.4891158566691507
828,4.4315314,4.911849046089666,-0.48031764608966654
829,4.4296856,4.908261077896472,-0.4785754778964719
830,4.4314194,4.90508916191579,-0.47366976191579013
831,4.434322,4.902300398291942,-0.4679783982919421
832,4.438345,4.899864055890493,-0.46151905589049314
833,4.4434423,4.897751791344585,-0.45430949134458487
834,4.449566,4.895937804797366,-0.4463718047973657
835,4.4566684,4.922745962479933,-0.46607756247993315
836,4.464702,4.951003763234998,-0.48630176323499796
837,4.4736204,4.959518573899405,-0.4858981738994057
838,4.483376,4.967203496650638,-0.4838274966506386
839,4.493921,4.9767190029802135,-0.48279800298021325
840,4.5052075,4.987162920060324,-0.48195542006032355
841,4.5171895,4.998777137435355,-0.4815876374353554
842,4.529818,5.0081195924225055,-0.4783015924225058
843,4.5430474,5.012390814603817,-0.46934341460381734
844,4.556829,5.013955030675473,-0.4571260306754734
845,4.571116,5.01521689927981,-0.44410089927981033
846,4.585861,5.016552588067074,-0.43069158806707364
847,4.6010165,5.017953594008888,-0.4169370940088877
848,4.616535,5.018864361721736,-0.40232936172173606
849,4.6323695,5.019721516767985,-0.38735201676798514
850,4.648473,5.020933829825476,-0.3724608298254761
851,4.6647964,5.022609456598608,-0.35781305659860774
852,4.6812944,5.024010743712916,-0.34271634371291615
853,4.697918,5.025280431588543,-0.3273624315885435
854,4.714621,5.026902955354025,-0.3122819553540248
855,4.7313557,5.028594653841754,-0.29723895384175414
856,4.748074,5.030717466646751,-0.2826434666467508
857,4.76473,5.032992089317086,-0.26826208931708617
858,4.781275,5.034935978345261,-0.2536609783452608
859,4.797662,5.037070725209308,-0.23940872520930778
860,4.8138437,5.039651631491897,-0.22580793149189748
861,4.829773,5.042261353191042,-0.2124883531910413
862,4.8454022,5.044789395223843,-0.19938719522384307
863,4.860684,5.048001801916254,-0.18731780191625358
864,4.875571,5.051998700547035,-0.17642770054703494
865,4.8900156,5.055092376953851,-0.16507677695385148
866,4.903971,5.058905704226345,-0.1549347042263447
867,4.91739,5.062829504483322,-0.14543950448332144
868,4.930224,5.06533142352949,-0.13510742352949023
869,4.9424267,5.066895351734553,-0.1244686517345528
870,4.9539504,5.0684388727279375,-0.11448847272793738
871,4.964748,5.072002075312219,-0.10725407531221887
872,4.9747715,5.075417239128414,-0.10064573912841368
873,4.983974,5.07569535835234,-0.09172135835234041
874,4.992308,5.075617378110688,-0.0833093781106875
875,4.9997263,5.076615816175167,-0.07688951617516704
876,5.0061817,5.07795697077375,-0.07177527077374979
877,5.0116262,5.078580988934759,-0.06695478893475837
878,5.0160127,5.077511026516234,-0.06149832651623388
879,5.019294,5.076520554586376,-0.05722655458637593
880,5.0214224,5.075910107361115,-0.05448770736111541
881,5.022351,5.076005776236829,-0.05365477623682935
882,5.022004,5.075394194978792,-0.05339019497879249
883,5.0126495,5.074399574359046,-0.061750074359046
884,4.987537,5.074141869123363,-0.08660486912336296
885,4.953331,5.074193812077823,-0.12086281207782257
886,4.9034705,5.074981746992334,-0.1715112469923339
887,4.836888,5.076393333724662,-0.23950533372466154
888,4.759843,5.077336922861348,-0.31749392286134803
889,4.680648,5.077466259064619,-0.3968182590646192
890,4.6045065,5.077165852502989,-0.47265935250298874
891,4.533236,5.076676450257189,-0.5434404502571892
892,4.466316,5.075970326029267,-0.6096543260292666
893,4.405465,5.075142390679029,-0.6696773906790288
894,4.3461566,5.074401677002211,-0.7282450770022111
895,4.2968163,5.073329341051265,-0.7765130410512651
896,4.2533426,5.072613732691455,-0.8192711326914548
897,4.217498,5.071977732128091,-0.854479732128091
898,4.1952024,5.070896858371759,-0.8756944583717585
899,4.184205,5.069476656850088,-0.8852716568500876
900,4.184394,5.068045039110482,-0.8836510391104815
901,4.1895075,5.067194480168564,-0.8776869801685638
902,4.200208,5.066225999728987,-0.866017999728987
903,4.2170954,5.064440937709383,-0.8473455377093835
904,4.2341833,5.062686017641303,-0.8285027176413031
905,4.249381,5.061298233438478,-0.8119172334384785
906,4.2639203,5.060151723179517,-0.7962314231795169
907,4.275662,5.058798801190888,-0.7831368011908886
908,4.2873917,5.057460615732373,-0.7700689157323737
909,4.297894,5.056791080380549,-0.7588970803805486
910,4.3080454,5.056150436731424,-0.7481050367314239
911,4.314717,5.055485009775921,-0.7407680097759215
912,4.321313,5.055170293473897,-0.7338572934738972
913,4.3222938,5.054556672563888,-0.7322628725638882
914,4.312533,5.05313870043865,-0.7406057004386497
915,4.3038945,5.051315065907282,-0.7474205659072819
916,4.307139,5.049272498660829,-0.742133498660829
917,4.3126464,5.04768210619991,-0.73503570619991
918,4.3202667,5.046547166477794,-0.7262804664777933
919,4.329849,5.045446731170382,-0.7155977311703818
920,4.3412414,5.044610781398573,-0.7033693813985726
921,4.3542933,5.045658155152299,-0.6913648551522993
922,4.368855,5.0478730200348885,-0.6790180200348885
923,4.384774,5.050062719968011,-0.6652887199680109
924,4.401901,5.051084942040145,-0.6491839420401453
925,4.4200835,5.051004450316629,-0.6309209503166295
926,4.439172,5.052359500030605,-0.6131875000306053
927,4.4590144,5.055454345034381,-0.5964399450343807
928,4.4794602,5.056601519361875,-0.5771413193618748
929,4.5003595,5.056164398434175,-0.5558048984341752
930,4.52156,5.055718016700581,-0.534158016700581
931,4.5429115,5.055718711954919,-0.512807211954919
932,4.5642633,5.055714280891757,-0.49145098089175665
933,4.5854635,5.054653988309233,-0.4691904883092324
934,4.606363,5.053051040294484,-0.44668804029448417
935,4.6268086,5.051269306598019,-0.42446070659801904
936,4.6466517,5.049943901022238,-0.4032922010222384
937,4.66574,5.047524579636466,-0.3817845796364656
938,4.6839223,5.043965301925009,-0.3600430019250087
939,4.7010493,5.040743026827681,-0.3396937268276812
940,4.716968,5.037225711181401,-0.32025771118140156
941,4.7315297,5.032963198987731,-0.30143349898773053
942,4.744582,5.0270806511878,-0.28249865118780004
943,4.7559743,5.019147704011474,-0.26317340401147415
944,4.7655563,5.010168580490435,-0.24461228049043449
945,4.7731767,5.000826034287899,-0.22764933428789913
946,4.778684,4.990713554090899,-0.21202955409089874
947,4.7819285,4.980292733901778,-0.1983642339017777
948,4.7811146,4.970075093139009,-0.18896049313900853
949,4.76075,4.960359182719002,-0.1996091827190023
950,4.7127676,4.949874893779601,-0.2371072937796006
951,4.648904,4.9416684430075515,-0.29276444300755156
952,4.581837,4.935635916737219,-0.35379891673721886
953,4.508594,4.927830686196965,-0.41923668619696475
954,4.4072547,4.918885177058775,-0.511630477058775
955,4.387464,4.908733962911662,-0.5212699629116626
956,4.344006,4.899548832223005,-0.5555428322230052
957,4.299907,4.891567235321725,-0.5916602353217248
958,4.2548795,4.883452203604888,-0.6285727036048874
959,4.213111,4.874510320628223,-0.6613993206282238
960,4.1667643,4.866351748153348,-0.6995874481533484
961,4.1163135,4.860583065828547,-0.7442695658285468
962,4.078792,4.854216215148157,-0.7754242151481572
963,4.0498495,4.846154152379779,-0.7963046523797797
964,4.0298014,4.838609312508989,-0.8088079125089891
965,4.0161242,4.832360833274021,-0.8162366332740207
966,4.0031247,4.827296630449263,-0.8241719304492632
967,4.001781,4.822669353056191,-0.8208883530561906
968,4.001334,4.818533728868001,-0.8171997288680011
969,4.0069876,4.815796485250361,-0.808808885250361
970,4.020073,4.813810219478858,-0.7937372194788583
971,4.039106,4.81278797796758,-0.7736819779675796
972,4.0594525,4.81274143729613,-0.75328893729613
973,4.084632,4.813422493923738,-0.7287904939237384
974,4.1030145,4.814898708921737,-0.7118842089217372
975,4.1276045,4.817255443426537,-0.6896509434265363
976,4.152154,4.820246643514908,-0.6680926435149077
977,4.176342,4.824297086337604,-0.6479550863376042
978,4.200157,4.829959175547433,-0.6298021755474332
979,4.2235928,4.837021333052968,-0.6134285330529687
980,4.2466373,4.84349797228959,-0.5968606722895906
981,4.2692833,4.850134402813013,-0.5808511028130132
982,4.2915206,4.86014555272126,-0.5686249527212599
983,4.313339,4.870835763165102,-0.5574967631651022
984,4.334732,4.879372655499519,-0.5446406554995189
985,4.355688,4.888238229024269,-0.5325502290242694
986,4.376199,4.898294669696377,-0.5220956696963777
987,4.3962545,4.908598653794038,-0.5123441537940376
988,4.4158463,4.918508530098899,-0.502662230098899
989,4.434965,4.92730637304069,-0.4923413730406896
990,4.4536014,4.936143829443629,-0.4825424294436287
991,4.4717464,4.948406199132744,-0.4766597991327446
992,4.4893904,4.970904695530625,-0.4815142955306255
993,4.506524,4.990638833732333,-0.4841148337323329
994,4.5231385,4.999348913059714,-0.47621041305971445
995,4.5392246,5.005964967930336,-0.4667403679303366
996,4.5547724,5.01218828837758,-0.4574158883775796
997,4.569774,5.017912499048246,-0.44813849904824643
998,4.5842185,5.031658753701562,-0.4474402537015614
999,4.5980983,5.044753024099024,-0.44665472409902396
1000,4.611403,5.048000898876627,-0.43659789887662726
1001,4.6241236,5.050884748986604,-0.42676114898660433
1002,4.6362514,5.053501382185741,-0.4172499821857407
1003,4.6477766,5.063802914737309,-0.41602631473730867
1004,4.6586905,5.072077754036024,-0.4133872540360244
1005,4.668983,5.070992095595093,-0.40200909559509324
1006,4.6786456,5.068802390697966,-0.39015679069796594
1007,4.6876693,5.066596972342991,-0.3789276723429911
1008,4.696044,5.064244388371069,-0.3682003883710694
1009,4.703761,5.061655367976336,-0.35789436797633556
1010,4.7108107,5.058474783964098,-0.34766408396409876
1011,4.7171836,5.053144841272197,-0.33596124127219706
1012,4.722872,5.048919042063949,-0.32604704206394963
1013,4.7278657,5.044476302414703,-0.31661060241470285
1014,4.7321553,5.038542458224029,-0.3063871582240294
1015,4.735732,5.032528463181399,-0.2967964631813995
1016,4.738586,5.02748121800646,-0.2888952180064601
1017,4.740709,5.024676536034522,-0.2839675360345222
1018,4.7420907,5.019436358352345,-0.2773456583523446
1019,4.742722,5.010250905378348,-0.2675289053783487
1020,4.7483683,5.001642906543826,-0.25327460654382605
1021,4.7512465,4.992843978400952,-0.24159747840095225
1022,4.7483335,4.983896664777648,-0.2355631647776475
1023,4.7432637,4.9748691208129205,-0.23160542081292057
1024,4.736198,4.966135796285422,-0.2299377962854221
1025,4.7272987,4.957784766373382,-0.23048606637338143
1026,4.7167253,4.9500656228957425,-0.23334032289574225
1027,4.70464,4.942942680296681,-0.23830268029668034
1028,4.691203,4.936395331380425,-0.24519233138042562
1029,4.6765757,4.930582612875071,-0.25400691287507104
1030,4.6609197,4.925881532362778,-0.26496183236277826
1031,4.6443954,4.921962724959092,-0.277567324959092
1032,4.6271634,4.917906875623275,-0.29074347562327496
1033,4.609386,4.914605632291309,-0.3052196322913092
1034,4.5912232,4.911641358360607,-0.3204181583606074
1035,4.5728364,4.908889997111515,-0.3360535971115155
1036,4.554387,4.906065758462135,-0.3516787584621346
1037,4.536035,4.903980012229516,-0.3679450122295158
1038,4.517943,4.902834797016718,-0.38489179701671805
1039,4.500271,4.901620428775078,-0.4013494287750783
1040,4.48318,4.900329158407363,-0.417149158407363
1041,4.466831,4.89944908513003,-0.43261808513002986
1042,4.451386,4.8997946822617955,-0.4484086822617952
1043,4.437005,4.900635060578223,-0.46363006057822265
1044,4.4271936,4.9012799373620215,-0.47408633736202166
1045,4.4200025,4.902416377299582,-0.4824138772995825
1046,4.406928,4.9043486885661,-0.4974206885661001
1047,4.3954926,4.907378699624134,-0.5118860996241343
1048,4.3894086,4.9104936920322935,-0.5210850920322931
1049,4.387851,4.913530882517722,-0.5256798825177214
1050,4.389376,4.917918777792248,-0.5285427777922473
1051,4.3910227,4.923343910047981,-0.5323212100479813
1052,4.3945627,4.929994992130174,-0.5354322921301744
1053,4.3990946,4.937849498529994,-0.5387548985299944
1054,4.4065585,4.946760198720554,-0.540201698720554
1055,4.415585,4.95616059157539,-0.54057559157539
1056,4.42615,4.96489250194615,-0.5387425019461505
1057,4.43705,4.972267084860013,-0.5352170848600126
1058,4.447973,4.978999502111942,-0.531026502111942
1059,4.4569135,4.985684646301366,-0.5287711463013665
1060,4.4630857,4.992424374195993,-0.5293386741959933
1061,4.464969,4.99878356386325,-0.5338145638632499
1062,4.464036,5.005681635861026,-0.541645635861026
1063,4.460689,5.013087592243229,-0.5523985922432288
1064,4.4552646,5.0202193382748375,-0.5649547382748379
1065,4.4511557,5.02701941084914,-0.5758637108491396
1066,4.451529,5.032628154687759,-0.5810991546877595
1067,4.4620705,5.038365474466003,-0.5762949744660029
1068,4.473465,5.044038349174231,-0.5705733491742313
1069,4.4855094,5.048556347145654,-0.5630469471456543
1070,4.49814,5.052312333621856,-0.5541723336218558
1071,4.5112915,5.055796030152611,-0.5445045301526115
1072,4.5249004,5.059502740821211,-0.5346023408212108
1073,4.538903,5.062829484432557,-0.5239264844325566
1074,4.553234,5.065340459154206,-0.5121064591542064
1075,4.56783,5.066916703675577,-0.4990867036755775
1076,4.5826263,5.067921896070816,-0.4852955960708156
1077,4.597559,5.06872892040289,-0.47116992040288963
1078,4.6125636,5.0689192942189845,-0.4563556942189848
1079,4.6275764,5.068399790746257,-0.44082339074625754
1080,4.642532,5.067707842132677,-0.4251758421326768
1081,4.6573677,5.066671704776353,-0.4093040047763532
1082,4.672018,5.065090153682849,-0.39307215368284965
1083,4.6864195,5.062723574056632,-0.37630407405663124
1084,4.7005076,5.059986194688969,-0.35947859468896937
1085,4.714218,5.056868547882782,-0.3426505478827826
1086,4.727487,5.053438161547822,-0.3259511615478221
1087,4.74025,5.049836633948315,-0.30958663394831554
1088,4.7524433,5.046017756524777,-0.29357445652477665
1089,4.764002,5.0419680567341985,-0.27796605673419883
1090,4.7748613,5.037645960728317,-0.2627846607283164
1091,4.7849584,5.032965315214713,-0.24800691521471308
1092,4.794228,5.028698365258973,-0.23447036525897236
1093,4.802607,5.024541451555406,-0.2219344515554056
1094,4.81003,5.019980314019135,-0.20995031401913433
1095,4.8164334,5.015113228510081,-0.19867982851008037
1096,4.821753,5.0103857934156855,-0.18863279341568528
1097,4.8259244,5.007055897652214,-0.18113149765221426
1098,4.8288836,5.0040968550930165,-0.17521325509301633
1099,4.830566,4.9992519215326645,-0.16868592153266437
1100,4.8309655,4.994515995163562,-0.16355049516356246
1101,4.8242297,4.990598842956181,-0.16636914295618066
1102,4.8029685,4.986501164184585,-0.18353266418458425
1103,4.7659454,4.981514846418437,-0.21556944641843767
1104,4.7158704,4.974864064589489,-0.2589936645894886
1105,4.659049,4.968376574088193,-0.30932757408819267
1106,4.5998664,4.962454730798712,-0.36258833079871255
1107,4.5489316,4.957296288998274,-0.4083646889982733
1108,4.507287,4.952058015904796,-0.44477101590479595
1109,4.474678,4.94655152007125,-0.4718735200712505
1110,4.4491525,4.9417284996463575,-0.49257599964635723
1111,4.4296527,4.937384983837468,-0.507732283837468
1112,4.4145584,4.933281412031813,-0.5187230120318134
1113,4.4034753,4.929095105681929,-0.525619805681929
1114,4.3946695,4.92492668273286,-0.5302571827328597
1115,4.3869834,4.920763801764162,-0.5337804017641616
1116,4.383885,4.916615240833373,-0.5327302408333727
1117,4.3840933,4.912662702010659,-0.5285694020106586
1118,4.3843646,4.909272177784848,-0.5249075777848482
1119,4.3788376,4.9068124474166455,-0.5279748474166457
1120,4.368342,4.903532254546856,-0.5351902545468556
1121,4.3540564,4.89903662018724,-0.5449802201872398
1122,4.339253,4.895549578050208,-0.5562965780502074
1123,4.3310394,4.892093688095585,-0.5610542880955851
1124,4.324697,4.886598284727026,-0.5619012847270266
1125,4.3291135,4.880733174473673,-0.551619674473673
1126,4.3352942,4.875025158676766,-0.539730958676766
1127,4.3392005,4.870086177990246,-0.5308856779902467
1128,4.33946,4.866158246358376,-0.526698246358376
1129,4.3380356,4.861521337341625,-0.5234857373416242
1130,4.3356223,4.85727781921897,-0.52165551921897
1131,4.3311343,4.854726579556201,-0.5235922795562002
1132,4.3219504,4.8535525927892555,-0.5316021927892551
1133,4.3101726,4.851089223008811,-0.5409166230088118
1134,4.2959404,4.8472846394222575,-0.5513442394222574
1135,4.2774835,4.844782794545257,-0.5672992945452568
1136,4.2556314,4.842538291154737,-0.5869068911547366
1137,4.2311983,4.8410792273557295,-0.6098809273557295
1138,4.2050185,4.839189151896801,-0.6341706518968007
1139,4.177916,4.83615291973463,-0.6582369197346303
1140,4.1507154,4.834381162481649,-0.6836657624816489
1141,4.1242423,4.831421106257111,-0.7071788062571116
1142,4.099321,4.827601068521195,-0.7282800685211956
1143,4.0767803,4.823359541774238,-0.7465792417742376
1144,4.0574446,4.820148921291131,-0.7627043212911309
1145,4.042139,4.817038268969475,-0.7748992689694756
1146,4.031689,4.813429742972839,-0.7817407429728389
1147,4.02692,4.809787133173352,-0.7828671331733528
1148,4.0443406,4.807507273516024,-0.7631666735160243
1149,4.0694456,4.806575201043312,-0.7371296010433124
1150,4.0960298,4.805571185355832,-0.7095413853558314
1151,4.123714,4.80440899522832,-0.6806949952283201
1152,4.152119,4.805297279921412,-0.6531782799214119
1153,4.1808634,4.807021611642857,-0.6261582116428572
1154,4.2095695,4.8084970876836,-0.5989275876836002
1155,4.237855,4.808697611713533,-0.570842611713533
1156,4.2653418,4.809184145893731,-0.5438423458937311
1157,4.291116,4.810783299952063,-0.5196672999520633
1158,4.3159003,4.813499285428584,-0.49759898542858405
1159,4.3384213,4.8161301873111455,-0.47770888731114525
1160,4.360031,4.818993358655856,-0.4589623586558558
1161,4.382261,4.825011979909025,-0.44275097990902523
1162,4.4056363,4.833166737036801,-0.4275304370368005
1163,4.4292536,4.841778288325296,-0.41252468832529576
1164,4.4526815,4.849081140518623,-0.39639964051862364
1165,4.4754863,4.854903884632058,-0.37941758463205755
1166,4.4972334,4.8601472986762815,-0.36291389867628165
1167,4.517491,4.865625265177749,-0.34813426517774904
1168,4.535821,4.871556740881166,-0.33573574088116587
1169,4.5517917,4.87802377012675,-0.3262320701267498
1170,4.5649686,4.88415257947632,-0.3191839794763194
1171,4.5749183,4.8885249706545775,-0.31360667065457726
1172,4.581207,4.8921236272937305,-0.3109166272937305
1173,4.5833993,4.898331614695729,-0.3149323146957288
1174,4.5439997,4.9042024155526285,-0.36020271555262884
1175,4.486463,4.910573362375212,-0.42411036237521227
1176,4.4225626,4.91603641890212,-0.49347381890212016
1177,4.3579974,4.919553204105999,-0.5615558041059989
1178,4.301534,4.922808721888172,-0.621274721888172
1179,4.258199,4.926301573284343,-0.6681025732843429
1180,4.2266626,4.929064038483739,-0.7024014384837391
1181,4.207296,4.931772401240907,-0.7244764012409064
1182,4.1961856,4.934446387093779,-0.738260787093779
1183,4.1926184,4.937511138571306,-0.7448927385713064
1184,4.187054,4.940593665458913,-0.7535396654589128
1185,4.181245,4.94300414068081,-0.7617591406808106
1186,4.187828,4.945752694074845,-0.7579246940748456
1187,4.2040076,4.950186925219299,-0.7461793252192992
1188,4.230401,4.9564022590824885,-0.7260012590824889
1189,4.2605243,4.961905952496711,-0.7013816524967105
1190,4.2926407,4.9661260469323825,-0.6734853469323827
1191,4.330706,4.970902513980717,-0.6401965139807171
1192,4.3532367,4.975124105832203,-0.6218874058322026
1193,4.3706217,4.9791549914841,-0.6085332914840995
1194,4.387824,4.983017356709486,-0.595193356709486
1195,4.4047403,4.987467819008365,-0.5827275190083645
1196,4.422432,4.991986695110208,-0.5695546951102086
1197,4.4398956,4.995635598050783,-0.5557399980507833
1198,4.458557,4.999441879494234,-0.540884879494234
1199,4.4761667,5.003837086518492,-0.5276703865184915
1200,4.4936,5.0088606499030295,-0.5152606499030297
1201,4.511021,5.0144491381846255,-0.5034281381846251
1202,4.5279794,5.019516230175121,-0.4915368301751206
1203,4.5427694,5.0245239949263105,-0.48175459492631045
1204,4.555425,5.029902145657389,-0.4744771456573895
1205,4.5657983,5.0344929472730655,-0.46869464727306553
1206,4.575119,5.0384402273102085,-0.4633212273102085
1207,4.582355,5.042260774022861,-0.4599057740228609
1208,4.5886035,5.046121502597833,-0.4575180025978334
1209,4.595664,5.050144290914666,-0.4544802909146659
1210,4.602819,5.052621498265874,-0.44980249826587393
1211,4.610495,5.05494284769616,-0.44444784769615975
1212,4.6190205,5.058320914995178,-0.439300414995178
1213,4.627443,5.062145425430779,-0.4347024254307783
1214,4.6358037,5.064942344503977,-0.42913864450397643
1215,4.6440973,5.072130291320008,-0.4280329913200074
1216,4.6523194,5.078348292245413,-0.4260288922454132
1217,4.660465,5.078750368529156,-0.41828536852915565
1218,4.6685286,5.079128832944876,-0.41060023294487547
1219,4.676506,5.079187148239667,-0.40268114823966705
1220,4.6843925,5.079276585777875,-0.3948840857778748
1221,4.692182,5.07992221038113,-0.38774021038113027
1222,4.699871,5.087267428742509,-0.3873964287425089
1223,4.7074537,5.094786361187838,-0.3873326611878376
1224,4.714926,5.098407587912592,-0.3834815879125921
1225,4.722282,5.10102344610972,-0.3787414461097205
1226,4.729517,5.10478241114924,-0.3752654111492397
1227,4.736627,5.108945395299718,-0.37231839529971733
1228,4.743606,5.1124051360101745,-0.3687991360101748
1229,4.75045,5.117109803704457,-0.36665980370445705
1230,4.757154,5.120972260182582,-0.36381826018258234
1231,4.7637124,5.123356569053058,-0.35964416905305807
1232,4.7701206,5.125224021657775,-0.3551034216577751
1233,4.7763743,5.127530249905606,-0.35115594990560606
1234,4.782468,5.1301006017263555,-0.3476326017263558
1235,4.7883964,5.131771077085028,-0.3433746770850279
1236,4.7941556,5.1328378078866,-0.33868220788659986
1237,4.7997403,5.133793240322311,-0.33405294032231136
1238,4.8051457,5.13571399168843,-0.33056829168843027
1239,4.810366,5.1374295657598,-0.3270635657597998
1240,4.8153977,5.13821863328478,-0.32282093328478023
1241,4.8202353,5.138995974450675,-0.318760674450675
1242,4.8248734,5.140156602339967,-0.315283202339967
1243,4.829308,5.141541218941347,-0.3122332189413468
1244,4.833534,5.142681622392433,-0.309147622392433
1245,4.8375454,5.143574138306879,-0.30602873830687916
1246,4.8413386,5.144745973620979,-0.3034073736209786
1247,4.844908,5.146162184781065,-0.30125418478106436
1248,4.8482494,5.147770129799502,-0.29952072979950195
1249,4.8513575,5.149489282522473,-0.2981317825224732
1250,4.854227,5.151382720889459,-0.2971557208894593
1251,4.856854,5.153665381167806,-0.2968113811678057
1252,4.8592324,5.156045767476264,-0.29681336747626386
1253,4.861358,5.15847553755752,-0.29711753755752035
1254,4.8632264,5.161170320888868,-0.29794392088886745
1255,4.8648314,5.163575623570038,-0.29874422357003816
1256,4.866169,5.165641546916872,-0.29947254691687153
1257,4.867234,5.167309268505498,-0.30007526850549837
1258,4.8680224,5.168548333941361,-0.30052593394136107
1259,4.8685274,5.169727039866851,-0.3011996398668515
1260,4.868746,5.170725242688477,-0.30197924268847753
1261,4.858953,5.171323072913658,-0.3123700729136587
1262,4.839748,5.171384051584481,-0.3316360515844812
1263,4.807007,5.171232207076144,-0.36422520707614403
1264,4.770789,5.170980758913035,-0.40019175891303504
1265,4.7325406,5.170237787840066,-0.43769718784006617
1266,4.7062826,5.1689854216382205,-0.46270282163822074
1267,4.682664,5.167391329791422,-0.4847273297914221
1268,4.669112,5.166175050662341,-0.4970630506623408
1269,4.6645226,5.164483484451964,-0.49996088445196385
1270,4.6666303,5.161820974091604,-0.4951906740916048
1271,4.6766586,5.158986761256937,-0.48232816125693745
1272,4.684348,5.156133353018471,-0.471785353018471
1273,4.6898913,5.1534862538050925,-0.4635949538050923
1274,4.6920266,5.150633953996726,-0.4586073539967259
1275,4.688942,5.147674166742532,-0.45873216674253214
1276,4.673474,5.145165005431951,-0.47169100543195164
1277,4.644538,5.142860175683647,-0.4983221756836471
1278,4.597981,5.140977051559691,-0.5429960515596912
1279,4.56005,5.1392984309311185,-0.5792484309311181
1280,4.5228925,5.137802550060448,-0.6149100500604474
1281,4.484913,5.136745143491197,-0.6518321434911973
1282,4.4457626,5.136099020137106,-0.6903364201371058
1283,4.4061794,5.13599842586894,-0.7298190258689399
1284,4.366912,5.136461809401596,-0.769549809401596
1285,4.3286986,5.137576949308318,-0.8088783493083183
1286,4.2922864,5.139297575847786,-0.8470111758477863
1287,4.2584033,5.141983684381064,-0.8835803843810632
1288,4.2277946,5.145530765364618,-0.9177361653646177
1289,4.201208,5.149505367175077,-0.9482973671750763
1290,4.179382,5.153605342721613,-0.9742233427216123
1291,4.1630564,5.158175669079009,-0.9951192690790087
1292,4.152974,5.162858643410702,-1.009884643410702
1293,4.151007,5.1679624003177675,-1.0169554003177677
1294,4.1663804,5.173101657665174,-1.0067212576651734
1295,4.184303,5.177829523103963,-0.9935265231039629
1296,4.2045093,5.182054913776724,-0.9775456137767238
1297,4.226736,5.185807805916932,-0.9590718059169321
1298,4.2507195,5.189631537070613,-0.9389120370706134
1299,4.276194,5.192540787507738,-0.916346787507738
1300,4.302897,5.193956021102058,-0.8910590211020581
1301,4.3305626,5.194794842093354,-0.8642322420933537
1302,4.3589272,5.194732641738793,-0.8358054417387928
1303,4.3877273,5.196051183831628,-0.808323883831628
1304,4.416697,5.195135849745361,-0.7784388497453607
1305,4.4462576,5.191443370373628,-0.7451857703736282
1306,4.47527,5.186976611999212,-0.7117066119992117
1307,4.503135,5.181809301755886,-0.6786743017558861
1308,4.530103,5.175631915116354,-0.6455289151163539
1309,4.5559087,5.167163736459038,-0.6112550364590383
1310,4.580289,5.157793414707421,-0.5775044147074215
1311,4.6029797,5.147893955866561,-0.5449142558665612
1312,4.623161,5.13735044583748,-0.5141894458374807
1313,4.642681,5.125523082419798,-0.48284208241979876
1314,4.662959,5.114373483875068,-0.4514144838750678
1315,4.683658,5.103799703611361,-0.4201417036113604
1316,4.7044363,5.093679528387176,-0.3892432283871754
1317,4.724957,5.082257991076639,-0.35730099107663893
1318,4.744883,5.06977515743743,-0.3248921574374304
1319,4.7638755,5.060697917336041,-0.296822417336041
1320,4.7815967,5.052099117641499,-0.2705024176414996
1321,4.7977085,5.046873878625568,-0.24916537862556787
1322,4.8118744,5.043350577492703,-0.231476177492703
1323,4.8237534,5.039215508599087,-0.21546210859908665
1324,4.833009,5.0339013448536924,-0.20089234485369278
1325,4.839303,5.0106492434487615,-0.17134624344876137
1326,4.842297,4.988002943937594,-0.1457059439375934
1327,4.8366265,4.96602953542454,-0.12940303542453968
1328,4.812294,4.94479226187239,-0.13249826187239044
1329,4.7689643,4.924350062677545,-0.155385762677545
1330,4.7189126,4.904757066176647,-0.18584446617664696
1331,4.671708,4.88606205263096,-0.2143540526309602
1332,4.6292105,4.868307906558789,-0.23909740655878853
1333,4.6061106,4.851531082287649,-0.24542048228764912
1334,4.5880475,4.8357611112723795,-0.24771361127237945
1335,4.5755987,4.821020183726069,-0.2454214837260693
1336,4.5673175,4.80732283958863,-0.24000533958863013
1337,4.5588236,4.794675802875636,-0.2358522028756358
1338,4.5094247,4.783077984994149,-0.27365328499414865
1339,4.487429,4.772520667436821,-0.2850916674368209
1340,4.4519415,4.762987859008711,-0.3110463590087109
1341,4.4162393,4.754456811190195,-0.3382175111901953
1342,4.383097,4.746898667440161,-0.3638016674401605
1343,4.363303,4.740279218531447,-0.37697621853144714
1344,4.3523602,4.734559736132656,-0.38219953613265645
1345,4.3559995,4.72969785907558,-0.37369835907558
1346,4.3614044,4.7256485092022995,-0.3642441092022999
1347,4.378272,4.739417122178102,-0.3611451221781019
1348,4.402154,4.756108214609047,-0.35395421460904686
1349,4.429596,4.765318495284263,-0.335722495284263
1350,4.4572763,4.773159218526186,-0.315882918526186
1351,4.4812746,4.779851621010502,-0.29857702101050254
1352,4.4925046,4.786331089497074,-0.29382648949707413
1353,4.502801,4.793061911192967,-0.29026091119296726
1354,4.513241,4.8021668835824,-0.2889258835824
1355,4.5238132,4.811901731871392,-0.2880885318713915
1356,4.5345063,4.821196859167932,-0.2866905591679316
1357,4.5453095,4.830563545462274,-0.28525404546227406
1358,4.556211,4.840185156156821,-0.28397415615682053
1359,4.5672,4.8486136462111675,-0.2814136462111678
1360,4.578265,4.855020012717192,-0.2767550127171923
1361,4.589395,4.861235149142445,-0.27184014914244514
1362,4.6005783,4.868320228331306,-0.26774192833130606
1363,4.611804,4.876640431118873,-0.2648364311188729
1364,4.623061,4.88378370295809,-0.2607227029580903
1365,4.634338,4.88895115132831,-0.25461315132831075
1366,4.6456237,4.893841183005941,-0.24821748300594138
1367,4.656906,4.899014894916195,-0.24210889491619447
1368,4.668175,4.904366472542505,-0.2361914725425054
1369,4.679419,4.910009237549627,-0.2305902375496265
1370,4.6906266,4.925598154240118,-0.2349715542401185
1371,4.7017865,4.940309433833409,-0.2385229338334094
1372,4.712888,4.944878757037739,-0.23199075703773886
1373,4.723919,4.949343213308529,-0.22542421330852846
1374,4.7348685,4.954296678801301,-0.2194281788013006
1375,4.745726,4.960073566588233,-0.2143475665882324
1376,4.7564797,4.976340139962042,-0.21986043996204252
1377,4.767118,4.991636960791971,-0.2245189607919711
1378,4.777631,4.995267871000483,-0.217636871000483
1379,4.7880054,4.9985926720902585,-0.21058727209025818
1380,4.7982316,5.002147893643368,-0.20391629364336783
1381,4.808298,5.005135373757487,-0.19683737375748755
1382,4.818193,5.0081877724174735,-0.18999477241747353
1383,4.827905,5.011463000970016,-0.18355800097001573
1384,4.8374243,5.015110578911957,-0.1776862789119571
1385,4.8467383,5.01814278487414,-0.17140448487413984
1386,4.8558364,5.020414406997638,-0.1645780069976377
1387,4.8647065,5.022645745689273,-0.1579392456892732
1388,4.8733387,5.02459552708428,-0.15125682708428023
1389,4.8817205,5.026703844946095,-0.14498334494609466
1390,4.8898416,5.02805786070398,-0.13821626070398008
1391,4.89769,5.028676476471114,-0.13098647647111417
1392,4.905255,5.029162454973377,-0.1239074549733763
1393,4.9125247,5.029422268140091,-0.11689756814009122
1394,4.919489,5.0290739066379615,-0.10958490663796194
1395,4.9261355,5.028335556149911,-0.10220005614991123
1396,4.9324536,5.027141115682438,-0.0946875156824385
1397,4.938432,5.024455469341712,-0.08602346934171212
1398,4.9440594,5.019139713838829,-0.07508031383882852
1399,4.9493246,5.01364814537954,-0.06432354537954055
1400,4.954216,5.00857442860242,-0.054358428602419906
1401,4.958723,5.0033794893959564,-0.044656489395956456
1402,4.962834,4.99925888248136,-0.03642488248136022
1403,4.9665375,4.993184132230895,-0.026646632230894696
1404,4.969823,4.987391749413983,-0.01756874941398312
1405,4.972678,4.981665916151934,-0.008987916151934172
1406,4.975093,4.974068021708743,0.0010249782912570282
1407,4.9770555,4.965275420383313,0.011780079616686479
1408,4.9785542,4.95616954097721,0.022384659022789855
1409,4.9795785,4.949209124608851,0.0303693753911487
1410,4.9801173,4.942267518121936,0.03784978187806409
1411,4.9403663,4.931790769816937,0.008575530183063229
1412,4.8321204,4.920998550291796,-0.08887815029179613
1413,4.70818,4.910691936876851,-0.2025119368768511
1414,4.591363,4.899508566213544,-0.3081455662135433
1415,4.485494,4.8879017441247985,-0.4024077441247984
1416,4.3691473,4.876111694776241,-0.506964394776241
1417,4.281979,4.865154154447338,-0.5831751544473383
1418,4.213601,4.85466548932026,-0.64106448932026
1419,4.157925,4.844904814303925,-0.6869798143039256
1420,4.109147,4.835706115187864,-0.7265591151878636
1421,4.071833,4.827087144623648,-0.755254144623648
1422,4.0419793,4.819495430936335,-0.777516130936335
1423,4.0154037,4.812731351698817,-0.7973276516988168
1424,3.9882889,4.8063963619672725,-0.8181074619672724
1425,3.963307,4.801016938480103,-0.8377099384801032
1426,3.9407916,4.7962038445174064,-0.8554122445174066
1427,3.920325,4.792650248462888,-0.8723252484628876
1428,3.9047885,4.789180193192657,-0.8843916931926574
1429,3.8949597,4.7873694797286905,-0.8924097797286907
1430,3.8939514,4.786813287195224,-0.8928618871952234
1431,3.8996646,4.7861880804792385,-0.8865234804792386
1432,3.9120996,4.785411602547092,-0.8733120025470922
1433,3.927705,4.785321682078409,-0.8576166820784086
1434,3.9450183,4.787127324497478,-0.8421090244974776
1435,3.9697375,4.79069063584575,-0.82095313584575
1436,3.9938931,4.795171582447583,-0.8012784824475832
1437,4.01976,4.799550085550968,-0.7797900855509683
1438,4.0446157,4.805219837433394,-0.7606041374333943
1439,4.0753317,4.814158691911707,-0.7388269919117079
1440,4.107829,4.822262845401259,-0.7144338454012589
1441,4.139911,4.828171916926955,-0.6882609169269553
1442,4.1714334,4.8341957534298885,-0.6627623534298888
1443,4.202377,4.84109501603663,-0.6387180160366297
1444,4.2327237,4.848759997000732,-0.6160362970007318
1445,4.2624536,4.855759096561264,-0.5933054965612641
1446,4.2915487,4.862864367036363,-0.5713156670363633
1447,4.3199873,4.871342951386638,-0.551355651386638
1448,4.3477535,4.879875106866177,-0.5321216068661778
1449,4.374827,4.892228069963894,-0.5174010699638938
1450,4.4011893,4.910457435679123,-0.5092681356791227
1451,4.4268208,4.922108731522073,-0.49528793152207307
1452,4.451703,4.928173993703899,-0.47647099370389867
1453,4.475817,4.934763088550827,-0.4589460885508272
1454,4.499143,4.951390605835157,-0.452247605835157
1455,4.521663,4.968172650592062,-0.4465096505920618
1456,4.5433574,4.974111805998285,-0.4307544059982851
1457,4.564208,4.979516470879243,-0.4153084708792436
1458,4.584194,4.984044134495644,-0.39985013449564377
1459,4.603298,4.989874371905769,-0.3865763719057691
1460,4.6215014,4.996334531617598,-0.37483313161759835
1461,4.638783,5.000327976934709,-0.36154497693470855
1462,4.655126,5.002135318342069,-0.34700931834206905
1463,4.6705103,5.003271169346957,-0.3327608693469566
1464,4.684917,5.004978224018092,-0.3200612240180911
1465,4.698327,5.008695559318157,-0.31036855931815666
1466,4.7107215,5.009754340152465,-0.29903284015246534
1467,4.7220817,5.010359635039337,-0.2882779350393365
1468,4.7323885,5.011869615981245,-0.2794811159812447
1469,4.7416224,5.014008359600816,-0.27238595960081646
1470,4.749765,5.014464212057013,-0.2646992120570131
1471,4.756797,5.012569383748498,-0.2557723837484982
1472,4.7626996,5.0104757505911985,-0.24777615059119817
1473,4.7674537,5.007878633907492,-0.24042493390749176
1474,4.77104,5.005305953376869,-0.23426595337686873
1475,4.7708597,5.002176169899128,-0.23131646989912813
1476,4.760826,4.998390971695053,-0.2375649716950532
1477,4.737415,4.9949469394699495,-0.2575319394699491
1478,4.6996613,4.9913032785370275,-0.29164197853702767
1479,4.6438456,4.987520844886626,-0.3436752448866267
1480,4.579578,4.983477421121479,-0.40389942112147903
1481,4.5108337,4.979073834435484,-0.46824013443548385
1482,4.448181,4.974394949431393,-0.5262139494313933
1483,4.389488,4.969536411163418,-0.5800484111634177
1484,4.332319,4.964393927231931,-0.6320749272319306
1485,4.2818637,4.959673456793965,-0.6778097567939652
1486,4.2398734,4.955170247003699,-0.7152968470036996
1487,4.2070074,4.950719371608549,-0.7437119716085485
1488,4.182349,4.94625950148149,-0.7639105014814893
1489,4.1660395,4.942027574957917,-0.7759880749579171
1490,4.15556,4.9384697140453255,-0.7829097140453252
1491,4.145234,4.935333997502758,-0.7900999975027574
1492,4.140322,4.932057237943528,-0.7917352379435281
1493,4.130601,4.929028835703345,-0.798427835703345
1494,4.1211615,4.9267245309349175,-0.8055630309349171
1495,4.1078134,4.925307582014711,-0.8174941820147108
1496,4.099121,4.923556629994445,-0.8244356299944444
1497,4.0956454,4.921424452849672,-0.8257790528496711
1498,4.096996,4.919908442040645,-0.8229124420406455
1499,4.1040854,4.918659795691646,-0.814574395691646
1500,4.114257,4.917682324801469,-0.8034253248014691
1501,4.1291647,4.916881615164842,-0.7877169151648422
1502,4.1490326,4.916021170369316,-0.7669885703693158
1503,4.1716866,4.915113284543716,-0.7434266845437163
1504,4.1960626,4.914295145776402,-0.7182325457764014
1505,4.2198434,4.913570872317893,-0.6937274723178923
1506,4.2456884,4.91307448015627,-0.6673860801562705
1507,4.2681417,4.91214835805953,-0.6440066580595296
1508,4.288441,4.911982397845438,-0.6235413978454387
1509,4.3044105,4.911899653755757,-0.6074891537557567
1510,4.3193,4.913609290435514,-0.5943092904355138
1511,4.3318963,4.9171671396182095,-0.5852708396182091
1512,4.3418627,4.9206860489116755,-0.5788233489116754
1513,4.3503966,4.925171482947321,-0.5747748829473212
1514,4.3573904,4.929481417837354,-0.5720910178373542
1515,4.3631563,4.9372237945248045,-0.5740674945248045
1516,4.368008,4.947851176375839,-0.5798431763758396
1517,4.3722606,4.957517834952951,-0.5852572349529517
1518,4.376226,4.965989449412364,-0.5897634494123638
1519,4.3802185,4.973664141431055,-0.5934456414310549
1520,4.384551,4.9826819751024365,-0.5981309751024364
1521,4.389539,4.992076916608353,-0.6025379166083527
1522,4.3954935,5.0008545522716945,-0.6053610522716948
1523,4.402729,5.009290145895269,-0.6065611458952693
1524,4.411559,5.017585483828203,-0.6060264838282032
1525,4.4222975,5.026234386411711,-0.6039368864117112
1526,4.441252,5.033553212374012,-0.5923012123740117
1527,4.4654126,5.03966485691834,-0.5742522569183404
1528,4.4878035,5.045493392715241,-0.5576898927152412
1529,4.508517,5.050644009746898,-0.5421270097468973
1530,4.5276456,5.055713179206239,-0.5280675792062395
1531,4.5452814,5.0599761553492755,-0.5146947553492751
1532,4.5615163,5.063278761458538,-0.5017624614585383
1533,4.576443,5.065759874037418,-0.4893168740374181
1534,4.5901537,5.067580003808498,-0.4774263038084978
1535,4.602741,5.068551162202973,-0.4658101622029731
1536,4.6142955,5.0688863137934375,-0.4545908137934376
1537,4.624911,5.069427310521643,-0.4445163105216432
1538,4.634679,5.0697807092743155,-0.43510170927431524
1539,4.643692,5.068617250535994,-0.4249252505359946
1540,4.652042,5.068375999811967,-0.4163339998119673
1541,4.6598215,5.068841265476548,-0.4090197654765486
1542,4.6671224,5.067740510962535,-0.40061811096253486
1543,4.6740375,5.064405781616954,-0.39036828161695425
1544,4.680658,5.060465828785817,-0.3798078287858164
1545,4.687077,5.057636536203077,-0.3705595362030767
1546,4.693386,5.054044197911908,-0.3606581979119081
1547,4.699678,5.049080157301505,-0.3494021573015056
1548,4.7060447,5.0444871544867915,-0.3384424544867919
1549,4.7125783,5.040677189200876,-0.32809888920087626
1550,4.722497,5.038414570565719,-0.3159175705657189
1551,4.7401953,5.037186490431036,-0.2969911904310365
1552,4.741707,5.038397237027537,-0.29669023702753705
1553,4.7429667,5.047986929709253,-0.30502022970925236
1554,4.741719,5.061145579294766,-0.3194265792947659
1555,4.739283,5.066906776577738,-0.3276237765777372
1556,4.7325263,5.081288019175324,-0.3487617191753243
1557,4.726615,5.089900423896687,-0.36328542389668694
1558,4.7243586,5.081255167065832,-0.3568965670658315
1559,4.7232785,5.073416216473506,-0.35013771647350556
1560,4.721916,5.066349069119924,-0.34443306911992355
1561,4.7170954,5.0600143899676855,-0.34291898996768566
1562,4.710117,5.054368825296985,-0.3442518252969844
1563,4.70243,5.049365846227671,-0.34693584622767126
1564,4.6912427,5.044956611489801,-0.3537139114898009
1565,4.6764503,5.041090830604601,-0.3646405306046008
1566,4.65934,5.037717603995188,-0.3783776039951876
1567,4.6419296,5.03478621702776,-0.39285661702775965
1568,4.623014,5.03224686811876,-0.40923286811875936
1569,4.6064844,5.030051315573686,-0.4235669155736854
1570,4.5931582,5.0281534341918075,-0.4349952341918071
1571,4.5827723,5.0265096799927145,-0.44373737999271423
1572,4.577203,5.0250794673435495,-0.4478764673435496
1573,4.575764,5.023825465824924,-0.44806146582492357
1574,4.5723267,5.0227138243453755,-0.45038712434537587
1575,4.5639377,5.021714328320005,-0.4577766283200049
1576,4.5499616,5.045168738206863,-0.49520713820686346
1577,4.5304666,5.069915185356799,-0.5394485853567996
1578,4.507987,5.0803625536350685,-0.5723755536350685
1579,4.4853067,5.088530853496746,-0.603224153496746
1580,4.463452,5.095013745987515,-0.6315617459875149
1581,4.444819,5.1017430824200805,-0.6569240824200806
1582,4.426739,5.108640839514619,-0.6819018395146186
1583,4.4097104,5.114980673515531,-0.7052702735155316
1584,4.3915057,5.119729660971199,-0.7282239609711993
1585,4.3756857,5.122766552603078,-0.7470808526030783
1586,4.3604574,5.124144946429165,-0.763687546429165
1587,4.3478284,5.1241056742493765,-0.7762772742493764
1588,4.3354025,5.123183250826637,-0.787780750826637
1589,4.328064,5.121467153205413,-0.7934031532054124
1590,4.3253293,5.120147599836543,-0.7948182998365434
1591,4.328319,5.119227589691165,-0.7909085896911652
1592,4.343084,5.117592981847596,-0.7745089818475961
1593,4.3596025,5.115555211130265,-0.7559527111302646
1594,4.3759117,5.11357031078942,-0.7376586107894205
1595,4.3920035,5.111461353821431,-0.7194578538214307
1596,4.407871,5.109555095995411,-0.7016840959954109
1597,4.4235063,5.107895238856299,-0.6843889388562996
1598,4.4389005,5.106845387523308,-0.6679448875233085
1599,4.4540467,5.105285529643988,-0.6512388296439875
1600,4.4689364,5.102918191320348,-0.6339817913203483
1601,4.4835625,5.100770988657137,-0.6172084886571376
1602,4.497917,5.098261637005854,-0.600344637005854
1603,4.5119915,5.09549038955892,-0.5834988895589204
1604,4.5257792,5.092871225194826,-0.5670920251948264
1605,4.5392714,5.091637893034857,-0.5523664930348575
1606,4.55246,5.089917691237943,-0.5374576912379432
1607,4.565338,5.087128323632279,-0.5217903236322794
1608,4.5778975,5.08440220145196,-0.5065047014519601
1609,4.5901303,5.082200463835633,-0.49207016383563307
1610,4.6020284,5.080018691718196,-0.4779902917181964
1611,4.6135845,5.077482407219205,-0.4638979072192049
1612,4.6247907,5.074576065005626,-0.44978536500562605
1613,4.6356387,5.072200046599788,-0.4365613465997873
1614,4.646121,5.069898813767075,-0.42377781376707535
1615,4.6562295,5.06730212285212,-0.41107262285212
1616,4.665957,5.0647397166782,-0.3987827166782001
1617,4.675295,5.062281837226723,-0.3869868372267229
1618,4.684236,5.060264125310079,-0.37602812531007856
1619,4.692772,5.058707394493011,-0.36593539449301105
1620,4.7008953,5.057495722420763,-0.3566004224207626
1621,4.7085977,5.056003931207707,-0.34740623120770664
1622,4.715872,5.054683137764052,-0.33881113776405236
1623,4.72271,5.0534562971605395,-0.33074629716053927
1624,4.729104,5.052405010330026,-0.32330101033002556
1625,4.735046,5.051775256909402,-0.3167292569094027
1626,4.740528,5.05116363826615,-0.3106356382661497
1627,4.745543,5.050290232606565,-0.304747232606565
1628,4.750082,5.049149684843867,-0.2990676848438669
1629,4.754138,5.0475581451382086,-0.29342014513820835
1630,4.757703,5.046004616062717,-0.288301616062717
1631,4.760769,5.044744408132479,-0.2839754081324788
1632,4.763328,5.043344593689715,-0.2800165936897159
1633,4.765373,5.041237169069807,-0.2758641690698065
1634,4.7668953,5.039237715607412,-0.27234241560741257
1635,4.767887,5.039544767478259,-0.271657767478259
1636,4.768341,5.0397046878665135,-0.2713636878665131
1637,4.7651443,5.036349703816429,-0.27120540381642844
1638,4.755516,5.0322261643165636,-0.2767101643165635
1639,4.7415075,5.028404143142053,-0.286896643142053
1640,4.7232327,5.02598233657441,-0.30274963657441045
1641,4.696594,5.02276898417148,-0.3261749841714803
1642,4.6569324,5.018313638676187,-0.361381238676187
1643,4.607228,5.014583760405919,-0.4073557604059186
1644,4.549052,5.010653510969981,-0.4616015109699809
1645,4.4907336,5.006968922389187,-0.5162353223891865
1646,4.434083,5.0037310385219165,-0.5696480385219163
1647,4.3811145,5.000858657917138,-0.6197441579171379
1648,4.330869,4.997843922258152,-0.6669749222581522
1649,4.2828107,4.995787606748607,-0.7129769067486071
1650,4.2355304,4.9934997244712305,-0.7579693244712304
1651,4.1896253,4.994495063169111,-0.8048697631691111
1652,4.1465564,4.998098801920465,-0.8515424019204652
1653,4.107137,4.999289444273882,-0.892152444273882
1654,4.074826,4.99897507840969,-0.9241490784096902
1655,4.0468926,4.9982583894398305,-0.9513657894398309
1656,4.0247064,4.998870395109278,-0.9741639951092775
1657,4.005417,4.999330283342254,-0.9939132833422546
1658,3.9868033,4.998523513735551,-1.0117202137355505
1659,3.9678814,4.998095147027093,-1.030213747027093
1660,3.9505246,4.998567445263466,-1.0480428452634656
1661,3.9375916,5.000334244036093,-1.062742644036093
1662,3.9259045,5.001316137023959,-1.0754116370239593
1663,3.9185812,4.9996321072062555,-1.0810509072062553
1664,3.915379,4.9977351735468245,-1.0823561735468243
1665,3.9141388,4.996823436294833,-1.0826846362948332
1666,3.9307492,4.995708581119358,-1.0649593811193574
1667,3.952716,4.993756180768997,-1.0410401807689973
1668,3.9748921,4.991819678374955,-1.016927578374955
1669,3.9972436,4.990540358417413,-0.9932967584174133
1670,4.019735,4.988939866293118,-0.9692048662931185
1671,4.0423326,4.987460672589003,-0.9451280725890028
1672,4.065003,4.987129833117229,-0.922126833117229
1673,4.087711,4.988500937309745,-0.900789937309745
1674,4.110422,4.990937036481063,-0.8805150364810634
1675,4.133102,4.993653216952554,-0.8605512169525538
1676,4.155718,4.9960812743053316,-0.8403632743053313
1677,4.1782327,4.997811511780448,-0.8195788117804481
1678,4.200615,4.999040857983303,-0.798425857983303
1679,4.222829,5.000367532657158,-0.7775385326571582
1680,4.24484,5.0007865079656915,-0.7559465079656915
1681,4.266615,5.003293821308878,-0.7366788213088782
1682,4.288119,5.006488633743722,-0.7183696337437224
1683,4.309318,5.006687846995589,-0.6973698469955885
1684,4.3301764,5.004815158578624,-0.6746387585786238
1685,4.3506584,5.002239353553572,-0.6515809535535713
1686,4.370735,5.001220335922303,-0.6304853359223035
1687,4.3903704,5.001085564853084,-0.610715164853084
1688,4.4095283,4.999598235379487,-0.5900699353794874
1689,4.428175,4.9984619305500555,-0.5702869305500551
1690,4.446277,4.99924395020667,-0.5529669502066694
1691,4.463799,5.002090642455978,-0.5382916424559783
1692,4.480707,5.003928760080796,-0.523221760080796
1693,4.4969664,5.003091521943533,-0.5061251219435334
1694,4.512544,5.002175688517949,-0.4896316885179486
1695,4.527405,5.001405702973017,-0.4740007029730169
1696,4.541514,5.001452289508274,-0.45993828950827353
1697,4.554838,5.0006403700526025,-0.44580237005260237
1698,4.5673428,4.9986581848996625,-0.4313153848996629
1699,4.578993,4.997105980553991,-0.4181129805539916
1700,4.5897546,4.9947509710917,-0.40499637109170017
1701,4.599594,4.991675459700885,-0.3920814597008855
1702,4.6084766,4.989122243169611,-0.38064564316961036
1703,4.616368,4.986991815588858,-0.3706238155888588
1704,4.623234,4.9847941504647455,-0.36156015046474543
1705,4.62904,4.9824737677600055,-0.3534337677600057
1706,4.633752,4.979663465465609,-0.34591146546560836
1707,4.6373353,4.976555874472286,-0.3392205744722858
1708,4.639756,4.9741741434185665,-0.33441814341856624
1709,4.6409793,4.972189536251667,-0.33121023625166757
1710,4.6250772,4.968851448635895,-0.3437742486358948
1711,4.606647,4.966847183063036,-0.3602001830630366
1712,4.590153,4.9644429429919334,-0.3742899429919335
1713,4.5708566,4.9602983986925855,-0.38944179869258555
1714,4.5501437,4.955910378534586,-0.4057666785345866
1715,4.540452,4.952596822079867,-0.4121448220798669
1716,4.5183325,4.953938008331404,-0.4356055083314043
1717,4.499804,4.955078675676985,-0.45527467567698476
1718,4.485284,4.9528579614924,-0.46757396149240016
1719,4.472882,4.951207578780888,-0.478325578780888
1720,4.459348,4.950696814553511,-0.4913488145535103
1721,4.463089,4.952357268309583,-0.4892682683095826
1722,4.451863,4.952717235166746,-0.500854235166746
1723,4.4512033,4.951719149198645,-0.5005158491986448
1724,4.454727,4.9517551679137695,-0.49702816791376936
1725,4.4595437,4.9512669377605105,-0.4917232377605103
1726,4.4673624,4.950693709819422,-0.4833313098194223
1727,4.4748077,4.951086094572424,-0.4762783945724234
1728,4.4825253,4.952501005648143,-0.4699757056481433
1729,4.4874234,4.954792648747676,-0.4673692487476764
1730,4.4874887,4.9583691235367535,-0.4708804235367534
1731,4.4837317,4.963288540761247,-0.47955684076124694
1732,4.479804,4.969205507953692,-0.4894015079536924
1733,4.47349,4.975282397141524,-0.5017923971415241
1734,4.467368,4.9805828733955995,-0.5132148733955999
1735,4.456903,4.985038125771281,-0.5281351257712812
1736,4.4542456,4.988777687390394,-0.534532087390394
1737,4.4549117,4.992191086812807,-0.5372793868128065
1738,4.456065,4.99548820646533,-0.5394232064653304
1739,4.4576945,4.998671320507006,-0.540976820507006
1740,4.4597893,5.00129699072035,-0.5415076907203504
1741,4.462338,5.004051064594517,-0.541713064594517
1742,4.465329,5.00686227370446,-0.5415332737044602
1743,4.4687524,5.008809518774857,-0.5400571187748575
1744,4.4725966,5.0100865639049825,-0.5374899639049824
1745,4.47685,5.011168060269706,-0.5343180602697064
1746,4.481502,5.01247936177301,-0.5309773617730098
1747,4.486542,5.01347218523489,-0.5269301852348898
1748,4.491958,5.019557987322093,-0.5275999873220929
1749,4.49774,5.026399527215873,-0.528659527215873
1750,4.5038753,5.0281567434663454,-0.5242814434663456
1751,4.5103545,5.025703938789822,-0.5153494387898219
1752,4.517165,5.022727674189257,-0.5055626741892567
1753,4.5242977,5.030106250786529,-0.5058085507865293
1754,4.5317397,5.038559853203778,-0.5068201532037779
1755,4.5394807,5.040632405069338,-0.5011517050693373
1756,4.547509,5.039702337067195,-0.4921933370671949
1757,4.5558147,5.038363626135945,-0.48254892613594524
1758,4.564386,5.036348942470827,-0.47196294247082715
1759,4.5732117,5.036001580769097,-0.46278988076909755
1760,4.5822806,5.035979863002631,-0.4536992630026315
1761,4.5915823,5.032767026210196,-0.4411847262101958
1762,4.601105,5.028337179968048,-0.4272321799680485
1763,4.610839,5.024216247209698,-0.4133772472096977
1764,4.620771,5.01980167009547,-0.39903067009546955
1765,4.6308913,5.0146083165472195,-0.38371701654721946
1766,4.6411886,5.010244602067143,-0.3690560020671425
1767,4.6516523,5.006755006827586,-0.3551027068275854
1768,4.662271,5.002762254102001,-0.34049125410200176
1769,4.6730328,4.997495735795544,-0.32446293579554464
1770,4.683928,4.992583561476545,-0.30865556147654516
1771,4.6949444,4.989615545080271,-0.2946711450802715
1772,4.7060714,4.985538329585077,-0.2794669295850767
1773,4.7172976,4.979958061358134,-0.26266046135813337
1774,4.728613,4.973427694266826,-0.24481469426682612
1775,4.740005,4.966883469838612,-0.2268784698386117
1776,4.7402825,4.961627309707781,-0.22134480970778103
1777,4.707404,4.956422035625495,-0.24901803562549496
1778,4.654056,4.950639483680039,-0.2965834836800392
1779,4.5878024,4.945343980335452,-0.357541580335452
1780,4.5156903,4.94172511662621,-0.4260348166262098
1781,4.4457016,4.940292017282297,-0.49459041728229725
1782,4.3828177,4.938155244061115,-0.555337544061115
1783,4.3290625,4.935520518115343,-0.606458018115343
1784,4.2796793,4.935259995385226,-0.6555806953852263
1785,4.2289133,4.935378140776468,-0.7064648407764675
1786,4.1740394,4.935197736559666,-0.7611583365596664
1787,4.1143723,4.9349245994927475,-0.8205522994927472
1788,4.0549045,4.934291823948329,-0.879387323948329
1789,3.999017,4.934567296979226,-0.9355502969792258
1790,3.9488547,4.935103297088921,-0.9862485970889212
1791,3.906807,4.935921016254981,-1.0291140162549808
1792,3.873572,4.93729528067641,-1.06372328067641
1793,3.8488553,4.9385510899855785,-1.0896957899855786
1794,3.8303375,4.941158342890569,-1.1108208428905688
1795,3.8175757,4.942303071148076,-1.1247273711480759
1796,3.8086712,4.944978157300063,-1.1363069573000626
1797,3.800635,4.948512567436237,-1.1478775674362365
1798,3.798972,4.949076823830857,-1.1501048238308567
1799,3.7966766,4.948426685088766,-1.1517500850887656
1800,3.7953274,4.947789319714515,-1.1524619197145145
1801,3.793179,4.94887501294774,-1.15569601294774
1802,3.7887485,4.951427771423476,-1.162679271423476
1803,3.7849438,4.952372098812788,-1.1674282988127875
1804,3.7819912,4.953308617541187,-1.1713174175411867
1805,3.7790363,4.95504715999036,-1.17601085999036
1806,3.7800446,4.956606306526063,-1.176561706526063
1807,3.7848837,4.956983854814758,-1.1721001548147578
1808,3.7929447,4.956638255382212,-1.163693555382212
1809,3.7982144,4.956411080466377,-1.1581966804663768
1810,3.8002417,4.955381210993949,-1.1551395109939486
1811,3.801215,4.953926346879092,-1.1527113468790917
1812,3.7991223,4.951159762261516,-1.1520374622615157
1813,3.7943769,4.947439000026227,-1.153062100026227
1814,3.78884,4.9436199704378305,-1.1547799704378305
1815,3.795577,4.939719241546935,-1.1441422415469344
1816,3.805692,4.936187706363621,-1.1304957063636212
1817,3.8177366,4.932511898893675,-1.114775298893675
1818,3.831585,4.928643996912544,-1.0970589969125437
1819,3.8471103,4.924510441512049,-1.0774001415120487
1820,3.864187,4.920045240483981,-1.0558582404839814
1821,3.8826878,4.914373409596507,-1.0316856095965075
1822,3.9024873,4.909420583514818,-1.0069332835148175
1823,3.9234583,4.905357271290321,-0.9818989712903212
1824,3.9454749,4.900787313385308,-0.9553124133853084
1825,3.9684107,4.895305933755266,-0.9268952337552654
1826,3.992139,4.889619040449974,-0.8974800404499739
1827,4.016535,4.885006145848341,-0.868471145848341
1828,4.0414696,4.880252512047578,-0.838782912047578
1829,4.066819,4.874255244241214,-0.807436244241214
1830,4.0924554,4.868928473226406,-0.7764730732264056
1831,4.118253,4.8652878692894985,-0.7470348692894984
1832,4.1440854,4.8645164616294,-0.7204310616293998
1833,4.169826,4.860926930086402,-0.6911009300864022
1834,4.1953487,4.853285855331768,-0.6579371553317674
1835,4.220527,4.846672387824129,-0.6261453878241294
1836,4.245235,4.840184488325303,-0.5949494883253026
1837,4.269345,4.833715193087053,-0.5643701930870524
1838,4.2927322,4.827843056817088,-0.5351108568170879
1839,4.3152704,4.822693905425776,-0.5074235054257761
1840,4.3368316,4.818208773630622,-0.48137717363062205
1841,4.3572907,4.8142614816118465,-0.45697078161184645
1842,4.3765206,4.810844807061488,-0.4343242070614881
1843,4.394396,4.808117521697896,-0.41372152169789533
1844,4.4107895,4.806182662080881,-0.3953931620808815
1845,4.4255753,4.804670312911081,-0.3790950129110806
1846,4.438627,4.803698561149026,-0.3650715611490254
1847,4.4498177,4.8032760843423095,-0.3534583843423098
1848,4.459022,4.803427575713794,-0.34440557571379404
1849,4.4661126,4.804082439067974,-0.3379698390679744
1850,4.470964,4.805278188493095,-0.3343141884930949
1851,4.473449,4.806255191405422,-0.3328061914054228
1852,4.4596176,4.80764219522778,-0.3480245952277805
1853,4.412807,4.809790840728108,-0.3969838407281081
1854,4.3679123,4.812033357706188,-0.44412105770618737
1855,4.328449,4.813938034937285,-0.48548903493728535
1856,4.301333,4.816016870540425,-0.5146838705404253
1857,4.2860217,4.821079757085977,-0.5350580570859771
1858,4.2807617,4.827424038695294,-0.5466623386952936
1859,4.280949,4.831147686094129,-0.550198686094129
1860,4.281373,4.835251935465489,-0.5538789354654883
1861,4.2820935,4.841250731231399,-0.5591572312313984
1862,4.280175,4.8487265478243495,-0.5685515478243497
1863,4.2786355,4.854584562469753,-0.5759490624697525
1864,4.2731714,4.859173537813257,-0.5860021378132574
1865,4.264004,4.86506781032631,-0.60106381032631
1866,4.2521887,4.869866267238074,-0.6176775672380748
1867,4.2348304,4.874151027791786,-0.6393206277917862
1868,4.215912,4.879121069034878,-0.6632090690348775
1869,4.195927,4.883218520095454,-0.6872915200954539
1870,4.1752253,4.886107925495354,-0.710882625495354
1871,4.157038,4.889238974278737,-0.7322009742787374
1872,4.1399145,4.8921909580585385,-0.7522764580585388
1873,4.125024,4.895718948925054,-0.7706949489250539
1874,4.1077533,4.89864472939203,-0.7908914293920306
1875,4.0862265,4.9002457876440095,-0.8140192876440091
1876,4.070208,4.901389195216897,-0.8311811952168968
1877,4.071139,4.9032917154731965,-0.8321527154731969
1878,4.0731525,4.905723964469806,-0.8325714644698063
1879,4.0762076,4.908296676262158,-0.8320890762621582
1880,4.0802636,4.910556258391538,-0.8302926583915378
1881,4.0852785,4.912993923305329,-0.827715423305329
1882,4.0912123,4.917754031437976,-0.8265417314379766
1883,4.098024,4.922455301748498,-0.8244313017484988
1884,4.1056724,4.926236718679167,-0.8205643186791667
1885,4.1141157,4.928800843084276,-0.8146851430842759
1886,4.1233144,4.931611332012464,-0.808296932012464
1887,4.1332264,4.936543963280028,-0.8033175632800278
1888,4.143811,4.940692157613814,-0.7968811576138135
1889,4.155028,4.943183847484214,-0.7881558474842141
1890,4.1668353,4.946767382779728,-0.7799320827797285
1891,4.1791925,4.951293477416432,-0.7721009774164322
1892,4.192058,4.956084196931023,-0.7640261969310229
1893,4.205392,4.961169156098153,-0.7557771560981532
1894,4.219153,4.966787401196387,-0.7476344011963869
1895,4.2332993,4.974287562146189,-0.740988262146189
1896,4.247791,4.983128255858708,-0.7353372558587079
1897,4.262586,4.993313716985066,-0.7307277169850659
1898,4.277644,5.004950757973231,-0.7273067579732313
1899,4.2929244,5.0169988192912705,-0.72407441929127
1900,4.308386,5.028142905406384,-0.7197569054063848
1901,4.323987,5.038098315785553,-0.7141113157855532
1902,4.339687,5.0472672413316495,-0.7075802413316499
1903,4.3554454,5.05653587118625,-0.7010904711862498
1904,4.371221,5.065718723790107,-0.6944977237901071
1905,4.3869724,5.0747135257604405,-0.6877411257604402
1906,4.402659,5.083076542512101,-0.6804175425121013
1907,4.4182396,5.0912368749528225,-0.6729972749528228
1908,4.4336734,5.099209081343228,-0.6655356813432283
1909,4.44892,5.107213868370299,-0.6582938683702988
1910,4.463937,5.114142601385121,-0.650205601385121
1911,4.4786844,5.120792088183058,-0.6421076881830583
1912,4.493121,5.128343866767955,-0.6352228667679549
1913,4.5072064,5.134445363102262,-0.6272389631022621
1914,4.5208983,5.139185484618606,-0.6182871846186062
1915,4.5341573,5.1441235463896815,-0.6099662463896811
1916,4.5469413,5.150896243646603,-0.6039549436466025
1917,4.5592093,5.1556447356144295,-0.5964354356144295
1918,4.570921,5.159301771486026,-0.5883807714860261
1919,4.582035,5.161564451261585,-0.5795294512615845
1920,4.592511,5.163313365450125,-0.5708023654501249
1921,4.602307,5.163046818853856,-0.5607398188538566
1922,4.6113825,5.162783569089392,-0.5514010690893913
1923,4.619696,5.16083608228928,-0.5411400822892798
1924,4.6272078,5.157646422832683,-0.5304386228326834
1925,4.633876,5.154695991604076,-0.5208199916040765
1926,4.6396594,5.151204029561646,-0.5115446295616461
1927,4.6445174,5.147207621821768,-0.5026902218217684
1928,4.6484094,5.14270554212107,-0.49429614212106987
1929,4.6512938,5.1375210654277295,-0.4862272654277291
1930,4.6531296,5.131526833496576,-0.47839723349657604
1931,4.6537004,5.125009133930935,-0.4713087339309352
1932,4.6453605,5.118198430605918,-0.47283793060591783
1933,4.6228037,5.110516466055279,-0.4877127660552789
1934,4.593908,5.1017379888751675,-0.5078299888751676
1935,4.558604,5.092407602434336,-0.533803602434336
1936,4.5217566,5.0828205940927225,-0.5610639940927227
1937,4.482299,5.073899152678893,-0.5916001526788923
1938,4.439513,5.065449317262864,-0.6259363172628643
1939,4.393481,5.056798441987304,-0.6633174419873038
1940,4.355556,5.047980274094731,-0.6924242740947308
1941,4.355983,5.039396442165609,-0.6834134421656088
1942,4.356965,5.031669408313628,-0.6747044083136284
1943,4.3584857,5.0239737210688595,-0.6654880210688594
1944,4.360526,5.01596772821269,-0.6554417282126899
1945,4.3630695,5.008485302092209,-0.6454158020922094
1946,4.3660984,5.002389856286563,-0.6362914562865631
1947,4.3695946,4.996306346146945,-0.6267117461469445
1948,4.373541,4.989792277580158,-0.6162512775801581
1949,4.37792,4.983205023339074,-0.6052850233390741
1950,4.3827143,4.977302090012759,-0.594587790012759
1951,4.3879056,4.971735091000961,-0.5838294910009614
1952,4.3934774,4.966763846904515,-0.5732864469045147
1953,4.3994117,4.962037652015849,-0.562625952015849
1954,4.4056907,4.957736239706812,-0.5520455397068122
1955,4.4122972,4.953847530471068,-0.5415503304710674
1956,4.4192133,4.950523730349979,-0.5313104303499792
1957,4.426422,4.947861690154162,-0.5214396901541622
1958,4.433905,4.945150609218949,-0.5112456092189488
1959,4.441646,4.942450641856529,-0.5008046418565284
1960,4.449626,4.940228977989488,-0.4906029779894876
1961,4.4578285,4.938384889505336,-0.4805563895053364
1962,4.466235,4.93784200560006,-0.47160700560005964
1963,4.4748297,4.938633641070712,-0.46380394107071243
1964,4.483593,4.940679879947042,-0.4570868799470418
1965,4.492509,4.942175539451284,-0.4496665394512842
1966,4.501559,4.942023663098702,-0.4404646630987017
1967,4.5107255,4.942264494958891,-0.43153899495889103
1968,4.519992,4.943125051664639,-0.42313305166463877
1969,4.5293403,4.944330711530803,-0.41499041153080274
1970,4.5387526,4.9448796602047285,-0.4061270602047289
1971,4.548212,4.9458725805028605,-0.39766058050286013
1972,4.5577006,4.948620910834567,-0.39092031083456646
1973,4.5672007,4.950544876680157,-0.38334417668015686
1974,4.5766954,4.950324336948444,-0.37362893694844423
1975,4.586166,4.950303129545348,-0.36413712954534727
1976,4.5955963,4.951288531408839,-0.3556922314088382
1977,4.6049676,4.953583223022784,-0.34861562302278415
1978,4.6142635,4.955527267445705,-0.34126376744570486
1979,4.6234655,4.956878840618408,-0.3334133406184083
1980,4.6325564,4.95951936789341,-0.32696296789340984
1981,4.6415186,4.962495820098728,-0.32097722009872776
1982,4.650335,4.9656100340113785,-0.31527503401137835
1983,4.6589875,4.968616845521938,-0.30962934552193744
1984,4.6674585,4.971940310838914,-0.30448181083891335
1985,4.675731,4.97505324852146,-0.2993222485214604
1986,4.6837873,4.9781720843448305,-0.29438478434483084
1987,4.69161,4.9799160351396505,-0.2883060351396507
1988,4.6991806,4.982224346544345,-0.2830437465443447
1989,4.706483,4.985257226519092,-0.2787742265190918
1990,4.7134986,4.986276208905382,-0.2727776089053817
1991,4.72021,4.985578927628672,-0.26536892762867215
1992,4.7266,4.98437827479349,-0.25777827479348936
1993,4.732651,4.984126686415325,-0.2514756864153256
1994,4.7383456,4.983227773969323,-0.244882173969323
1995,4.7436657,4.9817022286600325,-0.23803652866003233
1996,4.7485943,4.97924582295001,-0.23065152295001035
1997,4.7531137,4.97631117220039,-0.22319747220038977
1998,4.7572064,4.974131131518637,-0.21692473151863645
1999,4.7608547,4.9715578499602655,-0.21070314996026518
2000,4.764041,4.967799734776665,-0.20375873477666495
2001,4.766748,4.963719225301284,-0.19697122530128386
2002,4.768958,4.95990632551037,-0.19094832551037033
2003,4.7706537,4.957627314353439,-0.1869736143534384
2004,4.7718177,4.9541769398421645,-0.18235923984216473
2005,4.772432,4.949396119043842,-0.17696411904384135
2006,4.768537,4.945420839924786,-0.17688383992478585
2007,4.740628,4.9404107574031,-0.19978275740310014
2008,4.6905475,4.9349495232388305,-0.24440202323883042
2009,4.626353,4.929804642351237,-0.303451642351237
2010,4.554013,4.924599645023325,-0.37058664502332483
2011,4.481549,4.918463268548459,-0.43691426854845883
2012,4.408673,4.9119962280445195,-0.5033232280445192
2013,4.3297305,4.905877110562827,-0.5761466105628266
2014,4.261188,4.899230016635519,-0.6380420166355192
2015,4.190301,4.891457082689117,-0.701156082689117
2016,4.126405,4.882773340289189,-0.756368340289189
2017,4.0736685,4.873362091722833,-0.7996935917228329
2018,4.028304,4.864635703107312,-0.8363317031073114
2019,3.99029,4.856913705311872,-0.8666237053118717
2020,3.958035,4.8492600684173,-0.8912250684173002
2021,3.928602,4.84142013018525,-0.9128181301852503
2022,3.8999438,4.834112419796849,-0.9341686197968491
2023,3.8729846,4.828584513565803,-0.9555999135658033
2024,3.8527515,4.824550275001338,-0.9717987750013375
2025,3.8478916,4.820145556735283,-0.9722539567352828
2026,3.8528125,4.816310885779914,-0.9634983857799138
2027,3.8642251,4.814075939517028,-0.9498508395170275
2028,3.8811405,4.813149057124897,-0.932008557124897
2029,3.8978,4.811974051291921,-0.914174051291921
2030,3.9156811,4.81091041600617,-0.8952293160061697
2031,3.9366238,4.811288177969498,-0.874664377969498
2032,3.9563675,4.811685055713376,-0.8553175557133761
2033,3.975441,4.812762044308797,-0.8373210443087968
2034,3.9993722,4.813713072807952,-0.8143408728079518
2035,4.027868,4.814434712753991,-0.7865667127539915
2036,4.0569143,4.816139154352213,-0.7592248543522135
2037,4.0882034,4.818227230371018,-0.7300238303710174
2038,4.117945,4.8207097561767185,-0.7027647561767187
2039,4.14864,4.823882014392386,-0.6752420143923858
2040,4.1759205,4.828028815681113,-0.6521083156811125
2041,4.2015257,4.833456438382263,-0.6319307383822625
2042,4.225542,4.840232737918482,-0.6146907379184823
2043,4.2480593,4.847601203824729,-0.5995419038247283
2044,4.269163,4.854327446418562,-0.5851644464185624
2045,4.288943,4.860415408354934,-0.5714724083549338
2046,4.3074846,4.86641815445846,-0.5589335544584593
2047,4.324877,4.871962128693012,-0.5470851286930118
2048,4.341207,4.878420138033794,-0.5372131380337946
2049,4.3565626,4.885277970102437,-0.5287153701024367
2050,4.371032,4.890526143179598,-0.5194941431795987
2051,4.384702,4.906279543699123,-0.5215775436991228
2052,4.397661,4.922144566384682,-0.5244835663846814
2053,4.409996,4.92560112959669,-0.5156051295966906
2054,4.421795,4.927102644162762,-0.5053076441627615
2055,4.4331455,4.92748154477195,-0.49433604477195026
2056,4.444135,4.927653641192057,-0.4835186411920569
2057,4.454852,4.928386271243045,-0.4735342712430448
2058,4.4653835,4.931065230309976,-0.46568173030997606
2059,4.4758167,4.933123357464517,-0.4573066574645166
2060,4.486238,4.933278354677001,-0.447040354677001
2061,4.496739,4.940478185597266,-0.44373918559726633
2062,4.507405,4.955465191809995,-0.44806019180999446
2063,4.5183234,4.963553488270014,-0.445230088270014
2064,4.529583,4.963983654296461,-0.4344006542964616
2065,4.5412703,4.963917946637406,-0.4226476466374063
2066,4.553473,4.963260011287463,-0.4097870112874631
2067,4.56628,4.961840967535672,-0.3955609675356717
2068,4.5797772,4.959828746776483,-0.38005154677648356
2069,4.5940537,4.958458616985988,-0.364404916985988
2070,4.609196,4.956634060127372,-0.3474380601273719
2071,4.6252933,4.953957320772963,-0.32866402077296275
2072,4.6424313,4.94992050882318,-0.30748920882317954
2073,4.6606994,4.9459303012378975,-0.28523090123789707
2074,4.680184,4.942026944522519,-0.26184294452251944
2075,4.7009735,4.938170213047056,-0.23719671304705603
2076,4.719835,4.934563602501505,-0.2147286025015056
2077,4.7072787,4.930729173909539,-0.22345047390953887
2078,4.6740427,4.927422115390552,-0.253379415390552
2079,4.6302676,4.925413817452271,-0.2951462174522712
2080,4.572816,4.923192986384514,-0.3503769863845134
2081,4.5178485,4.920103293212938,-0.4022547932129372
2082,4.465772,4.9169205255199255,-0.45114852551992524
2083,4.4195547,4.91445169609062,-0.49489699609062043
2084,4.3836355,4.911979297213157,-0.5283437972131573
2085,4.3577075,4.908588816126533,-0.5508813161265333
2086,4.336769,4.905190556433154,-0.5684215564331536
2087,4.3107276,4.902676044095302,-0.5919484440953022
2088,4.299482,4.901306397423535,-0.6018243974235347
2089,4.295261,4.899124282451963,-0.6038632824519627
2090,4.2962146,4.896454795347068,-0.6002401953470677
2091,4.2983603,4.894101979889783,-0.595741679889783
2092,4.3021774,4.891430633779699,-0.589253233779699
2093,4.3054395,4.889170915171541,-0.5837314151715409
2094,4.3107123,4.887239656404188,-0.5765273564041884
2095,4.3157706,4.885493733859627,-0.5697231338596271
2096,4.3230853,4.8840179207184855,-0.5609326207184857
2097,4.332696,4.882889350460465,-0.5501933504604644
2098,4.346101,4.882125644404059,-0.5360246444040593
2099,4.356341,4.881835250727683,-0.5254942507276832
2100,4.365003,4.882283226787318,-0.5172802267873182
2101,4.36271,4.883540350651706,-0.520830350651706
2102,4.354432,4.8842272508271956,-0.5297952508271955
2103,4.3381796,4.886374451114501,-0.5481948511145012
2104,4.311383,4.889907356752291,-0.5785243567522906
2105,4.2779355,4.892928165639851,-0.6149926656398508
2106,4.248262,4.895229467382143,-0.6469674673821428
2107,4.248114,4.897702054572482,-0.6495880545724821
2108,4.2502136,4.901411623052249,-0.6511980230522489
2109,4.2535057,4.905316808941903,-0.651811108941903
2110,4.2579393,4.90813163311655,-0.65019233311655
2111,4.263463,4.91002328832218,-0.6465602883221804
2112,4.2700257,4.912040102354297,-0.6420144023542971
2113,4.277575,4.915117808882587,-0.6375428088825874
2114,4.286061,4.9178643072421355,-0.6318033072421354
2115,4.29543,4.91924308159953,-0.62381308159953
2116,4.3056335,4.920550952219797,-0.6149174522197969
2117,4.316618,4.92400366199294,-0.6073856619929403
2118,4.328333,4.92978719114935,-0.6014541911493501
2119,4.340727,4.934609124774987,-0.5938821247749866
2120,4.353748,4.936856849400464,-0.5831088494004639
2121,4.3673453,4.940036117005161,-0.572690817005161
2122,4.3814673,4.943490726849005,-0.562023426849005
2123,4.3960624,4.947014282614371,-0.5509518826143713
2124,4.4110794,4.9508749352227595,-0.5397955352227592
2125,4.426467,4.957985391126278,-0.5315183911262782
2126,4.4421735,4.965627908367052,-0.5234544083670523
2127,4.458148,4.970688282955147,-0.5125402829551469
2128,4.4743385,4.9764675533634986,-0.5021290533634986
2129,4.4906945,4.982546113953876,-0.4918516139538758
2130,4.5071635,4.98817448239055,-0.48101098239054974
2131,4.5236945,4.99398859465621,-0.47029409465620997
2132,4.5402365,4.999110328915556,-0.4588738289155563
2133,4.556738,5.0048918101558355,-0.44815381015583533
2134,4.573147,5.011656136026303,-0.4385091360263038
2135,4.589412,5.017694401680103,-0.4282824016801028
2136,4.605483,5.022503642875208,-0.41702064287520724
2137,4.6213074,5.026896261348059,-0.4055888613480585
2138,4.6368346,5.031894289793255,-0.39505968979325434
2139,4.652012,5.036408052904839,-0.38439605290483936
2140,4.6667895,5.039572932582795,-0.37278343258279456
2141,4.6811147,5.041768269524023,-0.3606535695240227
2142,4.6949368,5.0438459095672545,-0.34890910956725474
2143,4.7082043,5.046295644884127,-0.33809134488412695
2144,4.7208657,5.048223651888523,-0.3273579518885228
2145,4.7328696,5.048540420268219,-0.31567082026821947
2146,4.744165,5.048573415319505,-0.30440841531950547
2147,4.7546997,5.048794187601222,-0.2940944876012219
2148,4.764423,5.048625628710917,-0.2842026287109167
2149,4.7732835,5.04784587159623,-0.27456237159623065
2150,4.781229,5.047029734209084,-0.26580073420908423
2151,4.788209,5.045792953544682,-0.2575839535446818
2152,4.794172,5.043770184623166,-0.2495981846231663
2153,4.7990656,5.0417030909664815,-0.2426374909664819
2154,4.8028398,5.039290166960868,-0.23645036696086752
2155,4.8054423,5.03673967914952,-0.23129737914951942
2156,4.8068223,5.034060159710563,-0.22723785971056287
2157,4.8008947,5.0312400234686745,-0.23034532346867476
2158,4.776307,5.028204396277808,-0.2518973962778075
2159,4.7381525,5.025424134694141,-0.2872716346941413
2160,4.6979194,5.022935399195745,-0.3250159991957453
2161,4.6680374,5.020311692711256,-0.35227429271125565
2162,4.619305,5.017675789810605,-0.39837078981060525
2163,4.5664697,5.015383877938735,-0.4489141779387351
2164,4.5138803,5.0141438301522046,-0.5002635301522043
2165,4.4675837,5.013275198262653,-0.5456914982626531
2166,4.4297757,5.011469839454613,-0.5816941394546129
2167,4.3989553,5.0099427684651126,-0.6109874684651126
2168,4.3709784,5.009656960229352,-0.6386785602293514
2169,4.347245,5.01013217051437,-0.6628871705143702
2170,4.3280606,5.00933857709628,-0.68127797709628
2171,4.3255816,5.007297070650999,-0.6817154706509996
2172,4.325908,5.006493212843852,-0.6805852128438517
2173,4.3264756,5.005701683245175,-0.6792260832451751
2174,4.32728,5.005401135024464,-0.6781211350244636
2175,4.328318,5.005148340289096,-0.6768303402890954
2176,4.329586,5.005155044169072,-0.6755690441690723
2177,4.3310804,5.005614047222435,-0.674533647222435
2178,4.3327975,5.0063462905495495,-0.6735487905495496
2179,4.334734,5.007107836148477,-0.672373836148477
2180,4.3368855,5.008020097828734,-0.6711345978287335
2181,4.3392496,5.009302554548984,-0.6700529545489848
2182,4.3418217,5.011216588054825,-0.6693948880548257
2183,4.3445983,5.013551139428249,-0.6689528394282487
2184,4.347576,5.015751276260176,-0.6681752762601763
2185,4.3507514,5.018517441107284,-0.6677660411072841
2186,4.3541207,5.021845815505831,-0.6677251155058306
2187,4.3576803,5.025924819823637,-0.6682445198236371
2188,4.361427,5.029008662541639,-0.6675816625416386
2189,4.365356,5.034576644250604,-0.6692206442506041
2190,4.369465,5.041662584718743,-0.6721975847187434
2191,4.3737497,5.045566522207435,-0.6718168222074343
2192,4.378207,5.0480763115539276,-0.6698693115539278
2193,4.3828325,5.050461126454936,-0.6676286264549356
2194,4.3876233,5.053645672014038,-0.6660223720140381
2195,4.3925757,5.05639321891668,-0.6638175189166802
2196,4.397686,5.0579205624512875,-0.6602345624512873
2197,4.4029503,5.0591671434402885,-0.6562168434402889
2198,4.4083652,5.060399533605687,-0.6520343336056866
2199,4.413927,5.064644955640894,-0.6507179556408937
2200,4.4196324,5.06828651275911,-0.6486541127591101
2201,4.4254775,5.068360606726721,-0.6428831067267202
2202,4.4314594,5.068673271815422,-0.6372138718154226
2203,4.4375734,5.068572717198801,-0.6309993171988015
2204,4.443816,5.06881209448068,-0.6249960944806796
2205,4.4501843,5.068789087825494,-0.6186047878254941
2206,4.4566746,5.068681091406311,-0.6120064914063104
2207,4.463283,5.0684811790969695,-0.6051981790969698
2208,4.470006,5.067943908617668,-0.5979379086176682
2209,4.4768395,5.066963717918499,-0.5901242179184996
2210,4.483781,5.065937039789716,-0.5821560397897168
2211,4.4908257,5.0649439418518,-0.5741182418517994
2212,4.497971,5.06367454149132,-0.5657035414913203
2213,4.505213,5.061486437194799,-0.5562734371947986
2214,4.5125475,5.060601192204042,-0.548053692204042
2215,4.519971,5.060410679210629,-0.5404396792106292
2216,4.5274806,5.058359783642357,-0.530879183642357
2217,4.5350723,5.055415111559031,-0.520342811559031
2218,4.5427427,5.052380265519886,-0.5096375655198866
2219,4.5504875,5.0513878939661065,-0.5009003939661065
2220,4.558304,5.050930134091825,-0.4926261340918252
2221,4.566188,5.049221191851348,-0.48303319185134796
2222,4.5741363,5.047276452916012,-0.4731401529160122
2223,4.5821447,5.045909474654459,-0.4637647746544591
2224,4.59021,5.046365510806149,-0.45615551080614924
2225,4.5983286,5.047010174687922,-0.4486815746879218
2226,4.6064973,5.046605497291302,-0.4401081972913019
2227,4.6147113,5.04653406200383,-0.4318227620038302
2228,4.622968,5.0473078349303595,-0.4243398349303593
2229,4.6312637,5.0486796272885295,-0.4174159272885296
2230,4.639595,5.049765621495243,-0.41017062149524275
2231,4.6476965,5.05040518174453,-0.4027086817445298
2232,4.6375723,5.05207942054815,-0.41450712054814964
2233,4.6168485,5.053472426843407,-0.43662392684340734
2234,4.5932136,5.054091080959502,-0.46087748095950154
2235,4.5674124,5.054687506393531,-0.4872751063935308
2236,4.546936,5.055778829082489,-0.5088428290824893
2237,4.5337677,5.0573311059041375,-0.5235634059041372
2238,4.532437,5.058909064219183,-0.5264720642191829
2239,4.527953,5.060062504298718,-0.5321095042987176
2240,4.532243,5.061697512820499,-0.5294545128204984
2241,4.5448084,5.063193165066261,-0.5183847650662612
2242,4.560818,5.0651042100063846,-0.5042862100063843
2243,4.5800204,5.066604571740805,-0.48658417174080437
2244,4.59912,5.071134080945908,-0.47201408094590747
2245,4.6195383,5.077955256097961,-0.4584169560979605
2246,4.643192,5.082264025254802,-0.43907202525480216
2247,4.663825,5.08476856321599,-0.4209435632159897
2248,4.6857224,5.086639910894181,-0.40091751089418093
2249,4.7059884,5.088982834977934,-0.38299443497793373
2250,4.7251554,5.091003071774675,-0.3658476717746746
2251,4.742742,5.092375234186607,-0.34963323418660686
2252,4.7576776,5.093745573857718,-0.3360679738577179
2253,4.7666254,5.09531942398677,-0.3286940239867704
2254,4.764074,5.097198391031943,-0.33312439103194347
2255,4.7502723,5.098629845414683,-0.3483575454146832
2256,4.726639,5.099523847739976,-0.372884847739976
2257,4.7008276,5.100914114071861,-0.4000865140718606
2258,4.6723022,5.102132186233578,-0.42982998623357815
2259,4.6432495,5.103527200051205,-0.46027770005120505
2260,4.614246,5.104375579762264,-0.49012957976226446
2261,4.604927,5.10460524963444,-0.49967824963443963
2262,4.6052265,5.105143699034865,-0.499917199034865
2263,4.605778,5.1055279376818925,-0.4997499376818926
2264,4.606578,5.105909467812916,-0.49933146781291615
2265,4.6076217,5.106210685044087,-0.498588985044087
2266,4.608905,5.1065665403258995,-0.4976615403258995
2267,4.610423,5.107020916377714,-0.49659791637771367
2268,4.612172,5.107595863716482,-0.49542386371648206
2269,4.6141477,5.108107332033897,-0.4939596320338966
2270,4.616346,5.1089795483920195,-0.49263354839201945
2271,4.6187625,5.110235314655305,-0.4914728146553049
2272,4.6213923,5.111088642310864,-0.48969634231086356
2273,4.624232,5.111496982243818,-0.48726498224381753
2274,4.627277,5.1122009955816035,-0.48492399558160315
2275,4.6305227,5.113405939216626,-0.48288323921662535
2276,4.6339655,5.117539827678904,-0.4835743276789035
2277,4.637601,5.120708674783019,-0.4831076747830192
2278,4.641424,5.122015294460076,-0.4805912944600763
2279,4.6454315,5.1231692467598915,-0.47773774675989156
2280,4.649618,5.124654478808287,-0.4750364788082866
2281,4.6539803,5.125432882670104,-0.47145258267010437
2282,4.658514,5.12627460185197,-0.4677606018519693
2283,4.663214,5.127597332799569,-0.464383332799569
2284,4.668077,5.132708436687834,-0.46463143668783413
2285,4.673098,5.136956075979066,-0.4638580759790658
2286,4.678273,5.1364303487154235,-0.4581573487154236
2287,4.683598,5.13602678039759,-0.4524287803975904
2288,4.6890683,5.135586218658287,-0.44651791865828727
2289,4.6946797,5.135720356113255,-0.4410406561132554
2290,4.700428,5.135946896919093,-0.43551889691909373
2291,4.7063093,5.1359493210112355,-0.42964002101123544
2292,4.7123184,5.136088196006572,-0.42376979600657183
2293,4.718452,5.136430427810334,-0.41797842781033356
2294,4.724705,5.1367869094012795,-0.4120819094012793
2295,4.7310743,5.137469570375031,-0.40639527037503065
2296,4.7375546,5.138976757929106,-0.4014221579291055
2297,4.7441416,5.140539931161816,-0.3963983311618158
2298,4.7508316,5.141187464898637,-0.3903558648986376
2299,4.75762,5.141197766222559,-0.383577766222559
2300,4.7645025,5.140841156311253,-0.37633865631125296
2301,4.771475,5.140075992588228,-0.3686009925882283
2302,4.778533,5.13926935680465,-0.36073635680465
2303,4.7856727,5.138144678653123,-0.3524719786531225
2304,4.792889,5.137030684819521,-0.34414168481952156
2305,4.800223,5.135928434864669,-0.3357054348646695
2306,4.805021,5.1345297238156125,-0.32950872381561247
2307,4.810424,5.1326501734047145,-0.32222617340471427
2308,4.807494,5.130710860279525,-0.32321686027952445
2309,4.807445,5.129407476569786,-0.3219624765697855
2310,4.8022485,5.128013195514573,-0.32576469551457254
2311,4.796146,5.125477918430987,-0.3293319184309871
2312,4.783615,5.12295141041447,-0.3393364104144698
2313,4.7645917,5.121016912517432,-0.35642521251743187
2314,4.7425027,5.118901786211371,-0.37639908621137064
2315,4.7161613,5.116255549586574,-0.4000942495865747
2316,4.688484,5.1133667707242365,-0.42488277072423664
2317,4.66528,5.110587118399612,-0.44530711839961157
2318,4.643307,5.108016919159959,-0.46470991915995885
2319,4.620541,5.1054823853809115,-0.48494138538091125
2320,4.5957675,5.102520727327543,-0.5067532273275432
2321,4.569618,5.099323704462514,-0.529705704462514
2322,4.54403,5.0961752142303425,-0.5521452142303422
2323,4.5249906,5.092856760508656,-0.5678661605086566
2324,4.5128045,5.0893464425343105,-0.5765419425343108
2325,4.504519,5.086141719978078,-0.5816227199780775
2326,4.505248,5.08307906477208,-0.5778310647720799
2327,4.508498,5.079755656380788,-0.5712576563807881
2328,4.517213,5.0760883320258845,-0.5588753320258846
2329,4.5322537,5.072483962205883,-0.540230262205883
2330,4.5470743,5.069812710322588,-0.5227384103225878
2331,4.5652084,5.067153646170233,-0.5019452461702327
2332,4.5806885,5.064287046571356,-0.4835985465713559
2333,4.5949335,5.0610466183932665,-0.46611311839326675
2334,4.6054535,5.0576622128554565,-0.45220871285545616
2335,4.613606,5.055342130443001,-0.441736130443001
2336,4.6204376,5.053424363914681,-0.4329867639146814
2337,4.624309,5.05085881686727,-0.42654981686726945
2338,4.629314,5.048622914285984,-0.4193089142859838
2339,4.639571,5.047267859470427,-0.4076968594704269
2340,4.6391745,5.046926437949341,-0.4077519379493406
2341,4.6412125,5.046754148954618,-0.4055416489546184
2342,4.6426187,5.046736904296884,-0.40411820429688383
2343,4.643579,5.04775618049221,-0.4041771804922103
2344,4.645155,5.049608634592594,-0.40445363459259376
2345,4.6473355,5.052363218613901,-0.4050277186139013
2346,4.6500554,5.056397024816838,-0.40634162481683767
2347,4.6532474,5.060987926585454,-0.4077405265854539
2348,4.6568465,5.06638173421439,-0.4095352342143901
2349,4.660788,5.072344507529702,-0.41155650752970185
2350,4.6650033,5.079359259173797,-0.41435595917379686
2351,4.6694293,5.087414394462462,-0.4179850944624617
2352,4.6739974,5.096347453399927,-0.42235005339992693
2353,4.6786427,5.105918316026555,-0.42727561602655495
2354,4.683301,5.116129136757888,-0.43282813675788745
2355,4.6879034,5.127467464730069,-0.43956406473006915
2356,4.6923866,5.14005323576447,-0.4476666357644703
2357,4.6968446,5.153189129565284,-0.4563445295652837
2358,4.701077,5.166598798172978,-0.46552179817297823
2359,4.704791,5.180604284348979,-0.4758132843489786
2360,4.7080216,5.19543682728754,-0.4874152272875394
2361,4.7108035,5.210735285826203,-0.49993178582620335
2362,4.713172,5.22577959403278,-0.5126075940327794
2363,4.715162,5.241177039561679,-0.5260150395616785
2364,4.7168083,5.257119639808543,-0.5403113398085431
2365,4.718146,5.273194932223685,-0.5550489322236851
2366,4.71921,5.289002883159997,-0.5697928831599963
2367,4.720036,5.304564209506434,-0.5845282095064332
2368,4.7206583,5.320292082880156,-0.5996337828801561
2369,4.7211123,5.335622773478943,-0.6145104734789433
2370,4.7214327,5.3504297637963765,-0.6289970637963762
2371,4.721655,5.3642597303280315,-0.6426047303280313
2372,4.7218194,5.377167608263163,-0.6553482082631632
2373,4.721949,5.389315912584,-0.6673669125839998
2374,4.722087,5.400430591902307,-0.6783435919023066
2375,4.7222676,5.410490610984061,-0.6882230109840606
2376,4.7225266,5.419371117846873,-0.6968445178468725
2377,4.722899,5.431495836142553,-0.7085968361425534
2378,4.723419,5.442165805096228,-0.7187468050962282
2379,4.7241225,5.447447758485023,-0.7233252584850227
2380,4.725044,5.451240170475749,-0.7261961704757498
2381,4.7262187,5.45392817964959,-0.7277094796495893
2382,4.7276816,5.4566426520175995,-0.7289610520175991
2383,4.7294674,5.460161660263886,-0.7306942602638857
2384,4.731515,5.466915586415797,-0.7354005864157971
2385,4.734035,5.47400057979307,-0.7399655797930693
2386,4.7369823,5.480796224378419,-0.7438139243784185
2387,4.7403913,5.4845819919990975,-0.7441906919990977
2388,4.7442966,5.468990132111056,-0.7246935321110559
2389,4.74882,5.45289930446953,-0.7040793044695297
2390,4.7546225,5.436399365523689,-0.6817768655236893
2391,4.761359,5.419582472403066,-0.6582234724030664
2392,4.768838,5.402541284467195,-0.6337032844671953
2393,4.7768717,5.3853672398020445,-0.6084955398020444
2394,4.7852664,5.368148955040102,-0.5828825550401016
2395,4.7938356,5.350970791137695,-0.5571351911376947
2396,4.8023863,5.333911619752911,-0.5315253197529106
2397,4.8107295,5.317043815033173,-0.5063143150331735
2398,4.8186765,5.300432485180977,-0.4817559851809774
2399,4.8260345,5.284134947774968,-0.45810044777496817
2400,4.8326163,5.268200442521144,-0.43558414252114463
2401,4.838229,5.252670065807417,-0.41444106580741646
2402,4.8426847,5.237576903959621,-0.3948922039596203
2403,4.845792,5.222946336310459,-0.3771543363104586
2404,4.847361,5.208796475357951,-0.3614354753579505
2405,4.840223,5.195138710596365,-0.35491571059636495
2406,4.814876,5.1819783254857255,-0.3671023254857255
2407,4.788597,5.169315162049754,-0.38071816204975395
2408,4.760075,5.157144312554074,-0.3970693125540743
2409,4.7326617,5.145456821076291,-0.41279512107629035
2410,4.7085376,5.134240379479792,-0.42570277947979207
2411,4.6876307,5.123480003812457,-0.4358493038124571
2412,4.6701846,5.1131586793647585,-0.44297407936475874
2413,4.6564765,5.103257964927792,-0.4467814649277919
2414,4.6447515,5.093758548735629,-0.4490070487356288
2415,4.6352835,5.084640750417908,-0.44935725041790775
2416,4.630092,5.075884965286691,-0.44579296528669055
2417,4.627416,5.067472049304721,-0.44005604930472053
2418,4.6266403,5.059383644786714,-0.43274334478671417
2419,4.6234765,5.0516024479127335,-0.42812594791273373
2420,4.615249,5.044112419270086,-0.428863419270086
2421,4.6150675,5.036898937944596,-0.4218314379445953
2422,4.616114,5.029948898843534,-0.4138348988435343
2423,4.6177835,5.023250752544772,-0.40546725254477245
2424,4.6200457,5.016794486230398,-0.3967487862303978
2425,4.6228704,5.0105715426207995,-0.38770114262079947
2426,4.6262274,5.004574672894937,-0.37834727289493664
2427,4.630086,4.998797721480531,-0.36871172148053066
2428,4.634416,5.015454989070921,-0.3810389890709214
2429,4.639188,5.030889041164969,-0.3917010411649695
2430,4.6443706,5.036136037828623,-0.3917654378286226
2431,4.6499343,5.0385754573171875,-0.3886411573171875
2432,4.6558485,5.040230419650109,-0.3843819196501084
2433,4.662083,5.039609675581681,-0.37752667558168085
2434,4.6686077,5.037928965035135,-0.3693212650351354
2435,4.6753917,5.037078394397712,-0.3616866943977124
2436,4.6824055,5.036564695475556,-0.35415919547555585
2437,4.6896186,5.035875433410037,-0.34625683341003644
2438,4.6970005,5.034801352478983,-0.33780085247898306
2439,4.704521,5.032424823529168,-0.32790382352916847
2440,4.7121506,5.030105709276816,-0.3179551092768156
2441,4.7198577,5.028053976482941,-0.30819627648294023
2442,4.727613,5.024754199521501,-0.2971411995215014
2443,4.735386,5.023766266637266,-0.2883802666372661
2444,4.7431464,5.022472646431914,-0.27932624643191417
2445,4.7508636,5.018148991622089,-0.26728539162208964
2446,4.7585077,5.014073998488428,-0.2555662984884277
2447,4.766049,5.009269837512115,-0.24322083751211565
2448,4.7734556,5.004007079350805,-0.23055147935080456
2449,4.780699,4.99865150703537,-0.2179525070353696
2450,4.787748,4.993755934285107,-0.20600793428510755
2451,4.7945724,4.989080899548146,-0.19450849954814586
2452,4.8011417,4.983769380423096,-0.18262768042309663
2453,4.807426,4.978520108269922,-0.171094108269922
2454,4.8133945,4.973830315389085,-0.1604358153890848
2455,4.8190184,4.969692733685359,-0.15067433368535887
2456,4.824266,4.964944535633523,-0.14067853563352362
2457,4.8291078,4.959489445505972,-0.1303816455059721
2458,4.8335133,4.954949049970898,-0.12143574997089779
2459,4.837452,4.950336779496508,-0.11288477949650844
2460,4.840894,4.945866457843159,-0.104972457843159
2461,4.843809,4.941553157383218,-0.09774415738321807
2462,4.846167,4.937127653012107,-0.09096065301210654
2463,4.847937,4.932260328736892,-0.0843233287368923
2464,4.8490896,4.927268094556661,-0.07817849455666082
2465,4.8495936,4.922525788199621,-0.072932188199621
2466,4.7841787,4.91818673939007,-0.13400803939006956
2467,4.6842575,4.913789706816848,-0.22953220681684794
2468,4.588623,4.9092782281463965,-0.32065522814639635
2469,4.498498,4.904163431703267,-0.40566543170326774
2470,4.4129996,4.899023184831145,-0.4860235848311447
2471,4.3305426,4.8944434344204115,-0.5639008344204113
2472,4.255287,4.890453104107936,-0.6351661041079364
2473,4.188943,4.886378853822111,-0.6974358538221113
2474,4.1327844,4.882548259700062,-0.749763859700062
2475,4.085384,4.880213897868947,-0.7948298978689463
2476,4.045929,4.878288070286827,-0.8323590702868273
2477,4.012498,4.875659927686488,-0.8631619276864884
2478,3.9831204,4.873263450737102,-0.8901430507371026
2479,3.9587686,4.871706217389021,-0.9129376173890211
2480,3.9324276,4.870778373919514,-0.9383507739195136
2481,3.912372,4.870458137283561,-0.9580861372835607
2482,3.9008374,4.869569468273449,-0.9687320682734488
2483,3.8900278,4.86826402302966,-0.97823622302966
2484,3.888734,4.867903180885157,-0.9791691808851568
2485,3.8865106,4.868035743184279,-0.9815251431842795
2486,3.8938174,4.868596850991512,-0.974779450991512
2487,3.9043393,4.8695777063607375,-0.9652384063607373
2488,3.924104,4.871101151621967,-0.9469971516219671
2489,3.948566,4.8727426094966555,-0.9241766094966555
2490,3.9807968,4.874525588855875,-0.8937287888558756
2491,4.0193973,4.876429467424015,-0.8570321674240153
2492,4.060402,4.8790440764957355,-0.8186420764957356
2493,4.1062784,4.882286752347907,-0.7760083523479073
2494,4.1469383,4.885998711846126,-0.7390604118461255
2495,4.1815357,4.889377304389075,-0.707841604389075
2496,4.2151337,4.894265279657738,-0.6791315796577377
2497,4.247743,4.900371695116054,-0.6526286951160545
2498,4.2793736,4.906433965473961,-0.6270603654739606
2499,4.3100367,4.911896944679162,-0.6018602446791617
2500,4.339743,4.917478940270468,-0.5777359402704674
2501,4.3685036,4.926531291263957,-0.5580276912639563
2502,4.3963284,4.936532982740005,-0.5402045827400048
2503,4.4232283,4.943328841680406,-0.5201005416804065
2504,4.4492135,4.951768772655155,-0.5025552726551554
2505,4.4742956,4.960338417799815,-0.48604281779981573
2506,4.4984846,4.96695559251277,-0.4684709925127697
2507,4.5217915,4.972447939982445,-0.45065643998244465
2508,4.544227,4.977558434842798,-0.4333314348427981
2509,4.5658016,4.983321040714582,-0.4175194407145817
2510,4.586526,4.989543235324608,-0.403017235324608
2511,4.6064105,4.9949226088723355,-0.38851210887233556
2512,4.6254663,4.999588386033215,-0.37412208603321506
2513,4.643702,5.004277616471083,-0.36057561647108294
2514,4.6611314,5.00928554519056,-0.3481541451905592
2515,4.677765,5.014097430082545,-0.3363324300825452
2516,4.693612,5.018681920568354,-0.32506992056835404
2517,4.7086835,5.023525114251558,-0.31484161425155754
2518,4.7229905,5.029107700970739,-0.30611720097073913
2519,4.7365427,5.034545933032967,-0.2980032330329667
2520,4.749352,5.03901802897347,-0.28966602897347027
2521,4.761428,5.0440602912724115,-0.2826322912724111
2522,4.7727823,5.048850286759497,-0.2760679867594966
2523,4.7834244,5.05347271633196,-0.2700483163319598
2524,4.793366,5.058082997432339,-0.26471699743233934
2525,4.802617,5.062290819389592,-0.259673819389592
2526,4.8111887,5.066894727443349,-0.2557060274433489
2527,4.819092,5.071467502937616,-0.2523755029376158
2528,4.8263364,5.075420470703568,-0.2490840707035682
2529,4.8329334,5.079297320303286,-0.2463639203032857
2530,4.8388963,5.083258998373071,-0.24436269837307112
2531,4.838077,5.087839018500017,-0.2497620185000171
2532,4.8267846,5.092436661597872,-0.2656520615978719
2533,4.8109317,5.096648270924439,-0.28571657092443914
2534,4.7910147,5.100797007526263,-0.30978230752626335
2535,4.7603683,5.105242890101467,-0.34487459010146715
2536,4.724253,5.109856102595206,-0.3856031025952058
2537,4.6810684,5.114142743827328,-0.4330743438273279
2538,4.6359057,5.118321914848087,-0.4824162148480866
2539,4.5966535,5.122977012258122,-0.5263235122581218
2540,4.562812,5.127528003064685,-0.5647160030646852
2541,4.5383124,5.13207829985814,-0.5937658998581403
2542,4.5219445,5.136294489828487,-0.6143499898284865
2543,4.512536,5.140011695208917,-0.6274756952089175
2544,4.5073676,5.143733624832265,-0.6363660248322649
2545,4.5033603,5.147576954647295,-0.6442166546472956
2546,4.498803,5.151516270666643,-0.6527132706666432
2547,4.489403,5.1555168753887886,-0.6661138753887883
2548,4.4769745,5.159430338237185,-0.6824558382371855
2549,4.461904,5.16317328605941,-0.7012692860594107
2550,4.4484015,5.166656425275902,-0.7182549252759021
2551,4.4398108,5.1702666744786,-0.7304558744785998
2552,4.4374204,5.173868644329669,-0.7364482443296696
2553,4.442945,5.176927119029633,-0.7339821190296334
2554,4.4517236,5.179386428064207,-0.727662828064207
2555,4.464347,5.181833003054843,-0.7174860030548427
2556,4.4814224,5.18467181033419,-0.7032494103341902
2557,4.498459,5.187238691986277,-0.6887796919862765
2558,4.5146475,5.18926437617196,-0.6746168761719602
2559,4.528483,5.1907287557743045,-0.6622457557743049
2560,4.5381985,5.192127361387778,-0.6539288613877776
2561,4.5468225,5.194268405921982,-0.6474459059219821
2562,4.554917,5.196161737353126,-0.6412447373531265
2563,4.5625153,5.196880044152499,-0.6343647441524984
2564,4.56965,5.197496135418773,-0.627846135418773
2565,4.5763545,5.198396930933797,-0.6220424309337975
2566,4.5826607,5.199538564307152,-0.6168778643071517
2567,4.5886016,5.199944752800072,-0.6113431528000728
2568,4.59421,5.19973948779891,-0.6055294877989095
2569,4.599519,5.19974735105048,-0.6002283510504798
2570,4.604561,5.199280149101796,-0.5947191491017954
2571,4.609369,5.198471205608813,-0.5891022056088131
2572,4.6139755,5.197282165170454,-0.5833066651704542
2573,4.618414,5.19589089782028,-0.5774768978202802
2574,4.6227164,5.194332036811959,-0.5716156368119591
2575,4.6269155,5.1926229221440545,-0.5657074221440546
2576,4.631045,5.19111502834747,-0.5600700283474698
2577,4.6351366,5.189692762031719,-0.5545561620317185
2578,4.639224,5.187873443841483,-0.5486494438414837
2579,4.643339,5.18604205095261,-0.5427030509526096
2580,4.647516,5.183681357801481,-0.5361653578014804
2581,4.6517854,5.181804721447781,-0.5300193214477815
2582,4.656182,5.180356882882774,-0.5241748828827735
2583,4.6607375,5.178317780815266,-0.5175802808152659
2584,4.6654854,5.175796160338941,-0.5103107603389416
2585,4.670458,5.173425181390584,-0.5029671813905843
2586,4.675688,5.172106499349221,-0.4964184993492209
2587,4.681208,5.170843868937224,-0.4896358689372242
2588,4.687052,5.168668903631917,-0.48161690363191667
2589,4.693251,5.166689068025777,-0.4734380680257768
2590,4.6998396,5.165434901908124,-0.4655953019081238
2591,4.706849,5.165052426787754,-0.4582034267877537
2592,4.714313,5.164484628141287,-0.4501716281412875
2593,4.7222643,5.162819758081266,-0.44055545808126606
2594,4.730735,5.1606488764288585,-0.42991387642885837
2595,4.739758,5.159050615716758,-0.419292615716758
2596,4.7493668,5.158139466563977,-0.40877266656397726
2597,4.7595935,5.156797348778224,-0.3972038487782239
2598,4.770471,5.155094154120757,-0.3846231541207574
2599,4.7820325,5.154036940164147,-0.37200444016414735
2600,4.79431,5.153106272179324,-0.3587962721793234
2601,4.8073373,5.151791345239678,-0.3444540452396776
2602,4.8211465,5.150172825387997,-0.32902632538799637
2603,4.8357706,5.148593520694136,-0.31282292069413575
2604,4.851242,5.147080951675596,-0.29583895167559593
2605,4.867594,5.145538322355634,-0.2779443223556335
2606,4.884859,5.143790363798665,-0.25893136379866544
2607,4.9025307,5.14176975286769,-0.2392390528676902
2608,4.911522,5.1397626717206615,-0.22824067172066176
2609,4.90326,5.137782815603088,-0.2345228156030874
2610,4.8779635,5.134934302916202,-0.2569708029162019
2611,4.844724,5.1327509249201295,-0.28802692492012927
2612,4.8025217,5.131272844660013,-0.3287511446600133
2613,4.7530365,5.128810824123447,-0.375774324123447
2614,4.6900125,5.124925405170652,-0.43491290517065195
2615,4.625155,5.120727624235724,-0.4955726242357237
2616,4.560841,5.116446969488121,-0.5556059694881208
2617,4.494439,5.11324032341591,-0.6188013234159104
2618,4.4422936,5.10921770706005,-0.6669241070600496
2619,4.3999023,5.105491140403251,-0.7055888404032507
2620,4.3700256,5.103311241831028,-0.7332856418310278
2621,4.3484225,5.102220914618755,-0.7537984146187551
2622,4.3352256,5.100315248883995,-0.7650896488839951
2623,4.32273,5.09728961963564,-0.7745596196356397
2624,4.315264,5.09498426765591,-0.7797202676559101
2625,4.3031125,5.092840789155647,-0.7897282891556472
2626,4.286476,5.090756774894722,-0.8042807748947212
2627,4.2688565,5.088510736992006,-0.8196542369920063
2628,4.2479334,5.086107786711386,-0.838174386711386
2629,4.226567,5.083424864255805,-0.8568578642558045
2630,4.203331,5.080651986476292,-0.8773209864762919
2631,4.180241,5.078087475060671,-0.8978464750606712
2632,4.162143,5.075463695135084,-0.9133206951350834
2633,4.1534586,5.072768494157025,-0.919309894157025
2634,4.147573,5.070348902739691,-0.9227759027396907
2635,4.1491294,5.068077252821735,-0.9189478528217352
2636,4.1546164,5.066108011777432,-0.9114916117774321
2637,4.163381,5.064332528186866,-0.9009515281868659
2638,4.174396,5.062681544095727,-0.8882855440957274
2639,4.1862845,5.061002746562776,-0.8747182465627761
2640,4.2005115,5.0588503171000045,-0.8583388171000044
2641,4.2115197,5.057635686797884,-0.8461159867978836
2642,4.223464,5.056842163062768,-0.8333781630627684
2643,4.235151,5.055074758567047,-0.8199237585670467
2644,4.237214,5.052765199210656,-0.8155511992106561
2645,4.2345667,5.050498088040742,-0.8159313880407417
2646,4.2307916,5.048823150896967,-0.8180315508969676
2647,4.224424,5.049395819272917,-0.8249718192729167
2648,4.2106447,5.049212063248213,-0.8385673632482131
2649,4.213358,5.047443417658846,-0.8340854176588453
2650,4.218606,5.04622284422812,-0.8276168442281193
2651,4.2262,5.04470591927333,-0.8185059192733295
2652,4.235951,5.045009039505074,-0.8090580395050742
2653,4.24767,5.046434868686261,-0.798764868686261
2654,4.2611685,5.047317149428977,-0.7861486494289771
2655,4.2762566,5.04791506024417,-0.7716584602441703
2656,4.2927465,5.048290015232068,-0.755543515232068
2657,4.3104486,5.04853681446344,-0.7380882144634402
2658,4.3291736,5.049216516653763,-0.720042916653763
2659,4.3487334,5.049638381436757,-0.7009049814367563
2660,4.3689384,5.049670100856265,-0.6807317008562652
2661,4.3896008,5.049920976589549,-0.6603201765895488
2662,4.41053,5.050532468181204,-0.640002468181204
2663,4.431538,5.052093723136282,-0.6205557231362819
2664,4.4524364,5.052872036406719,-0.6004356364067194
2665,4.4730353,5.052435917500409,-0.5794006175004087
2666,4.4931464,5.052350569136788,-0.5592041691367884
2667,4.51258,5.053533536691472,-0.5409535366914726
2668,4.531148,5.0551268663879085,-0.5239788663879086
2669,4.5486608,5.056034267228772,-0.5073734672287715
2670,4.56493,5.056274064849659,-0.49134406484965876
2671,4.5797663,5.056327760970203,-0.4765614609702027
2672,4.5929813,5.0570225790510355,-0.46404127905103554
2673,4.6043854,5.058077557298088,-0.45369215729808765
2674,4.61379,5.05815843182007,-0.44436843182007024
2675,4.621006,5.057654655638419,-0.43664865563841904
2676,4.625845,5.057255490990232,-0.4314104909902321
2677,4.6281176,5.057073330575138,-0.4289557305751375
2678,4.6212606,5.056461874924119,-0.4352012749241183
2679,4.6038165,5.055993009100814,-0.4521765091008145
2680,4.5783615,5.055661675530458,-0.4773001755304582
2681,4.5446343,5.054689133469759,-0.5100548334697583
2682,4.502679,5.053757821897386,-0.5510788218973861
2683,4.457223,5.053013478283064,-0.5957904782830639
2684,4.412091,5.052048681210445,-0.6399576812104444
2685,4.368854,5.050896495897758,-0.6820424958977584
2686,4.3266273,5.049553743366175,-0.7229264433661751
2687,4.2859607,5.047469761394641,-0.7615090613946407
2688,4.24646,5.044568138473154,-0.7981081384731539
2689,4.2102485,5.041274409867322,-0.8310259098673223
2690,4.1773148,5.037559445628089,-0.8602446456280886
2691,4.149815,5.033465799232895,-0.8836507992328944
2692,4.123342,5.0297972859733795,-0.9064552859733794
2693,4.103774,5.026383003818044,-0.9226090038180441
2694,4.0879006,5.022645373806376,-0.9347447738063757
2695,4.074546,5.018667365392773,-0.9441213653927729
2696,4.0661435,5.014964568570082,-0.9488210685700817
2697,4.0604477,5.012013740128329,-0.9515660401283288
2698,4.056523,5.009141059567258,-0.952618059567258
2699,4.057189,5.005588335159675,-0.9483993351596745
2700,4.0604434,5.002019658264499,-0.9415762582644991
2701,4.066404,4.998649292906747,-0.9322452929067468
2702,4.068695,4.996187818243166,-0.9274928182431657
2703,4.0722723,4.993846845002915,-0.9215745450029154
2704,4.0730615,4.990855482839948,-0.9177939828399486
2705,4.073399,4.988287010801452,-0.9148880108014517
2706,4.0728955,4.986048266606066,-0.9131527666060668
2707,4.0683036,4.985038589837069,-0.9167349898370691
2708,4.064709,4.983158635000409,-0.9184496350004094
2709,4.0578547,4.980083793350278,-0.9222290933502784
2710,4.0478845,4.977726931986902,-0.9298424319869021
2711,4.0356455,4.975717002263486,-0.9400715022634856
2712,4.021165,4.974266226434339,-0.953101226434339
2713,4.003174,4.973324820972637,-0.9701508209726377
2714,3.983526,4.9722690749622585,-0.9887430749622586
2715,3.9619086,4.971112644236068,-1.0092040442360677
2716,3.9401572,4.970245791694765,-1.0300885916947653
2717,3.9179807,4.969594463854985,-1.0516137638549852
2718,3.9022427,4.9693770796120535,-1.0671343796120536
2719,3.902935,4.969835569770495,-1.0669005697704947
2720,3.9057643,4.97055691319349,-1.06479261319349
2721,3.9102807,4.9707022997407835,-1.0604215997407835
2722,3.9164054,4.9714769275898805,-1.0550715275898805
2723,3.924059,4.97303004088299,-1.0489710408829898
2724,3.933162,4.9744010362448305,-1.0412390362448307
2725,3.9436355,4.975146534264494,-1.0315110342644935
2726,3.9554,4.976128412488234,-1.0207284124882339
2727,3.9683762,4.978481290767495,-1.010105090767495
2728,3.982485,4.981045683739053,-0.9985606837390528
2729,3.9976473,4.982776038793305,-0.9851287387933048
2730,4.013784,4.984670278345095,-0.9708862783450947
2731,4.0308146,4.986246447378157,-0.9554318473781569
2732,4.0486617,4.988341022528227,-0.9396793225282272
2733,4.067245,4.989915142035827,-0.9226701420358276
2734,4.086485,4.991072964895297,-0.9045879648952972
2735,4.1063027,4.992960408220497,-0.8866577082204969
2736,4.1266193,4.994846771343521,-0.8682274713435216
2737,4.1473556,4.996520885238817,-0.8491652852388167
2738,4.1684318,4.998690982068736,-0.8302591820687368
2739,4.1897683,5.002357897827875,-0.8125895978278752
2740,4.211287,5.006895702329246,-0.7956087023292469
2741,4.232908,5.0120023770866915,-0.7790943770866914
2742,4.254552,5.016834327100011,-0.762282327100011
2743,4.2761397,5.021075121751079,-0.7449354217510793
2744,4.297592,5.025947314210933,-0.7283553142109334
2745,4.31883,5.031032511972176,-0.7122025119721762
2746,4.339774,5.035232708472578,-0.6954587084725778
2747,4.360345,5.0397482442971375,-0.6794032442971378
2748,4.380463,5.043709288274901,-0.6632462882749008
2749,4.4000497,5.047201731613231,-0.6471520316132304
2750,4.419026,5.050631647299922,-0.6316056472999225
2751,4.4373116,5.053241960322528,-0.6159303603225279
2752,4.454828,5.056295580518917,-0.6014675805189169
2753,4.4714956,5.059747138864492,-0.5882515388644922
2754,4.4872355,5.062366629276862,-0.5751311292768619
2755,4.5019684,5.064179078675303,-0.5622106786753029
2756,4.5156145,5.065867484027688,-0.5502529840276882
2757,4.5280952,5.068424211524228,-0.5403290115242276
2758,4.5393314,5.0705222065965705,-0.5311908065965705
2759,4.549243,5.071387440366446,-0.5221444403664464
2760,4.5577517,5.072343018638307,-0.5145913186383071
2761,4.5647774,5.073893734658424,-0.5091163346584242
2762,4.570241,5.07696918998336,-0.5067281899833596
2763,4.574064,5.079529179153059,-0.5054651791530587
2764,4.5761666,5.081263070820044,-0.5050964708200443
2765,4.5713553,5.083907606898452,-0.5125523068984528
2766,4.5292945,5.086773554949295,-0.5574790549492956
2767,4.481879,5.089676364979657,-0.6077973649796569
2768,4.431951,5.0923554218230285,-0.6604044218230287
2769,4.384224,5.094826063119058,-0.7106020631190582
2770,4.338658,5.096837296508436,-0.7581792965084366
2771,4.3049307,5.098532369162116,-0.7936016691621157
2772,4.2782364,5.10050136446525,-0.8222649644652504
2773,4.2608347,5.102638054433334,-0.8418033544333339
2774,4.251369,5.104249173218866,-0.8528801732188658
2775,4.2432184,5.104868115874277,-0.8616497158742771
2776,4.2386713,5.104001475464358,-0.8653301754643579
2777,4.228559,5.103804928648101,-0.8752459286481011
2778,4.227102,5.10409621724774,-0.8769942172477396
2779,4.224254,5.1038337853535864,-0.8795797853535863
2780,4.221577,5.10357489051908,-0.88199789051908
2781,4.2186103,5.10280507902188,-0.8841947790218798
2782,4.217972,5.103344371599001,-0.8853723715990016
2783,4.2194924,5.1043174754958525,-0.8848250754958524
2784,4.223281,5.104931856871124,-0.8816508568711239
2785,4.2295327,5.10496907292714,-0.8754363729271404
2786,4.234219,5.104737421216044,-0.870518421216044
2787,4.244015,5.104925823312015,-0.8609108233120146
2788,4.25303,5.105974008176018,-0.852944008176018
2789,4.265185,5.106167813308259,-0.8409828133082593
2790,4.279773,5.106455229797795,-0.8266822297977958
2791,4.2913218,5.107466551478697,-0.8161447514786966
2792,4.292081,5.109412051610374,-0.817331051610374
2793,4.29332,5.11068206387231,-0.8173620638723103
2794,4.295389,5.110920931073468,-0.8155319310734681
2795,4.298251,5.111644485281579,-0.8133934852815798
2796,4.3018684,5.112798059440152,-0.810929659440152
2797,4.3062024,5.114467459436507,-0.8082650594365068
2798,4.311216,5.1161862133515745,-0.8049702133515746
2799,4.316871,5.117776378536343,-0.8009053785363429
2800,4.3231306,5.118850249069667,-0.7957196490696674
2801,4.329956,5.11929986968285,-0.7893438696828499
2802,4.33731,5.119398863602134,-0.7820888636021337
2803,4.345155,5.119654163118948,-0.7744991631189482
2804,4.3534527,5.120026559671789,-0.766573859671789
2805,4.3621655,5.120525974101215,-0.7583604741012149
2806,4.3712564,5.1209441479180136,-0.7496877479180135
2807,4.3806868,5.121499525143566,-0.7408127251435657
2808,4.390419,5.121944883811086,-0.7315258838110861
2809,4.400416,5.122817097069352,-0.7224010970693522
2810,4.4106393,5.123428997920834,-0.7127896979208339
2811,4.4210515,5.123801554186931,-0.7027500541869314
2812,4.431615,5.124489688322683,-0.6928746883226831
2813,4.4422917,5.125043676133235,-0.6827519761332352
2814,4.453044,5.1250936475793765,-0.6720496475793762
2815,4.4638343,5.126735366752363,-0.6629010667523625
2816,4.474625,5.129149458099955,-0.6545244580999556
2817,4.485378,5.130428956987021,-0.6450509569870215
2818,4.4960556,5.132577705462144,-0.6365221054621442
2819,4.50662,5.1342437469204585,-0.6276237469204586
2820,4.5170336,5.134873910100781,-0.6178403101007808
2821,4.527259,5.13612706777441,-0.6088680677744103
2822,4.5372577,5.137296165227861,-0.6000384652278612
2823,4.546993,5.1380579303387535,-0.5910649303387538
2824,4.556426,5.138476579831147,-0.5820505798311473
2825,4.56552,5.139299647727538,-0.5737796477275374
2826,4.5742364,5.139714937996124,-0.5654785379961238
2827,4.5825377,5.139361670894369,-0.556823970894369
2828,4.590387,5.138789627610675,-0.5484026276106748
2829,4.597745,5.138083441465782,-0.5403384414657824
2830,4.604575,5.137336634900794,-0.532761634900794
2831,4.6108394,5.136538747972985,-0.525699347972985
2832,4.6165004,5.135369733154473,-0.5188693331544734
2833,4.6215196,5.134233523161239,-0.5127139231612388
2834,4.6249695,5.133212441611206,-0.508242941611206
2835,4.6107507,5.1317905976348115,-0.5210398976348118
2836,4.587253,5.130073683088951,-0.5428206830889515
2837,4.56118,5.1283976371940785,-0.5672176371940783
2838,4.535301,5.127131798442344,-0.5918307984423441
2839,4.513822,5.125952000260725,-0.6121300002607244
2840,4.4985223,5.124231146873018,-0.6257088468730174
2841,4.4907174,5.122157292149376,-0.631439892149376
2842,4.4907217,5.12029129995247,-0.62956959995247
2843,4.4969854,5.118561982725475,-0.6215765827254751
2844,4.506921,5.116683721648099,-0.6097627216480985
2845,4.518064,5.1146923718227635,-0.5966283718227636
2846,4.52978,5.1129459957725,-0.5831659957725002
2847,4.541978,5.11137163601725,-0.5693936360172493
2848,4.5547333,5.109894164355846,-0.5551608643558463
2849,4.5695214,5.108446206085476,-0.5389248060854754
2850,4.5852246,5.107098986390631,-0.521874386390631
2851,4.5999994,5.1058796615005715,-0.5058802615005717
2852,4.6151266,5.104870042905593,-0.4897434429055929
2853,4.6285377,5.103925441351069,-0.475387741351069
2854,4.6427493,5.102931285792776,-0.4601819857927758
2855,4.6547885,5.102165215192521,-0.44737671519252054
2856,4.667098,5.101702962658453,-0.4346049626584527
2857,4.6799774,5.10126751746982,-0.4212901174698196
2858,4.693311,5.10082914027281,-0.40751814027281075
2859,4.7077875,5.100550648568279,-0.392763148568279
2860,4.7229767,5.100500562354958,-0.37752386235495816
2861,4.739322,5.100689284665331,-0.36136728466533174
2862,4.75399,5.1007088992428455,-0.3467188992428456
2863,4.7686057,5.101255392150743,-0.3326496921507429
2864,4.7806373,5.101937275685805,-0.3212999756858048
2865,4.7905374,5.102685386819423,-0.312147986819423
2866,4.7963834,5.103132311865658,-0.30674891186565834
2867,4.791639,5.103530598656852,-0.31189159865685223
2868,4.788106,5.104670320881219,-0.316564320881219
2869,4.7881236,5.105836946589462,-0.3177133465894624
2870,4.788154,5.106494126286392,-0.3183401262863921
2871,4.788196,5.107202683221851,-0.31900668322185055
2872,4.788249,5.10832008928679,-0.32007108928678996
2873,4.7883124,5.109804697501548,-0.32149229750154795
2874,4.788386,5.110894646210249,-0.3225086462102489
2875,4.7884684,5.11184441565758,-0.3233760156575798
2876,4.7885594,5.112938698578036,-0.3243792985780365
2877,4.788658,5.1139305938854065,-0.32527259388540664
2878,4.788764,5.114909916780401,-0.3261459167804013
2879,4.7888765,5.116026545929601,-0.32715004592960106
2880,4.7889943,5.117240053240922,-0.328245753240922
2881,4.7891173,5.119197888881395,-0.3300805888813949
2882,4.789245,5.12139330063308,-0.33214830063307943
2883,4.7893763,5.122556777645325,-0.33318047764532555
2884,4.7895107,5.123841337690445,-0.3343306376904449
2885,4.789647,5.12614660679071,-0.33649960679071
2886,4.789786,5.128551550258698,-0.3387655502586977
2887,4.789925,5.128810882552278,-0.3388858825522778
2888,4.790065,5.129402622910991,-0.3393376229109908
2889,4.7902045,5.13006753169594,-0.33986303169594034
2890,4.7903433,5.130530371663932,-0.3401870716639319
2891,4.79048,5.131084507561948,-0.34060450756194793
2892,4.7906146,5.13138015046194,-0.34076555046194024
2893,4.7907457,5.13178846848116,-0.34104276848115944
2894,4.790874,5.132579430062703,-0.34170543006270293
2895,4.7909975,5.133258756696469,-0.3422612566964691
2896,4.7911158,5.1337143955079005,-0.3425985955079005
2897,4.791229,5.134117722638246,-0.34288872263824555
2898,4.791335,5.135019948384582,-0.3436849483845821
2899,4.7914343,5.136103496002307,-0.3446691960023074
2900,4.791526,5.1365062780408755,-0.3449802780408753
2901,4.7916093,5.136891771979558,-0.34528247197955775
2902,4.7916837,5.1374431593219505,-0.3457594593219504
2903,4.791748,5.1382389709775165,-0.34649097097751635
2904,4.791802,5.1390818196787516,-0.3472798196787519
2905,4.791845,5.13996102538727,-0.34811602538726927
2906,4.791876,5.141319291531718,-0.3494432915317178
2907,4.791895,5.142333729060739,-0.3504387290607385
2908,4.79153,5.143383402659519,-0.35185340265951925
2909,4.797938,5.144410637137472,-0.346472637137472
2910,4.7977686,5.145368062716339,-0.3475994627163388
2911,4.798763,5.146460756384362,-0.3476977563843615
2912,4.7995934,5.147693385040198,-0.34809998504019823
2913,4.804673,5.14878860224092,-0.34411560224091975
2914,4.8101273,5.149821596893391,-0.3396942968933905
2915,4.820077,5.150808336812189,-0.3307313368121889
2916,4.82468,5.1518268018444395,-0.32714680184443967
2917,4.827021,5.152752061970939,-0.3257310619709388
2918,4.829577,5.153824379824771,-0.32424737982477136
2919,4.8295755,5.155116966797942,-0.32554146679794194
2920,4.832257,5.156023608199289,-0.32376660819928915
2921,4.8313956,5.156680520141432,-0.3252849201414323
2922,4.8330994,5.157272161661003,-0.3241727616610026
2923,4.837783,5.158274201027651,-0.32049120102765105
2924,4.8431177,5.159202509089376,-0.316084809089376
2925,4.847408,5.159594157291483,-0.31218615729148347
2926,4.8482013,5.159801784556342,-0.31160048455634204
2927,4.851972,5.1600628673637825,-0.30809086736378255
2928,4.8565574,5.160466322402503,-0.30390892240250356
2929,4.8611474,5.160782451254007,-0.2996350512540067
2930,4.864781,5.160217369168883,-0.2954363691688835
2931,4.8666525,5.1596502296210645,-0.29299772962106463
2932,4.8668866,5.1590304022684945,-0.29214380226849457
2933,4.8650765,5.158165791307369,-0.2930892913073695
2934,4.8636236,5.15679342339037,-0.2931698233903699
2935,4.8582816,5.154596672453289,-0.2963150724532895
2936,4.8519406,5.152282246408569,-0.30034164640856886
2937,4.83731,5.149694836203028,-0.3123848362030275
2938,4.811115,5.146801319179341,-0.33568631917934066
2939,4.7759748,5.1435783981552925,-0.3676035981552923
2940,4.731465,5.140147199053378,-0.408682199053378
2941,4.686278,5.136590688163035,-0.45031268816303527
2942,4.6845717,5.132811665197691,-0.4482399651976907
2943,4.6854215,5.128742897348159,-0.4433213973481589
2944,4.6867743,5.1244566927410595,-0.4376823927410598
2945,4.688604,5.120026377036267,-0.4314223770362675
2946,4.690883,5.1156787430740795,-0.4247957430740792
2947,4.693586,5.110785345621589,-0.4171993456215892
2948,4.696685,5.106285747942552,-0.40960074794255164
2949,4.700154,5.101810470981831,-0.40165647098183044
2950,4.7039657,5.098324755207182,-0.3943590552071816
2951,4.7080946,5.094538577670964,-0.3864439776709645
2952,4.7125134,5.088940136282174,-0.37642673628217427
2953,4.717195,5.084013468270177,-0.3668184682701767
2954,4.7221136,5.0791024680384,-0.3569888680383997
2955,4.727242,5.0730917511707725,-0.3458497511707721
2956,4.732554,5.067057969028504,-0.33450396902850343
2957,4.7380223,5.062195005660846,-0.3241727056608461
2958,4.7436204,5.057947323336824,-0.3143269233368242
2959,4.7493224,5.052080599716675,-0.30275819971667506
2960,4.7551003,5.045330591193987,-0.29023029119398736
2961,4.7609286,5.039658656156425,-0.27873005615642565
2962,4.7667804,5.033961975331061,-0.2671815753310609
2963,4.7726283,5.027500354976923,-0.2548720549769232
2964,4.7784467,5.020222661969221,-0.24177596196922124
2965,4.7842083,5.013113949680707,-0.2289056496807067
2966,4.7898865,5.006589726451479,-0.21670322645147966
2967,4.795455,4.999831661152397,-0.2043766611523976
2968,4.8008866,4.992832949120493,-0.19194634912049313
2969,4.8061547,4.985948351350847,-0.17979365135084713
2970,4.8112335,4.979160320013123,-0.16792682001312276
2971,4.8160954,4.972411873158034,-0.156316473158034
2972,4.820714,4.965818605679129,-0.14510460567912897
2973,4.8250623,4.960195047831819,-0.13513274783181917
2974,4.829115,4.954767712276932,-0.1256527122769322
2975,4.832844,4.949606507346,-0.11676250734600035
2976,4.8362226,4.94473299363,-0.10851039362999959
2977,4.839225,4.938740629969966,-0.09951562996996621
2978,4.841824,4.933871512572307,-0.09204751257230726
2979,4.8439937,4.929344734794585,-0.08535103479458428
2980,4.8457065,4.92353193094975,-0.07782543094974947
2981,4.8469357,4.916924349874526,-0.06998864987452524
2982,4.847656,4.910422788967216,-0.06276678896721588
2983,4.8471766,4.9044715925656455,-0.05729499256564541
2984,4.8125653,4.898762459685296,-0.08619715968529551
2985,4.743165,4.893552335773342,-0.15038733577334185
2986,4.6595755,4.887457269765692,-0.22788176976569208
2987,4.5681634,4.8816746728622205,-0.31351127286222
2988,4.4686193,4.875862783094542,-0.4072434830945415
2989,4.3678546,4.869805165678097,-0.5019505656780971
2990,4.2698975,4.863878950908722,-0.5939814509087222
2991,4.1806946,4.858130644370652,-0.6774360443706522
2992,4.1021,4.851926485416999,-0.7498264854169987
2993,4.0310855,4.84497861229631,-0.8138931122963102
2994,3.9703467,4.8378691522851645,-0.8675224522851646
2995,3.9176428,4.8308213715734825,-0.9131785715734826
2996,3.872913,4.823414896419846,-0.9505018964198464
2997,3.8310754,4.815681730738669,-0.9846063307386692
2998,3.791735,4.807296727527137,-1.0155617275271371
2999,3.7574964,4.799516594097663,-1.0420201940976632
3000,3.7262933,4.792520528999243,-1.0662272289992432
3001,3.7016895,4.785510804908151,-1.083821304908151
3002,3.6796405,4.779029677901646,-1.0993891779016463
3003,3.6597934,4.772329825052742,-1.1125364250527419
3004,3.643715,4.76674252057388,-1.12302752057388
3005,3.6353421,4.76229782609559,-1.1269557260955905
3006,3.6245215,4.75828501661291,-1.1337635166129099
3007,3.6193118,4.754148958637933,-1.134837158637933
3008,3.6167538,4.750518801939438,-1.1337650019394379
3009,3.620066,4.75008525632982,-1.13001925632982
3010,3.6306775,4.750442542785236,-1.119765042785236
3011,3.6438358,4.749793020622089,-1.1059572206220891
3012,3.6584053,4.750235363670196,-1.091830063670196
3013,3.679439,4.752460529726156,-1.0730215297261565
3014,3.7020922,4.756388549850737,-1.0542963498507367
3015,3.726356,4.7607765581024015,-1.0344205581024015
3016,3.7522273,4.76540817563872,-1.0131808756387204
3017,3.7797017,4.771691645021875,-0.9919899450218748
3018,3.808775,4.779168778096309,-0.9703937780963088
3019,3.8394437,4.78793677575187,-0.9484930757518701
3020,3.8717098,4.797711734649561,-0.9260019346495612
3021,3.905557,4.808432395937329,-0.902875395937329
3022,3.9409873,4.822544171432295,-0.8815568714322946
3023,3.9779968,4.8378633121482,-0.8598665121482001
3024,4.0165815,4.850550111456835,-0.833968611456835
3025,4.0567374,4.864176812472577,-0.8074394124725766
3026,4.1044216,4.878263486986653,-0.773841886986653
3027,4.150819,4.892352771726107,-0.7415337717261066
3028,4.194446,4.905706710440196,-0.7112607104401958
3029,4.235388,4.919698548630132,-0.6843105486301315
3030,4.273729,4.934713975604287,-0.6609849756042863
3031,4.3095527,4.950102860510419,-0.6405501605104185
3032,4.3429437,4.966527429566083,-0.6235837295660831
3033,4.3739862,4.982743085899745,-0.6087568858997452
3034,4.402765,4.999162065654158,-0.5963970656541582
3035,4.4293637,5.014687066291011,-0.5853233662910116
3036,4.4538674,5.026648685759672,-0.5727812857596719
3037,4.47636,5.037870847808039,-0.5615108478080391
3038,4.496926,5.050206727326956,-0.553280727326956
3039,4.51565,5.061435793009978,-0.5457857930099781
3040,4.532615,5.070823784920546,-0.5382087849205464
3041,4.547907,5.077962196963802,-0.5300551969638017
3042,4.5616093,5.084620208785786,-0.5230109087857864
3043,4.573807,5.091867004778146,-0.5180600047781452
3044,4.5845833,5.0987068313395465,-0.5141235313395462
3045,4.5940237,5.10293393165475,-0.5089102316547498
3046,4.602212,5.10575473488756,-0.5035427348875601
3047,4.6092324,5.1090736212387045,-0.49984122123870467
3048,4.6151695,5.1128261417062735,-0.4976566417062731
3049,4.620107,5.115291898021488,-0.49518489802148835
3050,4.6241302,5.116488242049153,-0.4923580420491529
3051,4.627323,5.119300389372234,-0.49197738937223434
3052,4.62977,5.125004376363231,-0.4952343763632312
3053,4.6315546,5.1359070967595635,-0.5043524967595632
3054,4.632762,5.148899168032144,-0.5161371680321443
3055,4.633476,5.159552514677331,-0.5260765146773307
3056,4.6337814,5.173608437450689,-0.5398270374506886
3057,4.6446915,5.181556459483741,-0.5368649594837409
3058,4.6534433,5.170317966118608,-0.5168746661186079
3059,4.65727,5.159766928445145,-0.5024969284451455
3060,4.657374,5.149897220611374,-0.4925232206113739
3061,4.656635,5.140697984179962,-0.4840629841799622
3062,4.656433,5.132154316787495,-0.47572131678749496
3063,4.6478143,5.1242479330486566,-0.47643363304865627
3064,4.6453104,5.116957783141147,-0.4716473831411472
3065,4.649049,5.110260618706124,-0.46121161870612415
3066,4.6567655,5.104131500300695,-0.4473660003006952
3067,4.658371,5.098544244965001,-0.4401732449650009
3068,4.6648,5.09347181593471,-0.4286718159347105
3069,4.6651983,5.088886658953707,-0.42368835895370704
3070,4.6683044,5.084760991123273,-0.41645659112327316
3071,4.6734138,5.081067048982475,-0.40765324898247535
3072,4.669075,5.077777302667093,-0.40870230266709306
3073,4.6808176,5.074864642349011,-0.394047042349011
3074,4.6915183,5.072302541573072,-0.380784241573072
3075,4.698994,5.0700652000154545,-0.37107120001545457
3076,4.702328,5.068127666552035,-0.3657996665520358
3077,4.7061563,5.066465942993444,-0.36030964299344426
3078,4.7126226,5.065057069164409,-0.35243446916440835
3079,4.7145853,5.082939033395563,-0.3683537333955629
3080,4.7158594,5.104553334696958,-0.388693934696958
3081,4.7120447,5.111363387307726,-0.39931868730772635
3082,4.7085805,5.1179451649288055,-0.4093646649288054
3083,4.709094,5.1249912185219015,-0.4158972185219012
3084,4.7100034,5.132081624170959,-0.4220782241709591
3085,4.7112956,5.138081134751481,-0.42678553475148107
3086,4.712958,5.142367120900856,-0.42940912090085526
3087,4.714977,5.146392798859647,-0.4314157988596472
3088,4.717339,5.150003572010214,-0.43266457201021424
3089,4.7200313,5.153145991006582,-0.4331146910065824
3090,4.7230406,5.155772179043252,-0.432731579043252
3091,4.726353,5.1582507169436,-0.4318977169436007
3092,4.7299566,5.160316250582463,-0.4303596505824627
3093,4.733837,5.161241994443861,-0.4274049944438607
3094,4.7379813,5.162334260748374,-0.42435296074837403
3095,4.742377,5.162780623166863,-0.4204036231668624
3096,4.7470098,5.162328850272159,-0.4153190502721591
3097,4.751867,5.161738508332599,-0.409871508332599
3098,4.7569346,5.161378245323788,-0.40444364532378785
3099,4.762201,5.160782195091477,-0.39858119509147727
3100,4.7676516,5.160091042604934,-0.39243944260493446
3101,4.7732735,5.162098833958372,-0.3888253339583718
3102,4.7790537,5.164344407876653,-0.38529070787665276
3103,4.784979,5.163954297275239,-0.3789752972752387
3104,4.7910357,5.163547842838525,-0.3725121428385245
3105,4.7972107,5.162875298516009,-0.36566459851600897
3106,4.8034916,5.162200446050588,-0.35870884605058784
3107,4.809864,5.16205054502537,-0.3521865450253703
3108,4.8163157,5.162127546264742,-0.34581184626474215
3109,4.8228326,5.162637352930157,-0.3398047529301573
3110,4.829402,5.165951085388361,-0.33654908538836104
3111,4.8360105,5.169178765341223,-0.33316826534122246
3112,4.8426447,5.169598992945586,-0.32695429294558576
3113,4.849292,5.169208443421638,-0.31991644342163816
3114,4.8559384,5.16909239455634,-0.3131539945563393
3115,4.8625712,5.169347241087779,-0.30677604108777956
3116,4.8691773,5.169313782690046,-0.30013648269004634
3117,4.8757424,5.169385739536237,-0.2936433395362368
3118,4.8822546,5.168850144697265,-0.28659554469726434
3119,4.8887,5.1687535340284505,-0.28005353402845046
3120,4.8950653,5.169256362918095,-0.2741910629180957
3121,4.9013376,5.169823746219339,-0.2684861462193391
3122,4.9075036,5.169724471232074,-0.26222087123207416
3123,4.91355,5.169398898095269,-0.25584889809526956
3124,4.9194636,5.169723602954028,-0.25026000295402806
3125,4.925231,5.16965529755246,-0.24442429755245954
3126,4.930839,5.169100903178403,-0.23826190317840368
3127,4.936275,5.168530146839347,-0.23225514683934723
3128,4.941525,5.168038061756361,-0.22651306175636066
3129,4.9465756,5.167683256034306,-0.22110765603430593
3130,4.9514146,5.167354989996188,-0.21594038999618803
3131,4.956028,5.166746847934618,-0.21071884793461848
3132,4.960403,5.166168899534303,-0.20576589953430258
3133,4.9645257,5.165631606004718,-0.20110590600471756
3134,4.968384,5.165096858510235,-0.19671285851023423
3135,4.9719634,5.164473729748642,-0.19251032974864213
3136,4.975251,5.163416369466025,-0.18816536946602458
3137,4.9782343,5.162108907827385,-0.18387460782738518
3138,4.9808993,5.160586522287621,-0.17968722228762068
3139,4.9832335,5.158804214311558,-0.1755707143115579
3140,4.985223,5.156553721061408,-0.17133072106140723
3141,4.986855,5.1539684411360565,-0.1671134411360562
3142,4.988116,5.150994459495665,-0.1628784594956656
3143,4.9889927,5.1475685113438,-0.15857581134380005
3144,4.9894724,5.144071499976086,-0.15459909997608534
3145,4.9799433,5.140328754596761,-0.1603854545967609
3146,4.9429193,5.136249303897031,-0.1933300038970316
3147,4.898708,5.131839670332688,-0.23313167033268822
3148,4.855434,5.1271535483170565,-0.2717195483170567
3149,4.809433,5.122232434995051,-0.3127994349950507
3150,4.757889,5.117203387787586,-0.3593143877875864
3151,4.7055435,5.112020697144232,-0.40647719714423225
3152,4.656226,5.106240565617007,-0.4500145656170069
3153,4.612592,5.1004047867035665,-0.4878127867035662
3154,4.5613623,5.0948417957641565,-0.5334794957641567
3155,4.514172,5.089569370552649,-0.5753973705526487
3156,4.5067725,5.083922093938153,-0.5771495939381523
3157,4.496703,5.078050864342926,-0.5813478643429262
3158,4.4801254,5.072610678238353,-0.5924852782383523
3159,4.4659915,5.067490535092256,-0.6014990350922558
3160,4.448153,5.062520444958871,-0.6143674449588712
3161,4.408962,5.057653193778821,-0.6486911937788209
3162,4.3834457,5.052748713651727,-0.6693030136517271
3163,4.360554,5.048125766254947,-0.6875717662549476
3164,4.333434,5.043840968583894,-0.7104069685838947
3165,4.310674,5.040114892427381,-0.7294408924273812
3166,4.2882285,5.036489514135133,-0.7482610141351334
3167,4.2645974,5.033414854510144,-0.7688174545101436
3168,4.247378,5.031142951146432,-0.7837649511464315
3169,4.239413,5.028835031018677,-0.7894220310186775
3170,4.240521,5.027679730760262,-0.7871587307602619
3171,4.2427106,5.027149142368433,-0.7844385423684335
3172,4.245954,5.025793619279168,-0.7798396192791675
3173,4.250224,5.024766447103524,-0.7745424471035234
3174,4.2554927,5.0240865102373276,-0.768593810237328
3175,4.2617326,5.024549910989092,-0.7628173109890914
3176,4.268915,5.025372230139927,-0.7564572301399268
3177,4.277014,5.02562629210558,-0.7486122921055793
3178,4.2860003,5.026189010651755,-0.7401887106517542
3179,4.2958474,5.027401500918213,-0.7315541009182125
3180,4.3065267,5.029285083125357,-0.722758383125357
3181,4.3180113,5.030812669971554,-0.7128013699715536
3182,4.330273,5.031928012913655,-0.7016550129136547
3183,4.343284,5.033519867656167,-0.6902358676561677
3184,4.357017,5.0352941878922755,-0.6782771878922755
3185,4.371444,5.037445075537751,-0.6660010755377508
3186,4.3865385,5.04011681551293,-0.65357831551293
3187,4.4022713,5.042997493883108,-0.6407261938831086
3188,4.418615,5.045296932186286,-0.626681932186286
3189,4.435542,5.047263113774081,-0.611721113774081
3190,4.4530253,5.049600869325895,-0.5965755693258945
3191,4.4710364,5.052747160694719,-0.5817107606947189
3192,4.489548,5.059787446528561,-0.5702394465285607
3193,4.508533,5.069755524148869,-0.5612225241488691
3194,4.527962,5.075361124184022,-0.5473991241840226
3195,4.5478096,5.077928041515262,-0.5301184415152624
3196,4.568046,5.079658313349817,-0.5116123133498176
3197,4.588645,5.080934903505107,-0.4922899035051076
3198,4.609578,5.08247423815136,-0.4728962381513604
3199,4.630818,5.088983659693332,-0.4581656596933321
3200,4.652337,5.098252436268938,-0.4459154362689377
3201,4.674107,5.102708859826577,-0.4286018598265766
3202,4.6961007,5.104104081354528,-0.4080033813545283
3203,4.718291,5.105050996629713,-0.3867599966297135
3204,4.740649,5.106025806665404,-0.3653768066654033
3205,4.763148,5.1074217517570695,-0.3442737517570693
3206,4.78576,5.108561349499141,-0.32280134949914085
3207,4.8084564,5.109290217136482,-0.30083381713648194
3208,4.831211,5.11009461187321,-0.2788836118732103
3209,4.8539953,5.110978757127928,-0.2569834571279275
3210,4.8673067,5.112042954469228,-0.24473625446922753
3211,4.85094,5.112718877288355,-0.26177887728835536
3212,4.829122,5.113177827011119,-0.28405582701111864
3213,4.799638,5.11362754196286,-0.3139895419628598
3214,4.761831,5.113734121272318,-0.3519031212723185
3215,4.722435,5.114008028486226,-0.391573028486226
3216,4.6806893,5.113927743800983,-0.43323844380098286
3217,4.6419744,5.113608041132029,-0.471633641132029
3218,4.6142197,5.113125625899058,-0.49890592589905847
3219,4.5938406,5.112423603446118,-0.5185830034461176
3220,4.5806375,5.111423648313154,-0.5307861483131537
3221,4.570165,5.110101163548377,-0.5399361635483766
3222,4.5619497,5.1082189307083,-0.5462692307082992
3223,4.558643,5.106761109496436,-0.5481181094964356
3224,4.5478787,5.105240779623673,-0.5573620796236733
3225,4.552804,5.10380966125664,-0.5510056612566396
3226,4.5665445,5.102915477640859,-0.5363709776408587
3227,4.5808682,5.1022228037405375,-0.5213546037405372
3228,4.593377,5.101479309661139,-0.5081023096611386
3229,4.6037793,5.10083310353024,-0.49705380353023987
3230,4.6107354,5.101040178674176,-0.4903047786741759
3231,4.5929804,5.102455903635807,-0.509475503635807
3232,4.6054754,5.10326288463502,-0.4977874846350199
3233,4.6110883,5.103996563471401,-0.49290826347140104
3234,4.6138577,5.10452528197953,-0.49066758197953053
3235,4.6187997,5.106056600839745,-0.4872569008397445
3236,4.627682,5.107842309188609,-0.48016030918860864
3237,4.635754,5.109162406330201,-0.47340840633020065
3238,4.649265,5.110906254686612,-0.46164125468661243
3239,4.664323,5.113526362364217,-0.44920336236421665
3240,4.6825814,5.116503791040627,-0.43392239104062647
3241,4.699818,5.1192628056659775,-0.41944480566597786
3242,4.7143927,5.1223932168572714,-0.4080005168572711
3243,4.726538,5.125657689236879,-0.3991196892368789
3244,4.7380414,5.128083707752057,-0.39004230775205695
3245,4.7492986,5.130463580642119,-0.3811649806421187
3246,4.7603073,5.133038398338858,-0.37273109833885787
3247,4.771066,5.135956059907076,-0.3648900599070757
3248,4.781573,5.140579534112577,-0.3590065341125772
3249,4.7918234,5.145298941906469,-0.35347554190646857
3250,4.801817,5.148481138262685,-0.3466641382626854
3251,4.8115506,5.151830913496713,-0.34028031349671295
3252,4.8210216,5.1550540848399375,-0.33403248483993764
3253,4.830228,5.157767298228829,-0.327539298228829
3254,4.8391666,5.160393699009397,-0.3212270990093966
3255,4.847836,5.163382524300931,-0.315546524300931
3256,4.8562336,5.166590305569033,-0.31035670556903305
3257,4.8643565,5.169385760637706,-0.3050292606377054
3258,4.8722024,5.1719556060200285,-0.29975320602002853
3259,4.8797693,5.174355995649976,-0.29458669564997564
3260,4.8870544,5.176869967256263,-0.28981556725626234
3261,4.8940554,5.1793638474205705,-0.2853084474205705
3262,4.90077,5.187904047003137,-0.2871340470031374
3263,4.907195,5.195761535037329,-0.28856653503732943
3264,4.9133286,5.196369375429217,-0.28304077542921746
3265,4.9191694,5.1962922192046435,-0.2771228192046431
3266,4.924714,5.196033182061984,-0.27131918206198424
3267,4.92996,5.19525898392879,-0.2652989839287896
3268,4.9349046,5.194569639797547,-0.2596650397975466
3269,4.939546,5.201598893184006,-0.2620528931840056
3270,4.943882,5.208842336312143,-0.2649603363121429
3271,4.94791,5.20890228561587,-0.2609922856158695
3272,4.951627,5.208593356668611,-0.25696635666861045
3273,4.9550304,5.208149512528921,-0.25311911252892116
3274,4.958119,5.20761699534575,-0.24949799534574968
3275,4.96089,5.207061907435871,-0.2461719074358708
3276,4.96334,5.206780387395549,-0.24344038739554907
3277,4.9654675,5.206518242274127,-0.24105074227412704
3278,4.9672704,5.206275174870127,-0.23900477487012672
3279,4.9687457,5.205990405205762,-0.2372447052057618
3280,4.9698906,5.205519648892657,-0.23562904889265646
3281,4.9707036,5.205085403408663,-0.2343818034086631
3282,4.971182,5.204547699983655,-0.23336569998365508
3283,4.966561,5.203811148827557,-0.2372501488275578
3284,4.9315543,5.202822734781209,-0.27126843478120843
3285,4.8955545,5.201971914203841,-0.3064174142038407
3286,4.8602176,5.201230911831569,-0.3410133118315688
3287,4.8268137,5.200286328087006,-0.373472628087006
3288,4.7990103,5.199228096008542,-0.40021779600854224
3289,4.774276,5.198305804374685,-0.4240298043746842
3290,4.748741,5.197884137675753,-0.44914313767575287
3291,4.729782,5.197349557618086,-0.46756755761808577
3292,4.714942,5.19631508426818,-0.4813730842681805
3293,4.704484,5.19534131154854,-0.49085731154853995
3294,4.695911,5.194696743495828,-0.49878574349582827
3295,4.687379,5.1943607793987,-0.5069817793986999
3296,4.677935,5.193656948021471,-0.5157219480214712
3297,4.6681356,5.192658342154805,-0.5245227421548044
3298,4.6591544,5.191796613125968,-0.5326422131259676
3299,4.6511874,5.19113244235315,-0.5399450423531498
3300,4.6461945,5.1908793129417665,-0.5446848129417665
3301,4.6443396,5.190537408870258,-0.5461978088702573
3302,4.648214,5.190031778059947,-0.5418177780599471
3303,4.6559415,5.189924983580228,-0.5339834835802284
3304,4.6678185,5.190051809312114,-0.5222333093121136
3305,4.6833572,5.190589530696446,-0.5072323306964464
3306,4.7012396,5.191139828947816,-0.4899002289478158
3307,4.721537,5.191537242831647,-0.470000242831647
3308,4.7422476,5.191890824268858,-0.4496432242688586
3309,4.758027,5.192134256340168,-0.4341072563401678
3310,4.7711673,5.1922603880157645,-0.4210930880157644
3311,4.78142,5.192626392771555,-0.4112063927715548
3312,4.7911377,5.192995246785475,-0.40185754678547525
3313,4.7943945,5.193287353154635,-0.39889285315463496
3314,4.797505,5.193484062294456,-0.39597906229445545
3315,4.801713,5.193739383593489,-0.39202638359348896
3316,4.8053885,5.194185193525947,-0.38879669352594703
3317,4.8122993,5.194618459369734,-0.38231915936973415
3318,4.821508,5.194823370698573,-0.373315370698573
3319,4.831375,5.1951336672743285,-0.36375866727432804
3320,4.843557,5.195763899012302,-0.3522068990123026
3321,4.8524284,5.196707928525427,-0.3442795285254272
3322,4.8608003,5.197351148150193,-0.33655084815019265
3323,4.868733,5.197879727463287,-0.32914672746328755
3324,4.8762493,5.198443434836257,-0.32219413483625736
3325,4.883374,5.199098502953523,-0.3157245029535227
3326,4.8901315,5.199799605576091,-0.30966810557609126
3327,4.8965445,5.200218964558216,-0.3036744645582159
3328,4.902637,5.201623317445107,-0.29898631744510684
3329,4.9084334,5.202941347807113,-0.2945079478071131
3330,4.913957,5.203601121228693,-0.2896441212286929
3331,4.9192324,5.2043481605892845,-0.28511576058928423
3332,4.9242826,5.2046131848717865,-0.28033058487178675
3333,4.929132,5.2052028354329964,-0.2760708354329964
3334,4.9338036,5.205696843562916,-0.271893243562916
3335,4.9383225,5.205901700307898,-0.26757920030789784
3336,4.942712,5.206304138258817,-0.2635921382588169
3337,4.9469957,5.206762300118644,-0.2597666001186436
3338,4.9511976,5.207027637741048,-0.2558300377410472
3339,4.955342,5.207287403742708,-0.2519454037427078
3340,4.9594517,5.208531847507279,-0.24908014750727947
3341,4.9635515,5.2093562199287256,-0.2458047199287252
3342,4.9676647,5.209958451687674,-0.24229375168767397
3343,4.9718156,5.209847406212208,-0.23803180621220754
3344,4.976028,5.20949301968509,-0.23346501968508981
3345,4.980325,5.2092715651840935,-0.22894656518409384
3346,4.9847317,5.209236145961044,-0.22450444596104369
3347,4.9892707,5.208995890796692,-0.21972519079669262
3348,4.9939666,5.208449742344499,-0.2144831423444984
3349,4.998843,5.2079674183687805,-0.2091244183687806
3350,5.003924,5.2078437258751515,-0.20391972587515195
3351,5.009233,5.207835969424796,-0.19860296942479572
3352,5.0147943,5.207535914291894,-0.19274161429189363
3353,5.020632,5.206605344290031,-0.18597334429003087
3354,5.0267687,5.205774169317171,-0.17900546931717098
3355,5.0332294,5.204899545017115,-0.17167014501711542
3356,5.0400376,5.203805688771045,-0.16376808877104487
3357,5.047217,5.202528478973873,-0.1553114789738732
3358,5.0536337,5.201547902002297,-0.14791420200229766
3359,5.0454288,5.200681649477319,-0.15525284947731954
3360,5.0378766,5.199611325631938,-0.16173472563193858
3361,5.0339303,5.198473110029761,-0.16454281002976145
3362,5.0339727,5.197146706554319,-0.16317400655431946
3363,5.0318713,5.195551601494369,-0.1636803014943693
3364,5.0318155,5.193889814122063,-0.1620743141220622
3365,5.0358987,5.192212329430209,-0.1563136294302092
3366,5.0328565,5.191210522724336,-0.1583540227243354
3367,5.038125,5.190261687141302,-0.15213668714130169
3368,5.0436215,5.189507423914002,-0.145885923914002
3369,5.038369,5.1883670708351435,-0.14999807083514316
3370,5.027718,5.187162282745166,-0.15944428274516564
3371,5.0211015,5.186208475523644,-0.16510697552364384
3372,5.014818,5.185541263420105,-0.17072326342010502
3373,5.0088606,5.18435567077645,-0.1754950707764502
3374,5.0032225,5.183141293053753,-0.17991879305375313
3375,4.997897,5.182141443422466,-0.18424444342246638
3376,4.992878,5.1816551608807675,-0.18877716088076735
3377,4.9881577,5.181189490723205,-0.19303179072320464
3378,4.98373,5.180210381156303,-0.1964803811563023
3379,4.979588,5.179310588108761,-0.1997225881087612
3380,4.975725,5.178708194192018,-0.2029831941920186
3381,4.9721346,5.178433779703523,-0.20629917970352274
3382,4.96881,5.178135089295029,-0.2093250892950289
3383,4.965744,5.177803702991708,-0.2120597029917084
3384,4.9629307,5.177991760674438,-0.21506106067443742
3385,4.9603624,5.178054023104662,-0.2176916231046615
3386,4.958033,5.178070480539471,-0.22003748053947092
3387,4.955936,5.178174619375426,-0.22223861937542555
3388,4.9540644,5.178386395078037,-0.22432199507803663
3389,4.952411,5.17890518003496,-0.22649418003496002
3390,4.9509697,5.179747544710981,-0.22877784471098117
3391,4.9497337,5.180536401050453,-0.23080270105045297
3392,4.948696,5.181405186068456,-0.2327091860684556
3393,4.9478507,5.182355892413177,-0.23450519241317735
3394,4.94719,5.183713740030278,-0.23652374003027798
3395,4.9467077,5.184799349674493,-0.2380916496744927
3396,4.9463973,5.186621347553685,-0.24022404755368498
3397,4.9462514,5.188995570373728,-0.24274417037372764
3398,4.947547,5.191124145631728,-0.24357714563172816
3399,4.946189,5.192124395861257,-0.2459353958612569
3400,4.946265,5.1930647861015995,-0.24679978610159914
3401,4.946403,5.194324300103392,-0.24792130010339175
3402,4.94661,5.195454773769205,-0.24884477376920522
3403,4.9468923,5.195905533814878,-0.24901323381487828
3404,4.947258,5.198505800372582,-0.25124780037258265
3405,4.947713,5.20044909589543,-0.2527360958954299
3406,4.9482646,5.200535371567444,-0.25227077156744393
3407,4.9489202,5.199658785210259,-0.25073858521025905
3408,4.949686,5.199038187699431,-0.24935218769943113
3409,4.9505696,5.197622645395148,-0.24705304539514827
3410,4.9515777,5.195374076571323,-0.24379637657132314
3411,4.9527173,5.192944388178631,-0.24022708817863148
3412,4.953995,5.190392514742518,-0.23639751474251813
3413,4.9554186,5.187497519962804,-0.23207891996280416
3414,4.9569945,5.1846323772988265,-0.22763787729882612
3415,4.9587297,5.181517677298305,-0.2227879772983048
3416,4.960631,5.177903635941811,-0.21727263594181068
3417,4.9627056,5.1737712984694575,-0.21106569846945789
3418,4.9649606,5.169188591616569,-0.2042279916165688
3419,4.967403,5.164271411561459,-0.19686841156145896
3420,4.970039,5.1591693826241425,-0.1891303826241426
3421,4.9728765,5.153929457753372,-0.18105295775337193
3422,4.9759216,5.148558157470188,-0.17263655747018802
3423,4.9791822,5.143071991284078,-0.16388979128407755
3424,4.9826646,5.137397958410225,-0.15473335841022529
3425,4.986376,5.131118787215152,-0.14474278721515166
3426,4.990323,5.1255972284273,-0.13527422842730008
3427,4.9945135,5.120977882425202,-0.12646438242520208
3428,4.9989533,5.1161204985564055,-0.11716719855640534
3429,5.00365,5.109673108795999,-0.10602310879599841
3430,5.0086107,5.1028130868601185,-0.09420238686011828
3431,5.013842,5.097387831627925,-0.08354583162792473
3432,5.019351,5.090591594572273,-0.07124059457227272
3433,5.0251446,5.0822081938093895,-0.05706359380938952
3434,5.03123,5.073912448928437,-0.042682448928436756
3435,5.037614,5.066794729563621,-0.029180729563621277
3436,5.044303,5.060563942463907,-0.016260942463906858
3437,5.051305,5.053695526210528,-0.0023905262105277103
3438,5.058626,5.046393948044214,0.01223205195578636
3439,5.0662737,5.039707355850947,0.026566344149053123
3440,5.074255,5.033289522699829,0.04096547730017086
3441,5.0825763,5.027074974328535,0.055501325671465374
3442,5.0791297,5.021104447450472,0.058025252549528616
3443,5.038903,5.01556826727334,0.02333473272665998
3444,4.980423,5.010449155519157,-0.030026155519156994
3445,4.937476,5.005768383261106,-0.06829238326110598
3446,4.8840485,5.001118149750264,-0.11706964975026413
3447,4.8236356,4.996867723183112,-0.17323212318311132
3448,4.7784796,4.992876221506362,-0.21439662150636174
3449,4.7368155,4.989080481523134,-0.25226498152313415
3450,4.699585,4.985965131132859,-0.28638013113285954
3451,4.665294,4.9832750407372615,-0.3179810407372612
3452,4.637657,4.980687024279408,-0.34303002427940843
3453,4.6133432,4.978090770662071,-0.36474757066207086
3454,4.5962195,4.975874144401203,-0.379654644401203
3455,4.581158,4.973440065701154,-0.39228206570115365
3456,4.565873,4.97259544769128,-0.40672244769127985
3457,4.552911,4.97316145340897,-0.42025045340897016
3458,4.5396433,4.97354733978799,-0.43390403978798986
3459,4.532595,4.973104212544873,-0.44050921254487285
3460,4.5263085,4.9730948075011785,-0.44678630750117865
3461,4.53107,4.975827649548901,-0.44475764954890096
3462,4.5435877,4.980063990944029,-0.4364762909440296
3463,4.558175,4.982389714580401,-0.4242147145804003
3464,4.5769,4.985242823254366,-0.4083428232543662
3465,4.6033444,4.9894955144774675,-0.3861511144774674
3466,4.6310697,4.993433227104349,-0.3623635271043488
3467,4.6613607,4.996896355317723,-0.3355356553177229
3468,4.6892776,4.999966572747601,-0.31068897274760143
3469,4.712217,5.0042292291683,-0.29201222916830005
3470,4.7388687,5.008592475812819,-0.26972377581281837
3471,4.7649655,5.013027959277497,-0.24806245927749693
3472,4.78863,5.01722716831426,-0.22859716831426002
3473,4.8025794,5.0215040828397415,-0.21892468283974154
3474,4.806664,5.025852167439673,-0.21918816743967362
3475,4.811182,5.029969194751512,-0.21878719475151254
3476,4.8161077,5.033567187613883,-0.21745948761388334
3477,4.821423,5.037819436294168,-0.2163964362941675
3478,4.8271103,5.041922311453871,-0.21481201145387097
3479,4.8331513,5.045074077881038,-0.2119227778810382
3480,4.839528,5.048070930989565,-0.208542930989565
3481,4.8462224,5.051803680293824,-0.20558128029382416
3482,4.853217,5.0564823993237535,-0.20326539932375365
3483,4.8604937,5.060670124866736,-0.20017642486673548
3484,4.8680344,5.0658619219252765,-0.19782752192527653
3485,4.875821,5.072376677298584,-0.19655567729858348
3486,4.8838363,5.077078706676983,-0.19324240667698334
3487,4.892061,5.0812500298855445,-0.18918902988554454
3488,4.9004784,5.0849121492641896,-0.18443374926418965
3489,4.90907,5.087497975240238,-0.178427975240238
3490,4.9178185,5.090684157324967,-0.17286565732496673
3491,4.926705,5.095414744440538,-0.16870974444053832
3492,4.935712,5.101857329785087,-0.16614532978508745
3493,4.9448214,5.10740740860784,-0.1625860086078399
3494,4.9540153,5.111775090434334,-0.1577597904343344
3495,4.963276,5.116971612082908,-0.15369561208290872
3496,4.972585,5.122275318770078,-0.14969031877007843
3497,4.9819255,5.127460008844336,-0.14553450884433605
3498,4.9912786,5.136634931083354,-0.1453563310833541
3499,5.000626,5.146408426471699,-0.14578242647169937
3500,5.009951,5.151547058786238,-0.14159605878623793
3501,5.0192347,5.156561443270748,-0.1373267432707479
3502,5.028459,5.161098680994523,-0.13263968099452317
3503,5.0376067,5.165657075362324,-0.12805037536232344
3504,5.04666,5.1702570693265875,-0.12359706932658732
3505,5.0555997,5.174861912688729,-0.11926221268872883
3506,5.064409,5.179193585345874,-0.11478458534587332
3507,5.073069,5.183969832375148,-0.11090083237514747
3508,5.081563,5.188940451243849,-0.10737745124384901
3509,5.0898724,5.193242825318654,-0.10337042531865404
3510,5.097979,5.1969092787439415,-0.09893027874394189
3511,5.105865,5.200588536147515,-0.09472353614751494
3512,5.1135125,5.204900390176718,-0.09138789017671822
3513,5.120903,5.208756572793635,-0.0878535727936347
3514,5.1280193,5.211644431176446,-0.08362513117644621
3515,5.1348443,5.214550607291824,-0.07970630729182382
3516,5.1413584,5.217721202822218,-0.07636280282221808
3517,5.1475444,5.220870262059603,-0.0733258620596029
3518,5.1533847,5.223670331800507,-0.07028563180050718
3519,5.1588607,5.226238399474774,-0.06737769947477368
3520,5.1639543,5.22916536800385,-0.06521106800384935
3521,5.1686482,5.232048703529619,-0.06340050352961946
3522,5.1729245,5.235023695778455,-0.062099195778455574
3523,5.1767645,5.238090936877523,-0.061326436877522816
3524,5.180151,5.241242012296739,-0.06109101229673897
3525,5.1830654,5.244531414865886,-0.061466014865885654
3526,5.18549,5.247244343013638,-0.06175434301363847
3527,5.1874075,5.249543048380803,-0.062135548380803485
3528,5.188799,5.2513912021098985,-0.06259220210989813
3529,5.1896467,5.252299946753129,-0.06265324675312911
3530,5.1882043,5.252574297824424,-0.0643699978244241
3531,5.174445,5.252637428763961,-0.07819242876396082
3532,5.154384,5.252204213467588,-0.09782021346758807
3533,5.1243067,5.251341101086249,-0.12703440108624875
3534,5.080294,5.250062581801882,-0.1697685818018817
3535,5.0240545,5.248113398494742,-0.22405889849474203
3536,4.9568353,5.244508955434655,-0.28767365543465484
3537,4.8837366,5.24068136947923,-0.35694476947923004
3538,4.808174,5.236706053571223,-0.4285320535712227
3539,4.7280765,5.231663961488436,-0.5035874614884355
3540,4.647277,5.225824180963776,-0.5785471809637759
3541,4.5695996,5.219734282879147,-0.6501346828791466
3542,4.500651,5.215042115069499,-0.7143911150694988
3543,4.443536,5.210633958872121,-0.767097958872121
3544,4.3971567,5.204494922483512,-0.8073382224835122
3545,4.357957,5.197920118246212,-0.839963118246212
3546,4.325637,5.191688556554482,-0.8660515565544813
3547,4.305576,5.186250316892842,-0.8806743168928417
3548,4.306969,5.180105535792551,-0.8731365357925513
3549,4.3099737,5.172992176991147,-0.8630184769911473
3550,4.314516,5.166309112710963,-0.851793112710963
3551,4.3205247,5.158849076220561,-0.8383243762205614
3552,4.3279276,5.150558178007723,-0.8226305780077237
3553,4.3366513,5.141351517451736,-0.8047002174517361
3554,4.3466244,5.131362344327396,-0.7847379443273965
3555,4.3577747,5.1210572711699065,-0.7632825711699063
3556,4.370029,5.110833700033193,-0.740804700033193
3557,4.383316,5.101199175510366,-0.7178831755103658
3558,4.397563,5.091315446433307,-0.6937524464333071
3559,4.4126973,5.081547076464352,-0.6688497764643522
3560,4.428647,5.072385455282493,-0.6437384552824934
3561,4.44534,5.062200194488212,-0.6168601944882122
3562,4.462704,5.052076319503033,-0.5893723195030338
3563,4.4806666,5.0420705793024645,-0.5614039793024643
3564,4.499155,5.031765209637733,-0.532610209637733
3565,4.5180974,5.021554077353902,-0.5034566773539018
3566,4.537421,5.011197434316861,-0.4737764343168607
3567,4.557054,5.002183219182199,-0.44512921918219917
3568,4.5769243,4.993727929286227,-0.4168036292862274
3569,4.596959,4.984351280132843,-0.3873922801328433
3570,4.617086,4.97484182507502,-0.3577558250750208
3571,4.6372333,4.965368694291221,-0.32813539429122063
3572,4.6573277,4.957060889023194,-0.29973318902319424
3573,4.677298,4.9489239192287595,-0.2716259192287591
3574,4.6970716,4.940217582225382,-0.24314598222538208
3575,4.716576,4.931617184911544,-0.21504118491154411
3576,4.7357388,4.923785517198609,-0.18804671719860888
3577,4.7544875,4.9176192590141765,-0.16313175901417676
3578,4.7727504,4.911096652851938,-0.1383462528519388
3579,4.790455,4.903864504494469,-0.11340950449446918
3580,4.807529,4.897577596965523,-0.09004859696552359
3581,4.8238997,4.891432789318241,-0.06753308931824087
3582,4.839495,4.885804849129911,-0.04630984912991032
3583,4.8542433,4.880191687283934,-0.02594838728393345
3584,4.888828,4.875825368651984,0.013002631348015825
3585,4.8832526,4.8722415970072355,0.01101100299276414
3586,4.89516,4.868367278562639,0.02679272143736089
3587,4.8940234,4.864915226190134,0.029108173809865967
3588,4.887063,4.862119748625477,0.024943251374523356
3589,4.8689294,4.860057012223405,0.008872387776595048
3590,4.8449545,4.858750410032714,-0.013795910032714076
3591,4.8145285,4.85710158772138,-0.042573087721380354
3592,4.775844,4.85679362452381,-0.08094962452380994
3593,4.7390814,4.857875570649615,-0.11879417064961473
3594,4.685196,4.858167514088523,-0.1729715140885224
3595,4.6533127,4.858430122860069,-0.20511742286006918
3596,4.625934,4.859432519589879,-0.23349851958987866
3597,4.6063647,4.861675840756083,-0.2553111407560831
3598,4.594601,4.864190705683085,-0.26958970568308516
3599,4.589091,4.866603811399542,-0.277512811399542
3600,4.589168,4.8684422684167545,-0.2792742684167546
3601,4.591685,4.87046712983067,-0.2787821298306703
3602,4.595214,4.874290453156901,-0.27907645315690033
3603,4.598162,4.878467701438326,-0.28030570143832545
3604,4.600877,4.881334223341142,-0.2804572233411422
3605,4.601035,4.884408732225323,-0.28337373222532225
3606,4.598704,4.888666483978263,-0.28996248397826374
3607,4.5962873,4.893711094762574,-0.2974237947625742
3608,4.5918665,4.897475461754313,-0.30560896175431296
3609,4.586815,4.899888928318997,-0.31307392831899694
3610,4.580791,4.903243001768891,-0.322452001768891
3611,4.574017,4.906778877223986,-0.33276187722398554
3612,4.568745,4.910374908434026,-0.34162990843402596
3613,4.563968,4.914349097346685,-0.350381097346685
3614,4.558766,4.918600911596559,-0.35983491159655845
3615,4.548958,4.922511160964063,-0.37355316096406277
3616,4.533105,4.926915826892863,-0.39381082689286284
3617,4.5105186,4.9319383951016675,-0.4214197951016674
3618,4.483027,4.9371233771841805,-0.4540963771841806
3619,4.454676,4.942063435695453,-0.48738743569545306
3620,4.429134,4.947060904595517,-0.5179269045955168
3621,4.408966,4.951207413961019,-0.542241413961019
3622,4.391253,4.963521315757604,-0.5722683157576043
3623,4.377897,4.9747393196967025,-0.5968423196967025
3624,4.3676934,4.97762323857795,-0.6099298385779495
3625,4.368064,4.97958661867462,-0.6115226186746199
3626,4.3695173,4.981563490938871,-0.6120461909388712
3627,4.3718257,4.984805224498222,-0.6129795244982228
3628,4.3749776,4.987466566944062,-0.6124889669440616
3629,4.37896,4.989303690096459,-0.6103436900964585
3630,4.38376,4.991369277932054,-0.6076092779320543
3631,4.3893657,4.997142754183553,-0.6077770541835532
3632,4.3957644,5.0071400463989315,-0.6113756463989315
3633,4.402943,5.015430732274102,-0.6124877322741025
3634,4.41089,5.015449041442868,-0.6045590414428679
3635,4.419592,5.016062190907066,-0.5964701909070662
3636,4.429037,5.016998799446301,-0.5879617994463011
3637,4.4392123,5.01837917900611,-0.5791668790061095
3638,4.4501033,5.019375368625476,-0.5692720686254757
3639,4.4617004,5.020970131528412,-0.5592697315284125
3640,4.473991,5.023727208126704,-0.5497362081267045
3641,4.4869614,5.027312328257836,-0.540350928257836
3642,4.5006,5.030446377360007,-0.5298463773600064
3643,4.514893,5.032295435005945,-0.5174024350059447
3644,4.5298285,5.034663110337113,-0.5048346103371131
3645,4.5453935,5.03694017316719,-0.49154667316719003
3646,4.5615764,5.038906105535193,-0.47732970553519305
3647,4.5783644,5.040451225648357,-0.462086825648357
3648,4.5957446,5.043492553555702,-0.4477479535557025
3649,4.6137047,5.047599564083438,-0.43389486408343725
3650,4.6322317,5.050863835725273,-0.41863213572527247
3651,4.651314,5.052978372438608,-0.4016643724386082
3652,4.6709375,5.054270096682772,-0.38333259668277186
3653,4.6910915,5.056076745341864,-0.36498524534186405
3654,4.711763,5.058366746766442,-0.34660374676644157
3655,4.7329383,5.058118018431865,-0.32517971843186544
3656,4.754606,5.057025654169381,-0.3024196541693813
3657,4.776753,5.056226581398451,-0.2794735813984506
3658,4.7993674,5.055086374934589,-0.25571897493458895
3659,4.8224354,5.052304738901006,-0.2298693389010058
3660,4.8459463,5.047389354677183,-0.20144305467718304
3661,4.8698864,5.0421071916690705,-0.17222079166907012
3662,4.894243,5.036277374756941,-0.1420343747569408
3663,4.9180818,5.030805415594723,-0.11272361559472266
3664,4.9254556,5.025763693469828,-0.1003080934698275
3665,4.9246716,5.02068179897429,-0.09601019897429008
3666,4.912601,5.013925005337084,-0.10132400533708363
3667,4.8887253,5.0073503282158605,-0.11862502821586052
3668,4.849088,5.000058732059977,-0.15097073205997713
3669,4.7989326,4.992714964918037,-0.1937823649180377
3670,4.741778,4.9850326896813195,-0.24325468968131947
3671,4.6839643,4.9775101133063835,-0.2935458133063831
3672,4.6342382,4.969462868886917,-0.3352246688869167
3673,4.578415,4.961341996157622,-0.3829269961576225
3674,4.5331397,4.953508032309721,-0.4203683323097209
3675,4.4904914,4.944873734126277,-0.4543823341262776
3676,4.462855,4.936734167094477,-0.4738791670944771
3677,4.4183087,4.928665325280368,-0.5103566252803677
3678,4.3931055,4.921510195683236,-0.5284046956832364
3679,4.3680396,4.91488421712706,-0.5468446171270598
3680,4.34421,4.90747362368282,-0.5632636236828192
3681,4.3257666,4.900314901950804,-0.574548301950804
3682,4.3151627,4.893694221296336,-0.5785315212963358
3683,4.3135824,4.88877285568296,-0.5751904556829608
3684,4.320739,4.884633181603641,-0.5638941816036409
3685,4.333107,4.879663937678156,-0.5465569376781563
3686,4.3504944,4.874935595005023,-0.5244411950050232
3687,4.373084,4.871192438576304,-0.4981084385763035
3688,4.401824,4.86851650673698,-0.4666925067369796
3689,4.433831,4.865236297743431,-0.4314052977434315
3690,4.466156,4.861767718159224,-0.39561171815922425
3691,4.499503,4.858863149669973,-0.359360149669973
3692,4.5325155,4.856500502882082,-0.32398500288208254
3693,4.5637403,4.854410291734394,-0.29066999173439356
3694,4.5939264,4.853081326240476,-0.259154926240476
3695,4.6200366,4.852182053661633,-0.23214545366163364
3696,4.643861,4.8513536551398815,-0.20749265513988124
3697,4.645176,4.8506554654102505,-0.2054794654102503
3698,4.646395,4.850180925576084,-0.2037859255760841
3699,4.648539,4.850291921596233,-0.20175292159623215
3700,4.6515594,4.850613409692172,-0.1990540096921718
3701,4.655409,4.851092110596077,-0.19568311059607701
3702,4.66004,4.851585949168196,-0.19154594916819523
3703,4.6654043,4.853065346908538,-0.1876610469085387
3704,4.6714554,4.855893950969118,-0.18443855096911754
3705,4.678145,4.859507139498419,-0.18136213949841906
3706,4.6854258,4.862761537310086,-0.17733573731008612
3707,4.6932497,4.86528634119525,-0.17203664119525008
3708,4.7015696,4.868860683176312,-0.1672910831763117
3709,4.7103376,4.873034914869865,-0.16269731486986494
3710,4.7195063,4.8924781865586455,-0.1729718865586456
3711,4.729028,4.911616725236043,-0.18258872523604364
3712,4.7388554,4.916159892141055,-0.17730449214105448
3713,4.7489405,4.921593122646363,-0.17265262264636316
3714,4.759236,4.9284097922365016,-0.16917379223650197
3715,4.769694,4.94432696971817,-0.17463296971816966
3716,4.780267,4.959075124800978,-0.17880812480097763
3717,4.790907,4.961268782513723,-0.17036178251372291
3718,4.801567,4.964042298615231,-0.1624752986152309
3719,4.8121996,4.966924474143073,-0.15472487414307334
3720,4.822757,4.969676473542573,-0.14691947354257273
3721,4.833191,4.973118107530281,-0.13992710753028081
3722,4.8434544,4.976950978330073,-0.13349657833007367
3723,4.8535,4.983315478689048,-0.1298154786890473
3724,4.8632793,4.989794371744339,-0.12651507174433885
3725,4.8727455,4.9947164415295076,-0.12197094152950783
3726,4.8818507,4.999715360946333,-0.11786466094633319
3727,4.8905478,5.004423028915658,-0.11387522891565816
3728,4.898788,5.00887630921055,-0.11008830921055068
3729,4.906525,5.013505894931293,-0.1069808949312927
3730,4.91371,5.017962485609052,-0.10425248560905231
3731,4.9202967,5.022429684445382,-0.10213298444538221
3732,4.9262366,5.0256473410569535,-0.09941074105695336
3733,4.9314823,5.028487155152008,-0.09700485515200796
3734,4.9359865,5.031208121188524,-0.09522162118852329
3735,4.939701,5.034725581902696,-0.09502458190269536
3736,4.9425783,5.037318063102146,-0.0947397631021456
3737,4.9445715,5.040228631412977,-0.0956571314129766
3738,4.9456325,5.046291108820411,-0.10065860882041111
3739,4.9447937,5.051124139720092,-0.10633043972009215
3740,4.936421,5.0524019362223305,-0.1159809362223303
3741,4.914594,5.0531072127734,-0.13851321277339945
3742,4.8876123,5.054564358052374,-0.1669520580523738
3743,4.8595505,5.056343141377732,-0.19679264137773167
3744,4.817454,5.056873991725743,-0.23941999172574313
3745,4.806193,5.056356073078254,-0.25016307307825336
3746,4.7985787,5.056207034852961,-0.2576283348529609
3747,4.7905536,5.055793797843444,-0.2652401978434442
3748,4.785641,5.055306450338867,-0.26966545033886735
3749,4.785174,5.054348287527769,-0.2691742875277692
3750,4.7847314,5.053069927830291,-0.26833852783029055
3751,4.7842712,5.052825821101504,-0.2685546211015035
3752,4.784085,5.052580748886649,-0.2684957488866493
3753,4.7859488,5.050879023426484,-0.2649302234264841
3754,4.7875824,5.049082091439018,-0.26149969143901863
3755,4.7901993,5.047990550336685,-0.2577912503366848
3756,4.796623,5.047191842484618,-0.2505688424846175
3757,4.804862,5.04576877223855,-0.24090677223855028
3758,4.812355,5.044064938603523,-0.2317099386035224
3759,4.8182993,5.042555077273431,-0.2242557772734317
3760,4.821094,5.041186506001371,-0.22009250600137076
3761,4.81992,5.040236167442541,-0.22031616744254112
3762,4.8150306,5.039303238609972,-0.22427263860997204
3763,4.805917,5.038545581517861,-0.2326285815178606
3764,4.7962365,5.038235544556691,-0.24199904455669063
3765,4.7925043,5.0383883144977,-0.24588401449770014
3766,4.780729,5.038501066688329,-0.25777206668832875
3767,4.7723227,5.038746108054394,-0.26642340805439346
3768,4.7644525,5.039702583295892,-0.27525008329589173
3769,4.7586484,5.040469195145688,-0.2818207951456877
3770,4.7540884,5.040996539872991,-0.2869081398729909
3771,4.749008,5.041821246390817,-0.29281324639081685
3772,4.7389407,5.043038917006053,-0.3040982170060529
3773,4.7246976,5.0450231766649125,-0.3203255766649127
3774,4.70886,5.046951418807417,-0.33809141880741755
3775,4.6912055,5.0486045292431205,-0.35739902924312084
3776,4.689979,5.050776176639832,-0.36079717663983146
3777,4.6911077,5.053071225439371,-0.3619635254393714
3778,4.692938,5.055964022672162,-0.36302602267216244
3779,4.6954274,5.059124207824416,-0.36369680782441627
3780,4.698534,5.062414771491386,-0.3638807714913854
3781,4.702216,5.065866504822185,-0.36365050482218475
3782,4.7064314,5.0789154935941,-0.3724840935941005
3783,4.7111373,5.092178670781655,-0.3810413707816549
3784,4.7162924,5.096013014474801,-0.37972061447480066
3785,4.721854,5.100004301413612,-0.37815030141361117
3786,4.727781,5.103821939886414,-0.37604093988641374
3787,4.73403,5.107701241114735,-0.37367124111473515
3788,4.74056,5.111589735211395,-0.37102973521139493
3789,4.7473283,5.115518864913261,-0.3681905649132604
3790,4.754293,5.119373236650836,-0.36508023665083655
3791,4.7614117,5.123280777748272,-0.36186907774827226
3792,4.768643,5.126838624801973,-0.3581956248019731
3793,4.7759447,5.135342806396693,-0.3593981063966929
3794,4.783274,5.143398075349057,-0.36012407534905755
3795,4.7905893,5.145929531455085,-0.3553402314550853
3796,4.7978487,5.147969169558976,-0.35012046955897613
3797,4.80501,5.149953448852038,-0.344943448852038
3798,4.812031,5.153453078527116,-0.34142207852711604
3799,4.818869,5.157038897485746,-0.3381698974857459
3800,4.8254833,5.158143562001692,-0.3326602620016921
3801,4.8318305,5.158704341957149,-0.3268738419571493
3802,4.8378696,5.15941093120708,-0.3215413312070794
3803,4.8435574,5.161482223193342,-0.3179248231933425
3804,4.848853,5.16283915192842,-0.31398615192841994
3805,4.8537135,5.161080617219097,-0.3073671172190977
3806,4.8580966,5.15939817087167,-0.3013015708716704
3807,4.861961,5.157346986393238,-0.29538598639323776
3808,4.8652644,5.155263568672208,-0.28999916867220765
3809,4.8679643,5.153506645615229,-0.2855423456152293
3810,4.870019,5.1517495278520276,-0.28173052785202746
3811,4.871386,5.149889723656786,-0.2785037236567858
3812,4.872024,5.148017045549635,-0.2759930455496349
3813,4.8593116,5.146446587315484,-0.2871349873154845
3814,4.8926535,5.144728831420362,-0.25207533142036187
3815,4.9153256,5.1425014605339285,-0.22717586053392846
3816,4.9090815,5.140106974640118,-0.23102547464011813
3817,4.8996916,5.137187515138771,-0.237495915138771
3818,4.898498,5.134083080328501,-0.23558508032850067
3819,4.8958063,5.131622785766304,-0.23581648576630343
3820,4.8917313,5.129153046324073,-0.2374217463240731
3821,4.886388,5.125601914339651,-0.23921391433965056
3822,4.8798914,5.121906166574386,-0.24201476657438636
3823,4.872358,5.119037281171205,-0.24667928117120486
3824,4.8639016,5.11700210509946,-0.2531005050994599
3825,4.8546386,5.114032086041539,-0.2593934860415388
3826,4.844684,5.10925334053028,-0.26456934053028025
3827,4.834153,5.104397042733774,-0.27024404273377467
3828,4.8231606,5.099912389667175,-0.2767517896671752
3829,4.811823,5.095879331985495,-0.28405633198549474
3830,4.8002543,5.091764087589831,-0.29150978758983115
3831,4.7885704,5.087537925742357,-0.2989675257423565
3832,4.7768865,5.083553239748061,-0.3066667397480609
3833,4.765318,5.079516344202927,-0.3141983442029277
3834,4.7539797,5.075863174963258,-0.32188347496325775
3835,4.7429876,5.072037439445604,-0.32904983944560406
3836,4.7324567,5.067868651268002,-0.33541195126800183
3837,4.7225018,5.063794634289762,-0.34129283428976187
3838,4.713239,5.059800169807662,-0.3465611698076625
3839,4.704783,5.056043414367366,-0.3512604143673661
3840,4.6972494,5.052315110462254,-0.3550657104622541
3841,4.690753,5.048942696907089,-0.3581896969070888
3842,4.6854095,5.045874202828906,-0.3604647028289065
3843,4.6813345,5.042542611858986,-0.3612081118589856
3844,4.6786427,5.039184681989506,-0.36054198198950616
3845,4.677449,5.036208123269359,-0.3587591232693592
3846,4.691971,5.033200146218819,-0.3412291462188195
3847,4.7094827,5.030063493399471,-0.3205807933994711
3848,4.723136,5.02696051038629,-0.3038245103862902
3849,4.729312,5.024706702675437,-0.2953947026754369
3850,4.7297435,5.022632078688095,-0.29288857868809526
3851,4.7305684,5.021993407328419,-0.29142500732841903
3852,4.7319055,5.022213593130584,-0.2903080931305837
3853,4.7337236,5.021076000033738,-0.28735240003373796
3854,4.7359915,5.018484855503494,-0.28249335550349386
3855,4.7386785,5.016326196854358,-0.2776476968543582
3856,4.741753,5.014432470892096,-0.2726794708920961
3857,4.745184,5.013656557718206,-0.2684725577182059
3858,4.7489405,5.0131674558334085,-0.2642269558334087
3859,4.7529917,5.0125047311613,-0.2595130311613003
3860,4.7573056,5.011944411456116,-0.25463881145611644
3861,4.761852,5.011835877030716,-0.2499838770307159
3862,4.7665987,5.011822053871958,-0.2452233538719577
3863,4.771516,5.012225470163508,-0.24070947016350797
3864,4.7765718,5.013011691611919,-0.23643989161191925
3865,4.781735,5.013881883482878,-0.23214688348287815
3866,4.786975,5.0147796732699605,-0.22780467326996057
3867,4.79226,5.015498458131444,-0.22323845813144416
3868,4.7975597,5.016207699627294,-0.21864799962729453
3869,4.802842,5.017261281457452,-0.21441928145745237
3870,4.808077,5.01859262224039,-0.2105156222403899
3871,4.8132324,5.020412221842433,-0.20717982184243233
3872,4.818278,5.022241797614199,-0.20396379761419858
3873,4.823182,5.023538797865664,-0.20035679786566352
3874,4.8279138,5.02518465992319,-0.19727085992319005
3875,4.832442,5.027520326769978,-0.19507832676997783
3876,4.836735,5.029694023007623,-0.19295902300762258
3877,4.8407626,5.031076498003034,-0.19031389800303433
3878,4.844493,5.032206173797019,-0.18771317379701902
3879,4.8478956,5.033854207935148,-0.18595860793514785
3880,4.850939,5.035527477675897,-0.1845884776758968
3881,4.8535924,5.036011417882767,-0.1824190178827667
3882,4.855824,5.036340348100745,-0.18051634810074457
3883,4.857603,5.037252549087639,-0.17964954908763886
3884,4.8588986,5.040326126055916,-0.1814275260559164
3885,4.859679,5.042851765621823,-0.18317276562182272
3886,4.859226,5.044746736824754,-0.18552073682475445
3887,4.8704944,5.0476731410695,-0.1771787410694996
3888,4.8883734,5.050000065358459,-0.16162666535845904
3889,4.8981237,5.0523640139429595,-0.15424031394295934
3890,4.8977365,5.054891905101762,-0.1571554051017623
3891,4.888202,5.058713690458488,-0.17051169045848802
3892,4.8700833,5.062719378167408,-0.1926360781674079
3893,4.855228,5.066198428726106,-0.21097042872610583
3894,4.857629,5.070346455894757,-0.2127174558947571
3895,4.8590875,5.0746906727994245,-0.21560317279942431
3896,4.86433,5.078904248436214,-0.21457424843621453
3897,4.8676114,5.084429713710066,-0.21681831371006588
3898,4.87013,5.0876939989970005,-0.21756399899700085
3899,4.898931,5.090210084860661,-0.19127908486066048
3900,4.9230466,5.093727745090449,-0.17068114509044907
3901,4.9371195,5.096552452207094,-0.1594329522070943
3902,4.941413,5.098999461494845,-0.15758646149484523
3903,4.9226794,5.101644140247927,-0.17896474024792752
3904,4.931679,5.104382352445935,-0.17270335244593493
3905,4.940789,5.10771232077628,-0.16692332077627992
3906,4.9461737,5.111028666571107,-0.16485496657110676
3907,4.9524984,5.114461279070608,-0.16196287907060825
3908,4.957439,5.118206649272436,-0.1607676492724357
3909,4.9595633,5.122480315371502,-0.1629170153715016
3910,4.959632,5.127140509930552,-0.16750850993055177
3911,4.956638,5.13130143966993,-0.17466343966993048
3912,4.951462,5.135772352954489,-0.18431035295448872
3913,4.947768,5.140644028606285,-0.1928760286062854
3914,4.940595,5.145652395985386,-0.20505739598538586
3915,4.9229126,5.1505827949143885,-0.22767019491438845
3916,4.921027,5.154392211525247,-0.23336521152524714
3917,4.9206967,5.159183206452934,-0.23848650645293468
3918,4.9201694,5.164065880227728,-0.24389648022772814
3919,4.9164495,5.168450928578703,-0.2520014285787031
3920,4.910456,5.172927866763939,-0.2624718667639394
3921,4.900817,5.177109798430689,-0.2762927984306893
3922,4.8867807,5.180983304113955,-0.2942026041139547
3923,4.872538,5.184182690945771,-0.3116446909457711
3924,4.8528934,5.186727433169835,-0.3338340331698353
3925,4.837126,5.188414406056938,-0.35128840605693856
3926,4.835838,5.189164510832026,-0.3533265108320265
3927,4.834629,5.189419025181761,-0.35479002518176106
3928,4.8334966,5.189176909164981,-0.35568030916498117
3929,4.832438,5.1889763283033465,-0.35653832830334675
3930,4.8314505,5.194736693640477,-0.36328619364047743
3931,4.830532,5.200908467218034,-0.3703764672180343
3932,4.8296795,5.200575250385866,-0.3708957503858663
3933,4.8288903,5.200112119067973,-0.3712218190679728
3934,4.828162,5.200277987184858,-0.3721159871848583
3935,4.827492,5.203121131135096,-0.37562913113509566
3936,4.8268785,5.206788693966534,-0.37991019396653414
3937,4.826318,5.205694221446756,-0.37937622144675665
3938,4.8258076,5.202109555400796,-0.3763019554007956
3939,4.825345,5.1982030477317895,-0.3728580477317891
3940,4.8249288,5.193674438995982,-0.368745638995982
3941,4.8245544,5.192519415704215,-0.3679650157042147
3942,4.8242207,5.19131253480067,-0.36709183480067065
3943,4.823925,5.187665888309633,-0.3637408883096329
3944,4.8236637,5.184155961056393,-0.3604922610563932
3945,4.8234353,5.180511913030163,-0.3570766130301628
3946,4.823237,5.1767015219843895,-0.3534645219843897
3947,4.8230658,5.173112343216675,-0.35004654321667505
3948,4.822919,5.16995963068196,-0.34704063068196067
3949,4.8227944,5.166904168852071,-0.34410976885207045
3950,4.82269,5.163775481495199,-0.3410854814951989
3951,4.8226023,5.160870500834547,-0.33826820083454745
3952,4.822529,5.1603116195940055,-0.33778261959400524
3953,4.822467,5.159208630134928,-0.3367416301349282
3954,4.822415,5.157254669734122,-0.33483966973412205
3955,4.822369,5.154166438598149,-0.3317974385981488
3956,4.822327,5.151246890333471,-0.3289198903334718
3957,4.822287,5.148609301819411,-0.3263223018194106
3958,4.8222456,5.146041318179965,-0.3237957181799658
3959,4.822201,5.143960701214687,-0.32175970121468733
3960,4.8221493,5.142299505067973,-0.3201502050679723
3961,4.822089,5.140622503082233,-0.31853350308223316
3962,4.8220177,5.139269801629865,-0.3172521016298653
3963,4.821932,5.138296434161238,-0.3163644341612377
3964,4.82183,5.138064569971921,-0.3162345699719209
3965,4.821708,5.138667003134383,-0.3169590031343832
3966,4.8215647,5.138861008555895,-0.3172963085558953
3967,4.821397,5.139632227423807,-0.3182352274238065
3968,4.8212023,5.141890654902206,-0.32068835490220593
3969,4.820978,5.144327379662823,-0.3233493796628224
3970,4.8207216,5.145737253750672,-0.3250156537506719
3971,4.8204308,5.146496228975377,-0.3260654289753777
3972,4.820102,5.1476058390644726,-0.3275038390644722
3973,4.819734,5.148951204923563,-0.32921720492356243
3974,4.819323,5.151218656700256,-0.3318956567002562
3975,4.818867,5.153013367276236,-0.3341463672762357
3976,4.8183637,5.154172298831588,-0.335808598831588
3977,4.81781,5.155562608717183,-0.3377526087171834
3978,4.8172035,5.156495054754712,-0.3392915547547126
3979,4.8165417,5.1571387934769595,-0.3405970934769593
3980,4.8158216,5.157644001972246,-0.3418224019722462
3981,4.815041,5.158869353216582,-0.34382835321658245
3982,4.814197,5.160194822615619,-0.34599782261561884
3983,4.8132877,5.160663473397603,-0.3473757733976033
3984,4.81231,5.160878643510382,-0.3485686435103821
3985,4.811261,5.16114528928928,-0.34988428928927995
3986,4.810139,5.1614662054110125,-0.35132720541101214
3987,4.808941,5.1615770073933325,-0.35263600739333256
3988,4.808657,5.161429838501128,-0.35277283850112795
3989,4.8090243,5.16128980728274,-0.3522655072827403
3990,4.81117,5.16135158559695,-0.35018158559695056
3991,4.814504,5.161289869078035,-0.346785869078035
3992,4.814405,5.160963009797754,-0.34655800979775453
3993,4.8046746,5.160726285553033,-0.3560516855530329
3994,4.7774024,5.160712653511703,-0.383310253511703
3995,4.73599,5.160860837826216,-0.4248708378262158
3996,4.687391,5.16098469317863,-0.4735936931786302
3997,4.6407285,5.16105834025782,-0.52032984025782
3998,4.609121,5.161503348615315,-0.552382348615315
3999,4.5821,5.1621158718286,-0.5800158718286008
4000,4.5709233,5.1628633422318195,-0.59194004223182
4001,4.5843263,5.163937543855954,-0.579611243855954
4002,4.5980744,5.16507816932071,-0.56700376932071
4003,4.6114383,5.166129191523391,-0.554690891523391
4004,4.6244345,5.1672204510761635,-0.5427859510761639
4005,4.6370797,5.168306234402279,-0.5312265344022791
4006,4.649391,5.169557778297606,-0.5201667782976065
4007,4.661385,5.170965790346239,-0.5095807903462388
4008,4.673078,5.17243516362435,-0.49935716362434945
4009,4.684487,5.173822609070054,-0.48933560907005447
4010,4.6956286,5.17508714051988,-0.4794585405198797
4011,4.706519,5.176230431833817,-0.4697114318338169
4012,4.717176,5.177534898546087,-0.4603588985460867
4013,4.7276144,5.178860612358365,-0.45124621235836493
4014,4.7378526,5.179757594664181,-0.4419049946641813
4015,4.7479076,5.180762372281042,-0.4328547722810425
4016,4.757795,5.181880537808903,-0.424085537808903
4017,4.7675323,5.182539671326897,-0.41500737132689736
4018,4.7771354,5.182901417466783,-0.4057660174667834
4019,4.786621,5.183146683578563,-0.3965256835785631
4020,4.7960067,5.183308375547157,-0.3873016755471568
4021,4.8053083,5.18351544864087,-0.37820714864087
4022,4.8145432,5.18323795217124,-0.3686947521712396
4023,4.823727,5.182848301352297,-0.3591213013522969
4024,4.8328776,5.18249208777214,-0.3496144877721399
4025,4.842011,5.182199267955226,-0.3401882679552255
4026,4.851144,5.181446205039712,-0.33030220503971197
4027,4.8602934,5.180922884258882,-0.32062948425888216
4028,4.8694754,5.180919310542182,-0.3114439105421818
4029,4.8787074,5.184055126593514,-0.3053477265935145
4030,4.888006,5.186654994987413,-0.2986489949874134
4031,4.8973875,5.1859146119206185,-0.28852711192061875
4032,4.906869,5.1854762514019805,-0.27860725140198017
4033,4.9164667,5.185037695649314,-0.26857099564931364
4034,4.9261975,5.184343483142909,-0.25814598314290915
4035,4.9360785,5.182703587638984,-0.24662508763898394
4036,4.946126,5.179660582887568,-0.23353458288756812
4037,4.9563565,5.176712819811576,-0.2203563198115761
4038,4.966787,5.173736218594655,-0.2069492185946551
4039,4.977434,5.169816818538193,-0.19238281853819306
4040,4.9883146,5.165892537094561,-0.17757793709456138
4041,4.9994454,5.161897424706089,-0.16245202470608877
4042,5.010843,5.157675898119549,-0.14683289811954836
4043,5.018596,5.153513372894256,-0.13491737289425654
4044,5.0149255,5.149372860373702,-0.1344473603737013
4045,5.0001483,5.1455182704529845,-0.14536997045298428
4046,4.9832077,5.142160364388015,-0.15895266438801503
4047,4.965465,5.139006979161208,-0.17354197916120828
4048,4.9479775,5.135678202377402,-0.187700702377402
4049,4.9314337,5.132549731712884,-0.20111603171288372
4050,4.9059405,5.13020651517352,-0.2242660151735203
4051,4.867809,5.1275904210601935,-0.2597814210601932
4052,4.8213925,5.124675301611736,-0.3032828016117364
4053,4.7732,5.122047950103866,-0.34884795010386593
4054,4.7258453,5.120053075516326,-0.39420777551632646
4055,4.6854324,5.119407687577441,-0.4339752875774412
4056,4.6564384,5.118550433182599,-0.4621120331825992
4057,4.6359277,5.11743261161143,-0.48150491161143005
4058,4.6240997,5.11709344084467,-0.4929937408446694
4059,4.619227,5.116875405580173,-0.49764840558017287
4060,4.620576,5.116777269883942,-0.496201269883942
4061,4.6260724,5.117027724908723,-0.4909553249087226
4062,4.635755,5.117847195096209,-0.48209219509620915
4063,4.647472,5.119973422992189,-0.4725014229921891
4064,4.658332,5.122835047941418,-0.4645030479414185
4065,4.6685586,5.125866984109527,-0.4573083841095267
4066,4.681755,5.128624319587567,-0.4468693195875675
4067,4.696193,5.131419238751926,-0.4352262387519259
4068,4.7132864,5.134633241463399,-0.4213468414633983
4069,4.729583,5.137497349925512,-0.40791434992551245
4070,4.7459674,5.140458001679056,-0.39449060167905614
4071,4.762279,5.143749908808308,-0.3814709088083079
4072,4.772176,5.146890149385384,-0.37471414938538405
4073,4.7782426,5.149756369985126,-0.37151376998512653
4074,4.7839518,5.152728914827873,-0.3687771148278731
4075,4.78934,5.156440781646447,-0.3671007816464469
4076,4.7944326,5.1602596638227975,-0.36582706382279717
4077,4.7992554,5.163240463004144,-0.36398506300414457
4078,4.8038325,5.166183026394688,-0.362350526394688
4079,4.8081903,5.169365553564579,-0.36117525356457936
4080,4.812353,5.172822109542626,-0.3604691095426258
4081,4.8163466,5.1760758339158315,-0.35972923391583134
4082,4.820196,5.179371527804378,-0.35917552780437756
4083,4.823927,5.182541942711837,-0.3586149427118368
4084,4.827564,5.1850469249733955,-0.35748292497339573
4085,4.831132,5.18808541455955,-0.3569534145595501
4086,4.834657,5.19084246428517,-0.3561854642851703
4087,4.8381643,5.192465130414081,-0.3543008304140809
4088,4.841679,5.194238913405933,-0.3525599134059325
4089,4.845226,5.195781670380298,-0.3505556703802979
4090,4.8488307,5.196934185234841,-0.3481034852348417
4091,4.852518,5.197536558646,-0.3450185586460002
4092,4.8563137,5.198149147820105,-0.3418354478201051
4093,4.860243,5.198607734506164,-0.33836473450616467
4094,4.8643303,5.198615856828086,-0.33428555682808625
4095,4.868602,5.198483518593381,-0.329881518593381
4096,4.8730826,5.19815874059775,-0.3250761405977496
4097,4.877797,5.197500121781328,-0.31970312178132776
4098,4.8827715,5.196774229111124,-0.3140027291111247
4099,4.8880305,5.195244555422248,-0.3072140554222482
4100,4.8935995,5.193641028404211,-0.3000415284042113
4101,4.8995037,5.1921267365997394,-0.2926230365997391
4102,4.9057684,5.189858197734554,-0.2840897977345538
4103,4.912419,5.186915486710298,-0.2744964867102979
4104,4.91948,5.183832206186003,-0.2643522061860031
4105,4.926977,5.181056095217225,-0.25407909521722516
4106,4.934936,5.177709876383087,-0.24277387638308667
4107,4.9433813,5.173769842197332,-0.23038854219733196
4108,4.9567533,5.169785075836888,-0.21303177583688804
4109,4.9680905,5.165935616237827,-0.1978451162378274
4110,4.9757667,5.162377312806583,-0.1866106128065823
4111,4.982969,5.158686524543934,-0.1757175245439342
4112,4.9889755,5.154637637499546,-0.16566213749954617
4113,4.990386,5.1508529167977555,-0.1604669167977555
4114,4.965817,5.146756102234281,-0.180939102234281
4115,4.982656,5.142682617115312,-0.16002661711531196
4116,4.9909744,5.138981679329038,-0.1480072793290379
4117,4.9921646,5.135891152453486,-0.14372655245348653
4118,4.9870157,5.132754286256849,-0.145738586256849
4119,4.9801493,5.130215711575784,-0.15006641157578393
4120,4.9687204,5.128260823303836,-0.15954042330383622
4121,4.9583564,5.126436711114678,-0.1680803111146778
4122,4.9514728,5.124626905901077,-0.1731541059010766
4123,4.942515,5.123001885370971,-0.18048688537097046
4124,4.935212,5.121502582024125,-0.1862905820241254
4125,4.9107394,5.120114675856213,-0.20937527585621307
4126,4.9233594,5.118869546420431,-0.19551014642043096
4127,4.922169,5.117683336714207,-0.19551433671420693
4128,4.9141965,5.116742683698679,-0.20254618369867927
4129,4.9136777,5.115932476356283,-0.2022547763562832
4130,4.9104743,5.115981220618099,-0.20550692061809883
4131,4.9046936,5.117286981405638,-0.21259338140563777
4132,4.8997293,5.119010379535296,-0.2192810795352962
4133,4.8962293,5.120284412865896,-0.22405511286589608
4134,4.900539,5.1218953746609515,-0.22135637466095126
4135,4.903958,5.125191455499745,-0.22123345549974438
4136,4.9156756,5.129056213855128,-0.21338061385512752
4137,4.924394,5.131921311364575,-0.2075273113645748
4138,4.9341607,5.134941141706671,-0.2007804417066712
4139,4.944698,5.138568860492884,-0.1938708604928845
4140,4.95492,5.14265184927712,-0.18773184927711917
4141,4.964831,5.146553760495613,-0.18172276049561287
4142,4.974435,5.150335098067988,-0.1759000980679879
4143,4.983737,5.154505743873,-0.17076874387300034
4144,4.992742,5.158768285367995,-0.16602628536799546
4145,5.001454,5.163355258650762,-0.16190125865076244
4146,5.009878,5.168079206179851,-0.158201206179851
4147,5.0180187,5.172775074895298,-0.1547563748952978
4148,5.025881,5.1773738991846825,-0.15149289918468245
4149,5.0334687,5.181962038120183,-0.14849333812018273
4150,5.040787,5.186273541627439,-0.1454865416274389
4151,5.047841,5.1930858841352485,-0.1452448841352485
4152,5.054635,5.204078916990691,-0.14944391699069115
4153,5.0611734,5.212271612990614,-0.15109821299061377
4154,5.067461,5.215211495162519,-0.14775049516251926
4155,5.0735025,5.21781418340181,-0.1443116834018099
4156,5.079303,5.220208755051352,-0.14090575505135128
4157,5.084866,5.2224083246202095,-0.13754232462020965
4158,5.0901976,5.2243967959166495,-0.13419919591664975
4159,5.095301,5.226157522442408,-0.13085652244240809
4160,5.1001825,5.227808533240329,-0.12762603324032895
4161,5.104845,5.229463521559809,-0.12461852155980857
4162,5.1092944,5.235933110444749,-0.12663871044474906
4163,5.1135354,5.2462078113117245,-0.13267241131172458
4164,5.117572,5.251833516376026,-0.1342615163760259
4165,5.1214085,5.2542885920025855,-0.13288009200258522
4166,5.125051,5.255994465613464,-0.1309434656134636
4167,5.128503,5.257103644277932,-0.12860064427793194
4168,5.131769,5.2576558062542595,-0.1258868062542593
4169,5.1348553,5.258390162336275,-0.12353486233627553
4170,5.1377645,5.259309136391566,-0.12154463639156532
4171,5.1405025,5.259824796271657,-0.11932229627165647
4172,5.1430736,5.259726506250766,-0.11665290625076619
4173,5.145482,5.259710974086075,-0.11422897408607469
4174,5.1477337,5.259826628814031,-0.11209292881403154
4175,5.149832,5.2592792172959335,-0.10944721729593354
4176,5.151782,5.2587245213705005,-0.10694252137050064
4177,5.153589,5.258007956667762,-0.1044189566677618
4178,5.1552563,5.257097633786114,-0.1018413337861146
4179,5.15679,5.256086897695559,-0.0992968976955586
4180,5.1581936,5.254774860197789,-0.09658126019778912
4181,5.1594725,5.253527596933731,-0.09405509693373126
4182,5.160631,5.2523516570190925,-0.09172065701909204
4183,5.161674,5.25089657508688,-0.0892225750868807
4184,5.1626062,5.249308139768877,-0.08670193976887663
4185,5.1634316,5.247713066349355,-0.0842814663493554
4186,5.164156,5.246353685427552,-0.0821976854275519
4187,5.164783,5.245007920976484,-0.08022492097648382
4188,5.165318,5.2433731819249685,-0.07805518192496841
4189,5.1657653,5.241710013229646,-0.0759447132296458
4190,5.1661296,5.240081885262547,-0.07395228526254716
4191,5.166415,5.238613328231263,-0.07219832823126282
4192,5.1666274,5.237090371950306,-0.07046297195030604
4193,5.1667705,5.2355268739026535,-0.06875637390265332
4194,5.165996,5.234153832125011,-0.06815783212501092
4195,5.163695,5.23279786965062,-0.06910286965061996
4196,5.159899,5.231795989806474,-0.07189698980647385
4197,5.154642,5.230634054109195,-0.07599205410919474
4198,5.147956,5.229408383022496,-0.08145238302249602
4199,5.1398726,5.228667138725773,-0.08879453872577248
4200,5.130426,5.228060369452108,-0.09763436945210824
4201,5.1196475,5.22749984748715,-0.10785234748714956
4202,5.10757,5.226917739973533,-0.11934773997353343
4203,5.0942264,5.226252864537092,-0.1320264645370921
4204,5.0796494,5.225679309020786,-0.14602990902078616
4205,5.063871,5.225090468144811,-0.16121946814481092
4206,5.046924,5.224526131565758,-0.17760213156575855
4207,5.0288415,5.22404271060904,-0.1952012106090395
4208,5.0176306,5.223529938833588,-0.20589933883358746
4209,4.996711,5.223192601658166,-0.22648160165816567
4210,4.9618387,5.222866133499908,-0.2610274334999074
4211,4.9226313,5.222741142313937,-0.3001098423139368
4212,4.888987,5.222957114886813,-0.33397011488681283
4213,4.863021,5.223139754817841,-0.36011875481784106
4214,4.844817,5.22303214548444,-0.37821514548444046
4215,4.825978,5.22299998526346,-0.3970219852634598
4216,4.816944,5.223195714156963,-0.40625171415696304
4217,4.81826,5.223270673598131,-0.4050106735981309
4218,4.820819,5.222991753374928,-0.40217275337492797
4219,4.8245397,5.22285301942496,-0.3983133194249602
4220,4.8293443,5.222963952376917,-0.3936196523769171
4221,4.8351536,5.223500828942382,-0.38834722894238194
4222,4.841889,5.223750652194648,-0.3818616521946483
4223,4.84947,5.223683400108632,-0.3742134001086317
4224,4.857819,5.224080864738992,-0.36626186473899214
4225,4.866856,5.224300135233481,-0.3574441352334805
4226,4.876503,5.2241450926116135,-0.34764209261161394
4227,4.88668,5.223877927904347,-0.3371979279043469
4228,4.8973083,5.224079547587722,-0.3267712475877227
4229,4.908309,5.224170531794418,-0.3158615317944182
4230,4.9196024,5.223687611860099,-0.30408521186009896
4231,4.93111,5.2229784283916,-0.29186842839159954
4232,4.942753,5.222219821868374,-0.27946682186837446
4233,4.9544516,5.221367900034637,-0.2669163000346373
4234,4.9661274,5.220395091162578,-0.2542676911625774
4235,4.9777007,5.219393750279311,-0.2416930502793111
4236,4.9890933,5.218291721806385,-0.22919842180638472
4237,5.0002255,5.216761315647325,-0.21653581564732516
4238,5.0110188,5.2153740617099995,-0.20435526170999907
4239,5.0213933,5.213550888455195,-0.1921575884551956
4240,5.0312705,5.211250596001175,-0.17998009600117548
4241,5.040571,5.208981101252227,-0.16841010125222677
4242,5.0492167,5.2066919425507106,-0.15747524255071088
4243,5.0571275,5.2038067386029425,-0.14667923860294252
4244,5.0642247,5.2004720804423545,-0.13624738044235496
4245,5.0704293,5.196919150548606,-0.12648985054860606
4246,5.075662,5.194010369667806,-0.11834836966780582
4247,5.0798445,5.190945353488634,-0.11110085348863397
4248,5.0828967,5.186937967112627,-0.10404126711262673
4249,5.08474,5.182852459925782,-0.09811245992578232
4250,5.085277,5.179040547854705,-0.09376354785470564
4251,5.079933,5.174739081492905,-0.09480608149290504
4252,5.0686364,5.170142421214059,-0.1015060212140595
4253,5.0512924,5.16556668265554,-0.11427428265553985
4254,5.0295453,5.16149882195267,-0.13195352195267063
4255,5.001325,5.156936801192298,-0.15561180119229867
4256,4.970965,5.15185372599579,-0.1808887259957901
4257,4.9443545,5.146341407053413,-0.2019869070534126
4258,4.9148307,5.140421361441094,-0.2255906614410934
4259,4.887119,5.134572627149195,-0.24745362714919494
4260,4.858124,5.128563048425559,-0.2704390484255592
4261,4.828164,5.122321871181393,-0.294157871181393
4262,4.797855,5.116516237616639,-0.3186612376166389
4263,4.7693305,5.110916005334148,-0.3415855053341481
4264,4.746388,5.104958198797063,-0.35857019879706353
4265,4.729818,5.098801298072912,-0.3689832980729122
4266,4.7182617,5.093058300690615,-0.3747966006906145
4267,4.710038,5.0876987678758,-0.37766076787579994
4268,4.7012963,5.082666873331622,-0.3813705733316217
4269,4.6884646,5.077561266211717,-0.38909666621171723
4270,4.668429,5.072824698603074,-0.4043956986030741
4271,4.640537,5.069481539788059,-0.42894453978805913
4272,4.605265,5.066231336333361,-0.46096633633336115
4273,4.5665894,5.062766456844972,-0.4961770568449726
4274,4.5297523,5.058769855140734,-0.5290175551407339
4275,4.4978476,5.054869328552534,-0.5570217285525336
4276,4.469466,5.0522838691494725,-0.5828178691494728
4277,4.4502707,5.049843728057654,-0.5995730280576543
4278,4.4334335,5.04626360136797,-0.6128301013679707
4279,4.421357,5.042595321081509,-0.6212383210815089
4280,4.413242,5.039556295132452,-0.6263142951324516
4281,4.409461,5.037739679434155,-0.628278679434155
4282,4.4110236,5.035696612587771,-0.6246730125877713
4283,4.4166107,5.033217415380369,-0.6166067153803692
4284,4.4278097,5.031518919219545,-0.603709219219545
4285,4.4439445,5.0299722513697835,-0.5860277513697838
4286,4.463126,5.028524103881712,-0.5653981038817122
4287,4.4857135,5.027303595941126,-0.5415900959411255
4288,4.51062,5.0261655859816505,-0.5155455859816502
4289,4.536354,5.025285917554685,-0.4889319175546847
4290,4.5624204,5.025017421050285,-0.46259702105028566
4291,4.5899014,5.024827411493989,-0.4349260114939897
4292,4.6170936,5.025271295291636,-0.40817769529163606
4293,4.6410336,5.0291477092185914,-0.38811410921859135
4294,4.660186,5.032416386258756,-0.3722303862587557
4295,4.673316,5.033711325782331,-0.36039532578233135
4296,4.6796746,5.0362581025135125,-0.35658350251351223
4297,4.683099,5.038992567346021,-0.35589356734602084
4298,4.6841636,5.0411048246224475,-0.3569412246224477
4299,4.684103,5.042418467065787,-0.3583154670657862
4300,4.6850586,5.044163439263195,-0.35910483926319525
4301,4.6869245,5.048135999586001,-0.36121149958600096
4302,4.689651,5.05153757323917,-0.36188657323917006
4303,4.69319,5.05385585677312,-0.36066585677312
4304,4.697493,5.055961898235296,-0.35846889823529615
4305,4.7025104,5.058824990432934,-0.3563145904329339
4306,4.7081943,5.061422170891255,-0.3532278708912555
4307,4.714495,5.063779896117199,-0.34928489611719904
4308,4.721365,5.065626043256838,-0.3442610432568385
4309,4.7287545,5.067562012421363,-0.3388075124213632
4310,4.736615,5.069981828158184,-0.3333668281581845
4311,4.7448983,5.07320108908234,-0.3283027890823398
4312,4.7535553,5.075609745151115,-0.3220544451511147
4313,4.762537,5.077232120307435,-0.31469512030743463
4314,4.771795,5.079911112967581,-0.3081161129675811
4315,4.7812805,5.0838278637596686,-0.3025473637596683
4316,4.7909446,5.087438814574404,-0.2964942145744036
4317,4.800739,5.09033060799984,-0.2895916079998395
4318,4.810614,5.092601332716625,-0.2819873327166249
4319,4.820522,5.09377934356814,-0.27325734356813935
4320,4.8304133,5.095018170775621,-0.2646048707756208
4321,4.84024,5.095630284181445,-0.2553902841814457
4322,4.849953,5.0964939736700785,-0.24654097367007832
4323,4.8595037,5.0971309178274335,-0.23762721782743323
4324,4.8688426,5.095541499430392,-0.22669889943039223
4325,4.877922,5.092933735211224,-0.21501173521122396
4326,4.8866925,5.090089460902701,-0.2033969609027011
4327,4.8951054,5.088131208776839,-0.19302580877683884
4328,4.903113,5.0855195829618065,-0.18240658296180623
4329,4.9106646,5.081289457810112,-0.17062485781011283
4330,4.917713,5.0767844123024854,-0.15907141230248545
4331,4.924209,5.072543161073369,-0.14833416107336905
4332,4.9301043,5.067489164823115,-0.1373848648231153
4333,4.935349,5.061980344748649,-0.1266313447486489
4334,4.9398956,5.056127190271015,-0.11623159027101515
4335,4.9436946,5.050404172547731,-0.10670957254773139
4336,4.9466977,5.045087768177977,-0.09839006817797724
4337,4.948856,5.0398868999795345,-0.0910308999795344
4338,4.9458866,5.035155782044936,-0.08926918204493628
4339,4.937522,5.03092887736507,-0.09340687736506936
4340,4.9245763,5.027029446071629,-0.10245314607162914
4341,4.9078636,5.023711785947045,-0.11584818594704505
4342,4.888199,5.021058475988601,-0.13285947598860126
4343,4.866396,5.019106158297334,-0.15271015829733425
4344,4.8432693,5.017934474819693,-0.17466517481969301
4345,4.819634,5.017715874649691,-0.19808187464969151
4346,4.7963037,5.018493909572,-0.22219020957200009
4347,4.774093,5.020635833113865,-0.2465428331138657
4348,4.7538166,5.024379367032223,-0.2705627670322226
4349,4.7362823,5.029308691767201,-0.29302639176720113
4350,4.722318,5.035185667513029,-0.3128676675130295
4351,4.712732,5.04192658111104,-0.3291945811110404
4352,4.708338,5.050684610018868,-0.34234661001886746
4353,4.718122,5.060849186902984,-0.34272718690298376
4354,4.731008,5.070974390213458,-0.33996639021345754
4355,4.7434273,5.081427062811581,-0.33799976281158184
4356,4.7553873,5.0932020514006915,-0.3378147514006917
4357,4.766898,5.1072604195190365,-0.34036241951903623
4358,4.7779675,5.12145683465064,-0.34348933465064047
4359,4.788604,5.13492212471402,-0.3463181247140197
4360,4.798816,5.148577639968703,-0.3497616399687029
4361,4.8086133,5.16294460288303,-0.35433130288302994
4362,4.818003,5.177591040311773,-0.35958804031177305
4363,4.826995,5.191113602097191,-0.36411860209719116
4364,4.8355975,5.203474207543859,-0.3678767075438589
4365,4.8438187,5.215537215188158,-0.37171851518815835
4366,4.851668,5.226528058320401,-0.3748600583204009
4367,4.8591533,5.236453209161738,-0.3772999091617377
4368,4.8662834,5.244825412265282,-0.3785420122652816
4369,4.873067,5.252102521279452,-0.3790355212794525
4370,4.8795123,5.258384131352022,-0.37887183135202207
4371,4.885629,5.26384786038584,-0.3782188603858403
4372,4.891425,5.267814284895326,-0.3763892848953265
4373,4.896909,5.2710432219729,-0.37413422197290025
4374,4.9020896,5.273009600960804,-0.3709200009608038
4375,4.9069753,5.273596675892126,-0.36662137589212573
4376,4.9115753,5.271843724288917,-0.36026842428891737
4377,4.9158974,5.272380468979198,-0.35648306897919735
4378,4.919951,5.275599634415357,-0.3556486344153571
4379,4.9237437,5.2795820149004316,-0.3558383149004314
4380,4.927285,5.283974708309754,-0.35668970830975333
4381,4.9305835,5.286059051528133,-0.3554755515281327
4382,4.933647,5.289928408082719,-0.3562814080827197
4383,4.9364853,5.297934799864546,-0.36144949986454566
4384,4.9391065,5.29953881972072,-0.36043231972071954
4385,4.941519,5.277622257522041,-0.3361032575220406
4386,4.9437313,5.2557188388879394,-0.31198753888793984
4387,4.9457526,5.233916005065997,-0.2881634050659976
4388,4.947591,5.2122961566851505,-0.2647051566851504
4389,4.9492555,5.190936042615356,-0.24168054261535676
4390,4.9507546,5.169906307676257,-0.21915170767625725
4391,4.9520965,5.149271200020478,-0.19717470002047843
4392,4.953291,5.129088430407951,-0.17579743040795126
4393,4.954345,5.10940916605989,-0.1550641660598897
4394,4.955269,5.090278135287597,-0.1350091352875964
4395,4.9560704,5.071733818149819,-0.11566341814981929
4396,4.9567575,5.053808701749722,-0.09705120174972226
4397,4.9573402,5.036529583802821,-0.07918938380282103
4398,4.957826,5.019917912961606,-0.06209191296160643
4399,4.9582243,5.003990158074302,-0.04576585807430167
4400,4.9585433,4.988758200431545,-0.03021490043154529
4401,4.9587913,4.974229742996257,-0.015438442996257074
4402,4.9589777,4.960408729522854,-0.0014310295228536773
4403,4.9591107,4.947295765691357,0.01181493430864311
4404,4.959199,4.934888534228965,0.024310465771034906
4405,4.9592514,4.923182195625362,0.03606920437463845
4406,4.9592757,4.912169765076326,0.047105934923673765
4407,4.9551053,4.901842455954745,0.053262844045254276
4408,4.912369,4.8921899813330265,0.02017901866697347
4409,4.853953,4.883200807476937,-0.02924780747693756
4410,4.793368,4.874862356206747,-0.08149435620674694
4411,4.7356696,4.867161154886703,-0.13149155488670328
4412,4.6825137,4.860082932506909,-0.17756923250690893
4413,4.63568,4.853612660977774,-0.21793266097777408
4414,4.5917172,4.847734545951982,-0.25601734595198256
4415,4.547448,4.842431980262529,-0.29498398026252914
4416,4.510823,4.837687481470153,-0.3268644814701531
4417,4.4773397,4.855387407661708,-0.37804770766170837
4418,4.4473877,4.874953969178653,-0.42756626917865326
4419,4.4206653,4.879200855554869,-0.45853555555486913
4420,4.3987174,4.884475106247989,-0.4857577062479894
4421,4.379497,4.890189682748094,-0.5106926827480942
4422,4.363217,4.896151557317734,-0.5329345573177342
4423,4.352328,4.900770268943194,-0.5484422689431936
4424,4.345258,4.904973441851131,-0.5597154418511305
4425,4.342274,4.90972645981093,-0.5674524598109301
4426,4.3409066,4.914616679703464,-0.5737100797034635
4427,4.345948,4.919868424852014,-0.5739204248520142
4428,4.35093,4.924749911063431,-0.5738199110634312
4429,4.354655,4.929046332917883,-0.5743913329178829
4430,4.3557825,4.932007302641675,-0.5762248026416747
4431,4.3556542,4.935916056665256,-0.5802618566652562
4432,4.3526154,4.939967641267561,-0.5873522412675607
4433,4.3496194,4.94385994066094,-0.5942405406609401
4434,4.348066,4.947430426775349,-0.5993644267753488
4435,4.3516455,4.951282758858911,-0.5996372588589107
4436,4.35786,4.955067667808835,-0.5972076678088349
4437,4.3641105,4.958655877765678,-0.5945453777656784
4438,4.3676147,4.96229158831329,-0.5946768883132902
4439,4.371144,4.965894839699317,-0.5947508396993166
4440,4.389852,4.9698351509000664,-0.5799831509000661
4441,4.4083295,4.974335133949398,-0.5660056339493984
4442,4.4234805,4.980684867040584,-0.5572043670405842
4443,4.4345407,4.987205192260736,-0.5526644922607353
4444,4.442337,4.992135364411044,-0.5497983644110436
4445,4.4469604,4.996419044175381,-0.549458644175381
4446,4.448484,5.000812100783745,-0.5523281007837451
4447,4.4519076,5.005941151446177,-0.5540335514461772
4448,4.4550805,5.010694138916307,-0.5556136389163067
4449,4.4567575,5.014981252868572,-0.5582237528685718
4450,4.4539514,5.019749038710273,-0.565797638710273
4451,4.459265,5.02484432110505,-0.5655793211050497
4452,4.4684873,5.029388551029895,-0.560901251029895
4453,4.478319,5.037491798189664,-0.5591727981896639
4454,4.488718,5.04489806039106,-0.5561800603910596
4455,4.4996405,5.049623680904662,-0.549983180904662
4456,4.5110426,5.053471926857595,-0.5424293268575955
4457,4.5228815,5.057117914633846,-0.5342364146338454
4458,4.535113,5.060720085734541,-0.5256070857345412
4459,4.5476937,5.063929816997096,-0.5162361169970957
4460,4.5605807,5.066503238322434,-0.5059225383224337
4461,4.5737305,5.068942726431859,-0.49521222643185947
4462,4.587099,5.071370592792389,-0.48427159279238907
4463,4.600643,5.073255827970211,-0.4726128279702113
4464,4.6143193,5.076285526715575,-0.46196622671557463
4465,4.6280837,5.079409905710094,-0.4513262057100933
4466,4.641894,5.079649941987668,-0.43775594198766843
4467,4.6557055,5.079772485109861,-0.42406698510986107
4468,4.6694746,5.079955386171908,-0.41048078617190775
4469,4.6831594,5.079997896497016,-0.39683849649701575
4470,4.6967144,5.07962477258346,-0.38291037258345995
4471,4.710098,5.079037061745344,-0.3689390617453441
4472,4.7232656,5.07857885232003,-0.3553132523200295
4473,4.7361736,5.078266448348874,-0.3420928483488739
4474,4.7487793,5.077370580127195,-0.3285912801271955
4475,4.761039,5.076319121582873,-0.3152801215828731
4476,4.772908,5.075698079488639,-0.3027900794886387
4477,4.784345,5.075457466218735,-0.29111246621873477
4478,4.7953053,5.074481537300479,-0.27917623730047936
4479,4.805745,5.073215999878338,-0.2674709998783378
4480,4.8156214,5.072192161659386,-0.2565707616593853
4481,4.8248906,5.070659915443701,-0.2457693154437015
4482,4.8335094,5.06843361231685,-0.23492421231685068
4483,4.841434,5.068810083061234,-0.2273760830612348
4484,4.8486214,5.068691355541072,-0.22006995554107256
4485,4.8550277,5.064915345648068,-0.2098876456480676
4486,4.8606095,5.060685347798792,-0.20007584779879206
4487,4.8653235,5.0563416845901745,-0.19101818459017483
4488,4.869126,5.052324775220346,-0.18319877522034655
4489,4.8719735,5.048688886785776,-0.17671538678577559
4490,4.8738227,5.045203263984055,-0.1713805639840551
4491,4.8746305,5.041787262553125,-0.16715676255312495
4492,4.8580084,5.0386136724657655,-0.1806052724657654
4493,4.8087626,5.036012871973749,-0.22725027197374903
4494,4.737478,5.033570656958009,-0.2960926569580087
4495,4.655052,5.031213501879725,-0.3761615018797242
4496,4.5761456,5.028873401185674,-0.4527278011856737
4497,4.5016565,5.026633270022028,-0.524976770022028
4498,4.422129,5.02505222234787,-0.6029232223478704
4499,4.34493,5.023995943177513,-0.6790659431775135
4500,4.273768,5.0228248632063695,-0.7490568632063699
4501,4.2142434,5.0219023397718745,-0.8076589397718745
4502,4.1633453,5.021488470664391,-0.8581431706643912
4503,4.12162,5.021667418652751,-0.9000474186527505
4504,4.0871387,5.021809608567971,-0.9346709085679716
4505,4.060847,5.021860929094502,-0.9610139290945021
4506,4.0441895,5.022591344058089,-0.978401844058089
4507,4.0349774,5.023891116850746,-0.988913716850746
4508,4.035665,5.0256477019122645,-0.9899827019122647
4509,4.0435452,5.027647769625456,-0.9841025696254562
4510,4.0583987,5.029511088310709,-0.9711123883107096
4511,4.0824094,5.031241322870521,-0.9488319228705206
4512,4.1074414,5.03327668349262,-0.9258352834926198
4513,4.1373096,5.03556578212486,-0.89825618212486
4514,4.1656265,5.038250331682707,-0.8726238316827066
4515,4.193127,5.041213607221094,-0.8480866072210942
4516,4.2177963,5.044109373221009,-0.8263130732210096
4517,4.2389917,5.046592646288122,-0.8076009462881224
4518,4.2587333,5.049464293979906,-0.7907309939799054
4519,4.2787485,5.052422945432403,-0.7736744454324027
4520,4.304099,5.054835197789877,-0.7507361977898768
4521,4.325063,5.057209424737568,-0.732146424737568
4522,4.3456473,5.059737878775933,-0.7140905787759326
4523,4.3674417,5.062516223265839,-0.6950745232658395
4524,4.3888464,5.0649888575602855,-0.6761424575602852
4525,4.4097342,5.067149887278801,-0.6574156872788013
4526,4.428449,5.069493781915542,-0.641044781915542
4527,4.445485,5.0720768922229,-0.6265918922229003
4528,4.4627523,5.074559709967125,-0.6118074099671249
4529,4.480171,5.076614808778395,-0.5964438087783943
4530,4.497708,5.078909939382076,-0.5812019393820753
4531,4.51533,5.081715107025216,-0.5663851070252166
4532,4.5330033,5.084207966276192,-0.5512046662761918
4533,4.550695,5.088282702912495,-0.5375877029124947
4534,4.568372,5.092521420083893,-0.5241494200838925
4535,4.5860004,5.0951604011673055,-0.5091600011673059
4536,4.6035476,5.096781439241578,-0.4932338392415785
4537,4.6209803,5.09794569351396,-0.47696539351395995
4538,4.6382647,5.099182074819043,-0.4609173748190436
4539,4.6553683,5.1024988292192175,-0.44713052921921737
4540,4.672257,5.105550223848377,-0.4332932238483771
4541,4.688898,5.106444443740693,-0.41754644374069283
4542,4.705258,5.1073042016564525,-0.4020462016564528
4543,4.7213035,5.108084036126827,-0.3867805361268264
4544,4.7370014,5.108891665347429,-0.37189026534742897
4545,4.752319,5.109683889416718,-0.3573648894167176
4546,4.767222,5.11045102379953,-0.34322902379952946
4547,4.7816777,5.111087320260891,-0.3294096202608907
4548,4.7956524,5.111835962497495,-0.31618356249749535
4549,4.8091135,5.114186185930643,-0.30507268593064296
4550,4.8220277,5.116492999209572,-0.29446529920957243
4551,4.834361,5.116514903066908,-0.2821539030669076
4552,4.846081,5.1161749174482045,-0.27009391744820466
4553,4.8571534,5.115989851116653,-0.258836451116653
4554,4.867546,5.115843911901425,-0.24829791190142547
4555,4.877225,5.11528434962506,-0.23805934962506026
4556,4.886157,5.11455026818615,-0.22839326818615024
4557,4.8943095,5.113842866872394,-0.219533366872394
4558,4.901648,5.1150709763013875,-0.21342297630138773
4559,4.9081407,5.116765698550433,-0.20862499855043293
4560,4.9137526,5.116461114707952,-0.20270851470795215
4561,4.9184523,5.11527395422135,-0.1968216542213499
4562,4.922205,5.114131563369379,-0.1919265633693792
4563,4.9249783,5.113046282796569,-0.18806798279656878
4564,4.9267387,5.111701037495461,-0.18496233749546143
4565,4.926552,5.110220812190131,-0.1836688121901311
4566,4.898397,5.108743951107009,-0.21034695110700863
4567,4.8519645,5.10722351332468,-0.2552590133246797
4568,4.7950525,5.105716967183683,-0.3106644671836829
4569,4.737237,5.104263660831928,-0.3670266608319279
4570,4.6798544,5.1028125334636405,-0.42295813346364053
4571,4.620112,5.10132133237685,-0.48120933237685026
4572,4.560441,5.099823663417088,-0.5393826634170882
4573,4.4882226,5.098413299569432,-0.610190699569432
4574,4.427357,5.097216849341409,-0.6698598493414094
4575,4.3716846,5.096064023726872,-0.7243794237268721
4576,4.3241544,5.0948930416374845,-0.7707386416374842
4577,4.28394,5.093703946777483,-0.8097639467774824
4578,4.249428,5.092720965787625,-0.8432929657876249
4579,4.213055,5.0918756057308885,-0.8788206057308887
4580,4.1709037,5.091016555980974,-0.9201128559809737
4581,4.122601,5.090183849281543,-0.967582849281543
4582,4.079071,5.089530799906667,-1.0104597999066671
4583,4.0400696,5.089136918182955,-1.0490673181829555
4584,4.0075955,5.088856381000795,-1.0812608810007953
4585,3.9833188,5.088391076513884,-1.1050722765138836
4586,3.9640338,5.08806801746727,-1.12403421746727
4587,3.950871,5.08797818085956,-1.13710718085956
4588,3.9442008,5.088035326012619,-1.1438345260126193
4589,3.9398434,5.087941196383276,-1.1480977963832757
4590,3.93618,5.087850280200797,-1.1516702802007974
4591,3.9342096,5.087906963438793,-1.153697363438793
4592,3.92654,5.088036187097126,-1.1614961870971259
4593,3.9188287,5.0883287305791685,-1.1695000305791683
4594,3.9105737,5.088760515262977,-1.1781868152629769
4595,3.9017117,5.089293025893627,-1.1875813258936274
4596,3.8986058,5.090021851876969,-1.1914160518769692
4597,3.9011774,5.090908328384117,-1.189730928384117
4598,3.9060326,5.091965605841283,-1.185933005841283
4599,3.9130795,5.0930880695156935,-1.1800085695156937
4600,3.9222271,5.094260591532764,-1.1720334915327641
4601,3.933384,5.0953588555465075,-1.1619748555465073
4602,3.9464586,5.0963882841201515,-1.1499296841201514
4603,3.96136,5.09751188947242,-1.13615188947242
4604,3.9779966,5.099127563461968,-1.121130963461968
4605,3.996277,5.100845248387369,-1.104568248387369
4606,4.0161104,5.102339516311911,-1.0862291163119115
4607,4.0374045,5.103507357210349,-1.0661028572103488
4608,4.0600686,5.104544991664791,-1.0444763916647908
4609,4.0840116,5.10569215207555,-1.0216805520755496
4610,4.109141,5.108195962502473,-0.9990549625024725
4611,4.1353664,5.116075485943912,-0.9807090859439125
4612,4.162596,5.12192436135196,-0.9593283613519601
4613,4.19074,5.121832004077104,-0.9310920040771045
4614,4.2197046,5.121751775273361,-0.9020471752733608
4615,4.2493997,5.121445648896323,-0.8720459488963233
4616,4.279734,5.121006939816195,-0.8412729398161947
4617,4.3106165,5.120492326029707,-0.8098758260297068
4618,4.3419547,5.119735195451537,-0.7777804954515375
4619,4.3736577,5.119041342355032,-0.7453836423550317
4620,4.4056344,5.118628537859967,-0.7129941378599671
4621,4.4377937,5.118002090628435,-0.6802083906284349
4622,4.470044,5.117413844857061,-0.6473698448570611
4623,4.502294,5.116912177692034,-0.6146181776920336
4624,4.534452,5.116144594069351,-0.5816925940693514
4625,4.5664268,5.114714901224981,-0.5482881012249807
4626,4.5981274,5.113001773018629,-0.5148743730186292
4627,4.6294613,5.11117839574621,-0.4817170957462098
4628,4.6603394,5.108567064033274,-0.44822766403327385
4629,4.6851,5.106802858958156,-0.42170285895815596
4630,4.703124,5.1052840183949995,-0.4021600183949996
4631,4.716762,5.101877384922285,-0.38511538492228503
4632,4.7257333,5.097626089192474,-0.3718927891924739
4633,4.733126,5.0931620110229705,-0.3600360110229701
4634,4.73857,5.087980497339997,-0.3494104973399965
4635,4.7399116,5.082226455822153,-0.3423148558221527
4636,4.740894,5.0761160032939845,-0.33522200329398455
4637,4.727672,5.069732653486168,-0.3420606534861683
4638,4.7229776,5.063562059049593,-0.3405844590495928
4639,4.71668,5.057143067608063,-0.3404630676080629
4640,4.7074823,5.050352276946582,-0.3428699769465826
4641,4.691175,5.043539700531343,-0.35236470053134283
4642,4.658539,5.036829727860001,-0.3782907278600005
4643,4.6248474,5.030307875087643,-0.4054604750876427
4644,4.595387,5.023836271965186,-0.428449271965186
4645,4.5672107,5.0175312110057435,-0.4503205110057431
4646,4.544114,5.011538963468864,-0.4674249634688632
4647,4.524915,5.005714296808574,-0.48079929680857436
4648,4.500703,5.000323423930831,-0.49962042393083106
4649,4.4646826,4.995309056397158,-0.5306264563971581
4650,4.4118032,4.990910021367672,-0.579106821367672
4651,4.365337,4.986944029182728,-0.6216070291827274
4652,4.3098745,4.983442449806597,-0.6735679498065963
4653,4.2589865,4.980558408822686,-0.7215719088226864
4654,4.2127905,4.978341091878112,-0.765550591878112
4655,4.171573,4.976712843414113,-0.8051398434141124
4656,4.1350045,4.975525315136534,-0.840520815136534
4657,4.106334,4.974837538520789,-0.8685035385207884
4658,4.087159,4.97477250769785,-0.88761350769785
4659,4.079043,4.975246485362957,-0.8962034853629568
4660,4.0785165,4.97616498498795,-0.8976484849879496
4661,4.087371,4.977588113899721,-0.8902171138997206
4662,4.102184,4.9795129404711655,-0.8773289404711653
4663,4.1174393,4.982021172307227,-0.8645818723072267
4664,4.131512,4.985426448035292,-0.853914448035292
4665,4.141002,4.9887482914302765,-0.8477462914302762
4666,4.147773,4.991647373935691,-0.8438743739356909
4667,4.1533813,4.994859750002507,-0.8414784500025068
4668,4.1569204,4.99843419227919,-0.8415137922791907
4669,4.164468,5.001717404856821,-0.8372494048568209
4670,4.175147,5.004888256378402,-0.8297412563784023
4671,4.1879525,5.0080354702271945,-0.8200829702271948
4672,4.2019,5.011322985607545,-0.8094229856075446
4673,4.2185616,5.014688854324247,-0.7961272543242472
4674,4.2365756,5.018392926408465,-0.7818173264084649
4675,4.250701,5.026068451868919,-0.7753674518689184
4676,4.2571063,5.033567390406611,-0.7764610904066105
4677,4.2617707,5.037675527551996,-0.7759048275519964
4678,4.2678514,5.041628059577978,-0.7737766595779787
4679,4.275264,5.0454892000536065,-0.7702252000536065
4680,4.2839236,5.063416123194681,-0.7794925231946817
4681,4.2937465,5.082230789167436,-0.7884842891674362
4682,4.3046484,5.086179645354273,-0.7815312453542731
4683,4.3165445,5.08874905487597,-0.7722045548759704
4684,4.3293505,5.09098318303961,-0.7616326830396094
4685,4.342982,5.0932336962824145,-0.7502516962824144
4686,4.357354,5.095505291354439,-0.7381512913544395
4687,4.372384,5.097456858763385,-0.7250728587633848
4688,4.3879857,5.112232763385676,-0.7242470633856763
4689,4.4040756,5.127113768249977,-0.7230381682499774
4690,4.420569,5.127280178580792,-0.7067111785807914
4691,4.4373813,5.126428863669509,-0.6890475636695088
4692,4.4544287,5.125541858515624,-0.6711131585156238
4693,4.4716268,5.124670972201908,-0.6530441722019082
4694,4.4888906,5.123985164376954,-0.6350945643769537
4695,4.506136,5.123344851220286,-0.617208851220286
4696,4.5232787,5.122573323854709,-0.5992946238547097
4697,4.540234,5.121826056551016,-0.581592056551016
4698,4.5569177,5.122622543889134,-0.5657048438891348
4699,4.573246,5.124220951624624,-0.5509749516246236
4700,4.5891333,5.124104838255428,-0.5349715382554274
4701,4.6044965,5.122955461618477,-0.5184589616184772
4702,4.6192503,5.121825328465708,-0.5025750284657082
4703,4.6333103,5.1207515558211165,-0.48744125582111675
4704,4.646593,5.119503993563636,-0.47291099356363553
4705,4.6590133,5.118021616809688,-0.45900831680968857
4706,4.6704865,5.1166915066009615,-0.4462050066009615
4707,4.6809154,5.11522164197038,-0.43430624197038004
4708,4.688422,5.1135323370238295,-0.4251103370238294
4709,4.6902184,5.111761245215522,-0.4215428452155221
4710,4.6830087,5.10976654135446,-0.42675784135446015
4711,4.6693344,5.107767361426161,-0.4384329614261606
4712,4.6486716,5.105756505135484,-0.45708490513548394
4713,4.6223264,5.103484394588897,-0.4811579945888962
4714,4.589909,5.101479347287711,-0.5115703472877113
4715,4.5540915,5.099733933925224,-0.5456424339252237
4716,4.472903,5.097801586842231,-0.6248985868422317
4717,4.447052,5.095719845454302,-0.6486678454543018
4718,4.414325,5.093692346658513,-0.6793673466585135
4719,4.3754196,5.091830014488403,-0.7164104144884034
4720,4.33751,5.089802225552157,-0.7522922255521571
4721,4.297504,5.087755478772672,-0.7902514787726718
4722,4.251998,5.085718055481615,-0.8337200554816144
4723,4.2067304,5.083838927357541,-0.8771085273575414
4724,4.164627,5.082167067540645,-0.9175400675406449
4725,4.1294055,5.08038162764902,-0.9509761276490201
4726,4.1070666,5.078643141438014,-0.9715765414380142
4727,4.0906982,5.077242833336104,-0.9865446333361039
4728,4.0840116,5.075977318251227,-0.9919657182512269
4729,4.086248,5.074938733059424,-0.9886907330594239
4730,4.094261,5.074004619140741,-0.9797436191407405
4731,4.107895,5.073074947783897,-0.9651799477838967
4732,4.1226435,5.072475513275102,-0.9498320132751026
4733,4.143438,5.072188615442819,-0.9287506154428193
4734,4.1668506,5.072127005805083,-0.9052764058050826
4735,4.1957507,5.072418432183669,-0.8766677321836696
4736,4.2275195,5.0730607484860135,-0.8455412484860139
4737,4.2628675,5.07398335845258,-0.8111158584525802
4738,4.3039255,5.0750799362577,-0.7711544362577003
4739,4.337967,5.076250336478898,-0.7382833364788981
4740,4.3719525,5.077617930078603,-0.7056654300786027
4741,4.4017673,5.079279798566822,-0.6775124985668217
4742,4.424446,5.081226050277974,-0.6567800502779741
4743,4.440493,5.083115936923803,-0.6426229369238028
4744,4.4537272,5.0854438495137195,-0.6317166495137192
4745,4.465791,5.088255373288353,-0.622464373288353
4746,4.4775825,5.091103160865801,-0.6135206608658015
4747,4.4891095,5.093929296294669,-0.6048197962946693
4748,4.5003796,5.097030558617165,-0.5966509586171655
4749,4.5113997,5.10069885682835,-0.5892991568283499
4750,4.522178,5.104859276088648,-0.582681276088648
4751,4.532722,5.10894746008854,-0.5762254600885406
4752,4.5430393,5.113148066981923,-0.5701087669819227
4753,4.5531373,5.118206426546361,-0.5650691265463603
4754,4.5630236,5.130630586258166,-0.5676069862581654
4755,4.572706,5.142839411246948,-0.5701334112469478
4756,4.5821924,5.147099581750828,-0.5649071817508275
4757,4.59149,5.149745712671246,-0.5582557126712455
4758,4.6006055,5.152443473848478,-0.5518379738484773
4759,4.6095476,5.155260444655015,-0.5457128446550152
4760,4.618324,5.1581178452699366,-0.5397938452699362
4761,4.6269417,5.161242277944015,-0.5343005779440153
4762,4.635408,5.164339042815015,-0.5289310428150147
4763,4.6437306,5.175321899075249,-0.5315912990752496
4764,4.6519175,5.1882865123046455,-0.5363690123046458
4765,4.659977,5.1932353118813195,-0.5332583118813199
4766,4.6679153,5.1963263679587675,-0.5284110679587677
4767,4.675741,5.199398129126959,-0.5236571291269589
4768,4.6834617,5.202563219195187,-0.5191015191951873
4769,4.691084,5.2059747433745915,-0.5148907433745915
4770,4.698616,5.2094361722051765,-0.5108201722051762
4771,4.706065,5.212727331616611,-0.506662331616611
4772,4.7134395,5.215838073029947,-0.5023985730299474
4773,4.720746,5.218837441037203,-0.4980914410372028
4774,4.727993,5.22202901064183,-0.49403601064183
4775,4.7351875,5.225230414998272,-0.4900429149982717
4776,4.742337,5.235520295757897,-0.49318329575789654
4777,4.7494497,5.244244679360492,-0.494794979360492
4778,4.756532,5.246162588170418,-0.48963058817041816
4779,4.7635927,5.247765280706898,-0.4841725807068977
4780,4.770639,5.249091584415736,-0.4784525844157361
4781,4.7776785,5.249989891205726,-0.47231139120572596
4782,4.7847185,5.250822027498397,-0.46610352749839645
4783,4.7917666,5.25130150354924,-0.4595349035492404
4784,4.798831,5.251518376007121,-0.4526873760071215
4785,4.8059187,5.251392585570503,-0.44547388557050294
4786,4.8130374,5.250901604449315,-0.4378642044493155
4787,4.8201947,5.250382436844751,-0.43018773684475065
4788,4.827398,5.249607203275436,-0.4222092032754361
4789,4.8346553,5.248557175243996,-0.41390187524399646
4790,4.841974,5.247347192657503,-0.40537319265750327
4791,4.8493614,5.245897066897661,-0.39653566689766073
4792,4.8568254,5.244343853668817,-0.3875184536688172
4793,4.863873,5.242630443090819,-0.3787574430908194
4794,4.860695,5.240737361732916,-0.38004236173291606
4795,4.8530602,5.23872957166808,-0.38566937166808035
4796,4.8496704,5.236611891264974,-0.3869414912649738
4797,4.846222,5.234406215706135,-0.3881842157061346
4798,4.8291636,5.232079952709397,-0.4029163527093971
4799,4.8025436,5.229694989887766,-0.4271513898877659
4800,4.7699366,5.227465480580887,-0.45752888058088637
4801,4.7453713,5.225303429179464,-0.4799321291794634
4802,4.720472,5.223232993522191,-0.5027609935221911
4803,4.697369,5.221225982076865,-0.5238569820768646
4804,4.6816278,5.219434766479148,-0.537806966479148
4805,4.6687164,5.21785459675042,-0.5491381967504196
4806,4.6455646,5.216391353435145,-0.5708267534351448
4807,4.645266,5.214999761317023,-0.569733761317023
4808,4.6468177,5.213729782035648,-0.5669120820356479
4809,4.651595,5.212699175110687,-0.5611041751106862
4810,4.657958,5.211807577315536,-0.5538495773155363
4811,4.664516,5.210997184255484,-0.5464811842554838
4812,4.6709967,5.2104076933921055,-0.5394109933921056
4813,4.678047,5.209992045015525,-0.531945045015525
4814,4.6870584,5.209677006553035,-0.5226186065530349
4815,4.697408,5.209488642610099,-0.5120806426100986
4816,4.7105474,5.209403454130164,-0.49885605413016343
4817,4.725414,5.209486242419522,-0.48407224241952207
4818,4.741262,5.209606160963335,-0.4683441609633352
4819,4.757274,5.209731380350535,-0.45245738035053495
4820,4.773312,5.209959485873571,-0.4366474858735714
4821,4.7811112,5.210247450921894,-0.42913625092189456
4822,4.7837596,5.210489431653953,-0.4267298316539536
4823,4.7863183,5.210635432963334,-0.42431713296333484
4824,4.7887883,5.210756467254013,-0.421968167254013
4825,4.791171,5.210925586804905,-0.4197545868049044
4826,4.7934666,5.211076368520575,-0.41760976852057485
4827,4.795676,5.2111243292890785,-0.41544832928907827
4828,4.797801,5.210988273406655,-0.4131872734066553
4829,4.7998414,5.21069227405693,-0.4108508740569299
4830,4.801799,5.2104666908934325,-0.4086676908934326
4831,4.8036737,5.210065321663549,-0.40639162166354925
4832,4.805467,5.209523054090592,-0.4040560540905922
4833,4.8071804,5.208680059401672,-0.4014996594016722
4834,4.8088136,5.214188533122304,-0.405374933122304
4835,4.8103685,5.220919195754871,-0.41055069575487124
4836,4.811846,5.221452855951777,-0.40960685595177715
4837,4.813246,5.220214324175193,-0.40696832417519246
4838,4.81457,5.218555847710725,-0.4039858477107252
4839,4.815819,5.216970308905046,-0.401151308905046
4840,4.816994,5.215322562063013,-0.39832856206301237
4841,4.8180957,5.213215405598527,-0.3951197055985274
4842,4.819125,5.210661211069958,-0.3915362110699583
4843,4.820083,5.207610836039935,-0.38752783603993457
4844,4.8209705,5.209159943705696,-0.38818944370569675
4845,4.8217883,5.210301210670833,-0.3885129106708334
4846,4.8225374,5.205846023017832,-0.3833086230178324
4847,4.823219,5.200468948682765,-0.3772499486827652
4848,4.823833,5.194922360603676,-0.37108936060367625
4849,4.8243814,5.189218321193063,-0.36483692119306266
4850,4.824865,5.183519806458354,-0.3586548064583539
4851,4.825284,5.1777879852597675,-0.35250398525976756
4852,4.8256397,5.172070001574289,-0.3464303015742889
4853,4.8259335,5.166458812162944,-0.3405253121629439
4854,4.826165,5.160875728909819,-0.334710728909819
4855,4.826337,5.155751339617031,-0.32941433961703126
4856,4.8264484,5.150780867251015,-0.32433246725101483
4857,4.826502,5.145820774801735,-0.31931877480173565
4858,4.828792,5.140988090147586,-0.3121960901475864
4859,4.8404236,5.136426063958318,-0.29600246395831764
4860,4.8212237,5.132659878239395,-0.3114361782393953
4861,4.8132653,5.129385461536472,-0.31612016153647193
4862,4.799724,5.126219991056508,-0.3264959910565075
4863,4.790439,5.123395389270171,-0.332956389270171
4864,4.781696,5.120994380239649,-0.339298380239649
4865,4.774558,5.118973177403503,-0.34441517740350314
4866,4.775555,5.117238680945902,-0.34168368094590207
4867,4.775822,5.115858809226144,-0.3400368092261443
4868,4.77741,5.115026679467118,-0.3376166794671187
4869,4.778521,5.114487466428369,-0.3359664664283697
4870,4.7785788,5.114430761896324,-0.33585196189632427
4871,4.779362,5.114712208629177,-0.3353502086291771
4872,4.777247,5.115297823141416,-0.3380508231414163
4873,4.7708282,5.116414835097644,-0.34558663509764376
4874,4.761892,5.117907161788223,-0.356015161788223
4875,4.748777,5.119595906432243,-0.3708189064322438
4876,4.734799,5.121696039559612,-0.38689703955961185
4877,4.720486,5.124182667037413,-0.4036966670374129
4878,4.70779,5.126983901488909,-0.4191939014889092
4879,4.693438,5.130116081944204,-0.436678081944204
4880,4.679876,5.133658605310901,-0.4537826053109004
4881,4.6743293,5.137414441592576,-0.4630851415925763
4882,4.65379,5.1414625578152435,-0.48767255781524366
4883,4.645887,5.145929119251614,-0.5000421192516136
4884,4.6352234,5.150310566046621,-0.5150871660466212
4885,4.6240897,5.155044843568626,-0.5309551435686259
4886,4.611135,5.160310759446672,-0.5491757594466717
4887,4.598553,5.165491658637532,-0.5669386586375325
4888,4.5941343,5.170582511504109,-0.5764482115041085
4889,4.595076,5.175954358412611,-0.5808783584126109
4890,4.596791,5.181905171194141,-0.5851141711941414
4891,4.5992446,5.187824673393374,-0.5885800733933744
4892,4.602405,5.193292901742445,-0.5908879017424447
4893,4.6062384,5.198899492454283,-0.592661092454283
4894,4.610711,5.2047579699069475,-0.5940469699069473
4895,4.6157904,5.210663071695804,-0.5948726716958044
4896,4.621443,5.216275331300941,-0.5948323313009407
4897,4.6276345,5.2301023988664035,-0.6024678988664034
4898,4.634333,5.246851773375268,-0.6125187733752684
4899,4.641505,5.254609812724427,-0.6131048127244263
4900,4.649116,5.25750770443373,-0.6083917044337301
4901,4.6571336,5.260559397720117,-0.6034257977201172
4902,4.665525,5.266063637647665,-0.6005386376476656
4903,4.674256,5.2719004981526325,-0.5976444981526328
4904,4.683294,5.274635428350724,-0.5913414283507237
4905,4.692605,5.276307575869398,-0.5837025758693972
4906,4.702156,5.277968672769548,-0.5758126727695485
4907,4.7119136,5.279589138235088,-0.567675538235088
4908,4.721845,5.281157526709904,-0.5593125267099035
4909,4.7319164,5.282713619549728,-0.5507972195497279
4910,4.7420945,5.284205143458636,-0.5421106434586358
4911,4.7523465,5.285542574201488,-0.5331960742014878
4912,4.7626386,5.2868664759952715,-0.5242278759952717
4913,4.772938,5.288000402253711,-0.5150624022537107
4914,4.7832103,5.289158616404577,-0.5059483164045764
4915,4.793423,5.290410013655124,-0.496987013655124
4916,4.803543,5.29156584979002,-0.48802284979001964
4917,4.813537,5.292519075915691,-0.47898207591569086
4918,4.8233714,5.293343185852075,-0.4699717858520751
4919,4.8330126,5.297396912047395,-0.46438431204739494
4920,4.8424277,5.30526968501885,-0.46284198501884966
4921,4.8515835,5.309579820954532,-0.4579963209545319
4922,4.8604465,5.308179665567933,-0.4477331655679331
4923,4.8689833,5.306495296401517,-0.4375119964015166
4924,4.8771605,5.304509844301849,-0.4273493443018497
4925,4.884946,5.3022452008850305,-0.41729920088503025
4926,4.8923044,5.29944874614548,-0.4071443461454791
4927,4.8992043,5.29632462929899,-0.39712032929899
4928,4.9056115,5.292713608573989,-0.3871021085739894
4929,4.911493,5.288627805322705,-0.37713480532270527
4930,4.916815,5.283907956011391,-0.36709295601139136
4931,4.9215446,5.278627723829579,-0.35708312382957885
4932,4.9256487,5.2728458444420845,-0.3471971444420845
4933,4.9290934,5.266506632769555,-0.3374132327695545
4934,4.931846,5.25951876241928,-0.32767276241927945
4935,4.9338727,5.2519693235074,-0.3180966235074001
4936,4.9351406,5.243906574386753,-0.3087659743867528
4937,4.9356904,5.235387260953216,-0.29969686095321535
4938,4.93676,5.226431831832879,-0.28967183183287926
4939,4.932786,5.217077508715945,-0.28429150871594455
4940,4.928662,5.2071910221990745,-0.2785290221990744
4941,4.926204,5.197104094831159,-0.27090009483115907
4942,4.9223285,5.186846442549764,-0.26451794254976413
4943,4.9229617,5.176431971454038,-0.253470271454038
4944,4.923935,5.166047283709976,-0.24211228370997606
4945,4.9178033,5.155806030256789,-0.23800273025678909
4946,4.909765,5.14571241421004,-0.23594741421003995
4947,4.8933954,5.135677910947134,-0.24228251094713382
4948,4.8728333,5.125973171346108,-0.25313987134610816
4949,4.8440595,5.116627610850156,-0.2725681108501554
4950,4.7965207,5.107704975166617,-0.3111842751666165
4951,4.7246833,5.099223181579023,-0.3745398815790235
4952,4.626914,5.091365982673662,-0.46445198267366195
4953,4.5560226,5.084137960861186,-0.5281153608611859
4954,4.4881997,5.077655040425853,-0.5894553404258529
4955,4.431451,5.07193991043715,-0.6404889104371501
4956,4.3846784,5.06679423277259,-0.68211583277259
4957,4.3475027,5.062252383425126,-0.7147496834251266
4958,4.3160477,5.0583071085054385,-0.7422594085054381
4959,4.291103,5.0550042285978085,-0.7639012285978088
4960,4.279008,5.052352674474815,-0.7733446744748145
4961,4.273842,5.05036559960152,-0.7765235996015196
4962,4.2742033,5.049009005618786,-0.7748057056187863
4963,4.276469,5.048298403859053,-0.7718294038590532
4964,4.2804604,5.048246487961019,-0.767786087961019
4965,4.286094,5.0487684267984605,-0.7626744267984602
4966,4.29329,5.0497952765667335,-0.7565052765667337
4967,4.301966,5.051205841144651,-0.749239841144651
4968,4.3120413,5.053102954894761,-0.7410616548947608
4969,4.323434,5.055320925792335,-0.7318869257923355
4970,4.336062,5.057994686341076,-0.7219326863410762
4971,4.349844,5.06117316547863,-0.71132916547863
4972,4.3647,5.064824949082956,-0.700124949082956
4973,4.3805466,5.0686555299256675,-0.6881089299256677
4974,4.3973036,5.072773599101715,-0.6754699991017148
4975,4.4148884,5.077300610485547,-0.662412210485547
4976,4.433221,5.0817166821034245,-0.6484956821034249
4977,4.452218,5.086395698111518,-0.6341776981115181
4978,4.4718,5.091062436868804,-0.6192624368688042
4979,4.491884,5.095640624916161,-0.6037566249161612
4980,4.512389,5.1004754256126175,-0.5880864256126177
4981,4.5332336,5.10612546146773,-0.5728918614677303
4982,4.554336,5.128867570425171,-0.5745315704251706
4983,4.5756154,5.151033979117337,-0.5754185791173372
4984,4.5969896,5.155606472485187,-0.558616872485187
4985,4.618377,5.159487675778047,-0.5411106757780475
4986,4.6396976,5.163072113072263,-0.5233745130722633
4987,4.6608677,5.166451245924089,-0.5055835459240896
4988,4.6818075,5.16982642105215,-0.4880189210521504
4989,4.7024345,5.1737973014102145,-0.4713628014102147
4990,4.722668,5.192948901377898,-0.47028090137789835
4991,4.7424264,5.20962466698446,-0.4671982669844601
4992,4.7616277,5.209623514768246,-0.44799581476824635
4993,4.780191,5.208794431547124,-0.4286034315471241
4994,4.7980337,5.2078827805376875,-0.4098490805376871
4995,4.815076,5.206610828715765,-0.3915348287157645
4996,4.831235,5.204787457941139,-0.37355245794113845
4997,4.8464303,5.202921163629257,-0.35649086362925697
4998,4.860579,5.2009744467608785,-0.3403954467608781
4999,4.8736014,5.198854151536401,-0.325252751536401
5000,4.8854146,5.196391355332139,-0.3109767553321392
5001,4.8959374,5.194175698713913,-0.2982382987139127
5002,4.905089,5.191872803330339,-0.2867838033303389
5003,4.9127874,5.188955878709644,-0.27616847870964367
5004,4.9189515,5.1859479913633555,-0.2669964913633551
5005,4.923499,5.182988383348817,-0.259489383348817
5006,4.9263487,5.180123364515446,-0.25377466451544617
5007,4.927748,5.176994239738827,-0.24924623973882643
5008,4.9386826,5.173710583228994,-0.23502798322899388
5009,4.932084,5.170605491361556,-0.23852149136155631
5010,4.9287443,5.167308013280264,-0.23856371328026427
5011,4.9186935,5.164045821555683,-0.24535232155568298
5012,4.9022274,5.160872964625598,-0.2586455646255983
5013,4.8803315,5.157728056974902,-0.2773965569749022
5014,4.8540044,5.154697900561152,-0.3006935005611524
5015,4.824199,5.15185112475926,-0.3276521247592603
5016,4.791936,5.149275817446994,-0.35733981744699417
5017,4.7581906,5.146964910720151,-0.38877431072015156
5018,4.723949,5.1449227734313965,-0.4209737734313963
5019,4.690199,5.143003272497487,-0.4528042724974872
5020,4.657926,5.141032123846378,-0.48310612384637786
5021,4.6281176,5.139379082929208,-0.5112614829292079
5022,4.6017604,5.137984705234359,-0.5362243052343594
5023,4.579841,5.136688915232697,-0.556847915232697
5024,4.563346,5.135539141671424,-0.5721931416714234
5025,4.553262,5.1346133345732525,-0.5813513345732524
5026,4.5506287,5.134108189347897,-0.583479489347897
5027,4.55072,5.134021076950418,-0.5833010769504181
5028,4.55954,5.133933605742663,-0.5743936057426628
5029,4.5726743,5.134069185989998,-0.5613948859899978
5030,4.590377,5.13459814181123,-0.5442211418112297
5031,4.6118054,5.13557881750044,-0.5237734175004407
5032,4.6346335,5.136832465252206,-0.5021989652522061
5033,4.6599708,5.138086031834977,-0.47811523183497684
5034,4.685624,5.139511322178798,-0.45388732217879824
5035,4.70972,5.141173193039412,-0.4314531930394123
5036,4.7325735,5.14333519201186,-0.4107616920118602
5037,4.7507653,5.1453375841034275,-0.39457228410342715
5038,4.7754965,5.147167629862428,-0.37167112986242756
5039,4.7964554,5.149244100016797,-0.35278870001679685
5040,4.8130636,5.1514342854091275,-0.33837068540912707
5041,4.825058,5.153766791354292,-0.3287087913542921
5042,4.8316565,5.156345027120876,-0.3246885271208759
5043,4.834198,5.1589237369153995,-0.32472573691539974
5044,4.832954,5.161616772772256,-0.3286627727722564
5045,4.835015,5.164671265164699,-0.32965626516469904
5046,4.837838,5.168107375638902,-0.3302693756389026
5047,4.840635,5.179598158076835,-0.33896315807683486
5048,4.8434024,5.191404010116516,-0.34800161011651554
5049,4.846139,5.193589668805357,-0.34745066880535713
5050,4.848842,5.195852762876364,-0.3470107628763639
5051,4.85151,5.198386906265738,-0.34687690626573797
5052,4.854141,5.201305226267134,-0.34716422626713417
5053,4.8567324,5.204667300098845,-0.34793490009884476
5054,4.859282,5.208108228655969,-0.3488262286559687
5055,4.8617883,5.2113689816530595,-0.3495806816530598
5056,4.8642488,5.214492479751256,-0.35024367975125603
5057,4.866662,5.217439768109191,-0.35077776810919126
5058,4.869025,5.219912134475294,-0.3508871344752942
5059,4.8713365,5.222380640781986,-0.351044140781986
5060,4.873594,5.2247651690688555,-0.3511711690688557
5061,4.8757954,5.226698283935856,-0.35090288393585567
5062,4.8779387,5.228320715085701,-0.3503820150857013
5063,4.880022,5.229650693663144,-0.34962869366314386
5064,4.882043,5.230776357055255,-0.3487333570552549
5065,4.884,5.2319347684240265,-0.34793476842402615
5066,4.8858905,5.232988804396273,-0.34709830439627254
5067,4.8877125,5.2337210396005585,-0.34600853960055833
5068,4.889464,5.235707811456877,-0.3462438114568771
5069,4.891143,5.237707112241621,-0.3465641122416212
5070,4.8927474,5.238081051667432,-0.34533365166743213
5071,4.8942747,5.238213578786528,-0.3439388787865276
5072,4.895724,5.238369796986277,-0.3426457969862762
5073,4.8970914,5.238474209238022,-0.3413828092380218
5074,4.898377,5.238516087968543,-0.3401390879685433
5075,4.8995767,5.240675283573901,-0.3410985835739009
5076,4.90069,5.242847245367538,-0.3421572453675381
5077,4.901714,5.242887931384596,-0.3411739313845956
5078,4.902646,5.2425827690425155,-0.3399367690425157
5079,4.903486,5.242321695374137,-0.3388356953741374
5080,4.9042296,5.242074977643037,-0.33784537764303746
5081,4.904876,5.241760681283172,-0.3368846812831725
5082,4.905423,5.241426672986629,-0.3360036729866289
5083,4.9058685,5.241125483178651,-0.3352569831786507
5084,4.9062104,5.240683271571432,-0.3344728715714318
5085,4.9064465,5.2401957026072585,-0.33374920260725816
5086,4.9065747,5.239787912044211,-0.3332132120442104
5087,4.9090095,5.239391167132319,-0.3303816671323192
5088,4.916514,5.238906576280626,-0.3223925762806257
5089,4.917293,5.238423787522323,-0.32113078752232305
5090,4.9115973,5.238021930444962,-0.3264246304449614
5091,4.9063973,5.237724575256805,-0.33132727525680483
5092,4.899097,5.237405814033854,-0.33830881403385415
5093,4.892457,5.2370264338641475,-0.3445694338641472
5094,4.882397,5.236686992641088,-0.35428999264108807
5095,4.866979,5.236415761455876,-0.36943676145587645
5096,4.8509073,5.236113712780133,-0.3852064127801329
5097,4.834998,5.2358007405870515,-0.4008027405870518
5098,4.822698,5.2355571006314525,-0.4128591006314526
5099,4.8137918,5.235321340248893,-0.4215295402488932
5100,4.8067813,5.235063397252085,-0.4282820972520849
5101,4.798584,5.234880446182831,-0.4362964461828307
5102,4.7920446,5.234666832592317,-0.44262223259231703
5103,4.7845263,5.234486273605069,-0.44995997360506923
5104,4.777044,5.234393837641459,-0.4573498376414591
5105,4.7665515,5.234262289320486,-0.4677107893204857
5106,4.7520347,5.234169605465295,-0.482134905465295
5107,4.7328677,5.234175052644415,-0.5013073526444147
5108,4.7118235,5.2342057301005,-0.5223822301004999
5109,4.692495,5.234207616850184,-0.5417126168501838
5110,4.6787806,5.234233585476955,-0.555452985476955
5111,4.667933,5.234401333753714,-0.566468333753714
5112,4.659106,5.234570536210265,-0.5754645362102648
5113,4.6587973,5.234748402312588,-0.5759511023125885
5114,4.664071,5.234967418906786,-0.570896418906786
5115,4.6726584,5.235267662953223,-0.5626092629532229
5116,4.6835546,5.235605250333463,-0.552050650333463
5117,4.695292,5.235950275119707,-0.5406582751197071
5118,4.709209,5.236344543823871,-0.5271355438238707
5119,4.7231936,5.236789127426797,-0.5135955274267969
5120,4.7383065,5.237289240426208,-0.49898274042620816
5121,4.754497,5.2377973574093595,-0.4833003574093597
5122,4.771403,5.238351631291856,-0.4669486312918556
5123,4.7871237,5.238983482314545,-0.4518597823145445
5124,4.801409,5.2396704122177,-0.43826141221770065
5125,4.807606,5.240505191552679,-0.4328991915526794
5126,4.812378,5.241507951335336,-0.4291299513353364
5127,4.8169007,5.242673118398913,-0.4257724183989131
5128,4.8211846,5.243509773051789,-0.4223251730517896
5129,4.82524,5.244484175046866,-0.41924417504686584
5130,4.8290772,5.245408553367304,-0.41633135336730387
5131,4.832706,5.247562811883346,-0.4148568118833458
5132,4.8361373,5.249430042416504,-0.4132927424165045
5133,4.8393803,5.250273141727156,-0.410892841727156
5134,4.842446,5.251192836705492,-0.4087468367054923
5135,4.8453436,5.25206747691778,-0.40672387691778056
5136,4.8480844,5.2528805492733035,-0.4047961492733032
5137,4.850678,5.2537464167767025,-0.40306841677670224
5138,4.853134,5.254655555913679,-0.40152155591367933
5139,4.8554635,5.255575751593956,-0.40011225159395636
5140,4.8576765,5.256429236439645,-0.39875273643964526
5141,4.859783,5.2572962030093064,-0.39751320300930626
5142,4.8617935,5.258195574460016,-0.3964020744600161
5143,4.863717,5.259057246331082,-0.3953402463310818
5144,4.8655653,5.25990488095564,-0.3943395809556396
5145,4.8673472,5.260880485883161,-0.3935332858831604
5146,4.869074,5.261852014952309,-0.3927780149523086
5147,4.8707547,5.262656628214597,-0.3919019282145966
5148,4.8724003,5.263552110084879,-0.391151810084879
5149,4.8740206,5.266013786193518,-0.39199318619351864
5150,4.875626,5.268422086821997,-0.3927960868219973
5151,4.8772264,5.269665688534452,-0.39243928853445276
5152,4.8788323,5.2701351307602184,-0.39130283076021843
5153,4.8804536,5.270563181347568,-0.3901095813475681
5154,4.8821006,5.270882259979215,-0.3887816599792151
5155,4.8837833,5.271119123096355,-0.38733582309635484
5156,4.8855124,5.271143865944439,-0.38563146594443953
5157,4.887297,5.271055803099363,-0.3837588030993624
5158,4.8891487,5.2708568287793565,-0.38170812877935667
5159,4.891076,5.2705806977095735,-0.3795046977095735
5160,4.8930907,5.2701697537737715,-0.3770790537737714
5161,4.8952017,5.26966524786033,-0.37446354786033
5162,4.89742,5.269126060103506,-0.3717060601035058
5163,4.8997555,5.268678214654919,-0.36892271465491877
5164,4.902218,5.26819431861502,-0.36597631861501956
5165,4.904818,5.267489298167543,-0.36267129816754373
5166,4.907566,5.266678467832643,-0.3591124678326425
5167,4.910472,5.265825404255638,-0.3553534042556379
5168,4.913545,5.2649383101105185,-0.35139331011051844
5169,4.916797,5.263936782908181,-0.34713978290818126
5170,4.9198565,5.262866220676632,-0.3430097206766325
5171,4.9220834,5.261885788024268,-0.33980238802426843
5172,4.8790154,5.260979475501023,-0.3819640755010232
5173,4.921407,5.260051170455534,-0.33864417045553363
5174,4.946506,5.259147882107246,-0.3126418821072461
5175,4.9460874,5.258373848150446,-0.3122864481504459
5176,4.936837,5.257786855595153,-0.32094985559515354
5177,4.9180365,5.257413731688466,-0.33937723168846556
5178,4.895124,5.257134633041237,-0.36201063304123693
5179,4.8704877,5.2569868866111245,-0.3864991866111245
5180,4.846226,5.257082002558249,-0.4108560025582495
5181,4.82217,5.257376847679631,-0.43520684767963136
5182,4.799915,5.25786006572956,-0.45794506572956006
5183,4.7811127,5.2585217473384285,-0.47740904733842804
5184,4.768726,5.259408014250329,-0.4906820142503294
5185,4.761428,5.2605606444982085,-0.49913264449820804
5186,4.7565374,5.261901968709907,-0.5053645687099069
5187,4.751358,5.263395622960048,-0.5120376229600483
5188,4.746183,5.265112109216355,-0.518929109216355
5189,4.72705,5.267054192526626,-0.5400041925266255
5190,4.707751,5.2691446890604645,-0.5613936890604645
5191,4.6842914,5.271390144843307,-0.5870987448433072
5192,4.6610827,5.2738232329926555,-0.6127405329926559
5193,4.651668,5.276412759150139,-0.6247447591501389
5194,4.6520953,5.279101642240981,-0.6270063422409811
5195,4.652881,5.281954937817915,-0.6290739378179149
5196,4.654019,5.284911486698946,-0.6308924866989463
5197,4.6555014,5.287982966092913,-0.6324815660929124
5198,4.6573215,5.291131117445977,-0.6338096174459773
5199,4.6594715,5.294274165720887,-0.634802665720887
5200,4.661945,5.297416136116033,-0.635471136116033
5201,4.664734,5.300592297547208,-0.635858297547208
5202,4.6678324,5.303917944453306,-0.636085544453306
5203,4.671232,5.30719703539661,-0.6359650353966098
5204,4.674927,5.310295501884163,-0.6353685018841624
5205,4.6789093,5.313386866207097,-0.6344775662070967
5206,4.6831717,5.316402010422568,-0.6332303104225678
5207,4.687708,5.319403955005309,-0.6316959550053092
5208,4.6925097,5.322230907752626,-0.6297212077526266
5209,4.697571,5.324806525046072,-0.6272355250460722
5210,4.7028832,5.333681535379144,-0.6307983353791444
5211,4.708441,5.34249351741657,-0.6340525174165705
5212,4.714236,5.345481520574096,-0.6312455205740966
5213,4.7202616,5.346849377081564,-0.6265877770815642
5214,4.7265105,5.347445526684175,-0.6209350266841751
5215,4.7329755,5.3479810724925025,-0.6150055724925023
5216,4.73965,5.348439582722246,-0.6087895827222463
5217,4.746526,5.348776617410129,-0.602250617410129
5218,4.7535963,5.349028061668181,-0.5954317616681815
5219,4.760855,5.349220843577154,-0.5883658435771535
5220,4.768294,5.349360054608505,-0.5810660546085051
5221,4.7759066,5.349397526078969,-0.5734909260789687
5222,4.783685,5.353020836997429,-0.5693358369974284
5223,4.791623,5.356919908440884,-0.5652969084408834
5224,4.7997127,5.357398562332538,-0.557685862332538
5225,4.8079476,5.356317248676159,-0.5483696486761591
5226,4.81632,5.355521460585776,-0.539201460585776
5227,4.824823,5.355707519528374,-0.5308845195283736
5228,4.8334494,5.355275536105292,-0.5218261361052923
5229,4.842192,5.353325195052214,-0.5111331950522144
5230,4.851044,5.3515387799381475,-0.5004947799381476
5231,4.8599987,5.349811593705087,-0.4898128937050865
5232,4.8690476,5.348069548697178,-0.47902194869717807
5233,4.8781843,5.346273577392587,-0.4680892773925871
5234,4.887402,5.344515636669201,-0.45711363666920146
5235,4.8966928,5.342850313385898,-0.4461575133858977
5236,4.9060507,5.341166266013585,-0.43511556601358503
5237,4.9154673,5.3393466288446065,-0.4238793288446061
5238,4.9249363,5.337439644066206,-0.4125033440662067
5239,4.93445,5.335451225703926,-0.4010012257039257
5240,4.9440017,5.3334050685392995,-0.38940336853929924
5241,4.9535847,5.331300873378458,-0.37771617337845775
5242,4.963191,5.329162013648266,-0.3659710136482657
5243,4.9728136,5.326957818193574,-0.3541442181935741
5244,4.9824452,5.324783553133792,-0.34233835313379224
5245,4.9920797,5.322561522025086,-0.330481822025086
5246,5.001709,5.320231648930501,-0.3185226489305011
5247,5.0113263,5.317848418412675,-0.3065221184126745
5248,5.0209246,5.315455079617252,-0.29453047961725254
5249,5.030496,5.312996203461723,-0.2825002034617228
5250,5.040035,5.310414011550254,-0.27037901155025423
5251,5.0495324,5.307824970982858,-0.2582925709828574
5252,5.0589824,5.30512361216688,-0.24614121216688023
5253,5.0683775,5.302553449070971,-0.23417594907097072
5254,5.0777106,5.299794685708531,-0.22208408570853155
5255,5.086975,5.296922852926498,-0.20994785292649798
5256,5.096163,5.293934129927252,-0.19777112992725243
5257,5.1052675,5.291038288061445,-0.1857707880614452
5258,5.1142817,5.287996479087512,-0.17371477908751132
5259,5.123198,5.284726491825104,-0.16152849182510387
5260,5.1320095,5.2813866898057915,-0.14937718980579184
5261,5.1407094,5.2779828844439525,-0.13727348444395204
5262,5.14929,5.274717256009647,-0.12542725600964744
5263,5.157744,5.271239862820138,-0.11349586282013746
5264,5.1660643,5.267763638773358,-0.1016993387733578
5265,5.1742454,5.264286429376846,-0.0900410293768461
5266,5.1822786,5.260836786539349,-0.07855818653934854
5267,5.190157,5.257369096601472,-0.0672120966014722
5268,5.197874,5.2539106684894366,-0.05603666848943689
5269,5.205422,5.250507181470712,-0.04508518147071161
5270,5.2127934,5.2471698974540555,-0.03437649745405569
5271,5.219982,5.243903879133379,-0.023921879133379065
5272,5.2245975,5.240616671920514,-0.016019171920514275
5273,5.2205634,5.237470765826144,-0.01690736582614427
5274,5.227467,5.234537766936116,-0.00707076693611608
5275,5.241491,5.231677431641312,0.009813568358687519
5276,5.229839,5.228869196955768,0.0009698030442324423
5277,5.2246075,5.226212013354714,-0.001604513354713788
5278,5.2307124,5.223869283589853,0.006843116410147232
5279,5.236237,5.221593413472256,0.014643586527744112
5280,5.2412133,5.219543812262065,0.021669487737934645
5281,5.2456717,5.217611454426528,0.028060245573471754
5282,5.2496448,5.216087208535342,0.033557591464657754
5283,5.2531633,5.2149974250146585,0.0381658749853413
5284,5.2562585,5.213910080341259,0.04234841965874114
5285,5.258962,5.212848956978258,0.04611304302174268
5286,5.2613053,5.212054122170983,0.04925117782901722
5287,5.26332,5.2117723256214745,0.0515476743785257
5288,5.265037,5.2117312351364955,0.05330576486350491
5289,5.2664886,5.211580401607366,0.054908198392634056
5290,5.267705,5.211685530815231,0.0560194691847693
5291,5.2687187,5.212211076265073,0.05650762373492668
5292,5.2695603,5.213003246622268,0.0565570533777322
5293,5.2702622,5.213892992863396,0.05636920713660398
5294,5.2708545,5.214958177517227,0.05589632248277354
5295,5.27137,5.216344683066787,0.05502531693321355
5296,5.271839,5.217966282352673,0.053872717647326596
5297,5.2722936,5.219830158028779,0.05246344197122088
5298,5.2727647,5.221804080145483,0.05096061985451694
5299,5.2732844,5.224036504648683,0.049247895351316906
5300,5.273884,5.226497735638367,0.04738626436163251
5301,5.274594,5.229041625499419,0.045552374500580584
5302,5.2754464,5.231716938993516,0.04372946100648356
5303,5.276473,5.234483052072838,0.041989947927162596
5304,5.277705,5.237335844841483,0.040369155158517245
5305,5.279174,5.240198949457622,0.03897505054237804
5306,5.2809105,5.243029493761564,0.037881006238436044
5307,5.2829466,5.246138026926265,0.03680857307373486
5308,5.285314,5.249384966671459,0.03592903332854025
5309,5.2880435,5.252309998574556,0.03573350142544385
5310,5.2911673,5.259009827579808,0.032157472420191624
5311,5.294716,5.268616717084916,0.026099282915084565
5312,5.298721,5.272540550512022,0.026180449487977597
5313,5.3032146,5.2740525976740384,0.02916200232596111
5314,5.3082275,5.274688529769533,0.0335389702304667
5315,5.3137913,5.275468490357205,0.03832280964279544
5316,5.32228,5.276373280752265,0.045906719247734706
5317,5.335317,5.27775555807937,0.05756144192062962
5318,5.344623,5.279255596155784,0.06536740384421602
5319,5.351447,5.280544242080289,0.07090275791971123
5320,5.3570786,5.28162996814833,0.07544863185167028
5321,5.358745,5.282912757307132,0.0758322426928677
5322,5.358178,5.284148229144786,0.07402977085521378
5323,5.3504815,5.285211060357529,0.06527043964247081
5324,5.325042,5.286038574504163,0.03900342549583691
5325,5.2781777,5.286567258124203,-0.008389558124203056
5326,5.2163568,5.286811773804344,-0.07045497380434451
5327,5.143168,5.286811040851224,-0.1436430408512237
5328,5.0643396,5.286564816367113,-0.22222521636711257
5329,4.979697,5.285938024289953,-0.30624102428995315
5330,4.8905005,5.285111809088033,-0.39461130908803277
5331,4.801555,5.283796511492579,-0.4822415114925791
5332,4.71448,5.281888695539725,-0.5674086955397248
5333,4.6321282,5.279934300970103,-0.6478061009701026
5334,4.5510263,5.277559949229433,-0.7265336492294328
5335,4.4697165,5.274542221461517,-0.8048257214615173
5336,4.392881,5.270970962236389,-0.8780899622363894
5337,4.3245883,5.266994272135782,-0.9424059721357816
5338,4.268582,5.263578725286495,-0.9949967252864944
5339,4.221523,5.259866469152375,-1.038343469152375
5340,4.1838074,5.254380087269157,-1.0705726872691566
5341,4.1518607,5.248457150047063,-1.0965964500470626
5342,4.1233497,5.24274209582255,-1.1193923958225493
5343,4.097909,5.236964644159996,-1.1390556441599964
5344,4.077723,5.229795753035974,-1.1520727530359745
5345,4.057954,5.221352794967015,-1.1633987949670157
5346,4.043618,5.212959565442859,-1.169341565442859
5347,4.04004,5.203875158713602,-1.163835158713602
5348,4.0367117,5.194284045625557,-1.1575723456255576
5349,4.037023,5.184526488727879,-1.147503488727879
5350,4.0435953,5.17477419676815,-1.1311788967681506
5351,4.067843,5.164918299109347,-1.0970752991093473
5352,4.092765,5.155012315621835,-1.0622473156218346
5353,4.1182923,5.145213751286661,-1.0269214512866611
5354,4.144354,5.135575945982764,-0.9912219459827645
5355,4.1708803,5.126146085329649,-0.9552657853296491
5356,4.1978006,5.118179032198603,-0.9203784321986035
5357,4.225045,5.1103945867563905,-0.8853495867563907
5358,4.2525434,5.101368935539733,-0.8488255355397323
5359,4.280226,5.092664732641469,-0.8124387326414695
5360,4.308023,5.084054752514602,-0.7760317525146014
5361,4.3358636,5.0755571522322445,-0.7396935522322448
5362,4.3636775,5.067135226373531,-0.7034577263735313
5363,4.391395,5.059498557592743,-0.668103557592743
5364,4.4189463,5.052026711320701,-0.6330804113207007
5365,4.4462605,5.045545179973289,-0.5992846799732892
5366,4.473268,5.039387224638114,-0.5661192246381139
5367,4.499899,5.032443980452955,-0.532544980452955
5368,4.5260825,5.0267865999123575,-0.5007040999123573
5369,4.551749,5.02152731809674,-0.46977831809673987
5370,4.5768285,5.015670211756418,-0.4388417117564174
5371,4.60125,5.009928680062306,-0.4086786800623061
5372,4.624945,5.004808547541207,-0.37986354754120644
5373,4.647842,5.00028072957775,-0.35243872957775046
5374,4.669872,4.995834601110344,-0.32596260111034425
5375,4.6909633,4.991354388674675,-0.300391088674675
5376,4.7110467,4.9875600753587825,-0.27651337535878273
5377,4.7300525,4.9839389560415714,-0.25388645604157123
5378,4.74791,4.980250549313069,-0.23234054931306858
5379,4.7645493,4.976528629805791,-0.21197932980579104
5380,4.7799006,4.9730618015875905,-0.1931612015875901
5381,4.793893,4.970033461204891,-0.17614046120489135
5382,4.806457,4.967269631302823,-0.1608126313028233
5383,4.8179593,4.964673880651902,-0.1467145806519019
5384,4.8566184,4.962488302458264,-0.10586990245826389
5385,4.8513947,4.96065833899126,-0.10926363899126024
5386,4.8533316,4.959399736214583,-0.10606813621458322
5387,4.8565097,4.957988337724653,-0.10147863772465282
5388,4.855326,4.958074143584421,-0.10274814358442086
5389,4.8416476,4.959801343398743,-0.11815374339874296
5390,4.810584,4.961575666788615,-0.15099166678861486
5391,4.765118,4.963845274039745,-0.19872727403974455
5392,4.713166,4.965417671378999,-0.25225167137899884
5393,4.662519,4.968384092691298,-0.305865092691298
5394,4.615742,4.972703541382269,-0.3569615413822689
5395,4.5816107,4.976224925356838,-0.3946142253568379
5396,4.5570264,4.979465923886138,-0.4224395238861378
5397,4.541018,4.983060972369149,-0.4420429723691486
5398,4.530355,4.98799564557443,-0.45764064557442996
5399,4.5224,4.992700366823803,-0.4703003668238024
5400,4.5189786,4.996717658046837,-0.47773905804683725
5401,4.5182495,5.000984098992306,-0.4827345989923062
5402,4.5186744,5.005609798162778,-0.4869353981627782
5403,4.526925,5.0104745083284215,-0.48354950832842114
5404,4.541226,5.015803979169474,-0.4745779791694744
5405,4.559796,5.021044251170433,-0.46124825117043233
5406,4.5825095,5.026151587441292,-0.4436420874412921
5407,4.607699,5.031332096368042,-0.42363309636804214
5408,4.6336126,5.036450653614711,-0.4028380536147109
5409,4.658918,5.041670858392921,-0.38275285839292117
5410,4.6847067,5.047096269660984,-0.36238956966098446
5411,4.708312,5.052890782507372,-0.34457878250737206
5412,4.731631,5.058315619940602,-0.32668461994060216
5413,4.7526093,5.063813716333292,-0.3112044163332923
5414,4.7746854,5.06962148250762,-0.29493608250762016
5415,4.7883453,5.075153988411231,-0.28680868841123175
5416,4.8046646,5.08092803289456,-0.27626343289456035
5417,4.8209205,5.086535560225707,-0.26561506022570747
5418,4.8365335,5.091790625056105,-0.2552571250561053
5419,4.8519907,5.097218723318971,-0.24522802331897076
5420,4.8667383,5.102380517172539,-0.23564221717253897
5421,4.882505,5.107190549489223,-0.22468554948922304
5422,4.897389,5.118945788247622,-0.22155678824762148
5423,4.911063,5.133417538014315,-0.22235453801431504
5424,4.923824,5.141050642253303,-0.21722664225330313
5425,4.934845,5.141454317707836,-0.20660931770783542
5426,4.952831,5.141839786885781,-0.18900878688578082
5427,4.9559073,5.142448137353744,-0.1865408373537445
5428,4.9641047,5.143075203579022,-0.17897050357902167
5429,4.975587,5.14359560409723,-0.1680086040972304
5430,4.978615,5.1438133144088045,-0.16519831440880495
5431,4.9786143,5.151957891234912,-0.17334359123491172
5432,4.9786134,5.164056956612178,-0.18544355661217793
5433,4.978613,5.172004186988393,-0.19339118698839286
5434,4.9786115,5.176804918190663,-0.19819341819066238
5435,4.97861,5.177524000908432,-0.1989140009084318
5436,4.9786086,5.178055768567792,-0.19944716856779188
5437,4.978607,5.178495763362699,-0.1998887633626989
5438,4.9786053,5.179069312977948,-0.2004640129779478
5439,4.9786034,5.179464634265577,-0.20086123426557734
5440,4.978601,5.18163336793877,-0.20303236793876955
5441,4.978599,5.1834169725777,-0.2048179725777004
5442,4.9785967,5.183401428338123,-0.20480472833812335
5443,4.9785943,5.183425580576409,-0.20483128057640876
5444,4.9785924,5.183391548392577,-0.20479914839257685
5445,4.97859,5.183368433868834,-0.20477843386883432
5446,4.9785876,5.18335539088181,-0.20476779088181019
5447,4.9785852,5.1832973047276605,-0.2047121047276601
5448,4.9785833,5.183273516478902,-0.20469021647890173
5449,4.978581,5.183358020415146,-0.204777020415146
5450,4.978579,5.183377570539341,-0.20479857053934136
5451,4.978577,5.183307860482425,-0.2047308604824254
5452,4.9785757,5.185206706663963,-0.2066310066639625
5453,4.978574,5.18671966245739,-0.2081456624573903
5454,4.978573,5.186705992643196,-0.20813299264319607
5455,4.9785714,5.186430703764893,-0.20785930376489326
5456,4.9785705,5.1862810385285165,-0.2077105385285165
5457,4.9785695,5.186320801342561,-0.2077513013425607
5458,4.978569,5.1865903565443325,-0.2080213565443323
5459,4.9788175,5.186819074040716,-0.20800157404071573
5460,4.990498,5.187037150028033,-0.19653915002803313
5461,5.001187,5.187471482544402,-0.18628448254440233
5462,5.0117383,5.188052286541603,-0.17631398654160257
5463,5.020585,5.188878740526275,-0.16829374052627522
5464,5.0342407,5.191478834040454,-0.15723813404045384
5465,5.0370417,5.194430881219837,-0.15738918121983758
5466,5.040641,5.1954087629836065,-0.15476776298360662
5467,5.0414505,5.196364147583666,-0.15491364758366633
5468,5.039954,5.197521785951189,-0.1575677859511888
5469,5.0374713,5.198997455673684,-0.161526155673684
5470,5.0309777,5.200613683653124,-0.16963598365312382
5471,5.0234766,5.20239581085304,-0.17891921085303952
5472,5.0138736,5.204218989936148,-0.19034538993614802
5473,5.0006604,5.206211649382011,-0.20555124938201086
5474,4.986629,5.208519683647486,-0.22189068364748632
5475,4.977017,5.21085706507379,-0.23384006507378974
5476,4.972274,5.213222574435238,-0.24094857443523843
5477,4.9700766,5.215793441177887,-0.24571684117788717
5478,4.9709864,5.218433556135926,-0.24744715613592572
5479,4.974456,5.22114350794789,-0.24668750794788963
5480,4.980227,5.223792520793999,-0.2435655207939984
5481,4.9870887,5.226309636007865,-0.23922093600786454
5482,4.9946322,5.228826162499491,-0.2341939624994911
5483,5.0018945,5.231450549467301,-0.22955604946730102
5484,5.0066605,5.2340670630739075,-0.22740656307390772
5485,5.0027127,5.236389789157465,-0.23367708915746466
5486,4.985805,5.238555426249174,-0.25275042624917354
5487,4.9547358,5.240612801094558,-0.2858770010945584
5488,4.916537,5.24243053994774,-0.3258935399477405
5489,4.8714576,5.24409807363126,-0.37264047363126007
5490,4.818368,5.245552477920525,-0.42718447792052494
5491,4.757004,5.246791941013101,-0.48978794101310097
5492,4.6903315,5.247790152653881,-0.5574586526538807
5493,4.6226373,5.2486395461518,-0.6260022461518
5494,4.5605154,5.249268072073647,-0.6887526720736474
5495,4.5080895,5.24958170158067,-0.7414922015806704
5496,4.4727244,5.249605654441763,-0.7768812544417631
5497,4.450878,5.249336618866693,-0.7984586188666922
5498,4.4302154,5.248608285755589,-0.8183928857555891
5499,4.410804,5.247865323989155,-0.8370613239891549
5500,4.392711,5.247131002207762,-0.8544200022077622
5501,4.3760047,5.245841688557584,-0.8698369885575836
5502,4.3607516,5.244394838669642,-0.8836432386696416
5503,4.3470154,5.244178877853544,-0.8971634778535442
5504,4.334873,5.243580538664265,-0.9087075386642649
5505,4.3243876,5.2412187745814505,-0.9168311745814508
5506,4.3156257,5.238512099627654,-0.9228863996276537
5507,4.3086553,5.234781520661283,-0.926126220661283
5508,4.3035436,5.231001648193773,-0.9274580481937731
5509,4.3003583,5.229125383731562,-0.9287670837315618
5510,4.299167,5.225778338645303,-0.9266113386453032
5511,4.310567,5.221294564301263,-0.9107275643012631
5512,4.324408,5.2167146149607,-0.8923066149606997
5513,4.3396463,5.211151460346407,-0.8715051603464072
5514,4.3562226,5.205915958662751,-0.8496933586627513
5515,4.3740783,5.200132408955889,-0.8260541089558888
5516,4.3931513,5.19480532101613,-0.8016540210161294
5517,4.4133816,5.189808103770842,-0.7764265037708418
5518,4.434708,5.185054134805322,-0.750346134805322
5519,4.4570713,5.180565553033021,-0.7234942530330208
5520,4.4804106,5.175661276332738,-0.695250676332738
5521,4.504665,5.171620664230187,-0.666955664230187
5522,4.5297747,5.167741971990478,-0.6379672719904779
5523,4.5556784,5.163170465529545,-0.607492065529545
5524,4.582317,5.159234701091751,-0.5769177010917517
5525,4.609629,5.155325427413496,-0.5456964274134961
5526,4.637555,5.150417510269527,-0.5128625102695272
5527,4.6660337,5.145712780364441,-0.4796790803644413
5528,4.695005,5.140888843925684,-0.44588384392568425
5529,4.7244086,5.136041567528434,-0.41163296752843337
5530,4.754184,5.131719428667949,-0.3775354286679482
5531,4.7842703,5.127143287196738,-0.34287298719673753
5532,4.814608,5.1220082102494136,-0.3074002102494138
5533,4.845136,5.116852370816508,-0.2717163708165078
5534,4.875795,5.112285290930406,-0.23649029093040586
5535,4.9065228,5.1077239303671735,-0.20120113036717324
5536,4.9218206,5.102383755301498,-0.18056315530149813
5537,4.938021,5.096809352363196,-0.15878835236319588
5538,4.922845,5.0916944719044075,-0.1688494719044078
5539,4.9137673,5.086905124259411,-0.1731378242594115
5540,4.8700814,5.082118732726316,-0.2120373327263163
5541,4.8201346,5.0770697210502185,-0.2569351210502182
5542,4.75589,5.072423760061851,-0.3165337600618514
5543,4.6942267,5.068758466877406,-0.3745317668774062
5544,4.6400757,5.065733713516729,-0.4256580135167294
5545,4.5844235,5.062128223152164,-0.47770472315216406
5546,4.562011,5.058349106915527,-0.4963381069155268
5547,4.5389733,5.05514938643482,-0.5161760864348199
5548,4.5204163,5.052287486584603,-0.5318711865846026
5549,4.5076556,5.049455638412224,-0.5418000384122239
5550,4.4971933,5.046907153043658,-0.5497138530436576
5551,4.4885416,5.043883353432847,-0.5553417534328471
5552,4.498448,5.041102201762949,-0.5426542017629492
5553,4.482656,5.038927750851909,-0.5562717508519084
5554,4.473151,5.03696481924434,-0.5638138192443405
5555,4.4722214,5.0349616949070795,-0.5627402949070799
5556,4.4746757,5.0333817309496,-0.5587060309496001
5557,4.4890094,5.031422204211884,-0.5424128042118843
5558,4.5052195,5.029328738926146,-0.5241092389261457
5559,4.517104,5.027580893667093,-0.5104768936670929
5560,4.532425,5.026339090165524,-0.4939140901655241
5561,4.546598,5.025424020530885,-0.4788260205308843
5562,4.5615516,5.024305456335875,-0.4627538563358753
5563,4.5755386,5.023166521470578,-0.44762792147057784
5564,4.5886836,5.022940985982855,-0.43425738598285424
5565,4.601035,5.02311555331104,-0.4220805533110399
5566,4.612642,5.022621174889667,-0.40997917488966706
5567,4.623553,5.022217684032874,-0.39866468403287403
5568,4.633817,5.022132285713881,-0.3883152857138814
5569,4.6434836,5.022664964969392,-0.3791813649693925
5570,4.6526012,5.022826044301931,-0.3702248443019309
5571,4.6612186,5.0223077415496595,-0.36108914154965976
5572,4.669385,5.022314988209379,-0.3529299882093788
5573,4.6771493,5.022292838042625,-0.3451435380426249
5574,4.6845603,5.022164460596492,-0.33760416059649145
5575,4.6916666,5.021697351851118,-0.3300307518511181
5576,4.6985173,5.020064170554749,-0.32154687055474884
5577,4.705162,5.021861591692227,-0.3166995916922275
5578,4.7116485,5.025719919982299,-0.3140714199822989
5579,4.718026,5.026116102466212,-0.3080901024662124
5580,4.7243443,5.023898519459424,-0.2995542194594236
5581,4.7306514,5.021818479283626,-0.2911670792836256
5582,4.736996,5.019233953731871,-0.28223795373187066
5583,4.743428,5.023659006943251,-0.280231006943251
5584,4.7499957,5.027181047277975,-0.2771853472779746
5585,4.7567477,5.023045283032593,-0.26629758303259266
5586,4.7637334,5.018610424992654,-0.25487702499265463
5587,4.7710013,5.014329438194761,-0.2433281381947614
5588,4.7786007,5.009637515704078,-0.23103681570407808
5589,4.7865806,5.005280207960701,-0.21869960796070131
5590,4.794989,5.009865695799374,-0.21487669579937396
5591,4.8038764,5.015698510546836,-0.2118221105468363
5592,4.8132896,5.014616845996796,-0.2013272459967963
5593,4.8232794,5.008617392427048,-0.18533799242704863
5594,4.833894,5.003674123651944,-0.16978012365194406
5595,4.845182,4.99903820234042,-0.1538562023404193
5596,4.857193,4.993639088524505,-0.13644608852450535
5597,4.869975,4.988444991312396,-0.11846999131239588
5598,4.883578,4.983659559507128,-0.10008155950712805
5599,4.89805,4.978910780121578,-0.08086078012157838
5600,4.9134398,4.974031960832008,-0.06059216083200791
5601,4.929797,4.969164278828239,-0.039367278828239094
5602,4.9446063,4.96476726529354,-0.020160965293539945
5603,4.945526,4.960321205149668,-0.014795205149668256
5604,4.946177,4.95602384031016,-0.009846840310160587
5605,4.9148355,4.9515458842337186,-0.03671038423371886
5606,4.905233,4.946624005579366,-0.04139100557936626
5607,4.9141397,4.941981741748515,-0.027842041748515456
5608,4.9043274,4.937741883852341,-0.033414483852340915
5609,4.8848343,4.933891963001271,-0.04905766300127112
5610,4.868392,4.930246582789417,-0.06185458278941702
5611,4.853883,4.9281159065151865,-0.07423290651518677
5612,4.8391547,4.926031511924376,-0.08687681192437591
5613,4.8158154,4.923687436499744,-0.10787203649974408
5614,4.8096213,4.921122252488988,-0.1115009524889885
5615,4.8037057,4.919351131811444,-0.11564543181144415
5616,4.7988696,4.916100263032983,-0.11723066303298335
5617,4.796169,4.9129378528395335,-0.11676885283953364
5618,4.7915735,4.909696165126187,-0.11812266512618663
5619,4.7819104,4.9073869130000904,-0.12547651300009033
5620,4.7628207,4.905605271391652,-0.14278457139165202
5621,4.7338586,4.904081772653477,-0.1702231726534773
5622,4.686191,4.902136414386564,-0.21594541438656378
5623,4.6249366,4.900371647952086,-0.27543504795208573
5624,4.561559,4.899953961088037,-0.3383949610880368
5625,4.505854,4.899984590334315,-0.3941305903343144
5626,4.4631357,4.899529831865237,-0.4363941318652378
5627,4.4349713,4.899417152106837,-0.4644458521068371
5628,4.418502,4.900174243642682,-0.4816722436426817
5629,4.4100757,4.902095602826562,-0.49201990282656194
5630,4.407958,4.904212464990523,-0.49625446499052295
5631,4.410447,4.906522633324815,-0.4960756333248151
5632,4.4200125,4.9099348344892935,-0.4899223344892931
5633,4.4339914,4.913737882793252,-0.47974648279325205
5634,4.45308,4.918299616013466,-0.4652196160134663
5635,4.4759827,4.923686460169061,-0.44770376016906077
5636,4.501903,4.92984839952225,-0.4279453995222493
5637,4.529297,4.936863469892964,-0.40756646989296463
5638,4.5578713,4.944045671587978,-0.38617437158797774
5639,4.585276,4.950396166555191,-0.3651201665551911
5640,4.6119165,4.9579562916412305,-0.3460397916412301
5641,4.6382303,4.9653184345918175,-0.3270881345918175
5642,4.6594224,4.971429641796688,-0.31200724179668793
5643,4.6740494,4.981557931909991,-0.30750853190999106
5644,4.6876183,4.992147988697719,-0.3045296886977198
5645,4.7001815,4.999796553607395,-0.29961505360739515
5646,4.7117934,5.004848791132451,-0.2930553911324507
5647,4.7225065,5.009282713327508,-0.28677621332750824
5648,4.7323756,5.013776901323483,-0.2814013013234833
5649,4.7414527,5.018714949740334,-0.27726224974033364
5650,4.7497916,5.031714790407703,-0.28192319040770286
5651,4.7574463,5.0468216221785,-0.2893753221785005
5652,4.7644696,5.056188214181417,-0.2917186141814172
5653,4.770916,5.064174223907969,-0.2932582239079693
5654,4.776838,5.072808332858832,-0.29597033285883256
5655,4.7822886,5.080237934655376,-0.29794933465537543
5656,4.787322,5.086711521046944,-0.29938952104694394
5657,4.791992,5.0927150247439785,-0.30072302474397894
5658,4.796352,5.099570266418605,-0.3032182664186056
5659,4.800454,5.107017573516046,-0.3065635735160459
5660,4.804353,5.117287558778262,-0.31293455877826215
5661,4.808102,5.128365211513524,-0.32026321151352377
5662,4.8117547,5.137151679405212,-0.3253969794052125
5663,4.815364,5.146433216539765,-0.33106921653976507
5664,4.8189836,5.153821018182432,-0.33483741818243207
5665,4.822667,5.1587840073757505,-0.33611700737575045
5666,4.8264675,5.163807361666304,-0.3373398616663046
5667,4.8304386,5.168561095793005,-0.33812249579300513
5668,4.834634,5.173412284331711,-0.33877828433171064
5669,4.8391066,5.175838329428595,-0.3367317294285952
5670,4.8439107,5.178641525488484,-0.3347308254884833
5671,4.8490987,5.181212254123056,-0.33211355412305643
5672,4.854725,5.179431470135518,-0.324706470135518
5673,4.860842,5.175750780561825,-0.3149087805618249
5674,4.867504,5.171266604250883,-0.303762604250883
5675,4.8747644,5.171152535206121,-0.2963881352061213
5676,4.8826766,5.170969500981876,-0.288292900981876
5677,4.891294,5.1660004243073665,-0.27470642430736625
5678,4.9006696,5.160555411137608,-0.25988581113760834
5679,4.910857,5.154824136459421,-0.24396713645942114
5680,4.9219103,5.14894685010745,-0.2270365501074494
5681,4.9338827,5.142435329057105,-0.20855262905710514
5682,4.9491577,5.13700840355028,-0.18785070355028033
5683,4.962311,5.13206806416625,-0.1697570641662507
5684,4.961173,5.124441754600028,-0.1632687546000282
5685,4.9683347,5.115215444401353,-0.14688074440135335
5686,4.965091,5.105960624974972,-0.14086962497497169
5687,4.9547696,5.096975807765323,-0.142206207765323
5688,4.9165583,5.088411435347365,-0.1718531353473649
5689,4.891833,5.079928221700952,-0.1880952217009515
5690,4.857882,5.071343770871498,-0.21346177087149787
5691,4.819702,5.06345364177376,-0.24375164177375996
5692,4.7842593,5.056167904889241,-0.27190860488924073
5693,4.7508197,5.049197278919854,-0.2983775789198537
5694,4.7093954,5.043329154943475,-0.3339337549434749
5695,4.645672,5.038577391249736,-0.39290539124973556
5696,4.608779,5.034654405942211,-0.42587540594221096
5697,4.5752244,5.03195464350698,-0.4567302435069802
5698,4.544923,5.030269355226298,-0.485346355226298
5699,4.517788,5.029017517000014,-0.5112295170000136
5700,4.4937334,5.0296617247724615,-0.5359283247724616
5701,4.472674,5.032397921353923,-0.5597239213539238
5702,4.4545236,5.035548634183024,-0.5810250341830239
5703,4.439196,5.039333765220931,-0.6001377652209312
5704,4.426606,5.04409826232049,-0.6174922623204901
5705,4.4166675,5.0510928960005455,-0.6344253960005455
5706,4.409294,5.05913709364988,-0.6498430936498796
5707,4.404399,5.0672153403372056,-0.6628163403372058
5708,4.4018993,5.076649328484502,-0.6747500284845014
5709,4.4098125,5.087113477121155,-0.6773009771211544
5710,4.42924,5.098810748379854,-0.6695707483798543
5711,4.4479833,5.111342353665381,-0.6633590536653813
5712,4.4660535,5.124965371744368,-0.658911871744368
5713,4.483463,5.140234538544063,-0.6567715385440627
5714,4.500224,5.156249624962639,-0.6560256249626386
5715,4.5163503,5.172656070021577,-0.6563057700215769
5716,4.5318522,5.189943358820379,-0.6580911588203788
5717,4.546743,5.208210729635156,-0.6614677296351559
5718,4.5610347,5.226484870745735,-0.6654501707457348
5719,4.5747395,5.244978243721144,-0.6702387437211446
5720,4.5878696,5.263361524628415,-0.6754919246284148
5721,4.600438,5.281709258163975,-0.6812712581639753
5722,4.6124563,5.301660907201563,-0.689204607201563
5723,4.623937,5.321618412002264,-0.6976814120022645
5724,4.6348925,5.338593976189547,-0.703701476189547
5725,4.6453342,5.358797759148088,-0.7134635591480887
5726,4.655276,5.381285918404536,-0.7260099184045359
5727,4.6647286,5.398912651657408,-0.7341840516574081
5728,4.6737056,5.412613530152218,-0.7389079301522177
5729,4.682218,5.425065545594856,-0.7428475455948567
5730,4.690279,5.436685048002725,-0.7464060480027248
5731,4.6979003,5.4475665038629915,-0.7496662038629918
5732,4.705095,5.458129730255896,-0.7530347302558962
5733,4.7118745,5.474187507786873,-0.7623130077868723
5734,4.7182517,5.488672879866583,-0.7704211798665836
5735,4.7242384,5.501403818023306,-0.7771654180233059
5736,4.729847,5.512442135649627,-0.7825951356496264
5737,4.73509,5.521340624482948,-0.7862506244829488
5738,4.7399793,5.52558058620272,-0.78560128620272
5739,4.744528,5.536350140553907,-0.791822140553907
5740,4.7487473,5.541934272261907,-0.7931869722619069
5741,4.7526503,5.528262382929912,-0.7756120829299116
5742,4.756249,5.513467200533222,-0.757218200533222
5743,4.7595553,5.497569184058439,-0.7380138840584394
5744,4.7625823,5.480600119379166,-0.718017819379166
5745,4.7653418,5.462602732041444,-0.697260932041444
5746,4.7678456,5.443630175623287,-0.675784575623287
5747,4.770107,5.423745407291287,-0.6536384072912869
5748,4.7721376,5.403020453110763,-0.6308828531107631
5749,4.7739496,5.381535559332416,-0.6075859593324164
5750,4.7755556,5.35937822565558,-0.5838226256555803
5751,4.776968,5.336642122446229,-0.5596741224462285
5752,4.7781987,5.313425903556147,-0.535227203556147
5753,4.77926,5.289831936830329,-0.5105719368303294
5754,4.7801647,5.265964980287484,-0.4858002802874841
5755,4.780925,5.241930827521768,-0.46100582752176855
5756,4.7815523,5.217834933538821,-0.4362826335388208
5757,4.7820597,5.193781021304101,-0.41172132130410155
5758,4.782473,5.169869670533557,-0.38739667053355653
5759,4.7827735,5.146196904660394,-0.36342340466039413
5760,4.782991,5.122852801100892,-0.33986180110089226
5761,4.7831383,5.0999201532242875,-0.3167818532242874
5762,4.783227,5.0774732288758395,-0.2942462288758394
5763,4.7832694,5.055576698335538,-0.27230729833553813
5764,4.7713666,5.034284827756794,-0.26291822775679385
5765,4.6949854,5.013641039720991,-0.31865563972099054
5766,4.617849,4.993677926669906,-0.3758289266699064
5767,4.538742,4.974417768928804,-0.435675768928804
5768,4.4552994,4.955873564044228,-0.5005741640442274
5769,4.365049,4.938050526498157,-0.5730015264981567
5770,4.291108,4.920947973824087,-0.6298399738240867
5771,4.2346964,4.9045614820177486,-0.6698650820177487
5772,4.182495,4.888885172841073,-0.7063901728410729
5773,4.134759,4.873913988927626,-0.7391549889276261
5774,4.0937805,4.859645818545723,-0.7658653185457229
5775,4.0601263,4.84608334830767,-0.7859570483076697
5776,4.0321326,4.833235546217053,-0.8011029462170534
5777,4.0087028,4.821118706203173,-0.8124159062031726
5778,3.992702,4.8097570158278815,-0.8170550158278815
5779,3.9854867,4.799182638670335,-0.8136959386703353
5780,3.9796371,4.7894353300192,-0.8097982300191995
5781,3.9716775,4.780561627515229,-0.8088841275152285
5782,3.9631457,4.772613676429163,-0.809467976429163
5783,3.961089,4.765647761967418,-0.8045587619674177
5784,3.9634128,4.759722628424336,-0.7963098284243357
5785,3.9733157,4.772101877692309,-0.7987861776923091
5786,3.9885952,4.788339761980261,-0.799744561980261
5787,4.004016,4.791917222002703,-0.7879012220027031
5788,4.018954,4.7961298158382855,-0.7771758158382855
5789,4.033527,4.801294422366534,-0.7677674223665338
5790,4.047855,4.808699880453377,-0.7608448804533765
5791,4.0620575,4.819064090221033,-0.7570065902210334
5792,4.0762544,4.830428666816227,-0.7541742668162268
5793,4.0905714,4.843416998131373,-0.7528455981313726
5794,4.105117,4.856308864119436,-0.751191864119436
5795,4.120016,4.87074202282699,-0.7507260228269903
5796,4.135389,4.886950391432369,-0.7515613914323689
5797,4.1513557,4.904526476994485,-0.7531707769944855
5798,4.1680355,4.922731891188814,-0.7546963911888138
5799,4.185549,4.941273611302509,-0.7557246113025089
5800,4.2040153,4.961934357344402,-0.7579190573444023
5801,4.223554,4.982724577039688,-0.7591705770396882
5802,4.2458034,5.003415826873017,-0.7576124268730169
5803,4.265585,5.021868779971176,-0.7562837799711764
5804,4.2831073,5.041002210360089,-0.7578949103600889
5805,4.298579,5.059557857921947,-0.7609788579219465
5806,4.312209,5.077146180681534,-0.7649371806815335
5807,4.324206,5.095824047439495,-0.7716180474394951
5808,4.3347774,5.115284071987473,-0.7805066719874727
5809,4.344133,5.133697618962742,-0.7895646189627419
5810,4.3524804,5.147737072873049,-0.795256672873049
5811,4.3600283,5.159899369538169,-0.7998710695381694
5812,4.3669853,5.170557407142805,-0.8035721071428057
5813,4.37356,5.178965476527014,-0.8054054765270138
5814,4.379961,5.186077496245286,-0.806116496245286
5815,4.386397,5.191349799504589,-0.8049527995045898
5816,4.3930755,5.1954098815755625,-0.8023343815755624
5817,4.400206,5.197479877333308,-0.7972738773333079
5818,4.407997,5.196472200606263,-0.7884752006062632
5819,4.4166565,5.19647339397004,-0.7798168939700396
5820,4.4263935,5.1959355087583035,-0.7695420087583038
5821,4.437416,5.191074433562437,-0.7536584335624372
5822,4.449933,5.183137129516785,-0.7332041295167855
5823,4.464153,5.173520674600954,-0.7093676746009541
5824,4.4802833,5.163752704914002,-0.6834694049140024
5825,4.498534,5.152449570115227,-0.6539155701152266
5826,4.5191135,5.141523084558284,-0.6224095845582847
5827,4.5422297,5.134625948547276,-0.592396248547276
5828,4.5692306,5.127939534990307,-0.5587089349903067
5829,4.5981736,5.122783092810476,-0.5246094928104759
5830,4.6302876,5.112686417734504,-0.482398817734504
5831,4.665857,5.107226781277846,-0.4413697812778459
5832,4.7211795,5.096489113577557,-0.3753096135775573
5833,4.7651486,5.067035370531659,-0.30188677053165947
5834,4.786532,5.038101162244043,-0.251569162244043
5835,4.8060813,5.0098083065236265,-0.20372700652362674
5836,4.804149,4.982265992071086,-0.1781169920710859
5837,4.7838397,4.955569674751595,-0.17172997475159502
5838,4.7313833,4.929800343811043,-0.19841704381104286
5839,4.6598825,4.9050242349890185,-0.24514173498901837
5840,4.5792966,4.881293048461543,-0.3019964484615425
5841,4.500652,4.858644695807352,-0.3579926958073525
5842,4.4266424,4.837104558540515,-0.4104621585405148
5843,4.360756,4.816687198546282,-0.4559311985462813
5844,4.305298,4.7973984242426155,-0.4921004242426159
5845,4.257682,4.779237589773639,-0.521555589773639
5846,4.2177877,4.762199990198173,-0.5444122901981734
5847,4.181778,4.7462792137275915,-0.5645012137275911
5848,4.147137,4.731469321371993,-0.5843323213719929
5849,4.1105695,4.717766742673742,-0.6071972426737418
5850,4.0733466,4.705171800834764,-0.631825200834764
5851,4.0384393,4.693689807769183,-0.6552505077691828
5852,4.009333,4.683331689326878,-0.6739986893268783
5853,3.9862683,4.674114101904945,-0.6878458019049454
5854,3.9695294,4.666058996377733,-0.6965295963777329
5855,3.9570487,4.659192598633402,-0.7021438986334023
5856,3.949694,4.653543812113902,-0.7038498121139023
5857,3.9379718,4.649142094878448,-0.7111702948784475
5858,3.9194467,4.646014910422187,-0.7265682104221867
5859,3.8949564,4.644184891974323,-0.7492284919743231
5860,3.8686404,4.643666892677149,-0.7750264926771488
5861,3.844534,4.644465115976042,-0.7999311159760425
5862,3.8204231,4.671500774897922,-0.8510776748979216
5863,3.7965772,4.702257631748966,-0.9056804317489662
5864,3.7732651,4.716174015882548,-0.9429089158825481
5865,3.7507558,4.7308990840807486,-0.9801432840807487
5866,3.7293181,4.7503785911027485,-1.0210604911027485
5867,3.7092211,4.770432002488765,-1.061210902488765
5868,3.690734,4.788219335638969,-1.0974853356389689
5869,3.6741252,4.807132587292375,-1.1330073872923747
5870,3.6596591,4.8276646312307365,-1.1680055312307367
5871,3.647616,4.847343010674872,-1.1997270106748719
5872,3.6382582,4.868719445249232,-1.2304612452492316
5873,3.6318555,4.889458896242215,-1.257603396242215
5874,3.6286762,4.90712203111652,-1.27844583111652
5875,3.647013,4.922770921444898,-1.2757579214448982
5876,3.681611,4.936633825419016,-1.255022825419016
5877,3.7192407,4.9489758750084745,-1.2297351750084746
5878,3.7595599,4.959153735998007,-1.199593835998007
5879,3.8022256,4.969968218618528,-1.1677426186185285
5880,3.8468957,4.985915652782604,-1.1390199527826042
5881,3.8932276,5.000207084512771,-1.1069794845127707
5882,3.9408793,5.006987175664865,-1.0661078756648652
5883,3.989508,5.010657119199704,-1.0211491191997037
5884,4.038772,5.0142342742368555,-0.9754622742368557
5885,4.0883274,5.019228877281907,-0.9309014772819069
5886,4.1378336,5.024027038053627,-0.8861934380536276
5887,4.1869473,5.027293455423405,-0.8403461554234051
5888,4.2353263,5.029057956458958,-0.7937316564589585
5889,4.282627,5.030470146878193,-0.7478431468781936
5890,4.3285103,5.031243344332951,-0.7027330443329518
5891,4.372631,5.032037464301492,-0.6594064643014921
5892,4.414647,5.032400206741965,-0.6177532067419644
5893,4.4542165,5.03422076852823,-0.5800042685282296
5894,4.490997,5.034509792834215,-0.5435127928342149
5895,4.5226455,5.0327124692638066,-0.5100669692638062
5896,4.5424123,5.029094594517156,-0.4866822945171565
5897,4.5620785,5.025688759828943,-0.46361025982894244
5898,4.580003,5.021020731189426,-0.4410177311894268
5899,4.5969176,5.016257899641601,-0.41934029964160047
5900,4.612735,5.014373219321445,-0.4016382193214456
5901,4.6273856,5.015816599953162,-0.38843099995316166
5902,4.6407957,5.017614720114485,-0.3768190201144854
5903,4.65289,5.019806587223369,-0.3669165872233684
5904,4.663594,5.019191371410528,-0.3555973714105285
5905,4.6728315,5.020537840482861,-0.3477063404828611
5906,4.6805286,5.016590155499067,-0.33606155549906713
5907,4.6866107,4.997943548295414,-0.31133284829541363
5908,4.691002,4.979688245590862,-0.28868624559086165
5909,4.6936283,4.961821782157891,-0.26819348215789063
5910,4.690105,4.944339930514041,-0.2542349305140412
5911,4.626069,4.927237583145827,-0.3011685831458264
5912,4.5507245,4.910509584176551,-0.35978508417655064
5913,4.478034,4.894151479050446,-0.41611747905044627
5914,4.391227,4.878160159221161,-0.4869331592211612
5915,4.3116813,4.8625343863020705,-0.5508530863020704
5916,4.236173,4.847275184921948,-0.6111021849219478
5917,4.167402,4.832386098038925,-0.664984098038925
5918,4.109009,4.817873305234986,-0.7088643052349859
5919,4.0571465,4.803745612653361,-0.7465991126533611
5920,4.009041,4.790014329448482,-0.7809733294484822
5921,3.964363,4.776693048554319,-0.8123300485543186
5922,3.9238498,4.763797350949251,-0.8399475509492511
5923,3.8865924,4.751344453682597,-0.8647520536825968
5924,3.8516452,4.739352822241693,-0.8877076222416926
5925,3.8194995,4.74517631164872,-0.92567681164872
5926,3.7913568,4.7528844275794135,-0.9615276275794136
5927,3.7685874,4.75008244465428,-0.9814950446542805
5928,3.739137,4.749734299952175,-1.0105972999521753
5929,3.7292895,4.7507185683541175,-1.0214290683541174
5930,3.7295642,4.752759186650445,-1.0231949866504446
5931,3.7348862,4.75399082267395,-1.0191046226739502
5932,3.7442245,4.752851187904997,-1.008626687904997
5933,3.7560098,4.751101182307396,-0.9950913823073959
5934,3.7656162,4.749150290203392,-0.983534090203392
5935,3.7688794,4.746311981614435,-0.9774325816144347
5936,3.770013,4.743729212605895,-0.9737162126058947
5937,3.7685657,4.74113399177714,-0.9725682917771401
5938,3.766838,4.7387773181878705,-0.9719393181878706
5939,3.7698627,4.73739170296954,-0.96752900296954
5940,3.7726135,4.736534836462974,-0.9639213364629744
5941,3.7826064,4.7363729447848835,-0.9537665447848833
5942,3.7934194,4.736895561582326,-0.9434761615823262
5943,3.8049912,4.737735564146625,-0.9327443641466253
5944,3.81729,4.739294814939317,-0.9220048149393172
5945,3.830284,4.742054451514932,-0.9117704515149319
5946,3.843941,4.745914314950665,-0.9019733149506646
5947,3.858229,4.750159358861923,-0.8919303588619232
5948,3.8731158,4.7548955006291385,-0.8817797006291386
5949,3.8885698,4.759852027151622,-0.8712822271516218
5950,3.9045587,4.765190357294646,-0.860631657294646
5951,3.9210508,4.778864205152417,-0.8578134051524171
5952,3.9380138,4.79060955503468,-0.8525957550346805
5953,3.9554164,4.79649157888873,-0.8410751788887305
5954,3.9732258,4.801328611393128,-0.8281028113931281
5955,3.9914105,4.806005460542765,-0.8145949605427645
5956,4.009938,4.811885390742034,-0.8019473907420336
5957,4.028777,4.820209144719354,-0.7914321447193542
5958,4.047895,4.827611287226283,-0.7797162872262833
5959,4.0672603,4.833146025569798,-0.765885725569798
5960,4.086841,4.83930535779396,-0.7524643577939605
5961,4.106605,4.847468633975159,-0.7408636339751586
5962,4.12652,4.856171031049386,-0.7296510310493858
5963,4.1465545,4.863231072262305,-0.7166765722623056
5964,4.166676,4.870728255577456,-0.704052255577456
5965,4.1868534,4.8797593665042935,-0.6929059665042931
5966,4.2070537,4.89761515678067,-0.6905614567806699
5967,4.227246,4.914526006586594,-0.6872800065865938
5968,4.2473965,4.921558676287674,-0.6741621762876742
5969,4.267475,4.929000143463773,-0.6615251434637726
5970,4.287449,4.936241924903943,-0.648792924903943
5971,4.3072867,4.943181464887964,-0.635894764887964
5972,4.3269553,4.9503899370712325,-0.6234346370712327
5973,4.346424,4.9574093124304275,-0.6109853124304276
5974,4.3656597,4.964200882963692,-0.5985411829636922
5975,4.384631,4.97137821218454,-0.5867472121845401
5976,4.403306,4.978116628499815,-0.5748106284998151
5977,4.4216523,4.983935606741034,-0.5622833067410342
5978,4.4396386,4.989627697011176,-0.549989097011176
5979,4.4572325,4.995665969659215,-0.538433469659215
5980,4.4744015,5.000885728508037,-0.5264842285080373
5981,4.491114,5.00605061995609,-0.5149366199560905
5982,4.5073385,5.011696832790817,-0.504358332790817
5983,4.523597,5.016165550845798,-0.49256855084579865
5984,4.5369315,5.019613515841495,-0.4826820158414957
5985,4.5354276,5.022927300128747,-0.48749970012874666
5986,4.528463,5.027346616727956,-0.498883616727956
5987,4.5140796,5.031894858193916,-0.5178152581939166
5988,4.496278,5.03475065220573,-0.5384726522057299
5989,4.480399,5.036325331457767,-0.5559263314577665
5990,4.4671884,5.03785584248111,-0.5706674424811098
5991,4.4561157,5.0402491316976405,-0.5841334316976408
5992,4.422953,5.042752284637748,-0.6197992846377485
5993,4.412493,5.044050000501592,-0.6315570005015916
5994,4.419927,5.0450749817817115,-0.6251479817817112
5995,4.4142,5.0464081607436055,-0.6322081607436054
5996,4.4010663,5.047955270664413,-0.6468889706644125
5997,4.3908563,5.0494252751687405,-0.6585689751687402
5998,4.380161,5.050886683133759,-0.6707256831337585
5999,4.364999,5.0524250064590275,-0.6874260064590274
6000,4.329907,5.054172116727702,-0.7242651167277012
6001,4.3043647,5.0561411515901495,-0.7517764515901497
6002,4.291576,5.058176496293737,-0.7666004962937372
6003,4.2884555,5.060299603631994,-0.7718441036319934
6004,4.2944074,5.062421253108512,-0.7680138531085126
6005,4.309249,5.064636491164441,-0.7553874911644405
6006,4.329203,5.0665850570965,-0.7373820570965002
6007,4.3537955,5.069557346138205,-0.7157618461382045
6008,4.378902,5.073135334279201,-0.6942333342792013
6009,4.402492,5.075643099217608,-0.6731510992176082
6010,4.4155526,5.077126278930588,-0.6615736789305879
6011,4.4259677,5.0783731420475275,-0.6524054420475274
6012,4.434276,5.080860043374183,-0.6465840433741832
6013,4.441876,5.083317768089751,-0.6414417680897513
6014,4.4493647,5.08448049342268,-0.6351157934226794
6015,4.4556165,5.085195348751944,-0.6295788487519447
6016,4.459492,5.085968065247236,-0.6264760652472363
6017,4.461547,5.086564997789976,-0.6250179977899757
6018,4.4616394,5.086769736225092,-0.6251303362250917
6019,4.46045,5.086639126973525,-0.6261891269735251
6020,4.45342,5.086887693858412,-0.6334676938584121
6021,4.4418836,5.086980284212188,-0.6450966842121879
6022,4.428617,5.088546036443023,-0.6599290364430228
6023,4.416614,5.089689338965113,-0.6730753389651127
6024,4.407849,5.088140123767457,-0.6802911237674572
6025,4.4039874,5.086934979306895,-0.6829475793068953
6026,4.405233,5.086038840785419,-0.6808058407854194
6027,4.4113975,5.084792445863864,-0.6733949458638646
6028,4.417182,5.083434082992614,-0.6662520829926137
6029,4.417918,5.0817316295106085,-0.6638136295106083
6030,4.4196,5.08346213558028,-0.6638621355802803
6031,4.422184,5.086052745335052,-0.6638687453350522
6032,4.425626,5.086278289932163,-0.6606522899321625
6033,4.429881,5.081777403275454,-0.6518964032754537
6034,4.4349065,5.077093585823886,-0.6421870858238856
6035,4.440657,5.072110434118069,-0.6314534341180691
6036,4.447089,5.066656277485269,-0.6195672774852685
6037,4.454159,5.062354239024965,-0.6081952390249654
6038,4.461822,5.064323841588566,-0.6025018415885661
6039,4.470034,5.066955565126839,-0.5969215651268387
6040,4.478751,5.063001959484271,-0.5842509594842706
6041,4.48793,5.059054838090265,-0.5711248380902649
6042,4.497525,5.056599935903741,-0.5590749359037401
6043,4.5074935,5.054095986322799,-0.546602486322799
6044,4.517791,5.05042489736339,-0.5326338973633904
6045,4.5283723,5.046767234573124,-0.5183949345731236
6046,4.539195,5.043704185141515,-0.5045091851415151
6047,4.550214,5.041989436008719,-0.49177543600871854
6048,4.561385,5.040353198008461,-0.47896819800846124
6049,4.572665,5.038163340675978,-0.4654983406759783
6050,4.584009,5.036593549951701,-0.45258454995170094
6051,4.5953736,5.035320170100144,-0.43994657010014393
6052,4.606714,5.034584260799621,-0.42787026079962054
6053,4.6179867,5.034102236745326,-0.416115536745326
6054,4.6291466,5.034057726401802,-0.40491112640180127
6055,4.640151,5.034347351878375,-0.39419635187837443
6056,4.650955,5.034205298543019,-0.38325029854301906
6057,4.6615148,5.034346235259297,-0.37283143525929674
6058,4.6717863,5.034794188282505,-0.36300788828250496
6059,4.6817255,5.035291904686801,-0.35356640468680123
6060,4.6912875,5.036287968711966,-0.34500046871196677
6061,4.7004294,5.037777642909126,-0.33734824290912613
6062,4.7091064,5.040058839665002,-0.3309524396650021
6063,4.717274,5.042474648793628,-0.3252006487936283
6064,4.7248898,5.0449923083906105,-0.32010250839061083
6065,4.731908,5.047734635362126,-0.31582663536212596
6066,4.738285,5.049550072754516,-0.31126507275451587
6067,4.743977,5.05187988075597,-0.30790288075596983
6068,4.7489395,5.054896922214607,-0.30595742221460753
6069,4.753129,5.0570695870214415,-0.3039405870214411
6070,4.756501,5.058675201914529,-0.3021742019145286
6071,4.7590113,5.060163195959221,-0.30115189595922054
6072,4.7606163,5.0622799881881795,-0.3016636881881798
6073,4.7612524,5.06403401448742,-0.3027816144874196
6074,4.7606506,5.0649590355063285,-0.3043084355063286
6075,4.7460213,5.0656683492657635,-0.3196470492657637
6076,4.7352433,5.066411094428133,-0.3311677944281337
6077,4.72539,5.067494359329198,-0.34210435932919836
6078,4.7163987,5.068313883614958,-0.3519151836149579
6079,4.7082076,5.0685032213368375,-0.3602956213368378
6080,4.7007546,5.068860525883728,-0.3681059258837278
6081,4.693978,5.068973554829541,-0.3749955548295407
6082,4.6878147,5.068987389778276,-0.38117268977827656
6083,4.682203,5.069049038492975,-0.3868460384929744
6084,4.67708,5.06905042357279,-0.3919704235727899
6085,4.6723847,5.068836523007771,-0.39645182300777115
6086,4.6680546,5.068729330621631,-0.40067473062163117
6087,4.6640267,5.0686468697583775,-0.40462016975837756
6088,4.66024,5.068531817193472,-0.4082918171934722
6089,4.6566315,5.068414641496627,-0.41178314149662754
6090,4.6531396,5.0671255449543615,-0.41398594495436125
6091,4.6497016,5.0640165282889775,-0.4143149282889773
6092,4.6462555,5.0611312749710065,-0.4148757749710068
6093,4.642739,5.058497138530429,-0.4157581385304292
6094,4.6390905,5.055415370742887,-0.41632487074288704
6095,4.635247,5.052056194692206,-0.4168091946922061
6096,4.631147,5.048719334269664,-0.41757233426966334
6097,4.626728,5.046471424893025,-0.4197434248930252
6098,4.621928,5.04430874500897,-0.4223807450089705
6099,4.6166844,5.0415990163195765,-0.42491461631957694
6100,4.610936,5.038584560941873,-0.427648560941873
6101,4.6046195,5.035851124244756,-0.4312316242447558
6102,4.5976734,5.034758260247077,-0.4370848602470776
6103,4.590035,5.033977145227398,-0.44394214522739794
6104,4.5816426,5.031860296803084,-0.450217696803084
6105,4.572434,5.029692820855236,-0.4572588208552357
6106,4.5623474,5.02835567738396,-0.4660082773839598
6107,4.551319,5.027768373729384,-0.476449373729384
6108,4.5391464,5.026870370084095,-0.48772397008409474
6109,4.534881,5.02570268195628,-0.4908216819562794
6110,4.535471,5.025100035328118,-0.4896290353281181
6111,4.5373707,5.02477928351384,-0.4874085835138393
6112,4.540334,5.024775611342927,-0.48444161134292774
6113,4.544302,5.024878399097411,-0.48057639909741123
6114,4.5492163,5.0246854861736745,-0.4754691861736742
6115,4.555017,5.024740018871892,-0.4697230188718917
6116,4.561646,5.025750170467351,-0.4641041704673512
6117,4.569045,5.027421977854275,-0.4583769778542752
6118,4.577154,5.029204403488832,-0.4520504034888315
6119,4.585915,5.031359026447978,-0.4454440264479782
6120,4.5952697,5.033289794115854,-0.43802009411585363
6121,4.605158,5.035108284133642,-0.4299502841336418
6122,4.6155214,5.037363950778715,-0.4218425507787149
6123,4.626302,5.040009171689298,-0.41370717168929794
6124,4.6374393,5.042616281030928,-0.4051769810309285
6125,4.648876,5.045139137511911,-0.39626313751191145
6126,4.6605535,5.04787949902417,-0.38732599902417064
6127,4.672412,5.051040482465762,-0.3786284824657624
6128,4.684393,5.054025018192746,-0.36963201819274616
6129,4.696438,5.0564879103735905,-0.3600499103735908
6130,4.708487,5.058948891331338,-0.35046189133133776
6131,4.720483,5.0616271165642015,-0.34114411656420174
6132,4.7323656,5.064545934937165,-0.33218033493716526
6133,4.7440767,5.0671586858263264,-0.3230819858263265
6134,4.755558,5.069527332610836,-0.3139693326108359
6135,4.7667494,5.072091132547581,-0.3053417325475811
6136,4.7775936,5.0745041416354395,-0.2969105416354392
6137,4.7880306,5.077006559814141,-0.2889759598141408
6138,4.7980022,5.079302905599963,-0.28130070559996323
6139,4.8074493,5.081385830594936,-0.27393653059493595
6140,4.8163133,5.083665855832378,-0.26735255583237816
6141,4.824535,5.0858319806438566,-0.26129698064385654
6142,4.832056,5.087954797321595,-0.2558987973215956
6143,4.838817,5.090085714150079,-0.2512687141500791
6144,4.8447604,5.092145889877134,-0.24738548987713394
6145,4.849826,5.0940460475523786,-0.24422004755237836
6146,4.8539557,5.095809590335884,-0.241853890335884
6147,4.85709,5.097832714781998,-0.24074271478199805
6148,4.859171,5.1000422060398005,-0.2408712060398006
6149,4.86014,5.101868868162901,-0.24172886816290085
6150,4.8602557,5.1035902264566735,-0.24333452645667375
6151,4.857682,5.1049905128888176,-0.24730851288881794
6152,4.8513923,5.106085606300008,-0.2546933063000081
6153,4.845591,5.107880916940884,-0.2622899169408841
6154,4.8438654,5.109459245294179,-0.2655938452941786
6155,4.835532,5.110064828895717,-0.2745328288957172
6156,4.8144693,5.110678600414244,-0.29620930041424387
6157,4.785056,5.111456471817178,-0.3264004718171778
6158,4.7567606,5.112623154844215,-0.35586255484421514
6159,4.7325234,5.1133942253611515,-0.3808708253611517
6160,4.71287,5.113823884731061,-0.4009538847310612
6161,4.6995306,5.114903935723597,-0.41537333572359714
6162,4.6905236,5.116198151429389,-0.42567455142938915
6163,4.6769013,5.117169712689413,-0.44026841268941297
6164,4.6747665,5.118059995401845,-0.4432934954018455
6165,4.675672,5.118935941421429,-0.44326394142142966
6166,4.677186,5.119516603637804,-0.44233060363780385
6167,4.6792827,5.119638844246571,-0.44035614424657066
6168,4.681935,5.119983418695162,-0.4380484186951614
6169,4.6851172,5.120285099383196,-0.4351678993831962
6170,4.6888027,5.120540523367112,-0.4317378233671123
6171,4.692965,5.120835174980824,-0.427870174980824
6172,4.697579,5.120878692254749,-0.4232996922547487
6173,4.702617,5.121321480176466,-0.41870448017646567
6174,4.7080536,5.122070537976957,-0.4140169379769567
6175,4.7138624,5.122605656064744,-0.40874325606474393
6176,4.720017,5.123778925588071,-0.40376192558807045
6177,4.7264915,5.124785182653251,-0.39829368265325105
6178,4.7332587,5.126097828738454,-0.39283912873845406
6179,4.740293,5.127791809826959,-0.3874988098269583
6180,4.7475686,5.129114893139427,-0.3815462931394267
6181,4.7550583,5.130184579686278,-0.37512627968627843
6182,4.762736,5.131513680671206,-0.3687776806712053
6183,4.770576,5.135374537153325,-0.3647985371533249
6184,4.778551,5.139544953524437,-0.36099395352443686
6185,4.7866364,5.141791769837007,-0.35515536983700713
6186,4.7948046,5.144130757586871,-0.34932615758687113
6187,4.8030295,5.146887179000663,-0.34385767900066266
6188,4.811285,5.150014089564214,-0.33872908956421455
6189,4.8195453,5.152584396490403,-0.33303909649040353
6190,4.827783,5.155005412290738,-0.32722241229073745
6191,4.835973,5.15773271605056,-0.3217597160505603
6192,4.8440886,5.160439027826807,-0.3163504278268068
6193,4.8521028,5.163561094454907,-0.3114582944549067
6194,4.8599906,5.166784032250145,-0.3067934322501449
6195,4.867725,5.169820044242971,-0.3020950442429706
6196,4.87528,5.172513823719595,-0.29723382371959506
6197,4.882629,5.175234687972771,-0.2926056879727712
6198,4.8897457,5.177996909958868,-0.2882512099588679
6199,4.896604,5.180728089674664,-0.2841240896746644
6200,4.903178,5.183325057500613,-0.2801470575006135
6201,4.9094415,5.185970878460754,-0.2765293784607543
6202,4.915367,5.188574719779567,-0.2732077197795668
6203,4.9209294,5.1913087339713435,-0.27037933397134317
6204,4.926102,5.194017978550757,-0.2679159785507572
6205,4.930859,5.196187783483534,-0.2653287834835343
6206,4.935174,5.198126450508071,-0.26295245050807114
6207,4.9390197,5.200089984402724,-0.26107028440272373
6208,4.9423714,5.202410521354124,-0.260039121354124
6209,4.9452014,5.2048358322470865,-0.25963443224708627
6210,4.9474845,5.207088375752288,-0.2596038757522878
6211,4.949194,5.209274042492024,-0.26008004249202354
6212,4.9503036,5.2116240184897675,-0.2613204184897677
6213,4.951674,5.214905041172432,-0.2632310411724319
6214,4.9607544,5.218486026118288,-0.2577316261182885
6215,4.9598336,5.221669146747425,-0.2618355467474256
6216,4.9488177,5.225236644417144,-0.2764189444171441
6217,4.949987,5.22951608619317,-0.2795290861931701
6218,4.949515,5.234433498820856,-0.28491849882085596
6219,4.938129,5.239523530316098,-0.30139453031609786
6220,4.9276695,5.24500566533199,-0.31733616533198994
6221,4.9176035,5.251199643808295,-0.33359614380829505
6222,4.907922,5.257904153441038,-0.34998215344103745
6223,4.8986154,5.265099360251551,-0.36648396025155083
6224,4.889674,5.272673149453379,-0.38299914945337843
6225,4.8810887,5.280685895990053,-0.3995971959900526
6226,4.8728504,5.2890878341717,-0.4162374341717001
6227,4.864949,5.2978160498744185,-0.43286704987441826
6228,4.8573756,5.306823763756311,-0.449448163756311
6229,4.850121,5.316014706117898,-0.4658937061178987
6230,4.8431754,5.325215615603363,-0.4820402156033632
6231,4.8365293,5.334416036632194,-0.4978867366321946
6232,4.8301735,5.343458342591324,-0.5132848425913243
6233,4.824099,5.352346444117426,-0.5282474441174259
6234,4.8182955,5.3610695569411,-0.5427740569411004
6235,4.8127546,5.369265852153821,-0.5565112521538209
6236,4.807466,5.37661570374114,-0.5691497037411404
6237,4.802421,5.383216957849507,-0.5807959578495074
6238,4.79761,5.3894111682480474,-0.5918011682480477
6239,4.793023,5.394599733798876,-0.6015767337988764
6240,4.788652,5.398207591858413,-0.6095555918584132
6241,4.7844863,5.4006846962135295,-0.6161983962135293
6242,4.7805166,5.402222243035691,-0.6217056430356909
6243,4.7767344,5.40279852022608,-0.6260641202260802
6244,4.7731295,5.4016837189798315,-0.6285542189798319
6245,4.769693,5.398825678098922,-0.6291326780989221
6246,4.766415,5.395133797066169,-0.6287187970661687
6247,4.7632866,5.3901861947354615,-0.6268995947354616
6248,4.7602983,5.38408440437636,-0.62378610437636
6249,4.75744,5.376342264838935,-0.6189022648389351
6250,4.754703,5.367329834927618,-0.6126268349276183
6251,4.7520785,5.357404905311478,-0.6053264053114784
6252,4.749556,5.346433104084717,-0.596877104084717
6253,4.747126,5.334811750002429,-0.5876857500024295
6254,4.7447805,5.322623569125387,-0.5778430691253869
6255,4.7425084,5.325474607971211,-0.5829662079712108
6256,4.7403016,5.319445216874277,-0.5791436168742772
6257,4.73815,5.310974571204003,-0.572824571204003
6258,4.7360444,5.288798034885051,-0.5527536348850512
6259,4.733976,5.266448712456304,-0.532472712456304
6260,4.731934,5.244012900955521,-0.5120789009555216
6261,4.7299104,5.221576511542997,-0.49166611154299744
6262,4.727895,5.199224554579779,-0.47132955457977843
6263,4.7258787,5.177040630670844,-0.4511619306708443
6264,4.723852,5.155106421819462,-0.43125442181946205
6265,4.7218056,5.133501178852487,-0.41169557885248764
6266,4.7197304,5.112301204525143,-0.3925708045251426
6267,4.717616,5.09157933606413,-0.3739633360641301
6268,4.715454,5.071404435678704,-0.35595043567870377
6269,4.713235,5.051840901283776,-0.3386059012837759
6270,4.7109485,5.03294821166012,-0.3219997116601201
6271,4.708586,5.014780521082625,-0.3061945210826247
6272,4.706139,4.997386318306126,-0.2912473183061257
6273,4.7035966,4.9808081629875085,-0.2772115629875085
6274,4.7009497,4.965082508981043,-0.2641328089810431
6275,4.6981893,4.950239619514876,-0.25205031951487555
6276,4.6953053,4.936303574962512,-0.2409982749625117
6277,4.6922894,4.923292370067347,-0.2310029700673475
6278,4.6891313,4.911218093942868,-0.2220867939428679
6279,4.6858215,4.900087182788831,-0.21426568278883096
6280,4.6823516,4.889900732485988,-0.2075491324859886
6281,4.678712,4.880654856139111,-0.20194285613911145
6282,4.674892,4.87234106984035,-0.19744906984035016
6283,4.6708837,4.864946689330402,-0.19406298933040222
6284,4.666677,4.858455222348469,-0.19177822234846875
6285,4.667344,4.852846746204603,-0.1855027462046035
6286,4.6653605,4.848098265804729,-0.18273776580472845
6287,4.6568594,4.844184052351928,-0.1873246523519283
6288,4.6464396,4.84107596620165,-0.19463636620165037
6289,4.6295514,4.838743768644723,-0.20919236864472257
6290,4.6060257,4.8578102931207265,-0.25178459312072654
6291,4.5743814,4.88057529325848,-0.30619389325848
6292,4.535882,4.887244797970068,-0.35136279797006775
6293,4.494929,4.894426231759545,-0.3994972317595451
6294,4.456649,4.902364274941807,-0.44571527494180696
6295,4.420533,4.9098566806992405,-0.4893236806992407
6296,4.3908234,4.917030230992687,-0.5262068309926864
6297,4.3595853,4.924185181533857,-0.5645998815338569
6298,4.3271527,4.932278192912641,-0.6051254929126406
6299,4.2944794,4.940735514984509,-0.6462561149845092
6300,4.260764,4.948550814566911,-0.6877868145669108
6301,4.228887,4.956482404005482,-0.7275954040054815
6302,4.1997747,4.965055302991146,-0.7652806029911465
6303,4.172103,4.974638439372728,-0.8025354393727282
6304,4.1487317,4.9843893424044605,-0.8356576424044606
6305,4.1279364,4.994194769958077,-0.8662583699580768
6306,4.1123505,5.004385831587207,-0.8920353315872074
6307,4.098526,5.014367277702333,-0.9158412777023335
6308,4.086222,5.023976930265476,-0.9377549302654762
6309,4.075692,5.033452999109911,-0.9577609991099107
6310,4.0679593,5.042818090295152,-0.9748587902951522
6311,4.065751,5.052154928824744,-0.9864039288247444
6312,4.0650296,5.061250112521628,-0.9962205125216279
6313,4.067917,5.0703342412377825,-1.002417241237783
6314,4.0732803,5.078802895579148,-1.0055225955791478
6315,4.070041,5.086909716721301,-1.0168687167213015
6316,4.0614734,5.09497962516222,-1.0335062251622205
6317,4.0619736,5.102444696264376,-1.0404710962643762
6318,4.063923,5.109236422436317,-1.0453134224363172
6319,4.0669937,5.1158415622290025,-1.0488478622290023
6320,4.071151,5.122327619299977,-1.0511766192999765
6321,4.0763574,5.127641086601456,-1.0512836866014563
6322,4.0825768,5.132384092133135,-1.049807292133135
6323,4.0897727,5.136705422558476,-1.0469327225584761
6324,4.097909,5.141722659396894,-1.0438136593968945
6325,4.106949,5.146227385792955,-1.0392783857929544
6326,4.1168566,5.149927413856773,-1.0330708138567726
6327,4.127595,5.153242173516383,-1.0256471735163828
6328,4.139128,5.157140439816974,-1.0180124398169736
6329,4.151419,5.161222330727694,-1.009803330727694
6330,4.1644325,5.164401859987752,-0.9999693599877517
6331,4.178131,5.167247896019739,-0.9891168960197394
6332,4.1924787,5.170891539607497,-0.9784128396074969
6333,4.2074385,5.174222779516125,-0.9667842795161246
6334,4.2229753,5.177393649246582,-0.9544183492465823
6335,4.2390513,5.181115384433252,-0.9420640844332517
6336,4.255631,5.184719407851728,-0.9290884078517276
6337,4.272678,5.187759240086422,-0.9150812400864217
6338,4.2901554,5.1903060169652155,-0.9001506169652158
6339,4.3080273,5.192448652622872,-0.8844213526228719
6340,4.3262568,5.195279702163086,-0.8690229021630858
6341,4.344808,5.197783536817878,-0.8529755368178789
6342,4.363644,5.1995383598691225,-0.8358943598691226
6343,4.382729,5.201074868257579,-0.8183458682575786
6344,4.4020267,5.20293568897473,-0.8009089889747294
6345,4.4214993,5.204986335295044,-0.7834870352950443
6346,4.4411116,5.206717655039627,-0.7656060550396271
6347,4.4608274,5.208309830963275,-0.7474824309632746
6348,4.48061,5.210082371802885,-0.7294723718028848
6349,4.5004225,5.211812450658611,-0.711389950658611
6350,4.5202293,5.213744398463806,-0.6935150984638065
6351,4.5399933,5.215249782900095,-0.6752564829000951
6352,4.559679,5.216778355757478,-0.6570993557574782
6353,4.579249,5.219847701180161,-0.6405987011801608
6354,4.5986676,5.222438618319815,-0.6237710183198155
6355,4.617898,5.224336077643709,-0.606438077643709
6356,4.6369042,5.22561547874554,-0.5887112787455404
6357,4.655649,5.2272045061235515,-0.5715555061235511
6358,4.674097,5.228640103321697,-0.5545431033216977
6359,4.6922116,5.230206450152993,-0.5379948501529928
6360,4.709956,5.231684776407404,-0.5217287764074037
6361,4.727294,5.233165451947298,-0.5058714519472982
6362,4.7441893,5.2350453776513515,-0.4908560776513511
6363,4.7606053,5.237079297502309,-0.4764739975023087
6364,4.7765055,5.2391264633690895,-0.46262096336908964
6365,4.791854,5.241378058582336,-0.44952405858233657
6366,4.806614,5.24364625505994,-0.4370322550599406
6367,4.8207493,5.245896715228776,-0.42514741522877575
6368,4.8342233,5.248073161565607,-0.4138498615656072
6369,4.8469996,5.250174236671823,-0.40317463667182274
6370,4.859042,5.2523070278532575,-0.3932650278532579
6371,4.8703146,5.254398787620118,-0.3840841876201173
6372,4.88078,5.256663983299386,-0.3758839832993859
6373,4.8904023,5.258759981371357,-0.36835768137135716
6374,4.899145,5.260896417790968,-0.361751417790968
6375,4.906972,5.263094011036005,-0.35612201103600505
6376,4.9138465,5.264864193533068,-0.351017693533068
6377,4.919732,5.26632702000754,-0.3465950200075403
6378,4.924593,5.267662887573927,-0.3430698875739271
6379,4.9283924,5.2690250929392,-0.3406326929392005
6380,4.931093,5.270118355401471,-0.3390253554014713
6381,4.9326606,5.270647490972114,-0.33798689097211376
6382,4.933276,5.270958614892198,-0.33768261489219764
6383,4.9356265,5.271090462272281,-0.33546396227228126
6384,4.9307775,5.270893477912149,-0.3401159779121494
6385,4.9135294,5.270248383526807,-0.3567189835268074
6386,4.8963633,5.269245748331895,-0.3728824483318949
6387,4.872552,5.268004055909576,-0.3954520559095762
6388,4.8435016,5.266409232014122,-0.4229076320141223
6389,4.8081613,5.264428794381773,-0.4562674943817733
6390,4.771008,5.26211051065196,-0.49110251065195953
6391,4.7296534,5.2594966706388195,-0.5298432706388194
6392,4.6848516,5.256557894001131,-0.5717062940011308
6393,4.639449,5.2532056721417915,-0.6137566721417915
6394,4.598849,5.24947782218149,-0.6506288221814893
6395,4.563408,5.245542092959299,-0.6821340929592994
6396,4.5328565,5.241399926044445,-0.7085434260444448
6397,4.4997916,5.237005655485122,-0.7372140554851221
6398,4.472578,5.2323635653032365,-0.7597855653032362
6399,4.487034,5.227635937167665,-0.7406019371676642
6400,4.502737,5.2228597036519,-0.7201227036519002
6401,4.517354,5.217850777685479,-0.7004967776854789
6402,4.530937,5.212663174957637,-0.6817261749576371
6403,4.543539,5.206892487658081,-0.6633534876580809
6404,4.555212,5.201611923757886,-0.6463999237578859
6405,4.566009,5.196659358321939,-0.6306503583219385
6406,4.575981,5.190999015419841,-0.6150180154198415
6407,4.585181,5.184528490358678,-0.599347490358678
6408,4.593662,5.177873980899755,-0.584211980899755
6409,4.6014752,5.171792396910823,-0.5703171969108229
6410,4.6086736,5.165388201160022,-0.5567146011600217
6411,4.6153092,5.158495055320264,-0.5431858553202646
6412,4.6214347,5.151659816801976,-0.5302251168019758
6413,4.6271024,5.145487968147082,-0.5183855681470817
6414,4.6323643,5.139644228159016,-0.5072799281590159
6415,4.637273,5.1340675696314095,-0.4967945696314091
6416,4.641881,5.128266825006872,-0.486385825006872
6417,4.64624,5.122729154931623,-0.476489154931623
6418,4.650403,5.117701806021421,-0.4672988060214216
6419,4.654422,5.113596611227961,-0.45917461122796066
6420,4.6583495,5.109458479842746,-0.4511089798427461
6421,4.6622376,5.105237635705206,-0.4430000357052055
6422,4.6661386,5.101315644699063,-0.4351770446990626
6423,4.6701055,5.097451609891078,-0.4273461098910776
6424,4.67419,5.09394622889133,-0.41975622889132946
6425,4.6784444,5.090793797654833,-0.41234939765483336
6426,4.682922,5.08817774517953,-0.40525574517953
6427,4.6876736,5.085855979896858,-0.39818237989685823
6428,4.6927524,5.083025413339955,-0.39027301333995545
6429,4.6982107,5.080560319640453,-0.3823496196404532
6430,4.704101,5.078678768746448,-0.3745777687464482
6431,4.7104754,5.07671661008886,-0.3662412100888597
6432,4.717386,5.074564442422589,-0.35717844242258856
6433,4.724886,5.072858248202961,-0.3479722482029617
6434,4.7330265,5.073270463334253,-0.34024396333425244
6435,4.741861,5.073965400084984,-0.332104400084984
6436,4.751441,5.0734578048685846,-0.32201680486858475
6437,4.761819,5.072265660686087,-0.31044666068608695
6438,4.7730474,5.071535129959025,-0.2984877299590245
6439,4.785179,5.072230405208034,-0.2870514052080333
6440,4.798266,5.073101974631312,-0.27483597463131204
6441,4.8123603,5.0729591222635015,-0.2605988222635016
6442,4.8106256,5.072294362226165,-0.2616687622261651
6443,4.807278,5.071911026459674,-0.26463302645967346
6444,4.796447,5.071789778537888,-0.2753427785378886
6445,4.7785296,5.0712611001030865,-0.2927315001030868
6446,4.7586756,5.070390853636428,-0.3117152536364278
6447,4.7332993,5.069866381111802,-0.3365670811118022
6448,4.7070093,5.0697012438337445,-0.36269194383374437
6449,4.6861825,5.070034312213797,-0.3838518122137966
6450,4.650539,5.069736188334771,-0.4191971883347705
6451,4.6173882,5.069422859643243,-0.4520346596432434
6452,4.587516,5.068874832793832,-0.4813588327938323
6453,4.557919,5.0684243296804015,-0.5105053296804014
6454,4.5216208,5.0679808385488405,-0.5463600385488405
6455,4.4947476,5.067863079892879,-0.5731154798928788
6456,4.470533,5.067823480349906,-0.5972904803499066
6457,4.450156,5.067784105034699,-0.617628105034699
6458,4.4346356,5.067458089106926,-0.6328224891069256
6459,4.420361,5.0674938829375105,-0.6471328829375107
6460,4.4055896,5.068121112936166,-0.662531512936166
6461,4.3957434,5.0686587328334785,-0.6729153328334787
6462,4.3934097,5.0688342926508305,-0.6754245926508302
6463,4.397967,5.069054583583792,-0.671087583583792
6464,4.407697,5.070158558084302,-0.6624615580843018
6465,4.419477,5.071562356593704,-0.6520853565937044
6466,4.4402566,5.072300421392311,-0.632043821392311
6467,4.4650946,5.073299067431164,-0.6082044674311646
6468,4.486979,5.074893109250496,-0.5879141092504963
6469,4.51354,5.077113295928915,-0.563573295928915
6470,4.535191,5.079266023110995,-0.5440750231109952
6471,4.558886,5.080406721018162,-0.5215207210181614
6472,4.575127,5.081733458201333,-0.5066064582013325
6473,4.5909357,5.083618147947766,-0.4926824479477654
6474,4.606318,5.086253043208721,-0.47993504320872127
6475,4.6212792,5.088546381120606,-0.46726718112060617
6476,4.635825,5.090703818180982,-0.4548788181809824
6477,4.6499615,5.093376095751288,-0.44341459575128805
6478,4.6636944,5.09617555898338,-0.43248115898338035
6479,4.677029,5.099316563495723,-0.42228756349572283
6480,4.689972,5.103239073743393,-0.413267073743393
6481,4.7025275,5.107203558495581,-0.4046760584955802
6482,4.7147017,5.110506927968915,-0.39580522796891504
6483,4.726501,5.113465200567516,-0.38696420056751624
6484,4.737931,5.1164397336920775,-0.3785087336920778
6485,4.7489963,5.120187564972597,-0.37119126497259725
6486,4.7597036,5.124355480534619,-0.36465188053461883
6487,4.7700586,5.127512796491476,-0.35745419649147614
6488,4.7800665,5.129889764497512,-0.34982326449751167
6489,4.789733,5.132419493526682,-0.34268649352668223
6490,4.799064,5.135304785947786,-0.33624078594778517
6491,4.808066,5.138402986241505,-0.3303369862415044
6492,4.816743,5.143036123262873,-0.3262931232628734
6493,4.8251014,5.146465200180807,-0.3213638001808068
6494,4.8331475,5.148248503143149,-0.31510100314314915
6495,4.8408866,5.15047056173975,-0.30958396173975
6496,4.848324,5.152096022042392,-0.3037720220423923
6497,4.855466,5.152864314759487,-0.2973983147594872
6498,4.8623176,5.153867615988041,-0.2915500159880411
6499,4.868885,5.154868885529621,-0.28598388552962106
6500,4.875174,5.155434527718419,-0.2802605277184185
6501,4.88119,5.155775775848109,-0.2745857758481085
6502,4.8869386,5.155802527210899,-0.2688639272108997
6503,4.8924255,5.156567623339548,-0.264142123339548
6504,4.897657,5.157519958031569,-0.25986295803156967
6505,4.9026375,5.157527906709431,-0.2548904067094311
6506,4.907374,5.157204201080857,-0.24983020108085707
6507,4.911872,5.156123814865035,-0.24425181486503522
6508,4.9161363,5.1551198199654,-0.2389835199653998
6509,4.9201736,5.153915082990124,-0.23374148299012365
6510,4.923989,5.15284818084323,-0.2288591808432301
6511,4.927588,5.150895549428542,-0.22330754942854192
6512,4.930977,5.148978093525508,-0.21800109352550745
6513,4.934161,5.146961065310209,-0.21280006531020934
6514,4.937146,5.144420241646608,-0.20727424164660757
6515,4.939938,5.142777635172322,-0.20283963517232184
6516,4.9425426,5.141238760853008,-0.19869616085300734
6517,4.944965,5.1383929399214985,-0.19342793992149865
6518,4.947211,5.135226425101463,-0.18801542510146252
6519,4.9492865,5.132211267219738,-0.18292476721973738
6520,4.951197,5.130165737954553,-0.1789687379545537
6521,4.9529486,5.128000658860178,-0.17505205886017805
6522,4.9545465,5.124540860799189,-0.16999436079918873
6523,4.9559965,5.1209124084738376,-0.1649159084738372
6524,4.9573045,5.1173464730762355,-0.16004197307623524
6525,4.958476,5.113902899722679,-0.15542689972267887
6526,4.9595175,5.110171893142159,-0.15065439314215912
6527,4.960433,5.105860464786106,-0.14542746478610624
6528,4.96123,5.101490629533331,-0.14026062953333174
6529,4.9619126,5.097109077963536,-0.13519647796353595
6530,4.962487,5.0928740522054685,-0.1303870522054682
6531,4.96296,5.088521201613778,-0.12556120161377837
6532,4.963336,5.084442362835787,-0.12110636283578735
6533,4.963621,5.080324518513235,-0.11670351851323524
6534,4.963821,5.075842355874839,-0.11202135587483841
6535,4.963941,5.071580267536783,-0.10763926753678277
6536,4.961233,5.067217934303891,-0.10598493430389055
6537,4.966819,5.063237408199935,-0.09641840819993508
6538,4.986942,5.059587715077419,-0.07264571507741913
6539,4.999127,5.055487430850617,-0.05636043085061715
6540,5.007943,5.051930433651665,-0.04398743365166524
6541,5.0076447,5.048624338645733,-0.04097963864573284
6542,4.992419,5.045693108903091,-0.05327410890309103
6543,4.9514093,5.042205998155876,-0.09079669815587632
6544,4.9110904,5.0391316912887705,-0.1280412912887705
6545,4.8703165,5.0367223476466485,-0.16640584764664812
6546,4.811721,5.034312795321415,-0.2225917953214145
6547,4.7748337,5.032291906124737,-0.2574582061247366
6548,4.739951,5.030307050813365,-0.29035605081336513
6549,4.742957,5.0285329303786135,-0.28557593037861384
6550,4.7201757,5.02790188373255,-0.3077261837325498
6551,4.721838,5.028099399819492,-0.3062613998194923
6552,4.7402487,5.027954208604046,-0.28770550860404587
6553,4.758007,5.028052060376396,-0.270045060376396
6554,4.7751236,5.029120488595067,-0.25399688859506764
6555,4.7916083,5.029929496883177,-0.23832119688317732
6556,4.807471,5.031055572651404,-0.2235845726514043
6557,4.8227215,5.0318521910325265,-0.20913069103252635
6558,4.8373704,5.033220725046596,-0.19585032504659594
6559,4.851427,5.034579423554858,-0.1831524235548576
6560,4.864902,5.036245432524105,-0.17134343252410478
6561,4.8778048,5.0382277311202985,-0.1604229311202987
6562,4.8901453,5.040777671007751,-0.15063237100775062
6563,4.901934,5.043453999570009,-0.1415199995700096
6564,4.9131813,5.046092545436958,-0.13291124543695787
6565,4.923896,5.048456431820732,-0.12456043182073184
6566,4.9340887,5.0512270733709785,-0.11713837337097832
6567,4.9437695,5.053901285496948,-0.11013178549694747
6568,4.9529486,5.056824133170882,-0.10387553317088205
6569,4.961635,5.0594434876229455,-0.09780848762294525
6570,4.9698396,5.062114206765884,-0.0922746067658835
6571,4.9775724,5.06498004828027,-0.08740764828027014
6572,4.984843,5.067799899837226,-0.08295689983722632
6573,4.9916615,5.070357554316068,-0.07869605431606796
6574,4.998038,5.072946824397194,-0.07490882439719382
6575,5.003982,5.079228378000784,-0.07524637800078438
6576,5.0095043,5.088194590155783,-0.07869029015578288
6577,5.0146146,5.099774226987531,-0.08515962698753121
6578,5.019323,5.101423665261497,-0.08210066526149706
6579,5.0236387,5.102861156920168,-0.07922245692016805
6580,5.027572,5.103842694932252,-0.07627069493225225
6581,5.031134,5.104701275998224,-0.07356727599822399
6582,5.0343337,5.105846670148606,-0.07151297014860525
6583,5.0371814,5.106684126096246,-0.06950272609624619
6584,5.0396867,5.108984771368543,-0.06929807136854294
6585,5.0418596,5.111046535910993,-0.06918693591099245
6586,5.0437107,5.111385020831647,-0.06767432083164682
6587,5.0452495,5.1123081304156734,-0.06705863041567373
6588,5.0464864,5.112500891675776,-0.06601449167577567
6589,5.0474305,5.113294609808296,-0.06586410980829616
6590,5.048093,5.113784807254806,-0.06569180725480628
6591,5.048483,5.114063809552574,-0.06558080955257406
6592,5.0484185,5.114327101193956,-0.06590860119395536
6593,5.05193,5.114608412860135,-0.06267841286013542
6594,5.053066,5.115007319636239,-0.06194131963623839
6595,5.046573,5.115489155830998,-0.06891615583099764
6596,5.039322,5.116134077687918,-0.07681207768791776
6597,5.031629,5.116912468326992,-0.08528346832699274
6598,4.998558,5.117842743159578,-0.11928474315957782
6599,5.0086093,5.118863724147905,-0.11025442414790554
6600,5.008349,5.120191793701572,-0.11184279370157224
6601,5.0049963,5.121840116968389,-0.11684381696838919
6602,4.9989557,5.123683782611515,-0.12472808261151513
6603,4.9913907,5.125682484270671,-0.1342917842706708
6604,4.9818954,5.127985658284513,-0.14609025828451294
6605,4.974522,5.1310732302879085,-0.15655123028790818
6606,4.9669166,5.134389990811005,-0.1674733908110051
6607,4.9597864,5.137334819132925,-0.17754841913292552
6608,4.9513135,5.140512473379916,-0.18919897337991554
6609,4.9383783,5.14429387148223,-0.2059155714822296
6610,4.9091043,5.148555612287961,-0.23945131228796068
6611,4.907986,5.1526994912938235,-0.24471349129382336
6612,4.908056,5.156691919558486,-0.24863591955848552
6613,4.908174,5.1612494371841775,-0.2530754371841777
6614,4.9083457,5.165951624513113,-0.25760592451311304
6615,4.908576,5.170604352805912,-0.2620283528059115
6616,4.90887,5.1754536833341245,-0.2665836833341242
6617,4.9092336,5.180533506143511,-0.2712999061435104
6618,4.909671,5.185713851792182,-0.276042851792182
6619,4.910187,5.190805763281879,-0.28061876328187907
6620,4.9107876,5.195942278287628,-0.2851546782876282
6621,4.911478,5.20104365030522,-0.28956565030521997
6622,4.9122624,5.206142566983326,-0.29388016698332553
6623,4.913147,5.2112568369682375,-0.2981098369682371
6624,4.914136,5.21638093909606,-0.30224493909605954
6625,4.915235,5.221539017965757,-0.3063040179657568
6626,4.916449,5.226812472661128,-0.31036347266112774
6627,4.9177833,5.231974100528027,-0.31419080052802695
6628,4.919243,5.236762866282473,-0.3175198662824732
6629,4.920833,5.240901956308652,-0.32006895630865184
6630,4.922559,5.24511554924471,-0.32255654924471067
6631,4.924425,5.249632605843507,-0.3252076058435067
6632,4.926437,5.253735378172849,-0.32729837817284935
6633,4.9286,5.256748674670442,-0.32814867467044184
6634,4.9309187,5.259487222509533,-0.3285685225095323
6635,4.933399,5.263128726000723,-0.32972972600072303
6636,4.936045,5.272099943136498,-0.33605494313649764
6637,4.9388633,5.2797764190673515,-0.3409131190673511
6638,4.9418573,5.280274127953114,-0.33841682795311456
6639,4.9450336,5.280036797729934,-0.33500319772993326
6640,4.948396,5.279531523913673,-0.33113552391367307
6641,4.951951,5.278669443936385,-0.32671844393638505
6642,4.955703,5.277511526818721,-0.32180852681872096
6643,4.9596567,5.276189627283809,-0.31653292728380933
6644,4.9638176,5.274577403073019,-0.31075980307301965
6645,4.9681916,5.27268445846856,-0.30449285846856
6646,4.972782,5.270610592857142,-0.297828592857142
6647,4.9775953,5.268258801254569,-0.29066350125456886
6648,4.9826365,5.26627482036747,-0.28363832036747016
6649,4.9879107,5.263914220585282,-0.27600352058528266
6650,4.993423,5.260216997265786,-0.26679399726578623
6651,4.9991784,5.256901471472475,-0.2577230714724754
6652,5.0051823,5.254074950485016,-0.24889265048501574
6653,5.0114393,5.250687831236642,-0.23924853123664214
6654,5.017955,5.245804588017167,-0.22784958801716737
6655,5.024734,5.240449857037284,-0.21571585703728413
6656,5.031782,5.235595053092396,-0.2038130530923965
6657,5.0391035,5.229750685178935,-0.19064718517893464
6658,5.0467043,5.2230599048070045,-0.17635560480700452
6659,5.0545893,5.21580873649756,-0.16121943649755988
6660,5.0627637,5.208428848829961,-0.14566514882996096
6661,5.0712323,5.201603341913018,-0.13037104191301818
6662,5.08,5.194474877847298,-0.11447487784729837
6663,5.0890727,5.186513208533359,-0.09744050853335917
6664,5.098455,5.178514124000403,-0.08005912400040227
6665,5.103615,5.170606453520296,-0.06699145352029667
6666,5.09757,5.162879160833921,-0.06530916083392047
6667,5.091006,5.1549943535330955,-0.0639883535330954
6668,5.0734854,5.146585722988768,-0.07310032298876834
6669,5.040764,5.139134815001814,-0.09837081500181366
6670,4.9917035,5.131894967018454,-0.14019146701845386
6671,4.9315863,5.124042848314851,-0.19245654831485037
6672,4.8638296,5.116859682409662,-0.25303008240966207
6673,4.7888,5.108682612337136,-0.31988261233713544
6674,4.7079687,5.099691666830101,-0.391722966830101
6675,4.619558,5.0908307621276085,-0.47127276212760894
6676,4.5312533,5.082067945441822,-0.5508146454418217
6677,4.4525757,5.073803714360808,-0.621228014360808
6678,4.388833,5.066180906932752,-0.6773479069327522
6679,4.34061,5.058300728692593,-0.7176907286925935
6680,4.3039365,5.049815037725177,-0.7458785377251775
6681,4.249421,5.042112069071959,-0.7926910690719593
6682,4.249781,5.035394796897259,-0.7856137968972599
6683,4.2484503,5.028326977243613,-0.779876677243613
6684,4.2446027,5.020776906411822,-0.776174206411822
6685,4.243987,5.013169433506066,-0.7691824335060664
6686,4.2429175,5.006923831032627,-0.7640063310326273
6687,4.243972,5.000869953374636,-0.7568979533746356
6688,4.245151,4.993605878800933,-0.7484548788009331
6689,4.2469907,4.986889326861734,-0.7398986268617342
6690,4.248619,4.980721479254612,-0.7321024792546122
6691,4.2544293,4.974623171180598,-0.720193871180598
6692,4.267652,4.9684525689967725,-0.7008005689967725
6693,4.2843356,4.9623722952414715,-0.6780366952414711
6694,4.3001795,4.957625298334299,-0.6574457983342992
6695,4.3118834,4.953544806169879,-0.6416614061698791
6696,4.3236485,4.949932124434082,-0.6262836244340821
6697,4.335935,4.946197133032762,-0.6102621330327622
6698,4.3487153,4.942284168103795,-0.5935688681037945
6699,4.361959,4.939441638579812,-0.577482638579812
6700,4.375638,4.93699271834955,-0.5613547183495493
6701,4.3897223,4.93558989629371,-0.5458675962937098
6702,4.4041834,4.934834721537041,-0.5306513215370412
6703,4.418992,4.935240083502835,-0.5162480835028349
6704,4.4341187,4.936497601026113,-0.5023789010261126
6705,4.449535,4.938458403152455,-0.4889234031524552
6706,4.465212,4.937557629411652,-0.4723456294116515
6707,4.4811196,4.937319119645039,-0.4561995196450388
6708,4.497229,4.93755082789866,-0.4403218278986598
6709,4.5135117,4.938295863332637,-0.424784163332637
6710,4.529938,4.939253295674815,-0.4093152956748156
6711,4.546479,4.941091671477245,-0.3946126714772449
6712,4.563106,4.94365385892198,-0.38054785892197973
6713,4.579789,4.9462230303798265,-0.3664340303798266
6714,4.5965,4.948638448728345,-0.3521384487283452
6715,4.613209,4.951422112809208,-0.33821311280920785
6716,4.6298866,4.955633583201824,-0.3257469832018245
6717,4.646505,4.960316158288172,-0.3138111582881713
6718,4.6630344,4.963492178964331,-0.300457778964331
6719,4.6794453,4.97621760370647,-0.29677230370646956
6720,4.695709,4.987719223055735,-0.2920102230557351
6721,4.7117963,4.988490859587008,-0.2766945595870087
6722,4.727679,4.988717960194861,-0.2610389601948606
6723,4.743326,4.988444400899283,-0.24511840089928327
6724,4.7587104,4.988619300149781,-0.22990890014978138
6725,4.7738013,4.989119489217725,-0.21531818921772494
6726,4.788571,4.989725790622239,-0.20115479062223862
6727,4.802989,4.990370772759811,-0.18738177275981105
6728,4.817027,4.993025804495161,-0.17599880449516103
6729,4.8306565,4.995623473373227,-0.16496697337322708
6730,4.8438473,4.996410350184093,-0.1525630501840931
6731,4.8565707,4.997633448835954,-0.14106274883595393
6732,4.868798,4.9991081045486405,-0.13031010454864056
6733,4.8804994,5.000466761121692,-0.11996736112169248
6734,4.891646,5.001534689252799,-0.10988868925279949
6735,4.902209,5.0021628561781375,-0.09995385617813746
6736,4.912159,5.002183909217205,-0.09002490921720518
6737,4.9214673,5.001557633857941,-0.08009033385794151
6738,4.9301043,5.000749145566714,-0.07064484556671413
6739,4.938041,4.999700430955636,-0.061659430955636196
6740,4.945249,4.997122988238846,-0.05187398823884681
6741,4.9516983,4.995231078437542,-0.043532778437541886
6742,4.95736,4.993464200930648,-0.036104200930647146
6743,4.962205,4.989825015588681,-0.027620015588681213
6744,4.966204,4.984491980830857,-0.018287980830856476
6745,4.969329,4.978815529364367,-0.009486529364367335
6746,4.9715495,4.974709590960769,-0.0031600909607689687
6747,4.9728374,4.969184873826348,0.003652526173651971
6748,4.9670186,4.961159121995414,0.005859478004586194
6749,4.921284,4.952891781704574,-0.03160778170457412
6750,4.857534,4.945148774346857,-0.08761477434685716
6751,4.7920837,4.938796427790161,-0.14671272779016054
6752,4.7039404,4.932082111510487,-0.2281417115104878
6753,4.6167154,4.924605888725297,-0.30789048872529623
6754,4.517333,4.917570657613822,-0.4002376576138218
6755,4.4211392,4.9099959075633635,-0.48885670756336363
6756,4.3317437,4.90272452964936,-0.5709808296493604
6757,4.250897,4.89557375270525,-0.6446767527052497
6758,4.17855,4.888451337074418,-0.7099013370744176
6759,4.108962,4.882062097116221,-0.7731000971162212
6760,4.055881,4.875640607291417,-0.8197596072914166
6761,4.0106473,4.869104303604055,-0.8584570036040553
6762,3.9713702,4.8625213208415,-0.8911511208415002
6763,3.9283383,4.855685139698305,-0.9273468396983047
6764,3.902248,4.8494123200006936,-0.9471643200006934
6765,3.8758502,4.843361609454034,-0.9675114094540338
6766,3.8481717,4.83806446969809,-0.9898927696980904
6767,3.8416781,4.833580325615716,-0.991902225615716
6768,3.8320901,4.829466453726085,-0.9973763537260854
6769,3.8258884,4.825917650748512,-1.0000292507485122
6770,3.8144336,4.822348194085599,-1.007914594085599
6771,3.7903323,4.820866585029066,-1.0305342850290655
6772,3.7875812,4.8210436698790895,-1.0334624698790895
6773,3.7625995,4.820216506389841,-1.0576170063898407
6774,3.755881,4.8191857707830295,-1.0633047707830294
6775,3.7515335,4.8192479535865616,-1.0677144535865617
6776,3.754219,4.821634451057347,-1.0674154510573466
6777,3.7818017,4.823879640193121,-1.0420779401931215
6778,3.8204157,4.824746924355233,-1.0043312243552327
6779,3.8575485,4.826188332242543,-0.9686398322425429
6780,3.8932407,4.828761513832991,-0.9355208138329911
6781,3.927532,4.832729016698815,-0.9051970166988155
6782,3.9604623,4.836519722416008,-0.8760574224160078
6783,3.992072,4.839854015100695,-0.847782015100695
6784,4.0224013,4.844288276170041,-0.8218869761700409
6785,4.0514913,4.8491260566991885,-0.7976347566991882
6786,4.0793805,4.854402857253961,-0.7750223572539605
6787,4.1061106,4.86013075455535,-0.7540201545553495
6788,4.131721,4.866520242957198,-0.7347992429571981
6789,4.156252,4.8733779145878025,-0.7171259145878022
6790,4.1797433,4.882262721755688,-0.7025194217556878
6791,4.202236,4.891398968994329,-0.6891629689943288
6792,4.2237706,4.8981916201572595,-0.6744210201572596
6793,4.244386,4.905255580913007,-0.6608695809130065
6794,4.2641234,4.913022974822851,-0.6488995748228508
6795,4.283022,4.920270588973003,-0.6372485889730033
6796,4.3011227,4.928698490244814,-0.6275757902448147
6797,4.3184657,4.938611264711482,-0.620145564711482
6798,4.3350916,4.948091967986144,-0.6130003679861442
6799,4.3510394,4.956757631435867,-0.6057182314358664
6800,4.36635,4.965127403730877,-0.5987774037308773
6801,4.381064,4.974952134211447,-0.593888134211447
6802,4.3952208,4.985112544883964,-0.589891744883964
6803,4.4088607,4.9933248667230075,-0.5844641667230075
6804,4.4220243,5.001256939140114,-0.5792326391401135
6805,4.434752,5.010000041855252,-0.5752480418552528
6806,4.447083,5.0187548299714235,-0.5716718299714234
6807,4.459059,5.026676730321122,-0.5676177303211221
6808,4.4707184,5.033070312345502,-0.5623519123455019
6809,4.4821024,5.039494216704985,-0.5573918167049854
6810,4.4932513,5.046945521567387,-0.5536942215673868
6811,4.5042048,5.054321989356358,-0.5501171893563574
6812,4.515003,5.059634499160641,-0.5446314991606407
6813,4.525687,5.0642662587854295,-0.5385792587854299
6814,4.5224576,5.069170603046551,-0.546713003046551
6815,4.4834332,5.073703534501938,-0.5902703345019376
6816,4.4424906,5.077581262921486,-0.6350906629214856
6817,4.4057007,5.08103446573438,-0.6753337657343801
6818,4.377401,5.08479516762284,-0.7073941676228399
6819,4.3556476,5.088550462184173,-0.7329028621841731
6820,4.3463254,5.091084985221464,-0.7447595852214643
6821,4.3484225,5.092985236330741,-0.7445627363307414
6822,4.3517175,5.094795349971445,-0.7430778499714448
6823,4.3575387,5.096957067525052,-0.7394183675250519
6824,4.3621325,5.098854094819,-0.7367215948189996
6825,4.3620267,5.100049284334335,-0.7380225843343347
6826,4.356803,5.101061918331064,-0.744258918331064
6827,4.3495255,5.103620801351877,-0.7540953013518763
6828,4.3423147,5.1057700849206755,-0.7634553849206753
6829,4.3338776,5.1060166278072785,-0.7721390278072784
6830,4.327445,5.106313704608207,-0.7788687046082075
6831,4.317433,5.107263145463419,-0.7898301454634185
6832,4.293601,5.108434539883114,-0.8148335398831144
6833,4.2745814,5.108800027156028,-0.8342186271560283
6834,4.2898197,5.109029751539338,-0.8192100515393381
6835,4.3063803,5.1094827615381035,-0.8031024615381037
6836,4.3219414,5.109893592767786,-0.7879521927677864
6837,4.3365397,5.110325912866044,-0.7737862128660433
6838,4.35021,5.110782931192822,-0.7605729311928222
6839,4.362988,5.111255647943215,-0.7482676479432158
6840,4.3749094,5.111637591099404,-0.7367281910994041
6841,4.386009,5.111814203570997,-0.7258052035709976
6842,4.3963237,5.11198074710581,-0.7156570471058101
6843,4.4058876,5.1122890020594935,-0.7064014020594938
6844,4.414737,5.1127287169798095,-0.6979917169798098
6845,4.422908,5.113110707802076,-0.6902027078020767
6846,4.4304347,5.113384260471378,-0.6829495604713776
6847,4.437353,5.113663549755405,-0.6763105497554047
6848,4.4436994,5.113912554847832,-0.6702131548478318
6849,4.449508,5.114119742555254,-0.6646117425552545
6850,4.454816,5.114344276337379,-0.6595282763373786
6851,4.4596577,5.114376748959384,-0.6547190489593842
6852,4.464069,5.114584448914758,-0.6505154489147573
6853,4.4680853,5.114598561374047,-0.6465132613740465
6854,4.471742,5.114501493530402,-0.6427594935304022
6855,4.4750752,5.115955614277105,-0.6408804142771052
6856,4.47812,5.117220332818595,-0.6391003328185949
6857,4.4809117,5.116585030321736,-0.6356733303217359
6858,4.483486,5.115769511905261,-0.6322835119052606
6859,4.485879,5.114656563286963,-0.6287775632869632
6860,4.488126,5.113325078659533,-0.6251990786595325
6861,4.4902616,5.112170430985758,-0.6219088309857579
6862,4.492322,5.111109486030396,-0.6187874860303966
6863,4.4943433,5.109822905918008,-0.6154796059180079
6864,4.49636,5.112073212493067,-0.6157132124930671
6865,4.4984083,5.120820512842884,-0.6224122128428835
6866,4.5005236,5.125637979670055,-0.6251143796700545
6867,4.5027413,5.124251255157321,-0.6215099551573209
6868,4.505097,5.12305367857152,-0.6179566785715203
6869,4.507626,5.121820556027194,-0.6141945560271935
6870,4.5103645,5.120360235998051,-0.6099957359980515
6871,4.513347,5.1188437116650745,-0.605496711665074
6872,4.51661,5.117232872154391,-0.6006228721543909
6873,4.520189,5.115697117613987,-0.5955081176139867
6874,4.524118,5.113917363870371,-0.5897993638703714
6875,4.5284343,5.112043273288409,-0.5836089732884089
6876,4.533173,5.110159240716713,-0.576986240716713
6877,4.538369,5.1084929294430985,-0.5701239294430982
6878,4.544059,5.106941323152194,-0.562882323152194
6879,4.5502768,5.105196578180671,-0.554919778180671
6880,4.5570593,5.1034217011357175,-0.5463624011357178
6881,4.5644417,5.101740597767781,-0.5372988977677817
6882,4.572459,5.100173140000561,-0.5277141400005609
6883,4.5811477,5.098584979225398,-0.5174372792253985
6884,4.5905433,5.096909365537879,-0.506366065537879
6885,4.60068,5.095226627109869,-0.4945466271098695
6886,4.6115947,5.093598904199334,-0.48200420419933376
6887,4.623322,5.092130727276103,-0.46880872727610345
6888,4.6358976,5.090693493833689,-0.45479589383368957
6889,4.649358,5.08893393506864,-0.4395759350686399
6890,4.6637373,5.087130683667913,-0.42339338366791246
6891,4.679072,5.0854595343547215,-0.40638753435472186
6892,4.6908984,5.083855761294273,-0.3929573612942727
6893,4.690094,5.082144158158572,-0.3920501581585718
6894,4.6761312,5.080337767279711,-0.4042065672797106
6895,4.6604867,5.078666858152552,-0.41818015815255194
6896,4.6409554,5.07700558309608,-0.43605018309607946
6897,4.6151047,5.075269122737041,-0.4601644227370407
6898,4.5883093,5.073477991820185,-0.48516869182018496
6899,4.564767,5.0715934169906225,-0.5068264169906227
6900,4.541588,5.06980781862368,-0.52821981862368
6901,4.5270014,5.068169937226399,-0.5411685372263992
6902,4.509468,5.0665824311978715,-0.5571144311978715
6903,4.48222,5.065148687757072,-0.5829286877570725
6904,4.4719043,5.063898531223495,-0.5919942312234951
6905,4.465443,5.0626664704995195,-0.5972234704995198
6906,4.4619927,5.061473890752656,-0.5994811907526563
6907,4.458665,5.060397685209008,-0.6017326852090079
6908,4.4519806,5.059457494405303,-0.6074768944053028
6909,4.4415503,5.058553065194267,-0.6170027651942664
6910,4.4234443,5.057894628313326,-0.634450328313326
6911,4.3986773,5.057471732119713,-0.6587944321197128
6912,4.37266,5.057191965249405,-0.6845319652494055
6913,4.3499017,5.056917108473777,-0.7070154084737768
6914,4.332382,5.056649951800456,-0.7242679518004564
6915,4.320389,5.056531771733539,-0.7361427717335394
6916,4.309214,5.056655192671636,-0.7474411926716362
6917,4.2973285,5.057026209233009,-0.7596977092330093
6918,4.28045,5.057632947144821,-0.7771829471448211
6919,4.2624216,5.0580606740053815,-0.7956390740053818
6920,4.2426443,5.058520762281549,-0.8158764622815484
6921,4.24145,5.05903774550876,-0.8175877455087592
6922,4.243795,5.059559012438356,-0.8157640124383558
6923,4.2476206,5.060125729936724,-0.8125051299367234
6924,4.252858,5.060786425908165,-0.8079284259081652
6925,4.259439,5.061379611466283,-0.8019406114662821
6926,4.2672954,5.061854292521245,-0.7945588925212448
6927,4.276358,5.062412159395869,-0.786054159395869
6928,4.2865586,5.062944576227865,-0.7763859762278651
6929,4.297829,5.063523509210056,-0.7656945092100562
6930,4.3101006,5.064872176643527,-0.7547715766435266
6931,4.323305,5.066890203381095,-0.7435852033810946
6932,4.3373737,5.0682850193588385,-0.7309113193588388
6933,4.352238,5.069345416459851,-0.717107416459851
6934,4.3678303,5.070218901059516,-0.702388601059516
6935,4.384081,5.070711906703766,-0.6866309067037655
6936,4.4009223,5.070982077750282,-0.6700597777502812
6937,4.4182854,5.071276054754164,-0.6529906547541637
6938,4.4361024,5.071846127716777,-0.6357437277167763
6939,4.454304,5.072177936432557,-0.6178739364325576
6940,4.4728227,5.0718692543776145,-0.5990465543776144
6941,4.4915895,5.077126919150513,-0.5855374191505129
6942,4.5105357,5.082332093065331,-0.5717963930653305
6943,4.5295935,5.0833967312698025,-0.5538032312698027
6944,4.548694,5.083144894439695,-0.5344508944396944
6945,4.5677686,5.082884041554942,-0.5151154415549417
6946,4.586749,5.082700237303913,-0.4959512373039132
6947,4.605567,5.08257229361603,-0.4770052936160303
6948,4.624154,5.082242882402426,-0.45808888240242585
6949,4.6424417,5.081837399125534,-0.43939569912553367
6950,4.660361,5.081478479592859,-0.4211174795928594
6951,4.677844,5.081081279774849,-0.40323727977484847
6952,4.6948223,5.080712282005802,-0.3858899820058017
6953,4.711227,5.08027855760377,-0.36905155760377006
6954,4.72699,5.079904062405091,-0.35291406240509104
6955,4.742043,5.079592194782268,-0.33754919478226864
6956,4.756317,5.079191159977287,-0.3228741599772871
6957,4.769744,5.078828370899172,-0.3090843708991722
6958,4.782255,5.078500269653619,-0.2962452696536184
6959,4.7937827,5.0781512355859215,-0.2843685355859211
6960,4.804257,5.077892498274099,-0.27363549827409894
6961,4.8136106,5.077617123195675,-0.2640065231956754
6962,4.821775,5.077331719687445,-0.2555567196874451
6963,4.828681,5.076933583451793,-0.24825258345179346
6964,4.834261,5.076556407428689,-0.24229540742868938
6965,4.838446,5.076163346394904,-0.23771734639490383
6966,4.8411674,5.075748370471653,-0.2345809704716535
6967,4.8423576,5.075515409485265,-0.23315780948526488
6968,4.8298984,5.075505532082429,-0.24560713208242912
6969,4.8002014,5.075469660066287,-0.27526826006628724
6970,4.758,5.075401098023083,-0.31740109802308325
6971,4.702122,5.075428895066655,-0.37330689506665493
6972,4.638505,5.075632680717145,-0.43712768071714425
6973,4.572587,5.075936436794172,-0.5033494367941715
6974,4.5102973,5.076205696484202,-0.5659083964842013
6975,4.4556165,5.076548437424862,-0.6209319374248627
6976,4.4082403,5.077054052323578,-0.6688137523235778
6977,4.3695984,5.077763695790053,-0.708165295790053
6978,4.334224,5.0785042124040904,-0.7442802124040906
6979,4.3041697,5.079270396862854,-0.7751006968628538
6980,4.2765646,5.080223111753716,-0.8036585117537154
6981,4.2512064,5.081262443975237,-0.8300560439752367
6982,4.2284284,5.082369607563816,-0.8539412075638158
6983,4.2101016,5.083549430047939,-0.8734478300479394
6984,4.197759,5.084832873539387,-0.8870738735393875
6985,4.191474,5.086253129746496,-0.894779129746496
6986,4.18926,5.087762280187599,-0.898502280187599
6987,4.1906424,5.089312978188738,-0.8986705781887379
6988,4.1945987,5.0910100743889615,-0.8964113743889612
6989,4.2003436,5.092895679445736,-0.8925520794457356
6990,4.2106705,5.094771611043741,-0.8841011110437407
6991,4.2218432,5.096631064218791,-0.8747878642187903
6992,4.234714,5.098591158739196,-0.8638771587391956
6993,4.246732,5.100766196400537,-0.8540341964005371
6994,4.2576284,5.10301067856452,-0.8453822785645206
6995,4.2622867,5.105265781687504,-0.8429790816875045
6996,4.263677,5.107541066924857,-0.8438640669248567
6997,4.2607064,5.10988969714227,-0.8491832971422699
6998,4.254136,5.112400329990538,-0.8582643299905381
6999,4.2542663,5.1150227407939415,-0.8607564407939412
7000,4.255624,5.117540910455669,-0.861916910455669
7001,4.257814,5.120211792814684,-0.8623977928146846
7002,4.260818,5.123049912377793,-0.8622319123777924
7003,4.264616,5.125999974373304,-0.8613839743733038
7004,4.2691894,5.128881817413821,-0.8596924174138207
7005,4.274518,5.131710258341349,-0.8571922583413496
7006,4.280583,5.134742939724699,-0.8541599397246991
7007,4.2873645,5.13791682547334,-0.8505523254733403
7008,4.2948437,5.141113632269244,-0.8462699322692435
7009,4.3030014,5.144279965511375,-0.8412785655113746
7010,4.311817,5.147267123042625,-0.8354501230426257
7011,4.321273,5.1502881236039,-0.8290151236039005
7012,4.3313484,5.1533221003592535,-0.8219737003592531
7013,4.3420243,5.15652436543165,-0.8145000654316501
7014,4.353282,5.159716925346539,-0.8064349253465393
7015,4.365102,5.162800179679852,-0.7976981796798519
7016,4.377464,5.165756887336722,-0.7882928873367225
7017,4.3903494,5.168446971330999,-0.7780975713309992
7018,4.4037385,5.171298020504575,-0.7675595205045749
7019,4.4176126,5.174321159821943,-0.7567085598219432
7020,4.4319515,5.177056641367891,-0.7451051413678904
7021,4.4467363,5.179490034225594,-0.7327537342255939
7022,4.461945,5.181854252453359,-0.719909252453359
7023,4.4775634,5.18460212281371,-0.70703872281371
7024,4.4935694,5.187183173401228,-0.6936137734012275
7025,4.509944,5.18911481965769,-0.6791708196576902
7026,4.5266676,5.19096524252028,-0.66429764252028
7027,4.543721,5.192927022448865,-0.6492060224488654
7028,4.5610847,5.19485187613455,-0.6337671761345494
7029,4.5787396,5.196450810203344,-0.6177112102033444
7030,4.5966654,5.197916757001368,-0.6012513570013676
7031,4.6148443,5.199279277861795,-0.584434977861795
7032,4.6332555,5.201321661404835,-0.5680661614048352
7033,4.6518807,5.203493544990147,-0.5516128449901467
7034,4.6706996,5.204334032861853,-0.5336344328618532
7035,4.689694,5.204687065265183,-0.5149930652651831
7036,4.708843,5.204998727987849,-0.49615572798784946
7037,4.7281284,5.205430366092415,-0.4773019660924147
7038,4.747531,5.205785031648525,-0.45825403164852485
7039,4.767031,5.2056477578526135,-0.4386167578526132
7040,4.7866087,5.205293635781022,-0.4186849357810214
7041,4.8062453,5.204935425085877,-0.398690125085877
7042,4.825921,5.204479588859018,-0.3785585888590175
7043,4.845617,5.203726705482568,-0.35810970548256815
7044,4.865313,5.202790960719851,-0.33747796071985015
7045,4.880861,5.201732914500607,-0.32087191450060626
7046,4.8726873,5.20067133197173,-0.32798403197173
7047,4.846238,5.199250136709289,-0.35301213670928977
7048,4.80804,5.197991555839365,-0.3899515558393647
7049,4.761472,5.1969824887636005,-0.4355104887636001
7050,4.716929,5.195629484769567,-0.4787004847695666
7051,4.640259,5.194023694272287,-0.5537646942722869
7052,4.592514,5.192526860408235,-0.6000128604082349
7053,4.546911,5.19139964803379,-0.6444886480337901
7054,4.5108423,5.190201357087901,-0.6793590570879005
7055,4.482544,5.1887008600122355,-0.7061568600122357
7056,4.4597983,5.187228607290802,-0.7274303072908017
7057,4.4398336,5.185874348011135,-0.7460407480111346
7058,4.4266562,5.1847225044503435,-0.7580663044503435
7059,4.410952,5.183383754334412,-0.7724317543344119
7060,4.397098,5.181681392280245,-0.7845833922802452
7061,4.389962,5.179955229571507,-0.7899932295715075
7062,4.3872952,5.178085743322993,-0.7907905433229931
7063,4.386332,5.176053490567554,-0.7897214905675538
7064,4.386333,5.173760756672763,-0.7874277566727637
7065,4.3843756,5.171180383377065,-0.7868047833770646
7066,4.384022,5.168289170083595,-0.784267170083595
7067,4.3872843,5.165146064076489,-0.7778617640764889
7068,4.3938413,5.161762582441951,-0.767921282441951
7069,4.401862,5.158125656926975,-0.7562636569269747
7070,4.4120536,5.154270011817468,-0.7422164118174681
7071,4.4230423,5.150444309172561,-0.727402009172561
7072,4.4326663,5.146584670144501,-0.7139183701445004
7073,4.4420886,5.1422421103949105,-0.7001535103949106
7074,4.4516864,5.137518017500223,-0.6858316175002228
7075,4.463712,5.132597354253825,-0.6688853542538249
7076,4.4653883,5.127438773365324,-0.6620504733653245
7077,4.461537,5.1219532662870035,-0.6604162662870037
7078,4.4553285,5.116320362515271,-0.6609918625152709
7079,4.44723,5.110678051544611,-0.6634480515446111
7080,4.4377093,5.104659382216243,-0.6669500822162435
7081,4.4272346,5.0981534443251615,-0.6709188443251612
7082,4.4162726,5.091406659629745,-0.6751340596297446
7083,4.4052916,5.08449095296452,-0.6791993529645204
7084,4.3947587,5.077405388352176,-0.6826466883521762
7085,4.385142,5.069879761485963,-0.6847377614859633
7086,4.376908,5.061899491126115,-0.684991491126115
7087,4.370525,5.05362134364609,-0.6830963436460902
7088,4.3664603,5.045209039297935,-0.6787487392979354
7089,4.366386,5.043357444566881,-0.6769714445668811
7090,4.3803806,5.039890092530794,-0.6595094925307947
7091,4.393378,5.028291837985287,-0.6349138379852866
7092,4.405519,5.016318741609037,-0.6107997416090374
7093,4.416948,5.004163566014793,-0.5872155660147937
7094,4.427806,4.991760926014333,-0.5639549260143326
7095,4.4382358,4.979313602306788,-0.5410778023067877
7096,4.448381,4.968681094694457,-0.5203000946944565
7097,4.4583826,4.958063861013855,-0.4996812610138548
7098,4.468384,4.945576557553861,-0.4771925575538605
7099,4.478527,4.933117339261346,-0.4545903392613466
7100,4.4889545,4.920743688372789,-0.4317891883727887
7101,4.4998093,4.908473327581738,-0.4086640275817377
7102,4.5112333,4.896267811842723,-0.38503451184272297
7103,4.5233693,4.884501329335749,-0.3611320293357494
7104,4.5363593,4.873087592536027,-0.3367282925360273
7105,4.5503464,4.861931537552783,-0.3115851375527834
7106,4.5654726,4.851193191063418,-0.2857205910634182
7107,4.58188,4.840803948402685,-0.2589239484026846
7108,4.599712,4.8311453639806246,-0.2314333639806243
7109,4.6191106,4.82219850889444,-0.20308790889443973
7110,4.6402187,4.813669859246322,-0.17345115924632193
7111,4.663179,4.805656034766534,-0.14247703476653317
7112,4.692325,4.798300179597117,-0.10597517959711666
7113,4.727211,4.791849285337241,-0.06463828533724136
7114,4.7470746,4.786170407287451,-0.03909580728745077
7115,4.7638693,4.78209280116576,-0.018223501165760325
7116,4.773478,4.781736607159833,-0.008258607159833176
7117,4.775128,4.786392079650579,-0.011264079650579184
7118,4.7612414,4.794890102751597,-0.033648702751596815
7119,4.738088,4.799798645405548,-0.06171064540554738
7120,4.706993,4.806554245608024,-0.09956124560802415
7121,4.671346,4.820629406027795,-0.149283406027795
7122,4.624476,4.828923047686158,-0.20444704768615818
7123,4.5782123,4.820736298053626,-0.24252399805362668
7124,4.5345263,4.813684330504149,-0.2791580305041492
7125,4.489936,4.807739834421409,-0.3178038344214089
7126,4.4482293,4.802870194498057,-0.3546408944980568
7127,4.407353,4.799038027324186,-0.3916850273241863
7128,4.367412,4.796201737436032,-0.4287897374360323
7129,4.331374,4.794316084232229,-0.46294208423222916
7130,4.2947974,4.793332751471611,-0.49853535147161043
7131,4.259732,4.79320091182935,-0.5334689118293507
7132,4.229481,4.79386777957546,-0.56438677957546
7133,4.204183,4.816225861407806,-0.6120428614078062
7134,4.184211,4.84275976119786,-0.65854876119786
7135,4.166227,4.856825321908465,-0.6905983219084648
7136,4.155678,4.869769487645726,-0.7140914876457263
7137,4.152726,4.881681445679806,-0.728955445679806
7138,4.1501465,4.892886493220992,-0.7427399932209919
7139,4.1503067,4.903699441671956,-0.7533927416719566
7140,4.159742,4.9153482802330215,-0.7556062802330219
7141,4.1721115,4.927063190750227,-0.754951690750227
7142,4.1921997,4.938736708890553,-0.7465370088905532
7143,4.2121964,4.950469668872468,-0.7382732688724678
7144,4.2320905,4.961757236124375,-0.7296667361243747
7145,4.2518716,4.972051781688916,-0.7201801816889155
7146,4.2715297,4.981967730200965,-0.7104380302009643
7147,4.291053,4.992554272073364,-0.7015012720733642
7148,4.3104315,5.0044618469018936,-0.6940303469018936
7149,4.3296537,5.0158991527201415,-0.6862454527201418
7150,4.348711,5.026350179857775,-0.677639179857775
7151,4.367591,5.036078321169634,-0.6684873211696338
7152,4.3862824,5.044131411515072,-0.6578490115150721
7153,4.404776,5.051442438762929,-0.6466664387629288
7154,4.423061,5.058398775581362,-0.6353377755813625
7155,4.441126,5.069513808997678,-0.6283878089976787
7156,4.4589605,5.079649646196665,-0.620689146196665
7157,4.4765544,5.084982945733768,-0.6084285457337675
7158,4.4938965,5.089236029817852,-0.5953395298178519
7159,4.5109763,5.093633376033354,-0.582657076033354
7160,4.5277834,5.103809941555453,-0.5760265415554535
7161,4.5443063,5.112265388788931,-0.567959088788931
7162,4.5605354,5.115580568054094,-0.555045168054094
7163,4.5764594,5.1174273191434505,-0.5409679191434504
7164,4.592068,5.119511082827153,-0.527443082827153
7165,4.6073503,5.121522687397287,-0.514172387397287
7166,4.6222954,5.123181289906498,-0.5008858899064981
7167,4.636893,5.128398468545356,-0.49150546854535637
7168,4.6511316,5.133725710888992,-0.48259411088899196
7169,4.665002,5.136319704563142,-0.47131770456314204
7170,4.6784925,5.138654245377922,-0.4601617453779223
7171,4.6915927,5.1403152866010515,-0.44872258660105135
7172,4.7042923,5.142079414159013,-0.43778711415901306
7173,4.7165794,5.143956337499917,-0.42737693749991745
7174,4.728445,5.1456810713355345,-0.41723607133553475
7175,4.739877,5.147302007515964,-0.4074250075159638
7176,4.750866,5.148846924497114,-0.397980924497114
7177,4.7614,5.1502528264637375,-0.3888528264637374
7178,4.7714696,5.151367160381011,-0.3798975603810115
7179,4.7810636,5.152366177049902,-0.3713025770499012
7180,4.7901707,5.153245331966906,-0.3630746319669056
7181,4.7987814,5.153724768015157,-0.3549433680151566
7182,4.8068843,5.153962568487354,-0.3470782684873539
7183,4.8144684,5.153951914326131,-0.33948351432613144
7184,4.821524,5.153687403756139,-0.3321634037561392
7185,4.8280396,5.153178336606667,-0.32513873660666626
7186,4.8340054,5.1523293057077675,-0.3183239057077678
7187,4.83941,5.151253210163756,-0.31184321016375627
7188,4.8442426,5.1497048732437785,-0.30546227324377817
7189,4.848493,5.147909982851399,-0.2994169828513984
7190,4.8521504,5.145872081707589,-0.2937216817075887
7191,4.8552046,5.14353273198554,-0.28832813198553975
7192,4.857644,5.140767185713417,-0.28312318571341777
7193,4.8587723,5.137681608084617,-0.278909308084617
7194,4.84468,5.134635643012839,-0.2899556430128385
7195,4.815545,5.1314454973267445,-0.3159004973267443
7196,4.776038,5.127767199096243,-0.35172919909624323
7197,4.7312546,5.123927467618998,-0.3926728676189981
7198,4.6810837,5.120263964960183,-0.43918026496018303
7199,4.6211996,5.1169038912445854,-0.4957042912445857
7200,4.558232,5.113107670424393,-0.5548756704243925
7201,4.495052,5.109035061246412,-0.6139830612464117
7202,4.4284363,5.105410515868924,-0.6769742158689231
7203,4.3729224,5.10190945803533,-0.7289870580353295
7204,4.33034,5.0985221039604305,-0.7681821039604309
7205,4.2927985,5.0950323798296155,-0.8022338798296156
7206,4.2581687,5.091560176332399,-0.8333914763323991
7207,4.2326074,5.088192885657822,-0.855585485657822
7208,4.205414,5.0847391954357475,-0.8793251954357473
7209,4.1859818,5.080902469726253,-0.8949206697262522
7210,4.168696,5.076804176519495,-0.9081081765194954
7211,4.157232,5.072799853392444,-0.9155678533924441
7212,4.1518207,5.069086473905785,-0.9172657739057852
7213,4.155548,5.065504623959873,-0.9099566239598733
7214,4.157718,5.06256019036774,-0.9048421903677397
7215,4.169522,5.06024071203329,-0.8907187120332907
7216,4.1898913,5.05798288175883,-0.8680915817588302
7217,4.2164865,5.055913377409399,-0.8394268774093989
7218,4.2444153,5.053728495378101,-0.8093131953781008
7219,4.2814713,5.052049119265083,-0.7705778192650836
7220,4.3216944,5.05090071155457,-0.7292063115545702
7221,4.3594275,5.049875613531621,-0.6904481135316214
7222,4.3860626,5.048728920474001,-0.6626663204740009
7223,4.412683,5.047648485707775,-0.6349654857077747
7224,4.4315934,5.0477297341843705,-0.6161363341843709
7225,4.449996,5.048151026137724,-0.5981550261377242
7226,4.4678955,5.047611811332261,-0.5797163113322608
7227,4.485297,5.047188270034991,-0.561891270034991
7228,4.5022073,5.047571611778396,-0.5453643117783962
7229,4.518631,5.048896795402811,-0.5302657954028112
7230,4.5345745,5.049407770320873,-0.5148332703208736
7231,4.5500426,5.049451906681845,-0.49940930668184436
7232,4.565041,5.050007704810255,-0.4849667048102555
7233,4.579575,5.049529521456865,-0.4699545214568648
7234,4.593651,5.048792103434594,-0.4551411034345936
7235,4.6072736,5.047892011664513,-0.4406184116645129
7236,4.6204495,5.046468997165941,-0.42601949716594056
7237,4.633182,5.044738103288343,-0.41155610328834324
7238,4.6454782,5.045929439557542,-0.40045123955754125
7239,4.657345,5.047842869959775,-0.3904978699597743
7240,4.6687865,5.045671441744044,-0.3768849417440432
7241,4.679808,5.042864561965141,-0.36305656196514047
7242,4.6904163,5.039589993967529,-0.3491736939675292
7243,4.7006154,5.035739227411751,-0.33512382741175095
7244,4.7104115,5.0327113906229615,-0.32229989062296127
7245,4.7198105,5.03067017322267,-0.3108596732226694
7246,4.7288175,5.02829463812026,-0.29947713812025967
7247,4.7374377,5.023413895362247,-0.28597619536224705
7248,4.745678,5.018171377966163,-0.27249337796616313
7249,4.7535424,5.0143543669236434,-0.2608119669236437
7250,4.7610373,5.009850821120297,-0.2488135211202973
7251,4.768168,5.003390061156526,-0.23522206115652544
7252,4.7749405,4.9974227072783695,-0.22248220727836987
7253,4.7813597,4.991702224094263,-0.2103425240942629
7254,4.7874312,4.986937583634433,-0.19950638363443307
7255,4.793161,4.982457541688694,-0.18929654168869448
7256,4.7985544,4.976431406911085,-0.17787700691108466
7257,4.803617,4.970560802401147,-0.16694380240114715
7258,4.8083544,4.9653036834753275,-0.15694928347532766
7259,4.8127723,4.960843905864368,-0.1480716058643683
7260,4.8168755,4.956074097394015,-0.13919859739401463
7261,4.8206706,4.950886026851314,-0.13021542685131404
7262,4.824162,4.94641518871058,-0.12225318871057933
7263,4.8273563,4.9419813962457,-0.1146250962457005
7264,4.830259,4.937417662812648,-0.10715866281264841
7265,4.832875,4.932562862792182,-0.099687862792182
7266,4.83521,4.927808687396374,-0.09259868739637422
7267,4.8372693,4.923408556597751,-0.08613925659775123
7268,4.8390594,4.919667612325952,-0.08060821232595217
7269,4.840585,4.916341585180213,-0.07575658518021289
7270,4.8418527,4.912848658953921,-0.07099595895392152
7271,4.8428664,4.909356783919444,-0.06649038391944373
7272,4.843633,4.905941707073675,-0.062308707073674974
7273,4.8441577,4.902143912789378,-0.05798621278937777
7274,4.8444457,4.898945246980855,-0.05449954698085513
7275,4.835799,4.896568983724107,-0.060769983724107135
7276,4.7875967,4.893993100249925,-0.10639640024992492
7277,4.73241,4.890921718665095,-0.15851171866509528
7278,4.6779394,4.888152439140914,-0.21021303914091405
7279,4.6244483,4.88711627723124,-0.26266797723124036
7280,4.583242,4.886651897083861,-0.3034098970838608
7281,4.538242,4.885411790532019,-0.3471697905320186
7282,4.505564,4.884892081272972,-0.37932808127297246
7283,4.480035,4.886028349182721,-0.40599334918272145
7284,4.480755,4.889752148189074,-0.40899714818907373
7285,4.4826617,4.893557514314703,-0.4108958143147028
7286,4.4856877,4.896957084167721,-0.4112693841677215
7287,4.4897685,4.902408882684413,-0.4126403826844127
7288,4.49483,4.9084247654266076,-0.4135947654266072
7289,4.500808,4.914838913292669,-0.4140309132926685
7290,4.5076337,4.921910586137569,-0.41427688613756875
7291,4.51524,4.929851865651961,-0.4146118656519606
7292,4.523559,4.93885113942219,-0.41529213942219023
7293,4.5325236,4.949023467042573,-0.4164998670425728
7294,4.542065,4.960444987989567,-0.4183799879895673
7295,4.552117,4.972977923148699,-0.42086092314869905
7296,4.56261,4.986790207303591,-0.42418020730359096
7297,4.5734777,5.001541705790517,-0.4280640057905174
7298,4.58719,5.01670261913997,-0.4295126191399703
7299,4.6029444,5.032401208651148,-0.4294568086511479
7300,4.6179614,5.048488321815698,-0.43052692181569796
7301,4.632259,5.065267437846071,-0.43300843784607057
7302,4.6458545,5.081992243368672,-0.43613774336867195
7303,4.658766,5.097989311615212,-0.439223311615212
7304,4.671011,5.114304210370475,-0.44329321037047453
7305,4.6826067,5.130437617621184,-0.4478309176211841
7306,4.693572,5.146027980660442,-0.45245598066044224
7307,4.703923,5.160855505435455,-0.4569325054354554
7308,4.7136784,5.174485074711321,-0.4608066747113213
7309,4.7228556,5.18754695606002,-0.4646913560600199
7310,4.731472,5.199596830959715,-0.4681248309597148
7311,4.739546,5.210313461309837,-0.47076746130983693
7312,4.7470946,5.219918014189978,-0.4728234141899783
7313,4.754135,5.228833633682036,-0.4746986336820358
7314,4.760686,5.2367765463097165,-0.4760905463097167
7315,4.7667646,5.242953747883602,-0.476189147883602
7316,4.772389,5.247826068300188,-0.47543706830018717
7317,4.777576,5.251756513553103,-0.47418051355310276
7318,4.782344,5.254324955230377,-0.47198095523037686
7319,4.7867103,5.255681617337878,-0.46897131733787756
7320,4.7906923,5.25584283607307,-0.4651505360730699
7321,4.794308,5.255014796961006,-0.4607067969610057
7322,4.7975755,5.254217840605559,-0.4566423406055593
7323,4.800512,5.255621748450269,-0.4551097484502691
7324,4.803135,5.26138533506478,-0.45825033506477997
7325,4.8054624,5.2680681969842125,-0.4626057969842128
7326,4.8075113,5.272398519785485,-0.464887219785485
7327,4.8093004,5.276817954253819,-0.4675175542538197
7328,4.810847,5.283080212920643,-0.472233212920643
7329,4.812168,5.286940564561846,-0.4747725645618459
7330,4.813282,5.26967934699853,-0.4563973469985303
7331,4.814206,5.252875556238446,-0.4386695562384455
7332,4.8149586,5.236583893595953,-0.42162529359595347
7333,4.815556,5.220848784509055,-0.40529278450905526
7334,4.816017,5.205704334215745,-0.3896873342157443
7335,4.8163595,5.191174518800698,-0.3748150188006978
7336,4.8166,5.17727359715314,-0.3606735971531396
7337,4.8167567,5.164006721788723,-0.34725002178872266
7338,4.816848,5.15137071948462,-0.3345227194846201
7339,4.8168902,5.139355007194271,-0.3224648071942715
7340,4.81683,5.127942604991117,-0.31111260499111637
7341,4.8212256,5.117111206307493,-0.2958856063074933
7342,4.8208923,5.106834267633056,-0.28594196763305657
7343,4.8234243,5.09708208482163,-0.27365778482162995
7344,4.823933,5.087822827513143,-0.26388982751314316
7345,4.8216834,5.079023505791047,-0.25734010579104627
7346,4.808436,5.070650846739252,-0.26221484673925133
7347,4.7836347,5.062672061359648,-0.27903736135964774
7348,4.7542944,5.055055480101806,-0.3007610801018057
7349,4.723321,5.047771031483923,-0.3244500314839227
7350,4.6974587,5.040790542176487,-0.3433318421764868
7351,4.678448,5.034087851226976,-0.35563985122697606
7352,4.661921,5.027638750431517,-0.365717750431517
7353,4.6465693,5.02142078091187,-0.3748514809118699
7354,4.6325946,5.015412929565705,-0.38281832956570483
7355,4.6215405,5.00959527683935,-0.38805477683934964
7356,4.61364,5.0039486481176105,-0.39030864811761035
7357,4.603413,4.9984543150628,-0.3950413150627998
7358,4.597813,4.993093782307675,-0.39528078230767427
7359,4.5894394,4.987848681637228,-0.3984092816372282
7360,4.58314,5.007357749143545,-0.42421774914354504
7361,4.5754676,5.028447817302024,-0.45298021730202453
7362,4.565829,5.032066407306103,-0.4662374073061031
7363,4.549626,5.035518831711984,-0.4858928317119844
7364,4.5265417,5.038307287800036,-0.5117655878000358
7365,4.5017405,5.039804323773562,-0.5380638237735615
7366,4.4799094,5.039262234233344,-0.5593528342333434
7367,4.464275,5.036981162315047,-0.5727061623150469
7368,4.453916,5.034152806723182,-0.5802368067231818
7369,4.4500275,5.031299676899982,-0.581272176899982
7370,4.4514947,5.028409921369496,-0.5769152213694966
7371,4.4579926,5.025499455464758,-0.5675068554647584
7372,4.467837,5.02299991711809,-0.5551629171180901
7373,4.4788957,5.0205492808189085,-0.5416535808189087
7374,4.4906793,5.016995555304263,-0.5263162553042626
7375,4.5023165,5.01221179794171,-0.5098952979417097
7376,4.513803,5.007285191731956,-0.49348219173195584
7377,4.5251336,5.002337081416002,-0.47720348141600155
7378,4.536305,4.997541128197764,-0.4612361281977648
7379,4.5473113,4.992662563177993,-0.4453512631779937
7380,4.5581493,4.987199724558364,-0.42905042455836373
7381,4.568814,4.981352940292483,-0.4125389402924835
7382,4.5793004,4.975520892021578,-0.3962204920215777
7383,4.589605,4.970478547364999,-0.3808735473649989
7384,4.599723,4.965240007134907,-0.3655170071349074
7385,4.609649,4.9605381418049355,-0.35088914180493536
7386,4.61938,4.956595051888514,-0.3372150518885144
7387,4.6289105,4.952914899686753,-0.32400439968675343
7388,4.6382365,4.949019235192543,-0.31078273519254296
7389,4.647353,4.9454578715536375,-0.29810487155363763
7390,4.656256,4.943847975179931,-0.2875919751799314
7391,4.6649413,4.942916716955659,-0.27797541695565897
7392,4.6734037,4.9405541992939,-0.26715049929390045
7393,4.681639,4.93897327773465,-0.25733427773465056
7394,4.689643,4.938901741564499,-0.2492587415644989
7395,4.697411,4.940135854384402,-0.24272485438440228
7396,4.7049384,4.940969894559366,-0.23603149455936645
7397,4.7122207,4.941117854741615,-0.22889715474161498
7398,4.7192535,4.942675687874658,-0.22342218787465828
7399,4.7260323,4.944645916817042,-0.21861361681704228
7400,4.7325525,4.947039559026863,-0.2144870590268635
7401,4.7388105,4.950020271970943,-0.21120977197094337
7402,4.7448006,4.9525717966324025,-0.20777119663240295
7403,4.7505193,4.9548413682918895,-0.2043220682918898
7404,4.755961,4.957381111013281,-0.20142011101328094
7405,4.761122,4.960416812568736,-0.19929481256873594
7406,4.7659984,4.9634644800763255,-0.1974660800763255
7407,4.770584,4.96675973468185,-0.1961757346818498
7408,4.774876,4.970295746138743,-0.19541974613874302
7409,4.778869,4.9739346636372925,-0.19506566363729227
7410,4.7825594,4.977553490221008,-0.1949940902210079
7411,4.7859416,4.981280703338435,-0.1953391033384353
7412,4.7890115,4.984485115486386,-0.1954736154863861
7413,4.7917647,4.9873047456168,-0.19554004561680038
7414,4.794197,4.9889342316620295,-0.19473723166202994
7415,4.7963037,4.99223750628286,-0.19593380628286017
7416,4.7980804,4.995737630777218,-0.1976572307772182
7417,4.7995224,4.996593276572855,-0.19707087657285527
7418,4.8006253,4.99769764328473,-0.1970723432847299
7419,4.801385,4.999738336210947,-0.19835333621094708
7420,4.801796,5.007799283162494,-0.2060032831624934
7421,4.8035846,5.016288027525407,-0.21270342752540738
7422,4.802402,5.019563750392988,-0.21716175039298857
7423,4.7968802,5.0226151966493315,-0.22573499664933117
7424,4.7897196,5.0267531948836455,-0.23703359488364573
7425,4.78935,5.030795018976235,-0.24144501897623538
7426,4.7851205,5.033936338572403,-0.24881583857240308
7427,4.7722692,5.036527101551325,-0.2642579015513249
7428,4.7529993,5.03958096588402,-0.2865816658840199
7429,4.739918,5.042637320552464,-0.3027193205524634
7430,4.727975,5.045480574751839,-0.3175055747518396
7431,4.7229514,5.048039560661921,-0.32508816066192026
7432,4.7167783,5.050530128384885,-0.3337518283848855
7433,4.722468,5.052739149834102,-0.3302711498341022
7434,4.7118826,5.054664642758385,-0.342782042758385
7435,4.7115183,5.056650434430668,-0.3451321344306679
7436,4.7062225,5.058486345291635,-0.3522638452916347
7437,4.697915,5.060312296207697,-0.3623972962076971
7438,4.6899786,5.062235593529787,-0.37225699352978747
7439,4.6732154,5.063710097987544,-0.39049469798754366
7440,4.664286,5.066241760899816,-0.4019557608998161
7441,4.6488366,5.069397448040426,-0.4205608480404255
7442,4.633109,5.071454106186016,-0.4383451061860155
7443,4.612331,5.072856042282728,-0.46052504228272806
7444,4.599238,5.074063195919113,-0.474825195919113
7445,4.584449,5.076785454507286,-0.4923364545072859
7446,4.5680823,5.080739382315437,-0.512657082315437
7447,4.557833,5.083495916592803,-0.5256629165928031
7448,4.5471725,5.085152993915753,-0.5379804939157529
7449,4.51989,5.087149202330606,-0.5672592023306056
7450,4.494462,5.090292592570435,-0.5958305925704348
7451,4.466418,5.093666558864589,-0.6272485588645891
7452,4.431512,5.097415486109442,-0.6659034861094426
7453,4.386567,5.102212426126745,-0.7156454261267449
7454,,5.107983081888547,
7455,,5.114667660571559,
7456,,5.121939471293798,
7457,,5.129805377116256,
7458,,5.139108533425739,
7459,,5.149458706693394,
7460,,5.160597475470925,
7461,,5.172299641503786,
7462,,5.184710799793099,
7463,,5.197999126166886,
7464,,5.213981789930616,
7465,,5.229800483782891,
7466,,5.2432382385393215,
7467,,5.257706471463486,
7468,,5.272361796756577,
7469,,5.2868836519734925,
7470,,5.302423119717671,
7471,,5.318109489988957,
7472,,5.3327830983433095,
7473,,5.347384130930816,
7474,,5.36204960742651,
7475,,5.377515376908378,
7476,,5.3932699645618065,
7477,,5.409383938189087,
7478,,5.42464178739803,
7479,,5.438555378564327,
7480,,5.452948572671673,
7481,,5.466915388324578,
7482,,5.479842101850769,
7483,,5.4926654245811575,
7484,,5.50544076913707,
7485,,5.518992808839303,
7486,,5.53271729855547,
7487,,5.544861553787332,
7488,,5.556217992858807,
7489,,5.567435508440859,
7490,,5.578358243647465,
7491,,5.589321568339106,
7492,,5.613442102158725,
7493,,5.632952152793558,
7494,,5.632952152793558,
7495,,5.632952152793558,
7496,,5.632952152793558,
7497,,5.632952152793558,
7498,,5.632952152793558,
7499,,5.632952152793558,
