,Actual pupil,Predicted pupil,residue
0,,5.247633463073439,
1,,5.228560378891064,
2,,5.2075921656297055,
3,,5.184792753168042,
4,,5.160267331221822,
5,,5.134162261172057,
6,,5.106663778752198,
7,,5.077995498923204,
8,5.652288,5.048414777410401,0.6038732225895993
9,5.650588,5.018208026622699,0.6323799733773008
10,5.681389,4.987685124618958,0.6937038753810425
11,5.697669,4.957173091880588,0.7404959081194127
12,5.711501,4.9270092394933105,0.7844917605066897
13,5.7371793,4.897534011758122,0.8396452882418783
14,5.7604,4.869083754151709,0.8913162458482908
15,5.7784705,4.841983632187549,0.9364868678124507
16,5.776913,4.816540907739947,0.9603720922600534
17,5.7628937,4.793038748896679,0.9698549511033212
18,5.7351513,4.77173071190606,0.9634205880939399
19,5.7227774,4.752835994862969,0.969941405137031
20,5.7107744,4.736535527301088,0.974238872698912
21,5.6990294,4.722968930583234,0.9760604694167654
22,5.687545,4.7122323611375885,0.9753126388624116
23,5.6763244,4.704377230502326,0.9719471694976747
24,5.66537,4.699409780551765,0.9659602194482355
25,5.6546855,4.697291477749545,0.9573940222504556
26,5.6442733,4.697940177054387,0.9463331229456129
27,5.6341367,4.70123199588853,0.9329047041114702
28,5.624279,4.707003833357082,0.9172751666429173
29,5.614702,4.715056470609076,0.8996455293909245
30,5.60541,4.725158193945839,0.8802518060541606
31,5.5964055,4.737048890353562,0.8593566096464382
32,5.587691,4.750444571980908,0.8372464280190925
33,5.57927,4.76504228829695,0.8142277117030501
34,5.571145,4.780525379990718,0.7906196200092817
35,5.5633197,4.796569016516917,0.7667506834830835
36,5.555796,4.812845940656772,0.7429500593432277
37,5.5485783,4.829032321024831,0.7195459789751686
38,5.5416684,4.844813590439066,0.6968548095609339
39,5.5350695,4.8598901281001865,0.6751793718998131
40,5.5287848,4.881618607737502,0.6471661922624987
41,5.522817,4.901940684524491,0.6208763154755088
42,5.51717,4.914582913654055,0.6025870863459453
43,5.511845,4.925659764800536,0.5861852351994639
44,5.5068464,4.934240337553395,0.5726060624466047
45,5.5021772,4.9407378122116,0.5614393877884005
46,5.4978395,4.95122435092514,0.5466151490748601
47,5.4938364,4.976135529995757,0.5177008700042434
48,5.4901714,4.9973814550951445,0.49278994490485584
49,5.4868474,4.997799604630899,0.4890477953691015
50,5.483867,5.002828321221833,0.48103867877816686
51,5.4812336,5.006021867326839,0.4752117326731611
52,5.47895,4.998219714519294,0.48073028548070607
53,5.477019,4.984375038544212,0.49264396145578804
54,5.4754434,4.969855716400169,0.5055876835998303
55,5.474227,4.9570570347364615,0.5171699652635384
56,5.473372,4.9450253984564325,0.5283466015435678
57,5.4728813,4.93096194726167,0.5419193527383301
58,5.478122,4.920518609631259,0.5576033903687412
59,5.4783173,4.90649800498659,0.5718192950134098
60,5.4729013,4.894364588035042,0.5785367119649578
61,5.4518266,4.868997381961286,0.5828292180387145
62,5.4282827,4.844142198148558,0.5841405018514418
63,5.4032965,4.819887575024339,0.5834089249756609
64,5.377354,4.796303726873555,0.5810502731264453
65,5.3509464,4.773441173236546,0.5775052267634537
66,5.324559,4.751329934151348,0.5732290658486514
67,5.298672,4.729979476039267,0.568692523960733
68,5.273771,4.709379576124337,0.5643914238756631
69,5.25034,4.689502223761977,0.5608377762380226
70,5.228864,4.670304600003168,0.5585593999968319
71,5.2098293,4.651733082098914,0.5580962179010864
72,5.1937194,4.633728120167153,0.5599912798328468
73,5.1810217,4.616229742008809,0.5647919579911909
74,5.172219,4.599183370492022,0.5730356295079782
75,5.167797,4.582545594254609,0.5852514057453915
76,5.170468,4.566289520959411,0.6041784790405886
77,5.1756096,4.55040936316317,0.6252002368368297
78,5.1805277,4.5349239566228565,0.6456037433771433
79,5.1852274,4.51987898342717,0.6653484165728294
80,5.189713,4.505347759878255,0.6843652401217453
81,5.19399,4.491430543006996,0.7025594569930043
82,5.198064,4.478252401150485,0.7198115988495148
83,5.201938,4.4659597739952925,0.7359782260047076
84,5.2056193,4.461829316454151,0.7437899835458497
85,5.209111,4.4599222494221875,0.7491887505778125
86,5.2124195,4.454144357400558,0.7582751425994418
87,5.2155485,4.449990084980649,0.7655584150193508
88,5.2185035,4.447562680839166,0.7709408191608338
89,5.22129,4.447152116673151,0.7741378833268486
90,5.2239122,4.449724487249831,0.7741877127501686
91,5.2263756,4.456281225241302,0.7700943747586981
92,5.228685,4.466495292281695,0.7621897077183046
93,5.2308455,4.478933450011988,0.7519120499880119
94,5.2328615,4.494323516579543,0.7385379834204571
95,5.2347383,4.508752283991173,0.725986016008827
96,5.236481,4.522791637244474,0.7136893627555265
97,5.2380953,4.538269904634089,0.6998253953659113
98,5.239585,4.5546587715494375,0.6849262284505624
99,5.240955,4.572641546195456,0.6683134538045437
100,5.2422113,4.5919655974552445,0.6502457025447557
101,5.243358,4.6119938077945255,0.6313641922054742
102,5.2444005,4.632432065297478,0.611968434702522
103,5.2453437,4.652821923052859,0.5925217769471409
104,5.2461925,4.672987924049491,0.5732045759505091
105,5.2469516,4.693390887965014,0.5535607120349857
106,5.2476263,4.7123482062688655,0.5352780937311348
107,5.248222,4.730876205797906,0.517345794202094
108,5.248743,4.74794176729909,0.5008012327009101
109,5.2491946,4.763306534029068,0.4858880659709319
110,5.2495813,4.7761561616866235,0.4734251383133765
111,5.249909,4.787460863631271,0.46244813636872895
112,5.2501817,4.795650396306934,0.4545313036930656
113,5.250405,4.801814524539308,0.44859047546069153
114,5.250583,4.805675870300175,0.4449071296998248
115,5.250722,4.80720379355651,0.44351820644348994
116,5.250826,4.806197353771306,0.44462864622869436
117,5.2509003,4.803070552597673,0.4478297474023263
118,5.2509494,4.797591276724165,0.4533581232758346
119,5.2509794,4.790245041955093,0.46073435804490703
120,5.250994,4.781097126159565,0.469896873840435
121,5.250999,4.770025429701781,0.48097357029821897
122,5.2554135,4.758094061170903,0.49731943882909757
123,5.2569633,4.74575753136629,0.5112057686337099
124,5.2506614,4.736715167429162,0.5139462325708379
125,5.240414,4.731401286544125,0.5090127134558751
126,5.224087,4.726611745054807,0.4974752549451926
127,5.1947227,4.716766246417605,0.4779564535823946
128,5.1540112,4.709663889993793,0.444347310006207
129,5.1084604,4.694749824368851,0.413710575631149
130,5.062199,4.665581147374666,0.3966178526253339
131,5.018514,4.637427599613253,0.3810864003867467
132,4.979855,4.61034468992836,0.3695103100716395
133,4.942494,4.584368801957719,0.3581251980422806
134,4.9047995,4.559518156234315,0.3452813437656852
135,4.865392,4.535793984947444,0.32959801505255637
136,4.826461,4.513181932144329,0.31327906785567095
137,4.7934747,4.491653730262483,0.30182096973751715
138,4.769539,4.47116922651245,0.29836977348754967
139,4.752449,4.451678832461786,0.3007701675382144
140,4.7386703,4.433126445136217,0.30554385486378255
141,4.731419,4.415452841323271,0.31596615867672906
142,4.7237253,4.398599486023279,0.3251258139767206
143,4.7204022,4.382512631016185,0.3378895689838144
144,4.719723,4.36714752055282,0.3525754794471805
145,4.7209296,4.352472477111159,0.3684571228888407
146,4.725304,4.3384726172351,0.3868313827649006
147,4.7304974,4.325152948707485,0.40534445129251484
148,4.735865,4.312540625437321,0.4233243745626796
149,4.7414055,4.300686182363406,0.440719317636594
150,4.747117,4.289663634199707,0.4574533658002933
151,4.7529964,4.279569392568553,0.4734270074314466
152,4.7590427,4.270520029249474,0.4885226707505259
153,4.7652526,4.2806609767110295,0.48459162328897065
154,4.771625,4.2924183474144995,0.47920665258550077
155,4.7781577,4.2925231351045925,0.4856345648954079
156,4.7848477,4.293897810455624,0.49094988954437646
157,4.7916937,4.299432111031681,0.4922615889683186
158,4.7986937,4.306250660982214,0.4924430390177861
159,4.805845,4.313329880544212,0.4925151194557875
160,4.813145,4.321378872258032,0.4917661277419674
161,4.820593,4.3339000665606076,0.48669293343939213
162,4.828186,4.349477695230716,0.4787083047692837
163,4.835922,4.365874141036162,0.47004785896383794
164,4.8437986,4.383389895037956,0.46040870496204445
165,4.8518143,4.4013862896268785,0.4504280103731215
166,4.8599663,4.420514338189497,0.4394519618105033
167,4.868253,4.442219352746152,0.4260336472538482
168,4.8766727,4.46497002170122,0.4117026782987807
169,4.885222,4.488997504032993,0.39622449596700715
170,4.8939,4.51480043358196,0.37909956641804055
171,4.9027033,4.5424305478376885,0.36027275216231125
172,4.911631,4.57174578242765,0.33988521757235013
173,4.9206805,4.603133268314951,0.3175472316850483
174,4.9298496,4.634891117177471,0.2949584828225289
175,4.939136,4.6672469597883435,0.27188904021165694
176,4.9485383,4.7015715319433395,0.2469667680566605
177,4.9580536,4.734292317664308,0.22376128233569226
178,4.96768,4.7700791394509565,0.19760086054904313
179,4.977416,4.80616583617845,0.17125016382154978
180,4.9872584,4.838322663396215,0.1489357366037849
181,4.9972057,4.872866801921198,0.12433889807880227
182,5.007256,4.901952649050628,0.10530335094937193
183,5.017407,4.929958663859372,0.08744833614062841
184,5.027656,4.956638173094972,0.07101782690502834
185,5.0380015,4.981563910039735,0.05643758996026538
186,5.0484414,5.00516352818616,0.043277871813839575
187,5.058973,5.026464489941912,0.03250851005808819
188,5.069595,5.045951848349195,0.02364315165080466
189,5.0803046,5.069680378746248,0.010624221253752175
190,5.091103,5.083123777653094,0.007979222346905956
191,5.1019883,5.100077803782494,0.0019104962175067186
192,5.112955,5.107444002114742,0.0055109978852581065
193,5.1240015,5.112171354286059,0.011830145713941143
194,5.135125,5.114515929046218,0.020609070953782727
195,5.146324,5.1159810680596784,0.03034293194032145
196,5.157596,5.1182336261700865,0.039362373829913366
197,5.168939,5.119205914958816,0.04973308504118368
198,5.1803513,5.133744049132863,0.046607250867136685
199,5.1918297,5.138854852730479,0.052974847269521064
200,5.2033734,5.1166220540432885,0.08675134595671175
201,5.2149787,5.093681299830559,0.1212974001694409
202,5.226645,5.070159302444667,0.15648569755533348
203,5.2383695,5.046186640976251,0.19218285902374888
204,5.2501497,5.02189508949163,0.22825461050836982
205,5.2619843,4.997414991898024,0.26456930810197576
206,5.273871,4.972872772684936,0.30099822731506354
207,5.278511,4.948388669737686,0.33012233026231375
208,5.2470202,4.92407476632139,0.3229454336786093
209,5.19669,4.900033385511547,0.2966566144884535
210,5.130816,4.876355893341146,0.2544601066588541
211,5.054049,4.853121937919432,0.20092706208056832
212,4.968945,4.830399131466973,0.13854586853302653
213,4.8707657,4.808243161197586,0.06252253880241376
214,4.792634,4.786698294213788,0.00593570578621172
215,4.727924,4.765798222598823,-0.03787422259882334
216,4.665557,4.745567179556665,-0.08001017955666523
217,4.6052246,4.726021247478337,-0.12079664747833707
218,4.5474296,4.7071697752495565,-0.15974017524955642
219,4.4933615,4.689016825086115,-0.19565532508611483
220,4.443669,4.67156257787769,-0.2278935778776905
221,4.399291,4.654804638894252,-0.2555136388942518
222,4.3610654,4.6387392008367305,-0.2776738008367303
223,4.3293557,4.623362036669453,-0.29400633666945275
224,4.317567,4.608669308833882,-0.29110230883388155
225,4.318693,4.594658193178145,-0.2759651931781457
226,4.3209257,4.581327324668804,-0.2604016246688037
227,4.3242445,4.568677077636185,-0.24443257763618487
228,4.3286285,4.556709696327617,-0.2280811963276168
229,4.3340583,4.5454292925626625,-0.21137099256266279
230,4.3405128,4.534841727058653,-0.19432892705865346
231,4.347972,4.524954390224157,-0.17698239022415674
232,4.356415,4.515775897433099,-0.1593608974330989
233,4.3658214,4.51702478952389,-0.15120338952389023
234,4.3761716,4.518058749049769,-0.14188714904976862
235,4.387444,4.515661213653405,-0.12821721365340455
236,4.399619,4.51631994306588,-0.11670094306587941
237,4.4126763,4.514006343411495,-0.10133004341149476
238,4.426595,4.512633297920806,-0.08603829792080653
239,4.4490776,4.5118782783862255,-0.0628006783862256
240,4.474573,4.511453516240865,-0.0368805162408643
241,4.4989033,4.510989812083171,-0.012086512083170575
242,4.5220895,4.512257940343419,0.00983155965658078
243,4.5441537,4.515624934800618,0.028528765199381745
244,4.5651164,4.518355645822178,0.04676075417782233
245,4.5850005,4.523694833225789,0.0613056667742109
246,4.6038265,4.52746112290029,0.07636537709971059
247,4.6216173,4.531406093499562,0.09021120650043724
248,4.638393,4.535518824156958,0.10287417584304137
249,4.6541758,4.540187285225134,0.11398851477486627
250,4.6689873,4.545364258226708,0.12362304177329264
251,4.682849,4.55062487089875,0.13222412910125048
252,4.6957827,4.555881029320634,0.13990167067936543
253,4.707809,4.561972513799417,0.14583648620058298
254,4.7189493,4.567822087510465,0.1511272124895351
255,4.7292275,4.57643679962744,0.15279070037256037
256,4.7386637,4.584706293984371,0.15395740601562924
257,4.7472796,4.5928286237399565,0.15445097626004323
258,4.7550964,4.601354320986697,0.15374207901330283
259,4.7621365,4.608351811996179,0.15378468800382183
260,4.76842,4.615441393332868,0.1529786066671317
261,4.77397,4.622559097149063,0.1514109028509374
262,4.778807,4.630226124031279,0.1485808759687206
263,4.7829533,4.637727954606722,0.14522534539327836
264,4.78643,4.645657018611566,0.14077298138843375
265,4.789259,4.658741364542313,0.13051763545768758
266,4.791461,4.669060074330319,0.1224009256696812
267,4.793059,4.680280701560946,0.1127782984390544
268,4.794073,4.690333627114682,0.1037393728853182
269,4.794526,4.696105470023023,0.09842052997697692
270,4.784062,4.701727998663959,0.08233400133604096
271,4.7501755,4.707768257582381,0.04240724241761917
272,4.698276,4.7168741838022,-0.01859818380220002
273,4.635972,4.722295849645746,-0.08632384964574591
274,4.568824,4.732901504852759,-0.16407750485275852
275,4.5033765,4.738331112763019,-0.2349546127630191
276,4.441963,4.7425193539268875,-0.3005563539268872
277,4.3839927,4.746982015231532,-0.36298931523153133
278,4.3273206,4.750921509469927,-0.42360090946992646
279,4.2729797,4.754428168628486,-0.48144846862848656
280,4.221986,4.760088557380566,-0.538102557380566
281,4.1741843,4.763842880769711,-0.5896585807697106
282,4.1351275,4.769097778942067,-0.6339702789420665
283,4.1033792,4.77361828676363,-0.6702390867636296
284,4.079322,4.775902906950357,-0.6965809069503566
285,4.063969,4.779004041466431,-0.7150350414664306
286,4.056745,4.781205096377071,-0.7244600963770704
287,4.0575037,4.783282045330144,-0.7257783453301441
288,4.0655365,4.784913393816946,-0.7193768938169454
289,4.0787225,4.7856767613824065,-0.7069542613824069
290,4.097606,4.78695775579294,-0.6893517557929405
291,4.119642,4.787851116233581,-0.668209116233581
292,4.144757,4.788463257167855,-0.6437062571678549
293,4.1689277,4.788958721156981,-0.620031021156981
294,4.1924396,4.789307369458019,-0.5968677694580187
295,4.213964,4.789517100963242,-0.5755531009632424
296,4.2335467,4.789498520871343,-0.5559518208713436
297,4.2507367,4.789136144053273,-0.5383994440532733
298,4.2598305,4.788555461757806,-0.5287249617578063
299,4.266451,4.787722716325121,-0.5212717163251206
300,4.2715125,4.786617020389836,-0.5151045203898361
301,4.2753587,4.785305911395197,-0.5099472113951968
302,4.2783337,4.78381918279899,-0.5054854827989903
303,4.28078,4.78214244371858,-0.5013624437185804
304,4.2830415,4.780025178641708,-0.49698367864170745
305,4.285462,4.777592105025668,-0.4921301050256677
306,4.2883844,4.774819846240986,-0.48643544624098567
307,4.2921524,4.771620767661426,-0.4794683676614264
308,4.29711,4.768214209636643,-0.4711042096366427
309,4.3036,4.764455411882428,-0.4608554118824273
310,4.311966,4.7603576495015485,-0.44839164950154853
311,4.3225517,4.755966462578245,-0.43341476257824496
312,4.3579054,4.751372736210939,-0.3934673362109393
313,4.394053,4.746636871991708,-0.3525838719917074
314,4.4288282,4.741729547110084,-0.3129013471100839
315,4.4622555,4.736436865740583,-0.2741813657405823
316,4.494357,4.730728263623381,-0.236371263623381
317,4.525156,4.724649493579124,-0.19949349357912372
318,4.5546794,4.718582771478879,-0.16390337147887823
319,4.5829506,4.712417842145701,-0.12946724214570082
320,4.609994,4.706130075974952,-0.09613607597495122
321,4.635833,4.6992941077690915,-0.06346110776909164
322,4.660491,4.692481095485873,-0.03199009548587295
323,4.6839933,4.685898026312998,-0.001904726312997873
324,4.706363,4.679307180093646,0.027055819906353307
325,4.727624,4.6723371942427985,0.05528680575720113
326,4.747801,4.666238438341146,0.08156256165885356
327,4.7669168,4.660408746873327,0.10650805312667266
328,4.7849956,4.655108911383601,0.1298866886163994
329,4.802062,4.650103269501973,0.151958730498027
330,4.818139,4.645428344557178,0.17271065544282216
331,4.8332515,4.641386335417532,0.1918651645824685
332,4.8474226,4.637954587603542,0.2094680123964574
333,4.860677,4.635313451251859,0.2253635487481409
334,4.873038,4.633396193369659,0.23964180663034096
335,4.884529,4.632457744017378,0.2520712559826217
336,4.8951755,4.632292336473784,0.2628831635262161
337,4.9049997,4.633848926064067,0.27115077393593356
338,4.9140267,4.636720492168583,0.27730620783141724
339,4.9222803,4.639747366502532,0.28253293349746755
340,4.9297843,4.64324646372991,0.28653783627008966
341,4.936562,4.646971812276256,0.28959018772374456
342,4.942638,4.65171325904375,0.29092474095624965
343,4.948036,4.657115707255999,0.29092029274400133
344,4.9527802,4.662812226913744,0.2899679730862559
345,4.956894,4.668898361955294,0.2879956380447064
346,4.960402,4.674418956392036,0.2859830436079642
347,4.9633274,4.679997745512324,0.2833296544876758
348,4.965695,4.686082562303493,0.2796124376965068
349,4.9675274,4.692532092201282,0.2749953077987177
350,4.9688497,4.69931135238176,0.2695383476182398
351,4.9696856,4.706148763311964,0.2635368366880364
352,4.982773,4.717467511780377,0.26530548821962263
353,4.9985657,4.725119560229326,0.273446139770674
354,5.005627,4.7365603801988465,0.2690666198011531
355,5.005076,4.74411193273788,0.26096406726211985
356,4.999783,4.750217907281874,0.2495650927181261
357,4.988827,4.756001584949221,0.2328254150507787
358,4.973246,4.7621135895644615,0.2111324104355381
359,4.9551077,4.769733504668132,0.18537419533186839
360,4.9341345,4.7778181157619235,0.15631638423807637
361,4.9114633,4.786212344317035,0.12525095568296507
362,4.8865423,4.79423276878349,0.09230953121651009
363,4.864211,4.797908817827141,0.06630218217285933
364,4.8461075,4.80182403617322,0.04428346382677972
365,4.8342295,4.804698122821343,0.029531377178657614
366,4.825986,4.806749956903939,0.019236043096061195
367,4.8260202,4.811224962654612,0.014795237345388124
368,4.8268127,4.8146271393119715,0.012185560688028119
369,4.828056,4.817598026077711,0.010457973922289199
370,4.82973,4.820821206990717,0.008908793009283045
371,4.8318157,4.8196190978359565,0.01219660216404339
372,4.8342943,4.818036682342171,0.016257617657828405
373,4.837146,4.815863639808171,0.02128236019182861
374,4.840351,4.812951251757048,0.027399748242951993
375,4.8438907,4.809020824465314,0.03486987553468612
376,4.8477454,4.805145325947132,0.04260007405286803
377,4.851896,4.800678665481236,0.05121733451876409
378,4.856323,4.795309458338836,0.061013541661163906
379,4.8610053,4.789315902748186,0.07168939725181467
380,4.865927,4.7828035553426895,0.08312344465731059
381,4.871067,4.7761298841552025,0.09493711584479758
382,4.8764057,4.769100328723882,0.1073053712761185
383,4.8819246,4.761782614763915,0.12014198523608499
384,4.8876038,4.75426350688506,0.1333402931149399
385,4.8934236,4.74643032592767,0.14699327407233032
386,4.899365,4.738397945683141,0.16096705431685976
387,4.905409,4.730343347483095,0.17506565251690454
388,4.911536,4.72237035788718,0.18916564211281983
389,4.9177265,4.71434715622378,0.2033793437762199
390,4.9239616,4.706472638320406,0.21748896167959408
391,4.9302216,4.698813994941039,0.23140760505896107
392,4.9364867,4.691485842840245,0.24500085715975484
393,4.942739,4.684604060842666,0.2581349391573342
394,4.9489574,4.678165498993894,0.2707919010061062
395,4.955124,4.672081976725454,0.28304202327454586
396,4.961219,4.666558021087332,0.29466097891266774
397,4.9672227,4.661589623026731,0.3056330769732689
398,4.9731154,4.657044460523097,0.31607093947690323
399,4.9788795,4.652964066677535,0.3259154333224643
400,4.9844937,4.6494628219942475,0.33503087800575226
401,4.9899397,4.646612572938801,0.3433271270611993
402,4.995198,4.644335650526678,0.3508623494733225
403,5.000249,4.642496505817834,0.3577524941821659
404,5.005074,4.640860007813498,0.3642139921865013
405,5.0096526,4.639617175202527,0.3700354247974733
406,5.0139666,4.638998337833141,0.37496826216685886
407,5.0179963,4.638462583304048,0.3795337166959518
408,5.021722,4.638495187959351,0.38322681204064857
409,5.0251245,4.639282275334419,0.3858422246655815
410,5.0281844,4.642464021119775,0.38572037888022503
411,5.030883,4.643070828424911,0.3878121715750895
412,5.0332,4.644957240577822,0.38824275942217756
413,5.0351167,4.644525962949696,0.3905907370503039
414,5.036613,4.644167732078153,0.39244526792184686
415,5.037671,4.643991078112738,0.3936799218872613
416,5.0382705,4.643755407751588,0.39451509224841264
417,5.0363183,4.643197819297129,0.393120480702871
418,5.016198,4.643279750002623,0.3729182499973769
419,4.9903345,4.648403286540146,0.341931213459854
420,4.9613037,4.647652558685904,0.31365114131409655
421,4.924905,4.65210527651405,0.2727997234859503
422,4.884722,4.651880150420035,0.23284184957996512
423,4.8404202,4.650211424416401,0.1902087755835984
424,4.7923584,4.648740507109951,0.14361789289004978
425,4.7450995,4.647428656603417,0.0976708433965836
426,4.699392,4.647425292598683,0.05196670740131637
427,4.66076,4.65222984708971,0.008530152910290134
428,4.627805,4.654279611735834,-0.026474611735833875
429,4.6030307,4.66061979991451,-0.057589099914510555
430,4.5817456,4.662188174310628,-0.08044257431062807
431,4.5669165,4.665150356989902,-0.09823385698990261
432,4.5560813,4.667977903039748,-0.11189660303974858
433,4.550994,4.670702174352461,-0.11970817435246062
434,4.547093,4.676424606418131,-0.12933160641813046
435,4.538254,4.681480362670366,-0.14322636267036604
436,4.522428,4.688625293878578,-0.16619729387857873
437,4.5034146,4.695955386367115,-0.1925407863671147
438,4.4818015,4.700563526467678,-0.21876202646767773
439,4.470698,4.705987608943299,-0.2352896089432992
440,4.47154,4.709933240519381,-0.2383932405193807
441,4.4779716,4.71318202190413,-0.23521042190412977
442,4.4882507,4.715364330604773,-0.22711363060477296
443,4.495009,4.716766272036064,-0.2217572720360641
444,4.4955726,4.717601681245592,-0.22202908124559162
445,4.4961863,4.717486836526853,-0.22130053652685344
446,4.4968767,4.716059840532106,-0.21918314053210608
447,4.4976716,4.713578844495454,-0.21590724449545373
448,4.498599,4.709582013720321,-0.21098301372032147
449,4.499686,4.704773902520435,-0.20508790252043507
450,4.5009594,4.698975288256442,-0.19801588825644156
451,4.5024476,4.692282480149084,-0.18983488014908367
452,4.5041776,4.6845870889060235,-0.18040948890602326
453,4.5061765,4.675757653651224,-0.16958115365122417
454,4.508472,4.665633935113472,-0.15716193511347143
455,4.511092,4.655224732826404,-0.14413273282640393
456,4.5140634,4.644846442603449,-0.13078304260344886
457,4.5174136,4.633599727391297,-0.11618612739129652
458,4.52117,4.622193980452717,-0.10102398045271688
459,4.5253606,4.61132337989194,-0.08596277989193979
460,4.530012,4.600446125123454,-0.07043412512345348
461,4.5351524,4.590235499872677,-0.05508309987267701
462,4.5408087,4.580606957022922,-0.03979825702292139
463,4.5470085,4.570358677637667,-0.023350177637667002
464,4.5537796,4.560738352585571,-0.006958752585570771
465,4.5611486,4.55189536319899,0.00925323680101009
466,4.569144,4.543644591522073,0.025499408477926977
467,4.5777917,4.536053493885493,0.041738206114506404
468,4.5871205,4.5309207469882535,0.05619975301174662
469,4.5971575,4.545984595305759,0.05117290469424063
470,4.60793,4.556351425111008,0.051578574888991646
471,4.619466,4.542732734523678,0.07673326547632175
472,4.6317916,4.530653781818708,0.10113781818129208
473,4.6449356,4.520062780625693,0.12487281937430694
474,4.6589246,4.510897595206064,0.14802700479393582
475,4.6737857,4.50308702063019,0.17069867936980998
476,4.689548,4.496552073829525,0.19299592617047523
477,4.706237,4.4912073237717385,0.2150296762282613
478,4.7238812,4.486962278367793,0.23691892163220718
479,4.742508,4.483722830156089,0.258785169843911
480,4.7621446,4.481392746201604,0.28075185379839596
481,4.782818,4.479875173272864,0.30294282672713546
482,4.804557,4.479074119107958,0.325482880892042
483,4.8273873,4.478895864926951,0.3484914350730488
484,4.851337,4.479250262962029,0.37208673703797057
485,4.8764343,4.4800518752775975,0.39638242472240215
486,4.896706,4.492463570506488,0.40424242949351186
487,4.9157214,4.506492529467019,0.4092288705329805
488,4.9336495,4.513830916625626,0.41981858337437394
489,4.951903,4.521064594363886,0.43083840563611364
490,4.969538,4.531877039584099,0.43766096041590075
491,4.986399,4.548644546231918,0.43775445376808175
492,5.0023313,4.568580566640158,0.43375073335984204
493,5.017181,4.577308359957227,0.4398726400427728
494,5.030791,4.5803025308446035,0.4504884691553963
495,5.043007,4.583024781186135,0.4599822188138649
496,5.053675,4.585488023662382,0.4681869763376181
497,5.062639,4.58783767288954,0.47480132711045986
498,5.069744,4.589796855532398,0.47994714446760245
499,5.074836,4.592168816013917,0.48266718398608344
500,5.0777583,4.594484088037918,0.4832742119620823
501,5.050341,4.596109289936196,0.45423171006380425
502,4.9302683,4.597525097188711,0.33274320281128844
503,4.8131766,4.598746747295303,0.21442985270469705
504,4.701804,4.600708531174841,0.10109546882515907
505,4.5965815,4.602251987680699,-0.005670487680698777
506,4.495502,4.603128650197921,-0.10762665019792106
507,4.4007864,4.6038733723426795,-0.20308697234267914
508,4.3116617,4.604359635449915,-0.2926979354499144
509,4.2302027,4.604883185511985,-0.37468048551198496
510,4.1577353,4.6054579550007,-0.4477226550007005
511,4.095443,4.605717744263893,-0.5102747442638922
512,4.0423074,4.605772094175699,-0.5634646941756989
513,3.9943836,4.605981738858501,-0.6115981388585014
514,3.9573712,4.606226616580167,-0.648855416580167
515,3.925162,4.606572427949701,-0.6814104279497015
516,3.900458,4.606959394143794,-0.7065013941437939
517,3.884833,4.607478793625709,-0.7226457936257087
518,3.870855,4.6079646883681615,-0.7371096883681614
519,3.8693378,4.608679490381856,-0.7393416903818566
520,3.876552,4.609511375696814,-0.7329593756968134
521,3.88962,4.6103795717683695,-0.7207595717683697
522,3.9068778,4.611500484574276,-0.704622684574276
523,3.9283807,4.612959347642038,-0.6845786476420379
524,3.9474008,4.614876514761568,-0.6674757147615682
525,3.9704425,4.617101998159387,-0.6466594981593872
526,3.9905756,4.619743794559398,-0.6291681945593983
527,4.0082254,4.6225478186206495,-0.6143224186206497
528,4.0262656,4.625512149031376,-0.5992465490313759
529,4.0402308,4.628831644414003,-0.5886008444140032
530,4.0550036,4.632714317312335,-0.5777107173123346
531,4.0714087,4.637479851455453,-0.5660711514554526
532,4.0886207,4.642245973117971,-0.5536252731179712
533,4.1058435,4.646774200450945,-0.5409307004509456
534,4.1239233,4.655189623705872,-0.5312663237058715
535,4.1449137,4.662470911059876,-0.5175572110598763
536,4.167739,4.669790847818719,-0.502051847818719
537,4.1890574,4.67756046919426,-0.4885030691942598
538,4.20897,4.6813824005355595,-0.47241240053555966
539,4.227579,4.685081216966818,-0.4575022169668177
540,4.2449865,4.689277639829547,-0.4442911398295468
541,4.2612934,4.693671634384062,-0.4323782343840623
542,4.276602,4.698442471579672,-0.42184047157967264
543,4.2910137,4.704713427266563,-0.4136997272665637
544,4.3046303,4.712353838767866,-0.4077235387678657
545,4.3175535,4.718071901888384,-0.40051840188838383
546,4.329885,4.7254357520018715,-0.3955507520018715
547,4.341727,4.731479702309101,-0.3897527023091012
548,4.35318,4.736216492454538,-0.3830364924545382
549,4.364347,4.740926660194808,-0.3765796601948077
550,4.375329,4.747202767781566,-0.3718737677815662
551,4.386228,4.753183931594188,-0.3669559315941884
552,4.3971457,4.75953395981286,-0.3623882598128594
553,4.408184,4.767377080484046,-0.3591930804840455
554,4.419444,4.7717572772284855,-0.35231327722848516
555,4.4310284,4.774945983665805,-0.3439175836658048
556,4.443038,4.778283686204923,-0.33524568620492357
557,4.4555745,4.7812347263576145,-0.3256602263576145
558,4.46874,4.783811996932982,-0.31507199693298205
559,4.482637,4.788123002758886,-0.3054860027588857
560,4.497366,4.790562240633305,-0.2931962406333044
561,4.5130286,4.794231667050763,-0.2812030670507628
562,4.5297275,4.796271650882206,-0.26654415088220595
563,4.547564,4.795109798008418,-0.24754579800841725
564,4.5666394,4.794717678740436,-0.22807827874043607
565,4.587056,4.791829561497459,-0.2047735614974595
566,4.6089153,4.7880479554276105,-0.17913265542761092
567,4.6323185,4.783389808973004,-0.15107130897300358
568,4.6573677,4.7777115298993476,-0.12034382989934755
569,4.684165,4.770927138228987,-0.08676213822898671
570,4.712811,4.763036982828485,-0.05022598282848456
571,4.744023,4.75395807033739,-0.009935070337389718
572,4.76769,4.743809280764346,0.02388071923565427
573,4.785191,4.732596840954002,0.05259415904599862
574,4.8025827,4.720528818811053,0.08205388118894774
575,4.818004,4.707578924276529,0.11042507572347127
576,4.8311396,4.693613381694881,0.13752621830511913
577,4.840442,4.679084979591734,0.16135702040826594
578,4.843148,4.6639350055130135,0.1792129944869867
579,4.838885,4.648370309427981,0.19051469057201942
580,4.8268533,4.632523079651832,0.19433022034816805
581,4.808948,4.616347002752537,0.19260099724746294
582,4.788854,4.600132897164967,0.18872110283503307
583,4.7717185,4.58386822232408,0.18785027767592055
584,4.7571597,4.567712918837265,0.18944678116273472
585,4.75045,4.5519102817264585,0.19853971827354133
586,4.750573,4.536548135589008,0.2140248644109919
587,4.750858,4.521635962868243,0.22922203713175726
588,4.7513223,4.507095758154594,0.24422654184540615
589,4.751984,4.493150110758059,0.2588338892419415
590,4.75286,4.47998477461123,0.27287522538876985
591,4.7539682,4.467512788723462,0.2864554112765383
592,4.755326,4.455960172250273,0.2993658277497273
593,4.75695,4.445241528205505,0.31170847179449446
594,4.758858,4.435215595167986,0.3236424048320137
595,4.7610683,4.426016028591332,0.3350522714086681
596,4.7635975,4.4176973684481755,0.34590013155182486
597,4.7664633,4.410367819588325,0.3560954804116747
598,4.769683,4.403965143005749,0.36571785699425075
599,4.7732735,4.398395705745447,0.37487779425455336
600,4.7836556,4.393719680533471,0.38993591946652906
601,4.7958107,4.389852172780974,0.4059585272190258
602,4.807505,4.38690948717069,0.4205955128293102
603,4.81875,4.384864864590963,0.43388513540903695
604,4.8295555,4.383605836142803,0.4459496638571965
605,4.8399324,4.383064391738058,0.4568680082619423
606,4.8498907,4.383190464946805,0.466700235053195
607,4.859441,4.384059422763919,0.47538157723608165
608,4.8685937,4.385720910727696,0.4828727892723039
609,4.8773594,4.388103637427618,0.48925576257238124
610,4.885749,4.391165280175213,0.4945837198247869
611,4.8937726,4.394793258600496,0.4989793413995045
612,4.90144,4.399188939938389,0.502251060061611
613,4.908762,4.404224497535602,0.5045375024643981
614,4.91575,4.409770205442561,0.5059797945574394
615,4.9224143,4.432462821030571,0.48995147896942903
616,4.9287643,4.456045872932618,0.4727184270673819
617,4.9348116,4.463716978647257,0.4710946213527425
618,4.9405656,4.4720552200704216,0.46851037992957867
619,4.946038,4.480821910588104,0.4652160894118955
620,4.951238,4.4893591868152525,0.46187881318474755
621,4.956177,4.498220842485082,0.4579561575149187
622,4.960865,4.507756059646743,0.4531089403532569
623,4.965313,4.517427284799279,0.4478857152007212
624,4.9695306,4.52685968408109,0.4426709159189093
625,4.973529,4.537381333088656,0.436147666911344
626,4.9773183,4.547550782925838,0.42976751707416216
627,4.980909,4.55866658958424,0.42224241041575983
628,4.9843116,4.56964765185222,0.41466394814777985
629,4.987537,4.580878845283142,0.4066581547168573
630,4.990595,4.592051854597859,0.3985431454021411
631,4.9935293,4.603761118869856,0.3897681811301439
632,4.996363,4.615674275879485,0.3806887241205148
633,4.9989777,4.628603186269514,0.3703745137304866
634,5.0014668,4.642621546139415,0.3588452538605855
635,5.003842,4.654571101017772,0.34927089898222796
636,5.0061126,4.667615615758799,0.33849698424120067
637,5.0082903,4.680148189912618,0.3281421100873816
638,5.0103855,4.693101051990634,0.3172844480093655
639,5.012408,4.70599773639575,0.30641026360425005
640,5.014368,4.719419492935268,0.2949485070647322
641,5.0162773,4.73249557730942,0.28378172269057966
642,5.018145,4.745610437286176,0.27253456271382337
643,5.0199823,4.758761461436814,0.2612208385631858
644,5.021799,4.771553875017577,0.25024512498242224
645,5.023607,4.784662554931237,0.23894444506876322
646,5.0254154,4.797453804814667,0.22796159518533265
647,5.027235,4.809977734447143,0.21725726555285707
648,5.0290766,4.822038256119156,0.20703834388084363
649,5.03095,4.833356435934016,0.1975935640659836
650,5.0328665,4.844570197404939,0.18829630259506125
651,5.0348363,4.855409714057198,0.17942658594280214
652,5.0368695,4.865585447807479,0.17128405219252052
653,5.038977,4.874692020899627,0.16428497910037265
654,5.041169,4.88285585010298,0.15831314989701983
655,5.043456,4.890331313575487,0.15312468642451282
656,5.045849,4.897003934782422,0.14884506521757768
657,5.0483575,4.90268415401275,0.1456733459872499
658,5.0509925,4.907598101861077,0.1433943981389234
659,5.0537643,4.911143918781239,0.14262038121876142
660,5.056684,4.91361598659426,0.14306801340574005
661,5.059761,4.915083471071265,0.1446775289287352
662,5.0448236,4.915490705632492,0.12933289436750783
663,5.0005264,4.914736335181223,0.08579006481877727
664,4.9334784,4.912696058023055,0.020782341976945062
665,4.8529096,4.909879320470845,-0.056969720470844365
666,4.7691846,4.905864782246107,-0.13668018224610723
667,4.6892624,4.900708532372049,-0.2114461323720498
668,4.6146383,4.894272376844847,-0.27963407684484665
669,4.5547214,4.8860156842333815,-0.3312942842333815
670,4.5071845,4.8768752936762585,-0.36969079367625834
671,4.471171,4.8662596623980265,-0.39508866239802654
672,4.443624,4.8537706597661066,-0.41014665976610676
673,4.4219947,4.839738201462365,-0.4177435014623647
674,4.407047,4.823723766640633,-0.4166767666406326
675,4.3960648,4.806604866514017,-0.41054006651401664
676,4.3904147,4.788212201026168,-0.39779750102616784
677,4.392079,4.768632475209094,-0.37655347520909377
678,4.39597,4.748169285078065,-0.35219928507806486
679,4.4049234,4.726243073868992,-0.32131967386899163
680,4.417333,4.70347658688337,-0.2861435868833695
681,4.4286094,4.679803508091768,-0.25119410809176834
682,4.442118,4.655542919266709,-0.2134249192667088
683,4.456448,4.630505714629084,-0.17405771462908426
684,4.4706235,4.603936176056535,-0.1333126760565344
685,4.4834366,4.577292057445824,-0.09385545744582391
686,4.4956765,4.550475346983162,-0.05479884698316173
687,4.5079336,4.5232560500947745,-0.015322450094774176
688,4.5189514,4.495627913227366,0.023323486772633295
689,4.5310817,4.467687841125114,0.06339385887488547
690,4.543832,4.439884900692773,0.10394709930722712
691,4.5569053,4.41210457572053,0.14480072427947022
692,4.570265,4.384516943012441,0.18574805698755892
693,4.5838737,4.357636639793434,0.2262370602065662
694,4.597696,4.331251014354079,0.26644498564592123
695,4.611693,4.306635674750156,0.30505732524984364
696,4.625829,4.283371826191904,0.34245717380809637
697,4.6400676,4.261020835628303,0.37904676437169726
698,4.654371,4.240114689638753,0.4142563103612469
699,4.6687026,4.220606152123007,0.4480964478769929
700,4.6830254,4.20279065323162,0.48023474676837985
701,4.6973033,4.187341392062452,0.5099619079375479
702,4.7114987,4.173829782426624,0.5376689175733755
703,4.7255754,4.161729281237207,0.5638461187627932
704,4.739496,4.15113515004975,0.5883608499502495
705,4.7532244,4.142528738225408,0.6106956617745913
706,4.7667227,4.135888651636223,0.6308340483637771
707,4.7799544,4.131406932609035,0.6485474673909657
708,4.792884,4.128550911308144,0.6643330886918557
709,4.8054724,4.1276262969329505,0.6778461030670497
710,4.817684,4.127668564656981,0.6900154353430192
711,4.8294826,4.12942797610901,0.7000546238909902
712,4.8408303,4.132886437740235,0.7079438622597651
713,4.8516903,4.137934675872244,0.7137556241277556
714,4.862026,4.144311640301074,0.7177143596989266
715,4.8718014,4.151090328769126,0.7207110712308742
716,4.880978,4.159572150718292,0.7214058492817079
717,4.88952,4.169269664790997,0.7202503352090028
718,4.897391,4.179364798453708,0.7180262015462917
719,4.9045534,4.190162771672037,0.7143906283279629
720,4.91097,4.201415135391572,0.7095548646084282
721,4.916605,4.214276665277292,0.7023283347227078
722,4.921421,4.228434346542286,0.692986653457714
723,4.925381,4.24272391990577,0.6826570800942298
724,4.9284487,4.257829656825641,0.6706190431743586
725,4.930587,4.271474817826726,0.6591121821732742
726,4.931759,4.287069649150686,0.6446893508493137
727,4.9248877,4.304519375502724,0.6203683244972762
728,4.8901486,4.32088745842454,0.5692611415754598
729,4.8326025,4.336678457854028,0.4959240421459725
730,4.760608,4.353026876574799,0.40758112342520114
731,4.6871424,4.372639848394788,0.31450255160521223
732,4.6205664,4.392150251506364,0.22841614849363623
733,4.562411,4.408997081932018,0.1534139180679821
734,4.5122323,4.4252433342728565,0.08698896572714343
735,4.4666543,4.440212055832313,0.026442244167687257
736,4.428322,4.4536958522002,-0.025373852200200275
737,4.395931,4.466098427666455,-0.07016742766645478
738,4.368015,4.4784148620422135,-0.11039986204221375
739,4.3430142,4.489602824088081,-0.14658862408808115
740,4.3228693,4.499957018807019,-0.17708771880701946
741,4.3053904,4.509857498535305,-0.20446709853530454
742,4.2933874,4.518594341168817,-0.22520694116881668
743,4.2828937,4.52699281667062,-0.24409911667062012
744,4.2757516,4.534569670691785,-0.25881807069178464
745,4.2715125,4.541730664953748,-0.2702181649537483
746,4.274597,4.5487532545288705,-0.2741562545288705
747,4.283857,4.555066571159969,-0.2712095711599689
748,4.297893,4.561260101540675,-0.2633671015406751
749,4.315399,4.566770164612013,-0.2513711646120127
750,4.335797,4.571971232609493,-0.23617423260949266
751,4.3564987,4.577025297298445,-0.22052659729844493
752,4.3781943,4.581328734612461,-0.20313443461246106
753,4.399792,4.585635772512661,-0.18584377251266115
754,4.4209137,4.58994109680441,-0.16902739680441048
755,4.4387217,4.594076682010653,-0.15535498201065234
756,4.4519577,4.598218047217918,-0.14626034721791736
757,4.455758,4.602380056677274,-0.14662205667727335
758,4.447637,4.606640759232469,-0.15900375923246912
759,4.425037,4.6108076831439275,-0.18577068314392786
760,4.3951807,4.614633070387593,-0.21945237038759302
761,4.364125,4.618370804883819,-0.2542458048838192
762,4.3343396,4.621750254528918,-0.28741065452891856
763,4.3054547,4.6248476377933345,-0.3193929377933342
764,4.2783303,4.627654484789725,-0.34932418478972505
765,4.2530007,4.629871688196657,-0.3768709881966563
766,4.1660275,4.631710985554593,-0.4656834855545924
767,4.0932803,4.6324684397473,-0.5391881397473002
768,4.0700192,4.634448974715629,-0.564429774715629
769,4.0707192,4.635715530928845,-0.564996330928845
770,4.0722837,4.637204040583223,-0.5649203405832228
771,4.0747395,4.639492867049215,-0.5647533670492155
772,4.0781155,4.641368605741229,-0.5632531057412287
773,4.082439,4.643227502720858,-0.5607885027208583
774,4.087738,4.644779059881057,-0.5570410598810573
775,4.094041,4.646415533278668,-0.5523745332786678
776,4.1013756,4.648349524675955,-0.5469739246759548
777,4.1097693,4.650145533669468,-0.540376233669468
778,4.119251,4.651890529006286,-0.5326395290062855
779,4.129847,4.65362231505118,-0.5237753150511804
780,4.1415873,4.65531117216359,-0.51372387216359
781,4.1544986,4.66017405077499,-0.5056754507749899
782,4.1686087,4.664705072579802,-0.4960963725798022
783,4.183946,4.665734006809165,-0.48178800680916556
784,4.2005386,4.666966724816754,-0.4664281248167539
785,4.2184143,4.6682667674478076,-0.4498524674478075
786,4.2376003,4.669743890651865,-0.43214359065186425
787,4.258126,4.670615218371492,-0.4124892183714923
788,4.2800174,4.671492679494452,-0.3914752794944514
789,4.3033047,4.672433400956785,-0.36912870095678496
790,4.3280134,4.6733771300593085,-0.34536373005930887
791,4.3541737,4.674443691021816,-0.3202699910218163
792,4.381812,4.6755328142908095,-0.29372081429080943
793,4.410957,4.678272375280596,-0.2673153752805959
794,4.441636,4.680874675475803,-0.2392386754758027
795,4.4738774,4.681578002856105,-0.2077006028561046
796,4.5077095,4.6823656181953295,-0.17465611819532967
797,4.5431595,4.682832603560838,-0.13967310356083829
798,4.580256,4.6835382770710945,-0.10328227707109416
799,4.6190257,4.684343995588258,-0.0653182955882583
800,4.6594987,4.684920513858017,-0.025421813858017117
801,4.7017,4.685594175232905,0.0161058247670951
802,4.7456603,4.686277656598294,0.059382643401705515
803,4.791406,4.687093404598253,0.10431259540174764
804,4.821775,4.687906401206431,0.13386859879356905
805,4.8006015,4.688554732015616,0.11204676798438395
806,4.7491174,4.6893848913974505,0.05973250860254975
807,4.67778,4.690301589261582,-0.012521589261581312
808,4.603072,4.691238872466856,-0.08816687246685628
809,4.538485,4.6921866095756775,-0.1537016095756778
810,4.4853005,4.6928913354464274,-0.2075908354464273
811,4.443073,4.693630526026542,-0.250557526026542
812,4.406672,4.694393202459988,-0.2877212024599878
813,4.3747897,4.695202616518226,-0.3204129165182259
814,4.3447223,4.6961340807696095,-0.35141178076960955
815,4.3158646,4.696977192656217,-0.38111259265621644
816,4.2901144,4.69773902152262,-0.40762462152261936
817,4.2718453,4.6984713083729845,-0.4266260083729847
818,4.263944,4.69925474895005,-0.43531074895004984
819,4.265031,4.700049990415115,-0.4350189904151156
820,4.2737656,4.700584073997379,-0.42681847399737904
821,4.289991,4.701078195341748,-0.4110871953417483
822,4.3072944,4.7015846912249275,-0.39429029122492754
823,4.3323464,4.701904393406767,-0.369557993406767
824,4.354632,4.7021131067350685,-0.34748110673506893
825,4.381377,4.702131565783972,-0.32075456578397255
826,4.4056525,4.701832674938034,-0.2961801749380335
827,4.426772,4.701299322139473,-0.2745273221394733
828,4.4315314,4.7005348475209985,-0.2690034475209986
829,4.4296856,4.69947143215129,-0.2697858321512898
830,4.4314194,4.698110848133451,-0.266691448133451
831,4.434322,4.6966061109457895,-0.26228411094578963
832,4.438345,4.694481167297635,-0.256136167297635
833,4.4434423,4.691985582351022,-0.2485432823510223
834,4.449566,4.689345400359741,-0.23977940035974132
835,4.4566684,4.686497423691193,-0.2298290236911935
836,4.464702,4.683770076650175,-0.21906807665017514
837,4.4736204,4.6811956359563585,-0.20757523595635874
838,4.483376,4.678854749169163,-0.19547874916916363
839,4.493921,4.676841275010898,-0.1829202750108978
840,4.5052075,4.675204846033546,-0.16999734603354621
841,4.5171895,4.674390015906974,-0.15720051590697448
842,4.529818,4.674537517193396,-0.14471951719339593
843,4.5430474,4.675543192183945,-0.13249579218394558
844,4.556829,4.677662153653273,-0.1208331536532734
845,4.571116,4.680984807937952,-0.10986880793795173
846,4.585861,4.685751020694291,-0.09989002069429098
847,4.6010165,4.691947564685967,-0.09093106468596712
848,4.616535,4.699684544150291,-0.08314954415029074
849,4.6323695,4.708811604675837,-0.07644210467583701
850,4.648473,4.719268771291905,-0.07079577129190451
851,4.6647964,4.731141110568443,-0.06634471056844315
852,4.6812944,4.744460798512039,-0.0631663985120392
853,4.697918,4.759361024518059,-0.061443024518059275
854,4.714621,4.775778405083813,-0.0611574050838124
855,4.7313557,4.793370064423007,-0.062014364423006896
856,4.748074,4.812030874899661,-0.06395687489966129
857,4.76473,4.831607937052653,-0.0668779370526531
858,4.781275,4.852012096725733,-0.07073709672573347
859,4.797662,4.873167548967957,-0.07550554896795703
860,4.8138437,4.894790384257932,-0.08094668425793206
861,4.829773,4.916888403578323,-0.08711540357832259
862,4.8454022,4.939335128152111,-0.0939329281521113
863,4.860684,4.962164542566465,-0.1014805425664651
864,4.875571,4.984781561206489,-0.10921056120648931
865,4.8900156,5.007481885184377,-0.11746628518437685
866,4.903971,5.029697840610155,-0.12572684061015504
867,4.91739,5.051889832707032,-0.13449983270703214
868,4.930224,5.073506984964226,-0.14328298496422587
869,4.9424267,5.094573371331192,-0.15214667133119164
870,4.9539504,5.11483584860974,-0.16088544860973997
871,4.964748,5.134292440560401,-0.16954444056040074
872,4.9747715,5.153139569089655,-0.17836806908965475
873,4.983974,5.170643716454784,-0.1866697164547837
874,4.992308,5.187174622055059,-0.19486662205505834
875,4.9997263,5.2028950459901075,-0.2031687459901077
876,5.0061817,5.216828016509417,-0.21064631650941745
877,5.0116262,5.229243904675385,-0.21761770467538444
878,5.0160127,5.240004885144533,-0.22399218514453256
879,5.019294,5.249080695528493,-0.2297866955284924
880,5.0214224,5.256177935206731,-0.2347555352067312
881,5.022351,5.261695849328821,-0.2393448493288215
882,5.022004,5.285531977211833,-0.2635279772118331
883,5.0126495,5.301627272116096,-0.28897777211609554
884,4.987537,5.29071664028576,-0.3031796402857605
885,4.953331,5.278499403379631,-0.3251684033796307
886,4.9034705,5.264974251505208,-0.3615037515052082
887,4.836888,5.250162273225184,-0.4132742732251842
888,4.759843,5.234107006584832,-0.47426400658483203
889,4.680648,5.216873755432325,-0.5362257554323255
890,4.6045065,5.198548174819268,-0.5940416748192678
891,4.533236,5.179234153844242,-0.6459981538442428
892,4.466316,5.159051058486935,-0.6927350584869352
893,4.405465,5.138130440741797,-0.7326654407417967
894,4.3461566,5.116612368746139,-0.7704557687461397
895,4.2968163,5.09464157708777,-0.7978252770877701
896,4.2533426,5.0723636675483315,-0.8190210675483316
897,4.217498,5.049921600353493,-0.8324236003534926
898,4.1952024,5.027452700376478,-0.8322503003764776
899,4.184205,5.005086361987926,-0.8208813619879258
900,4.184394,4.982942574888526,-0.7985485748885255
901,4.1895075,4.9611313189281265,-0.7716238189281261
902,4.200208,4.9397527977867695,-0.7395447977867695
903,4.2170954,4.918898408613487,-0.7018030086134868
904,4.2341833,4.898652285061333,-0.6644689850613332
905,4.249381,4.879093210119447,-0.6297122101194477
906,4.2639203,4.860296675526251,-0.5963763755262512
907,4.275662,4.8423368664808715,-0.5666748664808718
908,4.2873917,4.825288371678643,-0.5378966716786433
909,4.297894,4.809227455494492,-0.5113334554944915
910,4.3080454,4.794232776511117,-0.48618737651111665
911,4.314717,4.7803854892700475,-0.46566848927004756
912,4.321313,4.767768719077244,-0.44645571907724424
913,4.3222938,4.7564664485653205,-0.4341726485653208
914,4.312533,4.746561896117914,-0.43402889611791373
915,4.3038945,4.738135497926264,-0.43424099792626425
916,4.307139,4.7312626262201185,-0.42412362622011823
917,4.3126464,4.726011185962804,-0.4133647859628038
918,4.3202667,4.722439231744786,-0.4021725317447853
919,4.329849,4.720592737117196,-0.39074373711719534
920,4.3412414,4.720503631967584,-0.3792622319675836
921,4.3542933,4.722188201759391,-0.36789490175939044
922,4.368855,4.725645917569372,-0.35679091756937176
923,4.384774,4.73085873977828,-0.3460847397782798
924,4.401901,4.737790912684451,-0.33588991268445145
925,4.4200835,4.74638924360123,-0.32630574360123
926,4.439172,4.756583839214616,-0.3174118392146159
927,4.4590144,4.7682892548190825,-0.30927485481908246
928,4.4794602,4.795727819285806,-0.3162676192858056
929,4.5003595,4.825260644379112,-0.3249011443791119
930,4.52156,4.843800939237196,-0.3222409392371963
931,4.5429115,4.8635716832749,-0.3206601832749003
932,4.5642633,4.884234235378764,-0.3199709353787634
933,4.5854635,4.90567280435035,-0.32020930435034956
934,4.606363,4.927762356762367,-0.32139935676236675
935,4.6268086,4.950188725524404,-0.32338012552440354
936,4.6466517,4.97333873011226,-0.32668703011225997
937,4.66574,4.997171299434814,-0.3314312994348132
938,4.6839223,5.0202721569642605,-0.3363498569642607
939,4.7010493,5.042367257345711,-0.34131795734571035
940,4.716968,5.063483977138623,-0.3465159771386235
941,4.7315297,5.083455672465848,-0.3519259724658479
942,4.744582,5.1027371424020584,-0.35815514240205815
943,4.7559743,5.121607940714642,-0.3656336407146421
944,4.7655563,5.139647636780928,-0.37409133678092754
945,4.7731767,5.156323258973652,-0.38314655897365224
946,4.778684,5.172080555522771,-0.393396555522771
947,4.7819285,5.186952727158606,-0.40502422715860575
948,4.7811146,5.200443571758868,-0.4193289717588673
949,4.76075,5.212530078667296,-0.4517800786672961
950,4.7127676,5.222736148822537,-0.5099685488225365
951,4.648904,5.231420849669818,-0.5825168496698181
952,4.581837,5.238883809875489,-0.6570468098754887
953,4.508594,5.244335653003106,-0.7357416530031058
954,4.4072547,5.2475727263913985,-0.8403180263913983
955,4.387464,5.24916823243393,-0.8617042324339304
956,4.344006,5.260830584015309,-0.9168245840153091
957,4.299907,5.273270316801908,-0.9733633168019082
958,4.2548795,5.271450343060356,-1.0165708430603555
959,4.213111,5.256875659684528,-1.0437646596845287
960,4.1667643,5.240926763466589,-1.074162463466589
961,4.1163135,5.223655811137075,-1.1073423111370744
962,4.078792,5.205141375448431,-1.1263493754484308
963,4.0498495,5.185487549324015,-1.1356380493240152
964,4.0298014,5.164822310955009,-1.1350209109550091
965,4.0161242,5.143295212647347,-1.1271710126473469
966,4.0031247,5.121074477206194,-1.117949777206194
967,4.001781,5.098343601960996,-1.0965626019609953
968,4.001334,5.075297582329912,-1.0739635823299123
969,4.0069876,5.052138874342945,-1.0451512743429445
970,4.020073,5.029073219055511,-1.009000219055511
971,4.039106,5.006305451572359,-0.967199451572359
972,4.0594525,4.98403541376044,-0.9245829137604398
973,4.084632,4.962454082935665,-0.8778220829356647
974,4.1030145,4.941740019095439,-0.8387255190954397
975,4.1276045,4.922056220819925,-0.7944517208199251
976,4.152154,4.903547464937339,-0.7513934649373386
977,4.176342,4.886338187632582,-0.7099961876325818
978,4.200157,4.870530945187805,-0.670373945187805
979,4.2235928,4.856205471499994,-0.6326126714999942
980,4.2466373,4.843418327691186,-0.5967810276911862
981,4.2692833,4.832203117505838,-0.5629198175058381
982,4.2915206,4.822571221940307,-0.5310506219403068
983,4.313339,4.814512988913706,-0.5011739889137061
984,4.334732,4.807999299964226,-0.4732672999642258
985,4.355688,4.802983426925696,-0.4472954269256961
986,4.376199,4.799403087912408,-0.42320408791240816
987,4.3962545,4.797182613835225,-0.4009281138352243
988,4.4158463,4.796235143694141,-0.38038884369414117
989,4.434965,4.796464778170775,-0.36149977817077517
990,4.4536014,4.797768635300995,-0.34416723530099524
991,4.4717464,4.800038767683951,-0.3282923676839511
992,4.4893904,4.803163916171614,-0.3137735161716142
993,4.506524,4.80703108891148,-0.3005070889114805
994,4.5231385,4.81152696605023,-0.28838846605022983
995,4.5392246,4.816539138890071,-0.27731453889007085
996,4.5547724,4.821957197754299,-0.2671847977542994
997,4.569774,4.827673685469792,-0.25789968546979214
998,4.5842185,4.833584933609362,-0.24936643360936195
999,4.5980983,4.839591797002122,-0.24149349700212142
1000,4.611403,4.856747831742527,-0.24534483174252664
1001,4.6241236,4.874043317299628,-0.24991971729962792
1002,4.6362514,4.883164692253808,-0.24691329225380798
1003,4.6477766,4.89293558616505,-0.24515898616505005
1004,4.6586905,4.901900034157733,-0.2432095341577334
1005,4.668983,4.910684553653182,-0.2417015536531819
1006,4.6786456,4.920086788966214,-0.24144118896621336
1007,4.6876693,4.931255215041684,-0.2435859150416846
1008,4.696044,4.94017430296027,-0.24413030296027038
1009,4.703761,4.944562680821586,-0.24080168082158604
1010,4.7108107,4.949248758565757,-0.23843805856575706
1011,4.7171836,4.952410145628809,-0.23522654562880874
1012,4.722872,4.957684209769505,-0.23481220976950556
1013,4.7278657,4.9599402252998495,-0.23207452529984973
1014,4.7321553,4.958533033342705,-0.22637773334270506
1015,4.735732,4.956477108856126,-0.22074510885612675
1016,4.738586,4.955973011785228,-0.21738701178522835
1017,4.740709,4.95515236687109,-0.2144433668710901
1018,4.7420907,4.951061267318377,-0.20897056731837704
1019,4.742722,4.946481564283857,-0.20375956428385766
1020,4.7483683,4.941738947928345,-0.19337064792834457
1021,4.7512465,4.936207105263038,-0.18496060526303815
1022,4.7483335,4.930469000536645,-0.18213550053664473
1023,4.7432637,4.9242276303925125,-0.18096393039251257
1024,4.736198,4.917420294959681,-0.18122229495968067
1025,4.7272987,4.910188652535228,-0.18288995253522788
1026,4.7167253,4.902303696803264,-0.1855783968032636
1027,4.70464,4.894434785972242,-0.18979478597224198
1028,4.691203,4.886550470408706,-0.1953474704087066
1029,4.6765757,4.878856606497795,-0.20228090649779507
1030,4.6609197,4.871348029397641,-0.210428329397641
1031,4.6443954,4.864042707195065,-0.2196473071950651
1032,4.6271634,4.8571814701145755,-0.23001807011457576
1033,4.609386,4.850422656170626,-0.24103665617062653
1034,4.5912232,4.843684592226844,-0.25246139222684416
1035,4.5728364,4.836979178217518,-0.2641427782175185
1036,4.554387,4.830073156817458,-0.275686156817458
1037,4.536035,4.8235178712371924,-0.2874828712371924
1038,4.517943,4.816934812040136,-0.2989918120401365
1039,4.500271,4.810111857050257,-0.3098408570502569
1040,4.48318,4.80316656251757,-0.3199865625175704
1041,4.466831,4.795794374095986,-0.3289633740959861
1042,4.451386,4.788457732443507,-0.33707173244350663
1043,4.437005,4.781099424184184,-0.3440944241841839
1044,4.4271936,4.7734634155809,-0.3462698155809001
1045,4.4200025,4.765981041921872,-0.3459785419218724
1046,4.406928,4.758594845681905,-0.35166684568190565
1047,4.3954926,4.75127566846544,-0.35578306846544017
1048,4.3894086,4.744080254873468,-0.3546716548734681
1049,4.387851,4.7367968230091195,-0.34894582300911914
1050,4.389376,4.729902962599108,-0.34052696259910764
1051,4.3910227,4.722959984953278,-0.3319372849532787
1052,4.3945627,4.716060953365189,-0.32149825336518933
1053,4.3990946,4.709074004611473,-0.30997940461147344
1054,4.4065585,4.701672929195427,-0.29511442919542663
1055,4.415585,4.694541458932803,-0.27895645893280285
1056,4.42615,4.6870879923778155,-0.2609379923778157
1057,4.43705,4.679500395218471,-0.24245039521847112
1058,4.447973,4.671769307282234,-0.22379630728223354
1059,4.4569135,4.663606922004959,-0.20669342200495944
1060,4.4630857,4.65604951083269,-0.19296381083269054
1061,4.464969,4.648663469626604,-0.1836944696266043
1062,4.464036,4.640909588654922,-0.17687358865492175
1063,4.460689,4.633036290470153,-0.17234729047015307
1064,4.4552646,4.6250668565030635,-0.1698022565030639
1065,4.4511557,4.617316745458838,-0.16616104545883825
1066,4.451529,4.609573087607732,-0.15804408760773203
1067,4.4620705,4.60198588601189,-0.13991538601188935
1068,4.473465,4.594380169694622,-0.12091516969462202
1069,4.4855094,4.586615543698996,-0.1011061436989964
1070,4.49814,4.578981332909263,-0.08084133290926232
1071,4.5112915,4.571400504981484,-0.060109004981484304
1072,4.5249004,4.563831400091502,-0.038931000091501744
1073,4.538903,4.55644041100001,-0.01753741100000994
1074,4.553234,4.548918843421815,0.004315156578185153
1075,4.56783,4.541570655127171,0.02625934487282855
1076,4.5826263,4.534209280331349,0.04841701966865131
1077,4.597559,4.526836821429712,0.07072217857028829
1078,4.6125636,4.519348554679185,0.09321504532081448
1079,4.6275764,4.5119704759936825,0.1156059240063172
1080,4.642532,4.504894446231219,0.13763755376878084
1081,4.6573677,4.497827146806115,0.15954055319388516
1082,4.672018,4.490474948985658,0.18154305101434165
1083,4.6864195,4.483135850075873,0.20328364992412773
1084,4.7005076,4.475653379387056,0.22485422061294358
1085,4.714218,4.468467605331682,0.24575039466831772
1086,4.727487,4.461448996748578,0.26603800325142224
1087,4.74025,4.454577508001507,0.28567249199849254
1088,4.7524433,4.447705497428874,0.30473780257112626
1089,4.764002,4.44050837214381,0.3234936278561893
1090,4.7748613,4.4337900233879095,0.3410712766120909
1091,4.7849584,4.426597482502856,0.35836091749714427
1092,4.794228,4.420780312096558,0.3734476879034423
1093,4.802607,4.4144352140789636,0.3881717859210365
1094,4.81003,4.406862889722866,0.4031671102771339
1095,4.8164334,4.401214004991723,0.4152193950082772
1096,4.821753,4.393232823343791,0.42852017665620945
1097,4.8259244,4.385456535301712,0.440467864698288
1098,4.8288836,4.377645842340895,0.4512377576591051
1099,4.830566,4.369618339183042,0.4609476608169585
1100,4.8309655,4.361187299033167,0.4697782009668323
1101,4.8242297,4.352719181867923,0.4715105181320771
1102,4.8029685,4.343837761366477,0.45913073863352327
1103,4.7659454,4.334649387685886,0.43129601231411385
1104,4.7158704,4.325178792905715,0.3906916070942854
1105,4.659049,4.315767442294493,0.3432815577055077
1106,4.5998664,4.306531589988554,0.2933348100114461
1107,4.5489316,4.297424726541823,0.2515068734581778
1108,4.507287,4.288180098685346,0.21910690131465405
1109,4.474678,4.2784712898761965,0.19620671012380342
1110,4.4491525,4.268792456995092,0.18036004300490838
1111,4.4296527,4.259340097687774,0.1703126023122259
1112,4.4145584,4.250070562762009,0.1644878372379912
1113,4.4034753,4.241116712758561,0.1623585872414388
1114,4.3946695,4.232221817286443,0.16244768271355703
1115,4.3869834,4.22378255736361,0.1632008426363898
1116,4.383885,4.215510858215521,0.1683741417844793
1117,4.3840933,4.20769265732155,0.17640064267845013
1118,4.3843646,4.200602114189063,0.18376248581093702
1119,4.3788376,4.194284799217268,0.18455280078273173
1120,4.368342,4.188305485179052,0.18003651482094796
1121,4.3540564,4.182696293123984,0.17136010687601644
1122,4.339253,4.177446146695621,0.1618068533043795
1123,4.3310394,4.172901694968867,0.158137705031133
1124,4.324697,4.168968200713561,0.15572879928643868
1125,4.3291135,4.165847553845801,0.16326594615419943
1126,4.3352942,4.163562253637825,0.1717319463621747
1127,4.3392005,4.1619525709346465,0.17724792906535303
1128,4.33946,4.161077431534783,0.17838256846521716
1129,4.3380356,4.160745765819804,0.17728983418019606
1130,4.3356223,4.161077386871572,0.17454491312842801
1131,4.3311343,4.1621392168398215,0.16899508316017897
1132,4.3219504,4.163797878393467,0.15815252160653337
1133,4.3101726,4.1661955753833615,0.14397702461663808
1134,4.2959404,4.169168603443554,0.12677179655644633
1135,4.2774835,4.172778240307899,0.10470525969210076
1136,4.2556314,4.176832968092231,0.07879843190776903
1137,4.2311983,4.181437792772984,0.04976050722701597
1138,4.2050185,4.186901464934207,0.018117035065793097
1139,4.177916,4.192892711153927,-0.014976711153927624
1140,4.1507154,4.1994992465959395,-0.04878384659593937
1141,4.1242423,4.206661051046773,-0.08241875104677288
1142,4.099321,4.214188096211391,-0.11486709621139113
1143,4.0767803,4.222638353731673,-0.14585805373167293
1144,4.0574446,4.231464648659841,-0.1740200486598411
1145,4.042139,4.24095458616776,-0.1988155861677603
1146,4.031689,4.251359926249838,-0.21967092624983753
1147,4.02692,4.262139063661968,-0.235219063661968
1148,4.0443406,4.273340960579152,-0.2290003605791524
1149,4.0694456,4.284522617252891,-0.21507701725289152
1150,4.0960298,4.295965520389243,-0.19993572038924246
1151,4.123714,4.30778240546426,-0.1840684054642603
1152,4.152119,4.319413744973628,-0.16729474497362773
1153,4.1808634,4.3318917570083,-0.15102835700830042
1154,4.2095695,4.343781086595145,-0.13421158659514543
1155,4.237855,4.354624474100108,-0.11676947410010818
1156,4.2653418,4.3651182762569345,-0.09977647625693464
1157,4.291116,4.375753497376839,-0.08463749737683912
1158,4.3159003,4.386823193223047,-0.07092289322304701
1159,4.3384213,4.397317045232343,-0.05889574523234309
1160,4.360031,4.407440319230725,-0.047409319230724556
1161,4.382261,4.417099735417951,-0.03483873541795113
1162,4.4056363,4.426808089825911,-0.02117178982591028
1163,4.4292536,4.438294498384117,-0.009040898384117035
1164,4.4526815,4.450295215672723,0.002386284327276833
1165,4.4754863,4.45987351030266,0.015612789697340368
1166,4.4972334,4.469315483121359,0.02791791687864098
1167,4.517491,4.478424815672436,0.039066184327563924
1168,4.535821,4.487494910107031,0.04832608989296894
1169,4.5517917,4.496469900420408,0.055321799579592046
1170,4.5649686,4.5052490642786065,0.05971953572139377
1171,4.5749183,4.513702361287253,0.06121593871274733
1172,4.581207,4.523833224718427,0.05737377528157328
1173,4.5833993,4.533163502499411,0.05023579750058893
1174,4.5439997,4.540364880901885,0.0036348190981145834
1175,4.486463,4.547671342709722,-0.06120834270972253
1176,4.4225626,4.554849799460636,-0.13228719946063627
1177,4.3579974,4.56144507503319,-0.20344767503318995
1178,4.301534,4.567973820561586,-0.2664398205615859
1179,4.258199,4.574281569134189,-0.3160825691341884
1180,4.2266626,4.580311777035175,-0.35364917703517484
1181,4.207296,4.586169872640965,-0.3788738726409644
1182,4.1961856,4.591531681834408,-0.39534608183440856
1183,4.1926184,4.596596416296539,-0.4039780162965396
1184,4.187054,4.6013296558427035,-0.41427565584270365
1185,4.181245,4.605674719291622,-0.42442971929162265
1186,4.187828,4.6097704521207,-0.4219424521207005
1187,4.2040076,4.61373946435839,-0.40973186435839004
1188,4.230401,4.6175050269891935,-0.3871040269891939
1189,4.2605243,4.6210612844008585,-0.36053698440085835
1190,4.2926407,4.6245086505193935,-0.3318679505193938
1191,4.330706,4.627953492790964,-0.2972474927909641
1192,4.3532367,4.631318198783787,-0.27808149878378696
1193,4.3706217,4.63441308072686,-0.26379138072686015
1194,4.387824,4.637278656600149,-0.24945465660014854
1195,4.4047403,4.639965010262364,-0.23522471026236413
1196,4.422432,4.642349680312772,-0.21991768031277203
1197,4.4398956,4.64456709066767,-0.20467149066767032
1198,4.458557,4.646656950637484,-0.18809995063748453
1199,4.4761667,4.648437240184375,-0.1722705401843747
1200,4.4936,4.650147517190416,-0.15654751719041649
1201,4.511021,4.651653697082328,-0.14063269708232795
1202,4.5279794,4.6528493875996455,-0.12486998759964507
1203,4.5427694,4.65386768799509,-0.11109828799509014
1204,4.555425,4.654615726300666,-0.09919072630066594
1205,4.5657983,4.655167914469385,-0.08936961446938518
1206,4.575119,4.655427735052381,-0.08030873505238123
1207,4.582355,4.655434450398041,-0.07307945039804142
1208,4.5886035,4.6551720383597965,-0.06656853835979692
1209,4.595664,4.654697634750566,-0.05903363475056622
1210,4.602819,4.654089726294002,-0.051270726294001534
1211,4.610495,4.653275233286174,-0.042780233286173974
1212,4.6190205,4.652272566362243,-0.03325206636224287
1213,4.627443,4.651048273075857,-0.023605273075856914
1214,4.6358037,4.6498511786851555,-0.014047478685155212
1215,4.6440973,4.648422998726816,-0.004325698726815652
1216,4.6523194,4.646643295027573,0.005676104972426543
1217,4.660465,4.644720231538474,0.01574476846152617
1218,4.6685286,4.642674758350219,0.02585384164978155
1219,4.676506,4.640542997382699,0.03596300261730079
1220,4.6843925,4.638658891504188,0.045733608495812206
1221,4.692182,4.636852443469168,0.0553295565308316
1222,4.699871,4.634821829402143,0.06504917059785686
1223,4.7074537,4.632691788936321,0.07476191106367924
1224,4.714926,4.630634613729949,0.08429138627005095
1225,4.722282,4.628577831297057,0.09370416870294296
1226,4.729517,4.6267166584524855,0.10280034154751494
1227,4.736627,4.62490831873737,0.11171868126263007
1228,4.743606,4.623204379130447,0.12040162086955242
1229,4.75045,4.621603658692652,0.12884634130734796
1230,4.757154,4.620072543899428,0.13708145610057176
1231,4.7637124,4.618771258465706,0.14494114153429383
1232,4.7701206,4.617638002738678,0.15248259726132218
1233,4.7763743,4.61670428276538,0.15967001723461927
1234,4.782468,4.615929931283852,0.1665380687161475
1235,4.7883964,4.6152796726519165,0.17311672734808337
1236,4.7941556,4.614886869349183,0.17926873065081672
1237,4.7997403,4.614620418496231,0.1851198815037689
1238,4.8051457,4.614460922822394,0.1906847771776059
1239,4.810366,4.614340681599476,0.19602531840052428
1240,4.8153977,4.614321563466802,0.20107613653319856
1241,4.8202353,4.614444631005424,0.20579066899457654
1242,4.8248734,4.614680448146294,0.21019295185370623
1243,4.829308,4.6150649932666115,0.2142430067333887
1244,4.833534,4.615455156495847,0.21807884350415296
1245,4.8375454,4.615842985824789,0.22170241417521108
1246,4.8413386,4.616248334116201,0.2250902658837992
1247,4.844908,4.616583749609539,0.228324250390461
1248,4.8482494,4.6168251644424485,0.23142423555755176
1249,4.8513575,4.617578258763664,0.23377924123633598
1250,4.854227,4.617883286813961,0.23634371318603886
1251,4.856854,4.617791069930958,0.2390629300690419
1252,4.8592324,4.618298718040041,0.2409336819599588
1253,4.861358,4.618794164272086,0.24256383572791407
1254,4.8632264,4.619383700984168,0.24384269901583266
1255,4.8648314,4.619410504519036,0.24542089548096424
1256,4.866169,4.619034206461454,0.24713479353854595
1257,4.867234,4.617769795078188,0.24946420492181165
1258,4.8680224,4.616598213592566,0.25142418640743447
1259,4.8685274,4.615097356336465,0.25343004366353483
1260,4.868746,4.613342282919416,0.2554037170805836
1261,4.858953,4.611042307010916,0.24791069298908397
1262,4.839748,4.6082452165175045,0.23150278348249564
1263,4.807007,4.605116314442892,0.20189068555710765
1264,4.770789,4.601539765941693,0.16924923405830672
1265,4.7325406,4.597176458171807,0.13536414182819279
1266,4.7062826,4.59282605956131,0.11345654043868958
1267,4.682664,4.587963516628748,0.09470048337125192
1268,4.669112,4.583036446845327,0.0860755531546733
1269,4.6645226,4.57770486639467,0.08681773360533018
1270,4.6666303,4.571872885605745,0.09475741439425445
1271,4.6766586,4.565791426823157,0.11086717317684247
1272,4.684348,4.559565620958211,0.1247823790417888
1273,4.6898913,4.553160843146298,0.13673045685370244
1274,4.6920266,4.546574000924012,0.1454525990759885
1275,4.688942,4.540027071332551,0.14891492866744915
1276,4.673474,4.53373771348558,0.13973628651441938
1277,4.644538,4.5276012470785485,0.11693675292145134
1278,4.597981,4.521439961626854,0.07654103837314619
1279,4.56005,4.5152112539881335,0.04483874601186688
1280,4.5228925,4.508987496405841,0.013905003594159027
1281,4.484913,4.502979579754975,-0.01806657975497572
1282,4.4457626,4.497296351592905,-0.0515337515929053
1283,4.4061794,4.491942994838161,-0.08576359483816098
1284,4.366912,4.486950801590668,-0.12003880159066771
1285,4.3286986,4.482356865658427,-0.15365826565842688
1286,4.2922864,4.478332765022705,-0.18604636502270466
1287,4.2584033,4.474879656664188,-0.21647635666418807
1288,4.2277946,4.4719132568266735,-0.24411865682667333
1289,4.201208,4.469429203229218,-0.26822120322921794
1290,4.179382,4.467354598981499,-0.28797259898149896
1291,4.1630564,4.465717641510715,-0.30266124151071505
1292,4.152974,4.464599603815242,-0.3116256038152416
1293,4.151007,4.464339045047602,-0.31333204504760204
1294,4.1663804,4.4647438616450765,-0.2983634616450761
1295,4.184303,4.465580617350307,-0.2812776173503071
1296,4.2045093,4.467129615227137,-0.2626203152271369
1297,4.226736,4.469256917307552,-0.24252091730755243
1298,4.2507195,4.471838515710412,-0.22111901571041237
1299,4.276194,4.475458076737758,-0.1992640767377578
1300,4.302897,4.4790163074901495,-0.1761193074901497
1301,4.3305626,4.482545193556839,-0.15198259355683863
1302,4.3589272,4.486602139947888,-0.12767493994788826
1303,4.3877273,4.490926103063414,-0.10319880306341389
1304,4.416697,4.495574549336949,-0.07887754933694868
1305,4.4462576,4.499826953835737,-0.05356935383573713
1306,4.47527,4.503792998397414,-0.028522998397414234
1307,4.503135,4.507981369409178,-0.004846369409177598
1308,4.530103,4.51214934153242,0.017953658467580347
1309,4.5559087,4.516537873172018,0.039370826827981986
1310,4.580289,4.521899454625574,0.058389545374425644
1311,4.6029797,4.528337764382323,0.0746419356176764
1312,4.623161,4.53468231979565,0.08847868020435001
1313,4.642681,4.540478796370276,0.10220220362972388
1314,4.662959,4.54969488869305,0.11326411130694947
1315,4.683658,4.557299721527995,0.1263582784720052
1316,4.7044363,4.5629675808150125,0.1414687191849877
1317,4.724957,4.567572505747042,0.15738449425295808
1318,4.744883,4.5717895993828845,0.1730934006171152
1319,4.7638755,4.575890163517625,0.1879853364823756
1320,4.7815967,4.57987461759146,0.20172208240853973
1321,4.7977085,4.583609879647619,0.21409862035238092
1322,4.8118744,4.587242945871716,0.2246314541282839
1323,4.8237534,4.59264883523233,0.23110456476767016
1324,4.833009,4.597337900746775,0.23567109925322427
1325,4.839303,4.599304343692537,0.23999865630746342
1326,4.842297,4.600983970758312,0.24131302924168807
1327,4.8366265,4.602297595738023,0.23432890426197694
1328,4.812294,4.603360944211432,0.20893305578856758
1329,4.7689643,4.604247731090575,0.16471656890942565
1330,4.7189126,4.605516607284066,0.11339599271593404
1331,4.671708,4.606986882097958,0.06472111790204149
1332,4.6292105,4.607337364788782,0.021873135211218475
1333,4.6061106,4.606676136526492,-0.0005655365264916057
1334,4.5880475,4.605588384707918,-0.017540884707917925
1335,4.5755987,4.604155416089877,-0.0285567160898772
1336,4.5673175,4.602472647969215,-0.03515514796921515
1337,4.5588236,4.600519743398916,-0.04169614339891581
1338,4.5094247,4.598529923419806,-0.08910522341980531
1339,4.487429,4.596265163792569,-0.108836163792569
1340,4.4519415,4.593752082928549,-0.14181058292854853
1341,4.4162393,4.590995461239264,-0.17475616123926407
1342,4.383097,4.58809548770884,-0.20499848770883933
1343,4.363303,4.585102148072602,-0.22179914807260204
1344,4.3523602,4.582103508618081,-0.22974330861808134
1345,4.3559995,4.579029573532951,-0.2230300735329509
1346,4.3614044,4.576105482372511,-0.2147010823725113
1347,4.378272,4.573305249183187,-0.19503324918318743
1348,4.402154,4.570459322894459,-0.16830532289445888
1349,4.429596,4.56800756776939,-0.13841156776939023
1350,4.4572763,4.5655192867769525,-0.10824298677695232
1351,4.4812746,4.562799101837531,-0.08152450183753146
1352,4.4925046,4.560224463382884,-0.06771986338288372
1353,4.502801,4.557750579690029,-0.054949579690029005
1354,4.513241,4.555465966242501,-0.04222496624250116
1355,4.5238132,4.5538173921518705,-0.030004192151870335
1356,4.5345063,4.552267415852807,-0.017761115852806597
1357,4.5453095,4.5506476287840085,-0.005338128784008411
1358,4.556211,4.549123065583,0.0070879344170000635
1359,4.5672,4.547852161904614,0.01934783809538576
1360,4.578265,4.5467817665930825,0.0314832334069175
1361,4.589395,4.546118293818051,0.04327670618194901
1362,4.6005783,4.545541169041899,0.05503713095810081
1363,4.611804,4.54514386609331,0.0666601339066899
1364,4.623061,4.5451926078936244,0.07786839210637542
1365,4.634338,4.54558861694533,0.08874938305466973
1366,4.6456237,4.546254690346096,0.09936900965390372
1367,4.656906,4.547138452143447,0.10976754785655363
1368,4.668175,4.548203813526766,0.11997118647323379
1369,4.679419,4.549722992033386,0.12969600796661407
1370,4.6906266,4.551657911456799,0.13896868854320044
1371,4.7017865,4.55423555331743,0.14755094668256952
1372,4.712888,4.557103702733633,0.15578429726636767
1373,4.723919,4.56101103161027,0.16290796838973076
1374,4.7348685,4.565111017651034,0.16975748234896582
1375,4.745726,4.568407721913433,0.17731827808656764
1376,4.7564797,4.5721114275789185,0.18436827242108134
1377,4.767118,4.576025188972248,0.19109281102775189
1378,4.777631,4.580397591102449,0.19723340889755114
1379,4.7880054,4.5848423634747615,0.20316303652523882
1380,4.7982316,4.58936913304856,0.20886246695144006
1381,4.808298,4.594712210432111,0.21358578956788854
1382,4.818193,4.598836028378056,0.21935697162194412
1383,4.827905,4.603781624599336,0.22412337540066396
1384,4.8374243,4.607814862666562,0.22960943733343875
1385,4.8467383,4.61150149786087,0.23523680213912979
1386,4.8558364,4.614984465389418,0.24085193461058196
1387,4.8647065,4.618454458927025,0.2462520410729745
1388,4.8733387,4.621913933605197,0.2514247663948028
1389,4.8817205,4.625327840077314,0.25639265992268623
1390,4.8898416,4.628373234391806,0.2614683656081933
1391,4.89769,4.631244813757297,0.2664451862427031
1392,4.905255,4.633812182404446,0.27144281759555433
1393,4.9125247,4.636412861480453,0.27611183851954646
1394,4.919489,4.638822369755598,0.28066663024440164
1395,4.9261355,4.6407211466236555,0.28541435337634447
1396,4.9324536,4.642188963513855,0.2902646364861443
1397,4.938432,4.6431933157795715,0.2952386842204282
1398,4.9440594,4.6440460282712435,0.300013371728757
1399,4.9493246,4.645202823693817,0.3041217763061823
1400,4.954216,4.646159126590086,0.30805687340991383
1401,4.958723,4.645915506046663,0.3128074939533372
1402,4.962834,4.64587920949866,0.3169547905013399
1403,4.9665375,4.646297029579398,0.3202404704206021
1404,4.969823,4.645419583250161,0.3244034167498393
1405,4.972678,4.643875559485614,0.32880244051438634
1406,4.975093,4.6421641717892275,0.33292882821077274
1407,4.9770555,4.640319777511921,0.33673572248807826
1408,4.9785542,4.638277752686738,0.34027644731326134
1409,4.9795785,4.636256750434565,0.34332174956543504
1410,4.9801173,4.6341743992064375,0.3459429007935624
1411,4.9403663,4.631930959808766,0.30843534019123364
1412,4.8321204,4.629597108369522,0.20252329163047822
1413,4.70818,4.62743093544864,0.08074906455135977
1414,4.591363,4.62534052612045,-0.033977526120449575
1415,4.485494,4.623117185371238,-0.13762318537123797
1416,4.3691473,4.620943047174785,-0.2517957471747856
1417,4.281979,4.618947266872535,-0.33696826687253534
1418,4.213601,4.6171109881284185,-0.40350998812841876
1419,4.157925,4.6154738140023746,-0.4575488140023749
1420,4.109147,4.614031734490028,-0.5048847344900276
1421,4.071833,4.612854943873657,-0.5410219438736572
1422,4.0419793,4.61196811495125,-0.56998881495125
1423,4.0154037,4.6112990917536765,-0.5958953917536762
1424,3.9882889,4.610911065014908,-0.6226221650149077
1425,3.963307,4.610716359300767,-0.647409359300767
1426,3.9407916,4.610615027591477,-0.669823427591477
1427,3.920325,4.610791396948047,-0.6904663969480467
1428,3.9047885,4.611182249650871,-0.706393749650871
1429,3.8949597,4.61187445491503,-0.7169147549150305
1430,3.8939514,4.612733700050686,-0.7187823000506861
1431,3.8996646,4.613750868714617,-0.7140862687146172
1432,3.9120996,4.615050028843214,-0.7029504288432142
1433,3.927705,4.616460026146071,-0.6887550261460711
1434,3.9450183,4.6180882626104385,-0.6730699626104384
1435,3.9697375,4.619954670871228,-0.6502171708712279
1436,3.9938931,4.621846868518821,-0.6279537685188208
1437,4.01976,4.623581716306669,-0.603821716306669
1438,4.0446157,4.625271195008529,-0.5806554950085294
1439,4.0753317,4.626959907771539,-0.5516282077715395
1440,4.107829,4.629400879477151,-0.5215718794771513
1441,4.139911,4.632160648507859,-0.4922496485078591
1442,4.1714334,4.635058656606745,-0.46362525660674514
1443,4.202377,4.641761599602274,-0.43938459960227405
1444,4.2327237,4.6474339981355,-0.41471029813549976
1445,4.2624536,4.648129596610198,-0.3856759966101979
1446,4.2915487,4.648622368533727,-0.3570736685337268
1447,4.3199873,4.649211725987555,-0.3292244259875545
1448,4.3477535,4.64986379787918,-0.30211029787918076
1449,4.374827,4.650637765169774,-0.27581076516977454
1450,4.4011893,4.651339629216554,-0.2501503292165532
1451,4.4268208,4.652211727001284,-0.2253909270012846
1452,4.451703,4.653514415793753,-0.2018114157937525
1453,4.475817,4.658804144391166,-0.18298714439116548
1454,4.499143,4.664988457144542,-0.1658454571445418
1455,4.521663,4.667427908577366,-0.14576490857736601
1456,4.5433574,4.6684087069285765,-0.1250513069285768
1457,4.564208,4.66900607452037,-0.10479807452037004
1458,4.584194,4.669860291789225,-0.08566629178922458
1459,4.603298,4.670551012277026,-0.06725301227702651
1460,4.6215014,4.671266775093232,-0.049765375093232755
1461,4.638783,4.672845045605464,-0.034062045605463886
1462,4.655126,4.673821758810186,-0.01869575881018548
1463,4.6705103,4.6744844711451305,-0.003974171145130434
1464,4.684917,4.675480693067898,0.009436306932102845
1465,4.698327,4.676160421349651,0.022166578650349322
1466,4.7107215,4.6765654187714985,0.034156081228501556
1467,4.7220817,4.678398786716877,0.04368291328312335
1468,4.7323885,4.6793241087393636,0.053064391260636334
1469,4.7416224,4.680463751602549,0.06115864839745111
1470,4.749765,4.681306090331576,0.06845890966842383
1471,4.756797,4.6818977894205736,0.07489921057942617
1472,4.7626996,4.682200756183065,0.08049884381693495
1473,4.7674537,4.682566584062691,0.0848871159373088
1474,4.77104,4.6828534134277735,0.08818658657222667
1475,4.7708597,4.683250367586363,0.08760933241363666
1476,4.760826,4.683637382559594,0.07718861744040595
1477,4.737415,4.683834619799181,0.053580380200819455
1478,4.6996613,4.684098608292474,0.015562691707526
1479,4.6438456,4.68418761736618,-0.04034201736618037
1480,4.579578,4.684106699259268,-0.10452869925926844
1481,4.5108337,4.683739962587975,-0.1729062625879747
1482,4.448181,4.683022642224409,-0.23484164222440906
1483,4.389488,4.681796850161647,-0.2923088501616471
1484,4.332319,4.6805227301417505,-0.34820373014175043
1485,4.2818637,4.67867519439469,-0.3968114943946901
1486,4.2398734,4.675937444672701,-0.4360640446727011
1487,4.2070074,4.6723801999362555,-0.46537279993625535
1488,4.182349,4.667951799776668,-0.4856027997766681
1489,4.1660395,4.662705949085758,-0.4966664490857582
1490,4.15556,4.656496423197347,-0.5009364231973468
1491,4.145234,4.649118085222777,-0.5038840852227766
1492,4.140322,4.640601283642433,-0.500279283642433
1493,4.130601,4.630686150400457,-0.5000851504004569
1494,4.1211615,4.619357774005988,-0.49819627400598776
1495,4.1078134,4.606858440981499,-0.4990450409814988
1496,4.099121,4.593133095487858,-0.4940120954878582
1497,4.0956454,4.578210868256015,-0.48256546825601454
1498,4.096996,4.562158868816948,-0.46516286881694846
1499,4.1040854,4.545008170767355,-0.4409227707673553
1500,4.114257,4.527239916568166,-0.41298291656816577
1501,4.1291647,4.50886771109823,-0.37970301109823
1502,4.1490326,4.489858726664658,-0.34082612666465817
1503,4.1716866,4.470371835738778,-0.2986852357387777
1504,4.1960626,4.4504175110176565,-0.25435491101765617
1505,4.2198434,4.430297569042719,-0.21045416904271885
1506,4.2456884,4.410187048244716,-0.1644986482447166
1507,4.2681417,4.390163997154427,-0.1220222971544267
1508,4.288441,4.370204159421892,-0.08176315942189216
1509,4.3044105,4.350405790431076,-0.0459952904310752
1510,4.3193,4.331031919365683,-0.011731919365683297
1511,4.3318963,4.312116451586068,0.019779848413932655
1512,4.3418627,4.293738930471426,0.04812376952857367
1513,4.3503966,4.275954779141171,0.07444182085882911
1514,4.3573904,4.258831989067179,0.0985584109328208
1515,4.3631563,4.2427105387235775,0.12044576127642248
1516,4.368008,4.2273536683241195,0.14065433167588015
1517,4.3722606,4.212751757186679,0.15950884281332112
1518,4.376226,4.199207819867178,0.1770181801328219
1519,4.3802185,4.186620652615424,0.19359784738457542
1520,4.384551,4.175252106906641,0.2092988930933588
1521,4.389539,4.165131720541702,0.22440727945829764
1522,4.3954935,4.156467466129363,0.23902603387063692
1523,4.402729,4.14925180675085,0.2534771932491502
1524,4.411559,4.143866743901588,0.2676922560984112
1525,4.4222975,4.139882967529921,0.28241453247007886
1526,4.441252,4.137439061505529,0.3038129384944712
1527,4.4654126,4.136785469195641,0.32862713080435846
1528,4.4878035,4.137817192252833,0.34998630774716677
1529,4.508517,4.14260542439036,0.3659115756096405
1530,4.5276456,4.147770247919973,0.37987535208002665
1531,4.5452814,4.154040266826886,0.39124113317311426
1532,4.5615163,4.162404369080565,0.3991119309194353
1533,4.576443,4.171943140416011,0.40449985958398926
1534,4.5901537,4.182789280169625,0.4073644198303752
1535,4.602741,4.194905423622887,0.40783557637711265
1536,4.6142955,4.207897988947997,0.4063975110520026
1537,4.624911,4.221784662386005,0.40312633761399486
1538,4.634679,4.2366295613698775,0.39804943863012276
1539,4.643692,4.252614634541416,0.3910773654585835
1540,4.652042,4.269161517690778,0.382880482309222
1541,4.6598215,4.303141946247944,0.3566795537520555
1542,4.6671224,4.344226004517419,0.322896395482581
1543,4.6740375,4.377328693322525,0.2967088066774748
1544,4.680658,4.400567761606722,0.28009023839327796
1545,4.687077,4.414625545465017,0.2724514545349832
1546,4.693386,4.427216070163196,0.26616992983680454
1547,4.699678,4.4398870328024085,0.2597909671975911
1548,4.7060447,4.452058460185689,0.2539862398143109
1549,4.7125783,4.4638658356363425,0.24871246436365713
1550,4.722497,4.479572129609535,0.24292487039046495
1551,4.7401953,4.494581663049357,0.24561363695064298
1552,4.741707,4.505348865298636,0.2363581347013639
1553,4.7429667,4.5159863904678925,0.22698030953210768
1554,4.741719,4.526425587890318,0.21529341210968145
1555,4.739283,4.536303253281241,0.20297974671875973
1556,4.7325263,4.54662830603705,0.18589799396294993
1557,4.726615,4.555297903883375,0.17131709611662504
1558,4.7243586,4.563537594076345,0.16082100592365567
1559,4.7232785,4.571511549295811,0.15176695070418944
1560,4.721916,4.602071206506377,0.11984479349362331
1561,4.7170954,4.6285191846284395,0.08857621537156035
1562,4.710117,4.655929967931567,0.054187032068433005
1563,4.70243,4.656131148854787,0.04629885114521226
1564,4.6912427,4.655897053832873,0.03534564616712732
1565,4.6764503,4.656094472385304,0.02035582761469623
1566,4.65934,4.6562405160460605,0.0030994839539397745
1567,4.6419296,4.655910031272001,-0.013980431272001326
1568,4.623014,4.6553419704391334,-0.03232797043913305
1569,4.6064844,4.654610863498901,-0.048126463498900485
1570,4.5931582,4.6537929503271815,-0.06063475032718113
1571,4.5827723,4.652887021497359,-0.07011472149735898
1572,4.577203,4.651858087175369,-0.07465508717536906
1573,4.575764,4.650882214884457,-0.07511821488445669
1574,4.5723267,4.649781896631412,-0.0774551966314121
1575,4.5639377,4.648440008120819,-0.08450230812081827
1576,4.5499616,4.646992190872744,-0.09703059087274468
1577,4.5304666,4.6454280908224765,-0.11496149082247697
1578,4.507987,4.643713794577418,-0.1357267945774181
1579,4.4853067,4.641985715457668,-0.1566790154576685
1580,4.463452,4.640139894950085,-0.17668789495008497
1581,4.444819,4.638293977140215,-0.1934749771402151
1582,4.426739,4.63646334539833,-0.20972434539832996
1583,4.4097104,4.634557063310191,-0.2248466633101911
1584,4.3915057,4.6326509080056875,-0.24114520800568773
1585,4.3756857,4.630776370203474,-0.2550906702034741
1586,4.3604574,4.628899405599054,-0.26844200559905484
1587,4.3478284,4.627061947189298,-0.27923354718929794
1588,4.3354025,4.625284115500808,-0.28988161550080793
1589,4.328064,4.623572884161122,-0.295508884161122
1590,4.3253293,4.622010428229441,-0.2966811282294408
1591,4.328319,4.620447931773083,-0.2921289317730835
1592,4.343084,4.618925602194726,-0.27584160219472587
1593,4.3596025,4.617488396219735,-0.2578858962197348
1594,4.3759117,4.616204507598748,-0.24029280759874805
1595,4.3920035,4.615074911357935,-0.2230714113579344
1596,4.407871,4.61400128215955,-0.20613028215954987
1597,4.4235063,4.612895537209275,-0.18938923720927558
1598,4.4389005,4.611897156330148,-0.17299665633014794
1599,4.4540467,4.611011830512099,-0.15696513051209848
1600,4.4689364,4.610290384830762,-0.14135398483076234
1601,4.4835625,4.60970391933824,-0.1261414193382402
1602,4.497917,4.60948608118308,-0.11156908118308007
1603,4.5119915,4.609676188266065,-0.09768468826606558
1604,4.5257792,4.6098484418943855,-0.0840692418943858
1605,4.5392714,4.609999367280918,-0.07072796728091824
1606,4.55246,4.610233408197987,-0.057773408197987486
1607,4.565338,4.610612230407001,-0.04527423040700107
1608,4.5778975,4.611225768015583,-0.033328268015583085
1609,4.5901303,4.611928721890728,-0.021798421890728115
1610,4.6020284,4.612745932185656,-0.010717532185656076
1611,4.6135845,4.613896972404144,-0.0003124724041443372
1612,4.6247907,4.615293336635525,0.009497363364475042
1613,4.6356387,4.616864213599933,0.018774486400067403
1614,4.646121,4.618575305676238,0.02754569432376197
1615,4.6562295,4.620415123059936,0.035814376940064285
1616,4.665957,4.622433111932722,0.043523888067277916
1617,4.675295,4.624549876306045,0.05074512369395556
1618,4.684236,4.62802801749237,0.05620798250763048
1619,4.692772,4.631443903623861,0.061328096376138674
1620,4.7008953,4.633730317354388,0.06716498264561199
1621,4.7085977,4.635948568938182,0.07264913106181847
1622,4.715872,4.638254649935151,0.07761735006484916
1623,4.72271,4.640817206293126,0.0818927937068743
1624,4.729104,4.643229722929408,0.0858742770705927
1625,4.735046,4.646007654877272,0.08903834512272724
1626,4.740528,4.64902322159151,0.09150477840849014
1627,4.745543,4.652205309477941,0.0933376905220582
1628,4.750082,4.65558793299121,0.0944940670087897
1629,4.754138,4.658766502552106,0.09537149744789453
1630,4.757703,4.6615950320798785,0.09610796792012177
1631,4.760769,4.664615555636944,0.09615344436305584
1632,4.763328,4.667310521756691,0.09601747824330875
1633,4.765373,4.670002456452155,0.09537054354784491
1634,4.7668953,4.672593602450679,0.09430169754932116
1635,4.767887,4.675160612882303,0.09272638711769687
1636,4.768341,4.677885341154378,0.09045565884562201
1637,4.7651443,4.680414597478108,0.08472970252189249
1638,4.755516,4.6828335196907025,0.07268248030929758
1639,4.7415075,4.68517169603023,0.05633580396976967
1640,4.7232327,4.687252414436083,0.03598028556391686
1641,4.696594,4.6892621522252345,0.0073318477747656985
1642,4.6569324,4.691344329062602,-0.034411929062602375
1643,4.607228,4.69364451942747,-0.08641651942746975
1644,4.549052,4.695502800508512,-0.14645080050851256
1645,4.4907336,4.697071080720883,-0.2063374807208822
1646,4.434083,4.69879993801936,-0.2647169380193599
1647,4.3811145,4.70039109376388,-0.3192765937638802
1648,4.330869,4.701756592909905,-0.3708875929099049
1649,4.2828107,4.70311094902423,-0.4203002490242307
1650,4.2355304,4.704539803025468,-0.4690094030254679
1651,4.1896253,4.7061381636056,-0.5165128636056
1652,4.1465564,4.707576366025059,-0.561019966025059
1653,4.107137,4.708708137029984,-0.6015711370299845
1654,4.074826,4.709629513470356,-0.6348035134703558
1655,4.0468926,4.710338829975373,-0.6634462299753734
1656,4.0247064,4.711051849560954,-0.686345449560954
1657,4.005417,4.71184392920335,-0.7064269292033503
1658,3.9868033,4.7126400328771245,-0.7258367328771245
1659,3.9678814,4.713391424140536,-0.7455100241405357
1660,3.9505246,4.714228196410078,-0.7637035964100778
1661,3.9375916,4.715278534917722,-0.777686934917722
1662,3.9259045,4.716515661944438,-0.790611161944438
1663,3.9185812,4.71803645320316,-0.7994552532031598
1664,3.915379,4.719940302263864,-0.8045613022638638
1665,3.9141388,4.722224660116173,-0.8080858601161731
1666,3.9307492,4.725097021677515,-0.7943478216775146
1667,3.952716,4.728736964314838,-0.7760209643148381
1668,3.9748921,4.733210450663353,-0.7583183506633535
1669,3.9972436,4.738347262270586,-0.7411036622705858
1670,4.019735,4.744175328735079,-0.7244403287350796
1671,4.0423326,4.751111051807869,-0.708778451807869
1672,4.065003,4.759035659824216,-0.6940326598242157
1673,4.087711,4.7679962014948165,-0.6802852014948169
1674,4.110422,4.778048924015289,-0.6676269240152894
1675,4.133102,4.789071225888852,-0.6559692258888523
1676,4.155718,4.8013066145867915,-0.6455886145867913
1677,4.1782327,4.814549583275769,-0.6363168832757697
1678,4.200615,4.828593569521467,-0.627978569521467
1679,4.222829,4.843318097993717,-0.6204890979937172
1680,4.24484,4.858471226687971,-0.6136312266879713
1681,4.266615,4.874302269791456,-0.6076872697914562
1682,4.288119,4.890452334211546,-0.6023333342115462
1683,4.309318,4.906881012969542,-0.597563012969542
1684,4.3301764,4.923384518596911,-0.5932081185969107
1685,4.3506584,4.939294682051098,-0.5886362820510973
1686,4.370735,4.954815628112389,-0.5840806281123889
1687,4.3903704,4.969798706878068,-0.5794283068780679
1688,4.4095283,4.984168462320142,-0.5746401623201418
1689,4.428175,4.9976614156700006,-0.5694864156700001
1690,4.446277,5.010059787217118,-0.5637827872171179
1691,4.463799,5.021375965433622,-0.557576965433622
1692,4.480707,5.031580740375513,-0.5508737403755131
1693,4.4969664,5.040228287214948,-0.543261887214948
1694,4.512544,5.04730277902249,-0.5347587790224901
1695,4.527405,5.052760577446638,-0.5253555774466383
1696,4.541514,5.056326063201593,-0.5148120632015925
1697,4.554838,5.058436453156887,-0.5035984531568864
1698,4.5673428,5.058871684398821,-0.4915288843988215
1699,4.578993,5.05777631935154,-0.4787833193515407
1700,4.5897546,5.055093843966528,-0.46533924396652804
1701,4.599594,5.050554023450428,-0.4509600234504285
1702,4.6084766,5.04469217098169,-0.4362155709816893
1703,4.616368,5.037736952540829,-0.4213689525408295
1704,4.623234,5.0298138056758015,-0.40657980567580143
1705,4.62904,5.021035918035846,-0.3919959180358461
1706,4.633752,5.011729299412474,-0.37797729941247393
1707,4.6373353,5.002041023249205,-0.36470572324920525
1708,4.639756,4.999956483198995,-0.36020048319899445
1709,4.6409793,5.003668262378092,-0.36268896237809223
1710,4.6250772,4.995444056657777,-0.37036685665777735
1711,4.606647,4.977598497455174,-0.37095149745517464
1712,4.590153,4.9602286417471415,-0.3700756417471416
1713,4.5708566,4.9433915838831535,-0.37253498388315354
1714,4.5501437,4.927135807705894,-0.3769921077058944
1715,4.540452,4.911501546378597,-0.3710495463785968
1716,4.5183325,4.8965212708510135,-0.3781887708510139
1717,4.499804,4.882220266814953,-0.38241626681495244
1718,4.485284,4.8686172627756665,-0.3833332627756665
1719,4.472882,4.8557250762138855,-0.38284307621388525
1720,4.459348,4.843551250312173,-0.38420325031217306
1721,4.463089,4.832098659886425,-0.36900965988642476
1722,4.451863,4.82136607147848,-0.36950307147847994
1723,4.4512033,4.811348648529821,-0.3601453485298203
1724,4.454727,4.802038397770534,-0.3473113977705342
1725,4.4595437,4.793424557182696,-0.3338808571826961
1726,4.4673624,4.785493929063803,-0.3181315290638036
1727,4.4748077,4.778231163896377,-0.30342346389637687
1728,4.4825253,4.771619002083241,-0.2890937020832416
1729,4.4874234,4.7656384813206465,-0.27821508132064654
1730,4.4874887,4.760269117619284,-0.27278041761928407
1731,4.4837317,4.755489067864117,-0.27175736786411697
1732,4.479804,4.751275281389375,-0.27147128138937493
1733,4.47349,4.747603647343998,-0.2741136473439978
1734,4.467368,4.7444491435986835,-0.27708114359868397
1735,4.456903,4.7521873055034245,-0.2952843055034249
1736,4.4542456,4.761636464204678,-0.3073908642046774
1737,4.4549117,4.762303706533841,-0.30739200653384113
1738,4.456065,4.763758237380586,-0.30769323738058585
1739,4.4576945,4.7658432019367325,-0.3081487019367328
1740,4.4597893,4.768116813405741,-0.30832751340574127
1741,4.462338,4.770514805851746,-0.3081768058517458
1742,4.465329,4.772973584839072,-0.3076445848390721
1743,4.4687524,4.775808908014566,-0.30705650801456663
1744,4.4725966,4.778908396436975,-0.30631179643697504
1745,4.47685,4.782196584552992,-0.3053465845529919
1746,4.481502,4.785571293325503,-0.3040692933255027
1747,4.486542,4.788928182163922,-0.30238618216392155
1748,4.491958,4.791421697736905,-0.29946369773690495
1749,4.49774,4.793137354043353,-0.2953973540433523
1750,4.5038753,4.794740526586865,-0.290865226586865
1751,4.5103545,4.796762047955387,-0.28640754795538736
1752,4.517165,4.7998997074542675,-0.2827347074542672
1753,4.5242977,4.803060281210543,-0.2787625812105432
1754,4.5317397,4.805181227039464,-0.27344152703946367
1755,4.5394807,4.80743582327445,-0.2679551232744499
1756,4.547509,4.809599653924258,-0.26209065392425845
1757,4.5558147,4.811873614296374,-0.25605891429637406
1758,4.564386,4.81369819038957,-0.24931219038957053
1759,4.5732117,4.815621204566512,-0.24240950456651245
1760,4.5822806,4.818958481621188,-0.23667788162118786
1761,4.5915823,4.820945376515872,-0.22936307651587207
1762,4.601105,4.823309833546969,-0.22220483354696974
1763,4.610839,4.827405651930576,-0.21656665193057556
1764,4.620771,4.828962893510924,-0.20819189351092326
1765,4.6308913,4.830768980706841,-0.19987768070684098
1766,4.6411886,4.832594400896053,-0.1914058008960522
1767,4.6516523,4.834010296557065,-0.18235799655706497
1768,4.662271,4.835524966477162,-0.17325396647716218
1769,4.6730328,4.836714646778923,-0.16368184677892295
1770,4.683928,4.837717294793294,-0.1537892947932944
1771,4.6949444,4.838896361860001,-0.14395196186000092
1772,4.7060714,4.840018251378925,-0.13394685137892548
1773,4.7172976,4.840545621962709,-0.12324802196270923
1774,4.728613,4.840925008766363,-0.11231200876636294
1775,4.740005,4.8411998794297135,-0.1011948794297135
1776,4.7402825,4.841286882598274,-0.1010043825982736
1777,4.707404,4.841289024801508,-0.13388502480150777
1778,4.654056,4.841206695655723,-0.18715069565572318
1779,4.5878024,4.841084499900241,-0.25328209990024053
1780,4.5156903,4.84095243122757,-0.32526213122756964
1781,4.4457016,4.840719444050749,-0.39501784405074947
1782,4.3828177,4.8403985431654615,-0.4575808431654611
1783,4.3290625,4.8400176510484405,-0.5109551510484405
1784,4.2796793,4.839453064493248,-0.5597737644932481
1785,4.2289133,4.838756447421032,-0.6098431474210315
1786,4.1740394,4.837986474894312,-0.6639470748943124
1787,4.1143723,4.837094211376838,-0.7227219113768379
1788,4.0549045,4.835936211371578,-0.7810317113715781
1789,3.999017,4.834548041869139,-0.8355310418691393
1790,3.9488547,4.833081019832726,-0.8842263198327256
1791,3.906807,4.8315368187103624,-0.9247298187103623
1792,3.873572,4.829871022080216,-0.9562990220802159
1793,3.8488553,4.8279123611951915,-0.9790570611951916
1794,3.8303375,4.825624143596185,-0.9952866435961849
1795,3.8175757,4.823119660951923,-1.0055439609519228
1796,3.8086712,4.820121887573866,-1.0114506875738662
1797,3.800635,4.816813033319616,-1.016178033319616
1798,3.798972,4.813167233274257,-1.0141952332742568
1799,3.7966766,4.8089979534436145,-1.0123213534436144
1800,3.7953274,4.8045870655528855,-1.0092596655528854
1801,3.793179,4.799785358524459,-1.0066063585244591
1802,3.7887485,4.794641915103476,-1.005893415103476
1803,3.7849438,4.789228978760592,-1.004285178760592
1804,3.7819912,4.783714729164338,-1.0017235291643374
1805,3.7790363,4.778045677775353,-0.9990093777753528
1806,3.7800446,4.771952217337306,-0.991907617337306
1807,3.7848837,4.765625562960069,-0.9807418629600688
1808,3.7929447,4.759210355508033,-0.9662656555080331
1809,3.7982144,4.752640552428034,-0.9544261524280344
1810,3.8002417,4.745961463557532,-0.9457197635575323
1811,3.801215,4.739145021091193,-0.9379300210911934
1812,3.7991223,4.732503176295017,-0.9333808762950171
1813,3.7943769,4.725891568419933,-0.9315146684199331
1814,3.78884,4.719357092538446,-0.9305170925384458
1815,3.795577,4.713025638662426,-0.9174486386624259
1816,3.805692,4.706691380637004,-0.9009993806370038
1817,3.8177366,4.700614414839824,-0.8828778148398237
1818,3.831585,4.694931056199166,-0.8633460561991657
1819,3.8471103,4.689606431637437,-0.8424961316374371
1820,3.864187,4.684615065875232,-0.8204280658752325
1821,3.8826878,4.679884346804806,-0.7971965468048059
1822,3.9024873,4.675456236841502,-0.7729689368415014
1823,3.9234583,4.6713548895857375,-0.7478965895857375
1824,3.9454749,4.667619912665032,-0.722145012665032
1825,3.9684107,4.6641623575492295,-0.6957516575492293
1826,3.992139,4.6610525292292,-0.6689135292291999
1827,4.016535,4.658349160522645,-0.6418141605226451
1828,4.0414696,4.655941307873117,-0.6144717078731166
1829,4.066819,4.653751286904789,-0.5869322869047888
1830,4.0924554,4.651848559976913,-0.5593931599769126
1831,4.118253,4.650256927413009,-0.5320039274130091
1832,4.1440854,4.648959835627027,-0.5048744356270269
1833,4.169826,4.6477929858923845,-0.47796698589238495
1834,4.1953487,4.6467739155649825,-0.4514252155649823
1835,4.220527,4.645808380246243,-0.4252813802462434
1836,4.245235,4.644994422944431,-0.399759422944431
1837,4.269345,4.644690980108473,-0.37534598010847287
1838,4.2927322,4.644761799635736,-0.35202959963573655
1839,4.3152704,4.6449535802137,-0.32968318021370013
1840,4.3368316,4.644861370907036,-0.3080297709070363
1841,4.3572907,4.644358369933106,-0.28706766993310584
1842,4.3765206,4.643741108767463,-0.26722050876746284
1843,4.394396,4.646373417628786,-0.2519774176287859
1844,4.4107895,4.6489366985997185,-0.23814719859971856
1845,4.4255753,4.648426935020151,-0.2228516350201506
1846,4.438627,4.648472320741277,-0.2098453207412767
1847,4.4498177,4.648773354511895,-0.19895565451189512
1848,4.459022,4.648298392949078,-0.18927639294907816
1849,4.4661126,4.647492265780441,-0.18137966578044118
1850,4.470964,4.646696162473439,-0.17573216247343826
1851,4.473449,4.6461616037447255,-0.17271260374472597
1852,4.4596176,4.6478538181079205,-0.1882362181079209
1853,4.412807,4.647935330630287,-0.23512833063028715
1854,4.3679123,4.649635768631896,-0.28172346863189546
1855,4.328449,4.647556410677039,-0.31910741067703885
1856,4.301333,4.645940348422333,-0.34460734842233354
1857,4.2860217,4.64406750806349,-0.3580458080634896
1858,4.2807617,4.641534903519815,-0.36077320351981434
1859,4.280949,4.6394206124815796,-0.3584716124815799
1860,4.281373,4.637139243101868,-0.35576624310186755
1861,4.2820935,4.634876180995462,-0.3527826809954622
1862,4.280175,4.632483052226547,-0.3523080522265474
1863,4.2786355,4.629989222587932,-0.3513537225879322
1864,4.2731714,4.627800615349138,-0.3546292153491377
1865,4.264004,4.625692686919137,-0.3616886869191367
1866,4.2521887,4.622650198288667,-0.3704614982886678
1867,4.2348304,4.619838182496263,-0.3850077824962632
1868,4.215912,4.616464008506236,-0.40055200850623596
1869,4.195927,4.612606650551708,-0.41667965055170786
1870,4.1752253,4.608406010899888,-0.4331807108998875
1871,4.157038,4.603924627521514,-0.446886627521514
1872,4.1399145,4.599358442392335,-0.4594439423923351
1873,4.125024,4.594618061541149,-0.4695940615411489
1874,4.1077533,4.589742566992257,-0.4819892669922572
1875,4.0862265,4.584848006133225,-0.4986215061332242
1876,4.070208,4.580099366093974,-0.5098913660939743
1877,4.071139,4.5756591662455275,-0.5045201662455279
1878,4.0731525,4.5717068438508965,-0.4985543438508966
1879,4.0762076,4.568336312028864,-0.49212871202886355
1880,4.0802636,4.56580497459167,-0.48554137459166924
1881,4.0852785,4.564174073954037,-0.4788955739540368
1882,4.0912123,4.563714698397794,-0.4725023983977943
1883,4.098024,4.564693517567495,-0.4666695175674951
1884,4.1056724,4.567123408942392,-0.461451008942392
1885,4.1141157,4.571053370660159,-0.45693767066015845
1886,4.1233144,4.57637824485726,-0.4530638448572599
1887,4.1332264,4.583625016487039,-0.45039861648703905
1888,4.143811,4.5925930114281055,-0.44878201142810514
1889,4.155028,4.603344011786255,-0.4483160117862557
1890,4.1668353,4.616124022009969,-0.4492887220099693
1891,4.1791925,4.630925187453387,-0.45173268745338735
1892,4.192058,4.647121539909169,-0.4550635399091689
1893,4.205392,4.664948602314109,-0.4595566023141089
1894,4.219153,4.684470525409902,-0.465317525409902
1895,4.2332993,4.705535759812532,-0.4722364598125326
1896,4.247791,4.727921939920493,-0.4801309399204925
1897,4.262586,4.751196886470451,-0.48861088647045126
1898,4.277644,4.775423897323121,-0.4977798973231211
1899,4.2929244,4.800524478992074,-0.5076000789920734
1900,4.308386,4.8263566185933024,-0.5179706185933028
1901,4.323987,4.852656155210051,-0.5286691552100509
1902,4.339687,4.8791752274238664,-0.5394882274238668
1903,4.3554454,4.905686160505399,-0.5502407605053996
1904,4.371221,4.932083780401809,-0.5608627804018091
1905,4.3869724,4.958384210363288,-0.5714118103632879
1906,4.402659,4.984367016746216,-0.5817080167462159
1907,4.4182396,5.009932129789988,-0.591692529789988
1908,4.4336734,5.034850074595068,-0.6011766745950684
1909,4.44892,5.058929706282921,-0.6100097062829208
1910,4.463937,5.082187156306168,-0.6182501563061686
1911,4.4786844,5.1043957202135095,-0.6257113202135098
1912,4.493121,5.125349314490713,-0.632228314490713
1913,4.5072064,5.144885132150012,-0.6376787321500119
1914,4.5208983,5.162998303305477,-0.6421000033054769
1915,4.5341573,5.179606379009207,-0.6454490790092065
1916,4.5469413,5.194476720952118,-0.647535420952118
1917,4.5592093,5.208523314253342,-0.649314014253342
1918,4.570921,5.223946795084846,-0.6530257950848455
1919,4.582035,5.241075701272884,-0.6590407012728834
1920,4.592511,5.258052710209832,-0.6655417102098315
1921,4.602307,5.266589252556039,-0.6642822525560392
1922,4.6113825,5.272460652192841,-0.6610781521928404
1923,4.619696,5.2772283285395325,-0.6575323285395323
1924,4.6272078,5.276042267392978,-0.6488344673929785
1925,4.633876,5.26154214322599,-0.6276661432259898
1926,4.6396594,5.245457818363377,-0.6057984183633769
1927,4.6445174,5.227763681513531,-0.5832462815135315
1928,4.6484094,5.2084481596606045,-0.5600387596606042
1929,4.6512938,5.187514148800488,-0.5362203488004873
1930,4.6531296,5.164979403376686,-0.5118498033766858
1931,4.6537004,5.140876840453067,-0.48717644045306674
1932,4.6453605,5.115254695023406,-0.46989419502340635
1933,4.6228037,5.088176458409592,-0.46537275840959147
1934,4.593908,5.059720544874983,-0.465812544874983
1935,4.558604,5.029979660013782,-0.4713756600137824
1936,4.5217566,4.999059881628859,-0.47730328162885893
1937,4.482299,4.967079501093933,-0.48478050109393234
1938,4.439513,4.934167702492506,-0.49465470249250654
1939,4.393481,4.900463172400016,-0.5069821724000159
1940,4.355556,4.866112732640258,-0.510556732640258
1941,4.355983,4.83127007271731,-0.4752870727173102
1942,4.356965,4.796094631653934,-0.4391296316539339
1943,4.3584857,4.760750646029318,-0.4022649460293177
1944,4.360526,4.725406347833437,-0.36488034783343704
1945,4.3630695,4.690233267346472,-0.32716376734647223
1946,4.3660984,4.655405576194871,-0.2893071761948711
1947,4.3695946,4.621099395935735,-0.2515047959357348
1948,4.373541,4.587491998270448,-0.21395099827044728
1949,4.37792,4.5547608332274185,-0.17684083322741895
1950,4.3827143,4.523082339320845,-0.14036803932084485
1951,4.3879056,4.492630512104016,-0.10472491210401635
1952,4.3934774,4.463575231800404,-0.07009783180040419
1953,4.3994117,4.43608037414555,-0.03666867414554975
1954,4.4056907,4.410301749112275,-0.004611049112274834
1955,4.4122972,4.386384928465935,0.02591227153406539
1956,4.4192133,4.364463034444816,0.05475026555518436
1957,4.426422,4.344654568139507,0.0817674318604924
1958,4.433905,4.327061357574787,0.10684364242521305
1959,4.441646,4.311766702571557,0.1298792974284435
1960,4.449626,4.298833786851544,0.15079221314845626
1961,4.4578285,4.288304418274452,0.16952408172554811
1962,4.466235,4.280198146283814,0.18603685371618628
1963,4.4748297,4.274511792245119,0.20031790775488112
1964,4.483593,4.271219413987043,0.21237358601295675
1965,4.492509,4.270272711078199,0.2222362889218008
1966,4.501559,4.2716018627762775,0.2299571372237228
1967,4.5107255,4.2881690419617025,0.22255645803829793
1968,4.519992,4.3080461685988345,0.21194583140116574
1969,4.5293403,4.319113809797891,0.2102264902021096
1970,4.5387526,4.33241504767731,0.20633755232268935
1971,4.548212,4.348226740799214,0.19998525920078603
1972,4.5577006,4.365394962019105,0.19230563798089584
1973,4.5672007,4.3850414255052765,0.18215927449472336
1974,4.5766954,4.406280761822213,0.17041463817778713
1975,4.586166,4.422963517826075,0.16320248217392574
1976,4.5955963,4.440548071801197,0.1550482281988037
1977,4.6049676,4.45818390850964,0.1467836914903602
1978,4.6142635,4.476311194028027,0.1379523059719725
1979,4.6234655,4.494384950890779,0.1290805491092213
1980,4.6325564,4.512989736628277,0.11956666337172361
1981,4.6415186,4.5318713705385365,0.10964722946146388
1982,4.650335,4.572083474800334,0.07825152519966583
1983,4.6589875,4.612214491298431,0.046773008701569196
1984,4.6674585,4.630203318944655,0.03725518105534498
1985,4.675731,4.647908760470016,0.02782223952998386
1986,4.6837873,4.6656304097583785,0.01815689024162115
1987,4.69161,4.682060457738065,0.009549542261934718
1988,4.6991806,4.698285364275796,0.0008952357242044684
1989,4.706483,4.714693937719508,-0.008210937719507427
1990,4.7134986,4.730315585546023,-0.016816985546022956
1991,4.72021,4.749691780156985,-0.029481780156984883
1992,4.7266,4.767771116435942,-0.04117111643594207
1993,4.732651,4.7809408231216315,-0.04828982312163177
1994,4.7383456,4.790704169839746,-0.05235856983974596
1995,4.7436657,4.799621017708458,-0.05595531770845774
1996,4.7485943,4.8079065054750645,-0.05931220547506477
1997,4.7531137,4.818656890198841,-0.06554319019884058
1998,4.7572064,4.840183748858082,-0.08297734885808161
1999,4.7608547,4.857232801497235,-0.09637810149723425
2000,4.764041,4.8566112712126355,-0.09257027121263572
2001,4.766748,4.855734641409563,-0.08898664140956303
2002,4.768958,4.854069319605711,-0.08511131960571117
2003,4.7706537,4.8524923150855255,-0.08183861508552503
2004,4.7718177,4.850560166106831,-0.07874246610683144
2005,4.772432,4.850203718858747,-0.07777171885874701
2006,4.768537,4.848160762360637,-0.07962376236063662
2007,4.740628,4.844924824208371,-0.10429682420837061
2008,4.6905475,4.842004407700877,-0.15145690770087672
2009,4.626353,4.838529252460162,-0.21217625246016247
2010,4.554013,4.8342213245629875,-0.28020832456298717
2011,4.481549,4.829119491859662,-0.3475704918596616
2012,4.408673,4.823140772322388,-0.4144677723223875
2013,4.3297305,4.817010232919496,-0.4872797329194958
2014,4.261188,4.810488160942287,-0.5493001609422876
2015,4.190301,4.803754032172957,-0.6134530321729574
2016,4.126405,4.796608228011393,-0.6702032280113928
2017,4.0736685,4.788812616945104,-0.7151441169451038
2018,4.028304,4.780988580140907,-0.7526845801409063
2019,3.99029,4.772702680581793,-0.7824126805817935
2020,3.958035,4.764450868832865,-0.8064158688328651
2021,3.928602,4.756686576209766,-0.8280845762097662
2022,3.8999438,4.748514677064348,-0.8485708770643479
2023,3.8729846,4.739870784759529,-0.866886184759529
2024,3.8527515,4.731086088943697,-0.8783345889436971
2025,3.8478916,4.721802735345305,-0.8739111353453048
2026,3.8528125,4.7129183604737,-0.8601058604736997
2027,3.8642251,4.7038710941421105,-0.8396459941421104
2028,3.8811405,4.693603137711553,-0.8124626377115529
2029,3.8978,4.6832705511082295,-0.7854705511082294
2030,3.9156811,4.6729577482238405,-0.7572766482238404
2031,3.9366238,4.662015026917851,-0.7253912269178513
2032,3.9563675,4.650749939069197,-0.694382439069197
2033,3.975441,4.63967398726696,-0.6642329872669599
2034,3.9993722,4.628064334266954,-0.628692134266954
2035,4.027868,4.616225462006397,-0.5883574620063969
2036,4.0569143,4.604619933512672,-0.5477056335126722
2037,4.0882034,4.592916812538285,-0.5047134125382851
2038,4.117945,4.581744547464413,-0.4637995474644132
2039,4.14864,4.571340519970416,-0.4227005199704159
2040,4.1759205,4.56212174104877,-0.38620124104877007
2041,4.2015257,4.554251382294566,-0.35272568229456525
2042,4.225542,4.547516993130274,-0.321974993130274
2043,4.2480593,4.542013749574316,-0.2939544495743158
2044,4.269163,4.538083918373667,-0.2689209183736674
2045,4.288943,4.535825451910021,-0.24688245191002167
2046,4.3074846,4.536339018702431,-0.22885441870243017
2047,4.324877,4.53916601278543,-0.21428901278543044
2048,4.341207,4.544055408468915,-0.20284840846891505
2049,4.3565626,4.551212692081139,-0.19465009208113848
2050,4.371032,4.559615155275756,-0.1885831552757562
2051,4.384702,4.570182790368273,-0.18548079036827314
2052,4.397661,4.583043841711505,-0.18538284171150465
2053,4.409996,4.598319991632786,-0.18832399163278613
2054,4.421795,4.615587120350699,-0.19379212035069848
2055,4.4331455,4.634654645197546,-0.20150914519754615
2056,4.444135,4.655670450654229,-0.21153545065422907
2057,4.454852,4.678051326032083,-0.22319932603208326
2058,4.4653835,4.702099823584269,-0.23671632358426908
2059,4.4758167,4.726947071636189,-0.25113037163618923
2060,4.486238,4.752771652423083,-0.2665336524230826
2061,4.496739,4.77898332902514,-0.28224432902513996
2062,4.507405,4.80573979759316,-0.29833479759316006
2063,4.5183234,4.832647785448869,-0.3143243854488693
2064,4.529583,4.8594452071172105,-0.3298622071172108
2065,4.5412703,4.885185870228736,-0.3439155702287362
2066,4.553473,4.910772627934058,-0.3572996279340579
2067,4.56628,4.935117881101909,-0.36883788110190885
2068,4.5797772,4.958597536450043,-0.3788203364500431
2069,4.5940537,4.981116309309643,-0.387062609309643
2070,4.609196,5.001786066082832,-0.39259006608283187
2071,4.6252933,5.0210728570909815,-0.39577955709098145
2072,4.6424313,5.038572196702504,-0.3961408967025042
2073,4.6606994,5.054001713409425,-0.3933023134094249
2074,4.680184,5.067555536160484,-0.3873715361604839
2075,4.7009735,5.077916672042496,-0.3769431720424965
2076,4.719835,5.085974686359333,-0.36613968635933336
2077,4.7072787,5.0919975732580856,-0.38471887325808574
2078,4.6740427,5.095780403440469,-0.4217377034404688
2079,4.6302676,5.098066989297569,-0.4677993892975696
2080,4.572816,5.097324863237629,-0.5245088632376289
2081,4.5178485,5.0939936497067695,-0.5761451497067691
2082,4.465772,5.089563168173305,-0.6237911681733044
2083,4.4195547,5.107147731060154,-0.6875930310601541
2084,4.3836355,5.118257062101365,-0.7346215621013652
2085,4.3577075,5.09520768801742,-0.7375001880174201
2086,4.336769,5.0715082310736825,-0.7347392310736822
2087,4.3107276,5.047284994441282,-0.7365573944412818
2088,4.299482,5.022668365922439,-0.7231863659224391
2089,4.295261,4.997790415825585,-0.7025294158255848
2090,4.2962146,4.972782394795371,-0.6765677947953712
2091,4.2983603,4.947772160106225,-0.6494118601062251
2092,4.3021774,4.922881556082903,-0.620704156082903
2093,4.3054395,4.898223784230243,-0.5927842842302429
2094,4.3107123,4.87390082587499,-0.56318852587499
2095,4.3157706,4.850001021813468,-0.5342304218134686
2096,4.3230853,4.826596959933803,-0.5035116599338032
2097,4.332696,4.803743859679432,-0.4710478596794321
2098,4.346101,4.781478658682852,-0.43537765868285216
2099,4.356341,4.75981999317955,-0.4034789931795508
2100,4.365003,4.738769217370895,-0.3737662173708953
2101,4.36271,4.718312531714638,-0.35560253171463785
2102,4.354432,4.698424195478944,-0.3439921954789442
2103,4.3381796,4.679070697292688,-0.34089109729268774
2104,4.311383,4.660215662056326,-0.348832662056326
2105,4.2779355,4.641825194799834,-0.363889694799834
2106,4.248262,4.623873309201894,-0.37561130920189356
2107,4.248114,4.606347063103071,-0.35823306310307057
2108,4.2502136,4.5892510248379255,-0.3390374248379251
2109,4.2535057,4.572610721108651,-0.31910502110865124
2110,4.2579393,4.556474768336353,-0.298535468336353
2111,4.263463,4.540915463910383,-0.27745246391038325
2112,4.2700257,4.526027709309932,-0.256002009309932
2113,4.277575,4.511926249076023,-0.23435124907602312
2114,4.286061,4.498741330354617,-0.2126803303546172
2115,4.29543,4.486613006765483,-0.19118300676548294
2116,4.3056335,4.475684415894854,-0.170050915894854
2117,4.316618,4.466094440643589,-0.14947644064358911
2118,4.328333,4.473245803093498,-0.14491280309349808
2119,4.340727,4.482684649382967,-0.14195764938296662
2120,4.353748,4.479557727573355,-0.12580972757335473
2121,4.3673453,4.478441643890208,-0.11109634389020773
2122,4.3814673,4.479815518449617,-0.09834821844961716
2123,4.3960624,4.482708088150367,-0.08664568815036677
2124,4.4110794,4.486828995864303,-0.07574959586430285
2125,4.426467,4.4924374638521005,-0.06597046385210081
2126,4.4421735,4.4992768090727315,-0.057103309072731534
2127,4.458148,4.507319126749706,-0.04917112674970525
2128,4.4743385,4.517206801537948,-0.04286830153794785
2129,4.4906945,4.5279646435757535,-0.03727014357575342
2130,4.5071635,4.539915216982804,-0.03275171698280399
2131,4.5236945,4.552294866180503,-0.028600366180502768
2132,4.5402365,4.564850891795891,-0.02461439179589142
2133,4.556738,4.578171865467755,-0.021433865467754387
2134,4.573147,4.591505794900551,-0.0183587949005517
2135,4.589412,4.603123919174813,-0.013711919174812515
2136,4.605483,4.612457396853663,-0.006974396853662412
2137,4.6213074,4.6206395440820645,0.0006678559179356114
2138,4.6368346,4.628015201274086,0.008819398725914418
2139,4.652012,4.634654786173577,0.017357213826422857
2140,4.6667895,4.640068505216005,0.02672099478399481
2141,4.6811147,4.644373594156979,0.03674110584302159
2142,4.6949368,4.647464650249543,0.04747214975045644
2143,4.7082043,4.64920424124707,0.059000058752929796
2144,4.7208657,4.6498125429837565,0.0710531570162436
2145,4.7328696,4.6492247150021635,0.0836448849978364
2146,4.744165,4.647413487826539,0.09675151217346034
2147,4.7546997,4.644587084995772,0.11011261500422798
2148,4.764423,4.640537625437924,0.12388537456207604
2149,4.7732835,4.636351689279542,0.13693181072045757
2150,4.781229,4.631639670449573,0.1495893295504267
2151,4.788209,4.625836084061487,0.162372915938513
2152,4.794172,4.619714215989925,0.17445778401007495
2153,4.7990656,4.61256773115535,0.1864978688446497
2154,4.8028398,4.604614293273069,0.1982255067269314
2155,4.8054423,4.59582909754351,0.20961320245648984
2156,4.8068223,4.585734131053279,0.22108816894672145
2157,4.8008947,4.5754637075530145,0.22543099244698528
2158,4.776307,4.593100471620428,0.1832065283795723
2159,4.7381525,4.60205368067411,0.1360988193258903
2160,4.6979194,4.576448813745787,0.1214705862542127
2161,4.6680374,4.551548723194089,0.11648867680591124
2162,4.619305,4.527405668092819,0.09189933190718058
2163,4.5664697,4.504068922728392,0.0624007772716082
2164,4.5138803,4.4815842078289085,0.03229609217109175
2165,4.4675837,4.459993082620428,0.007590617379571896
2166,4.4297757,4.4393323389896615,-0.009556638989661081
2167,4.3989553,4.419633435332897,-0.020678135332897085
2168,4.3709784,4.400922002233641,-0.02994360223364101
2169,4.347245,4.383217445450023,-0.03597244545002276
2170,4.3280606,4.366532664298214,-0.03847206429821437
2171,4.3255816,4.350873895865032,-0.025292295865032344
2172,4.325908,4.336240688053324,-0.010332688053323658
2173,4.3264756,4.322625997755823,0.003849602244176964
2174,4.32728,4.310016404934779,0.017263595065220905
2175,4.328318,4.2983924293848945,0.029925570615105812
2176,4.329586,4.299681811725647,0.029904188274352705
2177,4.3310804,4.303873388276965,0.027207011723035635
2178,4.3327975,4.301246561853019,0.031550938146980734
2179,4.334734,4.300215220258249,0.03451877974175144
2180,4.3368855,4.299812049262567,0.03707345073743351
2181,4.3392496,4.298149901933838,0.041099698066161316
2182,4.3418217,4.295239050821367,0.04658264917863253
2183,4.3445983,4.293052599474565,0.051545700525434945
2184,4.347576,4.2917920536133325,0.055783946386667616
2185,4.3507514,4.290985365318308,0.05976603468169195
2186,4.3541207,4.290473840404714,0.06364685959528593
2187,4.3576803,4.290136155465892,0.06754414453410806
2188,4.361427,4.289979354489567,0.0714476455104327
2189,4.365356,4.290243664414085,0.07511233558591535
2190,4.369465,4.290543602449654,0.07892139755034577
2191,4.3737497,4.290994578551592,0.08275512144840835
2192,4.378207,4.291554779240385,0.08665222075961498
2193,4.3828325,4.291995692339585,0.09083680766041535
2194,4.3876233,4.292175420712426,0.09544787928757348
2195,4.3925757,4.292842483732036,0.09973321626796405
2196,4.397686,4.292839130294886,0.10484686970511436
2197,4.4029503,4.294621508588534,0.10832879141146545
2198,4.4083652,4.2953658267467985,0.11299937325320197
2199,4.413927,4.296286813142983,0.11764018685701672
2200,4.4196324,4.300174511050251,0.11945788894974907
2201,4.4254775,4.306690633167401,0.11878686683259954
2202,4.4314594,4.312865051448149,0.11859434855185036
2203,4.4375734,4.3153383440486195,0.12223505595138029
2204,4.443816,4.316245541417552,0.12757045858244798
2205,4.4501843,4.316816220877852,0.13336807912214788
2206,4.4566746,4.317950832797652,0.13872376720234847
2207,4.463283,4.318815919101961,0.14446708089803906
2208,4.470006,4.319092446084896,0.15091355391510408
2209,4.4768395,4.31954447605116,0.15729502394883976
2210,4.483781,4.31991826554012,0.16386273445987953
2211,4.4908257,4.32033493165688,0.17049076834311983
2212,4.497971,4.32088630275445,0.17708469724554998
2213,4.505213,4.321423679218305,0.1837893207816954
2214,4.5125475,4.321904667826419,0.19064283217358113
2215,4.519971,4.322604708461734,0.19736629153826613
2216,4.5274806,4.323264314023502,0.20421628597649732
2217,4.5350723,4.32412681667713,0.21094548332287033
2218,4.5427427,4.325178412342358,0.21756428765764202
2219,4.5504875,4.326291349735646,0.2241961502643539
2220,4.558304,4.327523903244732,0.230780096755268
2221,4.566188,4.329109753283152,0.23707824671684818
2222,4.5741363,4.330833510705698,0.24330278929430182
2223,4.5821447,4.332477853716406,0.2496668462835938
2224,4.59021,4.334327749181066,0.25588225081893423
2225,4.5983286,4.33635425345037,0.26197434654963025
2226,4.6064973,4.338497735295578,0.26799956470442243
2227,4.6147113,4.340816333704917,0.2738949662950825
2228,4.622968,4.343511104578027,0.2794568954219736
2229,4.6312637,4.346255573486811,0.28500812651318874
2230,4.639595,4.3490539465782385,0.2905410534217614
2231,4.6476965,4.351917091355917,0.2957794086440835
2232,4.6375723,4.354786893962364,0.282785406037636
2233,4.6168485,4.357869481466416,0.2589790185335836
2234,4.5932136,4.360951620534958,0.23226197946504268
2235,4.5674124,4.36414546908046,0.20326693091953985
2236,4.546936,4.367439467057461,0.17949653294253842
2237,4.5337677,4.370855492614824,0.1629122073851761
2238,4.532437,4.374302202446339,0.1581347975536609
2239,4.527953,4.377949793568966,0.15000320643103393
2240,4.532243,4.381777121299842,0.15046587870015848
2241,4.5448084,4.385493463346865,0.1593149366531348
2242,4.560818,4.389023673674661,0.17179432632533942
2243,4.5800204,4.392321227388679,0.18769917261132107
2244,4.59912,4.395362040928611,0.20375795907138894
2245,4.6195383,4.398672471326041,0.22086582867395954
2246,4.643192,4.402403829607591,0.24078817039240885
2247,4.663825,4.405653294111206,0.25817170588879446
2248,4.6857224,4.4085780803472225,0.27714431965277786
2249,4.7059884,4.411468775813746,0.294519624186254
2250,4.7251554,4.414324595217684,0.3108308047823165
2251,4.742742,4.417166632298822,0.3255753677011777
2252,4.7576776,4.41996782119473,0.3377097788052703
2253,4.7666254,4.422629210398154,0.34399618960184597
2254,4.764074,4.425291877648665,0.33878212235133454
2255,4.7502723,4.427772864099233,0.3224994359007667
2256,4.726639,4.430094225284456,0.2965447747155432
2257,4.7008276,4.43250442540117,0.26832317459883015
2258,4.6723022,4.434709217511177,0.237592982488823
2259,4.6432495,4.436762554705353,0.20648694529464695
2260,4.614246,4.438826059867823,0.17541994013217632
2261,4.604927,4.440471339332552,0.1644556606674481
2262,4.6052265,4.442191981406217,0.1630345185937827
2263,4.605778,4.443486095665532,0.1622919043344675
2264,4.606578,4.4447182563797565,0.16185974362024336
2265,4.6076217,4.445916630791915,0.16170506920808503
2266,4.608905,4.446844361791916,0.16206063820808403
2267,4.610423,4.447804287240205,0.16261871275979534
2268,4.612172,4.448712237379018,0.16345976262098194
2269,4.6141477,4.449379803032273,0.1647678969677271
2270,4.616346,4.449900215724075,0.1664457842759255
2271,4.6187625,4.450369212000998,0.16839328799900155
2272,4.6213923,4.450774606260627,0.17061769373937352
2273,4.624232,4.450963704124041,0.1732682958759595
2274,4.627277,4.450721791046345,0.17655520895365573
2275,4.6305227,4.450532636738242,0.1799900632617586
2276,4.6339655,4.450370434713998,0.18359506528600278
2277,4.637601,4.450357037118496,0.1872439628815039
2278,4.641424,4.450459092001276,0.19096490799872345
2279,4.6454315,4.450344309551236,0.19508719044876432
2280,4.649618,4.449944922578734,0.1996730774212665
2281,4.6539803,4.44947298441827,0.20450731558173008
2282,4.658514,4.448907934691024,0.20960606530897596
2283,4.663214,4.448929686132201,0.21428431386779856
2284,4.668077,4.449173456083626,0.21890354391637423
2285,4.673098,4.44946240562075,0.2236355943792505
2286,4.678273,4.449571451372804,0.22870154862719616
2287,4.683598,4.449542294933356,0.23405570506664386
2288,4.6890683,4.44948735481153,0.23958094518846984
2289,4.6946797,4.449443314772205,0.24523638522779478
2290,4.700428,4.44952064680716,0.2509073531928392
2291,4.7063093,4.44974653156971,0.2565627684302898
2292,4.7123184,4.450148940605812,0.2621694593941877
2293,4.718452,4.4507400719352885,0.26771192806471156
2294,4.724705,4.451223574860944,0.2734814251390558
2295,4.7310743,4.451985856953965,0.2790884430460352
2296,4.7375546,4.452962099446639,0.2845925005533614
2297,4.7441416,4.454015231538696,0.290126368461304
2298,4.7508316,4.455098708412425,0.29573289158757454
2299,4.75762,4.456511127005555,0.3011088729944449
2300,4.7645025,4.458061228675336,0.3064412713246636
2301,4.771475,4.459558266580784,0.3119167334192161
2302,4.778533,4.461259025346489,0.3172739746535109
2303,4.7856727,4.463016234169176,0.32265646583082397
2304,4.792889,4.464727246841678,0.3281617531583221
2305,4.800223,4.466464779473201,0.33375822052679904
2306,4.805021,4.468220737784353,0.33680026221564674
2307,4.810424,4.470098380910138,0.34032561908986203
2308,4.807494,4.471885023788207,0.33560897621179286
2309,4.807445,4.473537704680868,0.33390729531913266
2310,4.8022485,4.475125603620502,0.3271228963794979
2311,4.796146,4.476671304665773,0.3194746953342271
2312,4.783615,4.47813859308897,0.30547640691102984
2313,4.7645917,4.479485752249101,0.2851059477508997
2314,4.7425027,4.480675289758844,0.26182741024115597
2315,4.7161613,4.481770001727372,0.2343912982726275
2316,4.688484,4.482742214350472,0.20574178564952827
2317,4.66528,4.483935215336628,0.18134478466337178
2318,4.643307,4.485351573898417,0.15795542610158275
2319,4.620541,4.48633316224498,0.13420783775502
2320,4.5957675,4.486900022677875,0.10886747732212498
2321,4.569618,4.48729777535048,0.08232022464952049
2322,4.54403,4.487598393557388,0.05643160644261247
2323,4.5249906,4.488585954490233,0.03640464550976663
2324,4.5128045,4.48943133128734,0.023373168712659265
2325,4.504519,4.489809937828555,0.014709062171444742
2326,4.505248,4.4902866680865845,0.014961331913415421
2327,4.508498,4.4907328298698515,0.01776517013014889
2328,4.517213,4.491154441385258,0.026058558614741933
2329,4.5322537,4.49158045005829,0.040673249941709955
2330,4.5470743,4.4921000430892954,0.05497425691070479
2331,4.5652084,4.492731422862147,0.07247697713785328
2332,4.5806885,4.493391873733359,0.08729662626664059
2333,4.5949335,4.493986856558814,0.10094664344118609
2334,4.6054535,4.494622532400182,0.11083096759981803
2335,4.613606,4.495384625073602,0.11822137492639762
2336,4.6204376,4.496094280435598,0.12434331956440214
2337,4.624309,4.496857484642567,0.12745151535743293
2338,4.629314,4.497694072559709,0.1316199274402905
2339,4.639571,4.498430566256687,0.1411404337433133
2340,4.6391745,4.4992148757823465,0.13995962421765373
2341,4.6412125,4.5000163238305575,0.14119617616944247
2342,4.6426187,4.500851661577734,0.141767038422266
2343,4.643579,4.501468390874393,0.14211060912560658
2344,4.645155,4.5018415947013635,0.14331340529863645
2345,4.6473355,4.502306863688061,0.14502863631193819
2346,4.6500554,4.5026439923787045,0.1474114076212958
2347,4.6532474,4.502839600548567,0.15040779945143257
2348,4.6568465,4.502938538057521,0.1539079619424797
2349,4.660788,4.5028991330870065,0.15788886691299364
2350,4.6650033,4.502798393478406,0.1622049065215947
2351,4.6694293,4.502481184326618,0.16694811567338164
2352,4.6739974,4.502031596510429,0.17196580348957102
2353,4.6786427,4.50158873820629,0.17705396179371036
2354,4.683301,4.501089283817377,0.1822117161826231
2355,4.6879034,4.500639989724625,0.1872634102753743
2356,4.6923866,4.499877644831413,0.19250895516858701
2357,4.6968446,4.498748679918903,0.198095920081097
2358,4.701077,4.497518072386061,0.20355892761393868
2359,4.704791,4.496118530094255,0.2086724699057454
2360,4.7080216,4.494923876325993,0.21309772367400726
2361,4.7108035,4.494336582561481,0.21646691743851854
2362,4.713172,4.49537997764606,0.21779202235394024
2363,4.715162,4.495756757427866,0.219405242572134
2364,4.7168083,4.494562741638636,0.22224555836136428
2365,4.718146,4.49298730890484,0.22515869109516018
2366,4.71921,4.490950735505764,0.22825926449423672
2367,4.720036,4.488914230101024,0.23112176989897648
2368,4.7206583,4.486597163777729,0.23406113622227132
2369,4.7211123,4.484645784102052,0.23646651589794754
2370,4.7214327,4.482311246899896,0.23912145310010402
2371,4.721655,4.480005616750236,0.24164938324976415
2372,4.7218194,4.47763532213926,0.2441840778607398
2373,4.721949,4.475236703880374,0.2467122961196262
2374,4.722087,4.472766245381915,0.24932075461808534
2375,4.7222676,4.470331272446525,0.2519363275534756
2376,4.7225266,4.467952964031827,0.25457363596817295
2377,4.722899,4.465438415016079,0.2574605849839209
2378,4.723419,4.463001387473601,0.26041761252639883
2379,4.7241225,4.460587849350078,0.2635346506499223
2380,4.725044,4.458103840519003,0.26694015948099636
2381,4.7262187,4.455621433958197,0.27059726604180323
2382,4.7276816,4.453120454119251,0.27456114588074954
2383,4.7294674,4.450689214471885,0.2787781855281146
2384,4.731515,4.448461246222074,0.2830537537779261
2385,4.734035,4.446381365581794,0.28765363441820657
2386,4.7369823,4.4443403483969535,0.29264195160304673
2387,4.7403913,4.442225145978335,0.2981661540216649
2388,4.7442966,4.440020753717976,0.30427584628202453
2389,4.74882,4.437859127716645,0.31096087228335545
2390,4.7546225,4.4357367587044925,0.3188857412955075
2391,4.761359,4.433553060123419,0.3278059398765807
2392,4.768838,4.43159784628815,0.3372401537118499
2393,4.7768717,4.429671443544156,0.34720025645584407
2394,4.7852664,4.427420585071277,0.3578458149287229
2395,4.7938356,4.425611683001219,0.3682239169987813
2396,4.8023863,4.424004051072393,0.37838224892760763
2397,4.8107295,4.42288943117635,0.38784006882364963
2398,4.8186765,4.422310156661112,0.39636634333888754
2399,4.8260345,4.421129316898576,0.4049051831014232
2400,4.8326163,4.419986008479694,0.4126302915203057
2401,4.838229,4.418964369896506,0.4192646301034939
2402,4.8426847,4.417581170168569,0.4251035298314312
2403,4.845792,4.416836248143283,0.4289557518567175
2404,4.847361,4.4161066642827755,0.4312543357172247
2405,4.840223,4.415344864843012,0.42487813515698836
2406,4.814876,4.414846515523028,0.4000294844769723
2407,4.788597,4.414036661788658,0.37456033821134227
2408,4.760075,4.413481128745732,0.3465938712542673
2409,4.7326617,4.4131290036992175,0.31953269630078296
2410,4.7085376,4.412471095023055,0.2960665049769444
2411,4.6876307,4.412228246320664,0.2754024536793356
2412,4.6701846,4.411589046601737,0.2585955533982629
2413,4.6564765,4.411275063899907,0.2452014361000927
2414,4.6447515,4.4114528480834645,0.23329865191653543
2415,4.6352835,4.410860023589885,0.22442347641011473
2416,4.630092,4.410721200531048,0.219370799468952
2417,4.627416,4.410558139753344,0.2168578602466562
2418,4.6266403,4.410013764901831,0.2166265350981691
2419,4.6234765,4.410358384638034,0.2131181153619659
2420,4.615249,4.4111208777313715,0.20412812226862886
2421,4.6150675,4.411763958937495,0.20330354106250503
2422,4.616114,4.41264934800253,0.20346465199746966
2423,4.6177835,4.412906491849317,0.20487700815068255
2424,4.6200457,4.4129208967813955,0.20712480321860482
2425,4.6228704,4.412605744805956,0.21026465519404436
2426,4.6262274,4.41201502130731,0.21421237869269039
2427,4.630086,4.411466983222083,0.21861901677791717
2428,4.634416,4.410875894106165,0.22354010589383488
2429,4.639188,4.410725657714407,0.22846234228559315
2430,4.6443706,4.409777042026465,0.2345935579735352
2431,4.6499343,4.409141180059516,0.24079311994048425
2432,4.6558485,4.408432836321273,0.24741566367872725
2433,4.662083,4.407722143899433,0.2543608561005666
2434,4.6686077,4.4069464413200405,0.2616612586799594
2435,4.6753917,4.4058306415361,0.2695610584638999
2436,4.6824055,4.404827343727835,0.2775781562721651
2437,4.6896186,4.403671844933023,0.285946755066977
2438,4.6970005,4.4027491942888295,0.2942513057111702
2439,4.704521,4.401692288155426,0.3028287118445734
2440,4.7121506,4.400470993854224,0.31167960614577606
2441,4.7198577,4.399019969834409,0.32083773016559114
2442,4.727613,4.397466554719655,0.3301464452803451
2443,4.735386,4.396074521545193,0.3393114784548068
2444,4.7431464,4.39445287671421,0.34869352328578973
2445,4.7508636,4.392812240689361,0.3580513593106387
2446,4.7585077,4.390896677717745,0.3676110222822553
2447,4.766049,4.388823251405311,0.3772257485946886
2448,4.7734556,4.386985142117793,0.3864704578822069
2449,4.780699,4.3851915751380535,0.3955074248619468
2450,4.787748,4.383107721800875,0.40464027819912474
2451,4.7945724,4.380958496178846,0.4136139038211537
2452,4.8011417,4.378597536663911,0.4225441633360889
2453,4.807426,4.376251078682619,0.431174921317381
2454,4.8133945,4.373765803733914,0.43962869626608647
2455,4.8190184,4.371187930021716,0.44783046997828446
2456,4.824266,4.368632700550705,0.4556332994492944
2457,4.8291078,4.365988078868422,0.4631197211315783
2458,4.8335133,4.363461239013636,0.4700520609863643
2459,4.837452,4.360905034408912,0.4765469655910879
2460,4.840894,4.3582738758326585,0.4826201241673411
2461,4.843809,4.355753524660333,0.4880554753396673
2462,4.846167,4.352975441381645,0.4931915586183555
2463,4.847937,4.3500304736710556,0.4979065263289444
2464,4.8490896,4.347052936972331,0.5020366630276687
2465,4.8495936,4.344083762409048,0.5055098375909521
2466,4.7841787,4.341193073144082,0.4429856268559176
2467,4.6842575,4.33843882822053,0.3458186717794698
2468,4.588623,4.335881263650149,0.25274173634985075
2469,4.498498,4.33321195434809,0.16528604565190985
2470,4.4129996,4.33034901617031,0.0826505838296896
2471,4.3305426,4.3276105126306454,0.0029320873693547966
2472,4.255287,4.325111095912117,-0.06982409591211702
2473,4.188943,4.322830453928014,-0.13388745392801393
2474,4.1327844,4.320519032104581,-0.18773463210458097
2475,4.085384,4.318197514875041,-0.23281351487504054
2476,4.045929,4.315994125112889,-0.2700651251128887
2477,4.012498,4.313894928295048,-0.3013969282950484
2478,3.9831204,4.311885909265771,-0.3287655092657715
2479,3.9587686,4.30993793955571,-0.3511693395557103
2480,3.9324276,4.308020787345369,-0.3755931873453693
2481,3.912372,4.306065739587327,-0.3936937395873268
2482,3.9008374,4.304020128119356,-0.4031827281193565
2483,3.8900278,4.301984742257437,-0.41195694225743695
2484,3.888734,4.299911934323812,-0.411177934323812
2485,3.8865106,4.297520183798437,-0.41100958379843755
2486,3.8938174,4.294974135525338,-0.40115673552533826
2487,3.9043393,4.29238806555211,-0.3880487655521101
2488,3.924104,4.289688978239471,-0.3655849782394709
2489,3.948566,4.286779006736402,-0.33821300673640176
2490,3.9807968,4.283869804871572,-0.3030730048715724
2491,4.0193973,4.281029119876719,-0.2616318198767198
2492,4.060402,4.278399516861194,-0.21799751686119428
2493,4.1062784,4.276326728729351,-0.17004832872935083
2494,4.1469383,4.27499557212026,-0.12805727212025975
2495,4.1815357,4.274442524453346,-0.09290682445334575
2496,4.2151337,4.274651240319147,-0.059517540319147244
2497,4.247743,4.2771511654569805,-0.02940816545698066
2498,4.2793736,4.2808800644033695,-0.001506464403369101
2499,4.3100367,4.284249167958915,0.025787532041085193
2500,4.339743,4.288853304615317,0.05088969538468291
2501,4.3685036,4.295620272234579,0.07288332776542106
2502,4.3963284,4.304354587517333,0.09197381248266723
2503,4.4232283,4.3153614638274576,0.10786683617254234
2504,4.4492135,4.328631935675748,0.12058156432425182
2505,4.4742956,4.344695146380499,0.129600453619501
2506,4.4984846,4.363446208614755,0.13503839138524487
2507,4.5217915,4.38347315771945,0.13831834228054962
2508,4.544227,4.405306889248311,0.1389201107516893
2509,4.5658016,4.428766661967764,0.13703493803223665
2510,4.586526,4.453594109004514,0.1329318909954864
2511,4.6064105,4.4804739050336355,0.12593659496636445
2512,4.6254663,4.50895698259757,0.11650931740243031
2513,4.643702,4.539226343579425,0.10447565642057555
2514,4.6611314,4.570448968961891,0.09068243103810936
2515,4.677765,4.601478751563939,0.07628624843606069
2516,4.693612,4.632601672875912,0.06101032712408827
2517,4.7086835,4.663304379590551,0.045379120409449136
2518,4.7229905,4.693378238667419,0.02961226133258066
2519,4.7365427,4.723012218710432,0.013530481289568463
2520,4.749352,4.75094207168756,-0.0015900716875600907
2521,4.761428,4.777190338654634,-0.015762338654633723
2522,4.7727823,4.8013091117277,-0.028526811727699553
2523,4.7834244,4.823325872447511,-0.039901472447510855
2524,4.793366,4.84474079699498,-0.051374796994980265
2525,4.802617,4.862789565037946,-0.06017256503794588
2526,4.8111887,4.877006143703301,-0.06581744370330167
2527,4.819092,4.887847401840618,-0.06875540184061801
2528,4.8263364,4.895837899836965,-0.06950149983696541
2529,4.8329334,4.900675515070101,-0.06774211507010097
2530,4.8388963,4.903548375817422,-0.06465207581742227
2531,4.838077,4.903323901070023,-0.06524690107002318
2532,4.8267846,4.899050094416403,-0.07226549441640273
2533,4.8109317,4.891884781703791,-0.08095308170379045
2534,4.7910147,4.882437617882526,-0.0914229178825261
2535,4.7603683,4.871029282948707,-0.11066098294870752
2536,4.724253,4.857105083477778,-0.13285208347777822
2537,4.6810684,4.841225451563358,-0.1601570515633579
2538,4.6359057,4.845216777172988,-0.20931107717298758
2539,4.5966535,4.855004869446628,-0.2583513694466273
2540,4.562812,4.835850139139914,-0.2730381391399135
2541,4.5383124,4.80201689720923,-0.26370449720922995
2542,4.5219445,4.768674308126187,-0.2467298081261866
2543,4.512536,4.736002232424733,-0.22346623242473296
2544,4.5073676,4.70416314058222,-0.1967955405822197
2545,4.5033603,4.673300725148326,-0.16994042514832586
2546,4.498803,4.64353905415917,-0.14473605415917046
2547,4.489403,4.614982222720648,-0.12557922272064737
2548,4.4769745,4.587714450377789,-0.1107399503777895
2549,4.461904,4.561800566397423,-0.09989656639742339
2550,4.4484015,4.537286822839236,-0.08888532283923567
2551,4.4398108,4.514201975660232,-0.07439117566023157
2552,4.4374204,4.492558576442032,-0.055138176442032005
2553,4.442945,4.472354421015625,-0.02940942101562527
2554,4.4517236,4.453574105714926,-0.001850505714926065
2555,4.464347,4.436190646762944,0.028156353237055676
2556,4.4814224,4.4201671230666655,0.0612552769333341
2557,4.498459,4.405458307291023,0.09300069270897726
2558,4.5146475,4.3920122544361595,0.1226352455638402
2559,4.528483,4.379771821280107,0.1487111787198927
2560,4.5381985,4.368676094052709,0.16952240594729062
2561,4.5468225,4.358661705681105,0.18816079431889499
2562,4.554917,4.349664027981316,0.20525297201868398
2563,4.5625153,4.3416182282985645,0.2208970717014358
2564,4.56965,4.3344601842815935,0.2351898157184067
2565,4.5763545,4.328127254610699,0.24822724538930085
2566,4.5826607,4.32255890744192,0.2601017925580802
2567,4.5886016,4.317697211916592,0.2709043880834079
2568,4.59421,4.325627177262209,0.2685828227377911
2569,4.599519,4.335884541674912,0.2636344583250878
2570,4.604561,4.3376546525392214,0.2669063474607789
2571,4.609369,4.341149771541027,0.26821922845897284
2572,4.6139755,4.345347761464814,0.2686277385351854
2573,4.618414,4.349971741223377,0.26844225877662264
2574,4.6227164,4.3557039195130045,0.26701248048699533
2575,4.6269155,4.3629858410801745,0.26392965891982545
2576,4.631045,4.370562475180116,0.2604825248198841
2577,4.6351366,4.378186745722664,0.25694985427733563
2578,4.639224,4.38469520565784,0.2545287943421597
2579,4.643339,4.3875858772954865,0.25575312270451356
2580,4.647516,4.3889804606158505,0.25853553938414997
2581,4.6517854,4.390900387711214,0.260885012288786
2582,4.656182,4.393329068559856,0.2628529314401442
2583,4.6607375,4.395501959898208,0.2652355401017914
2584,4.6654854,4.397467866399385,0.26801753360061475
2585,4.670458,4.399642442687633,0.27081555731236673
2586,4.675688,4.401979706014744,0.27370829398525576
2587,4.681208,4.404285633039886,0.27692236696011374
2588,4.687052,4.406717570163717,0.28033442983628376
2589,4.693251,4.408982053309074,0.2842689466909265
2590,4.6998396,4.411259871883336,0.2885797281166642
2591,4.706849,4.413688693077458,0.2931603069225419
2592,4.714313,4.4161601204517344,0.2981528795482653
2593,4.7222643,4.418685157400178,0.30357914259982177
2594,4.730735,4.421872867517092,0.3088621324829077
2595,4.739758,4.425371584931447,0.3143864150685527
2596,4.7493668,4.42850267776391,0.32086412223608995
2597,4.7595935,4.430828697192819,0.32876480280718123
2598,4.770471,4.432912924508148,0.33755807549185146
2599,4.7820325,4.4353527133227235,0.34667978667727617
2600,4.79431,4.437933766439112,0.356376233560888
2601,4.8073373,4.440088626519688,0.3672486734803124
2602,4.8211465,4.442366527475775,0.37877997252422535
2603,4.8357706,4.444761216176027,0.391009383823973
2604,4.851242,4.447339357656776,0.40390264234322437
2605,4.867594,4.4495493388135,0.4180446611865003
2606,4.884859,4.452190787403868,0.4326682125961314
2607,4.9025307,4.454964159815831,0.44756654018416864
2608,4.911522,4.457945734723569,0.453576265276431
2609,4.90326,4.460573329188964,0.4426866708110362
2610,4.8779635,4.463215162885579,0.41474833711442116
2611,4.844724,4.465851017709606,0.37887298229039423
2612,4.8025217,4.4686554364471585,0.3338662635528413
2613,4.7530365,4.4712918689680095,0.2817446310319909
2614,4.6900125,4.47382419365246,0.21618830634754005
2615,4.625155,4.476210288688046,0.14894471131195441
2616,4.560841,4.478433091677823,0.08240790832217648
2617,4.494439,4.48043887226597,0.01400012773402981
2618,4.4422936,4.482061346690579,-0.03976774669057903
2619,4.3999023,4.483419076665029,-0.08351677666502866
2620,4.3700256,4.484475073939118,-0.11444947393911775
2621,4.3484225,4.485224551445298,-0.1368020514452981
2622,4.3352256,4.485681375481749,-0.15045577548174904
2623,4.32273,4.485811384273428,-0.16308138427342822
2624,4.315264,4.485610082741108,-0.17034608274110763
2625,4.3031125,4.485058924669519,-0.18194642466951905
2626,4.286476,4.4843046154548,-0.19782861545479946
2627,4.2688565,4.483364384163337,-0.21450788416333655
2628,4.2479334,4.482333354089225,-0.2343999540892252
2629,4.226567,4.481285566111203,-0.2547185661112028
2630,4.203331,4.480276309477503,-0.27694530947750273
2631,4.180241,4.479508757616514,-0.2992677576165139
2632,4.162143,4.479217776908683,-0.317074776908683
2633,4.1534586,4.479564484610434,-0.32610588461043477
2634,4.147573,4.480625896650078,-0.3330528966500772
2635,4.1491294,4.482567181280777,-0.33343778128077695
2636,4.1546164,4.485708773180079,-0.3310923731800788
2637,4.163381,4.490201498484753,-0.3268204984847527
2638,4.174396,4.496113916425607,-0.321717916425607
2639,4.1862845,4.503421904160483,-0.31713740416048264
2640,4.2005115,4.512300592640729,-0.31178909264072896
2641,4.2115197,4.522847758639268,-0.31132805863926816
2642,4.223464,4.535298713142405,-0.31183471314240485
2643,4.235151,4.5495182063393464,-0.31436720633934634
2644,4.237214,4.565337424684553,-0.328123424684553
2645,4.2345667,4.582918176436969,-0.34835147643696907
2646,4.2307916,4.602050564599415,-0.37125896459941554
2647,4.224424,4.622760453125715,-0.3983364531257152
2648,4.2106447,4.645076726466325,-0.4344320264663253
2649,4.213358,4.66884083156308,-0.45548283156307967
2650,4.218606,4.693675837177467,-0.4750698371774664
2651,4.2262,4.719384779170538,-0.49318477917053727
2652,4.235951,4.745950678511706,-0.509999678511706
2653,4.24767,4.773254030398681,-0.5255840303986803
2654,4.2611685,4.801107818431468,-0.5399393184314683
2655,4.2762566,4.829318385564698,-0.5530617855646982
2656,4.2927465,4.857760122961771,-0.5650136229617715
2657,4.3104486,4.886310708761928,-0.5758621087619282
2658,4.3291736,4.914780227329228,-0.585606627329228
2659,4.3487334,4.9430027680454485,-0.594269368045448
2660,4.3689384,4.970763541997409,-0.6018251419974092
2661,4.3896008,4.997991355593049,-0.6083905555930489
2662,4.41053,5.024678891350584,-0.6141488913505846
2663,4.431538,5.050638717956858,-0.619100717956858
2664,4.4524364,5.075628774966565,-0.6231923749665649
2665,4.4730353,5.099940209352721,-0.6269049093527208
2666,4.4931464,5.1232998433731245,-0.6301534433731248
2667,4.51258,5.145012991187351,-0.6324329911873514
2668,4.531148,5.165507348373925,-0.6343593483739252
2669,4.5486608,5.184628101379228,-0.6359673013792273
2670,4.56493,5.202303883236359,-0.6373738832363589
2671,4.5797663,5.218605853282591,-0.6388395532825912
2672,4.5929813,5.235318906440982,-0.6423376064409823
2673,4.6043854,5.255266791121435,-0.6508813911214348
2674,4.61379,5.2741629370148235,-0.6603729370148237
2675,4.621006,5.2874052063801935,-0.6663992063801931
2676,4.625845,5.296719636511864,-0.6708746365118641
2677,4.6281176,5.307590622780629,-0.6794730227806287
2678,4.6212606,5.3114841332429945,-0.6902235332429942
2679,4.6038165,5.302372360095774,-0.698555860095774
2680,4.5783615,5.29206667282586,-0.7137051728258603
2681,4.5446343,5.280524888290408,-0.7358905882904079
2682,4.502679,5.267718030426748,-0.765039030426748
2683,4.457223,5.253631539863967,-0.7964085398639673
2684,4.412091,5.238266256464539,-0.8261752564645386
2685,4.368854,5.221639129395128,-0.8527851293951283
2686,4.3266273,5.203783611645735,-0.8771563116457353
2687,4.2859607,5.184749702569683,-0.898789002569683
2688,4.24646,5.164603612548203,-0.918143612548203
2689,4.2102485,5.143427037512675,-0.9331785375126751
2690,4.1773148,5.12131604677769,-0.9440012467776899
2691,4.149815,5.098379604269406,-0.9485646042694054
2692,4.123342,5.074737759545513,-0.9513957595455134
2693,4.103774,5.050519559893954,-0.9467455598939543
2694,4.0879006,5.025860747401276,-0.9379601474012755
2695,4.074546,5.0009013145476215,-0.9263553145476218
2696,4.0661435,4.9757829981001125,-0.9096394981001126
2697,4.0604477,4.950646793427635,-0.8901990934276345
2698,4.056523,4.925630569581018,-0.8691075695810175
2699,4.057189,4.900866859545307,-0.8436778595453065
2700,4.0604434,4.876480890262844,-0.8160374902628442
2701,4.066404,4.852588903969209,-0.7861849039692084
2702,4.068695,4.829296806989668,-0.7606018069896683
2703,4.0722723,4.806699165523108,-0.7344268655231083
2704,4.0730615,4.784878551292846,-0.7118170512928463
2705,4.073399,4.763905224428468,-0.6905062244284679
2706,4.0728955,4.743837127551048,-0.6709416275510485
2707,4.0683036,4.7247201544858495,-0.6564165544858493
2708,4.064709,4.706588649714892,-0.641879649714892
2709,4.0578547,4.689466090674204,-0.6316113906742036
2710,4.0478845,4.673365904091481,-0.6254814040914809
2711,4.0356455,4.658292369344029,-0.6226468693440284
2712,4.021165,4.644241565760763,-0.6230765657607629
2713,4.003174,4.631202326305066,-0.6280283263050661
2714,3.983526,4.619157166576882,-0.6356311665768817
2715,3.9619086,4.608083165047015,-0.6461745650470148
2716,3.9401572,4.597952777458869,-0.6577955774588693
2717,3.9179807,4.588734575067115,-0.6707538750671151
2718,3.9022427,4.580393902559802,-0.678151202559802
2719,3.902935,4.572893456902318,-0.6699584569023185
2720,3.9057643,4.566193792754373,-0.6604294927543735
2721,3.9102807,4.5602537633984355,-0.6499730633984355
2722,3.9164054,4.55503090820365,-0.6386255082036505
2723,3.924059,4.561908062637757,-0.6378490626377569
2724,3.933162,4.570284147260922,-0.6371221472609219
2725,3.9436355,4.569715114807966,-0.6260796148079661
2726,3.9554,4.5694582753377855,-0.6140582753377855
2727,3.9683762,4.569439209708528,-0.6010630097085281
2728,3.982485,4.569730916894814,-0.5872459168948141
2729,3.9976473,4.570479002289772,-0.5728317022897715
2730,4.013784,4.571555638675172,-0.5577716386751721
2731,4.0308146,4.573036021280178,-0.5422214212801775
2732,4.0486617,4.575233405931374,-0.5265717059313735
2733,4.067245,4.578093168663613,-0.510848168663613
2734,4.086485,4.581485881462255,-0.4950008814622553
2735,4.1063027,4.585557112321601,-0.47925441232160093
2736,4.1266193,4.591562801383735,-0.4649435013837353
2737,4.1473556,4.600492373246384,-0.453136773246384
2738,4.1684318,4.605751582269065,-0.4373197822690651
2739,4.1897683,4.608047208225564,-0.418278908225564
2740,4.211287,4.609587798405532,-0.3983007984055327
2741,4.232908,4.610542766846455,-0.37763476684645525
2742,4.254552,4.611513718066557,-0.3569617180665565
2743,4.2761397,4.612522858211979,-0.33638315821197917
2744,4.297592,4.6140274898571585,-0.31643548985715864
2745,4.31883,4.616073532921969,-0.2972435329219687
2746,4.339774,4.617945335596049,-0.2781713355960491
2747,4.360345,4.618459680715434,-0.2581146807154342
2748,4.380463,4.618934194139353,-0.23847119413935314
2749,4.4000497,4.6192396288179625,-0.21918992881796218
2750,4.419026,4.6198377193358935,-0.2008117193358938
2751,4.4373116,4.620539916931382,-0.1832283169313822
2752,4.454828,4.62106323888423,-0.16623523888423009
2753,4.4714956,4.621662684117519,-0.1501670841175189
2754,4.4872355,4.622403452551232,-0.1351679525512326
2755,4.5019684,4.623322941393233,-0.12135454139323265
2756,4.5156145,4.624231401246628,-0.10861690124662804
2757,4.5280952,4.625151878388597,-0.0970566783885971
2758,4.5393314,4.625872653055998,-0.08654125305599791
2759,4.549243,4.626422117760583,-0.07717911776058362
2760,4.5577517,4.627532376213876,-0.06978067621387574
2761,4.5647774,4.628771283101507,-0.06399388310150744
2762,4.570241,4.628646088890839,-0.058405088890839174
2763,4.574064,4.628370923426591,-0.054306923426590714
2764,4.5761666,4.627957336569096,-0.05179073656909594
2765,4.5713553,4.627591958855188,-0.05623665885518836
2766,4.5292945,4.6272790829705635,-0.09798458297056367
2767,4.481879,4.626943897986517,-0.14506489798651678
2768,4.431951,4.62652464319171,-0.19457364319171067
2769,4.384224,4.626066950262337,-0.24184295026233738
2770,4.338658,4.625626573831233,-0.2869685738312331
2771,4.3049307,4.62523922265324,-0.3203085226532405
2772,4.2782364,4.624886403764008,-0.3466500037640081
2773,4.2608347,4.624450468631922,-0.3636157686319219
2774,4.251369,4.6239763116590975,-0.3726073116590971
2775,4.2432184,4.623608142603873,-0.3803897426038727
2776,4.2386713,4.623285899511033,-0.38461459951103283
2777,4.228559,4.623036865046911,-0.3944778650469116
2778,4.227102,4.62297234889747,-0.3958703488974695
2779,4.224254,4.622937231282379,-0.39868323128237915
2780,4.221577,4.6229727493379515,-0.40139574933795164
2781,4.2186103,4.623155943026192,-0.404545643026192
2782,4.217972,4.623546891399135,-0.4055748913991355
2783,4.2194924,4.624026313581892,-0.4045339135818917
2784,4.223281,4.62449424787855,-0.40121324787854995
2785,4.2295327,4.62510026128633,-0.3955675612863301
2786,4.234219,4.625703028768892,-0.39148402876889143
2787,4.244015,4.626417644834189,-0.3824026448341886
2788,4.25303,4.6272811405993215,-0.37425114059932163
2789,4.265185,4.628206535695709,-0.36302153569570894
2790,4.279773,4.6291688570900105,-0.34939585709001086
2791,4.2913218,4.630212313799908,-0.33889051379990764
2792,4.292081,4.63129191271652,-0.3392109127165206
2793,4.29332,4.63251287208762,-0.3391928720876205
2794,4.295389,4.633861660254934,-0.3384726602549337
2795,4.298251,4.635286380491835,-0.33703538049183557
2796,4.3018684,4.636642611610449,-0.3347742116104486
2797,4.3062024,4.637856539141085,-0.33165413914108477
2798,4.311216,4.639213522405894,-0.3279975224058944
2799,4.316871,4.640625354835299,-0.323754354835299
2800,4.3231306,4.641935643163218,-0.3188050431632181
2801,4.329956,4.643226279368585,-0.3132702793685844
2802,4.33731,4.644554001856345,-0.30724400185634426
2803,4.345155,4.645899295087724,-0.30074429508772393
2804,4.3534527,4.647259481545769,-0.29380678154576856
2805,4.3621655,4.6484343453145645,-0.28626884531456476
2806,4.3712564,4.649545300157131,-0.2782889001571309
2807,4.3806868,4.650718337141995,-0.27003153714199435
2808,4.390419,4.651764791685352,-0.2613457916853523
2809,4.400416,4.652910100896872,-0.25249410089687174
2810,4.4106393,4.6536129656858645,-0.24297366568586476
2811,4.4210515,4.6561187933404025,-0.23506729334040255
2812,4.431615,4.65826898358809,-0.22665398358808986
2813,4.4422917,4.658924653381223,-0.21663295338122257
2814,4.453044,4.659498109173891,-0.20645410917389118
2815,4.4638343,4.659880346670734,-0.1960460466707339
2816,4.474625,4.66022936789501,-0.18560436789501011
2817,4.485378,4.660360939876236,-0.17498293987623637
2818,4.4960556,4.6610208166533305,-0.16496521665333042
2819,4.50662,4.660988535488379,-0.1543685354883788
2820,4.5170336,4.6612767076910355,-0.1442431076910351
2821,4.527259,4.66149164200424,-0.1342326420042399
2822,4.5372577,4.661348049394091,-0.12409034939409125
2823,4.546993,4.660210227663709,-0.11321722766370979
2824,4.556426,4.6590392494473445,-0.1026132494473444
2825,4.56552,4.657488709472666,-0.091968709472666
2826,4.5742364,4.655580564403688,-0.08134416440368764
2827,4.5825377,4.653528708695828,-0.0709910086958283
2828,4.590387,4.651205186622737,-0.06081818662273708
2829,4.597745,4.648898650794758,-0.051153650794757866
2830,4.604575,4.646430539410941,-0.04185553941094167
2831,4.6108394,4.643491635738878,-0.03265223573887788
2832,4.6165004,4.640290863998916,-0.0237904639989166
2833,4.6215196,4.636973450481434,-0.015453850481433662
2834,4.6249695,4.633378687997013,-0.008409187997012957
2835,4.6107507,4.629564003673316,-0.01881330367331646
2836,4.587253,4.625561382219532,-0.038308382219532255
2837,4.56118,4.621353220573998,-0.06017322057399799
2838,4.535301,4.616903587239294,-0.0816025872392947
2839,4.513822,4.612643571347241,-0.09882157134724068
2840,4.4985223,4.608205479961922,-0.10968317996192134
2841,4.4907174,4.60363013784673,-0.11291273784673006
2842,4.4907217,4.598678434447089,-0.10795673444708864
2843,4.4969854,4.593889499976362,-0.09690409997636262
2844,4.506921,4.589148438801891,-0.08222743880189043
2845,4.518064,4.58459312030064,-0.06652912030063973
2846,4.52978,4.579965659910886,-0.05018565991088586
2847,4.541978,4.575493175993613,-0.03351517599361298
2848,4.5547333,4.571019759354913,-0.01628645935491324
2849,4.5695214,4.566686214798978,0.0028351852010217726
2850,4.5852246,4.562551342767433,0.022673257232566968
2851,4.5999994,4.55853432661265,0.04146507338735006
2852,4.6151266,4.554500230982378,0.06062636901762186
2853,4.6285377,4.55065854530238,0.0778791546976203
2854,4.6427493,4.546974353254764,0.09577494674523646
2855,4.6547885,4.543508866348094,0.11127963365190663
2856,4.667098,4.5402351885426775,0.1268628114573227
2857,4.6799774,4.537184740174918,0.1427926598250826
2858,4.693311,4.534347933063529,0.15896306693647055
2859,4.7077875,4.531838954136147,0.17594854586385367
2860,4.7229767,4.529660333404648,0.19331636659535256
2861,4.739322,4.527782192927593,0.21153980707240638
2862,4.75399,4.526163831034034,0.22782616896596597
2863,4.7686057,4.524849555179906,0.243756144820094
2864,4.7806373,4.523723237228023,0.25691406277197704
2865,4.7905374,4.522854640515692,0.2676827594843081
2866,4.7963834,4.522266671841777,0.27411672815822286
2867,4.791639,4.521905635646253,0.26973336435374673
2868,4.788106,4.521904112175555,0.26620188782444476
2869,4.7881236,4.522256903117954,0.26586669688204534
2870,4.788154,4.52281125624319,0.26534274375680944
2871,4.788196,4.523605141308408,0.2645908586915917
2872,4.788249,4.524732617053654,0.2635163829463467
2873,4.7883124,4.526030528920658,0.26228187107934176
2874,4.788386,4.5270971268946765,0.26128887310532356
2875,4.7884684,4.528324832645088,0.2601435673549126
2876,4.7885594,4.5315222362926395,0.2570371637073601
2877,4.788658,4.534948783093689,0.25370921690631043
2878,4.788764,4.537192060900445,0.2515719390995548
2879,4.7888765,4.539173686304772,0.24970281369522773
2880,4.7889943,4.541103050235072,0.24789124976492793
2881,4.7891173,4.542859808360813,0.2462574916391871
2882,4.789245,4.544957818718041,0.24428718128195914
2883,4.7893763,4.546839745416835,0.2425365545831646
2884,4.7895107,4.549001311035915,0.24050938896408525
2885,4.789647,4.551201862080103,0.2384451379198973
2886,4.789786,4.554006910852389,0.23577908914761103
2887,4.789925,4.555999149596733,0.23392585040326708
2888,4.790065,4.557717199919688,0.23234780008031208
2889,4.7902045,4.559345292952556,0.23085920704744378
2890,4.7903433,4.560358348803523,0.2299849511964771
2891,4.79048,4.561049383490045,0.2294306165099549
2892,4.7906146,4.561474434192035,0.2291401658079648
2893,4.7907457,4.561546042765146,0.22919965723485447
2894,4.790874,4.561197016699456,0.22967698330054365
2895,4.7909975,4.560228212512418,0.23076928748758174
2896,4.7911158,4.558786757281885,0.23232904271811528
2897,4.791229,4.556904622334953,0.23432437766504766
2898,4.791335,4.554530384555984,0.236804615444016
2899,4.7914343,4.551739979472875,0.23969432052712492
2900,4.791526,4.548754249268948,0.24277175073105184
2901,4.7916093,4.545226150485298,0.24638314951470175
2902,4.7916837,4.541131015862981,0.2505526841370189
2903,4.791748,4.536921206067956,0.2548267939320441
2904,4.791802,4.532362686979155,0.25943931302084433
2905,4.791845,4.527688393766948,0.26415660623305204
2906,4.791876,4.523435327516595,0.268440672483405
2907,4.791895,4.51875226195442,0.2731427380455802
2908,4.79153,4.513741075323681,0.27778892467631877
2909,4.797938,4.509024970083315,0.2889130299166851
2910,4.7977686,4.504567867413957,0.29320073258604307
2911,4.798763,4.49995133554853,0.29881166445147045
2912,4.7995934,4.495570353218766,0.30402304678123393
2913,4.804673,4.49154650287397,0.3131264971260306
2914,4.8101273,4.487814427004138,0.3223128729958624
2915,4.820077,4.48440596614917,0.3356710338508302
2916,4.82468,4.481269284700766,0.3434107152992336
2917,4.827021,4.478405025354034,0.3486159746459663
2918,4.829577,4.476049109107805,0.3535278908921944
2919,4.8295755,4.474056873037958,0.3555186269620414
2920,4.832257,4.472166842446752,0.36009015755324825
2921,4.8313956,4.470665218572604,0.36073038142739566
2922,4.8330994,4.469514351299769,0.363585048700231
2923,4.837783,4.468600501330868,0.3691824986691321
2924,4.8431177,4.467933540413037,0.3751841595869623
2925,4.847408,4.467396974499861,0.38001102550013854
2926,4.8482013,4.466918929019939,0.38128237098006146
2927,4.851972,4.466474678247447,0.3854973217525526
2928,4.8565574,4.466223763251228,0.390333636748772
2929,4.8611474,4.466059767966211,0.39508763203378905
2930,4.864781,4.466014808788054,0.398766191211946
2931,4.8666525,4.4660070912278975,0.4006454087721023
2932,4.8668866,4.465838411794435,0.4010481882055652
2933,4.8650765,4.465655561608551,0.3994209383914491
2934,4.8636236,4.465479779828447,0.39814382017155303
2935,4.8582816,4.465150836527908,0.39313076347209197
2936,4.8519406,4.464799797031403,0.387140802968597
2937,4.83731,4.464345770912081,0.3729642290879198
2938,4.811115,4.463822303840631,0.34729269615936875
2939,4.7759748,4.463190565460429,0.3127842345395715
2940,4.731465,4.462433717532351,0.2690312824676493
2941,4.686278,4.461769766653459,0.22450823334654046
2942,4.6845717,4.460988107392052,0.22358359260794813
2943,4.6854215,4.469356772456519,0.21606472754348172
2944,4.6867743,4.479195394689244,0.20757890531075596
2945,4.688604,4.47856674489769,0.21003725510230975
2946,4.690883,4.4784208018429545,0.2124621981570458
2947,4.693586,4.478576666869304,0.2150093331306957
2948,4.696685,4.478887822633621,0.21779717736637938
2949,4.700154,4.479928704103467,0.22022529589653317
2950,4.7039657,4.481246359329316,0.22271934067068422
2951,4.7080946,4.481973065332994,0.2261215346670058
2952,4.7125134,4.483186937324886,0.2293264626751137
2953,4.717195,4.484866449349081,0.2323285506509194
2954,4.7221136,4.486883540666823,0.2352300593331771
2955,4.727242,4.489103944106977,0.23813805589302373
2956,4.732554,4.491899935649163,0.2406540643508377
2957,4.7380223,4.494998288289843,0.24302401171015653
2958,4.7436204,4.498306223576797,0.24531417642320275
2959,4.7493224,4.502140217407909,0.24718218259209035
2960,4.7551003,4.506288947192192,0.24881135280780775
2961,4.7609286,4.51067238449104,0.2502562155089594
2962,4.7667804,4.515463589667646,0.2513168103323542
2963,4.7726283,4.5203364955277,0.25229180447229993
2964,4.7784467,4.52558607330416,0.2528606266958402
2965,4.7842083,4.53076505538643,0.25344324461357015
2966,4.7898865,4.535621374854027,0.2542651251459729
2967,4.795455,4.539785358832718,0.2556696411672812
2968,4.8008866,4.543128470756985,0.25775812924301533
2969,4.8061547,4.545882337852039,0.2602723621479601
2970,4.8112335,4.547465925788419,0.26376757421158104
2971,4.8160954,4.547916140083712,0.26817925991628844
2972,4.820714,4.54740507157022,0.2733089284297794
2973,4.8250623,4.545802248905196,0.2792600510948038
2974,4.829115,4.543486793817828,0.2856282061821718
2975,4.832844,4.540086273017351,0.2927577269826491
2976,4.8362226,4.536037254303124,0.3001853456968764
2977,4.839225,4.531637612153827,0.3075873878461728
2978,4.841824,4.526185825244497,0.31563817475550326
2979,4.8439937,4.520237506921273,0.3237561930787276
2980,4.8457065,4.513223722920204,0.3324827770797967
2981,4.8469357,4.504719622971556,0.3422160770284446
2982,4.847656,4.4952982061184485,0.3523577938815512
2983,4.8471766,4.485162859262399,0.3620137407376012
2984,4.8125653,4.474841549263515,0.337723750736485
2985,4.743165,4.464068141763257,0.279096858236743
2986,4.6595755,4.4526851247652965,0.20689037523470333
2987,4.5681634,4.440787883943548,0.12737551605645248
2988,4.4686193,4.428393886607053,0.04022541339294694
2989,4.3678546,4.416055347159004,-0.048200747159003576
2990,4.2698975,4.4039244870898795,-0.1340269870898796
2991,4.1806946,4.392114431801411,-0.2114198318014111
2992,4.1021,4.380509160892839,-0.2784091608928385
2993,4.0310855,4.369268059006303,-0.33818255900630323
2994,3.9703467,4.358911773477773,-0.38856507347777347
2995,3.9176428,4.3493735654278725,-0.4317307654278726
2996,3.872913,4.340851512660577,-0.46793851266057684
2997,3.8310754,4.333363432607437,-0.5022880326074373
2998,3.791735,4.326950603574246,-0.5352156035742457
2999,3.7574964,4.322054933596533,-0.5645585335965331
3000,3.7262933,4.318722555966097,-0.5924292559660973
3001,3.7016895,4.317083277044451,-0.6153937770444506
3002,3.6796405,4.3171955870519465,-0.6375550870519464
3003,3.6597934,4.319276110458463,-0.6594827104584633
3004,3.643715,4.323451866438721,-0.6797368664387213
3005,3.6353421,4.329575451829846,-0.6942333518298458
3006,3.6245215,4.337803553140105,-0.7132820531401052
3007,3.6193118,4.348042712055552,-0.7287309120555516
3008,3.6167538,4.360056251007932,-0.7433024510079318
3009,3.620066,4.373970079298415,-0.7539040792984149
3010,3.6306775,4.389624119767268,-0.7589466197672676
3011,3.6438358,4.406622174926446,-0.7627863749264461
3012,3.6584053,4.424727940428431,-0.7663226404284309
3013,3.679439,4.448851939109668,-0.7694129391096678
3014,3.7020922,4.472439947807515,-0.7703477478075147
3015,3.726356,4.492539502133325,-0.766183502133325
3016,3.7522273,4.512523969052677,-0.7602966690526771
3017,3.7797017,4.532757737938032,-0.7530560379380318
3018,3.808775,4.555324523348252,-0.7465495233482526
3019,3.8394437,4.583013155254127,-0.7435694552541272
3020,3.8717098,4.60687460564108,-0.7351648056410798
3021,3.905557,4.624686945160601,-0.719129945160601
3022,3.9409873,4.641695696435111,-0.7007083964351106
3023,3.9779968,4.676111701329733,-0.6981149013297325
3024,4.0165815,4.713236493657262,-0.6966549936572619
3025,4.0567374,4.735308673080288,-0.678571273080288
3026,4.1044216,4.748471080230175,-0.6440494802301746
3027,4.150819,4.760360998250815,-0.6095419982508146
3028,4.194446,4.771023497871969,-0.5765774978719689
3029,4.235388,4.780599669257204,-0.5452116692572035
3030,4.273729,4.7886755568173305,-0.5149465568173301
3031,4.3095527,4.795723205617109,-0.4861705056171086
3032,4.3429437,4.801697305961972,-0.4587536059619719
3033,4.3739862,4.806428211998828,-0.4324420119988277
3034,4.402765,4.811692830423299,-0.4089278304232993
3035,4.4293637,4.8157390097748225,-0.3863753097748228
3036,4.4538674,4.817703181046894,-0.36383578104689374
3037,4.47636,4.818489003800831,-0.34212900380083155
3038,4.496926,4.818089093150088,-0.32116309315008795
3039,4.51565,4.816885568201786,-0.3012355682017862
3040,4.532615,4.814643646466327,-0.2820286464663271
3041,4.547907,4.812576519316422,-0.26466951931642146
3042,4.5616093,4.837463195415162,-0.27585389541516214
3043,4.573807,4.854090984283556,-0.28028398428355583
3044,4.5845833,4.835773257381126,-0.2511899573811256
3045,4.5940237,4.8176602072829455,-0.22363650728294537
3046,4.602212,4.799758498066298,-0.19754649806629843
3047,4.6092324,4.782076176281522,-0.17284377628152203
3048,4.6151695,4.764623059858773,-0.14945355985877296
3049,4.620107,4.747410821485199,-0.12730382148519936
3050,4.6241302,4.730452735866746,-0.10632253586674612
3051,4.627323,4.713763099777502,-0.08644009977750233
3052,4.62977,4.697356382687254,-0.0675863826872547
3053,4.6315546,4.681246214651678,-0.04969161465167726
3054,4.632762,4.665444356921064,-0.03268235692106458
3055,4.633476,4.6499598210169255,-0.01648382101692558
3056,4.6337814,4.634798299047521,-0.0010168990475207806
3057,4.6446915,4.619962041308981,0.02472945869101917
3058,4.6534433,4.605450270344327,0.047993029655673425
3059,4.65727,4.591260160285095,0.06600983971490493
3060,4.657374,4.57738834484023,0.07998565515976974
3061,4.656635,4.56383285523456,0.09280214476543946
3062,4.656433,4.565263429316424,0.09116957068357578
3063,4.6478143,4.568310093438254,0.0795042065617464
3064,4.6453104,4.558084324089668,0.0872260759103316
3065,4.649049,4.547912465467554,0.1011365345324462
3066,4.6567655,4.538390444953112,0.11837505504688739
3067,4.658371,4.529388341678668,0.12898265832133138
3068,4.6648,4.520731438600054,0.14406856139994595
3069,4.6651983,4.512656251834158,0.15254204816584238
3070,4.6683044,4.504368455086098,0.16393594491390218
3071,4.6734138,4.496611618565535,0.17680218143446425
3072,4.669075,4.489320891433836,0.17975410856616403
3073,4.6808176,4.48282515654903,0.19799244345097033
3074,4.6915183,4.47713503669823,0.21438326330177038
3075,4.698994,4.47247994640543,0.22651405359456955
3076,4.702328,4.4690546389604675,0.2332733610395321
3077,4.7061563,4.4670911286589154,0.23906517134108451
3078,4.7126226,4.466357612227845,0.24626498777215566
3079,4.7145853,4.466726210070266,0.24785908992973482
3080,4.7158594,4.468155325804022,0.24770407419597795
3081,4.7120447,4.470600038718833,0.24144466128116715
3082,4.7085805,4.473883703572624,0.23469679642737606
3083,4.709094,4.477197415955569,0.23189658404443136
3084,4.7100034,4.481488658271138,0.228514741728862
3085,4.7112956,4.486652377602843,0.22464322239715706
3086,4.712958,4.492446611461708,0.22051138853829233
3087,4.714977,4.4986588802615595,0.21631811973844073
3088,4.717339,4.504431027518052,0.21290797248194782
3089,4.7200313,4.509854052184702,0.2101772478152979
3090,4.7230406,4.514835506807993,0.20820509319200742
3091,4.726353,4.519390525549585,0.20696247445041482
3092,4.7299566,4.523861415315124,0.20609518468487664
3093,4.733837,4.528188834923446,0.20564816507655426
3094,4.7379813,4.532180529164717,0.2058007708352836
3095,4.742377,4.5355991995539755,0.20677780044602478
3096,4.7470098,4.538630676672541,0.20837912332745923
3097,4.751867,4.54090568552316,0.2109613144768394
3098,4.7569346,4.5420616675057435,0.21487293249425665
3099,4.762201,4.542809165395886,0.2193918346041137
3100,4.7676516,4.543146223253415,0.22450537674658477
3101,4.7732735,4.545601335050446,0.22767216494955456
3102,4.7790537,4.54811901210572,0.23093468789428062
3103,4.784979,4.547734318655456,0.2372446813445439
3104,4.7910357,4.547094561794731,0.24394113820526897
3105,4.7972107,4.54635063776704,0.25086006223295954
3106,4.8034916,4.545720265137039,0.25777133486296133
3107,4.809864,4.545186952136893,0.2646770478631071
3108,4.8163157,4.544713641567703,0.2716020584322969
3109,4.8228326,4.544387192020202,0.278445407979798
3110,4.829402,4.5442564693956005,0.2851455306043995
3111,4.8360105,4.544464300276052,0.2915461997239488
3112,4.8426447,4.544728163445641,0.297916536554359
3113,4.849292,4.545072266834292,0.3042197331657084
3114,4.8559384,4.565807600332826,0.2901307996671747
3115,4.8625712,4.58262909038245,0.27994210961754984
3116,4.8691773,4.5755542936548315,0.29362300634516814
3117,4.8757424,4.568817491410454,0.30692490858954624
3118,4.8822546,4.56521761633346,0.3170369836665401
3119,4.8887,4.5622422012387185,0.32645779876128156
3120,4.8950653,4.557484050786366,0.33758124921363386
3121,4.9013376,4.553301726454567,0.34803587354543275
3122,4.9075036,4.549687919018025,0.35781568098197525
3123,4.91355,4.546732311045305,0.36681768895469524
3124,4.9194636,4.544013715849225,0.3754498841507754
3125,4.925231,4.541656621449597,0.3835743785504029
3126,4.930839,4.53971548129648,0.3911235187035196
3127,4.936275,4.538176609337316,0.3980983906626845
3128,4.941525,4.5370380978196065,0.40448690218039385
3129,4.9465756,4.535999675004859,0.4105759249951415
3130,4.9514146,4.535123584484041,0.4162910155159585
3131,4.956028,4.534409742449886,0.4216182575501142
3132,4.960403,4.533812641369025,0.4265903586309756
3133,4.9645257,4.5436111518984905,0.42091454810150974
3134,4.968384,4.56365858733671,0.4047254126632902
3135,4.9719634,4.575262312306895,0.3967010876931045
3136,4.975251,4.576992236372659,0.39825876362734114
3137,4.9782343,4.577905149561446,0.4003291504385533
3138,4.9808993,4.5782147756038185,0.4026845243961814
3139,4.9832335,4.578571373162208,0.4046621268377919
3140,4.985223,4.578705272392277,0.4065177276077234
3141,4.986855,4.578204203249752,0.4086507967502486
3142,4.988116,4.57751134476572,0.41060465523427947
3143,4.9889927,4.576439925352232,0.41255277464776796
3144,4.9894724,4.575145910535564,0.41432648946443607
3145,4.9799433,4.573551705832635,0.40639159416736526
3146,4.9429193,4.571562590046723,0.3713567099532771
3147,4.898708,4.569357843086717,0.32935015691328307
3148,4.855434,4.566838738054399,0.28859526194560114
3149,4.809433,4.563832860946993,0.24560013905300693
3150,4.757889,4.5604732074567265,0.19741579254327313
3151,4.7055435,4.556721175262672,0.1488223247373277
3152,4.656226,4.552510807584624,0.1037151924153763
3153,4.612592,4.547614362555976,0.06497763744402452
3154,4.5613623,4.542100260819543,0.019262039180456547
3155,4.514172,4.535974731240063,-0.02180273124006238
3156,4.5067725,4.529254115699307,-0.022481615699306623
3157,4.496703,4.5217096634362255,-0.025006663436225374
3158,4.4801254,4.51341572427877,-0.03329032427876921
3159,4.4659915,4.504350711553427,-0.03835921155342703
3160,4.448153,4.494532881761774,-0.046379881761774655
3161,4.408962,4.484011087258069,-0.07504908725806914
3162,4.3834457,4.472990211431261,-0.08954451143126096
3163,4.360554,4.461490494726548,-0.10093649472654853
3164,4.333434,4.449668054042298,-0.11623405404229814
3165,4.310674,4.437682257249318,-0.12700825724931875
3166,4.2882285,4.425807982678474,-0.13757948267847464
3167,4.2645974,4.414184489028201,-0.14958708902820028
3168,4.247378,4.403146311783845,-0.1557683117838451
3169,4.239413,4.3929724302048445,-0.15355943020484464
3170,4.240521,4.38389599445034,-0.14337499445033952
3171,4.2427106,4.376241651218436,-0.13353105121843623
3172,4.245954,4.37021230940959,-0.1242583094095897
3173,4.250224,4.366026841994887,-0.11580284199488666
3174,4.2554927,4.363850321727133,-0.10835762172713359
3175,4.2617326,4.3639638144219,-0.10223121442189953
3176,4.268915,4.366410364452696,-0.09749536445269591
3177,4.277014,4.371345097952931,-0.0943310979529306
3178,4.2860003,4.378801215510509,-0.09280091551050873
3179,4.2958474,4.388723254389985,-0.0928758543899848
3180,4.3065267,4.4011472429851874,-0.0946205429851874
3181,4.3180113,4.415966837896866,-0.09795553789686551
3182,4.330273,4.433023929241429,-0.10275092924142903
3183,4.343284,4.45208266643407,-0.10879866643406988
3184,4.357017,4.472746357278437,-0.11572935727843703
3185,4.371444,4.494898414848071,-0.12345441484807029
3186,4.3865385,4.518132296681231,-0.13159379668123083
3187,4.4022713,4.542050066547234,-0.1397787665472343
3188,4.418615,4.566680828285896,-0.14806582828589576
3189,4.435542,4.591886760504022,-0.15634476050402224
3190,4.4530253,4.616865706903167,-0.1638404069031667
3191,4.4710364,4.641240319234782,-0.1702039192347824
3192,4.489548,4.665367801437266,-0.1758198014372656
3193,4.508533,4.688381139100756,-0.17984813910075648
3194,4.527962,4.709705257368622,-0.1817432573686224
3195,4.5478096,4.73059731902126,-0.18278771902125968
3196,4.568046,4.7519675751217365,-0.18392157512173668
3197,4.588645,4.769850042661705,-0.18120504266170556
3198,4.609578,4.785163593919948,-0.17558559391994777
3199,4.630818,4.798226606699588,-0.16740860669958835
3200,4.652337,4.8092288343236165,-0.1568918343236163
3201,4.674107,4.8189311577657445,-0.1448241577657443
3202,4.6961007,4.826343795452786,-0.13024309545278623
3203,4.718291,4.831749958568621,-0.11345895856862143
3204,4.740649,4.835257694551233,-0.09460869455123255
3205,4.763148,4.837343897232091,-0.07419589723209086
3206,4.78576,4.841136838481841,-0.05537683848184116
3207,4.8084564,4.851322472729485,-0.04286607272948473
3208,4.831211,4.855571841464544,-0.02436084146454398
3209,4.8539953,4.849296426318257,0.004698873681743265
3210,4.8673067,4.841778254858802,0.02552844514119812
3211,4.85094,4.849893922402169,0.00104607759783093
3212,4.829122,4.865851514674384,-0.036729514674384234
3213,4.799638,4.861817154608551,-0.06217915460855128
3214,4.761831,4.837580366601927,-0.07574936660192666
3215,4.722435,4.8135970841578235,-0.09116208415782356
3216,4.6806893,4.789916534795372,-0.10922723479537222
3217,4.6419744,4.766583975557791,-0.12460957555779117
3218,4.6142197,4.743641019747024,-0.1294213197470242
3219,4.5938406,4.72112582684556,-0.12728522684555976
3220,4.5806375,4.6990731391992515,-0.1184356391992516
3221,4.570165,4.677514165551651,-0.10734916555165075
3222,4.5619497,4.656476328050608,-0.09452662805060719
3223,4.558643,4.6359829053866815,-0.07733990538668145
3224,4.5478787,4.616052619268505,-0.06817391926850469
3225,4.552804,4.59669922296575,-0.04389522296574988
3226,4.5665445,4.5779311574144606,-0.011386657414460544
3227,4.5808682,4.559751340903947,0.021116859096053098
3228,4.593377,4.542157151871103,0.05121984812889746
3229,4.6037793,4.525140650990886,0.07863864900911466
3230,4.6107354,4.508689069726524,0.10204633027347665
3231,4.5929804,4.49278556974753,0.10019483025247045
3232,4.6054754,4.477410253573831,0.12806514642616929
3233,4.6110883,4.462541383997749,0.14854691600225056
3234,4.6138577,4.448156750572478,0.16570094942752167
3235,4.6187997,4.434235107541075,0.18456459245892542
3236,4.627682,4.4340416025412805,0.19364039745871953
3237,4.635754,4.4351576837583035,0.20059631624169683
3238,4.649265,4.425094669935535,0.22417033006446463
3239,4.664323,4.41549544726453,0.2488275527354702
3240,4.6825814,4.406532053762469,0.2760493462375315
3241,4.699818,4.398481101073434,0.30133689892656523
3242,4.7143927,4.390973799848697,0.32341890015130303
3243,4.726538,4.3837209056576025,0.34281709434239716
3244,4.7380414,4.376713194211743,0.361328205788257
3245,4.7492986,4.370216079935987,0.37908252006401355
3246,4.7603073,4.3638268967806955,0.39648040321930456
3247,4.771066,4.357757419829413,0.4133085801705869
3248,4.781573,4.3518729557178295,0.42970004428217035
3249,4.7918234,4.346286139990311,0.4455372600096892
3250,4.801817,4.34178249902537,0.46003450097463006
3251,4.8115506,4.337980052128255,0.4735705478717449
3252,4.8210216,4.334911758498746,0.48610984150125347
3253,4.830228,4.332658338173598,0.49756966182640205
3254,4.8391666,4.330947096135864,0.5082195038641366
3255,4.847836,4.330005012784046,0.5178309872159543
3256,4.8562336,4.3303596884437,0.5258739115563005
3257,4.8643565,4.331665149065807,0.5326913509341935
3258,4.8722024,4.333877692631661,0.5383247073683393
3259,4.8797693,4.337474446490418,0.5422948535095822
3260,4.8870544,4.341950815694411,0.5451035843055889
3261,4.8940554,4.347195910980606,0.5468594890193943
3262,4.90077,4.3525072117692725,0.5482627882307272
3263,4.907195,4.358059012662625,0.5491359873373751
3264,4.9133286,4.364566759442622,0.5487618405573782
3265,4.9191694,4.371592654012097,0.5475767459879037
3266,4.924714,4.379040974917369,0.5456730250826309
3267,4.92996,4.389901720955022,0.5400582790449784
3268,4.9349046,4.400289883351714,0.534614716648286
3269,4.939546,4.408888388379808,0.5306576116201924
3270,4.943882,4.417673890714848,0.526208109285152
3271,4.94791,4.426211027025655,0.5216989729743453
3272,4.951627,4.4353115550617686,0.5163154449382317
3273,4.9550304,4.444797707998356,0.5102326920016438
3274,4.958119,4.454306544252717,0.5038124557472825
3275,4.96089,4.464151371250657,0.49673862874934294
3276,4.96334,4.474093869274972,0.48924613072502776
3277,4.9654675,4.484180093754724,0.48128740624527566
3278,4.9672704,4.496710761479483,0.4705596385205171
3279,4.9687457,4.5099454080944,0.45880029190560023
3280,4.9698906,4.520839444345661,0.44905115565433906
3281,4.9707036,4.5310778132465925,0.4396257867534077
3282,4.971182,4.541572204190891,0.4296097958091085
3283,4.966561,4.552069369683633,0.41449163031636616
3284,4.9315543,4.562096871910716,0.3694574280892846
3285,4.8955545,4.572994893202655,0.32255960679734486
3286,4.8602176,4.583607820311847,0.2766097796881537
3287,4.8268137,4.591184542945635,0.2356291570543645
3288,4.7990103,4.600888677743223,0.1981216222567772
3289,4.774276,4.607747773470829,0.166528226529171
3290,4.748741,4.61049333605318,0.13824766394681998
3291,4.729782,4.611833029743052,0.11794897025694784
3292,4.714942,4.612041025078281,0.10290097492171846
3293,4.704484,4.6112158900237965,0.09326810997620338
3294,4.695911,4.609182978269055,0.08672802173094496
3295,4.687379,4.606036229576973,0.08134277042302696
3296,4.677935,4.6018002945698795,0.07613470543012024
3297,4.6681356,4.596518961011289,0.0716166389887114
3298,4.6591544,4.590564474874139,0.06858992512586148
3299,4.6511874,4.5838519775412205,0.06733542245877988
3300,4.6461945,4.576466933859138,0.06972756614086162
3301,4.6443396,4.568712128486405,0.07562747151359517
3302,4.648214,4.560704069688727,0.08750993031127319
3303,4.6559415,4.552516837194197,0.10342466280580265
3304,4.6678185,4.54417366383742,0.12364483616257971
3305,4.6833572,4.535860867351035,0.14749633264896467
3306,4.7012396,4.527843701823666,0.17339589817633438
3307,4.721537,4.520142471717446,0.20139452828255333
3308,4.7422476,4.513004564641006,0.22924303535899337
3309,4.758027,4.506328365803505,0.2516986341964955
3310,4.7711673,4.500533863466544,0.27063343653345573
3311,4.78142,4.495001465310011,0.28641853468998857
3312,4.7911377,4.490111847571288,0.3010258524287126
3313,4.7943945,4.486065486940354,0.30832901305964633
3314,4.797505,4.482802604547044,0.3147023954529562
3315,4.801713,4.480376746754401,0.3213362532455992
3316,4.8053885,4.478700159318889,0.32668834068111163
3317,4.8122993,4.477889356554271,0.3344099434457295
3318,4.821508,4.477919460110832,0.3435885398891676
3319,4.831375,4.478764247217759,0.3526107527822413
3320,4.843557,4.480303278460412,0.36325372153958746
3321,4.8524284,4.482372158284266,0.3700562417157336
3322,4.8608003,4.485102838869935,0.3756974611300654
3323,4.868733,4.4883761122952235,0.38035688770477627
3324,4.8762493,4.492104892081596,0.384144407918404
3325,4.883374,4.496205379240576,0.38716862075942426
3326,4.8901315,4.5005369988987916,0.3895945011012083
3327,4.8965445,4.505007041192615,0.39153745880738544
3328,4.902637,4.509633702132676,0.3930032978673248
3329,4.9084334,4.5142099402168645,0.39422345978313533
3330,4.913957,4.518689466020419,0.39526753397958103
3331,4.9192324,4.52308592300319,0.39614647699680994
3332,4.9242826,4.527162300827265,0.3971202991727347
3333,4.929132,4.530805324412495,0.398326675587505
3334,4.9338036,4.534046556535336,0.399757043464664
3335,4.9383225,4.536819789104321,0.401502710895679
3336,4.942712,4.539002997944636,0.403709002055364
3337,4.9469957,4.555891995417253,0.391103704582747
3338,4.9511976,4.5723613528237745,0.3788362471762259
3339,4.955342,4.573122119762499,0.38221988023750075
3340,4.9594517,4.5737488946195395,0.3857028053804603
3341,4.9635515,4.572977250677361,0.39057424932263896
3342,4.9676647,4.570745622666627,0.39691907733337306
3343,4.9718156,4.5673012138428,0.40451438615720026
3344,4.976028,4.568011981830683,0.40801601816931754
3345,4.980325,4.569226075411865,0.4110989245881349
3346,4.9847317,4.56391603941206,0.42081566058794007
3347,4.9892707,4.554397248303548,0.4348734516964514
3348,4.9939666,4.5439167036583346,0.4500498963416657
3349,4.998843,4.532657787479851,0.46618521252014933
3350,5.003924,4.520708560726822,0.48321543927317734
3351,5.009233,4.5083012696246785,0.5009317303753216
3352,5.0147943,4.495752307961555,0.5190419920384448
3353,5.020632,4.483436635474874,0.5371953645251262
3354,5.0267687,4.470656615104084,0.5561120848959158
3355,5.0332294,4.457651839249407,0.5755775607505926
3356,5.0400376,4.444535095373517,0.5955025046264826
3357,5.047217,4.430921364909922,0.6162956350900775
3358,5.0536337,4.417059252799136,0.6365744472008634
3359,5.0454288,4.4034125370262345,0.6420162629737654
3360,5.0378766,4.389893230590224,0.6479833694097756
3361,5.0339303,4.376633781622267,0.6572965183777324
3362,5.0339727,4.363811649397665,0.670161050602335
3363,5.0318713,4.351364584100235,0.6805067158997646
3364,5.0318155,4.33935563230305,0.6924598676969502
3365,5.0358987,4.3278580060271725,0.7080406939728272
3366,5.0328565,4.317019957236217,0.7158365427637836
3367,5.038125,4.306867034944444,0.7312579650555557
3368,5.0436215,4.297221231233424,0.7464002687665765
3369,5.038369,4.288447293642465,0.7499217063575356
3370,5.027718,4.280395171472714,0.7473228285272864
3371,5.0211015,4.2730968610175815,0.7480046389824189
3372,5.014818,4.266434147434409,0.748383852565591
3373,5.0088606,4.260347985441555,0.7485126145584449
3374,5.0032225,4.254903027650247,0.7483194723497526
3375,4.997897,4.250187555536434,0.7477094444635659
3376,4.992878,4.246198199391069,0.7466798006089315
3377,4.9881577,4.242895765535809,0.7452619344641915
3378,4.98373,4.240361404066,0.7433685959340002
3379,4.979588,4.238684484668812,0.7409035153311878
3380,4.975725,4.238126887443781,0.7375981125562188
3381,4.9721346,4.238897397126303,0.7332372028736973
3382,4.96881,4.239879769277686,0.7289302307223142
3383,4.965744,4.241213275968816,0.724530724031184
3384,4.9629307,4.24378029448638,0.71915040551362
3385,4.9603624,4.246064348660427,0.7142980513395729
3386,4.958033,4.247976360575519,0.7100566394244812
3387,4.955936,4.251457850027817,0.704478149972183
3388,4.9540644,4.255623073086397,0.6984413269136027
3389,4.952411,4.265240093960857,0.6871709060391424
3390,4.9509697,4.27542072724708,0.67554897275292
3391,4.9497337,4.282815817547172,0.6669178824528279
3392,4.948696,4.290425085269349,0.6582709147306511
3393,4.9478507,4.297488137051856,0.6503625629481444
3394,4.94719,4.30740388441326,0.6397861155867401
3395,4.9467077,4.318274165645718,0.628433534354282
3396,4.9463973,4.327143140282047,0.6192541597179533
3397,4.9462514,4.335945906559923,0.6103054934400776
3398,4.947547,4.345051636156125,0.6024953638438753
3399,4.946189,4.354342397048265,0.5918466029517351
3400,4.946265,4.363836616002651,0.5824283839973496
3401,4.946403,4.373603303154867,0.5727996968451334
3402,4.94661,4.383701282273109,0.5629087177268906
3403,4.9468923,4.3942794127899285,0.5526128872100715
3404,4.947258,4.404712874870111,0.5425451251298883
3405,4.947713,4.415152750800026,0.5325602491999746
3406,4.9482646,4.428493566783026,0.5197710332169736
3407,4.9489202,4.440900787199106,0.5080194128008939
3408,4.949686,4.451097182190416,0.4985888178095834
3409,4.9505696,4.461354179544461,0.48921542045553856
3410,4.9515777,4.4718511812640696,0.4797265187359301
3411,4.9527173,4.482607051688085,0.47011024831191506
3412,4.953995,4.495571040597378,0.45842395940262204
3413,4.9554186,4.513579630668389,0.44183896933161115
3414,4.9569945,4.5282738944882075,0.4287206055117929
3415,4.9587297,4.53712238249654,0.4216073175034598
3416,4.960631,4.546584762994421,0.4140462370055795
3417,4.9627056,4.556151681003315,0.4065539189966847
3418,4.9649606,4.5661015049122184,0.39885909508778195
3419,4.967403,4.576432444057783,0.39097055594221697
3420,4.970039,4.587259585632321,0.38277941436767904
3421,4.9728765,4.598353576277719,0.3745229237222807
3422,4.9759216,4.609251970785482,0.3666696292145186
3423,4.9791822,4.620397229757015,0.3587849702429855
3424,4.9826646,4.631930230145898,0.3507343698541012
3425,4.986376,4.65653240333984,0.32984359666015983
3426,4.990323,4.679931747347608,0.3103912526523924
3427,4.9945135,4.689781898690768,0.30473160130923205
3428,4.9989533,4.698906767835221,0.30004653216477895
3429,5.00365,4.708327341253751,0.2953226587462492
3430,5.0086107,4.717588381819997,0.2910223181800031
3431,5.013842,4.726928059934751,0.28691394006524895
3432,5.019351,4.736247212049352,0.2831037879506484
3433,5.0251446,4.745250241628831,0.2798943583711688
3434,5.03123,4.7547102931465615,0.2765197068534384
3435,5.037614,4.763993398986095,0.2736206010139046
3436,5.044303,4.773144377267451,0.27115862273254887
3437,5.051305,4.782172328016867,0.26913267198313306
3438,5.058626,4.790874172889135,0.26775182711086565
3439,5.0662737,4.799090371507603,0.267183328492397
3440,5.074255,4.807175694170144,0.2670793058298564
3441,5.0825763,4.8156392189649315,0.26693708103506886
3442,5.0791297,4.823910754465655,0.2552189455343452
3443,5.038903,4.831420029924714,0.2074829700752865
3444,4.980423,4.839055613295617,0.14136738670438298
3445,4.937476,4.8465011182605915,0.09097488173940871
3446,4.8840485,4.853807088869345,0.03024141113065415
3447,4.8236356,4.860759789453101,-0.0371241894531007
3448,4.7784796,4.867212862619575,-0.08873326261957537
3449,4.7368155,4.873696967635588,-0.13688146763558873
3450,4.699585,4.879623066031245,-0.18003806603124506
3451,4.665294,4.885461760259985,-0.22016776025998475
3452,4.637657,4.890699575387951,-0.2530425753879513
3453,4.6133432,4.895277428331778,-0.28193422833177806
3454,4.5962195,4.899955136517416,-0.3037356365174162
3455,4.581158,4.904184063486683,-0.32302606348668306
3456,4.565873,4.907741064001106,-0.3418680640011065
3457,4.552911,4.910969799054053,-0.3580587990540529
3458,4.5396433,4.913036837676201,-0.3733935376762014
3459,4.532595,4.913867496944846,-0.3812724969448462
3460,4.5263085,4.914792061214234,-0.3884835612142341
3461,4.53107,4.915779522087619,-0.3847095220876193
3462,4.5435877,4.916760545390233,-0.37317284539023365
3463,4.558175,4.917917891421009,-0.3597428914210088
3464,4.5769,4.920148279122119,-0.3432482791221192
3465,4.6033444,4.922607779516941,-0.31926337951694084
3466,4.6310697,4.92398857061639,-0.2929188706163899
3467,4.6613607,4.925785150162758,-0.26442445016275773
3468,4.6892776,4.927296119683245,-0.23801851968324517
3469,4.712217,4.927621237340861,-0.21540423734086112
3470,4.7388687,4.927742199093759,-0.1888734990937584
3471,4.7649655,4.927435438940511,-0.16246993894051087
3472,4.78863,4.927095085228967,-0.13846508522896706
3473,4.8025794,4.926565350455915,-0.1239859504559151
3474,4.806664,4.926177875293336,-0.11951387529333601
3475,4.811182,4.926234193381961,-0.11505219338196149
3476,4.8161077,4.927526509724272,-0.1114188097242721
3477,4.821423,4.927545416832377,-0.10612241683237666
3478,4.8271103,4.926826593544815,-0.09971629354481504
3479,4.8331513,4.925446724366312,-0.09229542436631188
3480,4.839528,4.923048676036797,-0.08352067603679725
3481,4.8462224,4.920428742409148,-0.07420634240914747
3482,4.853217,4.917831908465968,-0.06461490846596796
3483,4.8604937,4.915366161822801,-0.05487246182280092
3484,4.8680344,4.913130599347747,-0.04509619934774722
3485,4.875821,4.911166299253609,-0.035345299253608964
3486,4.8838363,4.909395158666966,-0.025558858666966167
3487,4.892061,4.907803340849712,-0.015742340849712377
3488,4.9004784,4.907267792927168,-0.006789392927168514
3489,4.90907,4.905458259095729,0.0036117409042706328
3490,4.9178185,4.903309761110392,0.014508738889608352
3491,4.926705,4.901039186062629,0.025665813937370885
3492,4.935712,4.898844451751943,0.036867548248056714
3493,4.9448214,4.896717399540884,0.04810400045911667
3494,4.9540153,4.894780146838053,0.059235153161947274
3495,4.963276,4.893058377978603,0.07021762202139659
3496,4.972585,4.891299643258407,0.08128535674159298
3497,4.9819255,4.891222250771791,0.09070324922820916
3498,4.9912786,4.891178228257821,0.10010037174217956
3499,5.000626,4.8895370229895425,0.11108897701045706
3500,5.009951,4.888070406163672,0.12188059383632766
3501,5.0192347,4.887091986144447,0.13214271385555332
3502,5.028459,4.886270275503825,0.14218872449617503
3503,5.0376067,4.885902661974985,0.15170403802501564
3504,5.04666,4.885958014384089,0.1607019856159111
3505,5.0555997,4.886248435694934,0.16935126430506653
3506,5.064409,4.885714024292747,0.1786949757072538
3507,5.073069,4.885538782633984,0.1875302173660165
3508,5.081563,4.885366977515427,0.1961960224845729
3509,5.0898724,4.885265796909145,0.20460660309085466
3510,5.097979,4.8855166917078074,0.21246230829219215
3511,5.105865,4.886114433853451,0.21975056614654864
3512,5.1135125,4.887321449011091,0.22619105098890913
3513,5.120903,4.888372561451264,0.23253043854873656
3514,5.1280193,4.889268014864302,0.23875128513569788
3515,5.1348443,4.890514580206184,0.24432971979381612
3516,5.1413584,4.891632419496748,0.24972598050325168
3517,5.1475444,4.892898226710146,0.25464617328985373
3518,5.1533847,4.893962123566734,0.25942257643326627
3519,5.1588607,4.894776172825312,0.26408452717468833
3520,5.1639543,4.8957010452779395,0.26825325472206085
3521,5.1686482,4.896583833025389,0.272064366974611
3522,5.1729245,4.8974298424487674,0.27549465755123226
3523,5.1767645,4.898169587034132,0.27859491296586825
3524,5.180151,4.898954024731576,0.2811969752684247
3525,5.1830654,4.89982259671674,0.2832428032832599
3526,5.18549,4.900479754626255,0.2850102453737451
3527,5.1874075,4.901046980780881,0.28636051921911854
3528,5.188799,4.901622079647491,0.2871769203525094
3529,5.1896467,4.902188950990269,0.28745774900973053
3530,5.1882043,4.902776871556975,0.2854274284430245
3531,5.174445,4.9032277038411065,0.2712172961588939
3532,5.154384,4.903721914816128,0.25066208518387256
3533,5.1243067,4.904133625630193,0.22017307436980715
3534,5.080294,4.904457431977167,0.17583656802283354
3535,5.0240545,4.904916152723749,0.11913834727625083
3536,4.9568353,4.90523368422546,0.05160161577453959
3537,4.8837366,4.905618372788533,-0.021881772788533205
3538,4.808174,4.905813275114649,-0.09763927511464843
3539,4.7280765,4.905943323846461,-0.17786682384646113
3540,4.647277,4.906046408276029,-0.258769408276029
3541,4.5695996,4.905948320783538,-0.33634872078353784
3542,4.500651,4.906037574878701,-0.4053865748787002
3543,4.443536,4.906086387181509,-0.4625503871815093
3544,4.3971567,4.905894032715421,-0.5087373327154205
3545,4.357957,4.905893306854493,-0.5479363068544929
3546,4.325637,4.905823792342786,-0.5801867923427855
3547,4.305576,4.905586836048451,-0.6000108360484511
3548,4.306969,4.90528675656674,-0.5983177565667406
3549,4.3099737,4.9047439511894,-0.5947702511894004
3550,4.314516,4.904131224021331,-0.5896152240213306
3551,4.3205247,4.903437508998675,-0.5829128089986746
3552,4.3279276,4.902540950412203,-0.5746133504122035
3553,4.3366513,4.9015148453293325,-0.5648635453293327
3554,4.3466244,4.900270193189088,-0.5536457931890881
3555,4.3577747,4.898919812067992,-0.5411451120679915
3556,4.370029,4.897413891892508,-0.5273848918925079
3557,4.383316,4.895758715868429,-0.5124427158684295
3558,4.397563,4.894020741673877,-0.49645774167387735
3559,4.4126973,4.891985038174125,-0.4792877381741256
3560,4.428647,4.889838754561364,-0.46119175456136396
3561,4.44534,4.887493301354098,-0.44215330135409836
3562,4.462704,4.8849575708757556,-0.422253570875756
3563,4.4806666,4.882299867926911,-0.40163326792691123
3564,4.499155,4.879223183823105,-0.3800681838231048
3565,4.5180974,4.8759273545443875,-0.35782995454438726
3566,4.537421,4.8725021481789454,-0.3350811481789453
3567,4.557054,4.868816932148124,-0.3117629321481239
3568,4.5769243,4.864873265088525,-0.28794896508852474
3569,4.596959,4.860551573050827,-0.2635925730508273
3570,4.617086,4.856037301281665,-0.23895130128166553
3571,4.6372333,4.851392008119264,-0.21415870811926396
3572,4.6573277,4.846508627780757,-0.18918092778075746
3573,4.677298,4.841409284156071,-0.16411128415607035
3574,4.6970716,4.835989409565227,-0.1389178095652266
3575,4.716576,4.830294949100819,-0.11371894910081881
3576,4.7357388,4.824349171458369,-0.08861037145836903
3577,4.7544875,4.8181412451049574,-0.06365374510495769
3578,4.7727504,4.811742089802901,-0.03899168980290124
3579,4.790455,4.8051625401051625,-0.014707540105162842
3580,4.807529,4.798649199697975,0.008879800302024954
3581,4.8238997,4.792129834866009,0.03176986513399083
3582,4.839495,4.785477372105014,0.05401762789498665
3583,4.8542433,4.778756815115877,0.07548648488412368
3584,4.888828,4.77204020029397,0.11678779970602982
3585,4.8832526,4.765464642892086,0.11778795710791368
3586,4.89516,4.758952618974951,0.1362073810250486
3587,4.8940234,4.752725346211905,0.1412980537880948
3588,4.887063,4.746855071871334,0.14020792812866656
3589,4.8689294,4.741273369769023,0.12765603023097682
3590,4.8449545,4.7361542183370045,0.1088002816629956
3591,4.8145285,4.731617524164113,0.0829109758358868
3592,4.775844,4.7276424444947525,0.04820155550524774
3593,4.7390814,4.7242059598740305,0.014875440125969419
3594,4.685196,4.7213811852343515,-0.0361851852343511
3595,4.6533127,4.719427328010489,-0.06611462801048873
3596,4.625934,4.718377288741295,-0.09244328874129515
3597,4.6063647,4.717977863516573,-0.11161316351657291
3598,4.594601,4.718173348498749,-0.12357234849874921
3599,4.589091,4.719063016258674,-0.12997201625867394
3600,4.589168,4.720682649753403,-0.1315146497534032
3601,4.591685,4.723087044653259,-0.13140204465325933
3602,4.595214,4.726530128375932,-0.1313161283759312
3603,4.598162,4.730729423818113,-0.13256742381811293
3604,4.600877,4.735141484482794,-0.13426448448279427
3605,4.601035,4.740016908251518,-0.1389819082515178
3606,4.598704,4.745237021579382,-0.14653302157938253
3607,4.5962873,4.75104368521991,-0.1547563852199101
3608,4.5918665,4.757838298714217,-0.1659717987142173
3609,4.586815,4.764641046670855,-0.17782604667085522
3610,4.580791,4.770909494142996,-0.19011849414299675
3611,4.574017,4.777982024073416,-0.20396502407341544
3612,4.568745,4.784622986501274,-0.21587798650127432
3613,4.563968,4.7916281275610375,-0.22766012756103748
3614,4.558766,4.798732816901048,-0.23996681690104804
3615,4.548958,4.805607700220899,-0.2566497002208994
3616,4.533105,4.812964899393394,-0.2798598993933936
3617,4.5105186,4.819982148599133,-0.3094635485991333
3618,4.483027,4.826057914226081,-0.34303091422608123
3619,4.454676,4.832388670548612,-0.377712670548612
3620,4.429134,4.838429243486916,-0.40929524348691526
3621,4.408966,4.844888506775136,-0.43592250677513533
3622,4.391253,4.8509851281684195,-0.4597321281684197
3623,4.377897,4.856209331829747,-0.47831233182974664
3624,4.3676934,4.860147924012094,-0.49245452401209366
3625,4.368064,4.862889834931032,-0.4948258349310315
3626,4.3695173,4.865250818071567,-0.4957335180715665
3627,4.3718257,4.866757674620825,-0.49493197462082517
3628,4.3749776,4.867419535045967,-0.49244193504596634
3629,4.37896,4.867751691191895,-0.4887916911918948
3630,4.38376,4.868183634885048,-0.48442363488504814
3631,4.3893657,4.875360178959152,-0.48599447895915215
3632,4.3957644,4.881853299210091,-0.4860888992100909
3633,4.402943,4.8796104845251,-0.4766674845251
3634,4.41089,4.87525316750214,-0.4643631675021398
3635,4.419592,4.870690123960969,-0.4510981239609695
3636,4.429037,4.865925482344375,-0.43688848234437483
3637,4.4392123,4.8613250843066975,-0.4221127843066972
3638,4.4501033,4.857386113343145,-0.4072828133431443
3639,4.4617004,4.8535783438248865,-0.3918779438248867
3640,4.473991,4.8497277865844906,-0.3757367865844907
3641,4.4869614,4.845963096769251,-0.3590016967692504
3642,4.5006,4.842306160311101,-0.3417061603111007
3643,4.514893,4.83906123670803,-0.3241682367080303
3644,4.5298285,4.835954243080322,-0.30612574308032237
3645,4.5453935,4.832961197537954,-0.28756769753795375
3646,4.5615764,4.830446619602828,-0.2688702196028281
3647,4.5783644,4.828146520984802,-0.24978212098480235
3648,4.5957446,4.826321657786059,-0.23057705778605886
3649,4.6137047,4.82483317012046,-0.21112847012045943
3650,4.6322317,4.823609468121967,-0.19137776812196705
3651,4.651314,4.822652220548099,-0.17133822054809844
3652,4.6709375,4.822018032135421,-0.15108053213542139
3653,4.6910915,4.821761290734291,-0.13066979073429152
3654,4.711763,4.8217079534218446,-0.10994495342184418
3655,4.7329383,4.821787107038765,-0.08884880703876519
3656,4.754606,4.8221482830719555,-0.06754228307195564
3657,4.776753,4.822504401414543,-0.04575140141454259
3658,4.7993674,4.822763847756563,-0.023396447756562466
3659,4.8224354,4.8227284861804085,-0.00029308618040868595
3660,4.8459463,4.822567743565684,0.023378556434315634
3661,4.8698864,4.82251853487866,0.04736786512134028
3662,4.894243,4.822640822195832,0.07160217780416822
3663,4.9180818,4.8231132514790085,0.0949685485209919
3664,4.9254556,4.823424256746463,0.10203134325353691
3665,4.9246716,4.823702058689805,0.10096954131019498
3666,4.912601,4.824053041762379,0.08854795823762185
3667,4.8887253,4.824379347954375,0.06434595204562488
3668,4.849088,4.825050968017938,0.024037031982062196
3669,4.7989326,4.825647672057212,-0.02671507205721202
3670,4.741778,4.825447807133125,-0.08366980713312522
3671,4.6839643,4.825572024367648,-0.14160772436764724
3672,4.6342382,4.826171667516809,-0.19193346751680895
3673,4.578415,4.827569971563956,-0.24915497156395627
3674,4.5331397,4.828103885660075,-0.2949641856600742
3675,4.4904914,4.828448009686245,-0.33795660968624563
3676,4.462855,4.829088098284278,-0.36623309828427786
3677,4.4183087,4.827531165232835,-0.4092224652328351
3678,4.3931055,4.82591860100189,-0.43281310100188986
3679,4.3680396,4.824231345790371,-0.45619174579037036
3680,4.34421,4.822690315707376,-0.47848031570737604
3681,4.3257666,4.821183489439527,-0.495416889439527
3682,4.3151627,4.818400410028479,-0.5032377100284791
3683,4.3135824,4.815153095828498,-0.501570695828498
3684,4.320739,4.811851780836715,-0.4911127808367155
3685,4.333107,4.808758589387585,-0.475651589387585
3686,4.3504944,4.805713033536776,-0.4552186335367763
3687,4.373084,4.802657696600429,-0.42957369660042843
3688,4.401824,4.799918941299789,-0.39809494129978873
3689,4.433831,4.797326804498051,-0.36349580449805163
3690,4.466156,4.795317395924543,-0.32916139592454297
3691,4.499503,4.793409547009398,-0.29390654700939844
3692,4.5325155,4.790327093121851,-0.2578115931218514
3693,4.5637403,4.7866729337805145,-0.22293263378051442
3694,4.5939264,4.783162225105679,-0.18923582510567893
3695,4.6200366,4.7797944910541705,-0.15975789105417082
3696,4.643861,4.7766191470542845,-0.13275814705428424
3697,4.645176,4.773467500021887,-0.12829150002188694
3698,4.646395,4.770655791873419,-0.12426079187341887
3699,4.648539,4.768019280843947,-0.11948028084394657
3700,4.6515594,4.765621677998992,-0.11406227799899238
3701,4.655409,4.7632898058997135,-0.10788080589971383
3702,4.66004,4.761625094348039,-0.10158509434803875
3703,4.6654043,4.760558337752247,-0.09515403775224751
3704,4.6714554,4.758667492896302,-0.08721209289630227
3705,4.678145,4.757142310290662,-0.07899731029066182
3706,4.6854258,4.755436351735595,-0.0700105517355949
3707,4.6932497,4.753447300454986,-0.06019760045498579
3708,4.7015696,4.7517410244783145,-0.050171424478314464
3709,4.7103376,4.750311401525883,-0.03997380152588281
3710,4.7195063,4.748932706741599,-0.029426406741599465
3711,4.729028,4.747761010508095,-0.018733010508095838
3712,4.7388554,4.7465151625713435,-0.007659762571343265
3713,4.7489405,4.745175953177511,0.0037645468224889456
3714,4.759236,4.743959655649365,0.015276344350634297
3715,4.769694,4.742718309962478,0.026975690037522426
3716,4.780267,4.741497812716289,0.03876918728371148
3717,4.790907,4.740327992501888,0.050579007498111395
3718,4.801567,4.739206652151669,0.06236034784833144
3719,4.8121996,4.7381025253902145,0.0740970746097851
3720,4.822757,4.736860370863689,0.08589662913631102
3721,4.833191,4.73564147044656,0.0975495295534401
3722,4.8434544,4.73440972204355,0.10904467795645001
3723,4.8535,4.733343620518108,0.12015637948189273
3724,4.8632793,4.7323539923479645,0.1309253076520358
3725,4.8727455,4.731190049169211,0.14155545083078902
3726,4.8818507,4.730007790336543,0.15184290966345682
3727,4.8905478,4.728820428880958,0.16172737111904212
3728,4.898788,4.727682093570854,0.1711059064291458
3729,4.906525,4.726623679227072,0.1799013207729283
3730,4.91371,4.725362547166648,0.1883474528333524
3731,4.9202967,4.724206468445551,0.19609023155444838
3732,4.9262366,4.723103680145781,0.20313291985421955
3733,4.9314823,4.721970482727398,0.2095118172726016
3734,4.9359865,4.72065975280379,0.21532674719620992
3735,4.939701,4.719345191014215,0.22035580898578555
3736,4.9425783,4.7182825536778905,0.22429574632210958
3737,4.9445715,4.717168496843136,0.2274030031568639
3738,4.9456325,4.716001576128281,0.2296309238717189
3739,4.9447937,4.7148998916042935,0.2298938083957065
3740,4.936421,4.713708279468748,0.22271272053125202
3741,4.914594,4.712700376174739,0.20189362382526088
3742,4.8876123,4.711702942901487,0.1759093570985124
3743,4.8595505,4.710499282031166,0.14905121796883414
3744,4.817454,4.709286951384299,0.1081670486157007
3745,4.806193,4.707966697951299,0.09822630204870109
3746,4.7985787,4.706668085923933,0.09191061407606682
3747,4.7905536,4.70531975250284,0.08523384749716012
3748,4.785641,4.7039182448083094,0.08172275519169059
3749,4.785174,4.702479016165845,0.08269498383415463
3750,4.7847314,4.700894829534971,0.08383657046502879
3751,4.7842712,4.699345138513829,0.0849260614861711
3752,4.784085,4.697768497609698,0.08631650239030186
3753,4.7859488,4.696140354063788,0.08980844593621207
3754,4.7875824,4.694540528774782,0.09304187122521768
3755,4.7901993,4.69313843346368,0.09706086653631996
3756,4.796623,4.691992893214425,0.10463010678557527
3757,4.804862,4.6910696946767585,0.11379230532324147
3758,4.812355,4.690572203683005,0.12178279631699507
3759,4.8182993,4.6907174428246305,0.12758185717536907
3760,4.821094,4.691377236341214,0.12971676365878615
3761,4.81992,4.692789139898611,0.12713086010138852
3762,4.8150306,4.695037935741631,0.11999266425836908
3763,4.805917,4.698384531398296,0.10753246860170407
3764,4.7962365,4.70284060749336,0.09339589250664027
3765,4.7925043,4.708573838561873,0.08393046143812732
3766,4.780729,4.715486830824532,0.06524216917546788
3767,4.7723227,4.723692292180116,0.048630407819883814
3768,4.7644525,4.733316285177553,0.031136214822446995
3769,4.7586484,4.744380674719611,0.014267725280388888
3770,4.7540884,4.756545441571753,-0.0024570415717537486
3771,4.749008,4.770093100661494,-0.021085100661494494
3772,4.7389407,4.784934041946488,-0.045993341946488187
3773,4.7246976,4.801141608813544,-0.07644400881354407
3774,4.70886,4.818563683095926,-0.10970368309592615
3775,4.6912055,4.8366045318505515,-0.1453990318505518
3776,4.689979,4.855517258477656,-0.1655382584776559
3777,4.6911077,4.875249697487149,-0.1841419974871492
3778,4.692938,4.89560828836458,-0.20267028836458056
3779,4.6954274,4.916375110368652,-0.22094771036865257
3780,4.698534,4.937326224369181,-0.23879222436918024
3781,4.702216,4.958837285663298,-0.25662128566329834
3782,4.7064314,4.9804781782921745,-0.27404677829217494
3783,4.7111373,5.001974913410299,-0.29083761341029923
3784,4.7162924,5.023402682301036,-0.30711028230103565
3785,4.721854,5.044636172731785,-0.32278217273178456
3786,4.727781,5.0655864623432,-0.33780546234319964
3787,4.73403,5.086189042855209,-0.3521590428552095
3788,4.74056,5.106488349624703,-0.3659283496247028
3789,4.7473283,5.126290729933611,-0.37896242993361096
3790,4.754293,5.145492319303195,-0.39119931930319574
3791,4.7614117,5.164173357913484,-0.4027616579134836
3792,4.768643,5.182098269578239,-0.41345526957823875
3793,4.7759447,5.199215287534489,-0.4232705875344891
3794,4.783274,5.215695651722772,-0.43242165172277236
3795,4.7905893,5.231490780900335,-0.4409014809003349
3796,4.7978487,5.24640741751295,-0.44855871751294973
3797,4.80501,5.260882814198252,-0.4558728141982522
3798,4.812031,5.27400091024683,-0.46196991024682976
3799,4.818869,5.285681168212564,-0.4668121682125639
3800,4.8254833,5.296234444080982,-0.47075114408098173
3801,4.8318305,5.3074667250334535,-0.4756362250334538
3802,4.8378696,5.334037476177067,-0.4961678761770667
3803,4.8435574,5.35535802019476,-0.5118006201947605
3804,4.848853,5.35535802019476,-0.5065050201947603
3805,4.8537135,5.35535802019476,-0.5016445201947608
3806,4.8580966,5.35535802019476,-0.4972614201947607
3807,4.861961,5.35535802019476,-0.4933970201947604
3808,4.8652644,5.35535802019476,-0.4900936201947603
3809,4.8679643,5.35535802019476,-0.4873937201947607
3810,4.870019,5.35535802019476,-0.4853390201947603
3811,4.871386,5.35535802019476,-0.48397202019476016
3812,4.872024,5.35535802019476,-0.4833340201947607
3813,4.8593116,5.35535802019476,-0.49604642019476053
3814,4.8926535,5.35535802019476,-0.4627045201947606
3815,4.9153256,5.35535802019476,-0.4400324201947603
3816,4.9090815,5.35535802019476,-0.4462765201947603
3817,4.8996916,5.35535802019476,-0.45566642019476067
3818,4.898498,5.35535802019476,-0.45686002019476035
3819,4.8958063,5.35535802019476,-0.4595517201947601
3820,4.8917313,5.35535802019476,-0.46362672019476037
3821,4.886388,5.35535802019476,-0.4689700201947602
3822,4.8798914,5.35535802019476,-0.4754666201947604
3823,4.872358,5.35535802019476,-0.4830000201947602
3824,4.8639016,5.35535802019476,-0.4914564201947602
3825,4.8546386,5.35535802019476,-0.50071942019476
3826,4.844684,5.35535802019476,-0.5106740201947604
3827,4.834153,5.35535802019476,-0.5212050201947607
3828,4.8231606,5.35535802019476,-0.5321974201947608
3829,4.811823,5.35535802019476,-0.54353502019476
3830,4.8002543,5.35535802019476,-0.5551037201947606
3831,4.7885704,5.35535802019476,-0.5667876201947601
3832,4.7768865,5.35535802019476,-0.5784715201947606
3833,4.765318,5.35535802019476,-0.5900400201947607
3834,4.7539797,5.355358020194722,-0.6013783201947218
3835,4.7429876,5.355358020191052,-0.612370420191052
3836,4.7324567,5.3553580200992075,-0.6229013200992073
3837,4.7225018,5.355358019012734,-0.6328562190127345
3838,4.713239,5.355358011098609,-0.6421190110986092
3839,4.704783,5.355357970132902,-0.6505749701329018
3840,4.6972494,5.355357805653412,-0.6581084056534126
3841,4.690753,5.35535726287228,-0.6646042628722801
3842,4.6854095,5.355355730044016,-0.6699462300440162
3843,4.6813345,5.355351915621622,-0.6740174156216217
3844,4.6786427,5.3553433663617716,-0.6767006663617714
3845,4.677449,5.355325816742093,-0.677876816742093
3846,4.691971,5.35529238674984,-0.66332138674984
3847,4.7094827,5.355232674223442,-0.6457499742234427
3848,4.723136,5.355131813652908,-0.6319958136529076
3849,4.729312,5.354969590586546,-0.6256575905865462
3850,4.7297435,5.354719706349712,-0.6249762063497126
3851,4.7305684,5.354349280880312,-0.6237808808803118
3852,4.7319055,5.353818663651576,-0.621913163651576
3853,4.7337236,5.353081597071989,-0.6193579970719885
3854,4.7359915,5.352085747400579,-0.6160942474005795
3855,4.7386785,5.35077358903426,-0.61209508903426
3856,4.741753,5.34908360230277,-0.6073306023027696
3857,4.745184,5.346951724903228,-0.6017677249032278
3858,4.7489405,5.344312983886457,-0.5953724838864574
3859,4.7529917,5.34110322859706,-0.58811152859706
3860,4.7573056,5.337260884196991,-0.5799552841969913
3861,4.761852,5.332728648901795,-0.5708766489017947
3862,4.7665987,5.32745506435842,-0.5608563643584201
3863,4.771516,5.321395896619589,-0.549879896619589
3864,4.7765718,5.314515274397015,-0.5379434743970153
3865,4.781735,5.306786541670531,-0.525051541670531
3866,4.786975,5.298192793622409,-0.5112177936224089
3867,4.79226,5.288727078615595,-0.4964670786155949
3868,4.7975597,5.278392264286511,-0.4808325642865112
3869,4.802842,5.267200581580403,-0.4643585815804032
3870,4.808077,5.255172875194556,-0.44709587519455596
3871,4.8132324,5.242337601529328,-0.4291052015293273
3872,4.818278,5.228729625936336,-0.4104516259363358
3873,4.823182,5.21438888027781,-0.39120688027781014
3874,4.8279138,5.199358949724024,-0.37144514972402387
3875,4.832442,5.183685663677722,-0.35124366367772186
3876,4.836735,5.167415768290781,-0.3306807682907813
3877,4.8407626,5.150595755469358,-0.3098331554693585
3878,4.844493,5.13327091429345,-0.28877791429345034
3879,4.8478956,5.115484655388267,-0.2675890553882665
3880,4.850939,5.097278138327225,-0.2463391383272251
3881,4.8535924,5.078690208823542,-0.22509780882354224
3882,4.855824,5.0597576286963655,-0.20393362869636533
3883,4.857603,5.040515559681486,-0.182912559681486
3884,4.8588986,5.020998244169851,-0.16209964416985123
3885,4.859679,5.001239813560319,-0.1415608135603188
3886,4.859226,4.981275149090779,-0.12204914909077935
3887,4.8704944,4.961140720902617,-0.09064632090261693
3888,4.8883734,4.940875338017367,-0.052501938017367245
3889,4.8981237,4.920520753545245,-0.02239705354524446
3890,4.8977365,4.900122084092132,-0.002385584092132298
3891,4.888202,4.879728018143731,0.008473981856268686
3892,4.8700833,4.859390803454664,0.010692496545336105
3893,4.855228,4.839166016430827,0.01606198356917332
3894,4.857629,4.819112124796059,0.03851687520394087
3895,4.8590875,4.799289855733427,0.05979764426657308
3896,4.86433,4.779761374693288,0.08456862530671216
3897,4.8676114,4.760589269629011,0.10702213037098929
3898,4.87013,4.741835330228616,0.1282946697713836
3899,4.898931,4.723559120490912,0.17537187950908795
3900,4.9230466,4.705816369970211,0.2172302300297888
3901,4.9371195,4.688657251529645,0.24846224847035447
3902,4.941413,4.672124662613341,0.2692883373866586
3903,4.9226794,4.656252670634787,0.2664267293652127
3904,4.931679,4.641065309175353,0.29061369082464683
3905,4.940789,4.626575911879496,0.3142130881205034
3906,4.9461737,4.612787142149909,0.3333865578500914
3907,4.9524984,4.599691821581253,0.35280657841874685
3908,4.957439,4.596972831403424,0.36046616859657554
3909,4.9595633,4.595309085634933,0.3642542143650669
3910,4.959632,4.585490655871666,0.37414134412833366
3911,4.956638,4.576480018077145,0.38015798192285466
3912,4.951462,4.567928258294567,0.383533741705433
3913,4.947768,4.559960660170768,0.3878073398292319
3914,4.940595,4.552649809286251,0.387945190713749
3915,4.9229126,4.545983402065014,0.37692919793498625
3916,4.921027,4.54031503026092,0.38071196973907995
3917,4.9206967,4.535760009415198,0.3849366905848015
3918,4.9201694,4.532181831248391,0.3879875687516092
3919,4.9164495,4.529350410774362,0.3870990892256376
3920,4.910456,4.5271263476195855,0.3833296523804144
3921,4.900817,4.5256559194202985,0.37516108057970143
3922,4.8867807,4.525057666241835,0.3617230337581647
3923,4.872538,4.525752666119468,0.3467853338805318
3924,4.8528934,4.527665054865256,0.32522834513474397
3925,4.837126,4.530641856137373,0.3064841438626269
3926,4.835838,4.535039611347265,0.3007983886527352
3927,4.834629,4.541103482879014,0.29352551712098585
3928,4.8334966,4.548918139322223,0.2845784606777775
3929,4.832438,4.5589889572800235,0.2734490427199763
3930,4.8314505,4.571278337685996,0.26017216231400386
3931,4.830532,4.585370180034472,0.24516181996552788
3932,4.8296795,4.600477366644496,0.22920213335550432
3933,4.8288903,4.616615495032868,0.2122748049671319
3934,4.828162,4.634522229461181,0.19363977053881865
3935,4.827492,4.653739484237517,0.17375251576248374
3936,4.8268785,4.671429480328199,0.15544901967180103
3937,4.826318,4.689264736994245,0.13705326300575482
3938,4.8258076,4.712823353606201,0.11298424639379867
3939,4.825345,4.73688239000293,0.08846260999707045
3940,4.8249288,4.754318443575913,0.07061035642408697
3941,4.8245544,4.771137367427828,0.05341703257217212
3942,4.8242207,4.787420205253234,0.03680049474676572
3943,4.823925,4.802344317067198,0.02158068293280202
3944,4.8236637,4.815812784918205,0.007850915081794696
3945,4.8234353,4.827882009251431,-0.004446709251431535
3946,4.823237,4.840184639387549,-0.016947639387549174
3947,4.8230658,4.8502078449832915,-0.027142044983291314
3948,4.822919,4.855614724799194,-0.03269572479919436
3949,4.8227944,4.858826178355658,-0.03603177835565763
3950,4.82269,4.859884982123903,-0.037194982123903486
3951,4.8226023,4.860999630876594,-0.03839733087659436
3952,4.822529,4.859409638806881,-0.036880638806880306
3953,4.822467,4.853600533232781,-0.03113353323278112
3954,4.822415,4.846171878563995,-0.023756878563994555
3955,4.822369,4.8368313325239365,-0.014462332523936361
3956,4.822327,4.82570499560007,-0.0033779956000703493
3957,4.822287,4.812818631683805,0.009468368316195352
3958,4.8222456,4.798096646669854,0.024148953330145773
3959,4.822201,4.782044401516933,0.0401565984830663
3960,4.8221493,4.7650967489565375,0.05705255104346296
3961,4.822089,4.7473877650559215,0.07470123494407854
3962,4.8220177,4.728564088212683,0.09345361178731704
3963,4.821932,4.7113772967959875,0.11055470320401284
3964,4.82183,4.715041414878895,0.10678858512110523
3965,4.821708,4.710133847118247,0.11157415288175354
3966,4.8215647,4.678623051116297,0.14294164888370275
3967,4.821397,4.6479199687330635,0.1734770312669367
3968,4.8212023,4.618138536538579,0.2030637634614214
3969,4.820978,4.589374825255774,0.23160317474422598
3970,4.8207216,4.561706412117504,0.259015187882496
3971,4.8204308,4.535192494579495,0.28523830542050455
3972,4.820102,4.509874742703653,0.31022725729634715
3973,4.819734,4.485778827513133,0.333955172486867
3974,4.819323,4.4629165096569565,0.3564064903430433
3975,4.818867,4.441288132443477,0.37757886755652326
3976,4.8183637,4.4208853391157925,0.3974783608842074
3977,4.81781,4.401693827251951,0.41611617274804846
3978,4.8172035,4.383695962463594,0.43350753753640614
3979,4.8165417,4.366873096679445,0.44966860332055525
3980,4.8158216,4.351207469762578,0.4646141302374218
3981,4.815041,4.336683613047151,0.47835738695284924
3982,4.814197,4.323289215567621,0.4909077844323795
3983,4.8132877,4.311015454592948,0.5022722454070516
3984,4.81231,4.2998568284720005,0.5124531715279996
3985,4.811261,4.289810559422391,0.5214504405776088
3986,4.810139,4.2808756553008385,0.5292633446991619
3987,4.808941,4.284039751046378,0.524901248953622
3988,4.808657,4.287895477280571,0.5207615227194289
3989,4.8090243,4.286003176002467,0.5230211239975331
3990,4.81117,4.285106453409129,0.526063546590871
3991,4.814504,4.285898927536967,0.5286050724630336
3992,4.814405,4.287723672355588,0.526681327644412
3993,4.8046746,4.290768234179055,0.5139063658209455
3994,4.7774024,4.2953198523896114,0.48208254761038827
3995,4.73599,4.301814662366075,0.434175337633925
3996,4.687391,4.310342307038095,0.377048692961905
3997,4.6407285,4.320206066576746,0.32052243342325415
3998,4.609121,4.32992416888449,0.2791968311155104
3999,4.5821,4.338463421892811,0.2436365781071883
4000,4.5709233,4.347292763976887,0.223630536023113
4001,4.5843263,4.35692093160199,0.22740536839800995
4002,4.5980744,4.3661647703123645,0.2319096296876353
4003,4.6114383,4.374694106735768,0.23674419326423202
4004,4.6244345,4.3825516722256,0.24188282777439962
4005,4.6370797,4.390790778884891,0.24628892111510936
4006,4.649391,4.399204160410515,0.2501868395894844
4007,4.661385,4.4080757200962815,0.25330927990371865
4008,4.673078,4.417828524685808,0.2552494753141925
4009,4.684487,4.427868878699537,0.2566181213004626
4010,4.6956286,4.436220758528583,0.2594078414714174
4011,4.706519,4.455365115731599,0.25115388426840113
4012,4.717176,4.472842067693649,0.24433393230635136
4013,4.7276144,4.478024091702306,0.24959030829769446
4014,4.7378526,4.4825600529343275,0.2552925470656726
4015,4.7479076,4.487239154792731,0.2606684452072683
4016,4.757795,4.491705599098376,0.2660894009016239
4017,4.7675323,4.496245223798788,0.2712870762012116
4018,4.7771354,4.502673074851914,0.274462325148086
4019,4.786621,4.508576574958882,0.27804442504111826
4020,4.7960067,4.513946213516904,0.282060486483096
4021,4.8053083,4.518746101451223,0.2865621985487774
4022,4.8145432,4.52349528728802,0.2910479127119805
4023,4.823727,4.528157706778797,0.2955692932212033
4024,4.8328776,4.532420968300382,0.30045663169961756
4025,4.842011,4.536822676315644,0.305188323684356
4026,4.851144,4.556873083642267,0.29427091635773284
4027,4.8602934,4.572574131046422,0.2877192689535777
4028,4.8694754,4.579986223020312,0.28948917697968746
4029,4.8787074,4.581249931127508,0.2974574688724916
4030,4.888006,4.582757597881635,0.305248402118365
4031,4.8973875,4.584298214616931,0.3130892853830689
4032,4.906869,4.585227794656079,0.32164120534392104
4033,4.9164667,4.58579504478908,0.3306716552109199
4034,4.9261975,4.5863879054035435,0.3398095945964563
4035,4.9360785,4.586866119108037,0.34921238089196294
4036,4.946126,4.587686153496294,0.35843984650370597
4037,4.9563565,4.588744361062343,0.3676121389376572
4038,4.966787,4.589530852045344,0.3772561479546557
4039,4.977434,4.590030206341185,0.38740379365881505
4040,4.9883146,4.590666925149938,0.39764767485006214
4041,4.9994454,4.5913101730641035,0.40813522693589643
4042,5.010843,4.591759437163961,0.41908356283603965
4043,5.018596,4.592325637050721,0.42627036294927834
4044,5.0149255,4.592966532115614,0.421958967884386
4045,5.0001483,4.594009743240216,0.4061385567597844
4046,4.9832077,4.5954584206853255,0.38774927931467484
4047,4.965465,4.596937854852316,0.36852714514768437
4048,4.9479775,4.5988834110671855,0.3490940889328149
4049,4.9314337,4.601285137274225,0.33014856272577564
4050,4.9059405,4.604239777613146,0.30170072238685375
4051,4.867809,4.6078916941823795,0.25991730581762074
4052,4.8213925,4.61221632279742,0.20917617720257997
4053,4.7732,4.617459656086901,0.15574034391309954
4054,4.7258453,4.623672885491941,0.10217241450805847
4055,4.6854324,4.630898369686542,0.054534030313457826
4056,4.6564384,4.638952762206584,0.017485637793416053
4057,4.6359277,4.647691198117339,-0.011763498117339566
4058,4.6240997,4.657317950432141,-0.03321825043214055
4059,4.619227,4.66787174862295,-0.04864474862294976
4060,4.620576,4.6791298719719405,-0.05855387197194073
4061,4.6260724,4.690885241251208,-0.06481284125120812
4062,4.635755,4.702938916364127,-0.06718391636412768
4063,4.647472,4.715396953313369,-0.06792495331336923
4064,4.658332,4.727847033482372,-0.06951503348237242
4065,4.6685586,4.740117771268892,-0.07155917126889211
4066,4.681755,4.751889740415816,-0.07013474041581613
4067,4.696193,4.7628135819506525,-0.06662058195065246
4068,4.7132864,4.772956009687563,-0.059669609687563074
4069,4.729583,4.782162111038804,-0.05257911103880453
4070,4.7459674,4.790338531350482,-0.04437113135048243
4071,4.762279,4.797384044763219,-0.03510504476321863
4072,4.772176,4.803052748032882,-0.030876748032881984
4073,4.7782426,4.80744086353224,-0.02919826353224053
4074,4.7839518,4.810336055973866,-0.02638425597386629
4075,4.78934,4.811639818998663,-0.022299818998662957
4076,4.7944326,4.811370953362127,-0.01693835336212679
4077,4.7992554,4.809424329978156,-0.010168929978155994
4078,4.8038325,4.806076767041472,-0.002244267041471737
4079,4.8081903,4.801166037242079,0.007024262757920674
4080,4.812353,4.794720232846356,0.01763276715364359
4081,4.8163466,4.786803410481907,0.029543189518093094
4082,4.820196,4.777466258440845,0.04272974155915499
4083,4.823927,4.767077975974144,0.056849024025856565
4084,4.827564,4.755577078701571,0.07198692129842854
4085,4.831132,4.743728667391164,0.08740333260883659
4086,4.834657,4.732900147946375,0.10175685205362495
4087,4.8381643,4.721891905319408,0.1162723946805917
4088,4.841679,4.709874662621459,0.13180433737854091
4089,4.845226,4.697803444783302,0.14742255521669811
4090,4.8488307,4.685266864056471,0.16356383594352852
4091,4.852518,4.669408726563388,0.18310927343661199
4092,4.8563137,4.650693583953809,0.20562011604619101
4093,4.860243,4.63200375278477,0.22823924721522992
4094,4.8643303,4.613705771300489,0.250624528699511
4095,4.868602,4.59514188147877,0.2734601185212302
4096,4.8730826,4.575609040037461,0.29747355996253866
4097,4.877797,4.556010349451364,0.32178665054863576
4098,4.8827715,4.539425452363069,0.34334604763693033
4099,4.8880305,4.522772358042375,0.36525814195762507
4100,4.8935995,4.503098832290267,0.39050066770973224
4101,4.8995037,4.484532756374542,0.41497094362545806
4102,4.9057684,4.467095999698154,0.4386724003018463
4103,4.912419,4.4508067322296565,0.46161226777034337
4104,4.91948,4.435679844323064,0.4838001556769358
4105,4.926977,4.42172712360415,0.5052498763958502
4106,4.934936,4.408957149505877,0.5259788504941234
4107,4.9433813,4.397374896597181,0.5460064034028198
4108,4.9567533,4.38698107436459,0.5697722256354103
4109,4.9680905,4.377771267651003,0.590319232348997
4110,4.9757667,4.379328936122522,0.5964377638774785
4111,4.982969,4.382349067388347,0.6006199326116528
4112,4.9889755,4.3797316661690076,0.609243833830992
4113,4.990386,4.377088860259089,0.6132971397409106
4114,4.965817,4.376016258942766,0.5898007410572346
4115,4.982656,4.376159654773694,0.6064963452263061
4116,4.9909744,4.377979988705076,0.6129944112949239
4117,4.9921646,4.382444534480165,0.6097200655198352
4118,4.9870157,4.388189384686038,0.5988263153139615
4119,4.9801493,4.394632960041682,0.5855163399583176
4120,4.9687204,4.401791769768826,0.5669286302311738
4121,4.9583564,4.408293509436344,0.5500628905636562
4122,4.9514728,4.413345559531376,0.5381272404686239
4123,4.942515,4.417519011680355,0.5249959883196453
4124,4.935212,4.432113995967481,0.5030980040325188
4125,4.9107394,4.443838825064826,0.466900574935174
4126,4.9233594,4.446001376962318,0.4773580230376817
4127,4.922169,4.446849161478381,0.4753198385216191
4128,4.9141965,4.448439644587043,0.4657568554129572
4129,4.9136777,4.450600310492237,0.4630773895077631
4130,4.9104743,4.452920933326086,0.45755336667391333
4131,4.9046936,4.455398107554677,0.44929549244532296
4132,4.8997293,4.469390651510929,0.43033864848907033
4133,4.8962293,4.484355024322942,0.41187427567705814
4134,4.900539,4.487439967938,0.41309903206200005
4135,4.903958,4.49074274114039,0.4132152588596103
4136,4.9156756,4.493693284896355,0.42198231510364526
4137,4.924394,4.496944109787898,0.42744989021210245
4138,4.9341607,4.5005966316423605,0.43356406835763917
4139,4.944698,4.504703068338911,0.43999493166108916
4140,4.95492,4.516789266573194,0.43813073342680653
4141,4.964831,4.527661177061714,0.4371698229382863
4142,4.974435,4.530355212173163,0.444079787826837
4143,4.983737,4.533568296896173,0.4501687031038264
4144,4.992742,4.536172400243458,0.4565695997565422
4145,5.001454,4.538844451080289,0.46260954891971107
4146,5.009878,4.542026124453479,0.4678518755465202
4147,5.0180187,4.546486356302499,0.4715323436975005
4148,5.025881,4.551224457263301,0.47465654273669866
4149,5.0334687,4.556881125619916,0.47658757438008426
4150,5.040787,4.5625314856921255,0.4782555143078744
4151,5.047841,4.5671916642676305,0.48064933573236956
4152,5.054635,4.572542841738016,0.4820921582619846
4153,5.0611734,4.577071742268529,0.48410165773147096
4154,5.067461,4.580548680571237,0.4869123194287628
4155,5.0735025,4.58330781390867,0.4901946860913302
4156,5.079303,4.585090728323506,0.49421227167649473
4157,5.084866,4.586647001227595,0.49821899877240483
4158,5.0901976,4.587144506186166,0.5030530938138336
4159,5.095301,4.5874088780952995,0.5078921219047006
4160,5.1001825,4.588604657741472,0.5115778422585278
4161,5.104845,4.589943618529761,0.5149013814702394
4162,5.1092944,4.591134787878723,0.5181596121212761
4163,5.1135354,4.592327179561598,0.5212082204384023
4164,5.117572,4.59336444271305,0.5242075572869496
4165,5.1214085,4.594423146168118,0.5269853538318818
4166,5.125051,4.595465622263015,0.5295853777369848
4167,5.128503,4.596216947923816,0.5322860520761843
4168,5.131769,4.597093178694063,0.534675821305937
4169,5.1348553,4.597917589706353,0.536937710293647
4170,5.1377645,4.608158268049484,0.5296062319505159
4171,5.1405025,4.618498845456338,0.5220036545436626
4172,5.1430736,4.6198296907302625,0.5232439092697376
4173,5.145482,4.620626872595858,0.524855127404142
4174,5.1477337,4.621421771557563,0.5263119284424365
4175,5.149832,4.622257247635873,0.527574752364127
4176,5.151782,4.623453991880626,0.5283280081193737
4177,5.153589,4.624916727660446,0.5286722723395538
4178,5.1552563,4.626372624994153,0.5288836750058463
4179,5.15679,4.627728507709516,0.5290614922904844
4180,5.1581936,4.629094597193521,0.529099002806479
4181,5.1594725,4.630398643429249,0.5290738565707507
4182,5.160631,4.632007869057892,0.5286231309421083
4183,5.161674,4.633423870703973,0.5282501292960262
4184,5.1626062,4.635086076376875,0.5275201236231251
4185,5.1634316,4.637129693738507,0.5263019062614926
4186,5.164156,4.639102866127342,0.5250531338726585
4187,5.164783,4.641132939876454,0.5236500601235461
4188,5.165318,4.643125975146453,0.5221920248535472
4189,5.1657653,4.645248590244602,0.5205167097553982
4190,5.1661296,4.64750285677442,0.51862674322558
4191,5.166415,4.649879127633494,0.5165358723665054
4192,5.1666274,4.652296003963684,0.5143313960363161
4193,5.1667705,4.6549529399011,0.5118175600989003
4194,5.165996,4.657737871870941,0.508258128129059
4195,5.163695,4.66046813369669,0.5032268663033097
4196,5.159899,4.663199468544353,0.49669953145564705
4197,5.154642,4.665974867527012,0.48866713247298765
4198,5.147956,4.668762834928656,0.4791931650713437
4199,5.1398726,4.671621361013207,0.46825123898679344
4200,5.130426,4.674430985411826,0.45599501458817393
4201,5.1196475,4.677186611592775,0.44246088840722475
4202,5.10757,4.679833674959897,0.4277363250401027
4203,5.0942264,4.682414531858462,0.41181186814153836
4204,5.0796494,4.685010753457778,0.394638646542222
4205,5.063871,4.6875895868452355,0.37628141315476427
4206,5.046924,4.690194453227906,0.3567295467720939
4207,5.0288415,4.692689598482474,0.3361519015175265
4208,5.0176306,4.695032017646624,0.32259858235337635
4209,4.996711,4.697478157698193,0.2992328423018069
4210,4.9618387,4.699879769532937,0.2619589304670633
4211,4.9226313,4.7021520142065,0.22047928579350007
4212,4.888987,4.7044273445164775,0.1845596554835227
4213,4.863021,4.706944046879168,0.1560769531208317
4214,4.844817,4.710086649090885,0.13473035090911534
4215,4.825978,4.713279069255767,0.11269893074423276
4216,4.816944,4.716441205677924,0.1005027943220762
4217,4.81826,4.7200197620355775,0.09824023796442294
4218,4.820819,4.7237900212656605,0.09702897873433969
4219,4.8245397,4.728055541180052,0.09648415881994765
4220,4.8293443,4.732308323742373,0.09703597625762672
4221,4.8351536,4.736465616680089,0.0986879833199108
4222,4.841889,4.7407367116458605,0.10115228835413959
4223,4.84947,4.745238276449175,0.104231723550825
4224,4.857819,4.750097090446977,0.10772190955302285
4225,4.866856,4.754997228325983,0.11185877167401692
4226,4.876503,4.760396518315393,0.11610648168460624
4227,4.88668,4.766655619135137,0.12002438086486311
4228,4.8973083,4.773215145844388,0.12409315415561206
4229,4.908309,4.780475630282035,0.12783336971796544
4230,4.9196024,4.788027353184162,0.1315750468158372
4231,4.93111,4.795166206051996,0.13594379394800438
4232,4.942753,4.801636462289513,0.14111653771048704
4233,4.9544516,4.807558493072289,0.14689310692771063
4234,4.9661274,4.813491648283807,0.15263575171619337
4235,4.9777007,4.8193754962278845,0.15832520377211523
4236,4.9890933,4.8251409740116715,0.16395232598832887
4237,5.0002255,4.830724465348297,0.1695010346517032
4238,5.0110188,4.836071113857531,0.17494768614246947
4239,5.0213933,4.841398477062873,0.1799948229371271
4240,5.0312705,4.846517078623708,0.1847534213762918
4241,5.040571,4.851460156459963,0.18911084354003727
4242,5.0492167,4.8562341945955465,0.19298250540445316
4243,5.0571275,4.860548392844476,0.1965791071555243
4244,5.0642247,4.864426894020614,0.19979780597938568
4245,5.0704293,4.867916602272045,0.202512697727955
4246,5.075662,4.871085903378606,0.20457609662139475
4247,5.0798445,4.873937198429525,0.2059073015704751
4248,5.0828967,4.876340368782849,0.20655633121715145
4249,5.08474,4.877654527529338,0.2070854724706619
4250,5.085277,4.878100258586347,0.20717674141365272
4251,5.079933,4.877866559046811,0.20206644095318893
4252,5.0686364,4.88183707607122,0.18679932392877951
4253,5.0512924,4.885873791694178,0.16541860830582245
4254,5.0295453,4.883994221029912,0.14555107897008757
4255,5.001325,4.879401649155204,0.12192335084479566
4256,4.970965,4.873553648240027,0.0974113517599724
4257,4.9443545,4.866818559871821,0.07753594012817899
4258,4.9148307,4.859389808576271,0.05544089142372943
4259,4.887119,4.85149531979871,0.03562368020129014
4260,4.858124,4.8429768879650785,0.015147112034921584
4261,4.828164,4.834212061372915,-0.006048061372914582
4262,4.797855,4.824538897198782,-0.02668389719878217
4263,4.7693305,4.8141985649293355,-0.044868064929335816
4264,4.746388,4.803417844398495,-0.05702984439849512
4265,4.729818,4.792373308689844,-0.06255530868984405
4266,4.7182617,4.781119193360423,-0.0628574933604229
4267,4.710038,4.769404140549056,-0.05936614054905576
4268,4.7012963,4.75750011274347,-0.05620381274346986
4269,4.6884646,4.745428756907106,-0.056964156907106656
4270,4.668429,4.733230518848635,-0.06480151884863528
4271,4.640537,4.721091991855974,-0.08055499185597359
4272,4.605265,4.709000711916806,-0.10373571191680586
4273,4.5665894,4.696934828355299,-0.13034542835529894
4274,4.5297523,4.685051969765257,-0.1552996697652569
4275,4.4978476,4.673409708468412,-0.17556210846841225
4276,4.469466,4.662100171802481,-0.19263417180248155
4277,4.4502707,4.651086068018223,-0.20081536801822342
4278,4.4334335,4.64031884393387,-0.20688534393387048
4279,4.421357,4.629956934515731,-0.208599934515731
4280,4.413242,4.619999780191664,-0.2067577801916638
4281,4.409461,4.6104783788522985,-0.2010173788522982
4282,4.4110236,4.601429416824193,-0.19040581682419333
4283,4.4166107,4.592804587958548,-0.17619388795854807
4284,4.4278097,4.584645261213489,-0.15683556121348907
4285,4.4439445,4.577054726436006,-0.13311022643600623
4286,4.463126,4.569968489490258,-0.10684248949025843
4287,4.4857135,4.563294684636676,-0.07758118463667607
4288,4.51062,4.557113656401246,-0.04649365640124614
4289,4.536354,4.55158585909811,-0.015231859098109979
4290,4.5624204,4.546534738936815,0.015885661063184564
4291,4.5899014,4.54195630717115,0.047945092828849845
4292,4.6170936,4.537863341201049,0.07923025879895018
4293,4.6410336,4.534294842521068,0.10673875747893202
4294,4.660186,4.531382320545831,0.12880367945416982
4295,4.673316,4.528972549855636,0.14434345014436367
4296,4.6796746,4.527213876926497,0.1524607230735029
4297,4.683099,4.525989145051313,0.15710985494868712
4298,4.6841636,4.525293115242217,0.15887048475778265
4299,4.684103,4.524990109188243,0.15911289081175717
4300,4.6850586,4.525634756783974,0.15942384321602532
4301,4.6869245,4.527011534812646,0.15991296518735432
4302,4.689651,4.536119357341702,0.15353164265829733
4303,4.69319,4.546112458746719,0.14707754125328165
4304,4.697493,4.550036712360528,0.14745628763947138
4305,4.7025104,4.552567326240974,0.14994307375902682
4306,4.7081943,4.556178927302447,0.1520153726975524
4307,4.714495,4.559954467777607,0.15454053222239317
4308,4.721365,4.564136255122648,0.15722874487735172
4309,4.7287545,4.568350568670117,0.16040393132988306
4310,4.736615,4.573642496006042,0.16297250399395757
4311,4.7448983,4.579019195742633,0.16587910425736663
4312,4.7535553,4.5845454627031375,0.16900983729686292
4313,4.762537,4.590690987395495,0.17184601260450538
4314,4.771795,4.597025926349744,0.17476907365025607
4315,4.7812805,4.603307722929735,0.1779727770702655
4316,4.7909446,4.609495991975641,0.18144860802435936
4317,4.800739,4.615674775093753,0.18506422490624708
4318,4.810614,4.622593152845466,0.18802084715453393
4319,4.820522,4.629321083833046,0.19120091616695412
4320,4.8304133,4.634948049329762,0.1954652506702379
4321,4.84024,4.640472702377512,0.19976729762248802
4322,4.849953,4.64636174998163,0.20359125001836986
4323,4.8595037,4.651858011509181,0.20764568849081932
4324,4.8688426,4.657357576370038,0.2114850236299617
4325,4.877922,4.66288632825653,0.21503567174347005
4326,4.8866925,4.668163356054591,0.21852914394540868
4327,4.8951054,4.673541914961509,0.22156348503849088
4328,4.903113,4.678611499355963,0.2245015006440374
4329,4.9106646,4.683301056977792,0.22736354302220718
4330,4.917713,4.687895719740638,0.2298172802593621
4331,4.924209,4.692606864473723,0.23160213552627695
4332,4.9301043,4.698192621642807,0.23191167835719284
4333,4.935349,4.7023697433959954,0.23297925660400498
4334,4.9398956,4.707018774240023,0.23287682575997692
4335,4.9436946,4.711807116262313,0.23188748373768675
4336,4.9466977,4.714468784769184,0.23222891523081568
4337,4.948856,4.7168565864881105,0.23199941351188968
4338,4.9458866,4.718949910699069,0.22693668930093036
4339,4.937522,4.720841483722549,0.21668051627745122
4340,4.9245763,4.722545475592088,0.2020308244079123
4341,4.9078636,4.724065290188659,0.1837983098113405
4342,4.888199,4.725387473687311,0.16281152631268903
4343,4.866396,4.726517744860078,0.13987825513992203
4344,4.8432693,4.727423264023675,0.11584603597632537
4345,4.819634,4.7282502428887,0.09138375711129942
4346,4.7963037,4.728930060475708,0.0673736395242921
4347,4.774093,4.729527051063606,0.04456594893639387
4348,4.7538166,4.730014021076335,0.02380257892366533
4349,4.7362823,4.730432388039807,0.005849911960193133
4350,4.722318,4.730837365551061,-0.008519365551061142
4351,4.712732,4.731125564881154,-0.018393564881153956
4352,4.708338,4.731386669785334,-0.02304866978533404
4353,4.718122,4.731580120935013,-0.013458120935013085
4354,4.731008,4.731746446068815,-0.0007384460688149019
4355,4.7434273,4.731960998609591,0.011466301390408162
4356,4.7553873,4.732166560351095,0.02322073964890503
4357,4.766898,4.732375255664095,0.03452274433590574
4358,4.7779675,4.73260183665761,0.04536566334239023
4359,4.788604,4.732852207160623,0.055751792839377146
4360,4.798816,4.733157197061108,0.06565880293889226
4361,4.8086133,4.733511312987239,0.07510198701276138
4362,4.818003,4.733889412815778,0.08411358718422246
4363,4.826995,4.734327360184346,0.09266763981565429
4364,4.8355975,4.7347738273374524,0.10082367266254799
4365,4.8438187,4.735287058453645,0.10853164154635486
4366,4.851668,4.735899257795557,0.11576874220444289
4367,4.8591533,4.736565248438736,0.12258805156126407
4368,4.8662834,4.73724971314896,0.12903368685104066
4369,4.873067,4.73792048505544,0.13514651494455965
4370,4.8795123,4.7385822373353435,0.14093006266465657
4371,4.885629,4.739250230449809,0.14637876955019102
4372,4.891425,4.739918084699202,0.15150691530079818
4373,4.896909,4.740682214809091,0.15622678519090893
4374,4.9020896,4.741474634556615,0.1606149654433846
4375,4.9069753,4.742266055154394,0.16470924484560623
4376,4.9115753,4.743092174530601,0.1684831254693986
4377,4.9158974,4.7439560118978665,0.17194138810213389
4378,4.919951,4.744791844896011,0.17515915510398905
4379,4.9237437,4.745555064767606,0.17818863523239425
4380,4.927285,4.74629200964475,0.18099299035525007
4381,4.9305835,4.747203981062857,0.18337951893714344
4382,4.933647,4.748443003872967,0.18520399612703287
4383,4.9364853,4.74954711843282,0.18693818156718045
4384,4.9391065,4.750245346968782,0.1888611530312181
4385,4.941519,4.751104176136652,0.19041482386334874
4386,4.9437313,4.752182500161046,0.19154879983895334
4387,4.9457526,4.753402493215383,0.19235010678461695
4388,4.947591,4.754287005126218,0.1933039948737818
4389,4.9492555,4.754744813736767,0.1945106862632322
4390,4.9507546,4.755191288352936,0.19556331164706364
4391,4.9520965,4.755772575948186,0.19632392405181331
4392,4.953291,4.75642270107297,0.19686829892703006
4393,4.954345,4.757029495457853,0.1973155045421473
4394,4.955269,4.757525820739998,0.1977431792600024
4395,4.9560704,4.758042121412066,0.19802827858793393
4396,4.9567575,4.758547836706245,0.19820966329375533
4397,4.9573402,4.7589240414389975,0.19841615856100248
4398,4.957826,4.7592267497337035,0.19859925026629632
4399,4.9582243,4.759539802597133,0.19868449740286742
4400,4.9585433,4.759850774167941,0.1986925258320591
4401,4.9587913,4.7600216527202655,0.19876964727973423
4402,4.9589777,4.760084387237356,0.19889331276264421
4403,4.9591107,4.760101817270038,0.1990088827299621
4404,4.959199,4.760031195559384,0.19916780444061555
4405,4.9592514,4.7599026803387865,0.1993487196612138
4406,4.9592757,4.759718355747302,0.1995573442526979
4407,4.9551053,4.759506145345799,0.1955991546542002
4408,4.912369,4.759301628572189,0.15306737142781124
4409,4.853953,4.759018975244059,0.0949340247559407
4410,4.793368,4.7586156224516065,0.034752377548393554
4411,4.7356696,4.758169528741072,-0.022499928741072317
4412,4.6825137,4.757694784206295,-0.07518108420629499
4413,4.63568,4.757161591392241,-0.12148159139224113
4414,4.5917172,4.756542112840755,-0.1648249128407553
4415,4.547448,4.75589149012203,-0.20844349012203
4416,4.510823,4.75521295116784,-0.24438995116783957
4417,4.4773397,4.754478687639046,-0.277138987639046
4418,4.4473877,4.753699589001417,-0.3063118890014165
4419,4.4206653,4.752874610015053,-0.3322093100150534
4420,4.3987174,4.752103080642764,-0.35338568064276465
4421,4.379497,4.751303281199619,-0.37180628119961945
4422,4.363217,4.750386219038262,-0.3871692190382623
4423,4.352328,4.749451635013878,-0.3971236350138776
4424,4.345258,4.748493782419609,-0.40323578241960867
4425,4.342274,4.747469375986319,-0.4051953759863194
4426,4.3409066,4.746399064663149,-0.4054924646631486
4427,4.345948,4.745319120987279,-0.3993711209872792
4428,4.35093,4.744137991571652,-0.39320799157165176
4429,4.354655,4.742796193755776,-0.38814119375577594
4430,4.3557825,4.7413151614464075,-0.3855326614464074
4431,4.3556542,4.739742665396484,-0.3840884653964842
4432,4.3526154,4.737990604186718,-0.385375204186718
4433,4.3496194,4.736030509344464,-0.386411109344464
4434,4.348066,4.733876103784964,-0.38581010378496394
4435,4.3516455,4.731469017739993,-0.3798235177399931
4436,4.35786,4.728781756602479,-0.3709217566024794
4437,4.3641105,4.725858558230396,-0.361748058230396
4438,4.3676147,4.7227281018176335,-0.3551134018176336
4439,4.371144,4.719361464186574,-0.3482174641865736
4440,4.389852,4.7157427065588005,-0.32589070655880015
4441,4.4083295,4.71192366557519,-0.30359416557519037
4442,4.4234805,4.707915701966795,-0.2844352019667946
4443,4.4345407,4.703778878602129,-0.2692381786021283
4444,4.442337,4.699525098989021,-0.25718809898902073
4445,4.4469604,4.6951989691996765,-0.24823856919967646
4446,4.448484,4.690793378851929,-0.24230937885192905
4447,4.4519076,4.6865085818664785,-0.23460098186647826
4448,4.4550805,4.6823472402754565,-0.22726674027545624
4449,4.4567575,4.678218317921765,-0.22146081792176453
4450,4.4539514,4.674298925403616,-0.22034752540361602
4451,4.459265,4.6707277192981245,-0.2114627192981242
4452,4.4684873,4.667440178792308,-0.1989528787923085
4453,4.478319,4.664495734732059,-0.18617673473205887
4454,4.488718,4.661926459898394,-0.17320845989839384
4455,4.4996405,4.659771980089048,-0.16013148008904832
4456,4.5110426,4.658134084328599,-0.1470914843285991
4457,4.5228815,4.656993289635595,-0.13411178963559411
4458,4.535113,4.6564009570366105,-0.12128795703661055
4459,4.5476937,4.656400780582195,-0.10870708058219503
4460,4.5605807,4.6570143961296795,-0.09643369612967945
4461,4.5737305,4.65829982321733,-0.08456932321733035
4462,4.587099,4.660321125639713,-0.07322212563971231
4463,4.600643,4.662958725673165,-0.06231572567316501
4464,4.6143193,4.66617342179963,-0.05185412179962956
4465,4.6280837,4.670078038160899,-0.04199433816089826
4466,4.641894,4.674563925924434,-0.032669925924434295
4467,4.6557055,4.679256207335546,-0.023550707335545873
4468,4.6694746,4.684193942553101,-0.014719342553100923
4469,4.6831594,4.68946082399734,-0.006301423997340017
4470,4.6967144,4.694970873421349,0.0017435265786511778
4471,4.710098,4.700669303292828,0.009428696707172612
4472,4.7232656,4.7065005363377725,0.016765063662227853
4473,4.7361736,4.712712551591609,0.02346104840839125
4474,4.7487793,4.719295274930587,0.02948402506941239
4475,4.761039,4.725869962277203,0.035169037722797114
4476,4.772908,4.732544505602724,0.040363494397276156
4477,4.784345,4.739239610955454,0.04510538904454631
4478,4.7953053,4.745447426063308,0.049857873936692165
4479,4.805745,4.751571298065483,0.054173701934517204
4480,4.8156214,4.757979761512403,0.05764163848759729
4481,4.8248906,4.764233780808494,0.06065681919150556
4482,4.8335094,4.7702015007345775,0.06330789926542213
4483,4.841434,4.780422822215236,0.061011177784763504
4484,4.8486214,4.789994608342502,0.05862679165749807
4485,4.8550277,4.794864337964208,0.060163362035791756
4486,4.8606095,4.799692235127683,0.060917264872316856
4487,4.8653235,4.804532597457001,0.06079090254299846
4488,4.869126,4.809180732132145,0.05994526786785492
4489,4.8719735,4.8136177255837005,0.05835577441629969
4490,4.8738227,4.818018627139151,0.0558040728608491
4491,4.8746305,4.8219922425045345,0.0526382574954658
4492,4.8580084,4.825395752418118,0.03261264758188176
4493,4.8087626,4.828702699467325,-0.019940099467325112
4494,4.737478,4.8318580083133265,-0.09438000831332616
4495,4.655052,4.834420977531437,-0.17936897753143644
4496,4.5761456,4.836503150407184,-0.2603575504071838
4497,4.5016565,4.838364566885724,-0.3367080668857234
4498,4.422129,4.839819287151538,-0.41769028715153844
4499,4.34493,4.841120042648241,-0.49619004264824085
4500,4.273768,4.8425112187869175,-0.5687432187869179
4501,4.2142434,4.8436087165212784,-0.6293653165212785
4502,4.1633453,4.844414360844816,-0.6810690608448162
4503,4.12162,4.845278371730141,-0.7236583717301412
4504,4.0871387,4.846090783277856,-0.7589520832778565
4505,4.060847,4.846686896198714,-0.7858398961987145
4506,4.0441895,4.847360744247834,-0.8031712442478343
4507,4.0349774,4.84807667116901,-0.8130992711690102
4508,4.035665,4.848746303293393,-0.8130813032933935
4509,4.0435452,4.849489234065843,-0.8059440340658437
4510,4.0583987,4.850236688726888,-0.791837988726888
4511,4.0824094,4.851033636498712,-0.7686242364987113
4512,4.1074414,4.8518794937708485,-0.7444380937708486
4513,4.1373096,4.852718783030617,-0.7154091830306166
4514,4.1656265,4.853707538121927,-0.6880810381219264
4515,4.193127,4.854703714219365,-0.6615767142193656
4516,4.2177963,4.855667744088393,-0.6378714440883932
4517,4.2389917,4.856650220614363,-0.6176585206143637
4518,4.2587333,4.857579211867023,-0.5988459118670226
4519,4.2787485,4.865752898946724,-0.587004398946724
4520,4.304099,4.873876448403788,-0.5697774484037881
4521,4.325063,4.874766828080869,-0.5497038280808688
4522,4.3456473,4.87580396626627,-0.5301566662662696
4523,4.3674417,4.876551030327497,-0.5091093303274974
4524,4.3888464,4.878043465884334,-0.4891970658843334
4525,4.4097342,4.878858388363988,-0.4691241883639883
4526,4.428449,4.880172070011218,-0.4517230700112185
4527,4.445485,4.88090756972819,-0.43542256972818993
4528,4.4627523,4.881636883885467,-0.41888458388546734
4529,4.480171,4.881818368692841,-0.40164736869284035
4530,4.497708,4.882054520577315,-0.38434652057731444
4531,4.51533,4.882061795048679,-0.36673179504867903
4532,4.5330033,4.882901146635309,-0.3498978466353089
4533,4.550695,4.882721900527611,-0.33202690052761064
4534,4.568372,4.882869176936811,-0.31449717693681123
4535,4.5860004,4.882428299015406,-0.29642789901540656
4536,4.6035476,4.883594217946698,-0.28004661794669783
4537,4.6209803,4.885452397931692,-0.2644720979316917
4538,4.6382647,4.886676614067587,-0.2484119140675869
4539,4.6553683,4.885211896121435,-0.22984359612143468
4540,4.672257,4.884504686179083,-0.21224768617908296
4541,4.688898,4.8831202119053705,-0.19422221190537048
4542,4.705258,4.881418072118134,-0.176160072118134
4543,4.7213035,4.879749076818504,-0.15844557681850358
4544,4.7370014,4.878167619352451,-0.141166219352451
4545,4.752319,4.87658338127381,-0.12426438127381001
4546,4.767222,4.874606230185295,-0.10738423018529453
4547,4.7816777,4.872331235868258,-0.09065353586825786
4548,4.7956524,4.8700579687728,-0.07440556877280002
4549,4.8091135,4.86757310361695,-0.05845960361695024
4550,4.8220277,4.864887796672509,-0.04286009667250923
4551,4.834361,4.862209868713912,-0.02784886871391201
4552,4.846081,4.859353691354767,-0.013272691354766941
4553,4.8571534,4.856414402112129,0.0007389978878702408
4554,4.867546,4.853425432126994,0.01412056787300564
4555,4.877225,4.850263320078767,0.026961679921233106
4556,4.886157,4.846751328839899,0.039405671160101186
4557,4.8943095,4.843159972544928,0.051149527455072175
4558,4.901648,4.83923414200282,0.062413857997179356
4559,4.9081407,4.835281977971835,0.07285872202816446
4560,4.9137526,4.830861463376614,0.08289113662338554
4561,4.9184523,4.826333912199622,0.09211838780037862
4562,4.922205,4.821497697145553,0.10070730285444718
4563,4.9249783,4.816543304597166,0.10843499540283386
4564,4.9267387,4.811230889688211,0.11550781031178836
4565,4.926552,4.805833345356853,0.1207186546431469
4566,4.898397,4.800095575081925,0.09830142491807514
4567,4.8519645,4.794180911760151,0.057783588239849415
4568,4.7950525,4.788146394684151,0.006906105315848343
4569,4.737237,4.782084262246954,-0.04484726224695379
4570,4.6798544,4.775958346322197,-0.09610394632219688
4571,4.620112,4.769790260858521,-0.1496782608585212
4572,4.560441,4.763616876517668,-0.2031758765176681
4573,4.4882226,4.75739522421101,-0.2691726242110093
4574,4.427357,4.751332892751258,-0.3239758927512586
4575,4.3716846,4.745492830030538,-0.3738082300305381
4576,4.3241544,4.739716412486654,-0.4155620124866539
4577,4.28394,4.734154474321239,-0.45021447432123907
4578,4.249428,4.7289280852339015,-0.47950008523390153
4579,4.213055,4.723997426785173,-0.5109424267851734
4580,4.1709037,4.719399126989789,-0.5484954269897884
4581,4.122601,4.715166071323845,-0.5925650713238442
4582,4.079071,4.711339913040188,-0.6322689130401882
4583,4.0400696,4.707939853669392,-0.6678702536693919
4584,4.0075955,4.705006547527963,-0.6974110475279636
4585,3.9833188,4.7025522715029915,-0.7192334715029913
4586,3.9640338,4.700670917509981,-0.7366371175099804
4587,3.950871,4.699291315426187,-0.7484203154261873
4588,3.9442008,4.698313529072449,-0.7541127290724488
4589,3.9398434,4.697791579596973,-0.7579481795969727
4590,3.93618,4.69776731763102,-0.7615873176310202
4591,3.9342096,4.698191532589331,-0.7639819325893313
4592,3.92654,4.699072542454749,-0.7725325424547487
4593,3.9188287,4.700446083935102,-0.7816173839351017
4594,3.9105737,4.702225119842911,-0.791651419842911
4595,3.9017117,4.704318737354196,-0.8026070373541963
4596,3.8986058,4.7067661433989585,-0.8081603433989586
4597,3.9011774,4.709519690617202,-0.808342290617202
4598,3.9060326,4.712501317356069,-0.806468717356069
4599,3.9130795,4.715720020743946,-0.8026405207439464
4600,3.9222271,4.719017819728009,-0.7967907197280089
4601,3.933384,4.722477240278116,-0.7890932402781159
4602,3.9464586,4.726260406770949,-0.7798018067709491
4603,3.96136,4.730082331647578,-0.7687223316475782
4604,3.9779966,4.733812006411432,-0.7558154064114317
4605,3.996277,4.738651133773597,-0.7423741337735965
4606,4.0161104,4.747993043238515,-0.7318826432385155
4607,4.0374045,4.756367432076507,-0.718962932076507
4608,4.0600686,4.759396789571613,-0.699328189571613
4609,4.0840116,4.762504844056947,-0.6784932440569467
4610,4.109141,4.763911611019575,-0.6547706110195746
4611,4.1353664,4.765413875267168,-0.6300474752671681
4612,4.162596,4.767338611449493,-0.6047426114494936
4613,4.19074,4.768677936857661,-0.5779379368576611
4614,4.2197046,4.770000406989485,-0.5502958069894852
4615,4.2493997,4.777261873357949,-0.5278621733579492
4616,4.279734,4.783952324133552,-0.5042183241335518
4617,4.3106165,4.785148003815473,-0.4745315038154727
4618,4.3419547,4.785978759193834,-0.4440240591938345
4619,4.3736577,4.78659101568604,-0.41293331568603975
4620,4.4056344,4.787331040417568,-0.3816966404175677
4621,4.4377937,4.787414231520574,-0.34962053152057404
4622,4.470044,4.787675830215354,-0.3176318302153547
4623,4.502294,4.787553901819766,-0.28525990181976635
4624,4.534452,4.790774981278351,-0.25632298127835096
4625,4.5664268,4.793281895712984,-0.2268550957129838
4626,4.5981274,4.791309529345263,-0.1931821293452627
4627,4.6294613,4.789841755030546,-0.16038045503054565
4628,4.6603394,4.7875825505568645,-0.12724315055686475
4629,4.6851,4.785587552157125,-0.10048755215712468
4630,4.703124,4.783797326806621,-0.08067332680662087
4631,4.716762,4.781067267761641,-0.06430526776164047
4632,4.7257333,4.778731621858398,-0.052998321858398256
4633,4.733126,4.776439354806313,-0.04331335480631271
4634,4.73857,4.773114405197879,-0.03454440519787916
4635,4.7399116,4.769447291030215,-0.029535691030214473
4636,4.740894,4.765642278264015,-0.024748278264015156
4637,4.727672,4.762519539370963,-0.034847539370963077
4638,4.7229776,4.759180464941084,-0.03620286494108349
4639,4.71668,4.755561851877231,-0.03888185187723092
4640,4.7074823,4.751872127952801,-0.04438982795280122
4641,4.691175,4.748406476873145,-0.05723147687314434
4642,4.658539,4.745001426247696,-0.08646242624769584
4643,4.6248474,4.741732431338445,-0.11688503133844463
4644,4.595387,4.738470949827365,-0.14308394982736505
4645,4.5672107,4.735405734667908,-0.16819503466790753
4646,4.544114,4.732570496854661,-0.18845649685466093
4647,4.524915,4.73000315803534,-0.2050881580353403
4648,4.500703,4.727733605480137,-0.2270306054801372
4649,4.4646826,4.72559502735988,-0.2609124273598802
4650,4.4118032,4.723766138370568,-0.3119629383705682
4651,4.365337,4.7224368188406585,-0.3570998188406582
4652,4.3098745,4.721417010582036,-0.41154251058203606
4653,4.2589865,4.7206319715033125,-0.4616454715033127
4654,4.2127905,4.720239362822036,-0.5074488628220362
4655,4.171573,4.7201215231845355,-0.5485485231845351
4656,4.1350045,4.720360409160974,-0.5853559091609739
4657,4.106334,4.720763789551274,-0.6144297895512736
4658,4.087159,4.721464699567891,-0.6343056995678911
4659,4.079043,4.7226690549525845,-0.6436260549525841
4660,4.0785165,4.724104740981738,-0.6455882409817377
4661,4.087371,4.72564083356157,-0.6382698335615702
4662,4.102184,4.727482785651502,-0.625298785651502
4663,4.1174393,4.7296514626249815,-0.6122121626249815
4664,4.131512,4.731890247084126,-0.6003782470841266
4665,4.141002,4.734314815010025,-0.5933128150100249
4666,4.147773,4.736893274916491,-0.5891202749164908
4667,4.1533813,4.739489052891923,-0.5861077528919223
4668,4.1569204,4.7423391755624404,-0.5854187755624407
4669,4.164468,4.74528432062113,-0.5808163206211301
4670,4.175147,4.748229091034897,-0.5730820910348973
4671,4.1879525,4.751376446840122,-0.5634239468401221
4672,4.2019,4.754537684250741,-0.5526376842507412
4673,4.2185616,4.757610969588528,-0.5390493695885281
4674,4.2365756,4.760735880855142,-0.524160280855142
4675,4.250701,4.76383591240928,-0.5131349124092797
4676,4.2571063,4.767070110152528,-0.5099638101525281
4677,4.2617707,4.770264602172893,-0.5084939021728934
4678,4.2678514,4.773302195858775,-0.5054507958587751
4679,4.275264,4.776299159564616,-0.5010351595646156
4680,4.2839236,4.779166193562675,-0.49524259356267564
4681,4.2937465,4.782038314710256,-0.48829181471025596
4682,4.3046484,4.791660594655151,-0.48701219465515155
4683,4.3165445,4.799733871943461,-0.48318937194346123
4684,4.3293505,4.799915371336039,-0.4705648713360384
4685,4.342982,4.799584467737681,-0.45660246773768076
4686,4.357354,4.799448781888233,-0.44209478188823326
4687,4.372384,4.799001917615201,-0.42661791761520096
4688,4.3879857,4.799448596808766,-0.41146289680876613
4689,4.4040756,4.799991569676344,-0.3959159696763441
4690,4.420569,4.800682710436512,-0.380113710436512
4691,4.4373813,4.801427210477,-0.3640459104769995
4692,4.4544287,4.801714872524901,-0.34728617252490057
4693,4.4716268,4.801852454844005,-0.33022565484400523
4694,4.4888906,4.801735194631407,-0.31284459463140646
4695,4.506136,4.801213195368149,-0.29507719536814925
4696,4.5232787,4.800746399219123,-0.2774676992191232
4697,4.540234,4.80020079462224,-0.25996679462224037
4698,4.5569177,4.799509792563909,-0.24259209256390957
4699,4.573246,4.79859909198383,-0.22535309198382958
4700,4.5891333,4.797714060770161,-0.20858076077016108
4701,4.6044965,4.796987135470192,-0.1924906354701923
4702,4.6192503,4.7961286248975235,-0.17687832489752342
4703,4.6333103,4.7948896708691375,-0.16157937086913776
4704,4.646593,4.793825337204613,-0.14723233720461248
4705,4.6590133,4.792290926893532,-0.13327762689353229
4706,4.6704865,4.7910874381660715,-0.12060093816607154
4707,4.6809154,4.78927441578472,-0.10835901578472029
4708,4.688422,4.787685413980468,-0.09926341398046823
4709,4.6902184,4.785653504629577,-0.09543510462957716
4710,4.6830087,4.7833587693778945,-0.10035006937789426
4711,4.6693344,4.780959072749714,-0.11162467274971366
4712,4.6486716,4.778552358928277,-0.12988075892827666
4713,4.6223264,4.776149000145665,-0.15382260014566462
4714,4.589909,4.7732972174920665,-0.1833882174920669
4715,4.5540915,4.769877927764719,-0.21578642776471924
4716,4.472903,4.766216267002957,-0.293313267002957
4717,4.447052,4.76243817483079,-0.31538617483079
4718,4.414325,4.758371984651389,-0.3440469846513894
4719,4.3754196,4.753853456212724,-0.3784338562127241
4720,4.33751,4.749132043706392,-0.41162204370639177
4721,4.297504,4.744067262326136,-0.4465632623261362
4722,4.251998,4.738513988376715,-0.4865159883767145
4723,4.2067304,4.73265373253615,-0.5259233325361503
4724,4.164627,4.726593597177373,-0.5619665971773724
4725,4.1294055,4.720059984936979,-0.5906544849369793
4726,4.1070666,4.713167726896123,-0.6061011268961236
4727,4.0906982,4.706088350514524,-0.6153901505145241
4728,4.0840116,4.698650839113584,-0.6146392391135835
4729,4.086248,4.691010801590652,-0.6047628015906517
4730,4.094261,4.6832955009598205,-0.5890345009598201
4731,4.107895,4.675341477164474,-0.5674464771644736
4732,4.1226435,4.667398784950745,-0.5447552849507451
4733,4.143438,4.659655949112889,-0.5162179491128889
4734,4.1668506,4.652019003857047,-0.4851684038570472
4735,4.1957507,4.644577035762017,-0.4488263357620177
4736,4.2275195,4.63739906317073,-0.4098795631707306
4737,4.2628675,4.630471309434812,-0.3676038094348124
4738,4.3039255,4.623936931699752,-0.32001143169975155
4739,4.337967,4.617995113017026,-0.2800281130170257
4740,4.3719525,4.612605815746232,-0.24065331574623183
4741,4.4017673,4.60782548658551,-0.20605818658550934
4742,4.424446,4.603617608222635,-0.17917160822263511
4743,4.440493,4.599915027817666,-0.15942202781766568
4744,4.4537272,4.596883901617755,-0.1431567016177544
4745,4.465791,4.594689688993738,-0.12889868899373802
4746,4.4775825,4.593173716146309,-0.11559121614630907
4747,4.4891095,4.592350375236168,-0.10324087523616843
4748,4.5003796,4.592054683723548,-0.09167508372354849
4749,4.5113997,4.59243115907238,-0.08103145907237952
4750,4.522178,4.59357993831387,-0.07140193831386998
4751,4.532722,4.595108499358092,-0.062386499358092706
4752,4.5430393,4.597196934261836,-0.05415763426183595
4753,4.5531373,4.599795090067878,-0.046657790067877514
4754,4.5630236,4.602853642618592,-0.03983004261859158
4755,4.572706,4.606284880542989,-0.033578880542989076
4756,4.5821924,4.61008270904485,-0.02789030904484946
4757,4.59149,4.614252481896634,-0.02276248189663388
4758,4.6006055,4.618534440212173,-0.017928940212172506
4759,4.6095476,4.623098957134331,-0.013551357134330644
4760,4.618324,4.6278727629091625,-0.009548762909162178
4761,4.6269417,4.63265987224839,-0.005718172248390552
4762,4.635408,4.637523796801141,-0.0021157968011413786
4763,4.6437306,4.6431693639908955,0.0005612360091040713
4764,4.6519175,4.6490142244949615,0.0029032755050382164
4765,4.659977,4.655169599549814,0.004807400450185462
4766,4.6679153,4.66641087998449,0.0015044200155100995
4767,4.675741,4.67538025552687,0.00036074447312994806
4768,4.6834617,4.679484739118611,0.003976960881388436
4769,4.691084,4.683422394898019,0.007661605101980662
4770,4.698616,4.687565480126099,0.011050519873901266
4771,4.706065,4.692551878007336,0.013513121992663635
4772,4.7134395,4.6966120164882765,0.01682748351172325
4773,4.720746,4.7059203381430095,0.014825661856990635
4774,4.727993,4.716319141289626,0.011673858710373963
4775,4.7351875,4.721045575174924,0.01414192482507648
4776,4.742337,4.725281544314275,0.017055455685724752
4777,4.7494497,4.729177180733989,0.020272519266011813
4778,4.756532,4.733003324342359,0.02352867565764072
4779,4.7635927,4.73704160826836,0.026551091731640497
4780,4.770639,4.742281966506177,0.028357033493823458
4781,4.7776785,4.750481850142719,0.027196649857281763
4782,4.7847185,4.756847451712142,0.027871048287858358
4783,4.7917666,4.759623528133804,0.03214307186619614
4784,4.798831,4.7626674415119865,0.036163558488013337
4785,4.8059187,4.76613889273964,0.03977980726036012
4786,4.8130374,4.770082819319448,0.04295458068055158
4787,4.8201947,4.774448933548016,0.045745766451983805
4788,4.827398,4.778809966354952,0.04858803364504727
4789,4.8346553,4.783670348499945,0.05098495150005444
4790,4.841974,4.7885931928472445,0.05338080715275506
4791,4.8493614,4.793802372145747,0.055559027854253706
4792,4.8568254,4.7990490036095155,0.057776396390484486
4793,4.863873,4.804384035410146,0.0594889645898542
4794,4.860695,4.809962466140806,0.050732533859194184
4795,4.8530602,4.815752438052096,0.03730776194790408
4796,4.8496704,4.821641560696467,0.02802883930353328
4797,4.846222,4.827667268833869,0.018554731166131155
4798,4.8291636,4.833657190934555,-0.004493590934554703
4799,4.8025436,4.839614243230607,-0.03707064323060738
4800,4.7699366,4.845582221151147,-0.07564562115114626
4801,4.7453713,4.851390292002702,-0.10601899200270193
4802,4.720472,4.857006571877249,-0.13653457187724882
4803,4.697369,4.8624584892208125,-0.16508948922081235
4804,4.6816278,4.867743730297553,-0.1861159302975528
4805,4.6687164,4.872767811131652,-0.20405141113165204
4806,4.6455646,4.877535556955087,-0.23197095695508718
4807,4.645266,4.882127182097049,-0.23686118209704876
4808,4.6468177,4.886619701689894,-0.23980200168989452
4809,4.651595,4.890963519588797,-0.23936851958879668
4810,4.657958,4.895126104812288,-0.23716810481228823
4811,4.664516,4.899070525574266,-0.23455452557426604
4812,4.6709967,4.902716455205449,-0.2317197552054493
4813,4.678047,4.906087374140277,-0.228040374140277
4814,4.6870584,4.909127749036619,-0.22206934903661946
4815,4.697408,4.911934992009451,-0.2145269920094508
4816,4.7105474,4.914554034604473,-0.20400663460447266
4817,4.725414,4.9170209091274595,-0.1916069091274597
4818,4.741262,4.919377281119347,-0.17811528111934738
4819,4.757274,4.9215528396072035,-0.16427883960720369
4820,4.773312,4.923610256667901,-0.15029825666790142
4821,4.7811112,4.925525531582391,-0.14441433158239114
4822,4.7837596,4.927426426591368,-0.1436668265913683
4823,4.7863183,4.929377394820224,-0.1430590948202246
4824,4.7887883,4.9312929080559575,-0.14250460805595733
4825,4.791171,4.933122810390837,-0.14195181039083682
4826,4.7934666,4.934879193518227,-0.14141259351822644
4827,4.795676,4.936786422850309,-0.14111042285030884
4828,4.797801,4.938802705167398,-0.1410017051673984
4829,4.7998414,4.940820515618471,-0.14097911561847098
4830,4.801799,4.9429843605678405,-0.1411853605678406
4831,4.8036737,4.945189916490022,-0.14151621649002166
4832,4.805467,4.947228100055264,-0.14176110005526343
4833,4.8071804,4.949192658413948,-0.14201225841394827
4834,4.8088136,4.951345488062395,-0.14253188806239514
4835,4.8103685,4.95349155162706,-0.14312305162706007
4836,4.811846,4.955423480835489,-0.14357748083548927
4837,4.813246,4.957209880446978,-0.14396388044697783
4838,4.81457,4.958670868022822,-0.1441008680228224
4839,4.815819,4.960016351956382,-0.1441973519563815
4840,4.816994,4.9616364090562675,-0.14464240905626724
4841,4.8180957,4.963496588255356,-0.1454008882553559
4842,4.819125,4.965280432822284,-0.14615543282228405
4843,4.820083,4.967231877187028,-0.14714887718702752
4844,4.8209705,4.969057982558914,-0.14808748255891402
4845,4.8217883,4.970938352656484,-0.14915005265648418
4846,4.8225374,4.973803551600501,-0.15126615160050072
4847,4.823219,4.98038470260045,-0.15716570260044982
4848,4.823833,4.986301759930489,-0.1624687599304897
4849,4.8243814,4.988326629434994,-0.16394522943499368
4850,4.824865,4.990212143873204,-0.1653471438732037
4851,4.825284,4.992004276565214,-0.16672027656521404
4852,4.8256397,4.99362967022059,-0.1679899702205896
4853,4.8259335,4.994781963185567,-0.1688484631855678
4854,4.826165,4.9956749083223855,-0.16950990832238588
4855,4.826337,4.996459380441124,-0.17012238044112404
4856,4.8264484,4.997221465214698,-0.17077306521469726
4857,4.826502,4.997757364449633,-0.17125536444963352
4858,4.828792,4.997534106337356,-0.16874210633735576
4859,4.8404236,4.997014112306148,-0.1565905123061473
4860,4.8212237,4.996482880175033,-0.17525918017503272
4861,4.8132653,4.995642008835026,-0.18237670883502588
4862,4.799724,4.994667090899378,-0.1949430908993781
4863,4.790439,4.9935268401198245,-0.2030878401198244
4864,4.781696,4.993597958165113,-0.2119019581651127
4865,4.774558,4.993256907696206,-0.21869890769620604
4866,4.775555,4.991260817942822,-0.21570581794282262
4867,4.775822,4.989192835388117,-0.21337083538811719
4868,4.77741,4.987167287061222,-0.20975728706122254
4869,4.778521,4.985176883026405,-0.20665588302640536
4870,4.7785788,4.983200263636082,-0.2046214636360819
4871,4.779362,4.981272737516059,-0.2019107375160587
4872,4.777247,4.979486074205865,-0.20223907420586507
4873,4.7708282,4.977835917975679,-0.20700771797567885
4874,4.761892,4.9762929375330005,-0.21440093753300093
4875,4.748777,4.974921097137312,-0.2261440971373121
4876,4.734799,4.973695750321592,-0.23889675032159197
4877,4.720486,4.972634016038365,-0.25214801603836445
4878,4.70779,4.97177427539729,-0.26398427539728964
4879,4.693438,4.971092049247458,-0.27765404924745773
4880,4.679876,4.970610661353425,-0.29073466135342496
4881,4.6743293,4.970278254412118,-0.29594895441211744
4882,4.65379,4.970014561823072,-0.31622456182307257
4883,4.645887,4.969862726044626,-0.3239757260446261
4884,4.6352234,4.969824170364975,-0.3346007703649745
4885,4.6240897,4.969848270977583,-0.34575857097758345
4886,4.611135,4.96989617969751,-0.35876117969750965
4887,4.598553,4.969961307763911,-0.371408307763911
4888,4.5941343,4.970019930124887,-0.37588563012488674
4889,4.595076,4.970061212529316,-0.3749852125293165
4890,4.596791,4.97010772031182,-0.37331672031181995
4891,4.5992446,4.970079829334314,-0.3708352293343147
4892,4.602405,4.969908668742252,-0.36750366874225193
4893,4.6062384,4.969654162127127,-0.36341576212712745
4894,4.610711,4.969372220727278,-0.3586612207272779
4895,4.6157904,4.968987641935398,-0.3531972419353986
4896,4.621443,4.968454073309778,-0.347011073309778
4897,4.6276345,4.967902878898815,-0.34026837889881456
4898,4.634333,4.967253282958627,-0.33292028295862686
4899,4.641505,4.966537189154783,-0.3250321891547827
4900,4.649116,4.965773012186003,-0.3166570121860026
4901,4.6571336,4.964958503961902,-0.3078249039619019
4902,4.665525,4.964154754958039,-0.29862975495803923
4903,4.674256,4.966209965457416,-0.2919539654574166
4904,4.683294,4.968305226508564,-0.2850112265085638
4905,4.692605,4.967454524193395,-0.27484952419339503
4906,4.702156,4.966788329440769,-0.26463232944076953
4907,4.7119136,4.965952918325785,-0.25403931832578497
4908,4.721845,4.965051234304676,-0.24320623430467592
4909,4.7319164,4.966091128993964,-0.2341747289939642
4910,4.7420945,4.966288348645958,-0.2241938486459576
4911,4.7523465,4.965189227246606,-0.21284272724660624
4912,4.7626386,4.964487888222718,-0.20184928822271786
4913,4.772938,4.963813542857571,-0.19087554285757147
4914,4.7832103,4.963305582852392,-0.18009528285239185
4915,4.793423,4.96312809877385,-0.16970509877384998
4916,4.803543,4.962761743749352,-0.15921874374935197
4917,4.813537,4.962677295920821,-0.14914029592082123
4918,4.8233714,4.9630641127851325,-0.1396927127851324
4919,4.8330126,4.962887330874121,-0.12987473087412127
4920,4.8424277,4.962965241637216,-0.12053754163721564
4921,4.8515835,4.963441869675262,-0.11185836967526175
4922,4.8604465,4.963648615632685,-0.10320211563268522
4923,4.8689833,4.9640442333521495,-0.09506093335214949
4924,4.8771605,4.964692683264197,-0.0875321832641971
4925,4.884946,4.964954982137216,-0.08000898213721541
4926,4.8923044,4.9658153648900605,-0.07351096489006004
4927,4.8992043,4.966244895439939,-0.06704059543993868
4928,4.9056115,4.966591733525632,-0.06098023352563242
4929,4.911493,4.96710758231892,-0.05561458231891958
4930,4.916815,4.967500706738619,-0.050685706738619274
4931,4.9215446,4.968057632745882,-0.04651303274588248
4932,4.9256487,4.968402478170639,-0.0427537781706393
4933,4.9290934,4.9687607498640105,-0.039667349864010326
4934,4.931846,4.97006565757388,-0.03821965757387957
4935,4.9338727,4.9726374876987744,-0.03876478769877423
4936,4.9351406,4.9741998473628914,-0.039059247362891014
4937,4.9356904,4.974528465056859,-0.03883806505685872
4938,4.93676,4.974842744502269,-0.03808274450226978
4939,4.932786,4.974724452982996,-0.04193845298299603
4940,4.928662,4.974391315561677,-0.04572931556167692
4941,4.926204,4.973869633812647,-0.0476656338126471
4942,4.9223285,4.973023593560722,-0.05069509356072199
4943,4.9229617,4.972369638750919,-0.0494079387509192
4944,4.923935,4.971427756343766,-0.047492756343765485
4945,4.9178033,4.970886967682479,-0.053083667682479074
4946,4.909765,4.9698605125475535,-0.0600955125475533
4947,4.8933954,4.9681483938681685,-0.07475299386816836
4948,4.8728333,4.966280017907409,-0.09344671790740922
4949,4.8440595,4.964208129307801,-0.1201486293078009
4950,4.7965207,4.962049118308301,-0.165528418308301
4951,4.7246833,4.959806404767156,-0.23512310476715648
4952,4.626914,4.9574990358071425,-0.33058503580714227
4953,4.5560226,4.955165167340225,-0.3991425673402249
4954,4.4881997,4.952720904380095,-0.4645212043800946
4955,4.431451,4.950259201178602,-0.5188082011786017
4956,4.3846784,4.947826376084742,-0.5631479760847418
4957,4.3475027,4.945448110164791,-0.5979454101647912
4958,4.3160477,4.943132059821365,-0.6270843598213647
4959,4.291103,4.940827888791155,-0.6497248887911553
4960,4.279008,4.938660375787164,-0.6596523757871635
4961,4.273842,4.936670649721377,-0.6628286497213765
4962,4.2742033,4.934815650758838,-0.6606123507588384
4963,4.276469,4.933039217511774,-0.6565702175117742
4964,4.2804604,4.9314337671120025,-0.6509733671120026
4965,4.286094,4.929986225133033,-0.6438922251330323
4966,4.29329,4.928696745592873,-0.6354067455928734
4967,4.301966,4.927620256656921,-0.6256542566569205
4968,4.3120413,4.926772201373646,-0.6147309013736466
4969,4.323434,4.926100748755493,-0.6026667487554933
4970,4.336062,4.925608338602894,-0.5895463386028936
4971,4.349844,4.925268692973483,-0.575424692973483
4972,4.3647,4.925126645438486,-0.5604266454384863
4973,4.3805466,4.9252194013223844,-0.5446728013223847
4974,4.3973036,4.925476536907976,-0.5281729369079757
4975,4.4148884,4.925904994077582,-0.5110165940775824
4976,4.433221,4.926518673549176,-0.49329767354917653
4977,4.452218,4.9272911813059475,-0.4750731813059472
4978,4.4718,4.928170143368866,-0.45637014336886583
4979,4.491884,4.9291779167787535,-0.43729391677875373
4980,4.512389,4.930316968585243,-0.41792796858524284
4981,4.5332336,4.9316161192445485,-0.3983825192445485
4982,4.554336,4.933046305959437,-0.3787103059594372
4983,4.5756154,4.934563605038969,-0.35894820503896874
4984,4.5969896,4.9362187973696905,-0.3392291973696908
4985,4.618377,4.937954814962122,-0.31957781496212245
4986,4.6396976,4.939722468387682,-0.3000248683876823
4987,4.6608677,4.941570453129178,-0.28070275312917836
4988,4.6818075,4.943429058670485,-0.26162155867048575
4989,4.7024345,4.945673820580661,-0.24323932058066156
4990,4.722668,4.947567553286796,-0.22489955328679656
4991,4.7424264,4.948950064752753,-0.20652366475275308
4992,4.7616277,4.950118931211626,-0.1884912312116258
4993,4.780191,4.951329689279379,-0.17113868927937848
4994,4.7980337,4.9545977648540855,-0.15656406485408514
4995,4.815076,4.958010507102803,-0.14293450710280275
4996,4.831235,4.959603899513428,-0.12836889951342734
4997,4.8464303,4.960034446822033,-0.11360414682203324
4998,4.860579,4.96060417310434,-0.10002517310433934
4999,4.8736014,4.961113854916883,-0.08751245491688309
5000,4.8854146,4.961826983577451,-0.07641238357745106
5001,4.8959374,4.962390141215405,-0.06645274121540456
5002,4.905089,4.963033948731892,-0.057944948731892154
5003,4.9127874,4.963306568392665,-0.05051916839266468
5004,4.9189515,4.964321425540173,-0.045369925540172495
5005,4.923499,4.964864289599341,-0.041365289599341715
5006,4.9263487,4.965496081172583,-0.039147381172583096
5007,4.927748,4.965741218786064,-0.0379932187860641
5008,4.9386826,4.96629532181357,-0.027612721813570218
5009,4.932084,4.967372915761283,-0.035288915761283235
5010,4.9287443,4.967321367720879,-0.038577067720878766
5011,4.9186935,4.967791572597299,-0.04909807259729959
5012,4.9022274,4.967726432539321,-0.06549903253932055
5013,4.8803315,4.967783655126343,-0.08745215512634363
5014,4.8540044,4.967480022439606,-0.11347562243960585
5015,4.824199,4.967151227898863,-0.14295222789886264
5016,4.791936,4.966823746951122,-0.1748877469511223
5017,4.7581906,4.9665348458555645,-0.20834424585556466
5018,4.723949,4.966234928134487,-0.24228592813448646
5019,4.690199,4.96587781634619,-0.27567881634618985
5020,4.657926,4.965495192711019,-0.30756919271101957
5021,4.6281176,4.965061277831778,-0.33694367783177803
5022,4.6017604,4.964550473244821,-0.36279007324482127
5023,4.579841,4.963930895603988,-0.38408989560398776
5024,4.563346,4.9630971261265415,-0.3997511261265414
5025,4.553262,4.96208659348461,-0.40882459348461
5026,4.5506287,4.960876020691231,-0.41024732069123093
5027,4.55072,4.959372654256331,-0.4086526542563309
5028,4.55954,4.957482028773327,-0.3979420287733273
5029,4.5726743,4.955197267681141,-0.38252296768114125
5030,4.590377,4.952457876789988,-0.3620808767899879
5031,4.6118054,4.949286407214039,-0.3374810072140395
5032,4.6346335,4.945634095318338,-0.31100059531833857
5033,4.6599708,4.94147339494342,-0.28150259494342045
5034,4.685624,4.936844974789647,-0.2512209747896472
5035,4.70972,4.9317292210554635,-0.2220092210554636
5036,4.7325735,4.9262861145824735,-0.19371261458247346
5037,4.7507653,4.920588828752961,-0.16982352875296058
5038,4.7754965,4.9146789983009285,-0.13918249830092844
5039,4.7964554,4.9086420285386945,-0.11218662853869432
5040,4.8130636,4.902669145708512,-0.08960554570851187
5041,4.825058,4.896935170665776,-0.07187717066577548
5042,4.8316565,4.8915561293583645,-0.05989962935836424
5043,4.834198,4.886631499989026,-0.05243349998902591
5044,4.832954,4.882371890642482,-0.04941789064248159
5045,4.835015,4.878962752073339,-0.0439477520733389
5046,4.837838,4.876473697724058,-0.03863569772405828
5047,4.840635,4.87497796604393,-0.034342966043929835
5048,4.8434024,4.874674225135598,-0.03127182513559745
5049,4.846139,4.875640132347946,-0.029501132347945713
5050,4.848842,4.877851268099457,-0.029009268099456698
5051,4.85151,4.881439308965373,-0.029929308965372492
5052,4.854141,4.886395388353743,-0.03225438835374295
5053,4.8567324,4.892697087484449,-0.03596468748444881
5054,4.859282,4.900322940322438,-0.041040940322437436
5055,4.8617883,4.909152318544833,-0.047364018544833186
5056,4.8642488,4.9192616356658645,-0.055012835665864124
5057,4.866662,4.930529008306195,-0.06386700830619496
5058,4.869025,4.942837631363813,-0.073812631363813
5059,4.8713365,4.956033517083442,-0.08469701708344246
5060,4.873594,4.970015819745953,-0.09642181974595321
5061,4.8757954,4.984651696230586,-0.10885629623058524
5062,4.8779387,4.999755786519644,-0.12181708651964396
5063,4.880022,5.015138404616958,-0.13511640461695773
5064,4.882043,5.0306547747559405,-0.14861177475594012
5065,4.884,5.0461358996623,-0.16213589966229947
5066,4.8858905,5.061388720667103,-0.17549822066710252
5067,4.8877125,5.076259420820983,-0.18854692082098268
5068,4.889464,5.090576916073587,-0.20111291607358694
5069,4.891143,5.104204938275621,-0.21306193827562137
5070,4.8927474,5.116991491029285,-0.2242440910292851
5071,4.8942747,5.128723289197509,-0.234448589197509
5072,4.895724,5.139964922117639,-0.2442409221176387
5073,4.8970914,5.149516976566857,-0.25242557656685705
5074,4.898377,5.158058922704742,-0.25968192270474244
5075,4.8995767,5.166317752986161,-0.2667410529861609
5076,4.90069,5.172626411831499,-0.27193641183149886
5077,4.901714,5.177485108228517,-0.2757711082285166
5078,4.902646,5.180552580940636,-0.2779065809406358
5079,4.903486,5.183236866640898,-0.27975086664089766
5080,4.9042296,5.187077938784625,-0.2828483387846248
5081,4.904876,5.190841184319795,-0.285965184319795
5082,4.905423,5.195536160782693,-0.2901131607826928
5083,4.9058685,5.2001989241366795,-0.2943304241366791
5084,4.9062104,5.2056802048002595,-0.29946980480025953
5085,4.9064465,5.207490270911165,-0.3010437709111642
5086,4.9065747,5.194797654625524,-0.2882229546255237
5087,4.9090095,5.182003152831153,-0.2729936528311532
5088,4.916514,5.1691869581608625,-0.2526729581608622
5089,4.917293,5.15642636133854,-0.23913336133854024
5090,4.9115973,5.1437944503630835,-0.23219715036308308
5091,4.9063973,5.13135894962638,-0.22496164962637977
5092,4.899097,5.119181217205793,-0.22008421720579285
5093,4.892457,5.107315415852826,-0.2148584158528255
5094,4.882397,5.095807870136032,-0.21341087013603222
5095,4.866979,5.084696618575085,-0.21771761857508487
5096,4.8509073,5.074011165325375,-0.22310386532537496
5097,4.834998,5.0637724310725485,-0.2287744310725488
5098,4.822698,5.053992897439128,-0.23129489743912846
5099,4.8137918,5.044676933666066,-0.23088513366606644
5100,4.8067813,5.035821288954306,-0.22903998895430622
5101,4.798584,5.027415728995357,-0.22883172899535698
5102,4.7920446,5.019443791214576,-0.22739919121457675
5103,4.7845263,5.01188363036348,-0.22735733036348016
5104,4.777044,5.00470892450752,-0.22766492450752018
5105,4.7665515,4.997889811232604,-0.2313383112326033
5106,4.7520347,4.991393824983451,-0.23935912498345058
5107,4.7328677,4.985186808684508,-0.25231910868450846
5108,4.7118235,4.979233775938463,-0.2674102759384622
5109,4.692495,4.973499703884718,-0.2810047038847179
5110,4.6787806,4.967950240991157,-0.2891696409911573
5111,4.667933,4.962552318454756,-0.29461931845475675
5112,4.659106,4.957274658347881,-0.29816865834788064
5113,4.6587973,4.952088176030901,-0.293290876030901
5114,4.664071,4.946966278516202,-0.282895278516202
5115,4.6726584,4.9418850642558825,-0.26922666425588204
5116,4.6835546,4.936823433065378,-0.25326883306537784
5117,4.695292,4.931763117422922,-0.23647111742292193
5118,4.709209,4.926688648065237,-0.217479648065237
5119,4.7231936,4.933171907299134,-0.20997830729913414
5120,4.7383065,4.939942474104403,-0.20163597410440293
5121,4.754497,4.935657446183885,-0.1811604461838856
5122,4.771403,4.931354438660791,-0.15995143866079076
5123,4.7871237,4.927116873855475,-0.1399931738554745
5124,4.801409,4.922778486475525,-0.12136948647552526
5125,4.807606,4.918319993767062,-0.11071399376706204
5126,4.812378,4.913914143366808,-0.1015361433668085
5127,4.8169007,4.909582342279158,-0.09268164227915854
5128,4.8211846,4.905045976968427,-0.08386137696842777
5129,4.82524,4.900268310810983,-0.07502831081098282
5130,4.8290772,4.8953242001731985,-0.06624700017319807
5131,4.832706,4.890299410227155,-0.05759341022715514
5132,4.8361373,4.885266504044488,-0.04912920404448773
5133,4.8393803,4.880256431294171,-0.040876131294171
5134,4.842446,4.875335141399863,-0.03288914139986332
5135,4.8453436,4.870366762234494,-0.0250231622344943
5136,4.8480844,4.865049883686467,-0.016965483686466776
5137,4.850678,4.859601963088255,-0.008923963088254716
5138,4.853134,4.854181359766233,-0.001047359766233491
5139,4.8554635,4.848257340041196,0.007206159958803582
5140,4.8576765,4.84228692941651,0.015389570583490553
5141,4.859783,4.836608063309915,0.023174936690085524
5142,4.8617935,4.830989370686198,0.030804129313802164
5143,4.863717,4.825440975334211,0.038276024665789166
5144,4.8655653,4.819934753656342,0.045630546343658374
5145,4.8673472,4.814619113128613,0.052728086871387525
5146,4.869074,4.809395144164682,0.05967885583531807
5147,4.8707547,4.804382537596503,0.06637216240349719
5148,4.8724003,4.799545871887182,0.07285442811281762
5149,4.8740206,4.794870038684843,0.07915056131515641
5150,4.875626,4.7904150833694175,0.08521091663058211
5151,4.8772264,4.7861986104271175,0.09102778957288216
5152,4.8788323,4.782214151914829,0.09661814808517111
5153,4.8804536,4.778287905049939,0.10216569495006134
5154,4.8821006,4.7744257987928735,0.10767480120712669
5155,4.8837833,4.770800908031592,0.11298239196840854
5156,4.8855124,4.767547488106894,0.11796491189310565
5157,4.887297,4.764524948427693,0.12277205157230764
5158,4.8891487,4.761361721012793,0.12778697898720637
5159,4.891076,4.758251648225632,0.13282435177436813
5160,4.8930907,4.755447396645816,0.13764330335418418
5161,4.8952017,4.752917230305872,0.1422844696941281
5162,4.89742,4.750668147619092,0.14675185238090815
5163,4.8997555,4.748631769937959,0.15112373006204116
5164,4.902218,4.746830623386511,0.155387376613489
5165,4.904818,4.745337095430872,0.15948090456912745
5166,4.907566,4.744157918464535,0.16340808153546504
5167,4.910472,4.743249933998251,0.1672220660017496
5168,4.913545,4.742636457091931,0.17090854290806945
5169,4.916797,4.742257616819816,0.1745393831801838
5170,4.9198565,4.742198615142196,0.17765788485780387
5171,4.9220834,4.74246288153889,0.17962051846111038
5172,4.8790154,4.742935576874327,0.13607982312567302
5173,4.921407,4.74362515022728,0.17778184977272016
5174,4.946506,4.744536681487647,0.20196931851235345
5175,4.9460874,4.745796921303502,0.2002904786964974
5176,4.936837,4.747239576973389,0.1895974230266111
5177,4.9180365,4.748971838471987,0.16906466152801336
5178,4.895124,4.750884729093322,0.1442392709066782
5179,4.8704877,4.752841560513257,0.11764613948674274
5180,4.846226,4.754917355049696,0.09130864495030355
5181,4.82217,4.757008124729724,0.06516187527027562
5182,4.799915,4.7591186348119034,0.04079636518809693
5183,4.7811127,4.76124761194951,0.019865088050490698
5184,4.768726,4.763280270596908,0.005445729403091626
5185,4.761428,4.765179400472544,-0.003751400472543409
5186,4.7565374,4.767049182317125,-0.010511782317125018
5187,4.751358,4.768648354303502,-0.01729035430350212
5188,4.746183,4.770057070170244,-0.02387407017024401
5189,4.72705,4.771300268288287,-0.0442502682882866
5190,4.707751,4.772277814811832,-0.06452681481183209
5191,4.6842914,4.7729636349005515,-0.08867223490055132
5192,4.6610827,4.773362224028821,-0.11227952402882124
5193,4.651668,4.773531245343953,-0.12186324534395343
5194,4.6520953,4.773383279923874,-0.12128797992387419
5195,4.652881,4.773018327475131,-0.12013732747513117
5196,4.654019,4.772522221518214,-0.11850322151821402
5197,4.6555014,4.771886379402689,-0.11638497940268877
5198,4.6573215,4.771345240250512,-0.11402374025051198
5199,4.6594715,4.771331296610473,-0.11185979661047263
5200,4.661945,4.771297997758046,-0.10935299775804541
5201,4.664734,4.7707251439441425,-0.10599114394414233
5202,4.6678324,4.770931657100188,-0.10309925710018764
5203,4.671232,4.77186387630451,-0.10063187630450976
5204,4.674927,4.773814311589404,-0.09888731158940356
5205,4.6789093,4.776117025116315,-0.09720772511631548
5206,4.6831717,4.779704057942791,-0.0965323579427908
5207,4.687708,4.784193165056919,-0.09648516505691962
5208,4.6925097,4.789600547957629,-0.09709084795762912
5209,4.697571,4.796268838100225,-0.09869783810022525
5210,4.7028832,4.80423046717712,-0.10134726717712006
5211,4.708441,4.813492093625183,-0.10505109362518361
5212,4.714236,4.823955738032059,-0.10971973803205959
5213,4.7202616,4.835645328210582,-0.11538372821058207
5214,4.7265105,4.848475177585833,-0.12196467758583296
5215,4.7329755,4.862470660838281,-0.12949516083828083
5216,4.73965,4.877499579363427,-0.13784957936342668
5217,4.746526,4.89332736405079,-0.14680136405078947
5218,4.7535963,4.910052176010588,-0.15645587601058786
5219,4.760855,4.9275748279074385,-0.16671982790743822
5220,4.768294,4.945691216580274,-0.17739721658027374
5221,4.7759066,4.964265454070281,-0.1883588540702812
5222,4.783685,4.983211952904029,-0.1995269529040291
5223,4.791623,5.002403713443223,-0.21078071344322247
5224,4.7997127,5.02178638540892,-0.2220736854089207
5225,4.8079476,5.041229588786637,-0.23328198878663642
5226,4.81632,5.060539425701635,-0.24421942570163502
5227,4.824823,5.079748627029602,-0.25492562702960164
5228,4.8334494,5.098639276265165,-0.26518987626516477
5229,4.842192,5.117051504288023,-0.2748595042880231
5230,4.851044,5.135041637687347,-0.28399763768734676
5231,4.8599987,5.1524459515386045,-0.2924472515386043
5232,4.8690476,5.169264319403133,-0.3002167194031333
5233,4.8781843,5.1854761818156945,-0.30729188181569445
5234,4.887402,5.201001729560797,-0.3135997295607975
5235,4.8966928,5.215847285691883,-0.31915448569188243
5236,4.9060507,5.229700142798342,-0.3236494427983425
5237,4.9154673,5.242573344037564,-0.3271060440375635
5238,4.9249363,5.254366675854273,-0.32943037585427337
5239,4.93445,5.265436998695332,-0.330986998695332
5240,4.9440017,5.279168269098259,-0.33516656909825837
5241,4.9535847,5.294893006732285,-0.3413083067322846
5242,4.963191,5.308096737898101,-0.34490573789810064
5243,4.9728136,5.318839063502361,-0.34602546350236096
5244,4.9824452,5.328700552870984,-0.3462553528709842
5245,4.9920797,5.332690913411054,-0.34061121341105416
5246,5.001709,5.327496093022382,-0.32578709302238185
5247,5.0113263,5.321547482918767,-0.31022118291876666
5248,5.0209246,5.314811030591787,-0.29388643059178676
5249,5.030496,5.30725936294584,-0.2767633629458395
5250,5.040035,5.298871690114428,-0.25883669011442834
5251,5.0495324,5.289633497099233,-0.24010109709923277
5252,5.0589824,5.279536069497968,-0.22055366949796795
5253,5.0683775,5.268575912816514,-0.20019841281651374
5254,5.0777106,5.256754141486392,-0.17904354148639268
5255,5.086975,5.244075930218014,-0.1571009302180144
5256,5.096163,5.2305501312421105,-0.13438713124211077
5257,5.1052675,5.216189160845723,-0.1109216608457233
5258,5.1142817,5.201009243733931,-0.08672754373393055
5259,5.123198,5.185031073442465,-0.06183307344246458
5260,5.1320095,5.168280903787346,-0.036271403787345946
5261,5.1407094,5.150792035298168,-0.010082635298167553
5262,5.14929,5.132606608418788,0.01668339158121146
5263,5.157744,5.113777568914851,0.04396643108514908
5264,5.1660643,5.094370636436055,0.0716936635639458
5265,5.1742454,5.074466088804249,0.09977931119575079
5266,5.1822786,5.054160174365689,0.12811842563431064
5267,5.190157,5.033565982394348,0.15659101760565175
5268,5.197874,5.012813634783958,0.1850603652160414
5269,5.205422,4.992049707325953,0.21337229267404734
5270,5.2127934,4.971435841047097,0.24135755895290245
5271,5.219982,4.95114655840864,0.2688354415913601
5272,5.2245975,4.931366350961682,0.29323114903831815
5273,5.2205634,4.912286150332878,0.308277249667122
5274,5.227467,4.894099330189,0.3333676698109995
5275,5.241491,4.876997411184359,0.3644935888156411
5276,5.229839,4.861165652783166,0.3686733472168342
5277,5.2246075,4.846778714661536,0.37782878533846453
5278,5.2307124,4.83399655602713,0.39671584397286974
5279,5.236237,4.822960714982818,0.41327628501718205
5280,5.2412133,4.813791075598671,0.4274222244013295
5281,5.2456717,4.806583193091966,0.4390885069080337
5282,5.2496448,4.801406213230144,0.44823858676985573
5283,5.2531633,4.798301395194332,0.4548619048056679
5284,5.2562585,4.797281229686987,0.4589772703130137
5285,5.258962,4.79832913549926,0.4606328645007407
5286,5.2613053,4.8013997155986505,0.45990558440134954
5287,5.26332,4.806419554659167,0.4569004453408336
5288,5.265037,4.8132885405471395,0.4517484594528609
5289,5.2664886,4.821881690179873,0.44460690982012707
5290,5.267705,4.832051454197159,0.43565354580284144
5291,5.2687187,4.843630465013251,0.42508823498674886
5292,5.2695603,4.866495862918814,0.403064437081186
5293,5.2702622,4.890873678197369,0.37938852180263094
5294,5.2708545,4.907004851863516,0.3638496481364841
5295,5.27137,4.923471385046002,0.34789861495399776
5296,5.271839,4.940434074307344,0.3314049256926559
5297,5.2722936,4.957669482677657,0.3146241173223432
5298,5.2727647,4.9741933801480895,0.2985713198519102
5299,5.2732844,4.990271897530808,0.28301250246919185
5300,5.273884,5.006536002667052,0.2673479973329478
5301,5.274594,5.023093741303445,0.2515002586965549
5302,5.2754464,5.038775525685582,0.23667087431441747
5303,5.276473,5.053365953493448,0.2231070465065521
5304,5.277705,5.067799982958475,0.20990501704152553
5305,5.279174,5.081621738522802,0.19755226147719807
5306,5.2809105,5.092623275991979,0.1882872240080209
5307,5.2829466,5.101765687338543,0.18118091266145697
5308,5.285314,5.115104415770993,0.17020958422900634
5309,5.2880435,5.130056783786095,0.15798671621390437
5310,5.2911673,5.138499136345586,0.15266816365441382
5311,5.294716,5.142292544421785,0.1524234555782149
5312,5.298721,5.144831810391488,0.1538891896085115
5313,5.3032146,5.1466822292283965,0.1565323707716031
5314,5.3082275,5.151727677255961,0.15649982274403929
5315,5.3137913,5.156274157829444,0.15751714217055568
5316,5.32228,5.162281903125159,0.15999809687484134
5317,5.335317,5.163189678920292,0.1721273210797083
5318,5.344623,5.169395968536747,0.1752270314632529
5319,5.351447,5.169726403773275,0.1817205962267252
5320,5.3570786,5.158405189680977,0.19867341031902352
5321,5.358745,5.147207062584799,0.21153793741520044
5322,5.358178,5.136169565866129,0.22200843413387084
5323,5.3504815,5.1253237364932795,0.22515776350672034
5324,5.325042,5.114694116036975,0.21034788396302506
5325,5.2781777,5.104299001643219,0.1738786983567806
5326,5.2163568,5.094150911379254,0.122205888620746
5327,5.143168,5.08425722857817,0.05891077142183043
5328,5.0643396,5.074620983004238,-0.010281383004238087
5329,4.979697,5.065241722990843,-0.08554472299084281
5330,4.8905005,5.056116431976553,-0.16561593197655267
5331,4.801555,5.047240444693413,-0.24568544469341358
5332,4.71448,5.038608322175093,-0.3241283221750928
5333,4.6321282,5.0302146502746,-0.3980864502746
5334,4.5510263,5.022054733056021,-0.4710284330560208
5335,4.4697165,5.014125159816954,-0.5444086598169546
5336,4.392881,5.006424232187351,-0.6135432321873511
5337,4.3245883,4.9989522453405755,-0.6743639453405752
5338,4.268582,4.991711624495543,-0.7231296244955425
5339,4.221523,4.984706924297766,-0.763183924297766
5340,4.1838074,4.977944704111319,-0.7941373041113193
5341,4.1518607,4.9714332965531085,-0.8195725965531082
5342,4.1233497,4.965182489634111,-0.8418327896341102
5343,4.097909,4.959203144591154,-0.8612941445911542
5344,4.077723,4.953506771931019,-0.8757837719310189
5345,4.057954,4.948105087486182,-0.8901510874861822
5346,4.043618,4.9430095685936575,-0.8993915685936571
5347,4.04004,4.945886887041408,-0.9058468870414078
5348,4.0367117,4.9489057853520455,-0.9121940853520458
5349,4.037023,4.945849790369702,-0.9088267903697025
5350,4.0435953,4.943438798209455,-0.8998434982094556
5351,4.067843,4.941508678605226,-0.8736656786052261
5352,4.092765,4.939963099842795,-0.847198099842795
5353,4.1182923,4.938835168635296,-0.8205428686352958
5354,4.144354,4.937978274394735,-0.7936242743947348
5355,4.1708803,4.937498396137548,-0.7666180961375479
5356,4.1978006,4.937206921756622,-0.739406321756622
5357,4.225045,4.937068963457743,-0.7120239634577432
5358,4.2525434,4.936813696810076,-0.6842702968100758
5359,4.280226,4.936535866382595,-0.6563098663825953
5360,4.308023,4.936393565913529,-0.6283705659135288
5361,4.3358636,4.936636607033546,-0.6007730070335464
5362,4.3636775,4.937200097048146,-0.5735225970481466
5363,4.391395,4.9380836842753215,-0.5466886842753214
5364,4.4189463,4.939174327339787,-0.5202280273397868
5365,4.4462605,4.940255860154623,-0.49399536015462253
5366,4.473268,4.941385377014951,-0.46811737701495115
5367,4.499899,4.94282485470076,-0.44292585470075974
5368,4.5260825,4.944484791991745,-0.41840229199174495
5369,4.551749,4.946222914186035,-0.39447391418603495
5370,4.5768285,4.947786321352355,-0.3709578213523548
5371,4.60125,4.949342655054944,-0.3480926550549439
5372,4.624945,4.950839828487104,-0.3258948284871037
5373,4.647842,4.952401648762974,-0.30455964876297426
5374,4.669872,4.954039609300361,-0.28416760930036133
5375,4.6909633,4.9564517013380245,-0.26548840133802454
5376,4.7110467,4.957825425248279,-0.24677872524827915
5377,4.7300525,4.959511429835687,-0.22945892983568683
5378,4.74791,4.96134002674026,-0.21343002674025957
5379,4.7645493,4.962228092107582,-0.197678792107582
5380,4.7799006,4.966134687057326,-0.18623408705732558
5381,4.793893,4.9690431311208485,-0.17515013112084876
5382,4.806457,4.969582997681223,-0.16312599768122293
5383,4.8179593,4.969457208015555,-0.15149790801555518
5384,4.8566184,4.969306680922874,-0.11268828092287375
5385,4.8513947,4.968894372958472,-0.11749967295847163
5386,4.8533316,4.967904265586595,-0.11457266558659551
5387,4.8565097,4.966809105459205,-0.11029940545920525
5388,4.855326,4.966208969375515,-0.11088296937551512
5389,4.8416476,4.965378668442676,-0.12373106844267578
5390,4.810584,4.9642778966384125,-0.15369389663841204
5391,4.765118,4.96314236560861,-0.19802436560861025
5392,4.713166,4.961096530419514,-0.24793053041951385
5393,4.662519,4.95905673562258,-0.29653773562258046
5394,4.615742,4.956679122445612,-0.34093712244561214
5395,4.5816107,4.954195511559422,-0.37258481155942214
5396,4.5570264,4.951693390638904,-0.3946669906389042
5397,4.541018,4.948992469178836,-0.4079744691788356
5398,4.530355,4.946237045908037,-0.41588204590803723
5399,4.5224,4.94350945817715,-0.42110945817714995
5400,4.5189786,4.940574386841454,-0.42159578684145416
5401,4.5182495,4.937545918072543,-0.4192964180725438
5402,4.5186744,4.934402055233296,-0.4157276552332956
5403,4.526925,4.931168266005499,-0.40424326600549865
5404,4.541226,4.927927487421858,-0.38670148742185795
5405,4.559796,4.924638462029053,-0.3648424620290527
5406,4.5825095,4.921389734803243,-0.33888023480324314
5407,4.607699,4.9179396028941,-0.3102406028940994
5408,4.6336126,4.914459158818461,-0.2808465588184612
5409,4.658918,4.911012162613112,-0.2520941626131119
5410,4.6847067,4.907678512042505,-0.2229718120425055
5411,4.708312,4.9044110335661095,-0.19609903356610925
5412,4.731631,4.9010843354838105,-0.16945333548381036
5413,4.7526093,4.897948165745577,-0.1453388657455772
5414,4.7746854,4.894904029239896,-0.12021862923989612
5415,4.7883453,4.8917842900468385,-0.10343899004683887
5416,4.8046646,4.888901613418028,-0.08423701341802836
5417,4.8209205,4.886022012279785,-0.06510151227978511
5418,4.8365335,4.883164070084954,-0.04663057008495386
5419,4.8519907,4.880450420695643,-0.028459720695643398
5420,4.8667383,4.878083671695332,-0.011345371695332673
5421,4.882505,4.876534442491255,0.005970557508745422
5422,4.897389,4.874929853717978,0.022459146282022502
5423,4.911063,4.872914377106997,0.03814862289300347
5424,4.923824,4.8708366158510605,0.05298738414893922
5425,4.934845,4.868849562766024,0.06599543723397616
5426,4.952831,4.867435196314342,0.08539580368565769
5427,4.9559073,4.866132676890859,0.08977462310914053
5428,4.9641047,4.8650913565913285,0.09901334340867152
5429,4.975587,4.8635113854844665,0.1120756145155335
5430,4.978615,4.862372897128138,0.11624210287186187
5431,4.9786143,4.861989689690258,0.11662461030974214
5432,4.9786134,4.861181430814339,0.11743196918566134
5433,4.978613,4.8598787954824525,0.11873420451754768
5434,4.9786115,4.858711816981758,0.11989968301824216
5435,4.97861,4.8578185568070955,0.12079144319290425
5436,4.9786086,4.857503122935038,0.12110547706496266
5437,4.978607,4.856618695844436,0.12198830415556383
5438,4.9786053,4.85515767885373,0.12344762114627006
5439,4.9786034,4.854016552431944,0.1245868475680556
5440,4.978601,4.853182346965935,0.12541865303406485
5441,4.978599,4.852909547000185,0.12568945299981493
5442,4.9785967,4.852533644540435,0.1260630554595652
5443,4.9785943,4.85136399421964,0.1272303057803601
5444,4.9785924,4.850144512728801,0.12844788727119916
5445,4.97859,4.8493438400665765,0.12924615993342314
5446,4.9785876,4.849101755012332,0.12948584498766813
5447,4.9785852,4.8487234007473585,0.12986179925264185
5448,4.9785833,4.847814055573363,0.13076924442663707
5449,4.978581,4.846667583851002,0.13191341614899788
5450,4.978579,4.845824424980174,0.1327545750198258
5451,4.978577,4.845156932983935,0.1334200670160648
5452,4.9785757,4.844847484170145,0.13372821582985495
5453,4.978574,4.844214776281114,0.13435922371888598
5454,4.978573,4.842706822364318,0.1358661776356822
5455,4.9785714,4.841324847877721,0.13724655212227876
5456,4.9785705,4.840069125437642,0.13850137456235778
5457,4.9785695,4.838701367904473,0.1398681320955273
5458,4.978569,4.836932742922389,0.14163625707761085
5459,4.9788175,4.834503622776938,0.14431387722306166
5460,4.990498,4.832220926446203,0.15827707355379683
5461,5.001187,4.830266135857532,0.17092086414246754
5462,5.0117383,4.828418534312944,0.183319765687056
5463,5.020585,4.826460186934872,0.19412481306512763
5464,5.0342407,4.823979604337587,0.21026109566241313
5465,5.0370417,4.82159105042324,0.2154506495767592
5466,5.040641,4.819358837775024,0.2212821622249761
5467,5.0414505,4.816947015979132,0.22450348402086817
5468,5.039954,4.814388965107516,0.22556503489248403
5469,5.0374713,4.811468712298002,0.22600258770199755
5470,5.0309777,4.808584463285913,0.22239323671408684
5471,5.0234766,4.806044233823876,0.2174323661761246
5472,5.0138736,4.803603085424598,0.21027051457540225
5473,5.0006604,4.800907396030078,0.19975300396992246
5474,4.986629,4.798098253105786,0.18853074689421412
5475,4.977017,4.79558547905402,0.18143152094597959
5476,4.972274,4.793399660090854,0.1788743399091457
5477,4.9700766,4.790933402156321,0.17914319784367905
5478,4.9709864,4.78819639760063,0.18279000239937027
5479,4.974456,4.7853018586979195,0.18915414130208053
5480,4.980227,4.78226604154925,0.19796095845075
5481,4.9870887,4.779938782537617,0.20714991746238276
5482,4.9946322,4.777831534614348,0.21680066538565157
5483,5.0018945,4.775639437092066,0.22625506290793407
5484,5.0066605,4.7734618791079235,0.2331986208920762
5485,5.0027127,4.770979444751754,0.23173325524824584
5486,4.985805,4.769150032421059,0.21665496757894065
5487,4.9547358,4.767415715805546,0.18732008419445378
5488,4.916537,4.765400964682186,0.15113603531781372
5489,4.8714576,4.763421862879405,0.10803573712059489
5490,4.818368,4.761160402132487,0.057207597867513726
5491,4.757004,4.7596628698433285,-0.0026588698433283042
5492,4.6903315,4.75844590791903,-0.06811440791902967
5493,4.6226373,4.7572976139086505,-0.1346603139086504
5494,4.5605154,4.756014602884778,-0.19549920288477818
5495,4.5080895,4.75452476224751,-0.24643526224751078
5496,4.4727244,4.753780284952333,-0.281055884952333
5497,4.450878,4.7532563806662065,-0.30237838066620615
5498,4.4302154,4.752588024827095,-0.3223726248270955
5499,4.410804,4.752045879056535,-0.34124187905653525
5500,4.392711,4.751441745384514,-0.35873074538451366
5501,4.3760047,4.751731691293538,-0.37572699129353815
5502,4.3607516,4.7521270524660135,-0.39137545246601313
5503,4.3470154,4.752651198325469,-0.40563579832546903
5504,4.334873,4.7535320223638005,-0.4186590223638005
5505,4.3243876,4.754661606555268,-0.43027400655526815
5506,4.3156257,4.75631775794866,-0.4406920579486604
5507,4.3086553,4.7581542995254065,-0.4494989995254066
5508,4.3035436,4.760047225849045,-0.45650362584904514
5509,4.3003583,4.76203701105585,-0.4616787110558498
5510,4.299167,4.7641660473010425,-0.4649990473010428
5511,4.310567,4.7669697026188445,-0.45640270261884464
5512,4.324408,4.770178053668232,-0.4457700536682321
5513,4.3396463,4.773516729390792,-0.433870429390792
5514,4.3562226,4.776981492994215,-0.42075889299421565
5515,4.3740783,4.7804556312815905,-0.4063773312815906
5516,4.3931513,4.783814596407384,-0.39066329640738395
5517,4.4133816,4.787280403907324,-0.37389880390732344
5518,4.434708,4.790510207054535,-0.355802207054535
5519,4.4570713,4.793363300303422,-0.33629200030342243
5520,4.4804106,4.796729976254434,-0.31631937625443385
5521,4.504665,4.8005806702450675,-0.2959156702450674
5522,4.5297747,4.804525494389792,-0.2747507943897922
5523,4.5556784,4.807474113333647,-0.2517957133336477
5524,4.582317,4.810209903711408,-0.22789290371140858
5525,4.609629,4.813227375770624,-0.2035983757706239
5526,4.637555,4.816392951071063,-0.17883795107106337
5527,4.6660337,4.819285562195906,-0.1532518621959058
5528,4.695005,4.821386648114798,-0.12638164811479768
5529,4.7244086,4.823802354729198,-0.09939375472919743
5530,4.754184,4.826389898440694,-0.0722058984406937
5531,4.7842703,4.829187210310388,-0.04491691031038769
5532,4.814608,4.83154276914607,-0.016934769146070394
5533,4.845136,4.833815256729645,0.011320743270355038
5534,4.875795,4.836665297432016,0.039129702567984204
5535,4.9065228,4.839414760110924,0.06710803988907621
5536,4.9218206,4.844018933485035,0.077801666514965
5537,4.938021,4.848599402438299,0.0894215975617012
5538,4.922845,4.850671631756196,0.07217336824380371
5539,4.9137673,4.8516017684160495,0.06216553158395044
5540,4.8700814,4.852908966345675,0.017172433654325303
5541,4.8201346,4.854672307983781,-0.03453770798378031
5542,4.75589,4.856308241662913,-0.10041824166291313
5543,4.6942267,4.857698734513576,-0.1634720345135765
5544,4.6400757,4.859143638437598,-0.21906793843759864
5545,4.5844235,4.860637763976402,-0.27621426397640203
5546,4.562011,4.862465156933622,-0.3004541569336219
5547,4.5389733,4.863986648562556,-0.3250133485625559
5548,4.5204163,4.864792286761684,-0.34437598676168424
5549,4.5076556,4.865327817676602,-0.35767221767660207
5550,4.4971933,4.866122855363193,-0.3689295553631924
5551,4.4885416,4.866521130218376,-0.3779795302183766
5552,4.498448,4.866237790483174,-0.3677897904831742
5553,4.482656,4.865838572950064,-0.38318257295006397
5554,4.473151,4.8654908821398815,-0.3923398821398818
5555,4.4722214,4.865213352607905,-0.39299195260790576
5556,4.4746757,4.864644412356958,-0.38996871235695796
5557,4.4890094,4.86354817974065,-0.3745387797406501
5558,4.5052195,4.862105384995928,-0.3568858849959282
5559,4.517104,4.860718034327485,-0.3436140343274854
5560,4.532425,4.859130024007608,-0.3267050240076079
5561,4.546598,4.856970158081573,-0.3103721580815728
5562,4.5615516,4.854586429204089,-0.29303482920408896
5563,4.5755386,4.8520621003168545,-0.2765235003168547
5564,4.5886836,4.84944441360836,-0.2607608136083597
5565,4.601035,4.846311699500158,-0.24527669950015785
5566,4.612642,4.8423917291152385,-0.2297497291152384
5567,4.623553,4.838096966840887,-0.2145439668408864
5568,4.633817,4.833701583892791,-0.19988458389279096
5569,4.6434836,4.828918634778187,-0.18543503477818746
5570,4.6526012,4.823506231159705,-0.17090503115970446
5571,4.6612186,4.817655594920712,-0.15643699492071228
5572,4.669385,4.811625667065966,-0.14224066706596616
5573,4.6771493,4.805157990104332,-0.12800869010433225
5574,4.6845603,4.7979008777287975,-0.11334057772879724
5575,4.6916666,4.789823187682607,-0.09815658768260782
5576,4.6985173,4.781011494468914,-0.08249419446891437
5577,4.705162,4.77185909012094,-0.0666970901209405
5578,4.7116485,4.761920186010597,-0.05027168601059717
5579,4.718026,4.750929921290644,-0.0329039212906439
5580,4.7243443,4.73919209276291,-0.01484779276291004
5581,4.7306514,4.726848549253848,0.0038028507461520533
5582,4.736996,4.713789587834741,0.023206412165259316
5583,4.743428,4.699798690123832,0.04362930987616753
5584,4.7499957,4.684989801983298,0.06500589801670209
5585,4.7567477,4.669691595108002,0.08705610489199778
5586,4.7637334,4.653788581474089,0.10994481852591065
5587,4.7710013,4.6371628432137895,0.13383845678621054
5588,4.7786007,4.61998657879197,0.1586141212080303
5589,4.7865806,4.602323793416466,0.18425680658353372
5590,4.794989,4.584502154662432,0.21048684533756834
5591,4.8038764,4.56635720723439,0.2375191927656104
5592,4.8132896,4.547767326895827,0.26552227310417287
5593,4.8232794,4.529154646259878,0.2941247537401219
5594,4.833894,4.510942050453165,0.3229519495468347
5595,4.845182,4.492549427974715,0.35263257202528564
5596,4.857193,4.474334257394051,0.3828587426059489
5597,4.869975,4.456786562820705,0.4131884371792953
5598,4.883578,4.44073390359992,0.44284409640007993
5599,4.89805,4.424897281350848,0.47315271864915154
5600,4.9134398,4.409337229817122,0.5041025701828783
5601,4.929797,4.394473693899784,0.5353233061002154
5602,4.9446063,4.380285679395432,0.5643206206045681
5603,4.945526,4.3669321867881745,0.5785938132118256
5604,4.946177,4.35462043144736,0.5915565685526394
5605,4.9148355,4.342117144887132,0.5727183551128681
5606,4.905233,4.330411958365983,0.5748210416340171
5607,4.9141397,4.320372441764947,0.5937672582350526
5608,4.9043274,4.310146530559163,0.5941808694408364
5609,4.8848343,4.299886187967315,0.5849481120326843
5610,4.868392,4.290606542205296,0.5777854577947039
5611,4.853883,4.282146468319889,0.5717365316801111
5612,4.8391547,4.2741103962381715,0.5650443037618285
5613,4.8158154,4.266220673009273,0.5495947269907271
5614,4.8096213,4.259409227479934,0.5502120725200657
5615,4.8037057,4.253824346834993,0.5498813531650066
5616,4.7988696,4.247873622106675,0.5509959778933249
5617,4.796169,4.242819211318193,0.5533497886818068
5618,4.7915735,4.239462739681312,0.5521107603186879
5619,4.7819104,4.239320068899174,0.5425903311008264
5620,4.7628207,4.241552422009411,0.5212682779905888
5621,4.7338586,4.244440714911737,0.48941788508826267
5622,4.686191,4.242496989107171,0.44369401089282867
5623,4.6249366,4.241195830875952,0.38374076912404753
5624,4.561559,4.242257322817082,0.319301677182918
5625,4.505854,4.245269878444994,0.26058412155500665
5626,4.4631357,4.249666243253932,0.21346945674606754
5627,4.4349713,4.256072678028585,0.17889862197141504
5628,4.418502,4.265308298718487,0.15319370128151277
5629,4.4100757,4.276891907120701,0.13318379287929893
5630,4.407958,4.289463248950791,0.1184947510492087
5631,4.410447,4.302729465263191,0.10771753473680867
5632,4.4200125,4.317296847928239,0.10271565207176092
5633,4.4339914,4.332455047415601,0.1015363525843993
5634,4.45308,4.348594548609969,0.10448545139003063
5635,4.4759827,4.364108160432166,0.11187453956783422
5636,4.501903,4.378614913085274,0.12328808691472659
5637,4.529297,4.393464872992403,0.13583212700759706
5638,4.5578713,4.408533837658668,0.14933746234133238
5639,4.585276,4.423676498489819,0.16159950151018165
5640,4.6119165,4.439573047671396,0.17234345232860449
5641,4.6382303,4.455767531848389,0.1824627681516109
5642,4.6594224,4.4717049317715345,0.1877174682284659
5643,4.6740494,4.487367247973779,0.18668215202622118
5644,4.6876183,4.503259428117652,0.18435887188234723
5645,4.7001815,4.519089723339875,0.181091776660125
5646,4.7117934,4.534871153776655,0.17692224622334507
5647,4.7225065,4.550066257858838,0.17244024214116216
5648,4.7323756,4.564696089879728,0.16767951012027194
5649,4.7414527,4.580696572816102,0.1607561271838982
5650,4.7497916,4.596164674300169,0.1536269256998306
5651,4.7574463,4.610414221950537,0.14703207804946317
5652,4.7644696,4.6239674289301576,0.14050217106984242
5653,4.770916,4.6369335871077775,0.13398241289222224
5654,4.776838,4.6492166175355205,0.12762138246447918
5655,4.7822886,4.661218638689606,0.12106996131039427
5656,4.787322,4.672709022502354,0.11461297749764565
5657,4.791992,4.68411732839045,0.10787467160955
5658,4.796352,4.695058774698073,0.10129322530192653
5659,4.800454,4.705563326701513,0.09489067329848755
5660,4.804353,4.725697407950488,0.078655592049512
5661,4.808102,4.750031395300194,0.05807060469980563
5662,4.8117547,4.761591553602189,0.05016314639781072
5663,4.815364,4.764302951078276,0.05106104892172336
5664,4.8189836,4.766682823084991,0.05230077691500945
5665,4.822667,4.7692984470255695,0.05336855297443055
5666,4.8264675,4.772067529988687,0.05439997001131225
5667,4.8304386,4.774841077849837,0.05559752215016278
5668,4.834634,4.7777063679934315,0.05692763200656881
5669,4.8391066,4.780566558550508,0.05854004144949165
5670,4.8439107,4.783531248109072,0.060379451890928415
5671,4.8490987,4.786471361387395,0.06262733861260461
5672,4.854725,4.789530521588293,0.06519447841170756
5673,4.860842,4.792601909820391,0.06824009017960897
5674,4.867504,4.796272334055915,0.0712316659440857
5675,4.8747644,4.7999061934057625,0.07485820659423759
5676,4.8826766,4.802514672003899,0.08016192799610078
5677,4.891294,4.805054935821628,0.0862390641783719
5678,4.9006696,4.807661777138289,0.09300782286171039
5679,4.910857,4.8099019106631635,0.1009550893368365
5680,4.9219103,4.812156334578056,0.1097539654219446
5681,4.9338827,4.81427738473668,0.11960531526331941
5682,4.9491577,4.816262119130598,0.1328955808694019
5683,4.962311,4.818127715700999,0.1441832842990003
5684,4.961173,4.819756977266581,0.14141602273341825
5685,4.9683347,4.821301867737807,0.14703283226219277
5686,4.965091,4.822578985948109,0.14251201405189118
5687,4.9547696,4.823613693341352,0.1311559066586474
5688,4.9165583,4.824615635018298,0.09194266498170212
5689,4.891833,4.825429609557783,0.06640339044221744
5690,4.857882,4.8261595302379225,0.03172246976207749
5691,4.819702,4.8267853401000975,-0.007083340100097146
5692,4.7842593,4.827396807229744,-0.0431375072297433
5693,4.7508197,4.828007648569967,-0.07718794856996691
5694,4.7093954,4.828299823510064,-0.11890442351006403
5695,4.645672,4.828719831825474,-0.18304783182547357
5696,4.608779,4.829103310051431,-0.2203243100514305
5697,4.5752244,4.829385273467325,-0.25416087346732485
5698,4.544923,4.82956719300568,-0.28464419300568
5699,4.517788,4.829569287590833,-0.3117812875908328
5700,4.4937334,4.8296578377747155,-0.3359244377747155
5701,4.472674,4.829745994587719,-0.3570719945877192
5702,4.4545236,4.829761787959235,-0.37523818795923525
5703,4.439196,4.829888213745631,-0.39069221374563146
5704,4.426606,4.830149836637178,-0.4035438366371782
5705,4.4166675,4.830518949660063,-0.41385144966006315
5706,4.409294,4.830742994129296,-0.42144899412929604
5707,4.404399,4.830891558865158,-0.42649255886515824
5708,4.4018993,4.8312145468911,-0.42931524689109946
5709,4.4098125,4.831619566314098,-0.4218070663140976
5710,4.42924,4.832070207372102,-0.4028302073721015
5711,4.4479833,4.832574416268169,-0.38459111626816966
5712,4.4660535,4.832982563378574,-0.3669290633785742
5713,4.483463,4.8335721214501675,-0.35010912145016704
5714,4.500224,4.834190731161669,-0.3339667311616692
5715,4.5163503,4.8347808141602036,-0.3184305141602035
5716,4.5318522,4.835242460987185,-0.303390260987185
5717,4.546743,4.835526118872678,-0.2887831188726775
5718,4.5610347,4.835938071557128,-0.2749033715571274
5719,4.5747395,4.836376501005737,-0.26163700100573717
5720,4.5878696,4.836739803575891,-0.24887020357589051
5721,4.600438,4.837011308226791,-0.23657330822679157
5722,4.6124563,4.837242951080979,-0.22478665108097928
5723,4.623937,4.837669268554787,-0.21373226855478755
5724,4.6348925,4.838245404839012,-0.20335290483901147
5725,4.6453342,4.838881621752542,-0.19354742175254191
5726,4.655276,4.839480772331125,-0.18420477233112553
5727,4.6647286,4.840144631505304,-0.1754160315053035
5728,4.6737056,4.84113598772321,-0.1674303877232104
5729,4.682218,4.842083844286929,-0.15986584428692918
5730,4.690279,4.842770868717293,-0.15249186871729226
5731,4.6979003,4.843544111130054,-0.14564381113005442
5732,4.705095,4.844739004864119,-0.13964400486411854
5733,4.7118745,4.846042082824107,-0.1341675828241069
5734,4.7182517,4.846770885821943,-0.12851918582194344
5735,4.7242384,4.847761419524666,-0.12352301952466593
5736,4.729847,4.848981520270098,-0.11913452027009797
5737,4.73509,4.850267510528676,-0.11517751052867631
5738,4.7399793,4.851417275558567,-0.11143797555856683
5739,4.744528,4.852520587853556,-0.10799258785355637
5740,4.7487473,4.853810411835815,-0.10506311183581563
5741,4.7526503,4.85511505829432,-0.10246475829432011
5742,4.756249,4.856236395689453,-0.09998739568945236
5743,4.7595553,4.857620099297882,-0.09806479929788203
5744,4.7625823,4.8591276917330575,-0.09654539173305743
5745,4.7653418,4.860636553363984,-0.09529475336398452
5746,4.7678456,4.862153810025259,-0.09430821002525835
5747,4.770107,4.863596616186139,-0.09348961618613849
5748,4.7721376,4.864948808454066,-0.09281120845406665
5749,4.7739496,4.865974189076085,-0.09202458907608513
5750,4.7755556,4.8670002427426,-0.09144464274260056
5751,4.776968,4.867886051119105,-0.09091805111910478
5752,4.7781987,4.868509805525497,-0.09031110552549748
5753,4.77926,4.869090562423249,-0.08983056242324938
5754,4.7801647,4.869577257043564,-0.08941255704356355
5755,4.780925,4.869661512279001,-0.08873651227900137
5756,4.7815523,4.869515315156926,-0.08796301515692573
5757,4.7820597,4.869334939623149,-0.08727523962314976
5758,4.782473,4.869072688613767,-0.08659968861376655
5759,4.7827735,4.868707285169235,-0.08593378516923433
5760,4.782991,4.868317104907243,-0.08532610490724313
5761,4.7831383,4.868282615954337,-0.08514431595433702
5762,4.783227,4.867941757115576,-0.08471475711557552
5763,4.7832694,4.867169115788962,-0.08389971578896205
5764,4.7713666,4.866016446545935,-0.09464984654593422
5765,4.6949854,4.866480577124096,-0.171495177124096
5766,4.617849,4.866287132008236,-0.2484381320082365
5767,4.538742,4.864290056971334,-0.3255480569713338
5768,4.4552994,4.862601105338159,-0.4073017053381589
5769,4.365049,4.860836774447302,-0.4957877744473018
5770,4.291108,4.859498815512794,-0.5683908155127932
5771,4.2346964,4.857489999652979,-0.6227935996529794
5772,4.182495,4.85514916883246,-0.6726541688324597
5773,4.134759,4.852954400465787,-0.7181954004657873
5774,4.0937805,4.850951217657336,-0.7571707176573357
5775,4.0601263,4.849127171450043,-0.7890008714500425
5776,4.0321326,4.847410841553149,-0.8152782415531492
5777,4.0087028,4.845759840297322,-0.8370570402973216
5778,3.992702,4.84430929488532,-0.8516072948853197
5779,3.9854867,4.8429372192209605,-0.8574505192209605
5780,3.9796371,4.8416061186183725,-0.8619690186183724
5781,3.9716775,4.84050232796942,-0.8688248279694202
5782,3.9631457,4.8394438935372355,-0.8762981935372354
5783,3.961089,4.838553925939414,-0.8774649259394143
5784,3.9634128,4.837885056306174,-0.874472256306174
5785,3.9733157,4.8372026729003395,-0.8638869729003393
5786,3.9885952,4.836517283736978,-0.8479220837369779
5787,4.004016,4.835864015533988,-0.8318480155339882
5788,4.018954,4.835591074590151,-0.816637074590151
5789,4.033527,4.835504555141259,-0.8019775551412591
5790,4.047855,4.835113615985957,-0.7872586159859569
5791,4.0620575,4.8348525130684035,-0.7727950130684036
5792,4.0762544,4.834749363086442,-0.7584949630864424
5793,4.0905714,4.834773683516271,-0.7442022835162714
5794,4.105117,4.8348346632762835,-0.7297176632762836
5795,4.120016,4.834798336739544,-0.7147823367395443
5796,4.135389,4.834919008901494,-0.699530008901494
5797,4.1513557,4.835225159895476,-0.683869459895476
5798,4.1680355,4.8358485483399125,-0.6678130483399123
5799,4.185549,4.836691100351715,-0.6511421003517146
5800,4.2040153,4.837355229612497,-0.6333399296124966
5801,4.223554,4.838286279481239,-0.6147322794812391
5802,4.2458034,4.8391629222756025,-0.5933595222756027
5803,4.265585,4.839954773732931,-0.574369773732931
5804,4.2831073,4.840931550410024,-0.5578242504100235
5805,4.298579,4.841484019670501,-0.542905019670501
5806,4.312209,4.841580764138815,-0.5293717641388147
5807,4.324206,4.841611294299712,-0.5174052942997118
5808,4.3347774,4.841818463888941,-0.5070410638889413
5809,4.344133,4.842390821257984,-0.498257821257984
5810,4.3524804,4.842620550283664,-0.490140150283664
5811,4.3600283,4.84305101275916,-0.4830227127591602
5812,4.3669853,4.843709405093059,-0.4767241050930595
5813,4.37356,4.843655232434941,-0.47009523243494034
5814,4.379961,4.843428966889222,-0.46346796688922254
5815,4.386397,4.8437663198069325,-0.45736931980693285
5816,4.3930755,4.844136339619746,-0.4510608396197462
5817,4.400206,4.844902358163623,-0.44469635816362274
5818,4.407997,4.844973027755079,-0.4369760277550787
5819,4.4166565,4.845213564101544,-0.42855706410154415
5820,4.4263935,4.8457208315435745,-0.4193273315435748
5821,4.437416,4.8460445743895315,-0.4086285743895317
5822,4.449933,4.847355751957022,-0.3974227519570226
5823,4.464153,4.849044310631849,-0.38489131063184967
5824,4.4802833,4.85035761376644,-0.3700743137664402
5825,4.498534,4.8512493031177435,-0.35271530311774324
5826,4.5191135,4.8524745762873485,-0.3333610762873489
5827,4.5422297,4.853832418243589,-0.31160271824358876
5828,4.5692306,4.855200406894761,-0.28596980689476137
5829,4.5981736,4.856699792309534,-0.25852619230953433
5830,4.6302876,4.858324215168767,-0.22803661516876694
5831,4.665857,4.860041885154854,-0.19418488515485421
5832,4.7211795,4.861631013177343,-0.14045151317734295
5833,4.7651486,4.863298706216606,-0.09815010621660658
5834,4.786532,4.865284952474933,-0.07875295247493241
5835,4.8060813,4.867058304990345,-0.06097700499034531
5836,4.804149,4.868926713222771,-0.06477771322277093
5837,4.7838397,4.870794144263907,-0.08695444426390697
5838,4.7313833,4.872717836957358,-0.1413345369573582
5839,4.6598825,4.875120257332815,-0.21523775733281525
5840,4.5792966,4.877010644699238,-0.2977140446992381
5841,4.500652,4.8782582091708,-0.3776062091708008
5842,4.4266424,4.879146880072694,-0.45250448007269384
5843,4.360756,4.879885347026972,-0.519129347026972
5844,4.305298,4.8806811608560805,-0.5753831608560809
5845,4.257682,4.881153913466273,-0.6234719134662727
5846,4.2177877,4.881173837223175,-0.6633861372231751
5847,4.181778,4.880825817077831,-0.6990478170778305
5848,4.147137,4.880494540750198,-0.7333575407501982
5849,4.1105695,4.879932037575788,-0.7693625375757875
5850,4.0733466,4.878977301099558,-0.8056307010995578
5851,4.0384393,4.878118297721011,-0.8396789977210108
5852,4.009333,4.876916557360295,-0.8675835573602955
5853,3.9862683,4.874865901878065,-0.8885976018780655
5854,3.9695294,4.87249340814044,-0.9029640081404402
5855,3.9570487,4.869902285439582,-0.9128535854395818
5856,3.949694,4.866723786164759,-0.9170297861647594
5857,3.9379718,4.863520655530916,-0.9255488555309159
5858,3.9194467,4.860162076074343,-0.9407153760743432
5859,3.8949564,4.8564144600077945,-0.9614580600077947
5860,3.8686404,4.852260771908328,-0.9836203719083279
5861,3.844534,4.848302974750654,-1.003768974750654
5862,3.8204231,4.844182903512949,-1.0237598035129487
5863,3.7965772,4.839807688731318,-1.0432304887313175
5864,3.7732651,4.835468134871293,-1.0622030348712932
5865,3.7507558,4.83085098505033,-1.0800951850503302
5866,3.7293181,4.826406005234045,-1.0970879052340448
5867,3.7092211,4.822059861067476,-1.1128387610674761
5868,3.690734,4.818240715904968,-1.1275067159049676
5869,3.6741252,4.814280347744253,-1.1401551477442529
5870,3.6596591,4.810203960709616,-1.1505448607096165
5871,3.647616,4.806260084119622,-1.1586440841196222
5872,3.6382582,4.80264178350978,-1.16438358350978
5873,3.6318555,4.79929406387393,-1.16743856387393
5874,3.6286762,4.796385126878937,-1.1677089268789365
5875,3.647013,4.79344797603149,-1.14643497603149
5876,3.681611,4.790607903553625,-1.1089969035536251
5877,3.7192407,4.788060574977421,-1.0688198749774211
5878,3.7595599,4.785722890138866,-1.0261629901388662
5879,3.8022256,4.783525339552357,-0.981299739552357
5880,3.8468957,4.78169590435176,-0.9348002043517596
5881,3.8932276,4.780311651078592,-0.8870840510785922
5882,3.9408793,4.779258580297896,-0.8383792802978962
5883,3.989508,4.778236910234767,-0.7887289102347674
5884,4.038772,4.777884134508333,-0.7391121345083329
5885,4.0883274,4.777801156874203,-0.6894737568742029
5886,4.1378336,4.777663459412723,-0.6398298594127239
5887,4.1869473,4.777628159666659,-0.5906808596666595
5888,4.2353263,4.77768132376167,-0.5423550237616706
5889,4.282627,4.778060979744344,-0.49543397974434455
5890,4.3285103,4.778776693014875,-0.4502663930148758
5891,4.372631,4.779877781871673,-0.40724678187167296
5892,4.414647,4.781213046984792,-0.3665660469847918
5893,4.4542165,4.782530411033867,-0.32831391103386665
5894,4.490997,4.784535458519814,-0.29353845851981397
5895,4.5226455,4.786853738750274,-0.26420823875027377
5896,4.5424123,4.79138070997827,-0.24896840997827052
5897,4.5620785,4.795715889398518,-0.23363738939851775
5898,4.580003,4.798416637151591,-0.218413637151591
5899,4.5969176,4.800702719089078,-0.20378511908907804
5900,4.612735,4.803290001277233,-0.19055500127723324
5901,4.6273856,4.805867152136422,-0.17848155213642158
5902,4.6407957,4.808529829104004,-0.1677341291040042
5903,4.65289,4.811438680718951,-0.15854868071895112
5904,4.663594,4.814602648691778,-0.15100864869177855
5905,4.6728315,4.81805910751062,-0.1452276075106198
5906,4.6805286,4.821275349371686,-0.14074674937168652
5907,4.6866107,4.824274695564155,-0.13766399556415454
5908,4.691002,4.82733006298951,-0.13632806298951028
5909,4.6936283,4.830665457788856,-0.13703715778885606
5910,4.690105,4.833854294597531,-0.14374929459753094
5911,4.626069,4.8370424216212875,-0.2109734216212873
5912,4.5507245,4.840419052049539,-0.2896945520495384
5913,4.478034,4.843558666693038,-0.3655246666930383
5914,4.391227,4.846860139839948,-0.45563313983994824
5915,4.3116813,4.850219845103925,-0.5385385451039246
5916,4.236173,4.8536947650949145,-0.6175217650949145
5917,4.167402,4.857226394571769,-0.6898243945717688
5918,4.109009,4.860435965053769,-0.7514269650537688
5919,4.0571465,4.863341451007183,-0.8061949510071829
5920,4.009041,4.86631486588114,-0.8572738658811403
5921,3.964363,4.869097107430003,-0.9047341074300026
5922,3.9238498,4.8715913080443105,-0.9477415080443103
5923,3.8865924,4.873994857853417,-0.9874024578534173
5924,3.8516452,4.876655671500028,-1.0250104715000283
5925,3.8194995,4.8791854507865375,-1.0596859507865375
5926,3.7913568,4.881313495301045,-1.089956695301045
5927,3.7685874,4.883258775160514,-1.1146713751605142
5928,3.739137,4.885037242475104,-1.1459002424751037
5929,3.7292895,4.886736368891037,-1.1574468688910367
5930,3.7295642,4.888101066049,-1.1585368660489999
5931,3.7348862,4.88902082179454,-1.1541346217945403
5932,3.7442245,4.8896028671739,-1.1453783671738997
5933,3.7560098,4.889947189548539,-1.1339373895485387
5934,3.7656162,4.8901427226680765,-1.1245265226680763
5935,3.7688794,4.890227891112775,-1.1213484911127751
5936,3.770013,4.89038384259236,-1.1203708425923602
5937,3.7685657,4.890427405628114,-1.1218617056281142
5938,3.766838,4.890235628918407,-1.1233976289184069
5939,3.7698627,4.890000701707484,-1.1201380017074838
5940,3.7726135,4.889691988983836,-1.1170784889838363
5941,3.7826064,4.889416596833334,-1.1068101968333335
5942,3.7934194,4.8888095219499474,-1.0953901219499476
5943,3.8049912,4.887776881447249,-1.0827856814472492
5944,3.81729,4.886895368229035,-1.069605368229035
5945,3.830284,4.886168162841682,-1.0558841628416822
5946,3.843941,4.885503946005478,-1.0415629460054783
5947,3.858229,4.885207930205662,-1.026978930205662
5948,3.8731158,4.88527477263072,-1.0121589726307203
5949,3.8885698,4.885763836057861,-0.997194036057861
5950,3.9045587,4.886826457904764,-0.9822677579047641
5951,3.9210508,4.888629876340514,-0.9675790763405137
5952,3.9380138,4.8909629294680075,-0.9529491294680077
5953,3.9554164,4.893861818685528,-0.9384454186855278
5954,3.9732258,4.897574038098591,-0.9243482380985908
5955,3.9914105,4.902408186125574,-0.9109976861255737
5956,4.009938,4.908397325112875,-0.8984593251128752
5957,4.028777,4.915521477303362,-0.8867444773033624
5958,4.047895,4.923530401390231,-0.8756354013902312
5959,4.0672603,4.932478699025114,-0.8652183990251139
5960,4.086841,4.942207520216443,-0.8553665202164433
5961,4.106605,4.952512086515163,-0.8459070865151626
5962,4.12652,4.9635714936253885,-0.8370514936253883
5963,4.1465545,4.975097575421025,-0.8285430754210257
5964,4.166676,4.9869976038594706,-0.8203216038594707
5965,4.1868534,4.99919044103418,-0.8123370410341799
5966,4.2070537,5.012284434279937,-0.8052307342799363
5967,4.227246,5.025983248519106,-0.7987372485191058
5968,4.2473965,5.039080196458207,-0.7916836964582075
5969,4.267475,5.052059084935178,-0.7845840849351777
5970,4.287449,5.064485112963203,-0.7770361129632031
5971,4.3072867,5.07637762060175,-0.7690909206017507
5972,4.3269553,5.088103619395025,-0.7611483193950255
5973,4.346424,5.1002619213384754,-0.7538379213384756
5974,4.3656597,5.110899839531224,-0.7452401395312238
5975,4.384631,5.119745510134522,-0.7351145101345224
5976,4.403306,5.127771082870167,-0.7244650828701671
5977,4.4216523,5.134889026628147,-0.7132367266281472
5978,4.4396386,5.141214230323937,-0.7015756303239371
5979,4.4572325,5.146148322900446,-0.6889158229004462
5980,4.4744015,5.149796380675314,-0.6753948806753138
5981,4.491114,5.152046878956291,-0.6609328789562916
5982,4.5073385,5.153292523303298,-0.6459540233032977
5983,4.523597,5.153357868027766,-0.6297608680277662
5984,4.5369315,5.151985182021569,-0.6150536820215695
5985,4.5354276,5.149705178850219,-0.6142775788502188
5986,4.528463,5.14608934514666,-0.6176263451466593
5987,4.5140796,5.1416620951914185,-0.6275824951914188
5988,4.496278,5.135432941347504,-0.6391549413475035
5989,4.480399,5.127795330857239,-0.647396330857239
5990,4.4671884,5.1263048372545,-0.6591164372544993
5991,4.4561157,5.126549786617872,-0.6704340866178722
5992,4.422953,5.115503028842773,-0.6925500288427733
5993,4.412493,5.096104000640074,-0.6836110006400737
5994,4.419927,5.075576425248388,-0.655649425248388
5995,4.4142,5.053861200600917,-0.6396612006009166
5996,4.4010663,5.030913386872865,-0.6298470868728652
5997,4.3908563,5.006706666731958,-0.6158503667319577
5998,4.380161,4.981236850723354,-0.6010758507233538
5999,4.364999,4.954524165099602,-0.5895251650996016
6000,4.329907,4.926614184474763,-0.5967071844747629
6001,4.3043647,4.8975774085836115,-0.5932127085836116
6002,4.291576,4.8675076117715665,-0.5759316117715665
6003,4.2884555,4.836519199067813,-0.5480636990678125
6004,4.2944074,4.8047438726278,-0.5103364726277997
6005,4.309249,4.7723269420589665,-0.46307794205896613
6006,4.329203,4.739423602653754,-0.41022060265375426
6007,4.3537955,4.706195462628412,-0.3523999626284118
6008,4.378902,4.672807533177315,-0.29390553317731527
6009,4.402492,4.639425814215964,-0.2369338142159645
6010,4.4155526,4.6062155248691,-0.19066292486910008
6011,4.4259677,4.573339950541222,-0.14737225054122227
6012,4.434276,4.540959815044579,-0.10668381504457969
6013,4.441876,4.509233041356319,-0.06735704135631959
6014,4.4493647,4.478314740086473,-0.02895004008647284
6015,4.4556165,4.448357260288848,0.0072592397111517215
6016,4.459492,4.419510150613142,0.03998184938685778
6017,4.461547,4.39191990642233,0.0696270935776706
6018,4.4616394,4.37304887253229,0.08859052746771034
6019,4.46045,4.355866231342165,0.10458376865783503
6020,4.45342,4.333680959526595,0.11973904047340511
6021,4.4418836,4.313180562262449,0.12870303773755065
6022,4.428617,4.294487351769937,0.13412964823006313
6023,4.416614,4.2780253993617645,0.13858860063823553
6024,4.407849,4.263818758424361,0.14403024157563848
6025,4.4039874,4.251845204515946,0.15214219548405428
6026,4.405233,4.2421699996812565,0.16306300031874343
6027,4.4113975,4.234963778673128,0.1764337213268714
6028,4.417182,4.230749906119771,0.18643209388022974
6029,4.417918,4.229756230982426,0.1881617690175741
6030,4.4196,4.232088781108329,0.18751121889167077
6031,4.422184,4.237816544285302,0.18436745571469793
6032,4.425626,4.243659734608986,0.18196626539101413
6033,4.429881,4.249167647894777,0.1807133521052231
6034,4.4349065,4.257720059847628,0.17718644015237217
6035,4.440657,4.268399275057184,0.1722577249428161
6036,4.447089,4.279702100493127,0.16738689950687302
6037,4.454159,4.292593077180779,0.16156592281922055
6038,4.461822,4.3069026849502645,0.15491931504973522
6039,4.470034,4.322489607580482,0.1475443924195181
6040,4.478751,4.339071572708961,0.1396794272910391
6041,4.48793,4.356785578867772,0.13114442113222857
6042,4.497525,4.375280147878346,0.12224485212165437
6043,4.5074935,4.394459341150489,0.11303415884951118
6044,4.517791,4.427131261442851,0.09065973855714926
6045,4.5283723,4.47680183364316,0.05157046635684015
6046,4.539195,4.5219500007426,0.017244999257400195
6047,4.550214,4.546711044896773,0.003502955103227734
6048,4.561385,4.568491669506545,-0.007106669506545593
6049,4.572665,4.588678459307406,-0.016013459307406386
6050,4.584009,4.60817120741537,-0.024162207415369785
6051,4.5953736,4.6277575292506326,-0.03238392925063227
6052,4.606714,4.64729700269105,-0.04058300269104986
6053,4.6179867,4.664586061929308,-0.04659936192930747
6054,4.6291466,4.681450575845175,-0.052303975845174655
6055,4.640151,4.697637097651355,-0.057486097651354484
6056,4.650955,4.71336896647321,-0.06241396647321018
6057,4.6615148,4.728124130663595,-0.06660933066359487
6058,4.6717863,4.742547389893849,-0.07076108989384888
6059,4.6817255,4.756299034531785,-0.07457353453178506
6060,4.6912875,4.769255051006152,-0.07796755100615282
6061,4.7004294,4.781567010937084,-0.08113761093708405
6062,4.7091064,4.801650713929949,-0.09254431392994977
6063,4.717274,4.835669904599895,-0.11839590459989502
6064,4.7248898,4.858871940752891,-0.1339821407528916
6065,4.731908,4.859396348113427,-0.12748834811342746
6066,4.738285,4.859594162706312,-0.12130916270631165
6067,4.743977,4.859644396829889,-0.11566739682988914
6068,4.7489395,4.859604053890425,-0.11066455389042495
6069,4.753129,4.863819257210554,-0.11069025721055326
6070,4.756501,4.868294004658913,-0.11179300465891284
6071,4.7590113,4.867935132334899,-0.10892383233489866
6072,4.7606163,4.8674714375841495,-0.10685513758414977
6073,4.7612524,4.866990256135678,-0.10573785613567832
6074,4.7606506,4.8665271396852825,-0.10587653968528254
6075,4.7460213,4.866134220028218,-0.12011292002821783
6076,4.7352433,4.865406830892717,-0.13016353089271782
6077,4.72539,4.864264354727252,-0.1388743547272524
6078,4.7163987,4.862734131447157,-0.14633543144715677
6079,4.7082076,4.860809190564523,-0.15260159056452327
6080,4.7007546,4.858868278758479,-0.15811367875847893
6081,4.693978,4.8567946588355975,-0.16281665883559704
6082,4.6878147,4.8545979366355585,-0.16678323663555883
6083,4.682203,4.8521225231797995,-0.1699195231797992
6084,4.67708,4.849035558378884,-0.1719555583788841
6085,4.6723847,4.8457287732164955,-0.17334407321649525
6086,4.6680546,4.8421145124272575,-0.17405991242725793
6087,4.6640267,4.838257936741538,-0.17423123674153818
6088,4.66024,4.83449527084491,-0.17425527084490966
6089,4.6566315,4.830907319763717,-0.1742758197637171
6090,4.6531396,4.827500907945217,-0.1743613079452171
6091,4.6497016,4.824810478389171,-0.175108878389171
6092,4.6462555,4.822665760816251,-0.176410260816251
6093,4.642739,4.820793919331017,-0.17805491933101703
6094,4.6390905,4.819252556373516,-0.1801620563735158
6095,4.635247,4.818613812664721,-0.18336681266472166
6096,4.631147,4.818939299274894,-0.18779229927489371
6097,4.626728,4.820081637018179,-0.19335363701817876
6098,4.621928,4.821865582375699,-0.19993758237569903
6099,4.6166844,4.824568395334357,-0.20788399533435786
6100,4.610936,4.82842909650909,-0.21749309650909066
6101,4.6046195,4.833402959949297,-0.22878345994929727
6102,4.5976734,4.839416020610541,-0.24174262061054108
6103,4.590035,4.846300183234045,-0.2562651832340448
6104,4.5816426,4.853270976865616,-0.2716283768656158
6105,4.572434,4.861039116326473,-0.28860511632647246
6106,4.5623474,4.869333415410172,-0.306986015410172
6107,4.551319,4.878105380132647,-0.3267863801326465
6108,4.5391464,4.887703682352681,-0.34855728235268124
6109,4.534881,4.897736325820176,-0.3628553258201759
6110,4.535471,4.908196996291904,-0.37272599629190406
6111,4.5373707,4.9187734509614796,-0.38140275096147924
6112,4.540334,4.928939278392896,-0.3886052783928964
6113,4.544302,4.941230063920146,-0.39692806392014557
6114,4.5492163,4.953757998427689,-0.40454169842768906
6115,4.555017,4.964216682527769,-0.4091996825277686
6116,4.561646,4.974839718686741,-0.41319371868674093
6117,4.569045,4.984221237963582,-0.41517623796358194
6118,4.577154,4.992994653019437,-0.41584065301943696
6119,4.585915,5.001052422562198,-0.4151374225621982
6120,4.5952697,5.008601443856035,-0.4133317438560349
6121,4.605158,5.01508473613603,-0.4099267361360299
6122,4.6155214,5.020903753214863,-0.40538235321486216
6123,4.626302,5.025394174135347,-0.3990921741353475
6124,4.6374393,5.028965626550726,-0.3915263265507267
6125,4.648876,5.03216599906853,-0.38328999906853056
6126,4.6605535,5.034471159997238,-0.3739176599972378
6127,4.672412,5.0354120017060655,-0.36300000170606594
6128,4.684393,5.034835421211454,-0.3504424212114543
6129,4.696438,5.033660343421125,-0.337222343421125
6130,4.708487,5.031663729325699,-0.3231767293256995
6131,4.720483,5.027950197815363,-0.30746719781536314
6132,4.7323656,5.023881612012425,-0.2915160120124254
6133,4.7440767,5.0186755447681515,-0.27459884476815155
6134,4.755558,5.027624471038232,-0.2720664710382321
6135,4.7667494,5.032030648689158,-0.26528124868915803
6136,4.7775936,5.0181749541665015,-0.24058135416650117
6137,4.7880306,5.0047369809358635,-0.21670638093586359
6138,4.7980022,4.990359488720967,-0.19235728872096658
6139,4.8074493,4.975083533420899,-0.16763423342089911
6140,4.8163133,4.959702120802829,-0.1433888208028291
6141,4.824535,4.944295853988057,-0.11976085398805658
6142,4.832056,4.928925385618003,-0.09686938561800318
6143,4.838817,4.913685071703589,-0.07486807170358922
6144,4.8447604,4.8984265503765245,-0.053666150376524335
6145,4.849826,4.883253845133564,-0.03342784513356367
6146,4.8539557,4.86825721236674,-0.014301512366739821
6147,4.85709,4.85347191312175,0.0036180868782507147
6148,4.859171,4.838918429418423,0.020252570581576812
6149,4.86014,4.824726373275058,0.035413626724942304
6150,4.8602557,4.81082269101398,0.049433008986019544
6151,4.857682,4.797236784225511,0.06044521577448858
6152,4.8513923,4.784482242591597,0.0669100574084025
6153,4.845591,4.773357320992979,0.07223367900702105
6154,4.8438654,4.762865969322807,0.08099943067719373
6155,4.835532,4.752185596257973,0.08334640374202706
6156,4.8144693,4.742370606978098,0.07209869302190164
6157,4.785056,4.734510724884007,0.050545275115992716
6158,4.7567606,4.726927457531651,0.029833142468349116
6159,4.7325234,4.718339376751391,0.014184023248608568
6160,4.71287,4.710298201714125,0.0025717982858743937
6161,4.6995306,4.703315577146539,-0.003784977146539248
6162,4.6905236,4.69770866157223,-0.007185061572230644
6163,4.6769013,4.6918650646099715,-0.01496376460997162
6164,4.6747665,4.686688675369726,-0.011922175369726062
6165,4.675672,4.681920552379613,-0.006248552379613415
6166,4.677186,4.6785472602884735,-0.0013612602884736091
6167,4.6792827,4.675297346065782,0.003985353934218061
6168,4.681935,4.671967000647756,0.009967999352244128
6169,4.6851172,4.669213538106563,0.015903661893436727
6170,4.6888027,4.667821314885839,0.020981385114160922
6171,4.692965,4.667943606429956,0.02502139357004385
6172,4.697579,4.669088571487352,0.028490428512648158
6173,4.702617,4.669295752177655,0.0333212478223448
6174,4.7080536,4.671422038607522,0.03663156139247814
6175,4.7138624,4.672851321468645,0.04101107853135488
6176,4.720017,4.6715623914108635,0.04845460858913686
6177,4.7264915,4.669619705171054,0.05687179482894589
6178,4.7332587,4.667989037899412,0.06526966210058838
6179,4.740293,4.666412661660715,0.07388033833928542
6180,4.7475686,4.665834286232917,0.0817343137670834
6181,4.7550583,4.665391452826,0.08966684717399964
6182,4.762736,4.664426144075225,0.09830985592477504
6183,4.770576,4.663910527868432,0.10666547213156807
6184,4.778551,4.664375071360041,0.11417592863995907
6185,4.7866364,4.6658018034728395,0.12083459652716044
6186,4.7948046,4.667427443932085,0.1273771560679151
6187,4.8030295,4.6695683913237405,0.1334611086762596
6188,4.811285,4.671151705042015,0.14013329495798477
6189,4.8195453,4.672006229176249,0.1475390708237505
6190,4.827783,4.673482594967343,0.1543004050326573
6191,4.835973,4.676158818767686,0.1598141812323144
6192,4.8440886,4.678937463974691,0.16515113602530906
6193,4.8521028,4.6816262168352765,0.17047658316472347
6194,4.8599906,4.683590391272669,0.17640020872733064
6195,4.867725,4.684669297328342,0.18305570267165816
6196,4.87528,4.6863074990182625,0.18897250098173757
6197,4.882629,4.687718093665232,0.19491090633476738
6198,4.8897457,4.689032153686728,0.20071354631327143
6199,4.896604,4.690138550164303,0.20646544983569726
6200,4.903178,4.69100783344357,0.2121701665564295
6201,4.9094415,4.69155448190952,0.2178870180904795
6202,4.915367,4.692323774746843,0.22304322525315712
6203,4.9209294,4.693416031791634,0.2275133682083661
6204,4.926102,4.69336493756436,0.23273706243563996
6205,4.930859,4.693417147244919,0.23744185275508123
6206,4.935174,4.6934829759695,0.2416910240304997
6207,4.9390197,4.693321299721944,0.245698400278056
6208,4.9423714,4.693257972888823,0.249113427111177
6209,4.9452014,4.6929254130638425,0.2522759869361577
6210,4.9474845,4.692515520106129,0.2549689798938708
6211,4.949194,4.692057365960477,0.25713663403952314
6212,4.9503036,4.6914952915294785,0.2588083084705213
6213,4.951674,4.690647804539956,0.2610261954600439
6214,4.9607544,4.689324570217228,0.27142982978277175
6215,4.9598336,4.687555820242475,0.2722777797575242
6216,4.9488177,4.685479678308051,0.26333802169194964
6217,4.949987,4.6824180709430125,0.2675689290569876
6218,4.949515,4.678742637985844,0.27077236201415555
6219,4.938129,4.674445518200423,0.26368348179957657
6220,4.9276695,4.669381571043128,0.25828792895687247
6221,4.9176035,4.663866278629073,0.253737221370927
6222,4.907922,4.657572254156131,0.25034974584386926
6223,4.8986154,4.650595434195613,0.2480199658043869
6224,4.889674,4.64334077866644,0.24633322133356028
6225,4.8810887,4.635766866809761,0.24532183319023915
6226,4.8728504,4.627985963950586,0.2448644360494141
6227,4.864949,4.620287317735409,0.24466168226459128
6228,4.8573756,4.612516177716463,0.24485942228353696
6229,4.850121,4.6046896464236555,0.24543135357634416
6230,4.8431754,4.596868378343457,0.24630702165654306
6231,4.8365293,4.589158527694752,0.2473707723052474
6232,4.8301735,4.581701982804475,0.24847151719552496
6233,4.824099,4.574637361468829,0.2494616385311712
6234,4.8182955,4.567924479499738,0.2503710205002614
6235,4.8127546,4.561564010489712,0.25119058951028794
6236,4.807466,4.555652152181397,0.25181384781860316
6237,4.802421,4.550164649358087,0.2522563506419129
6238,4.79761,4.545187792440944,0.2524222075590554
6239,4.793023,4.540656020037485,0.252366979962515
6240,4.788652,4.536606500129115,0.252045499870885
6241,4.7844863,4.533076772993116,0.2514095270068841
6242,4.7805166,4.529960237553287,0.2505563624467131
6243,4.7767344,4.527220230742628,0.24951416925737124
6244,4.7731295,4.524919009158075,0.2482104908419247
6245,4.769693,4.523063432301614,0.2466295676983865
6246,4.766415,4.521521636821083,0.2448933631789174
6247,4.7632866,4.52022684813115,0.24305975186884954
6248,4.7602983,4.519211829682466,0.2410864703175335
6249,4.75744,4.518521948219863,0.2389180517801366
6250,4.754703,4.518108716932962,0.23659428306703845
6251,4.7520785,4.518008339146058,0.23407016085394172
6252,4.749556,4.518153618811395,0.23140238118860523
6253,4.747126,4.518615619751347,0.228510380248653
6254,4.7447805,4.519391490801883,0.22538900919811677
6255,4.7425084,4.520363912620842,0.22214448737915848
6256,4.7403016,4.5216659475832435,0.2186356524167561
6257,4.73815,4.523088676077299,0.2150613239227015
6258,4.7360444,4.524918095017762,0.21112630498223783
6259,4.733976,4.527715698655475,0.20626030134452478
6260,4.731934,4.534469558415536,0.1974644415844642
6261,4.7299104,4.539850983859085,0.19005941614091437
6262,4.727895,4.543822391484137,0.18407260851586305
6263,4.7258787,4.546867281580642,0.17901141841935786
6264,4.723852,4.549393468919752,0.17445853108024778
6265,4.7218056,4.551911813792087,0.16989378620791307
6266,4.7197304,4.5546385512354775,0.16509184876452299
6267,4.717616,4.561804018636122,0.1558119813638772
6268,4.715454,4.568752800415996,0.14670119958400463
6269,4.713235,4.5710663627580805,0.14216863724191953
6270,4.7109485,4.57302294724206,0.13792555275793994
6271,4.708586,4.575233499741385,0.13335250025861534
6272,4.706139,4.577410810431758,0.1287281895682426
6273,4.7035966,4.579656079826723,0.12394052017327706
6274,4.7009497,4.581963811881445,0.11898588811855504
6275,4.6981893,4.58456424380312,0.1136250561968799
6276,4.6953053,4.58685438659136,0.10845091340864066
6277,4.6922894,4.589264747023895,0.10302465297610475
6278,4.6891313,4.591713905879995,0.09741739412000427
6279,4.6858215,4.5939127927829455,0.0919087072170548
6280,4.6823516,4.595467423996164,0.08688417600383591
6281,4.678712,4.597120581701218,0.0815914182987818
6282,4.674892,4.5981479663958105,0.07674403360418935
6283,4.6708837,4.599248267492856,0.07163543250714444
6284,4.666677,4.59959670883202,0.0670802911679802
6285,4.667344,4.599302806510944,0.0680411934890559
6286,4.6653605,4.598624870578715,0.0667356294212853
6287,4.6568594,4.5975521492623015,0.0593072507376986
6288,4.6464396,4.596354568283985,0.05008503171601486
6289,4.6295514,4.594780556591783,0.03477084340821701
6290,4.6060257,4.592536629728091,0.013489070271909043
6291,4.5743814,4.589742670123634,-0.015361270123634085
6292,4.535882,4.586280549048149,-0.050398549048148666
6293,4.494929,4.5822674635743255,-0.08733846357432551
6294,4.456649,4.578110889998161,-0.12146188999816143
6295,4.420533,4.573647914698638,-0.15311491469863814
6296,4.3908234,4.568866575750131,-0.17804317575013062
6297,4.3595853,4.563908872882789,-0.2043235728827888
6298,4.3271527,4.5587455142982485,-0.2315928142982484
6299,4.2944794,4.553606971297144,-0.25912757129714414
6300,4.260764,4.54866281687521,-0.28789881687521035
6301,4.228887,4.543727303279486,-0.3148403032794853
6302,4.1997747,4.538738030619417,-0.33896333061941686
6303,4.172103,4.534093449721807,-0.36199044972180694
6304,4.1487317,4.530169886308324,-0.3814381863083245
6305,4.1279364,4.526783593028709,-0.3988471930287085
6306,4.1123505,4.524110623116395,-0.4117601231163954
6307,4.098526,4.522051493224815,-0.42352549322481536
6308,4.086222,4.520564401010523,-0.43434240101052257
6309,4.075692,4.519914978450686,-0.4442229784506857
6310,4.0679593,4.519892457831303,-0.45193315783130306
6311,4.065751,4.520711022672946,-0.454960022672946
6312,4.0650296,4.52245176144525,-0.4574221614452503
6313,4.067917,4.524909055000187,-0.45699205500018714
6314,4.0732803,4.528236106741047,-0.4549558067410464
6315,4.070041,4.532353557878465,-0.46231255787846504
6316,4.0614734,4.537118165581129,-0.4756447655811291
6317,4.0619736,4.542557403176429,-0.4805838031764287
6318,4.063923,4.548529213415259,-0.4846062134152591
6319,4.0669937,4.55522668526262,-0.48823298526261993
6320,4.071151,4.56253178131715,-0.49138078131715
6321,4.0763574,4.570329589024387,-0.49397218902438667
6322,4.0825768,4.578565092178352,-0.4959882921783523
6323,4.0897727,4.587167945992623,-0.49739524599262275
6324,4.097909,4.5961852318779535,-0.4982762318779539
6325,4.106949,4.605154565139484,-0.4982055651394841
6326,4.1168566,4.613969017576509,-0.4971124175765089
6327,4.127595,4.623529124687968,-0.4959341246879676
6328,4.139128,4.6333652074122895,-0.49423720741228916
6329,4.151419,4.650869211357594,-0.49945021135759404
6330,4.1644325,4.6683667489360765,-0.5039342489360763
6331,4.178131,4.6779188656750454,-0.49978786567504585
6332,4.1924787,4.687019476334082,-0.4945407763340821
6333,4.2074385,4.6959565074864695,-0.48851800748646923
6334,4.2229753,4.704284665687236,-0.4813093656872365
6335,4.2390513,4.712842279684241,-0.47379097968424144
6336,4.255631,4.731043333208162,-0.4754123332081619
6337,4.272678,4.749224244902311,-0.4765462449023108
6338,4.2901554,4.757587053859159,-0.4674316538591592
6339,4.3080273,4.765322174158938,-0.4572948741589382
6340,4.3262568,4.772814759441063,-0.4465579594410629
6341,4.344808,4.780499505877692,-0.435691505877692
6342,4.363644,4.787896838872629,-0.4242528388726292
6343,4.382729,4.794057251632958,-0.4113282516329573
6344,4.4020267,4.799866560296128,-0.39783986029612795
6345,4.4214993,4.80548479129732,-0.3839854912973202
6346,4.4411116,4.811067510088717,-0.3699559100887164
6347,4.4608274,4.8164548761756425,-0.35562747617564217
6348,4.48061,4.829271672576327,-0.34866167257632696
6349,4.5004225,4.8400721591039835,-0.3396496591039835
6350,4.5202293,4.8415019661118155,-0.32127266611181593
6351,4.5399933,4.842921741718095,-0.3029284417180955
6352,4.559679,4.8442475398656235,-0.28456853986562347
6353,4.579249,4.845683231296154,-0.26643423129615407
6354,4.5986676,4.847088285770654,-0.2484206857706539
6355,4.617898,4.848284162362365,-0.23038616236236464
6356,4.6369042,4.849311584200255,-0.2124073842002554
6357,4.655649,4.85024449856069,-0.19459549856068925
6358,4.674097,4.851141543876802,-0.17704454387680268
6359,4.6922116,4.85204027203065,-0.15982867203064988
6360,4.709956,4.852615027240066,-0.1426590272400663
6361,4.727294,4.852997034583951,-0.12570303458395138
6362,4.7441893,4.853175493185782,-0.10898619318578184
6363,4.7606053,4.85318222046293,-0.09257692046293009
6364,4.7765055,4.853198690958469,-0.07669319095846916
6365,4.791854,4.853107542463664,-0.06125354246366399
6366,4.806614,4.852686094248349,-0.04607209424834924
6367,4.8207493,4.8521178037539405,-0.0313685037539404
6368,4.8342233,4.851456989849277,-0.01723368984927731
6369,4.8469996,4.850896122700807,-0.0038965227008072034
6370,4.859042,4.850366767130352,0.008675232869647331
6371,4.8703146,4.849887721779923,0.020426878220077604
6372,4.88078,4.849492249144867,0.03128775085513258
6373,4.8904023,4.849152555664503,0.041249744335496885
6374,4.899145,4.8490074426055125,0.05013755739448733
6375,4.906972,4.849018111906166,0.057953888093833505
6376,4.9138465,4.84920801577654,0.06463848422345997
6377,4.919732,4.849642359301652,0.070089640698348
6378,4.924593,4.850379177312625,0.07421382268737453
6379,4.9283924,4.851352207956013,0.07704019204398715
6380,4.931093,4.852568569961872,0.07852443003812759
6381,4.9326606,4.854032132555636,0.07862846744436425
6382,4.933276,4.85570130128486,0.07757469871514022
6383,4.9356265,4.857624234752554,0.07800226524744591
6384,4.9307775,4.859756361702488,0.07102113829751122
6385,4.9135294,4.8620910966459725,0.051438303354027326
6386,4.8963633,4.864619096094968,0.03174420390503219
6387,4.872552,4.8673151997004345,0.005236800299565303
6388,4.8435016,4.870156009910838,-0.02665440991083834
6389,4.8081613,4.873151095492463,-0.06498979549246275
6390,4.771008,4.876249170874758,-0.10524117087475826
6391,4.7296534,4.87943857927559,-0.14978517927558954
6392,4.6848516,4.882714811283426,-0.1978632112834262
6393,4.639449,4.886003853448131,-0.24655485344813144
6394,4.598849,4.889281680673774,-0.29043268067377337
6395,4.563408,4.892595173793389,-0.3291871737933887
6396,4.5328565,4.895884243508246,-0.36302774350824585
6397,4.4997916,4.899117162257025,-0.3993255622570251
6398,4.472578,4.902266435587267,-0.4296884355872663
6399,4.487034,4.905365046915755,-0.4183310469157542
6400,4.502737,4.908357515984005,-0.4056205159840056
6401,4.517354,4.911252538297146,-0.3938985382971456
6402,4.530937,4.914037961486229,-0.3831009614862291
6403,4.543539,4.916681653382635,-0.37314265338263475
6404,4.555212,4.91920468532293,-0.3639926853229296
6405,4.566009,4.921594281929901,-0.35558528192990035
6406,4.575981,4.923848613320399,-0.3478676133203997
6407,4.585181,4.925951191481201,-0.3407701914812007
6408,4.593662,4.9279834292385205,-0.3343214292385204
6409,4.6014752,4.930152206196899,-0.3286770061968989
6410,4.6086736,4.938353045677758,-0.3296794456777574
6411,4.6153092,4.945205093772829,-0.3298958937728296
6412,4.6214347,4.9444020289249195,-0.32296732892491953
6413,4.6271024,4.9435706136011515,-0.3164682136011514
6414,4.6323643,4.942648394446987,-0.31028409444698735
6415,4.637273,4.942615815887642,-0.30534281588764145
6416,4.641881,4.942678462267356,-0.30079746226735615
6417,4.64624,4.9419855001894195,-0.2957455001894198
6418,4.650403,4.941331576793422,-0.290928576793422
6419,4.654422,4.940675248054275,-0.2862532480542743
6420,4.6583495,4.939984830471594,-0.2816353304715937
6421,4.6622376,4.939469245870215,-0.27723164587021465
6422,4.6661386,4.93928916068643,-0.27315056068642996
6423,4.6701055,4.939175056066126,-0.2690695560661256
6424,4.67419,4.938783857670064,-0.2645938576700635
6425,4.6784444,4.938331633718378,-0.25988723371837796
6426,4.682922,4.937975206101963,-0.25505320610196325
6427,4.6876736,4.937597123037745,-0.24992352303774457
6428,4.6927524,4.936944681422748,-0.24419228142274818
6429,4.6982107,4.936337116362279,-0.23812641636227916
6430,4.704101,4.9356035621715755,-0.23150256217157583
6431,4.7104754,4.9346346703447175,-0.2241592703447175
6432,4.717386,4.933568866041797,-0.21618286604179637
6433,4.724886,4.9322935867809345,-0.20740758678093485
6434,4.7330265,4.930670505750198,-0.19764400575019803
6435,4.741861,4.928831813181912,-0.18697081318191167
6436,4.751441,4.926688151812359,-0.17524715181235884
6437,4.761819,4.924170895345303,-0.16235189534530292
6438,4.7730474,4.921237042617039,-0.14818964261703904
6439,4.785179,4.9179460131214645,-0.13276701312146422
6440,4.798266,4.914202274059069,-0.11593627405906926
6441,4.8123603,4.909961159880823,-0.09760085988082334
6442,4.8106256,4.90535444947848,-0.09472884947848037
6443,4.807278,4.900327918508246,-0.09304991850824607
6444,4.796447,4.894874394073865,-0.09842739407386514
6445,4.7785296,4.889037313274545,-0.11050771327454534
6446,4.7586756,4.882736674366585,-0.12406107436658509
6447,4.7332993,4.876099448883878,-0.14280014888387793
6448,4.7070093,4.869217727780875,-0.1622084277808744
6449,4.6861825,4.862074632687815,-0.17589213268781467
6450,4.650539,4.854732087624533,-0.2041930876245326
6451,4.6173882,4.8472928695723825,-0.22990466957238276
6452,4.587516,4.839827995456458,-0.2523119954564583
6453,4.557919,4.8323973074016635,-0.27447830740166346
6454,4.5216208,4.825035336066726,-0.3034145360667262
6455,4.4947476,4.817863355907134,-0.3231157559071338
6456,4.470533,4.810895157403783,-0.34036215740378317
6457,4.450156,4.804187120401758,-0.3540311204017579
6458,4.4346356,4.797775837654851,-0.36314023765485093
6459,4.420361,4.791701503010371,-0.37134050301037114
6460,4.4055896,4.786033566306506,-0.38044396630650645
6461,4.3957434,4.780751954727627,-0.3850085547276274
6462,4.3934097,4.775899629642318,-0.3824899296423174
6463,4.397967,4.771538166243734,-0.37357116624373354
6464,4.407697,4.767637980607685,-0.35994098060768565
6465,4.419477,4.76422013212794,-0.34474313212793994
6466,4.4402566,4.761222111740633,-0.32096551174063315
6467,4.4650946,4.758697714236342,-0.2936031142363422
6468,4.486979,4.75666704116024,-0.26968804116024003
6469,4.51354,4.7550014295073675,-0.2414614295073676
6470,4.535191,4.753728805587416,-0.21853780558741587
6471,4.558886,4.752909616222329,-0.19402361622232878
6472,4.575127,4.752448021092013,-0.17732102109201264
6473,4.5909357,4.752294056927841,-0.16135835692784095
6474,4.606318,4.752486256904255,-0.1461682569042555
6475,4.6212792,4.752959587282407,-0.13168038728240727
6476,4.635825,4.753614731491275,-0.1177897314912757
6477,4.6499615,4.7544883985122315,-0.10452689851223163
6478,4.6636944,4.755847167398509,-0.09215276739850964
6479,4.677029,4.757425431878794,-0.08039643187879353
6480,4.689972,4.759092794597506,-0.06912079459750586
6481,4.7025275,4.760718639646409,-0.058191139646408985
6482,4.7147017,4.762477435048529,-0.04777573504852928
6483,4.726501,4.764663711675631,-0.03816271167563112
6484,4.737931,4.766898178869612,-0.028967178869612198
6485,4.7489963,4.771288074838741,-0.022291774838740785
6486,4.7597036,4.777921667379876,-0.01821806737987597
6487,4.7700586,4.783210160996976,-0.013151560996976563
6488,4.7800665,4.786377191306724,-0.0063106913067239034
6489,4.789733,4.78949369362706,0.0002393063729400069
6490,4.799064,4.792150568985953,0.006913431014047511
6491,4.808066,4.79963208108372,0.008433918916280092
6492,4.816743,4.806762153067238,0.0099808469327618
6493,4.8251014,4.809150150877684,0.015951249122315936
6494,4.8331475,4.811135927706667,0.022011572293332726
6495,4.8408866,4.81238320217341,0.02850339782659006
6496,4.848324,4.8136698855617395,0.034654114438260386
6497,4.855466,4.814992855017615,0.040473144982384746
6498,4.8623176,4.816274561100048,0.04604303889995176
6499,4.868885,4.81715876224942,0.05172623775057961
6500,4.875174,4.817417390218655,0.05775660978134578
6501,4.88119,4.81733885805837,0.06385114194163055
6502,4.8869386,4.816945945642939,0.06999265435706103
6503,4.8924255,4.815961671612058,0.07646382838794175
6504,4.897657,4.814462288728287,0.08319471127171241
6505,4.9026375,4.813773278344264,0.0888642216557356
6506,4.907374,4.8120712700084205,0.0953027299915794
6507,4.911872,4.808091940092582,0.10378005990741812
6508,4.9161363,4.803118173108472,0.11301812689152779
6509,4.9201736,4.797197947214817,0.12297565278518263
6510,4.923989,4.790390436822247,0.13359856317775254
6511,4.927588,4.7827134084695535,0.14487459153044657
6512,4.930977,4.774220405464687,0.1567565945353131
6513,4.934161,4.764932807602502,0.16922819239749742
6514,4.937146,4.754844119848528,0.18230188015147242
6515,4.939938,4.744367261436636,0.19557073856336338
6516,4.9425426,4.733416020086776,0.20912657991322448
6517,4.944965,4.722133676571817,0.22283132342818313
6518,4.947211,4.710810535161859,0.23640046483814103
6519,4.9492865,4.698839148264784,0.2504473517352164
6520,4.951197,4.686431604270491,0.2647653957295084
6521,4.9529486,4.674125965883885,0.2788226341161151
6522,4.9545465,4.661676349094055,0.29287015090594526
6523,4.9559965,4.649040613973223,0.3069558860267776
6524,4.9573045,4.637194873912639,0.32010962608736104
6525,4.958476,4.625694753772054,0.33278124622794625
6526,4.9595175,4.613994030840686,0.3455234691593132
6527,4.960433,4.602195289958577,0.3582377100414229
6528,4.96123,4.590868984286933,0.37036101571306634
6529,4.9619126,4.5802673010165735,0.38164529898342625
6530,4.962487,4.570351084881651,0.39213591511834966
6531,4.96296,4.561141435601994,0.4018185643980061
6532,4.963336,4.552677180279768,0.4106588197202319
6533,4.963621,4.545218094670206,0.41840290532979374
6534,4.963821,4.5383679934859265,0.4254530065140738
6535,4.963941,4.53262162521796,0.4313193747820403
6536,4.961233,4.5277898261500615,0.43344317384993847
6537,4.966819,4.523683141427107,0.4431358585728935
6538,4.986942,4.520000190086895,0.46694180991310485
6539,4.999127,4.516903146658468,0.48222385334153195
6540,5.007943,4.514412398615271,0.4935306013847294
6541,5.0076447,4.512599525309082,0.4950451746909179
6542,4.992419,4.511365475760448,0.4810535242395515
6543,4.9514093,4.510753378644678,0.4406559213553223
6544,4.9110904,4.510669308106422,0.4004210918935778
6545,4.8703165,4.511051267061962,0.35926523293803836
6546,4.811721,4.511896816770902,0.29982418322909865
6547,4.7748337,4.513148264344397,0.2616854356556031
6548,4.739951,4.514946020740025,0.22500497925997465
6549,4.742957,4.517334794911209,0.22562220508879083
6550,4.7201757,4.520369770525047,0.19980592947495346
6551,4.721838,4.5246761834383005,0.1971618165616995
6552,4.7402487,4.529545426637034,0.21070327336296657
6553,4.758007,4.53519439594776,0.22281260405224046
6554,4.7751236,4.5412609266850685,0.23386267331493116
6555,4.7916083,4.55401836559511,0.23758993440489018
6556,4.807471,4.564722953724802,0.24274804627519764
6557,4.8227215,4.570064914379073,0.25265658562092685
6558,4.8373704,4.57800333893041,0.2593670610695904
6559,4.851427,4.587050665207174,0.26437633479282585
6560,4.864902,4.596927999909751,0.2679740000902484
6561,4.8778048,4.608957125452396,0.2688476745476036
6562,4.8901453,4.621909013982442,0.268236286017558
6563,4.901934,4.644241942046011,0.25769205795398875
6564,4.9131813,4.666878854294253,0.246302445705747
6565,4.923896,4.680501357132579,0.24339464286742096
6566,4.9340887,4.694295651012354,0.23979304898764653
6567,4.9437695,4.709184812813589,0.2345846871864108
6568,4.9529486,4.724870529346797,0.2280780706532033
6569,4.961635,4.740836005569676,0.22079899443032414
6570,4.9698396,4.757444178207884,0.21239542179211668
6571,4.9775724,4.774256195740267,0.20331620425973274
6572,4.984843,4.794375026470965,0.1904679735290351
6573,4.9916615,4.8146631294557105,0.17699837054428968
6574,4.998038,4.831130080328293,0.16690791967170693
6575,5.003982,4.846760119397118,0.157221880602882
6576,5.0095043,4.861749987682509,0.14775431231749092
6577,5.0146146,4.875892756627919,0.13872184337208093
6578,5.019323,4.889253869013309,0.1300691309866906
6579,5.0236387,4.901625197683945,0.12201350231605534
6580,5.027572,4.91335955718295,0.1142124428170499
6581,5.031134,4.923726329937481,0.10740767006251861
6582,5.0343337,4.9303869619558744,0.10394673804412591
6583,5.0371814,4.935616486799471,0.1015649132005283
6584,5.0396867,4.939313588394508,0.10037311160549223
6585,5.0418596,4.9416918702588735,0.10016772974112698
6586,5.0437107,4.942533273197255,0.101177426802745
6587,5.0452495,4.94166884175984,0.10358065824016016
6588,5.0464864,4.939433591483544,0.10705280851645593
6589,5.0474305,4.935887776724435,0.1115427232755648
6590,5.048093,4.9309372098381266,0.11715579016187316
6591,5.048483,4.924556022920767,0.12392697707923261
6592,5.0484185,4.91703729411916,0.13138120588084057
6593,5.05193,4.908388211821682,0.1435417881783172
6594,5.053066,4.898573036209763,0.15449296379023725
6595,5.046573,4.888345404711186,0.1582275952888148
6596,5.039322,4.88597935110348,0.15334264889651994
6597,5.031629,4.892693474095844,0.1389355259041558
6598,4.998558,4.885487018364264,0.11307098163573581
6599,5.0086093,4.862804392149077,0.14580490785092248
6600,5.008349,4.840339852873217,0.16800914712678328
6601,5.0049963,4.818158635032128,0.18683766496787246
6602,4.9989557,4.79632681996782,0.20262888003217938
6603,4.9913907,4.774911566027541,0.21647913397245944
6604,4.9818954,4.7539810814357155,0.22791431856428446
6605,4.974522,4.733604301879425,0.24091769812057517
6606,4.9669166,4.713850266159481,0.25306633384051924
6607,4.9597864,4.694787218014617,0.26499918198538275
6608,4.9513135,4.676481494745419,0.2748320052545816
6609,4.9383783,4.658996288257663,0.2793820117423369
6610,4.9091043,4.6423903778436975,0.26671392215630263
6611,4.907986,4.626716934825306,0.2812690651746941
6612,4.908056,4.612022487713838,0.29603351228616237
6613,4.908174,4.598346115245554,0.309827884754446
6614,4.9083457,4.585718907169079,0.32262679283092055
6615,4.908576,4.57416370316807,0.3344122968319301
6616,4.90887,4.56369509281314,0.34517490718685995
6617,4.9092336,4.554319637218112,0.3549139627818887
6618,4.909671,4.551365951671806,0.35830504832819443
6619,4.910187,4.5500888864094415,0.3600981135905581
6620,4.9107876,4.545859265534562,0.3649283344654375
6621,4.911478,4.543949806038009,0.36752819396199055
6622,4.9122624,4.544285897096998,0.36797650290300243
6623,4.913147,4.546449553801844,0.36669744619815603
6624,4.914136,4.550275813504371,0.36386018649562946
6625,4.915235,4.553873916904493,0.36136108309550696
6626,4.916449,4.556547389487358,0.359901610512642
6627,4.9177833,4.559280298837087,0.3585030011629131
6628,4.919243,4.562435759786182,0.3568072402138176
6629,4.920833,4.5658849217046065,0.35494807829539354
6630,4.922559,4.569499851592221,0.3530591484077785
6631,4.924425,4.573725637194115,0.35069936280588543
6632,4.926437,4.579009376705354,0.3474276232946458
6633,4.9286,4.584853284993906,0.34374671500609466
6634,4.9309187,4.591090935888031,0.3398277641119689
6635,4.933399,4.5981435483934225,0.3352554516065771
6636,4.936045,4.60601509898679,0.3300299010132104
6637,4.9388633,4.613881957157655,0.3249813428423458
6638,4.9418573,4.621757053128053,0.32010024687194694
6639,4.9450336,4.62982508922689,0.3152085107731102
6640,4.948396,4.6379468905999,0.31044910940009984
6641,4.951951,4.644460611695606,0.30749038830439446
6642,4.955703,4.64947124844377,0.30623175155623006
6643,4.9596567,4.6538464121456045,0.30581028785439557
6644,4.9638176,4.657898198209048,0.3059194017909519
6645,4.9681916,4.661614800157952,0.30657679984204833
6646,4.972782,4.668397499057029,0.3043845009429704
6647,4.9775953,4.678103387378515,0.2994919126214848
6648,4.9826365,4.686631411188529,0.29600508881147114
6649,4.9879107,4.689620795866718,0.2982899041332816
6650,4.993423,4.692151913883165,0.3012710861168353
6651,4.9991784,4.6944151686190585,0.3047632313809414
6652,5.0051823,4.695928838565111,0.3092534614348894
6653,5.0114393,4.697611180918088,0.3138281190819123
6654,5.017955,4.702490411165292,0.3154645888347076
6655,5.024734,4.708057023359226,0.31667697664077377
6656,5.031782,4.708827928111942,0.32295407188805747
6657,5.0391035,4.707102227487663,0.33200127251233713
6658,5.0467043,4.705249493572896,0.34145480642710435
6659,5.0545893,4.703481999731575,0.35110730026842507
6660,5.0627637,4.701779642864229,0.360984057135771
6661,5.0712323,4.7002615067621125,0.3709707932378876
6662,5.08,4.698845994928008,0.38115400507199215
6663,5.0890727,4.697515510894035,0.39155718910596526
6664,5.098455,4.696473226833387,0.40198177316661354
6665,5.103615,4.695342838381324,0.40827216161867597
6666,5.09757,4.694360249059381,0.4032097509406194
6667,5.091006,4.693462707405179,0.397543292594821
6668,5.0734854,4.694144375973309,0.379341024026691
6669,5.040764,4.701528913181166,0.3392350868188343
6670,4.9917035,4.705849620334481,0.28585387966551856
6671,4.9315863,4.701930545875782,0.22965575412421835
6672,4.8638296,4.69836067511581,0.1654689248841903
6673,4.7888,4.695077162175482,0.09372283782451785
6674,4.7079687,4.692273233063134,0.015695466936866076
6675,4.619558,4.68998129460868,-0.07042329460868046
6676,4.5312533,4.688178308222907,-0.156925008222907
6677,4.4525757,4.686720462644685,-0.23414476264468487
6678,4.388833,4.68557944577462,-0.2967464457746196
6679,4.34061,4.684848080364941,-0.3442380803649412
6680,4.3039365,4.684316795925029,-0.3803802959250291
6681,4.249421,4.68385411037304,-0.4344331103730399
6682,4.249781,4.684167029424963,-0.43438602942496374
6683,4.2484503,4.684890093347395,-0.4364397933473949
6684,4.2446027,4.685297900752938,-0.44069520075293855
6685,4.243987,4.685821984022055,-0.441834984022055
6686,4.2429175,4.686438029867123,-0.443520529867123
6687,4.243972,4.68728574931158,-0.44331374931157974
6688,4.245151,4.688411957494533,-0.443260957494533
6689,4.2469907,4.68998383961005,-0.44299313961005016
6690,4.248619,4.691881394674959,-0.4432623946749592
6691,4.2544293,4.693624967795178,-0.43919566779517805
6692,4.267652,4.695112080472773,-0.4274600804727733
6693,4.2843356,4.696674346560368,-0.4123387465603674
6694,4.3001795,4.697966188867245,-0.397786688867245
6695,4.3118834,4.698815152337228,-0.38693175233722776
6696,4.3236485,4.699633538450579,-0.37598503845057873
6697,4.335935,4.700458266996025,-0.36452326699602455
6698,4.3487153,4.701412033141846,-0.3526967331418458
6699,4.361959,4.702380017443267,-0.34042101744326736
6700,4.375638,4.703371047488635,-0.32773304748863463
6701,4.3897223,4.704482987159738,-0.3147606871597377
6702,4.4041834,4.705672827781611,-0.30148942778161114
6703,4.418992,4.7069763640685665,-0.2879843640685662
6704,4.4341187,4.708522532424689,-0.2744038324246887
6705,4.449535,4.710214733345761,-0.26067973334576067
6706,4.465212,4.712000653459938,-0.24678865345993817
6707,4.4811196,4.713838585874731,-0.2327189858747305
6708,4.497229,4.714876962023955,-0.2176479620239551
6709,4.5135117,4.715454151963207,-0.20194245196320715
6710,4.529938,4.7162485097454505,-0.18631050974545094
6711,4.546479,4.717137098980471,-0.17065809898047135
6712,4.563106,4.718132367488988,-0.15502636748898801
6713,4.579789,4.718963564309115,-0.13917456430911468
6714,4.5965,4.7199032501322105,-0.12340325013221065
6715,4.613209,4.720968186413866,-0.1077591864138654
6716,4.6298866,4.722521034998948,-0.0926344349989483
6717,4.646505,4.724864299944208,-0.07835929994420798
6718,4.6630344,4.727318042822328,-0.06428364282232835
6719,4.6794453,4.728890611016253,-0.04944531101625316
6720,4.695709,4.730918343261127,-0.035209343261127124
6721,4.7117963,4.733453120084793,-0.021656820084793083
6722,4.727679,4.734765785876538,-0.007086785876538215
6723,4.743326,4.735297420492724,0.008028579507275424
6724,4.7587104,4.736111359125095,0.02259904087490483
6725,4.7738013,4.736833400459922,0.03696789954007773
6726,4.788571,4.737803616813273,0.050767383186727244
6727,4.802989,4.738634955038582,0.06435404496141839
6728,4.817027,4.739236681880021,0.0777903181199795
6729,4.8306565,4.7399140731393725,0.09074242686062739
6730,4.8438473,4.740751439245741,0.10309586075425958
6731,4.8565707,4.741486938831598,0.11508376116840147
6732,4.868798,4.742218874639195,0.12657912536080485
6733,4.8804994,4.743016802687103,0.13748259731289636
6734,4.891646,4.743796960596536,0.1478490394034635
6735,4.902209,4.74461135929422,0.15759764070577997
6736,4.912159,4.745752060616674,0.16640693938332607
6737,4.9214673,4.746866811246254,0.1746004887537458
6738,4.9301043,4.747964639461449,0.18213966053855124
6739,4.938041,4.749052987911081,0.18898801208891935
6740,4.945249,4.7502405128502465,0.19500848714975305
6741,4.9516983,4.751593230634441,0.20010506936555927
6742,4.95736,4.7529848132511745,0.20437518674882593
6743,4.962205,4.754441069474686,0.2077639305253136
6744,4.966204,4.755937348386258,0.21026665161374236
6745,4.969329,4.7575291260954256,0.21179987390457455
6746,4.9715495,4.759177974385591,0.21237152561440897
6747,4.9728374,4.760753056669213,0.21208434333078774
6748,4.9670186,4.762446785763414,0.2045718142365862
6749,4.921284,4.764194839796528,0.15708916020347186
6750,4.857534,4.766038482169304,0.09149551783069665
6751,4.7920837,4.768038319324791,0.024045380675208783
6752,4.7039404,4.770053283361486,-0.06611288336148657
6753,4.6167154,4.771860983327411,-0.15514558332741046
6754,4.517333,4.773508579122602,-0.25617557912260214
6755,4.4211392,4.77490314903615,-0.35376394903614994
6756,4.3317437,4.7760126794017275,-0.4442689794017278
6757,4.250897,4.7766877501615825,-0.5257907501615824
6758,4.17855,4.776953715204008,-0.5984037152040074
6759,4.108962,4.776992485261963,-0.668030485261963
6760,4.055881,4.776646273334693,-0.7207652733346928
6761,4.0106473,4.7757517543294385,-0.765104454329439
6762,3.9713702,4.774194876500693,-0.802824676500693
6763,3.9283383,4.771843246781133,-0.8435049467811329
6764,3.902248,4.768830756502916,-0.8665827565029156
6765,3.8758502,4.765080136947057,-0.8892299369470567
6766,3.8481717,4.760874633730749,-0.9127029337307491
6767,3.8416781,4.75613989245234,-0.9144617924523395
6768,3.8320901,4.750646983824252,-0.9185568838242522
6769,3.8258884,4.744399437863136,-0.9185110378631354
6770,3.8144336,4.737356309260177,-0.9229227092601766
6771,3.7903323,4.729556277403115,-0.939223977403115
6772,3.7875812,4.721234868426048,-0.9336536684260484
6773,3.7625995,4.712510178949203,-0.9499106789492031
6774,3.755881,4.703581811664692,-0.9477008116646917
6775,3.7515335,4.694348007016242,-0.9428145070162426
6776,3.754219,4.6848596974157735,-0.9306406974157735
6777,3.7818017,4.675335692383229,-0.8935339923832295
6778,3.8204157,4.666047429831324,-0.8456317298313243
6779,3.8575485,4.657175788591268,-0.7996272885912683
6780,3.8932407,4.648823338863781,-0.7555826388637805
6781,3.927532,4.641143891552422,-0.7136118915524219
6782,3.9604623,4.634326593568255,-0.6738642935682546
6783,3.992072,4.628523220270041,-0.636451220270041
6784,4.0224013,4.624094480225877,-0.6016931802258769
6785,4.0514913,4.621102172722827,-0.5696108727228264
6786,4.0793805,4.619683728954172,-0.5403032289541718
6787,4.1061106,4.62000825225614,-0.5138976522561398
6788,4.131721,4.622020690361094,-0.4902996903610939
6789,4.156252,4.625917469565835,-0.4696654695658351
6790,4.1797433,4.6317574713385,-0.45201417133849997
6791,4.202236,4.6394321375464,-0.4371961375464002
6792,4.2237706,4.649171754683241,-0.42540115468324124
6793,4.244386,4.660793356885878,-0.4164073568858777
6794,4.2641234,4.674097669581908,-0.40997426958190797
6795,4.283022,4.689087807537589,-0.4060658075375887
6796,4.3011227,4.705515435714918,-0.40439273571491796
6797,4.3184657,4.7235012678959505,-0.4050355678959505
6798,4.3350916,4.742996186356135,-0.4079045863561346
6799,4.3510394,4.763775628661533,-0.41273622866153303
6800,4.36635,4.785482784975644,-0.4191327849756439
6801,4.381064,4.807773481407415,-0.42670948140741505
6802,4.3952208,4.831011787868813,-0.4357909878688133
6803,4.4088607,4.85509506336313,-0.44623436336313027
6804,4.4220243,4.879298460446085,-0.4572741604460848
6805,4.434752,4.903740682966014,-0.4689886829660148
6806,4.447083,4.928257141604238,-0.4811741416042379
6807,4.459059,4.959765761484766,-0.500706761484766
6808,4.4707184,4.991940194380275,-0.521221794380275
6809,4.4821024,5.017880918388844,-0.5357785183888444
6810,4.4932513,5.042277962328909,-0.5490266623289095
6811,4.5042048,5.066099630980727,-0.5618948309807266
6812,4.515003,5.088934414289778,-0.5739314142897776
6813,4.525687,5.110153529094735,-0.5844665290947351
6814,4.5224576,5.130069712494034,-0.6076121124940341
6815,4.4834332,5.148635893312504,-0.6652026933125033
6816,4.4424906,5.164699131626048,-0.7222085316260483
6817,4.4057007,5.179114102653903,-0.7734134026539037
6818,4.377401,5.191304818571316,-0.8139038185713163
6819,4.3556476,5.201057010529555,-0.8454094105295544
6820,4.3463254,5.208891230975628,-0.8625658309756288
6821,4.3484225,5.214622834583245,-0.8662003345832447
6822,4.3517175,5.218496623998209,-0.8667791239982083
6823,4.3575387,5.2245396983369705,-0.8670009983369704
6824,4.3621325,5.247133065613174,-0.8850005656131739
6825,4.3620267,5.258967224096458,-0.8969405240964576
6826,4.356803,5.244887574175135,-0.8880845741751351
6827,4.3495255,5.229871248488803,-0.8803457484888026
6828,4.3423147,5.213996203576567,-0.8716815035765668
6829,4.3338776,5.197353032403984,-0.863475432403984
6830,4.327445,5.180042920130835,-0.8525979201308349
6831,4.317433,5.162175413961036,-0.8447424139610353
6832,4.293601,5.1438660755113705,-0.8502650755113708
6833,4.2745814,5.125234082320442,-0.8506526823204421
6834,4.2898197,5.106399842263719,-0.8165801422637191
6835,4.3063803,5.087482680767563,-0.781102380767563
6836,4.3219414,5.068598655776731,-0.7466572557767313
6837,4.3365397,5.049858549399679,-0.7133188493996787
6838,4.35021,5.031366078111812,-0.6811560781118127
6839,4.362988,5.013216355542359,-0.6502283555423594
6840,4.3749094,4.995494633460195,-0.6205852334601953
6841,4.386009,4.978275337812909,-0.5922663378129096
6842,4.3963237,4.9616214076946346,-0.5652977076946346
6843,4.4058876,4.945583936060237,-0.5396963360602376
6844,4.414737,4.930202102104109,-0.515465102104109
6845,4.422908,4.915503376854359,-0.49259537685435895
6846,4.4304347,4.901503976160185,-0.47106927616018446
6847,4.437353,4.88820952932553,-0.45085652932553
6848,4.4436994,4.875615927508494,-0.43191652750849396
6849,4.449508,4.863710313832883,-0.41420231383288364
6850,4.454816,4.8524721769222845,-0.3976561769222844
6851,4.4596577,4.841874511063698,-0.38221681106369765
6852,4.464069,4.831885009113721,-0.3678160091137208
6853,4.4680853,4.8224672582287385,-0.3543819582287382
6854,4.471742,4.813581913207352,-0.34183991320735174
6855,4.4750752,4.805187827312232,-0.3301126273122321
6856,4.47812,4.797243125394815,-0.3191231253948157
6857,4.4809117,4.789706208390137,-0.3087945083901369
6858,4.483486,4.782536681261693,-0.29905068126169265
6859,4.485879,4.775696198000999,-0.2898171980009989
6860,4.488126,4.769149217437319,-0.28102321743731906
6861,4.4902616,4.76286366282232,-0.2726020628223198
6862,4.492322,4.756811477000513,-0.26448947700051306
6863,4.4943433,4.7509690640327955,-0.2566257640327958
6864,4.49636,4.745317607914325,-0.24895760791432497
6865,4.4984083,4.7398432599247355,-0.24143495992473518
6866,4.5005236,4.748982863694745,-0.2484592636947447
6867,4.5027413,4.7594773844995935,-0.2567360844995932
6868,4.505097,4.75788794996619,-0.2527909499661902
6869,4.507626,4.755440499382,-0.24781449938199973
6870,4.5103645,4.752953680871779,-0.2425891808717795
6871,4.513347,4.750129270575758,-0.23678227057575718
6872,4.51661,4.7473452071225966,-0.23073520712259654
6873,4.520189,4.744262892411487,-0.22407389241148667
6874,4.524118,4.741933891609811,-0.21781589160981163
6875,4.5284343,4.739829168625651,-0.21139486862565082
6876,4.533173,4.737723397381233,-0.20455039738123304
6877,4.538369,4.736186887926577,-0.1978178879265764
6878,4.544059,4.73512631340202,-0.1910673134020202
6879,4.5502768,4.73464994450821,-0.18437314450821063
6880,4.5570593,4.734006169732146,-0.1769468697321459
6881,4.5644417,4.733490827244989,-0.169049127244989
6882,4.572459,4.732660449419725,-0.16020144941972436
6883,4.5811477,4.73216797893226,-0.15102027893226033
6884,4.5905433,4.732418726240723,-0.14187542624072247
6885,4.60068,4.732148252699923,-0.13146825269992313
6886,4.6115947,4.731902628797039,-0.12030792879703878
6887,4.623322,4.732414961996929,-0.10909296199692875
6888,4.6358976,4.733096731794359,-0.09719913179435924
6889,4.649358,4.7336735852654375,-0.08431558526543714
6890,4.6637373,4.735076766208355,-0.07133946620835463
6891,4.679072,4.73688722343588,-0.05781522343588019
6892,4.6908984,4.7390855882495595,-0.048187188249559476
6893,4.690094,4.741513357809436,-0.05141935780943552
6894,4.6761312,4.743998413991172,-0.06786721399117202
6895,4.6604867,4.747038157376959,-0.08655145737695946
6896,4.6409554,4.750227024033015,-0.10927162403301516
6897,4.6151047,4.753470121734913,-0.13836542173491306
6898,4.5883093,4.756794150961252,-0.168484850961252
6899,4.564767,4.759856912122481,-0.19508991212248095
6900,4.541588,4.763144755868807,-0.2215567558688072
6901,4.5270014,4.766124044654991,-0.23912264465499167
6902,4.509468,4.7689277531020045,-0.2594597531020044
6903,4.48222,4.7716752650776435,-0.28945526507764363
6904,4.4719043,4.773917643365035,-0.3020133433650347
6905,4.465443,4.776156659695754,-0.3107136596957547
6906,4.4619927,4.7779958490062,-0.3160031490062005
6907,4.458665,4.779223887194402,-0.3205588871944025
6908,4.4519806,4.779893259266776,-0.3279126592667767
6909,4.4415503,4.77982720810171,-0.33827690810170985
6910,4.4234443,4.7800831604608,-0.35663886046079973
6911,4.3986773,4.780028124788977,-0.38135082478897697
6912,4.37266,4.779441746999696,-0.4067817469996964
6913,4.3499017,4.778335982784085,-0.42843428278408435
6914,4.332382,4.776677672676266,-0.44429567267626613
6915,4.320389,4.774562475609147,-0.45417347560914756
6916,4.309214,4.771901841742491,-0.46268784174249156
6917,4.2973285,4.768937045201954,-0.4716085452019545
6918,4.28045,4.765645903319376,-0.4851959033193758
6919,4.2624216,4.761629446237795,-0.49920784623779557
6920,4.2426443,4.757575437804237,-0.5149311378042372
6921,4.24145,4.753190266476248,-0.5117402664762478
6922,4.243795,4.748154992531732,-0.5043599925317315
6923,4.2476206,4.742428404607021,-0.4948078046070208
6924,4.252858,4.736280297300614,-0.48342229730061437
6925,4.259439,4.731041640613433,-0.4716026406134324
6926,4.2672954,4.725984194846844,-0.4586887948468439
6927,4.276358,4.720698713740776,-0.4443407137407762
6928,4.2865586,4.7157399096507735,-0.4291813096507733
6929,4.297829,4.71075154065084,-0.41292254065083966
6930,4.3101006,4.705749022797058,-0.39564842279705825
6931,4.323305,4.701466192339983,-0.3781611923399826
6932,4.3373737,4.697557790683104,-0.360184090683104
6933,4.352238,4.693333576552743,-0.3410955765527435
6934,4.3678303,4.688821488915325,-0.3209911889153254
6935,4.384081,4.684901235727935,-0.3008202357279348
6936,4.4009223,4.680961792584041,-0.2800394925840406
6937,4.4182854,4.67734537210003,-0.2590599721000295
6938,4.4361024,4.6740913065685135,-0.23798890656851324
6939,4.454304,4.670922753877317,-0.21661875387731744
6940,4.4728227,4.668088339944437,-0.19526563994443702
6941,4.4915895,4.665475114767315,-0.17388561476731468
6942,4.5105357,4.663286311802592,-0.15275061180259186
6943,4.5295935,4.661252180781686,-0.13165868078168597
6944,4.548694,4.659290934515477,-0.1105969345154767
6945,4.5677686,4.657858434398139,-0.09008983439813889
6946,4.586749,4.656826552767163,-0.0700775527671631
6947,4.605567,4.656291745496818,-0.050724745496817825
6948,4.624154,4.656057136665106,-0.03190313666510569
6949,4.6424417,4.655572573084804,-0.013130873084803873
6950,4.660361,4.655268375862764,0.005092624137235546
6951,4.677844,4.654789776650745,0.023054223349255665
6952,4.6948223,4.654599779397845,0.04022252060215514
6953,4.711227,4.65482368328898,0.05640331671101961
6954,4.72699,4.656899436825627,0.07009056317437246
6955,4.742043,4.658833860509524,0.08320913949047615
6956,4.756317,4.659793371410768,0.09652362858923169
6957,4.769744,4.661780266791559,0.10796373320844133
6958,4.782255,4.662284314815597,0.1199706851844029
6959,4.7937827,4.6618500187860805,0.13193268121391988
6960,4.804257,4.661486191166237,0.14277080883376314
6961,4.8136106,4.660867981094755,0.15274261890524432
6962,4.821775,4.660576499399533,0.1611985006004666
6963,4.828681,4.661012820855143,0.1676681791448562
6964,4.834261,4.661507938226111,0.17275306177388838
6965,4.838446,4.661878571544291,0.1765674284557095
6966,4.8411674,4.662136653518301,0.1790307464816987
6967,4.8423576,4.6624517150826215,0.17990588491737824
6968,4.8298984,4.663375409656699,0.1665229903433012
6969,4.8002014,4.664644634593385,0.13555676540661477
6970,4.758,4.6658999107450905,0.09210008925490953
6971,4.702122,4.667188944588696,0.03493305541130454
6972,4.638505,4.668101929270107,-0.02959692927010682
6973,4.572587,4.670229170141928,-0.09764217014192766
6974,4.5102973,4.672529313178919,-0.16223201317891878
6975,4.4556165,4.67436350533998,-0.21874700533998048
6976,4.4082403,4.675872229056638,-0.2676319290566376
6977,4.3695984,4.677293322450707,-0.3076949224507066
6978,4.334224,4.679241687707995,-0.3450176877079949
6979,4.3041697,4.681240810901371,-0.3770711109013707
6980,4.2765646,4.683258741387216,-0.4066941413872156
6981,4.2512064,4.685630414765507,-0.43442401476550696
6982,4.2284284,4.687968505255233,-0.4595401052552326
6983,4.2101016,4.690633349848959,-0.48053174984895897
6984,4.197759,4.693507137307907,-0.4957481373079071
6985,4.191474,4.696395371759185,-0.5049213717591847
6986,4.18926,4.699468359804814,-0.5102083598048139
6987,4.1906424,4.702689701097742,-0.5120473010977422
6988,4.1945987,4.706358229953582,-0.511759529953582
6989,4.2003436,4.710475605018752,-0.5101320050187521
6990,4.2106705,4.714313597489616,-0.5036430974896158
6991,4.2218432,4.718306507698284,-0.49646330769828406
6992,4.234714,4.722422386618927,-0.4877083866189267
6993,4.246732,4.726530092503516,-0.47979809250351657
6994,4.2576284,4.730942576885027,-0.47331417688502686
6995,4.2622867,4.735620569122101,-0.4733338691221016
6996,4.263677,4.740221622499208,-0.47654462249920737
6997,4.2607064,4.744359809972023,-0.4836534099720229
6998,4.254136,4.748906443617089,-0.4947704436170888
6999,4.2542663,4.753292066953976,-0.4990257669539755
7000,4.255624,4.757223398121008,-0.5015993981210078
7001,4.257814,4.761280246874916,-0.5034662468749165
7002,4.260818,4.765239057765242,-0.5044210577652413
7003,4.264616,4.769517448274817,-0.5049014482748166
7004,4.2691894,4.773560740181048,-0.5043713401810477
7005,4.274518,4.776921972505595,-0.5024039725055953
7006,4.280583,4.780110565110073,-0.499527565110073
7007,4.2873645,4.783110499859545,-0.4957459998595448
7008,4.2948437,4.7864123949213715,-0.4915686949213711
7009,4.3030014,4.7897649209298425,-0.4867635209298422
7010,4.311817,4.793391623383686,-0.4815746233836862
7011,4.321273,4.796965308679504,-0.4756923086795046
7012,4.3313484,4.799848606890062,-0.4685002068900612
7013,4.3420243,4.802745438041813,-0.460721138041813
7014,4.353282,4.805648956697427,-0.45236695669742666
7015,4.365102,4.808434888754623,-0.4433328887546226
7016,4.377464,4.810925205705797,-0.4334612057057976
7017,4.3903494,4.813264848832976,-0.4229154488329758
7018,4.4037385,4.8157927511921885,-0.4120542511921883
7019,4.4176126,4.818251020791996,-0.40063842079199574
7020,4.4319515,4.8204807708343305,-0.3885292708343302
7021,4.4467363,4.822615382777752,-0.3758790827777512
7022,4.461945,4.824523809623618,-0.362578809623618
7023,4.4775634,4.8266308499424895,-0.3490674499424893
7024,4.4935694,4.828704730209703,-0.33513533020970243
7025,4.509944,4.8305756242527895,-0.32063162425278957
7026,4.5266676,4.832353820276901,-0.3056862202769013
7027,4.543721,4.833905252089251,-0.2901842520892517
7028,4.5610847,4.83557625376875,-0.27449155376874934
7029,4.5787396,4.837183894193675,-0.25844429419367554
7030,4.5966654,4.8387892660750484,-0.24212386607504843
7031,4.6148443,4.8404209432257685,-0.22557664322576887
7032,4.6332555,4.841789511418705,-0.2085340114187053
7033,4.6518807,4.843227338483291,-0.19134663848329048
7034,4.6706996,4.844688201034247,-0.17398860103424685
7035,4.689694,4.846109989213836,-0.15641598921383615
7036,4.708843,4.847465514982128,-0.13862251498212785
7037,4.7281284,4.848580774307184,-0.1204523743071837
7038,4.747531,4.84965837440439,-0.10212737440438957
7039,4.767031,4.850653161180901,-0.08362216118090071
7040,4.7866087,4.851551892442573,-0.06494319244257252
7041,4.8062453,4.852629064375616,-0.04638376437561664
7042,4.825921,4.853628742023316,-0.02770774202331605
7043,4.845617,4.8544918739464045,-0.008874873946404627
7044,4.865313,4.855195967230295,0.010117032769705325
7045,4.880861,4.855651339614002,0.02520966038599859
7046,4.8726873,4.856182714785378,0.016504585214621947
7047,4.846238,4.85657129024762,-0.010333290247620752
7048,4.80804,4.856789624440017,-0.04874962444001696
7049,4.761472,4.856837562973757,-0.09536556297375665
7050,4.716929,4.856591373702819,-0.13966237370281842
7051,4.640259,4.856304518554604,-0.21604551855460397
7052,4.592514,4.8559175754568695,-0.2634035754568691
7053,4.546911,4.855458891717284,-0.3085478917172839
7054,4.5108423,4.854897632061093,-0.3440553320610924
7055,4.482544,4.8540558280367785,-0.3715118280367786
7056,4.4597983,4.8532410633868395,-0.39344276338683937
7057,4.4398336,4.852414257019952,-0.4125806570199524
7058,4.4266562,4.851512842038887,-0.42485664203888707
7059,4.410952,4.8505149673483405,-0.43956296734834055
7060,4.397098,4.849463358935002,-0.45236535893500207
7061,4.389962,4.848491198210619,-0.458529198210619
7062,4.3872952,4.8474673033521665,-0.46017210335216685
7063,4.386332,4.846401140242821,-0.46006914024282075
7064,4.386333,4.84529816586624,-0.4589651658662408
7065,4.3843756,4.84411548815076,-0.45973988815075995
7066,4.384022,4.8429102050020685,-0.4588882050020686
7067,4.3872843,4.841678506821264,-0.45439420682126386
7068,4.3938413,4.840482005784344,-0.4466407057843442
7069,4.401862,4.839310235618149,-0.43744823561814883
7070,4.4120536,4.838171839149985,-0.4261182391499849
7071,4.4230423,4.837107197662861,-0.41406489766286114
7072,4.4326663,4.836062295406589,-0.4033959954065889
7073,4.4420886,4.835083911098708,-0.39299531109870767
7074,4.4516864,4.834208889102838,-0.38252248910283804
7075,4.463712,4.833401133553648,-0.3696891335536483
7076,4.4653883,4.83269564688741,-0.36730734688740974
7077,4.461537,4.83207626285862,-0.37053926285862016
7078,4.4553285,4.8315702811655825,-0.37624178116558227
7079,4.44723,4.831199863059552,-0.3839698630595514
7080,4.4377093,4.830914009856415,-0.3932047098564153
7081,4.4272346,4.830780262250948,-0.4035456622509477
7082,4.4162726,4.830731034553726,-0.4144584345537261
7083,4.4052916,4.83076727199089,-0.4254756719908901
7084,4.3947587,4.830949623597538,-0.43619092359753875
7085,4.385142,4.831232309430653,-0.44609030943065253
7086,4.376908,4.831749837950165,-0.4548418379501644
7087,4.370525,4.832416033495282,-0.4618910334952826
7088,4.3664603,4.833150628344072,-0.46669032834407176
7089,4.366386,4.833964266211166,-0.4675782662111656
7090,4.3803806,4.834867530052829,-0.4544869300528296
7091,4.393378,4.835930371437522,-0.4425523714375217
7092,4.405519,4.837105699651258,-0.43158669965125807
7093,4.416948,4.838951852489806,-0.422003852489806
7094,4.427806,4.841813782862056,-0.41400778286205586
7095,4.4382358,4.844799911361542,-0.4065641113615417
7096,4.448381,4.847290779334495,-0.39890977933449445
7097,4.4583826,4.849374229640968,-0.39099162964096745
7098,4.468384,4.851583945393683,-0.38319994539368274
7099,4.478527,4.853870960476329,-0.37534396047632956
7100,4.4889545,4.856186654620736,-0.3672321546207362
7101,4.4998093,4.85867888347108,-0.3588695834710798
7102,4.5112333,4.861224043961556,-0.3499907439615564
7103,4.5233693,4.863705052982641,-0.3403357529826412
7104,4.5363593,4.866221207363005,-0.32986190736300536
7105,4.5503464,4.868702644252117,-0.3183562442521177
7106,4.5654726,4.871129329309098,-0.3056567293090984
7107,4.58188,4.873573991842564,-0.29169399184256406
7108,4.599712,4.876100494201618,-0.27638849420161815
7109,4.6191106,4.878529571521623,-0.2594189715216233
7110,4.6402187,4.880865753470482,-0.24064705347048143
7111,4.663179,4.883222722406394,-0.2200437224063938
7112,4.692325,4.8854567180215325,-0.19313171802153217
7113,4.727211,4.887625416593282,-0.16041441659328282
7114,4.7470746,4.889978019882924,-0.14290341988292354
7115,4.7638693,4.89235194734051,-0.12848264734051007
7116,4.773478,4.894570993417924,-0.1210929934179239
7117,4.775128,4.89658298668771,-0.12145498668771015
7118,4.7612414,4.898398338454757,-0.13715693845475663
7119,4.738088,4.9000126570221365,-0.1619246570221362
7120,4.706993,4.90137070412908,-0.19437770412908062
7121,4.671346,4.902561599290588,-0.23121559929058844
7122,4.624476,4.903572492092137,-0.2790964920921377
7123,4.5782123,4.904416356160604,-0.3262040561606039
7124,4.5345263,4.905241866021501,-0.37071556602150135
7125,4.489936,4.905867442335919,-0.4159314423359186
7126,4.4482293,4.906271350979814,-0.458042050979814
7127,4.407353,4.90659638889865,-0.49924338889865005
7128,4.367412,4.90668043657753,-0.5392684365775304
7129,4.331374,4.90669171182942,-0.5753177118294195
7130,4.2947974,4.906525139416309,-0.6117277394163088
7131,4.259732,4.906099027370922,-0.6463670273709221
7132,4.229481,4.905570511027147,-0.676089511027147
7133,4.204183,4.9049067925546215,-0.7007237925546219
7134,4.184211,4.904029949215818,-0.719818949215818
7135,4.166227,4.90295299335541,-0.7367259933554102
7136,4.155678,4.901673031451992,-0.7459950314519919
7137,4.152726,4.9003484024678166,-0.7476224024678162
7138,4.1501465,4.898942089534994,-0.7487955895349945
7139,4.1503067,4.897411701519684,-0.7471050015196843
7140,4.159742,4.895706375812505,-0.7359643758125056
7141,4.1721115,4.893826348411549,-0.7217148484115494
7142,4.1921997,4.891902709925496,-0.6997030099254964
7143,4.2121964,4.889835640279271,-0.6776392402792712
7144,4.2320905,4.887555519995077,-0.6554650199950771
7145,4.2518716,4.885140852044863,-0.6332692520448626
7146,4.2715297,4.882755403757405,-0.6112257037574045
7147,4.291053,4.880326307347986,-0.5892733073479866
7148,4.3104315,4.877806217972983,-0.5673747179729833
7149,4.3296537,4.875316888945595,-0.5456631889455954
7150,4.348711,4.872771580724634,-0.5240605807246341
7151,4.367591,4.870206509358457,-0.5026155093584572
7152,4.3862824,4.867646283427418,-0.4813638834274183
7153,4.404776,4.86503494874446,-0.4602589487444604
7154,4.423061,4.86248808233073,-0.43942708233073
7155,4.441126,4.85998897428445,-0.4188629742844503
7156,4.4589605,4.8575022154714915,-0.39854171547149164
7157,4.4765544,4.855153895730343,-0.37859949573034246
7158,4.4938965,4.8528788774189415,-0.35898237741894157
7159,4.5109763,4.850671491440751,-0.3396951914407511
7160,4.5277834,4.848625109686399,-0.32084170968639913
7161,4.5443063,4.846824500582332,-0.30251820058233214
7162,4.5605354,4.845214000794203,-0.28467860079420326
7163,4.5764594,4.843708310605663,-0.26724891060566325
7164,4.592068,4.8423872003141035,-0.25031920031410326
7165,4.6073503,4.841264210703036,-0.2339139107030359
7166,4.6222954,4.84036472751834,-0.2180693275183403
7167,4.636893,4.839608741296474,-0.2027157412964744
7168,4.6511316,4.838963672881469,-0.18783207288146908
7169,4.665002,4.838596265933293,-0.17359426593329275
7170,4.6784925,4.838451989570039,-0.15995948957003936
7171,4.6915927,4.838498172382528,-0.14690547238252805
7172,4.7042923,4.838688999055971,-0.13439669905597107
7173,4.7165794,4.838855647270042,-0.12227624727004205
7174,4.728445,4.839179617105925,-0.11073461710592536
7175,4.739877,4.8396809389216005,-0.09980393892160055
7176,4.750866,4.840300969031854,-0.08943496903185366
7177,4.7614,4.841039512770969,-0.07963951277096903
7178,4.7714696,4.841894516809919,-0.07042491680991958
7179,4.7810636,4.842897904744427,-0.061834304744426305
7180,4.7901707,4.843990927281497,-0.05382022728149671
7181,4.7987814,4.845143853734865,-0.04636245373486503
7182,4.8068843,4.846325626602993,-0.03944132660299271
7183,4.8144684,4.84754189219411,-0.033073492194110266
7184,4.821524,4.848874388404113,-0.027350388404112635
7185,4.8280396,4.850108554843041,-0.022068954843041055
7186,4.8340054,4.851257343136958,-0.01725194313695866
7187,4.83941,4.852403476242249,-0.012993476242249002
7188,4.8442426,4.853574976237181,-0.00933237623718064
7189,4.848493,4.854835875052596,-0.006342875052595787
7190,4.8521504,4.85602765517161,-0.0038772551716101944
7191,4.8552046,4.857176366589773,-0.0019717665897722725
7192,4.857644,4.858373701473642,-0.0007297014736424856
7193,4.8587723,4.859484356598962,-0.0007120565989620076
7194,4.84468,4.860527568634776,-0.015847568634775655
7195,4.815545,4.861604439951188,-0.046059439951188
7196,4.776038,4.862707897116548,-0.08666989711654782
7197,4.7312546,4.863340953280794,-0.1320863532807941
7198,4.6810837,4.864386231524237,-0.18330253152423648
7199,4.6211996,4.865327722052943,-0.24412812205294365
7200,4.558232,4.865798369003155,-0.3075663690031547
7201,4.495052,4.8660032967663565,-0.3709512967663562
7202,4.4284363,4.8661462726939435,-0.4377099726939431
7203,4.3729224,4.866269761259751,-0.493347361259751
7204,4.33034,4.866422406900349,-0.5360824069003494
7205,4.2927985,4.866479942576204,-0.5736814425762038
7206,4.2581687,4.866469620439552,-0.608300920439552
7207,4.2326074,4.86635272383856,-0.6337453238385597
7208,4.205414,4.866203121779075,-0.6607891217790751
7209,4.1859818,4.866073797132947,-0.6800919971329469
7210,4.168696,4.865901465370435,-0.6972054653704349
7211,4.157232,4.865680999263906,-0.708448999263906
7212,4.1518207,4.865467967912672,-0.7136472679126724
7213,4.155548,4.865251644225786,-0.7097036442257867
7214,4.157718,4.865032761701693,-0.707314761701693
7215,4.169522,4.864787462520882,-0.6952654625208821
7216,4.1898913,4.864550945800693,-0.674659645800693
7217,4.2164865,4.864292551630163,-0.6478060516301625
7218,4.2444153,4.864080620753598,-0.6196653207535983
7219,4.2814713,4.863868226815262,-0.582396926815262
7220,4.3216944,4.8636342673961614,-0.5419398673961613
7221,4.3594275,4.863447262051959,-0.5040197620519589
7222,4.3860626,4.863315519621693,-0.47725291962169347
7223,4.412683,4.863291839539693,-0.4506088395396928
7224,4.4315934,4.863312381454563,-0.431718981454563
7225,4.449996,4.863368133914062,-0.4133721339140628
7226,4.4678955,4.863444831664675,-0.3955493316646752
7227,4.485297,4.863657720082369,-0.37836072008236865
7228,4.5022073,4.8638909692338155,-0.36168366923381523
7229,4.518631,4.864294138773949,-0.34566313877394883
7230,4.5345745,4.8648160638399975,-0.3302415638399978
7231,4.5500426,4.865336302943836,-0.3152937029438361
7232,4.565041,4.865973249319333,-0.3009322493193327
7233,4.579575,4.866735130888281,-0.28716013088828074
7234,4.593651,4.867761325222046,-0.27411032522204604
7235,4.6072736,4.8687682851440055,-0.2614946851440054
7236,4.6204495,4.86959035635018,-0.2491408563501798
7237,4.633182,4.870576485071136,-0.23739448507113625
7238,4.6454782,4.871618991054268,-0.22614079105426743
7239,4.657345,4.8727074128117,-0.21536241281169932
7240,4.6687865,4.873825109065883,-0.20503860906588223
7241,4.679808,4.874849234126902,-0.19504123412690166
7242,4.6904163,4.875840096852686,-0.18542379685268617
7243,4.7006154,4.876667816460989,-0.17605241646098868
7244,4.7104115,4.877307181207327,-0.16689568120732723
7245,4.7198105,4.877762457246055,-0.1579519572460546
7246,4.7288175,4.877933946576716,-0.1491164465767163
7247,4.7374377,4.8777522910371145,-0.1403145910371144
7248,4.745678,4.877110413559577,-0.13143241355957702
7249,4.7535424,4.8760116076608,-0.12246920766080027
7250,4.7610373,4.874345886649791,-0.11330858664979093
7251,4.768168,4.8717695263362195,-0.10360152633621933
7252,4.7749405,4.86839660539001,-0.09345610539001026
7253,4.7813597,4.864296438589238,-0.08293673858923789
7254,4.7874312,4.859337344095507,-0.07190614409550644
7255,4.793161,4.8531625294061485,-0.06000152940614889
7256,4.7985544,4.845660935849645,-0.04710653584964497
7257,4.803617,4.8372068260020935,-0.03358982600209348
7258,4.8083544,4.827436664342347,-0.019082264342347166
7259,4.8127723,4.816008621257682,-0.003236321257682029
7260,4.8168755,4.803200093485376,0.013675406514623845
7261,4.8206706,4.7894839921648975,0.031186607835102187
7262,4.824162,4.7750067131367,0.04915528686330006
7263,4.8273563,4.759057782461273,0.06829851753872695
7264,4.830259,4.741516754622092,0.08874224537790809
7265,4.832875,4.722938226266791,0.10993677373320843
7266,4.83521,4.703435865500292,0.13177413449970832
7267,4.8372693,4.6831173098639,0.15415199013609993
7268,4.8390594,4.66218078747745,0.17687861252255033
7269,4.840585,4.640926057113219,0.19965894288678054
7270,4.8418527,4.619474579699361,0.22237812030063875
7271,4.8428664,4.598116419454619,0.24474998054538144
7272,4.843633,4.577144362897623,0.2664886371023769
7273,4.8441577,4.5566785272215125,0.2874791727784878
7274,4.8444457,4.537071405823162,0.3073742941768378
7275,4.835799,4.518616303363823,0.31718269663617704
7276,4.7875967,4.50162799467586,0.28596870532414
7277,4.73241,4.486433529106871,0.24597647089312868
7278,4.6779394,4.4731214846371214,0.2048179153628782
7279,4.6244483,4.462048137195252,0.16240016280474823
7280,4.583242,4.45337558073237,0.1298664192676302
7281,4.538242,4.4472461184411385,0.09099588155886185
7282,4.505564,4.443799516952384,0.06176448304761539
7283,4.480035,4.44314299006388,0.036892009936120296
7284,4.480755,4.445460148008337,0.03529485199166338
7285,4.4826617,4.450537645679875,0.03212405432012577
7286,4.4856877,4.458418567542413,0.027269132457586664
7287,4.4897685,4.469212668375112,0.020555831624887944
7288,4.49483,4.48262044607806,0.012209553921940675
7289,4.500808,4.498589849930411,0.002218150069588809
7290,4.5076337,4.517055839922363,-0.009422139922362405
7291,4.51524,4.537800373249169,-0.02256037324916882
7292,4.523559,4.560615626574235,-0.03705662657423492
7293,4.5325236,4.585232740618527,-0.05270914061852672
7294,4.542065,4.611349902367263,-0.06928490236726326
7295,4.552117,4.639158711208849,-0.08704171120884929
7296,4.56261,4.668658939563468,-0.10604893956346739
7297,4.5734777,4.699603473822783,-0.12612577382278367
7298,4.58719,4.731707942013474,-0.1445179420134748
7299,4.6029444,4.764865344162816,-0.16192094416281577
7300,4.6179614,4.79893572878938,-0.1809743287893797
7301,4.632259,4.8337640620862565,-0.20150506208625618
7302,4.6458545,4.869004188031939,-0.22314968803193835
7303,4.658766,4.904474919263172,-0.24570891926317184
7304,4.671011,4.939931551405385,-0.26892055140538496
7305,4.6826067,4.975094324184376,-0.2924876241843757
7306,4.693572,5.009624164762026,-0.31605216476202624
7307,4.703923,5.042769878837571,-0.3388468788375718
7308,4.7136784,5.0741575913580315,-0.3604791913580314
7309,4.7228556,5.1024147190253215,-0.3795591190253216
7310,4.731472,5.1280144983499625,-0.39654249834996236
7311,4.739546,5.152212460496271,-0.4126664604962711
7312,4.7470946,5.175910711998413,-0.4288161119984135
7313,4.754135,5.200508301446689,-0.4463733014466893
7314,4.760686,5.222519125126485,-0.46183312512648556
7315,4.7667646,5.240684194402807,-0.4739195944028065
7316,4.772389,5.25759143148461,-0.48520243148460995
7317,4.777576,5.276120719430265,-0.49854471943026546
7318,4.782344,5.320673928410315,-0.5383299284103149
7319,4.7867103,5.354658030834942,-0.5679477308349421
7320,4.7906923,5.3542456593802195,-0.5635533593802196
7321,4.794308,5.353650446343973,-0.5593424463439733
7322,4.7975755,5.352816902888733,-0.5552414028887336
7323,4.800512,5.351680939825963,-0.5511689398259625
7324,4.803135,5.350170464774752,-0.5470354647747522
7325,4.8054624,5.348206366698614,-0.5427439666986142
7326,4.8075113,5.345703855134628,-0.5381925551346285
7327,4.8093004,5.34257410719734,-0.5332737071973401
7328,4.810847,5.338726166677556,-0.5278791666775557
7329,4.812168,5.334069034269275,-0.5219010342692751
7330,4.813282,5.32851388332299,-0.5152318833229899
7331,4.814206,5.321976329539737,-0.5077703295397367
7332,4.8149586,5.31437867602788,-0.49942007602788063
7333,4.815556,5.305652049889129,-0.4900960498891287
7334,4.816017,5.295738346655509,-0.47972134665550836
7335,4.8163595,5.284591907133668,-0.46823240713366854
7336,4.8166,5.272180867928314,-0.45558086792831354
7337,4.8167567,5.258488150106444,-0.44173145010644443
7338,4.816848,5.243512076456183,-0.42666407645618243
7339,4.8168902,5.227266632362786,-0.41037643236278676
7340,4.81683,5.209781404773207,-0.392951404773207
7341,4.8212256,5.191101245688331,-0.36987564568833076
7342,4.8208923,5.17128571044144,-0.35039341044144034
7343,4.8234243,5.150408317575827,-0.3269840175758265
7344,4.823933,5.128555668304848,-0.3046226683048481
7345,4.8216834,5.105826451494597,-0.2841430514945964
7346,4.808436,5.0823303468797745,-0.2738943468797741
7347,4.7836347,5.058186826741597,-0.2745521267415967
7348,4.7542944,5.0335238465347105,-0.2792294465347105
7349,4.723321,5.00847640980685,-0.2851554098068494
7350,4.6974587,4.983184993390925,-0.28572629339092437
7351,4.678448,4.957793825025408,-0.2793458250254073
7352,4.661921,4.932449014973508,-0.2705280149735074
7353,4.6465693,4.907296552135136,-0.26072725213513603
7354,4.6325946,4.882480181031037,-0.24988558103103742
7355,4.6215405,4.858139180006203,-0.2365986800062032
7356,4.61364,4.834406067515862,-0.22076606751586159
7357,4.603413,4.811404277279573,-0.20799127727957334
7358,4.597813,4.789245866377029,-0.1914328663770286
7359,4.5894394,4.768029350419746,-0.17858995041974612
7360,4.58314,4.7478377901577735,-0.1646977901577733
7361,4.5754676,4.728737275770993,-0.1532696757709937
7362,4.565829,4.7107759608954565,-0.14494696089545656
7363,4.549626,4.693983783316043,-0.14435778331604343
7364,4.5265417,4.678372972480921,-0.151831272480921
7365,4.5017405,4.663939388955581,-0.16219888895558032
7366,4.4799094,4.650664674278225,-0.1707552742782248
7367,4.464275,4.638519119868537,-0.17424411986853716
7368,4.453916,4.6274650993949225,-0.17354909939492202
7369,4.4500275,4.6174608579053755,-0.1674333579053755
7370,4.4514947,4.608464418536757,-0.15696971853675734
7371,4.4579926,4.600437356567252,-0.14244475656725175
7372,4.467837,4.593348201115542,-0.12551120111554148
7373,4.4788957,4.587175254706142,-0.10827955470614192
7374,4.4906793,4.581908666206559,-0.09122936620655864
7375,4.5023165,4.5775516481056435,-0.07523514810564347
7376,4.513803,4.574120788648953,-0.060317788648952764
7377,4.5251336,4.581880861403717,-0.056747261403717
7378,4.536305,4.5911316663493045,-0.05482666634930489
7379,4.5473113,4.59281688909223,-0.04550558909223046
7380,4.5581493,4.5957657248442185,-0.037616424844218344
7381,4.568814,4.6001307195443095,-0.03131671954430981
7382,4.5793004,4.605957733524269,-0.0266573335242688
7383,4.589605,4.613418829884493,-0.02381382988449321
7384,4.599723,4.6223812385797025,-0.022658238579702505
7385,4.609649,4.632852216741807,-0.023203216741807253
7386,4.61938,4.644626619530601,-0.025246619530601144
7387,4.6289105,4.658263631112337,-0.029353131112337394
7388,4.6382365,4.67376718401649,-0.03553068401649018
7389,4.647353,4.689788135230977,-0.04243513523097686
7390,4.656256,4.70682978753391,-0.050573787533910064
7391,4.6649413,4.725191010917709,-0.060249710917709365
7392,4.6734037,4.744318352279055,-0.07091465227905491
7393,4.681639,4.763127793119146,-0.08148879311914659
7394,4.689643,4.780405399767214,-0.09076239976721379
7395,4.697411,4.797283925306666,-0.09987292530666636
7396,4.7049384,4.814162300949637,-0.10922390094963763
7397,4.7122207,4.831657237790387,-0.11943653779038765
7398,4.7192535,4.849637478742564,-0.13038397874256447
7399,4.7260323,4.873876688498537,-0.14784438849853743
7400,4.7325525,4.895716213980064,-0.16316371398006435
7401,4.7388105,4.9093433036825935,-0.17053280368259394
7402,4.7448006,4.920277518564873,-0.17547691856487369
7403,4.7505193,4.930018044865877,-0.17949874486587714
7404,4.755961,4.938777587280153,-0.18281658728015326
7405,4.761122,4.946243706941192,-0.18512170694119146
7406,4.7659984,4.952171557381546,-0.18617315738154616
7407,4.770584,4.95598527466351,-0.18540127466350942
7408,4.774876,4.958421682406071,-0.18354568240607083
7409,4.778869,4.959662056290656,-0.18079305629065612
7410,4.7825594,4.95870209597408,-0.17614269597407972
7411,4.7859416,4.955687174014269,-0.16974557401426882
7412,4.7890115,4.951170759194052,-0.16215925919405194
7413,4.7917647,4.945219303702811,-0.15345460370281128
7414,4.794197,4.938208607428194,-0.14401160742819474
7415,4.7963037,4.932873511688646,-0.1365698116886458
7416,4.7980804,4.926134962148761,-0.128054562148761
7417,4.7995224,4.916125027501167,-0.1166026275011669
7418,4.8006253,4.905448968091623,-0.10482366809162258
7419,4.801385,4.894518664771531,-0.09313366477153107
7420,4.801796,4.883282848382571,-0.08148684838257036
7421,4.8035846,4.874936590232154,-0.071351990232154
7422,4.802402,4.880812991806969,-0.07841099180696887
7423,4.7968802,4.878881008939985,-0.08200080893998507
7424,4.7897196,4.858035471573857,-0.06831587157385766
7425,4.78935,4.837980027194167,-0.04863002719416709
7426,4.7851205,4.8187747937913565,-0.03365429379135687
7427,4.7722692,4.800467599303602,-0.028198399303601462
7428,4.7529993,4.783094428470658,-0.030095128470658317
7429,4.739918,4.766680049941201,-0.026762049941201127
7430,4.727975,4.751238784726815,-0.023263784726815118
7431,4.7229514,4.736775377090941,-0.013823977090940964
7432,4.7167783,4.723285930733849,-0.00650763073384919
7433,4.722468,4.710758876563667,0.011709123436332902
7434,4.7118826,4.699175943099578,0.01270665690042172
7435,4.7115183,4.688513106143365,0.02300519385663513
7436,4.7062225,4.678741500204167,0.027480999795833405
7437,4.697915,4.669828279704401,0.02808672029559922
7438,4.6899786,4.661737422768342,0.0282411772316582
7439,4.6732154,4.654430474100168,0.018784925899832494
7440,4.664286,4.647867225990298,0.016418774009701487
7441,4.6488366,4.642006337928109,0.006830262071891191
7442,4.633109,4.636805895868091,-0.0036968958680905217
7443,4.612331,4.632223912189817,-0.01989291218981659
7444,4.599238,4.628218767104956,-0.02898076710495623
7445,4.584449,4.6247495919423365,-0.04030059194233626
7446,4.5680823,4.621776594560348,-0.0536942945603478
7447,4.557833,4.633983893594819,-0.07615089359481964
7448,4.5471725,4.6471081682629904,-0.09993566826299016
7449,4.51989,4.648623539531133,-0.1287335395311331
7450,4.494462,4.651983395870588,-0.1575213958705879
7451,4.466418,4.656428378736742,-0.19001037873674242
7452,4.431512,4.657776117744715,-0.2262641177447149
7453,4.386567,4.658350607257447,-0.2717836072574471
7454,,4.6600505300190616,
7455,,4.662145696671497,
7456,,4.664342381255846,
7457,,4.667003634177799,
7458,,4.669917347032452,
7459,,4.673076966168135,
7460,,4.675837252051562,
7461,,4.677812459764556,
7462,,4.678814463536346,
7463,,4.679895402965695,
7464,,4.681273683904692,
7465,,4.682651603894881,
7466,,4.686091241133861,
7467,,4.689191303785377,
7468,,4.690417223497575,
7469,,4.691407384539952,
7470,,4.692384004504334,
7471,,4.693991214484313,
7472,,4.695399601143823,
7473,,4.696719940028161,
7474,,4.698075817139261,
7475,,4.699102729790757,
7476,,4.700325345944789,
7477,,4.701591094824751,
7478,,4.702694316855652,
7479,,4.703730214535834,
7480,,4.704272014668182,
7481,,4.704377165400576,
7482,,4.703991452337951,
7483,,4.7034801517897575,
7484,,4.703249800762464,
7485,,4.7035350362267945,
7486,,4.703602165808582,
7487,,4.702753335595237,
7488,,4.701445118629724,
7489,,4.700281664540302,
7490,,4.698915748306223,
7491,,4.697676969021227,
7492,,4.696564915817913,
7493,,4.695564693072476,
7494,,4.694936963221909,
7495,,4.69464607137859,
7496,,4.694827744530839,
7497,,4.6953723306868955,
7498,,4.696480632756498,
7499,,4.698043846779464,
