,parameterName,value
0,r,0.7716099880141196
1,rmse,0.6751746431554781
2,n_luminance,5.0
3,tmax_luminance,0.17263169663158212
4,n_contrast,5.000180963170958
5,tmax_contrast,0.43448428822364227
6,weight_contrast,0.2766230936778181
7,regional_weight1,1.0
8,regional_weight2,0.10351361118009073
9,regional_weight3,1.8129928506594553
10,regional_weight4,0.27127219296123706
11,regional_weight5,0.5222366248007861
12,regional_weight6,6.4373262188604095e-06
